nombre perfil,url perfil,candidato identificado,creación del perfil,seguidores,seguidos,fecha post,tipo de post,url post,comparticiones,comentarios,reacciones en total,me gusta,me encanta,me divierte,me entristece,me sorprende,me enoja,me importa,contenido
Juventudes Liberales Bolivia ,https://www.facebook.com/juventudliberalbolivia,no,2021-02-20,2400,144,2025-07-04,post,https://www.facebook.com/share/p/1AkMnij2UP/,1,0,2,2,0,0,0,0,0,0,Hay competencias q no se delegan y sin exclusivas de las diferentes instituciones y poderes.
Juventudes Liberales Bolivia ,https://www.facebook.com/juventudliberalbolivia,no,2021-02-20,2400,144,2025-07-04,post,https://www.facebook.com/share/p/1Am72ZvcPC/,0,0,3,3,0,0,0,0,0,0,
Juventudes Liberales Bolivia ,https://www.facebook.com/juventudliberalbolivia,no,2021-02-20,2400,144,2025-07-06,post,https://www.facebook.com/share/p/15ofG3xwvV/,0,0,4,3,1,0,0,0,0,0,"Bolivia es un país que tiene misses mas capacitadas que agentes del gobierno.
Fácilmente le daría mi voto a ella antes q a cualquiera de los neandertales q tenemos en el Parlamento."
Juventudes Liberales Bolivia ,https://www.facebook.com/juventudliberalbolivia,no,2021-02-20,2400,144,2025-07-06,post,https://www.facebook.com/share/p/19cjRc9jf9/,8,0,7,7,0,0,0,0,0,0,"El potencial boliviano esta limitado por el estado boliviano.
Es la unica razon q se me ocurre para explicar xq los bolivianos somos exitosos en todos los países menos … Ver más"
