nombre perfil,url perfil,creación del perfil,seguidores,seguidos,fecha post,url post,comparticiones,reacciones en total,me gusta,me encanta,me divierte,me entristece,me sorprende,me enoja,me importa,contenido
María Patricia Arce,https://www.facebook.com/PatriciaArceSitioOficial,2020-03-24,32000,17,2025-05-16,https://www.facebook.com/share/p/1AfHAqRjMj/,7,77,38,1,6,30,1,1,0,"Condenamos una vez más la represión al pueblo por parte del gobierno de Luis Arce, no es admisible que no se respete una movilización pacífica, la que demanda respeto a… Ver más"
María Patricia Arce,https://www.facebook.com/PatriciaArceSitioOficial,2020-03-24,32000,17,2025-05-17,https://www.facebook.com/share/p/1BparCc4Lq/,3,21,20,0,0,0,1,0,0,¡Esta cuenta es FALSA y está usurpando mi identidad!… Ver más
María Patricia Arce,https://www.facebook.com/PatriciaArceSitioOficial,2020-03-24,32000,17,2025-05-18,https://www.facebook.com/share/p/1FpxaP5X4T/,2,21,21,0,0,0,0,0,0,"Es una pena que personas maliciosas, continúen con el desprestigio a mi persona, utilizando cuentas falsas que suplantan mi identidad, y difundiendo información errónea… Ver más"
María Patricia Arce,https://www.facebook.com/PatriciaArceSitioOficial,2020-03-24,32000,17,2025-05-20,https://www.facebook.com/share/v/16dxrZdg8i/,0,17,12,0,1,1,0,3,0,"Hoy participé en la 120ª sesión del Senado, donde junto a mis colegas aprobamos importantes leyes que responden a las necesidades del pueblo boliviano: declaramos prior… Ver más"
María Patricia Arce,https://www.facebook.com/PatriciaArceSitioOficial,2020-03-24,32000,17,2025-05-21,https://www.facebook.com/share/v/16VqKYPKcH/,0,17,14,2,1,0,0,0,0,"Hoy participé en la 121ª Sesión Ordinaria de la Cámara de Senadores, donde aprobamos 7 leyes y 8 homenajes que reflejan nuestro compromiso con el desarrollo y la identi… Ver más"
