nombre perfil,url perfil,snapshot_date,creación del perfil,candidato identificado,seguidores,seguidos,fecha post,tipo de post,url post,comparticiones,comentarios,reacciones en total,me gusta,me encanta,me divierte,me entristece,me sorprende,me enoja,me importa,contenido
CINTIA MONICA PUERTA CAMPOS,https://www.facebook.com/cintiamonica.puertacampos,2025-07-23,,no,0,0,2025-07-16,reel,/reel/1413869046503131/?s=single_unit&__cft__[0]=AZWkYzzZpVE-jz9nfpFzCask_5lfIntimptt3rFvrBUQr6_gA2cg6hzX_Ef9l3SpPhE7Xop0bJyaA0mLbg4B6RnpcqE9sP4H6znWhIidlkp1NmVlcOZApEpfG-qj3oSVXP2T9ZCyNsrj7FmoxfJosFTqMJKcVTza5CKQVTrkFQJYUhaQNh5ANnTY6sildSUTXws&__tn__=H-R,0,0,0,0,0,0,0,0,0,0,
CINTIA MONICA PUERTA CAMPOS,https://www.facebook.com/cintiamonica.puertacampos,2025-07-23,,no,0,0,2025-07-17,post,https://www.facebook.com/share/p/1ArdosR8na/,12,0,17,8,0,0,9,0,0,0,"Ayudemos a compartir es mi sobrina!  Dios quiera que aparezca sana y salva, amén!"
CINTIA MONICA PUERTA CAMPOS,https://www.facebook.com/cintiamonica.puertacampos,2025-07-23,,no,0,0,2025-07-17,post,https://www.facebook.com/share/v/18zYyHcHY6/,0,0,2,0,0,0,0,0,0,0,"Muy buena explicación, es nuestra mejor opción, votar por una Bolivia llena de bienestar para todos. Rodrigo Paz Pereira Presidente y Capitán Lara Vicepresidente una dupla del pueblo. Viva Bolivia!!! Y viva Pando!!!"
CINTIA MONICA PUERTA CAMPOS,https://www.facebook.com/cintiamonica.puertacampos,2025-07-23,,no,0,0,2025-07-17,post,https://www.facebook.com/share/p/1BUvSMQHfp/,0,1,11,6,4,0,0,0,0,1,"Ya apareció mi sobrina!!! Sana y salva, gracias a Dios!!!"
CINTIA MONICA PUERTA CAMPOS,https://www.facebook.com/cintiamonica.puertacampos,2025-07-23,,no,0,0,2025-07-18,post,https://www.facebook.com/share/p/1EFvcWnCpf/,0,0,12,11,1,0,0,0,0,0,"Les presento a la señora Aidia Luz, candidata 2da diputada titular Plurinomimal de Pando  del PDC : Es una mujer guerrera, tiene la discapacidad visual, y pese a su condición salio profesional de Abogado de la Universidad Amazónica de Pando, es una madre ejemplar que saca sola a sus hijos adelante y con dignidad, ella representará como inclusión a los sectores vulnerables que son personas con discapacidad, con ella tendrán la vos de representación en el parlamento, trabajando… Ver más"
CINTIA MONICA PUERTA CAMPOS,https://www.facebook.com/cintiamonica.puertacampos,2025-07-23,,no,0,0,2025-07-21,post,https://www.facebook.com/share/p/1BzMDMpzN6/,2,6,22,0,0,0,0,0,0,0,"Desde el Viernes nos fuimos una avanzada al municipio de Filadelfia, llegamos hasta la comunidad El Chive, desde ai partimos hasta Cobija, nos faltó tiempo para ingresar a más  comunidades, regresaremos, gracias a quienes nos recibieron y nos escucharon las propuesta del Binomio del pueblo Rodrigo Paz Pereira Presidente y Edman Lara Montaño Vicepresidente, estamos seguros que ganaremos, sus votos serán por una Bolivia digna, sin corrupción, de bienestar y progreso para todos.… Ver más"
CINTIA MONICA PUERTA CAMPOS,https://www.facebook.com/cintiamonica.puertacampos,2025-07-23,,no,0,0,2025-07-22,post,https://www.facebook.com/share/v/1Heqg3Peay/,4,5,11,7,4,0,0,0,0,0,"Aquí, gente nueva, con propósito de representar al Departamento Pando, con Rodrigo Paz Pereira  Presidente y Edman Lara Vicepresidente, Bolivia nos necesita!!! Viva Pando!!"
CINTIA MONICA PUERTA CAMPOS,https://www.facebook.com/cintiamonica.puertacampos,2025-07-30,,no,0,0,2025-07-22,post,https://www.facebook.com/share/v/1AxGKJDc41/,9,5,14,9,5,0,0,0,0,0,"Aquí, gente nueva, con propósito de representar al Departamento Pando, con Rodrigo Paz Pereira  Presidente y Edman Lara Vicepresidente, Bolivia nos necesita!!! Viva Pando!!"
CINTIA MONICA PUERTA CAMPOS,https://www.facebook.com/cintiamonica.puertacampos,2025-07-30,,no,0,0,2025-07-22,post,https://www.facebook.com/share/v/16rd5zRT2k/,5,2,17,12,5,0,0,0,0,0,"Y más candidatos por nuestro Departamento Pando, gente comprometida que estaremos para levantar la mano por el  progreso y bienestar de todos. Rodrigo Paz Pereira Presidente Capitán Edman Lara Vicepresidente, unidos con el voto para vivir un cambio rotundo y nuestra Bolivia  vista internacionalmente sin corrupción. Viva Bolivia!!! y Viva Pando !!!!!"
CINTIA MONICA PUERTA CAMPOS,https://www.facebook.com/cintiamonica.puertacampos,2025-07-23,,no,0,0,2025-07-22,post,https://www.facebook.com/share/v/1ARnfkax9N/,4,1,8,5,3,0,0,0,0,0,"Y más candidatos por nuestro Departamento Pando, gente comprometida que estaremos para levantar la mano por el  progreso y bienestar de todos. Rodrigo Paz Pereira Presidente Capitán Edman Lara Vicepresidente, unidos con el voto para vivir un cambio rotundo y nuestra Bolivia  vista internacionalmente sin corrupción. Viva Bolivia!!! y Viva Pando !!!!!"
CINTIA MONICA PUERTA CAMPOS,https://www.facebook.com/cintiamonica.puertacampos,2025-07-30,,no,0,0,2025-07-27,post,https://www.facebook.com/share/v/1FHvfVgdeB/,1,0,7,5,2,0,0,0,0,0,"Sábado 26 Julio, se llevo acabo un ampliado y presentación de candidatos, con la exposicion de las propuestas, en el municipio de Filadelfia, hicimos parte como Partido Demócratas Cristiano, invitación por parte de la Central Campesina del municipio de Filadelfia, posteriormente hicimos un recorrido a diferentes casas de moradores haciendoles conocer nuestras propuestas del Binomio del Pueblo Rodrigo Paz Pereira Presidente y Edman Lara Vicepresidente. Viva Bolivia y viva Pando!!!!"
CINTIA MONICA PUERTA CAMPOS,https://www.facebook.com/cintiamonica.puertacampos,2025-08-06,,no,0,0,2025-08-01,post,https://www.facebook.com/share/v/19cDwDSY3U/,3,0,4,4,0,0,0,0,0,0,"Hoy Viernes 1ro de Agosto visitamos a dos barrios Tunari y Bahia, presentadoles nuestras propuestas de Rodrigo Paz Pereira Presidente y Capitan Lara Vicepresidente, gracias por escucharnos y tengo la plena seguridad que ellos votaran de corazón, a ganar!!!! Dios al comando!"
CINTIA MONICA PUERTA CAMPOS,https://www.facebook.com/cintiamonica.puertacampos,2025-08-06,,no,0,0,2025-08-01,post,https://www.facebook.com/share/v/1AiRzyHHH1/,0,0,4,3,0,1,0,0,0,0,"Capitan Lara siempre dice la verdad, escuchen!"
CINTIA MONICA PUERTA CAMPOS,https://www.facebook.com/cintiamonica.puertacampos,2025-08-06,,no,0,0,2025-08-02,post,https://www.facebook.com/share/p/15sY87cuuE/,0,0,1,1,0,0,0,0,0,0,"A sumar y sumar, vamos hermanos Bolivianos, apoyemos con el corazón al binomio Rodrigo Paz Pereira  y Edman Lara. Por un futuro mejor, vista ante el mundo sin corrupción."
CINTIA MONICA PUERTA CAMPOS,https://www.facebook.com/cintiamonica.puertacampos,2025-08-06,,no,0,0,2025-08-03,post,https://www.facebook.com/share/p/1aKHWWd2JJ/,2,0,10,6,4,0,0,0,0,0,"El dia Sabado 2 de Agosto, fuimos al barrio Perla del Acre y a un Sindicato Jose Manuel Pando, a difundir y hablar de nuestras propuestas, buena aceptacion, con Paz y Lara Presidentes. Vamos a sumar y ganar!!!! Votar con sentimiento por una Bolivia sin corrupción y prosperidad para cada Departamento de Bolivia."
CINTIA MONICA PUERTA CAMPOS,https://www.facebook.com/cintiamonica.puertacampos,2025-08-06,,no,0,0,2025-08-05,post,https://www.facebook.com/share/p/1CWZGV3Vyd/,0,0,4,4,0,0,0,0,0,0,"Rodrigo Paz Pereira y Edman Lara , Serán ganadores, y nosotros también porque el pueblo lo eligira, Bolivia ganará!!!"
CINTIA MONICA PUERTA CAMPOS,https://www.facebook.com/cintiamonica.puertacampos,2025-08-06,,no,0,0,2025-08-05,post,https://www.facebook.com/share/p/16mctgdfjK/,0,0,0,0,0,0,0,0,0,0,Con eu dona valdeci – ¡Me acaban de reconocer como uno de sus fans destacados! 
CINTIA MONICA PUERTA CAMPOS,https://www.facebook.com/cintiamonica.puertacampos,2025-08-06,,no,0,0,2025-08-05,post,https://www.facebook.com/share/p/16QD4WQYNY/,1,0,2,1,1,0,0,0,0,0,Escuchen mujeres del hogar!!! Mujeres valeroras!! Votemos por Rodrigo Paz Pereira Presidente y Edman Lara Vicepresidente.
CINTIA MONICA PUERTA CAMPOS,https://www.facebook.com/cintiamonica.puertacampos,2025-08-06,,no,0,0,2025-08-06,post,https://www.facebook.com/share/1BBRH7NPnR/,0,0,1,0,0,0,0,0,0,0,
CINTIA MONICA PUERTA CAMPOS,https://www.facebook.com/cintiamonica.puertacampos,2025-08-06,,no,0,0,2025-08-06,post,https://www.facebook.com/share/p/1FJ2xXkgZ8/,0,1,14,10,4,0,0,0,0,0,"Conmemorando la independencia de nuestra Amada Patria. Felicidades Bolivia! Por tus 200 años ""Bicentenario"" viva mi patria Bolivia!!!"
