nombre perfil,url perfil,candidato identificado,creación del perfil,seguidores,seguidos,fecha post,tipo de post,url post,comparticiones,comentarios,reacciones en total,me gusta,me encanta,me divierte,me entristece,me sorprende,me enoja,me importa,contenido
Susana Bejarano,https://www.facebook.com/profile.php?id=772515640,no,2007-02-23,7800,0,2025-06-01,post,https://www.facebook.com/share/p/16ZUG4Wviy/,14,32,132,100,1,26,1,2,1,1,Algunos datos relevantes de la encuesta presentada hoy en UNITEL:… Ver más
Susana Bejarano,https://www.facebook.com/profile.php?id=772515640,no,2007-02-23,7800,0,2025-06-02,post,https://www.facebook.com/share/p/18zZ13qmL3/,1,10,47,40,0,5,0,2,0,0,"La carta de presentación de Manfred fue su capacidad de administrar el municipio de Cochabamba, una ciudad linda, limpia, asfaltada, etc. En el último mes, todas las te… Ver más"
Susana Bejarano,https://www.facebook.com/profile.php?id=772515640,no,2007-02-23,7800,0,2025-06-02,post,https://www.facebook.com/share/p/1F3SwVfnzt/,10,58,106,95,2,9,1,0,0,0,"El 2,3% del MAS producto no solo de la canibalización interna. También es producto de la realidad. No se puede sostener un partido político que hoy es considerado el re… Ver más"
Susana Bejarano,https://www.facebook.com/profile.php?id=772515640,no,2007-02-23,7800,0,2025-06-02,post,https://www.facebook.com/share/p/1CDGkVSLRr/,2,18,77,57,0,6,0,2,12,0,"La sinvergüenzura de Hurtado es mayor, este individuo y su banda han lastimado la democracia tanto que habrá consecuencias."
Susana Bejarano,https://www.facebook.com/profile.php?id=772515640,no,2007-02-23,7800,0,2025-06-03,post,https://www.facebook.com/share/p/15qo494RBw/,2,9,61,42,0,11,0,1,7,0,"Peter Beckhauser se ha vuelto un incordio para el sistema político, lo increíble es que tribunales de toda especie den cabida a todo esto, que más parece un gesto de de… Ver más"
Susana Bejarano,https://www.facebook.com/profile.php?id=772515640,no,2007-02-23,7800,0,2025-06-04,post,https://www.facebook.com/susana.bejarano.823771/posts/pfbid02hrTDLNYr6wUVpqdVjvjkPYJ9MZwgDwRsUJUk7PKCHMAmRgfpmFxVo6XWiAWuLjnMl,4,69,51,41,2,4,0,1,3,0,"¿Qué hay detrás de la movilización?
BRONCA
Sigan ustedes..."
Susana Bejarano,https://www.facebook.com/profile.php?id=772515640,no,2007-02-23,7800,0,2025-06-09,post,https://www.facebook.com/share/p/1CRWTgdPr9/,4,14,29,11,0,0,2,8,8,0,"Las filas por la gasolina en La Paz son perturbadoras. No se puede vivir sabiendo en cuando tu tanque se acabe te toca programar 7 a 14 horas de tu vida en una cola. 
S… Ver más"
