nombre perfil,url perfil,creación del perfil,seguidores,seguidos,fecha post,url post,comparticiones,reacciones en total,me gusta,me encanta,me divierte,me entristece,me sorprende,me enoja,me importa,contenido
LORENA ANAIZ PEREZ DAVALOS,https://www.facebook.com/lorena.a.davalos,2008-05-14,7000,0,2025-06-01,https://www.facebook.com/share/p/16gf1xXLjW/,0,,0,0,0,0,0,0,0,
LORENA ANAIZ PEREZ DAVALOS,https://www.facebook.com/lorena.a.davalos,2008-05-14,7000,0,2025-06-02,https://www.facebook.com/share/p/1AgU8KKQMn/,0,,0,0,0,0,0,0,0,
LORENA ANAIZ PEREZ DAVALOS,https://www.facebook.com/lorena.a.davalos,2008-05-14,7000,0,2025-06-02,https://www.facebook.com/share/p/1Au4RX6c2b/,0,,0,0,0,0,0,0,0,Diana Olga Pasten Duran 
LORENA ANAIZ PEREZ DAVALOS,https://www.facebook.com/lorena.a.davalos,2008-05-14,7000,0,2025-06-02,https://www.facebook.com/share/p/16RrZMnqhu/,1,,3,0,0,0,0,0,0,
