nombre perfil,url perfil,snapshot_date,creación del perfil,candidato identificado,seguidores,seguidos,fecha post,tipo de post,url post,comparticiones,comentarios,reacciones en total,me gusta,me encanta,me divierte,me entristece,me sorprende,me enoja,me importa,contenido
DIANA ROCIO ROSALES MAMANI,https://www.facebook.com/diana.mamani.967,2025-06-05,,sí,711,0,2025-01-08,post,https://www.facebook.com/share/p/1AcvTyfp8P/,0,0,2,0,0,2,0,0,0,0,
DIANA ROCIO ROSALES MAMANI,https://www.facebook.com/diana.mamani.967,2025-06-05,,sí,711,0,2025-01-22,post,https://www.facebook.com/share/p/1AaP3EScWt/,0,0,4,1,3,0,0,0,0,0,
DIANA ROCIO ROSALES MAMANI,https://www.facebook.com/diana.mamani.967,2025-06-05,,sí,711,0,2025-01-22,post,https://www.facebook.com/share/p/1CFCnTMXiK/,0,0,2,2,0,0,0,0,0,0,
DIANA ROCIO ROSALES MAMANI,https://www.facebook.com/diana.mamani.967,2025-06-05,,sí,711,0,2025-02-27,post,https://www.facebook.com/share/p/1CFkfPnG1Z/,0,0,1,0,1,0,0,0,0,0,
DIANA ROCIO ROSALES MAMANI,https://www.facebook.com/diana.mamani.967,2025-06-05,,sí,711,0,2025-03-09,post,https://www.facebook.com/share/p/16nxNcRKEK/,0,0,1,0,1,0,0,0,0,0,
DIANA ROCIO ROSALES MAMANI,https://www.facebook.com/diana.mamani.967,2025-06-05,,sí,711,0,2025-03-25,reel,/reel/2761738703998375/?s=single_unit&__cft__[0]=AZU8JHvz7JWsDTB4NiMgkvt6fGWbydZETnO2YpBlXcn_huz0Ex_2rCoBjQNh6IaHSNUL_9hxaLNEVlHEa6chknj3Og34mQv5nOt0Be4wtiB4rAF68eu4i4xbwPzynU0CWD_r0eLQ05we1VmxUQ78yA8Nf4dxuhdHYylZ3wEscWoWX_A3tka4cKQelbrJuZdoObI&__tn__=H-R,0,0,0,0,0,0,0,0,0,0,
DIANA ROCIO ROSALES MAMANI,https://www.facebook.com/diana.mamani.967,2025-06-05,,sí,711,0,2025-03-30,post,https://www.facebook.com/share/p/1CK7cXjEU7/,0,0,1,1,0,0,0,0,0,0,
DIANA ROCIO ROSALES MAMANI,https://www.facebook.com/diana.mamani.967,2025-06-05,,sí,711,0,2025-04-02,post,https://www.facebook.com/share/p/1DEyT88VCh/,0,0,2,1,1,0,0,0,0,0,
DIANA ROCIO ROSALES MAMANI,https://www.facebook.com/diana.mamani.967,2025-06-05,,sí,711,0,2025-04-10,post,https://www.facebook.com/diana.mamani.967/posts/pfbid0nf3djBwUmcGKT9eEBEUxFAyKmGVL6WxYX6w4XQnMJuBNhdLNUWkBmtBmqSSnWrJsl,0,0,0,0,0,0,0,0,0,0,
DIANA ROCIO ROSALES MAMANI,https://www.facebook.com/diana.mamani.967,2025-06-03,,sí,711,0,2025-06-02,post,https://www.facebook.com/share/p/1GC9cz5gKa/,0,0,0,0,0,0,0,0,0,0,
DIANA ROCIO ROSALES MAMANI,https://www.facebook.com/diana.mamani.967,2025-06-10,,sí,711,0,2025-06-02,post,https://www.facebook.com/share/p/1ARRWnJqvL/,0,0,0,0,0,0,0,0,0,0,
DIANA ROCIO ROSALES MAMANI,https://www.facebook.com/diana.mamani.967,2025-06-05,,sí,711,0,2025-06-02,post,https://www.facebook.com/share/p/19LNqFZ1yS/,0,0,0,0,0,0,0,0,0,0,
DIANA ROCIO ROSALES MAMANI,https://www.facebook.com/diana.mamani.967,2025-07-08,,sí,711,0,2025-07-05,post,https://www.facebook.com/share/p/16WGnYWPW9/,0,0,0,0,0,0,0,0,0,0,
DIANA ROCIO ROSALES MAMANI,https://www.facebook.com/diana.mamani.967,2025-07-08,,sí,711,0,2025-07-06,post,https://www.facebook.com/share/p/16s5AaV9oi/,0,1,2,1,1,0,0,0,0,0,
