nombre perfil,url perfil,candidato identificado,creación del perfil,seguidores,seguidos,fecha post,tipo de post,url post,comparticiones,comentarios,reacciones en total,me gusta,me encanta,me divierte,me entristece,me sorprende,me enoja,me importa,contenido
Juventudes Liberales Bolivia ,https://www.facebook.com/juventudliberalbolivia,no,2021-02-20,2400,144,2025-06-03,post,https://www.facebook.com/share/p/19FvDEv14x/,1,0,5,0,0,0,0,0,0,0,
Juventudes Liberales Bolivia ,https://www.facebook.com/juventudliberalbolivia,no,2021-02-20,2400,144,2025-06-03,post,https://www.facebook.com/share/p/1PJdCmTLB5/,0,0,2,0,0,0,0,0,0,0,"Felicidades!
Sigan defendiendo la verdad!"
Juventudes Liberales Bolivia ,https://www.facebook.com/juventudliberalbolivia,no,2021-02-20,2400,144,2025-06-04,post,https://www.facebook.com/share/p/19C87XmWjm/,0,0,2,0,0,0,0,0,0,0,"Cofadena
Negocia permisos de extracción de oro.… Ver más"
Juventudes Liberales Bolivia ,https://www.facebook.com/juventudliberalbolivia,no,2021-02-20,2400,144,2025-06-04,post,https://www.facebook.com/share/p/1Ai5DrVH1W/,0,0,1,0,0,0,0,0,0,0,
Juventudes Liberales Bolivia ,https://www.facebook.com/juventudliberalbolivia,no,2021-02-20,2400,144,2025-06-04,post,https://www.facebook.com/share/p/15QSX2iC79/,0,0,0,0,0,0,0,0,0,0,
Juventudes Liberales Bolivia ,https://www.facebook.com/juventudliberalbolivia,no,2021-02-20,2400,144,2025-06-04,post,https://www.facebook.com/share/p/1EwoGTTgjJ/,0,0,0,0,0,0,0,0,0,0,
Juventudes Liberales Bolivia ,https://www.facebook.com/juventudliberalbolivia,no,2021-02-20,2400,144,2025-06-04,post,https://www.facebook.com/share/p/15TBD39yuk/,0,0,3,0,0,0,0,0,0,0,
Juventudes Liberales Bolivia ,https://www.facebook.com/juventudliberalbolivia,no,2021-02-20,2400,144,2025-06-05,post,https://www.facebook.com/share/p/1Bp643hbav/,0,0,0,0,0,0,0,0,0,0,"Mas teatro:
El pdflo tiene 3 órdenes de aprehensión actualmente.… Ver más"
Juventudes Liberales Bolivia ,https://www.facebook.com/juventudliberalbolivia,no,2021-02-20,2400,144,2025-06-05,post,https://www.facebook.com/share/p/1EsKyf1cRe/,0,0,6,0,0,0,0,0,0,0,Solo subió xq ellos fueron los q prohibieron las exportaciones en un principio.
Juventudes Liberales Bolivia ,https://www.facebook.com/juventudliberalbolivia,no,2021-02-20,2400,144,2025-06-05,post,https://www.facebook.com/share/p/1BZ1oqHBi2/,0,4,2,0,0,0,0,0,0,0,
