nombre perfil,url perfil,candidato identificado,creación del perfil,seguidores,seguidos,fecha post,tipo de post,url post,comparticiones,comentarios,reacciones en total,me gusta,me encanta,me divierte,me entristece,me sorprende,me enoja,me importa,contenido
GABRIELA MAEVA DURAN POZO,https://www.facebook.com/maeshezidduran,no,2017-03-26,1400,22,2025-07-29,post,https://www.facebook.com/share/p/1ApivifVEu/,4,2,26,21,4,1,0,0,0,0,
GABRIELA MAEVA DURAN POZO,https://www.facebook.com/maeshezidduran,no,2017-03-26,1400,22,2025-08-02,post,https://www.facebook.com/share/p/1JrFdpEnsA/,1,0,8,8,0,0,0,0,0,0,
GABRIELA MAEVA DURAN POZO,https://www.facebook.com/maeshezidduran,no,2017-03-26,1400,22,2025-08-05,post,https://www.facebook.com/share/p/16mZ52kwDY/,1,0,6,5,1,0,0,0,0,0,
GABRIELA MAEVA DURAN POZO,https://www.facebook.com/maeshezidduran,no,2017-03-26,1400,22,2025-08-06,post,https://www.facebook.com/share/p/1Atk8Y4Gza/,1,0,0,0,0,0,0,0,0,0,"¡Feliz Bicentenario, Bolivia!
Hoy… Ver más"
