nombre perfil,url perfil,snapshot_date,creación del perfil,candidato identificado,seguidores,seguidos,fecha post,tipo de post,url post,comparticiones,comentarios,reacciones en total,me gusta,me encanta,me divierte,me entristece,me sorprende,me enoja,me importa,contenido
Miguel Calderon,https://www.facebook.com/miguel.calderongalindo,2025-06-03,,no,285,0,2025-06-01,post,https://www.facebook.com/share/p/1CRo4zm6Fa/,0,0,1,0,0,1,0,0,0,0,
Miguel Calderon,https://www.facebook.com/miguel.calderongalindo,2025-06-03,,no,285,0,2025-06-01,post,https://www.facebook.com/share/p/1DdCboqAKh/,0,0,5,5,0,0,0,0,0,0,
Miguel Calderon,https://www.facebook.com/miguel.calderongalindo,2025-06-03,,no,285,0,2025-06-02,post,https://www.facebook.com/share/p/1Aj4omcMAb/,1,0,2,2,0,0,0,0,0,0,
Miguel Calderon,https://www.facebook.com/miguel.calderongalindo,2025-06-03,,no,285,0,2025-06-02,post,https://www.facebook.com/share/p/19CtWoEhXT/,2,0,8,8,0,0,0,0,0,0,
Miguel Calderon,https://www.facebook.com/miguel.calderongalindo,2025-06-03,,no,285,0,2025-06-02,post,https://www.facebook.com/share/p/1RTtWwTX2f/,0,0,0,0,0,0,0,0,0,0,
Miguel Calderon,https://www.facebook.com/miguel.calderongalindo,2025-06-03,,no,285,0,2025-06-02,post,https://www.facebook.com/share/p/12MQwFQeruC/,1,0,4,4,0,0,0,0,0,0,
Miguel Calderon,https://www.facebook.com/miguel.calderongalindo,2025-06-03,,no,285,0,2025-06-02,post,2025-06-02,1,20,36,9,0,26,0,0,1,0,
Miguel Calderon,https://www.facebook.com/miguel.calderongalindo,2025-06-03,,no,285,0,2025-06-02,post,https://www.facebook.com/share/p/19DWsjhU7G/,1,0,1,1,0,0,0,0,0,0,
Miguel Calderon,https://www.facebook.com/miguel.calderongalindo,2025-06-03,,no,285,0,2025-06-02,post,https://www.facebook.com/share/p/16UtuyMwUX/,0,0,0,0,0,0,0,0,0,0,
Miguel Calderon,https://www.facebook.com/miguel.calderongalindo,2025-06-03,,no,285,0,2025-06-02,post,https://www.facebook.com/share/p/18RsLKDprv/,2,0,5,5,0,0,0,0,0,0,
Miguel Calderon,https://www.facebook.com/miguel.calderongalindo,2025-06-03,,no,285,0,2025-06-02,post,https://www.facebook.com/miguel.calderongalindo/posts/pfbid031AR979RzD5v9evcaYqAd37kJekcgLeUupkTyHFpGvTiWNC5sVZDbLMCcrWUxkVckl,0,0,0,0,0,0,0,0,0,0,
Miguel Calderon,https://www.facebook.com/miguel.calderongalindo,2025-06-03,,no,285,0,2025-06-02,post,https://www.facebook.com/share/p/1HEKPZX7Xr/,1,0,0,0,0,0,0,0,0,0,
Miguel Calderon,https://www.facebook.com/miguel.calderongalindo,2025-06-03,,no,285,0,2025-06-02,post,https://www.facebook.com/share/p/16bc4keUVh/,1,0,3,3,0,0,0,0,0,0,
Miguel Calderon,https://www.facebook.com/miguel.calderongalindo,2025-06-03,,no,285,0,2025-06-02,post,https://www.facebook.com/share/p/19LMfmD4ee/,0,0,1,1,0,0,0,0,0,0,
Miguel Calderon,https://www.facebook.com/miguel.calderongalindo,2025-06-03,,no,285,0,2025-06-02,post,https://www.facebook.com/share/p/1LfqG1iu51/,0,0,2,2,0,0,0,0,0,0,
Miguel Calderon,https://www.facebook.com/miguel.calderongalindo,2025-06-03,,no,285,0,2025-06-02,post,https://www.facebook.com/share/p/1Ds3CmT1Rr/,0,0,0,0,0,0,0,0,0,0,
Miguel Calderon,https://www.facebook.com/miguel.calderongalindo,2025-06-03,,no,285,0,2025-06-02,post,https://www.facebook.com/share/p/16cHxHaLPm/,0,0,2,2,0,0,0,0,0,0,
Miguel Calderon,https://www.facebook.com/miguel.calderongalindo,2025-06-03,,no,285,0,2025-06-02,post,https://www.facebook.com/share/p/1XobnmGMeR/,0,0,0,0,0,0,0,0,0,0,
Miguel Calderon,https://www.facebook.com/miguel.calderongalindo,2025-06-03,,no,285,0,2025-06-02,post,https://www.facebook.com/share/p/1EBwFS3eXQ/,0,0,2,2,0,0,0,0,0,0,
Miguel Calderon,https://www.facebook.com/miguel.calderongalindo,2025-06-03,,no,285,0,2025-06-03,post,https://www.facebook.com/share/p/1FdPgMe7LE/,0,0,0,0,0,0,0,0,0,0,
Miguel Calderon,https://www.facebook.com/miguel.calderongalindo,2025-06-10,,no,285,0,2025-06-09,post,https://www.facebook.com/share/p/15ToHykpaq/,0,0,1,0,0,0,0,0,0,0,
Miguel Calderon,https://www.facebook.com/miguel.calderongalindo,2025-06-10,,no,285,0,2025-06-09,post,https://www.facebook.com/share/p/16EhVuDGP7/,0,0,0,0,0,0,0,0,0,0,
Miguel Calderon,https://www.facebook.com/miguel.calderongalindo,2025-06-10,,no,285,0,2025-06-09,post,https://www.facebook.com/share/v/15WTiqhJGS/,0,0,9,0,0,0,0,0,0,0,"El apoyo de los jóvenes es increíble.
TikTok es la red social más utilizada de Bolivia 
 
Y estamos inundando TikTok, con miles de personas que hacen campaña voluntariamente, porque creen en este proyecto, creen en cambiar el sistema.
L… Ver más"
Miguel Calderon,https://www.facebook.com/miguel.calderongalindo,2025-06-10,,no,285,0,2025-06-09,post,https://www.facebook.com/share/p/16NEcFNpa3/,0,0,3,0,0,0,0,0,0,0,
Miguel Calderon,https://www.facebook.com/miguel.calderongalindo,2025-06-10,,no,285,0,2025-06-09,post,https://www.facebook.com/share/p/1EpZyqk9zj/,0,0,0,0,0,0,0,0,0,0,
Miguel Calderon,https://www.facebook.com/miguel.calderongalindo,2025-06-10,,no,285,0,2025-06-09,post,https://www.facebook.com/share/p/1AcaTLJ9kb/,0,0,0,0,0,0,0,0,0,0,"Todo lo que tocan lo arruinan , masistas HDP"
Miguel Calderon,https://www.facebook.com/miguel.calderongalindo,2025-06-10,,no,285,0,2025-06-09,post,https://www.facebook.com/share/p/1EtfEbdYQY/,2,0,0,0,0,0,0,0,0,0,
Miguel Calderon,https://www.facebook.com/miguel.calderongalindo,2025-06-10,,no,285,0,2025-06-09,post,https://www.facebook.com/share/p/16NhBf1H7o/,0,0,1,0,0,0,0,0,0,0,
Miguel Calderon,https://www.facebook.com/miguel.calderongalindo,2025-06-10,,no,285,0,2025-06-09,post,https://www.facebook.com/share/p/19F4y1kiMS/,0,0,2,0,0,0,0,0,0,0,
Miguel Calderon,https://www.facebook.com/miguel.calderongalindo,2025-06-10,,no,285,0,2025-06-09,post,https://www.facebook.com/share/v/16gkdRPARP/,0,0,2,0,0,0,0,0,0,0,Jajajajaja no puede ser
Miguel Calderon,https://www.facebook.com/miguel.calderongalindo,2025-06-10,,no,285,0,2025-06-09,post,https://www.facebook.com/share/p/1LHN223ox9/,0,0,0,0,0,0,0,0,0,0,
Miguel Calderon,https://www.facebook.com/miguel.calderongalindo,2025-06-10,,no,285,0,2025-06-09,post,https://www.facebook.com/share/p/16fW4fTrN8/,0,0,4,0,0,0,0,0,0,0,
Miguel Calderon,https://www.facebook.com/miguel.calderongalindo,2025-06-10,,no,285,0,2025-06-09,post,https://www.facebook.com/share/p/15nrw9unws/,1,0,0,0,0,0,0,0,0,0,
Miguel Calderon,https://www.facebook.com/miguel.calderongalindo,2025-06-10,,no,285,0,2025-06-09,post,https://www.facebook.com/share/p/16XgH42cv9/,0,0,0,0,0,0,0,0,0,0,
Miguel Calderon,https://www.facebook.com/miguel.calderongalindo,2025-06-10,,no,285,0,2025-06-09,post,https://www.facebook.com/share/p/16fBc4GN6f/,0,0,1,0,0,0,0,0,0,0,
Miguel Calderon,https://www.facebook.com/miguel.calderongalindo,2025-06-10,,no,285,0,2025-06-09,post,https://www.facebook.com/share/p/19S5qiVUTj/,0,0,1,0,0,0,0,0,0,0,
Miguel Calderon,https://www.facebook.com/miguel.calderongalindo,2025-06-10,,no,285,0,2025-06-09,post,https://www.facebook.com/share/p/15PR4LoXY9/,0,0,0,0,0,0,0,0,0,0,
Miguel Calderon,https://www.facebook.com/miguel.calderongalindo,2025-06-10,,no,285,0,2025-06-09,post,https://www.facebook.com/share/p/15QaCf3mbm/,0,0,0,0,0,0,0,0,0,0,
Miguel Calderon,https://www.facebook.com/miguel.calderongalindo,2025-06-10,,no,285,0,2025-06-09,post,https://www.facebook.com/share/v/1CHG4sp19V/,0,7,12,0,0,0,0,0,0,0,Salió el cómic de la reunión
