nombre perfil,url perfil,snapshot_date,creación del perfil,candidato identificado,seguidores,seguidos,fecha post,tipo de post,url post,comparticiones,comentarios,reacciones en total,me gusta,me encanta,me divierte,me entristece,me sorprende,me enoja,me importa,contenido
Coordinadora de la Mujer - Observatorio de Género BO,https://www.facebook.com/CoordinadoraBO,2025-06-16,2011-11-30,no,21000,0,2025-03-07,post,https://www.facebook.com/share/p/16pfRwGTfy/,18,8,91,73,17,0,1,0,0,0," ¡Te esperamos en un evento que no te puedes perder! 
  
… Ver más"
Coordinadora de la Mujer - Observatorio de Género BO,https://www.facebook.com/CoordinadoraBO,2025-06-16,2011-11-30,no,21000,0,2025-03-07,post,https://www.facebook.com/share/p/1BZprMCKiC/,0,2,19,12,5,0,0,0,0,2,"¡42 años de lucha y resistencia!
#HOY compartimos la alegría de nuestra afiliada Centro de Promoción de la Mujer Gregoria Apaza (CPMGA), que cumple 42 años de trabajo… Ver más"
Coordinadora de la Mujer - Observatorio de Género BO,https://www.facebook.com/CoordinadoraBO,2025-06-16,2011-11-30,no,21000,0,2025-03-08,post,https://www.facebook.com/share/v/1RLgqekimr/,67,42,310,240,61,6,0,1,0,2," JUNTAS HACEMOS HISTORIA 
Nuestra rebeldía se vuelve canción. Y queremos que tu voz se sume a la nuestra, para renovar sueños, para proponer país.… Ver más"
Coordinadora de la Mujer - Observatorio de Género BO,https://www.facebook.com/CoordinadoraBO,2025-06-16,2011-11-30,no,21000,0,2025-03-08,post,https://www.facebook.com/share/p/16j2RuoeD8/,5,0,25,19,6,0,0,0,0,0,"#8M I 
¿Cuál es la situación de la violencia contra las mujeres en Bolivia?… Ver más"
Coordinadora de la Mujer - Observatorio de Género BO,https://www.facebook.com/CoordinadoraBO,2025-06-16,2011-11-30,no,21000,0,2025-03-08,post,https://www.facebook.com/share/p/16pFSh3WUx/,6,0,15,15,0,0,0,0,0,0,"#8M I 
 Las desigualdades en el ámbito laboral persisten en Bolivia.
Conoce la situación laboral de las mujeres en Bolivia, revisa nuestro boletín del Día Internaciona… Ver más"
Coordinadora de la Mujer - Observatorio de Género BO,https://www.facebook.com/CoordinadoraBO,2025-06-16,2011-11-30,no,21000,0,2025-03-08,post,https://www.facebook.com/share/p/1Bag38JrBW/,4,1,13,12,1,0,0,0,0,0,"#8MBolivia 
#HoyMásQueNunca celebramos los avances conquistados gracias a la fuerza de nuestras alianzas, la sororidad entre generaciones y la persistencia de nuestras … Ver más"
Coordinadora de la Mujer - Observatorio de Género BO,https://www.facebook.com/CoordinadoraBO,2025-06-16,2011-11-30,no,21000,0,2025-03-08,post,https://www.facebook.com/share/p/161h2GaDGX/,1,3,17,16,1,0,0,0,0,0,"#8M I 
La lucha de las mujeres bolivianas por sus derechos es histórica y no debemos olvidarla.
Te invitamos a revisar nuestro boletín del Día Internacional de la Mujer… Ver más"
Coordinadora de la Mujer - Observatorio de Género BO,https://www.facebook.com/CoordinadoraBO,2025-06-16,2011-11-30,no,21000,0,2025-03-09,post,https://www.facebook.com/share/p/1ApSrALnk5/,23,2,54,49,5,0,0,0,0,0,"#AlertaBolivia
Un día como hoy, hace 12 años, se promulgó la Ley 348, Ley Integral para Garantizar a las Mujeres una Vida Libre de Violencia. Esta legislación histórica… Ver más"
Coordinadora de la Mujer - Observatorio de Género BO,https://www.facebook.com/CoordinadoraBO,2025-06-16,2011-11-30,no,21000,0,2025-03-11,post,https://www.facebook.com/share/p/1F1fkXgBnW/,127,2,119,110,8,1,0,0,0,0,"#convocatoria
#OportunidadLaboral para profesionales en ciencias sociales con experiencia en seguimiento y monitoreo de proyectos sobre Derechos Sexuales y Derechos Rep… Ver más"
Coordinadora de la Mujer - Observatorio de Género BO,https://www.facebook.com/CoordinadoraBO,2025-06-16,2011-11-30,no,21000,0,2025-03-12,post,https://www.facebook.com/share/p/1C9PRDuKyS/,4,1,36,34,2,0,0,0,0,0,"#Potosí
En un contexto de creciente visibilidad y lucha por los derechos humanos, la población LGBTIQ+ está dando un paso fundamental hacia la construcción de una 𝐀𝐠𝐞𝐧𝐝… Ver más"
Coordinadora de la Mujer - Observatorio de Género BO,https://www.facebook.com/CoordinadoraBO,2025-06-16,2011-11-30,no,21000,0,2025-03-12,post,https://www.facebook.com/share/p/1HUyzkuwrW/,4,2,33,28,5,0,0,0,0,0," 
 ¡Es hoy! ¡Es hoy! 
… Ver más"
Coordinadora de la Mujer - Observatorio de Género BO,https://www.facebook.com/CoordinadoraBO,2025-06-16,2011-11-30,no,21000,0,2025-03-14,post,https://www.facebook.com/share/p/199sLdxHRE/,55,1,48,45,3,0,0,0,0,0,"#Convocatoria
Si tienes formación académica y experiencia en Ingeniería de Sistemas, Informática y/o ramas afines, esta oportunidad es para ti.… Ver más"
Coordinadora de la Mujer - Observatorio de Género BO,https://www.facebook.com/CoordinadoraBO,2025-06-16,2011-11-30,no,21000,0,2025-03-18,post,https://www.facebook.com/share/p/1GMCz4sMiW/,29,3,72,0,0,0,0,0,0,0,"¡Sin mujeres no hay democracia!
#Ahora Con la participación de diputadas y senadoras de diferentes fuerzas políticas, se lleva a cabo el Encuentro Nacional de Mujeres A… Ver más"
Coordinadora de la Mujer - Observatorio de Género BO,https://www.facebook.com/CoordinadoraBO,2025-06-16,2011-11-30,no,21000,0,2025-03-18,post,https://www.facebook.com/share/p/1Aa8sniege/,0,1,16,0,0,0,0,0,0,0,"El 13 de marzo, en la sede de las Naciones Unidas en #NuevaYork, se llevó a cabo un evento trascendental en el marco del 69° periodo de sesiones de la Comisión de la Co… Ver más"
Coordinadora de la Mujer - Observatorio de Género BO,https://www.facebook.com/CoordinadoraBO,2025-06-16,2011-11-30,no,21000,0,2025-03-19,post,https://www.facebook.com/share/p/1AmXDHYSgV/,2,1,22,20,2,0,0,0,0,0,"#SantaCruz
Los Encuentros departamentales de construcción de las agendas de derechos humanos de la población #LGBTIQ tuvieron como escenario la capital oriental y contó… Ver más"
Coordinadora de la Mujer - Observatorio de Género BO,https://www.facebook.com/CoordinadoraBO,2025-06-16,2011-11-30,no,21000,0,2025-03-19,post,https://www.facebook.com/share/p/1APsogpg3s/,2,0,7,6,1,0,0,0,0,0,"#DíaDelPadre 
 En este Día del Padre, celebramos a los padres que asumen su rol con responsabilidad, amor y equidad. Aquellos que entienden que la paternidad no es so… Ver más"
Coordinadora de la Mujer - Observatorio de Género BO,https://www.facebook.com/CoordinadoraBO,2025-06-16,2011-11-30,no,21000,0,2025-03-20,post,https://www.facebook.com/share/v/1AUzHpGujw/,1,1,16,16,0,0,0,0,0,0,#ParidadEsDemocracia #Bolivia #ObservatorioDeGénero
Coordinadora de la Mujer - Observatorio de Género BO,https://www.facebook.com/CoordinadoraBO,2025-06-16,2011-11-30,no,21000,0,2025-03-20,post,https://www.facebook.com/share/p/1AxivwSEJW/,2,0,9,5,4,0,0,0,0,0,"#AbrelosOjosConVioleta 
 
 
 En su tercer año, la Campaña Abre los Ojos y sus aliadas pretenden llegar a más personas. Violeta es la protagonista y una nueva aliada e… Ver más"
Coordinadora de la Mujer - Observatorio de Género BO,https://www.facebook.com/CoordinadoraBO,2025-06-16,2011-11-30,no,21000,0,2025-03-20,post,https://www.facebook.com/share/p/16LneBddTc/,1,0,4,4,0,0,0,0,0,0,"#Alerta348 
 ¡Derribando mitos!… Ver más"
Coordinadora de la Mujer - Observatorio de Género BO,https://www.facebook.com/CoordinadoraBO,2025-06-16,2011-11-30,no,21000,0,2025-03-20,post,https://www.facebook.com/share/p/19EyKP7ijQ/,82,2,119,99,18,0,0,0,0,2,"#Pronunciamiento
 Más de 60 organizaciones, instituciones y activistas alzamos la voz 
N… Ver más"
Coordinadora de la Mujer - Observatorio de Género BO,https://www.facebook.com/CoordinadoraBO,2025-06-16,2011-11-30,no,21000,0,2025-03-21,post,https://www.facebook.com/share/p/1CTR7itK79/,11,1,18,18,0,0,0,0,0,0,"#Alerta348 
 ¡Derribando mitos!… Ver más"
Coordinadora de la Mujer - Observatorio de Género BO,https://www.facebook.com/CoordinadoraBO,2025-06-16,2011-11-30,no,21000,0,2025-03-21,post,https://www.facebook.com/share/p/1PMjWwnYrM/,12,5,53,40,12,0,0,1,0,0,"#BuenaNoticia
La propuesta plantea, entre las sanciones, que los servidores públicos que incumplan con el pago de la asistencia familiar no puedan desempeñar funciones;… Ver más"
Coordinadora de la Mujer - Observatorio de Género BO,https://www.facebook.com/CoordinadoraBO,2025-06-16,2011-11-30,no,21000,0,2025-03-21,post,https://www.facebook.com/share/p/14LJp33ye4j/,5,0,18,15,1,0,0,0,0,2,"#Beni
En el marco de los ENCUENTROS DEPARTAMENTALESS DE CONSTRUCCIÓN DE LAS AGENDAS DE DERECHOS HUMANOS DE LA POBLACIÓN LGBTIQ+, #hoy la cita fue en la capital beniana,… Ver más"
Coordinadora de la Mujer - Observatorio de Género BO,https://www.facebook.com/CoordinadoraBO,2025-06-16,2011-11-30,no,21000,0,2025-03-22,post,https://www.facebook.com/share/p/1EaNeGqH9f/,7,2,33,30,2,0,0,0,0,1,"#CorresponsabilidadCuidados 
 #Hoy … Ver más"
Coordinadora de la Mujer - Observatorio de Género BO,https://www.facebook.com/CoordinadoraBO,2025-06-16,2011-11-30,no,21000,0,2025-03-24,post,https://www.facebook.com/share/p/16S5742yQG/,8,1,13,12,0,0,0,0,0,1,"#Alerta348 
 ¡Derribando mitos!… Ver más"
Coordinadora de la Mujer - Observatorio de Género BO,https://www.facebook.com/CoordinadoraBO,2025-06-16,2011-11-30,no,21000,0,2025-03-25,post,https://www.facebook.com/share/p/1EVVPZbm7R/,14,2,39,31,5,1,0,2,0,0,"#Bolivia #Pronunciamiento
 𝗗𝗲𝗳𝗲𝗻𝗱𝗮𝗺𝗼𝘀 𝗲𝗹 𝗘𝘀𝘁𝗮𝗱𝗼 𝗟𝗮𝗶𝗰𝗼 𝗲𝗻 𝗕𝗼𝗹𝗶𝘃𝗶𝗮
El Comité Pro Laicidad Bolivia a… Ver más"
Coordinadora de la Mujer - Observatorio de Género BO,https://www.facebook.com/CoordinadoraBO,2025-06-16,2011-11-30,no,21000,0,2025-03-25,post,https://www.facebook.com/share/p/1BnLM6YvSX/,13,1,29,26,1,1,0,0,0,1,"#AlertaBolivia
 ¿Qué hay detrás de la estigmatización de las ""madres solteras?
T… Ver más"
Coordinadora de la Mujer - Observatorio de Género BO,https://www.facebook.com/CoordinadoraBO,2025-06-16,2011-11-30,no,21000,0,2025-03-26,post,https://www.facebook.com/share/p/12MKtabJohi/,28,1,78,63,12,1,0,0,0,2,"#LaPaz
 ¡Avanzamos hacia un municipio con igualdad! 
… Ver más"
Coordinadora de la Mujer - Observatorio de Género BO,https://www.facebook.com/CoordinadoraBO,2025-06-16,2011-11-30,no,21000,0,2025-03-26,post,https://www.facebook.com/share/p/1C2rP8jtr8/,2,0,16,12,3,1,0,0,0,0,"#NoViolencia | Hacia una La Paz más justa y equitativa 
  
La #CoordinadoraDeLaMujer, en alianza con el Gobierno Autónomo Municipal de La Paz a través de la Secretarí… Ver más"
Coordinadora de la Mujer - Observatorio de Género BO,https://www.facebook.com/CoordinadoraBO,2025-06-16,2011-11-30,no,21000,0,2025-03-27,post,https://www.facebook.com/share/p/1AvgAuKL3H/,6,0,53,41,10,1,0,0,0,1," #LaPaz es sede del Encuentro Departamental para la Construcción de las Agendas de Derechos Humanos de la Población LGBTIQ+.
 Representantes de organizaciones #LG… Ver más"
Coordinadora de la Mujer - Observatorio de Género BO,https://www.facebook.com/CoordinadoraBO,2025-06-16,2011-11-30,no,21000,0,2025-04-01,post,https://www.facebook.com/share/p/1KhUDqWe7g/,6,0,36,28,8,0,0,0,0,0,#ConstruyendoIgualdad … Ver más
Coordinadora de la Mujer - Observatorio de Género BO,https://www.facebook.com/CoordinadoraBO,2025-06-16,2011-11-30,no,21000,0,2025-04-02,post,https://www.facebook.com/share/p/1YdDucgags/,5,1,29,23,6,0,0,0,0,0,"#BuenaNoticia 
#LaPaz cuenta con la primera Política Municipal de Igualdad y Equidad de Género de Bolivia.… Ver más"
Coordinadora de la Mujer - Observatorio de Género BO,https://www.facebook.com/CoordinadoraBO,2025-06-16,2011-11-30,no,21000,0,2025-04-04,post,https://www.facebook.com/share/p/16Zv687Zcs/,2,0,20,16,3,0,0,0,0,1,"#Cochabamba
El Viceministerio de Igualdad de Oportunidades (VIO) socializa la propuesta de Política Pública Plurinacional para la Corresponsabilidad de los Cuidados ant… Ver más"
Coordinadora de la Mujer - Observatorio de Género BO,https://www.facebook.com/CoordinadoraBO,2025-06-16,2011-11-30,no,21000,0,2025-04-07,post,https://www.facebook.com/share/p/1YxJJ1FMbz/,7,1,35,26,7,0,0,0,0,2,"#LaPaz
 El pasado fin de semana se llevó a cabo en #Caranavi la Cumbre Nacional de Mujeres Cafetaleras, un encuentro clave para reflexionar, dialogar y trazar una agen… Ver más"
Coordinadora de la Mujer - Observatorio de Género BO,https://www.facebook.com/CoordinadoraBO,2025-06-16,2011-11-30,no,21000,0,2025-04-07,post,https://www.facebook.com/share/v/17zBogyCz2/,11,1,35,31,4,0,0,0,0,0," #LaPaz cuenta con la primera Política Municipal de Igualdad y Equidad de Género del país. 
Esta política municipal responde a un contexto de desigualdad estructural y… Ver más"
Coordinadora de la Mujer - Observatorio de Género BO,https://www.facebook.com/CoordinadoraBO,2025-06-16,2011-11-30,no,21000,0,2025-04-09,post,https://www.facebook.com/share/p/1G3fDFVpbi/,2,0,12,12,0,0,0,0,0,0,#Cochabamba #emprendimiento… Ver más
Coordinadora de la Mujer - Observatorio de Género BO,https://www.facebook.com/CoordinadoraBO,2025-06-16,2011-11-30,no,21000,0,2025-04-10,post,https://www.facebook.com/share/p/1Aa9xnyDyZ/,0,1,34,32,1,0,0,0,0,1,"#amplificamos
Género y cambio climático; mujeres, paz y seguridad; violencia de género; política exterior feminista; e información y comunicación son los temas más des… Ver más"
Coordinadora de la Mujer - Observatorio de Género BO,https://www.facebook.com/CoordinadoraBO,2025-06-16,2011-11-30,no,21000,0,2025-04-13,post,https://www.facebook.com/share/p/169TQ7T9xL/,20,3,66,52,13,0,0,0,1,0,"#AgendaPaís
Con la firma de un compromiso por parte de 10 representantes de partidos políticos concluyó la presentación de la Agenda País, que resume la propuesta de la… Ver más"
Coordinadora de la Mujer - Observatorio de Género BO,https://www.facebook.com/CoordinadoraBO,2025-06-16,2011-11-30,no,21000,0,2025-04-15,post,https://www.facebook.com/share/v/16iZqGcy2p/,48,4,109,84,24,0,0,0,0,1,"#AgendaPaís
La 𝐀𝐠𝐞𝐧𝐝𝐚 𝐏𝐚𝐢́𝐬 ❞𝐏𝐨𝐫 𝐮𝐧𝐚 𝐁𝐨𝐥𝐢𝐯𝐢𝐚 𝐜𝐨𝐧 𝐢𝐠𝐮𝐚𝐥𝐝𝐚𝐝❞ 𝐝𝐞𝐬𝐝𝐞 𝐥𝐚 𝐦𝐢𝐫𝐚𝐝𝐚 𝐝𝐞 𝐥𝐚𝐬 𝐦𝐮𝐣𝐞𝐫𝐞𝐬 fue construida con la fuerza colectiva de más de 1.500 mujeres de todas las re… Ver más"
Coordinadora de la Mujer - Observatorio de Género BO,https://www.facebook.com/CoordinadoraBO,2025-06-16,2011-11-30,no,21000,0,2025-04-16,post,https://www.facebook.com/share/p/1AnKBRAi8Y/,9,4,45,38,7,0,0,0,0,0,"#HOY celebramos a quienes sueñan en grande, desafían lo imposible y crean su propio camino. 
Feliz Día Mundial del Emprendimiento a todas las mentes valientes que con… Ver más"
Coordinadora de la Mujer - Observatorio de Género BO,https://www.facebook.com/CoordinadoraBO,2025-06-16,2011-11-30,no,21000,0,2025-04-16,post,https://www.facebook.com/share/p/16Kr3jLh2Y/,8,1,42,38,2,0,0,0,0,2," Amplificamos la campaña #niesposasniconcubinaslasniñassonniñas de nuestras aliadas Ipas Bolivia y Abre Los Ojos
 Ni esposas ni concubinas. … Ver más"
Coordinadora de la Mujer - Observatorio de Género BO,https://www.facebook.com/CoordinadoraBO,2025-06-16,2011-11-30,no,21000,0,2025-04-17,post,https://www.facebook.com/share/p/19FvbKHmZN/,30,6,54,43,11,0,0,0,0,0,#Pronunciamiento… Ver más
Coordinadora de la Mujer - Observatorio de Género BO,https://www.facebook.com/CoordinadoraBO,2025-06-16,2011-11-30,no,21000,0,2025-04-21,post,https://www.facebook.com/share/p/15WYuuE28V/,3,1,15,12,3,0,0,0,0,0,"¡𝗘𝘀𝘁𝗮𝗿𝗲𝗺𝗼𝘀 𝗲𝗻 𝗹𝗮 𝗙𝗲𝘅𝗰𝗼 2025! 
 Encuéntranos en el pabellón “𝗘𝗹 𝗠𝗲𝗿𝗰𝗮𝗱𝗶𝘁𝗼 𝗱𝗲 𝗹𝗮𝘀 𝗪𝗮𝗿𝗺𝗶𝘀”, un espacio único donde encontrarás marcas emergentes, con una oferta de produ… Ver más"
Coordinadora de la Mujer - Observatorio de Género BO,https://www.facebook.com/CoordinadoraBO,2025-06-16,2011-11-30,no,21000,0,2025-04-23,post,https://www.facebook.com/share/p/16U2UArs8L/,5,1,17,14,3,0,0,0,0,0,"¡𝐃𝐞𝐬𝐜𝐮𝐛𝐫𝐞 𝐞𝐥 𝐂𝐚𝐭𝐚́𝐥𝐨𝐠𝐨 𝐝𝐞𝐥 𝐌𝐞𝐫𝐜𝐚𝐝𝐢𝐭𝐨 𝐝𝐞 𝐥𝐚𝐬 𝐖𝐚𝐫𝐦𝐢𝐬! 
.
 Encuentra 𝗲𝗹 𝘁𝗮𝗹𝗲𝗻𝘁𝗼, 𝗹𝗮 𝗰𝗿𝗲𝗮𝘁𝗶𝘃𝗶𝗱𝗮𝗱 𝘆 … Ver más"
Coordinadora de la Mujer - Observatorio de Género BO,https://www.facebook.com/CoordinadoraBO,2025-06-16,2011-11-30,no,21000,0,2025-04-23,post,https://www.facebook.com/share/v/19UhRMeN2M/,11,2,37,33,4,0,0,0,0,0,"#AgendaPaís 
En Bolivia… Ver más"
Coordinadora de la Mujer - Observatorio de Género BO,https://www.facebook.com/CoordinadoraBO,2025-06-16,2011-11-30,no,21000,0,2025-04-24,post,https://www.facebook.com/share/p/1B7C3BTrEZ/,2,0,6,6,0,0,0,0,0,0,#Cochabamba #EmprenderparaCreceryFortalecer… Ver más
Coordinadora de la Mujer - Observatorio de Género BO,https://www.facebook.com/CoordinadoraBO,2025-06-16,2011-11-30,no,21000,0,2025-04-24,post,https://www.facebook.com/share/p/14HMAY1KHGz/,1,1,32,29,2,1,0,0,0,0,"¡Hoy es el gran día! 
 Acompáñanos en la inauguración del Mercadito de las Warmis en la FEXCO 2025. A partir de las 18:30, sé testigo del inicio de esta increíble mues… Ver más"
Coordinadora de la Mujer - Observatorio de Género BO,https://www.facebook.com/CoordinadoraBO,2025-06-16,2011-11-30,no,21000,0,2025-04-24,post,https://www.facebook.com/share/v/1BYwBzjSph/,4,1,24,23,1,0,0,0,0,0,"#AgendaPaís 
 A fines de 2024, los incendios forestales destruyeron más de 10 millones de hectáreas.… Ver más"
Coordinadora de la Mujer - Observatorio de Género BO,https://www.facebook.com/CoordinadoraBO,2025-06-16,2011-11-30,no,21000,0,2025-04-24,post,https://www.facebook.com/share/p/1C1kCbEYpn/,2,1,13,13,0,0,0,0,0,0,"Te invitamos a ser parte de esta experiencia en la FEXCO 2025, donde 𝗺𝘂𝗷𝗲𝗿𝗲𝘀 𝘆 𝗷𝗼́𝘃𝗲𝗻𝗲𝘀 𝘁𝗿𝗮𝗻𝘀𝗳𝗼𝗿𝗺𝗮𝗻 𝘀𝘂𝘀 𝗶𝗱𝗲𝗮𝘀 𝗲𝗻 𝗲𝗺𝗽𝗿𝗲𝗻𝗱𝗶𝗺𝗶𝗲𝗻𝘁𝗼𝘀 𝗾𝘂𝗲 𝗶𝗻𝘀𝗽𝗶𝗿𝗮𝗻.
¡Visita el Mercadito de … Ver más"
Coordinadora de la Mujer - Observatorio de Género BO,https://www.facebook.com/CoordinadoraBO,2025-06-16,2011-11-30,no,21000,0,2025-04-24,post,https://www.facebook.com/share/p/1DtEy12DEs/,1,1,10,9,1,0,0,0,0,0,"𝗘𝗹 𝗠𝗲𝗿𝗰𝗮𝗱𝗶𝘁𝗼 𝗱𝗲 𝗹𝗮𝘀 𝗪𝗮𝗿𝗺𝗶𝘀 𝗹𝗹𝗲𝗴𝗮 𝗮 𝗹𝗮 𝗙𝗘𝗫𝗖𝗢 𝟮𝟬𝟮𝟱
Alrededor de 70 mujeres y jóvenes emprendedores de 8 municipios de Bolivia participarán en la #Fexpo2025 con una vari… Ver más"
Coordinadora de la Mujer - Observatorio de Género BO,https://www.facebook.com/CoordinadoraBO,2025-06-16,2011-11-30,no,21000,0,2025-04-25,post,https://www.facebook.com/share/p/1CPg3jgNrF/,1,0,27,23,4,0,0,0,0,0,"𝗘𝗻𝘁𝗿𝗲 𝗮𝗽𝗹𝗮𝘂𝘀𝗼𝘀, 𝗲𝗺𝗼𝗰𝗶𝗼𝗻𝗲𝘀 𝘆 𝗺𝘂𝗰𝗵𝗮𝘀 𝘀𝗼𝗻𝗿𝗶𝘀𝗮𝘀, 𝗱𝗶𝗺𝗼𝘀 𝗶𝗻𝗶𝗰𝗶𝗼 𝗮 𝗲𝘀𝘁𝗲 𝗲𝘀𝗽𝗮𝗰𝗶𝗼 que celebra el talento, la fuerza y la creatividad de jóvenes  y mujeres emprendedoras de Cocha… Ver más"
Coordinadora de la Mujer - Observatorio de Género BO,https://www.facebook.com/CoordinadoraBO,2025-06-16,2011-11-30,no,21000,0,2025-04-25,post,https://www.facebook.com/share/p/14q9WHeUpi/,0,0,3,2,1,0,0,0,0,0,"¡Ya estamos en 𝗹𝗮 𝗙𝗲𝘅𝗰𝗼 𝟮𝟬𝟮𝟱! 
 Marcas nuevas, ideas frescas, productos con historias de mujeres y jóvenes con toda la actitud 
 𝗡𝗼𝘀 𝗲𝗻𝗰𝘂𝗲𝗻𝘁… Ver más"
Coordinadora de la Mujer - Observatorio de Género BO,https://www.facebook.com/CoordinadoraBO,2025-06-16,2011-11-30,no,21000,0,2025-04-25,post,https://www.facebook.com/share/p/16gPpnF5tR/,3,0,15,12,2,0,0,0,0,1,"Recibimos a #RFSU para planificar acciones conjuntas
… Ver más"
Coordinadora de la Mujer - Observatorio de Género BO,https://www.facebook.com/CoordinadoraBO,2025-06-16,2011-11-30,no,21000,0,2025-04-29,post,https://www.facebook.com/share/p/19i6Qaq6b3/,2,0,5,5,0,0,0,0,0,0,"Acompañanos en nuestras actividades el día de hoy, donde 𝗺𝘂𝗷𝗲𝗿𝗲𝘀 𝘆 𝗷𝗼́𝘃𝗲𝗻𝗲𝘀 𝘁𝗿𝗮𝗻𝘀𝗳𝗼𝗿𝗺𝗮𝗻 𝘀𝘂𝘀 𝗶𝗱𝗲𝗮𝘀 𝗲𝗻 𝗲𝗺𝗽𝗿𝗲𝗻𝗱𝗶𝗺𝗶𝗲𝗻𝘁𝗼𝘀 𝗾𝘂𝗲 𝗶𝗻𝘀𝗽𝗶𝗿𝗮𝗻.
¡Visita el Mercadito de las Warmis! … Ver más"
Coordinadora de la Mujer - Observatorio de Género BO,https://www.facebook.com/CoordinadoraBO,2025-06-16,2011-11-30,no,21000,0,2025-04-29,post,https://www.facebook.com/share/p/1AfPc2nkhj/,6,0,25,21,2,0,0,0,0,2, La #CIDH aplaude la aprobación en el Senado de la ley que PROHÍBE el matrimonio infantil sin excusas. ¡Ahora la tarea es de la Cámara de Diputados! Mantengámonos vigi… Ver más
Coordinadora de la Mujer - Observatorio de Género BO,https://www.facebook.com/CoordinadoraBO,2025-06-16,2011-11-30,no,21000,0,2025-04-29,post,https://www.facebook.com/share/1AjzJbiYXD/,1,1,23,21,2,0,0,0,0,0,
Coordinadora de la Mujer - Observatorio de Género BO,https://www.facebook.com/CoordinadoraBO,2025-06-16,2011-11-30,no,21000,0,2025-04-30,post,https://www.facebook.com/share/p/1EpoVKwMca/,29,0,27,19,8,0,0,0,0,0," Invitación especial: 
La #CoordinadoraDeLaMujer en alianza con la Universidad Mayor de San Andrés - UMSA tienen el agrado de invitar a la presentación del estudio:  … Ver más"
Coordinadora de la Mujer - Observatorio de Género BO,https://www.facebook.com/CoordinadoraBO,2025-06-16,2011-11-30,no,21000,0,2025-05-01,post,https://www.facebook.com/share/v/1Abzg7vRAm/,16,1,30,27,3,0,0,0,0,0,"#Bolivia
Este #1deMayo, honramos la fuerza, la pasión y la creatividad de las mujeres que inspiran con su liderazgo y determinación. Son ejemplo de valentía y persevera… Ver más"
Coordinadora de la Mujer - Observatorio de Género BO,https://www.facebook.com/CoordinadoraBO,2025-06-16,2011-11-30,no,21000,0,2025-05-01,post,2025-05-01,0,1,16,0,0,0,0,0,0,0, 1º de mayo | Día de las Trabajadoras y los Trabajadores… Ver más
Coordinadora de la Mujer - Observatorio de Género BO,https://www.facebook.com/CoordinadoraBO,2025-06-16,2011-11-30,no,21000,0,2025-05-02,post,https://www.facebook.com/share/p/16nUDYMdfK/,14,0,22,22,0,0,0,0,0,0," ¿𝐐𝐮𝐞́ 𝐞𝐬𝐭𝐚́ 𝐩𝐚𝐬𝐚𝐧𝐝𝐨 𝐞𝐧 𝐧𝐮𝐞𝐬𝐭𝐫𝐚𝐬 𝐮𝐧𝐢𝐯𝐞𝐫𝐬𝐢𝐝𝐚𝐝𝐞𝐬?
Acompáñanos a la presentación del estudio “Acoso sexual en la Universidad Mayor de San Andrés” 
 Martes 6 de mayo
 … Ver más"
Coordinadora de la Mujer - Observatorio de Género BO,https://www.facebook.com/CoordinadoraBO,2025-06-16,2011-11-30,no,21000,0,2025-05-02,post,https://www.facebook.com/share/v/16UkcLuWQX/,0,1,11,0,0,0,0,0,0,0,"#Tarija
""Estamos convencidos de que el siglo XXI es el siglo de las mujeres. Si queremos transformar, construir, mejorar un país, debemos comenzar por las mujeres, y co… Ver más"
Coordinadora de la Mujer - Observatorio de Género BO,https://www.facebook.com/CoordinadoraBO,2025-06-16,2011-11-30,no,21000,0,2025-05-02,post,https://www.facebook.com/share/v/16R5bv63Km/,2,1,25,24,1,0,0,0,0,0,"#Tarija
La directora ejecutiva de la #CoordinadoraDeLaMujer, Tania Sánchez, resalta el aporte de las mujeres y jóvenes emprendedores a la economía de Bolivia, a la cons… Ver más"
Coordinadora de la Mujer - Observatorio de Género BO,https://www.facebook.com/CoordinadoraBO,2025-06-16,2011-11-30,no,21000,0,2025-05-02,post,https://www.facebook.com/share/p/1Jdobbzk1F/,10,2,23,20,2,0,0,1,0,0,"#Tarija
#Ahora En el marco del compromiso con el desarrollo sostenible y la equidad, el embajador de la Unión Europea en Bolivia / European Union in Bolivia, Jaume Segu… Ver más"
Coordinadora de la Mujer - Observatorio de Género BO,https://www.facebook.com/CoordinadoraBO,2025-06-16,2011-11-30,no,21000,0,2025-05-02,post,https://www.facebook.com/share/p/16R8xqzUHw/,0,0,6,6,0,0,0,0,0,0,"Te invitamos a acompañarnos en nuestras actividades del día de hoy, donde 𝗺𝘂𝗷𝗲𝗿𝗲𝘀 𝘆 𝗷𝗼́𝘃𝗲𝗻𝗲𝘀 𝘁𝗿𝗮𝗻𝘀𝗳𝗼𝗿𝗺𝗮𝗻 𝘀𝘂𝘀 𝗶𝗱𝗲𝗮𝘀 𝗲𝗻 𝗲𝗺𝗽𝗿𝗲𝗻𝗱𝗶𝗺𝗶𝗲𝗻𝘁𝗼𝘀 𝗾𝘂𝗲 𝗶𝗻𝘀𝗽𝗶𝗿𝗮𝗻.
¡Visita el Mercadit… Ver más"
Coordinadora de la Mujer - Observatorio de Género BO,https://www.facebook.com/CoordinadoraBO,2025-06-16,2011-11-30,no,21000,0,2025-05-04,post,https://www.facebook.com/share/p/1AxkAGmrZS/,0,1,14,12,2,0,0,0,0,0,"#ÚltimoDía
Aprovecha este último día de la #FEXCO2025 y visita el pabellón del #MercaditodelasWarmis 
 donde 𝗺𝘂𝗷𝗲𝗿𝗲𝘀 𝘆 𝗷𝗼́𝘃𝗲𝗻𝗲𝘀 𝘁𝗿𝗮𝗻𝘀𝗳𝗼𝗿𝗺𝗮𝗻 𝘀𝘂𝘀 𝗶𝗱𝗲𝗮𝘀 𝗲𝗻 𝗲𝗺𝗽𝗿𝗲𝗻𝗱𝗶𝗺𝗶𝗲𝗻𝘁… Ver más"
Coordinadora de la Mujer - Observatorio de Género BO,https://www.facebook.com/CoordinadoraBO,2025-06-16,2011-11-30,no,21000,0,2025-05-04,post,https://www.facebook.com/share/p/15qTLxPc92/,1,0,4,4,0,0,0,0,0,0,
Coordinadora de la Mujer - Observatorio de Género BO,https://www.facebook.com/CoordinadoraBO,2025-06-16,2011-11-30,no,21000,0,2025-05-06,post,https://www.facebook.com/share/p/16Vs7oeJAh/,5,1,24,22,2,0,0,0,0,0,"#Ahora
Presentación del Estudio Acoso sexual en la universidad Mayor de San Andrés"
Coordinadora de la Mujer - Observatorio de Género BO,https://www.facebook.com/CoordinadoraBO,2025-06-16,2011-11-30,no,21000,0,2025-05-06,post,https://www.facebook.com/share/p/16JE1ZLef8/,0,0,8,8,0,0,0,0,0,0," Emprendedoras de Entre Ríos, Yacuiba y Padcaya de Tarija presentes en la Fexco 2025"" 
Durante 11 días, las emprendedoras de Tarija que son parte del proyecto ""Mujeres… Ver más"
Coordinadora de la Mujer - Observatorio de Género BO,https://www.facebook.com/CoordinadoraBO,2025-06-16,2011-11-30,no,21000,0,2025-05-06,post,https://www.facebook.com/share/p/1FxnWKbWg6/,20,2,58,43,13,0,0,0,0,2,"Este 6 de mayo, la Coordinadora de la Mujer - Observatorio de Género BO en colaboración con la Universidad Mayor de San Andrés - UMSA, presentó el estudio “𝗔𝗰𝗼𝘀𝗼 𝘀𝗲𝘅𝘂𝗮… Ver más"
Coordinadora de la Mujer - Observatorio de Género BO,https://www.facebook.com/CoordinadoraBO,2025-06-16,2011-11-30,no,21000,0,2025-05-08,post,https://www.facebook.com/share/p/1CApSY1dEE/,9,1,85,67,17,0,0,0,0,1,"Hoy, la Coordinadora de la Mujer - Observatorio de Género BO, junto al Programa de las Naciones Unidas para el Desarrollo - PNUD, Fundación Friedrich Ebert Bolivia  Fu… Ver más"
Coordinadora de la Mujer - Observatorio de Género BO,https://www.facebook.com/CoordinadoraBO,2025-06-16,2011-11-30,no,21000,0,2025-05-08,post,https://www.facebook.com/share/v/16oKndi2dg/,0,0,18,17,1,0,0,0,0,0,"""Este esfuerzo colectivo busca fortalecer la vigilancia ciudadana, promover un voto informado y aportar a un proceso electoral transparente, legítimo y justo"", afirmó … Ver más"
Coordinadora de la Mujer - Observatorio de Género BO,https://www.facebook.com/CoordinadoraBO,2025-06-16,2011-11-30,no,21000,0,2025-05-09,post,https://www.facebook.com/share/v/15U29ve1bW/,11,1,22,15,5,0,0,0,0,2,"¿𝐐𝐮𝐞́ 𝐝𝐢𝐜𝐞 𝐞𝐥 𝐞𝐬𝐭𝐮𝐝𝐢𝐨 𝐬𝐨𝐛𝐫𝐞 𝐚𝐜𝐨𝐬𝐨 𝐬𝐞𝐱𝐮𝐚𝐥 𝐞𝐧 𝐥𝐚 𝐔𝐌𝐒𝐀?
 Datos, testimonios y propuestas para una universidad libre de violencias.
Mira este video resumen del estudio.
I… Ver más"
Coordinadora de la Mujer - Observatorio de Género BO,https://www.facebook.com/CoordinadoraBO,2025-06-16,2011-11-30,no,21000,0,2025-05-12,post,2025-05-12,3,1,11,10,1,0,0,0,0,0,
Coordinadora de la Mujer - Observatorio de Género BO,https://www.facebook.com/CoordinadoraBO,2025-06-16,2011-11-30,no,21000,0,2025-05-12,post,https://www.facebook.com/share/p/1M4qfRqhic/,10,4,55,37,15,0,0,0,0,3,"#AHORA
#LaPaz acoge al Encuentro Plurinacional por los Derechos Humanos de la Población LGBTIQ+ de Bolivia en la Ciudad de La Paz, que arranca hoy y durará 3 días.… Ver más"
Coordinadora de la Mujer - Observatorio de Género BO,https://www.facebook.com/CoordinadoraBO,2025-06-16,2011-11-30,no,21000,0,2025-05-12,post,https://www.facebook.com/share/p/16miy16hzL/,2,1,29,27,1,0,0,0,0,1,#Sucre … Ver más
Coordinadora de la Mujer - Observatorio de Género BO,https://www.facebook.com/CoordinadoraBO,2025-06-16,2011-11-30,no,21000,0,2025-05-12,post,https://www.facebook.com/share/v/19AiPsxduN/,10,2,31,22,9,0,0,0,0,0,"#encuentro
¿Por qué es importante que la población #LGBTIQ+ cuente con una agenda política?, ¿cuál es el objetivo de esta agenda?, ¿quiénes participan en su constru… Ver más"
Coordinadora de la Mujer - Observatorio de Género BO,https://www.facebook.com/CoordinadoraBO,2025-06-16,2011-11-30,no,21000,0,2025-05-13,post,https://www.facebook.com/share/p/1BnXMkKrqZ/,4,0,26,24,1,0,0,0,0,1,"#Ahora #Sucre
 Día 2 del #EncuentroNacional –… Ver más"
Coordinadora de la Mujer - Observatorio de Género BO,https://www.facebook.com/CoordinadoraBO,2025-06-16,2011-11-30,no,21000,0,2025-05-13,post,https://www.facebook.com/share/p/15gixCFCZq/,5,0,17,17,0,0,0,0,0,0,"#Pando
Desde el norte del país, las mujeres trazan el camino.… Ver más"
Coordinadora de la Mujer - Observatorio de Género BO,https://www.facebook.com/CoordinadoraBO,2025-06-16,2011-11-30,no,21000,0,2025-05-13,post,https://www.facebook.com/share/p/19VxeGGd8e/,17,3,31,25,6,0,0,0,0,0,"#AgendaPaís
#Yacuiba es la primera parada del recorrido que  hoy comienza 𝐥𝐚 #𝐀𝐠𝐞𝐧𝐝𝐚𝐏𝐚𝐢́𝐬 𝐩𝐨𝐫 𝐮𝐧𝐚 ❞𝐁𝐨𝐥𝐢𝐯𝐢𝐚 𝐜𝐨𝐧 𝐈𝐠𝐮𝐚𝐥𝐝𝐚𝐝❞ 𝐝𝐞𝐬𝐝𝐞 𝐥𝐚 𝐦𝐢𝐫𝐚𝐝𝐚 𝐝𝐞 𝐥𝐚𝐬 𝐦𝐮𝐣𝐞𝐫𝐞𝐬.
Desde sus viven… Ver más"
Coordinadora de la Mujer - Observatorio de Género BO,https://www.facebook.com/CoordinadoraBO,2025-06-16,2011-11-30,no,21000,0,2025-05-14,post,https://www.facebook.com/share/p/16hhxdZPky/,8,0,32,26,4,0,0,0,0,2,"#Encuentro 
 Cuando nos unimos, avanzamos hacia una Bolivia con respeto e igualdad… Ver más"
Coordinadora de la Mujer - Observatorio de Género BO,https://www.facebook.com/CoordinadoraBO,2025-06-16,2011-11-30,no,21000,0,2025-05-14,post,https://www.facebook.com/share/p/1AQabTpauj/,6,2,38,28,8,0,1,0,0,1,"#Cochabamba
Este miércoles será el turno de #Cochabamba para la presentación oficial de la #𝐀𝐠𝐞𝐧𝐝𝐚𝐏𝐚𝐢́𝐬 𝐩𝐨𝐫 𝐮𝐧𝐚 ❞𝐁𝐨𝐥𝐢𝐯𝐢𝐚 𝐜𝐨𝐧 𝐈𝐠𝐮𝐚𝐥𝐝𝐚𝐝❞ 𝐝𝐞𝐬𝐝𝐞 𝐥𝐚 𝐦𝐢𝐫𝐚𝐝𝐚 𝐝𝐞 𝐥𝐚𝐬 𝐦𝐮𝐣𝐞𝐫𝐞𝐬, u… Ver más"
Coordinadora de la Mujer - Observatorio de Género BO,https://www.facebook.com/CoordinadoraBO,2025-06-16,2011-11-30,no,21000,0,2025-05-15,post,https://www.facebook.com/share/p/14qDS6DTpm/,0,2,25,21,4,0,0,0,0,0,"#AgendaPaís 
 #Tarija
""Sin mujeres no hay democracia"" y en Tarija lo demostramos! 
… Ver más"
Coordinadora de la Mujer - Observatorio de Género BO,https://www.facebook.com/CoordinadoraBO,2025-06-16,2011-11-30,no,21000,0,2025-05-15,post,https://www.facebook.com/share/p/1DjbdafLo7/,0,0,8,8,0,0,0,0,0,0,"#agendapaís #CIPCAnorteamazonico
 𝗢𝗿𝗴𝗮𝗻𝗶𝘇𝗮𝗰𝗶𝗼𝗻𝗲𝘀 𝗽𝗼𝗹𝗶́𝘁𝗶𝗰𝗮𝘀 𝗱𝗲 𝗣𝗮𝗻𝗱𝗼 𝗳𝗶𝗿𝗺𝗮𝗻 𝗰𝗼𝗺𝗽𝗿𝗼𝗺𝗶𝘀𝗼 𝗰𝗼𝗻 𝗹𝗮 𝗔𝗴𝗲𝗻𝗱𝗮 𝗣𝗮𝗶́𝘀 “𝗣𝗼𝗿 𝘂𝗻𝗮 𝗕𝗼𝗹𝗶𝘃𝗶𝗮 𝗰𝗼𝗻 𝗶𝗴𝘂𝗮𝗹𝗱𝗮𝗱 𝗱𝗲𝘀𝗱𝗲 𝗹𝗮 𝗺𝗶𝗿𝗮𝗱𝗮 𝗱𝗲 𝗹𝗮𝘀 𝗺𝘂𝗷𝗲𝗿𝗲… Ver más"
Coordinadora de la Mujer - Observatorio de Género BO,https://www.facebook.com/CoordinadoraBO,2025-06-16,2011-11-30,no,21000,0,2025-05-16,post,https://www.facebook.com/share/p/15gx1Ur3ML/,1,0,15,8,7,0,0,0,0,0,"#Tarija #AgendaPaís
“Sin mujeres no hay democracia”
… Ver más"
Coordinadora de la Mujer - Observatorio de Género BO,https://www.facebook.com/CoordinadoraBO,2025-05-22,2011-11-30,no,21000,0,2025-05-17,post,https://www.facebook.com/share/v/16CMXoJimk/,14,1,,35,0,0,0,0,0,0, ¡OJO organizaciones políticas y alianzas! Estos son los requisitos para el registro de candidaturas rumbo a las #EleccionesNacionales2025 después no se podrá subsanar… Ver más
Coordinadora de la Mujer - Observatorio de Género BO,https://www.facebook.com/CoordinadoraBO,2025-06-16,2011-11-30,no,21000,0,2025-05-17,post,https://www.facebook.com/share/v/1L4pcktd5x/,14,1,35,35,0,0,0,0,0,0, ¡OJO organizaciones políticas y alianzas! Estos son los requisitos para el registro de candidaturas rumbo a las #EleccionesNacionales2025 después no se podrá subsanar… Ver más
Coordinadora de la Mujer - Observatorio de Género BO,https://www.facebook.com/CoordinadoraBO,2025-05-22,2011-11-30,no,21000,0,2025-05-19,post,https://www.facebook.com/share/p/19EVjMUEom/,20,8,,0,0,0,0,0,0,0,"#Ahora #19M
Hoy es un día clave en el calendario electoral, que marca el cierre del período de inscripciones de candidaturas, rumbo a las #eleccionesbolivia2025… Ver más"
Coordinadora de la Mujer - Observatorio de Género BO,https://www.facebook.com/CoordinadoraBO,2025-05-22,2011-11-30,no,21000,0,2025-05-19,post,not-found-post-url-203627,14,8,,38,11,0,0,1,0,3,
Coordinadora de la Mujer - Observatorio de Género BO,https://www.facebook.com/CoordinadoraBO,2025-05-22,2011-11-30,no,21000,0,2025-05-19,post,https://www.facebook.com/share/p/1DhPYP24sV/,37,2,,51,0,1,0,0,0,0," La paridad es un derecho, no un favor.… Ver más"
Coordinadora de la Mujer - Observatorio de Género BO,https://www.facebook.com/CoordinadoraBO,2025-05-22,2011-11-30,no,21000,0,2025-05-19,post,https://www.facebook.com/CoordinadoraBO/posts/pfbid02ZcYAsPCTjGs2KfQ48JpED3QgZpvu8aCEgEzMhCZt1H82WsoEJ9AP1aJjopxQrByil,4,2,,0,0,0,0,0,0,0,"#EleccionesNacionales2025
Dentro y fuera del Tribunal Supremo Electoral, la #CoordinadoraDeLaMujer como parte el Movimiento #JuntasHacemosHistoria, vigilante al cumpl… Ver más"
Coordinadora de la Mujer - Observatorio de Género BO,https://www.facebook.com/CoordinadoraBO,2025-06-16,2011-11-30,no,21000,0,2025-05-19,post,https://www.facebook.com/share/p/1RhbMq1Egh/,21,8,98,81,16,0,0,0,0,1,"#Ahora #19M
Hoy es un día clave en el calendario electoral, que marca el cierre del período de inscripciones de candidaturas, rumbo a las #eleccionesbolivia2025… Ver más"
Coordinadora de la Mujer - Observatorio de Género BO,https://www.facebook.com/CoordinadoraBO,2025-06-16,2011-11-30,no,21000,0,2025-05-19,post,https://www.facebook.com/share/p/1AfxMnFCBM/,37,2,52,51,0,1,0,0,0,0," La paridad es un derecho, no un favor.… Ver más"
Coordinadora de la Mujer - Observatorio de Género BO,https://www.facebook.com/CoordinadoraBO,2025-06-16,2011-11-30,no,21000,0,2025-05-20,post,https://www.facebook.com/share/p/1BqwxxKxEb/,6,3,55,47,8,0,0,0,0,0,"#agendapaís
Las mujeres alzamos la voz y proponemos una agenda para el país.
E… Ver más"
Coordinadora de la Mujer - Observatorio de Género BO,https://www.facebook.com/CoordinadoraBO,2025-06-16,2011-11-30,no,21000,0,2025-05-20,post,https://www.facebook.com/share/p/19EmYGVhFy/,3,0,9,7,2,0,0,0,0,0,"#SantaCruz  #EleccionesNacionales2025 #19Mayo
𝐌𝐨𝐯𝐢𝐥𝐢𝐳𝐚𝐜𝐢𝐨́𝐧 𝐍𝐚𝐜𝐢𝐨𝐧𝐚𝐥 𝐩𝐨𝐫 𝐥𝐚 𝐩𝐚𝐫𝐢𝐝𝐚𝐝
¡Santa Cruz presente por la par… Ver más"
Coordinadora de la Mujer - Observatorio de Género BO,https://www.facebook.com/CoordinadoraBO,2025-05-22,2011-11-30,no,21000,0,2025-05-20,post,not-found-post-url--101663,0,0,,0,0,0,0,0,0,0,"#LaPaz #EleccionesNacionales2025  #19Mayo 
𝐌𝐨𝐯𝐢𝐥𝐢𝐳𝐚𝐜𝐢𝐨́𝐧 𝐍𝐚𝐜𝐢𝐨𝐧𝐚𝐥 𝐩𝐨𝐫 𝐥𝐚 𝐩𝐚𝐫𝐢𝐝𝐚𝐝
¡Así se vivió la movilización … Ver más"
Coordinadora de la Mujer - Observatorio de Género BO,https://www.facebook.com/CoordinadoraBO,2025-05-22,2011-11-30,no,21000,0,2025-05-20,post,not-found-post-url--233542,0,0,,0,0,0,0,0,0,0,"#Tarija #EleccionesNacionales2025
  #19Mayo
𝐌𝐨𝐯𝐢𝐥𝐢𝐳𝐚𝐜𝐢𝐨́𝐧 𝐍𝐚𝐜𝐢𝐨𝐧𝐚𝐥 𝐩𝐨𝐫 𝐥𝐚 𝐩𝐚𝐫𝐢𝐝𝐚𝐝
Desde Tarija, mujeres organizada… Ver más"
Coordinadora de la Mujer - Observatorio de Género BO,https://www.facebook.com/CoordinadoraBO,2025-06-16,2011-11-30,no,21000,0,2025-05-20,post,https://www.facebook.com/share/p/1BygxDVCg3/,2,0,15,12,3,0,0,0,0,0,"#Tarija #EleccionesNacionales2025
  #19Mayo
𝐌𝐨𝐯𝐢𝐥𝐢𝐳𝐚𝐜𝐢𝐨́𝐧 𝐍𝐚𝐜𝐢𝐨𝐧𝐚𝐥 𝐩𝐨𝐫 𝐥𝐚 𝐩𝐚𝐫𝐢𝐝𝐚𝐝
Desde Tarija, mujeres organizada… Ver más"
Coordinadora de la Mujer - Observatorio de Género BO,https://www.facebook.com/CoordinadoraBO,2025-05-22,2011-11-30,no,21000,0,2025-05-21,post,not-found-post-url-504591,0,0,,0,0,0,0,0,0,0,"#ForoInternacionalDeCuidados
¿Por qué hablar de sistemas de cuidado? 
… Ver más"
Coordinadora de la Mujer - Observatorio de Género BO,https://www.facebook.com/CoordinadoraBO,2025-06-16,2011-11-30,no,21000,0,2025-05-21,post,https://www.facebook.com/share/p/1CH5eodbVj/,1,0,27,22,5,0,0,0,0,0,"#ForoInternacionalDeCuidados
#LaPaz es sede de un diálogo fundamental: el Foro Internacional ""Hacia la Construcción de Sistemas de Cuidado en Bolivia"". … Ver más"
Coordinadora de la Mujer - Observatorio de Género BO,https://www.facebook.com/CoordinadoraBO,2025-06-16,2011-11-30,no,21000,0,2025-05-21,post,https://www.facebook.com/share/p/1ADeJ5d1av/,15,0,22,22,0,0,0,0,0,0, Paridad incompleta = Democracia incompleta… Ver más
Coordinadora de la Mujer - Observatorio de Género BO,https://www.facebook.com/CoordinadoraBO,2025-06-16,2011-11-30,no,21000,0,2025-05-21,post,https://www.facebook.com/share/v/1CPMNFEGAU/,4,0,39,35,4,0,0,0,0,0,"#ForoInternacionalDeCuidados
¿Por qué hablar de sistemas de cuidado? 
… Ver más"
Coordinadora de la Mujer - Observatorio de Género BO,https://www.facebook.com/CoordinadoraBO,2025-05-22,2011-11-30,no,21000,0,2025-05-21,post,not-found-post-url--343929,0,0,,19,0,0,0,0,0,0, Paridad incompleta = Democracia incompleta… Ver más
Coordinadora de la Mujer - Observatorio de Género BO,https://www.facebook.com/CoordinadoraBO,2025-05-22,2011-11-30,no,21000,0,2025-05-21,post,not-found-post-url--308114,0,0,,0,0,0,0,0,0,0,"#ForoInternacionalDeCuidados
#LaPaz es sede de un diálogo fundamental: el Foro Internacional ""Hacia la Construcción de Sistemas de Cuidado en Bolivia"". … Ver más"
Coordinadora de la Mujer - Observatorio de Género BO,https://www.facebook.com/CoordinadoraBO,2025-05-22,2011-11-30,no,21000,0,2025-05-22,post,not-found-post-url-286918,0,0,,1,0,0,0,0,0,0,"#Emprendimiento #LaPaz 
 
 ¡El 28 y 29 de mayo participaremos en la Feria de MyPES! 
 A través del proyecto Emprender para Crecer y Fortalecer, apoyando y financiado p… Ver más"
Coordinadora de la Mujer - Observatorio de Género BO,https://www.facebook.com/CoordinadoraBO,2025-05-22,2011-11-30,no,21000,0,2025-05-22,post,not-found-post-url-371076,1,2,,0,0,0,0,0,0,0," Iniciamos la segunda jornada del ""Foro Internacional hacia la construcción de sistemas de cuidado"". Dialogando sobre economía del cuidado, trabajo decente y hallazgos… Ver más"
Coordinadora de la Mujer - Observatorio de Género BO,https://www.facebook.com/CoordinadoraBO,2025-06-16,2011-11-30,no,21000,0,2025-05-22,post,https://www.facebook.com/share/p/16BDJShFT8/,0,0,6,6,0,0,0,0,0,0,"En el marco del ciclo #MujeresEnElBicentenario, nuestra directora ejecutiva, Tania Sánchez Montaño, comparte su historia, su visión y su compromiso con la lucha por los… Ver más"
Coordinadora de la Mujer - Observatorio de Género BO,https://www.facebook.com/CoordinadoraBO,2025-06-16,2011-11-30,no,21000,0,2025-05-22,post,2025-05-22,2,3,17,15,2,0,0,0,0,0," Iniciamos la segunda jornada del ""Foro Internacional hacia la construcción de sistemas de cuidado"". Dialogando sobre economía del cuidado, trabajo decente y hallazgos… Ver más"
Coordinadora de la Mujer - Observatorio de Género BO,https://www.facebook.com/CoordinadoraBO,2025-06-16,2011-11-30,no,21000,0,2025-05-23,post,https://www.facebook.com/share/p/15RbyyNMvV/,32,1,58,52,4,0,1,0,0,1,"Aún tenemos un largo camino por recorrer las mujeres solo encabezan 37 listas frente a 57 encabezadas por hombres.
Y de los 10 binomios presidenciales, solo uno tiene a… Ver más"
Coordinadora de la Mujer - Observatorio de Género BO,https://www.facebook.com/CoordinadoraBO,2025-06-16,2011-11-30,no,21000,0,2025-05-23,post,https://www.facebook.com/share/p/14E7Ja5Pbj2/,2,0,13,13,0,0,0,0,0,0,"#Oruro #EleccionesNacionales2025 
  #19Mayo 
𝐌𝐨𝐯𝐢𝐥𝐢𝐳𝐚𝐜𝐢𝐨́𝐧 𝐍𝐚𝐜𝐢𝐨𝐧𝐚𝐥 𝐩𝐨𝐫 𝐥𝐚 𝐩𝐚𝐫𝐢𝐝𝐚𝐝
 Mujeres en toda Bolivia se movi… Ver más"
Coordinadora de la Mujer - Observatorio de Género BO,https://www.facebook.com/CoordinadoraBO,2025-06-16,2011-11-30,no,21000,0,2025-05-23,post,https://www.facebook.com/share/p/19r4qVpgkK/,0,1,10,10,0,0,0,0,0,0,"#Chuquisaca #EleccionesNacionales2025 
  #19Mayo 
𝐌𝐨𝐯𝐢𝐥𝐢𝐳𝐚𝐜𝐢𝐨́𝐧 𝐍𝐚𝐜𝐢𝐨𝐧𝐚𝐥 𝐩𝐨𝐫 𝐥𝐚 𝐩𝐚𝐫𝐢𝐝𝐚𝐝
El 19 de mayo, mujeres de los nu… Ver más"
Coordinadora de la Mujer - Observatorio de Género BO,https://www.facebook.com/CoordinadoraBO,2025-06-16,2011-11-30,no,21000,0,2025-05-23,post,https://www.facebook.com/share/p/1ZqbjmxpmS/,1,0,13,12,1,0,0,0,0,0,"#Beni #EleccionesNacionales2025 #19Mayo 
𝐌𝐨𝐯𝐢𝐥𝐢𝐳𝐚𝐜𝐢𝐨́𝐧 𝐍𝐚𝐜𝐢𝐨𝐧𝐚𝐥 𝐩𝐨𝐫 𝐥𝐚 𝐩𝐚𝐫𝐢𝐝𝐚𝐝
El 19 de mayo nos movilizamos … Ver más"
Coordinadora de la Mujer - Observatorio de Género BO,https://www.facebook.com/CoordinadoraBO,2025-06-16,2011-11-30,no,21000,0,2025-05-24,post,https://www.facebook.com/share/p/1EXyqJs3Jv/,4,1,20,17,3,0,0,0,0,0,"#Bolivia 
Cada #24deMayo recordamos que el racismo y la discriminación no solo son parte de una historia que duele, sino también realidades que persisten y que debemo… Ver más"
Coordinadora de la Mujer - Observatorio de Género BO,https://www.facebook.com/CoordinadoraBO,2025-06-16,2011-11-30,no,21000,0,2025-05-26,post,https://www.facebook.com/share/v/1F3LJ9SbP4/,25,1,53,0,0,0,0,0,0,0," ¿Sabías que aunque el 50% de las candidaturas son mujeres…
 ...la mayoría de las listas para diputaciones plurinominales siguen encabezadas por hombres? 
… Ver más"
Coordinadora de la Mujer - Observatorio de Género BO,https://www.facebook.com/CoordinadoraBO,2025-06-02,2011-11-30,no,21000,0,2025-05-26,post,https://www.facebook.com/share/v/1BtGeAzFM1/,25,1,,0,0,0,0,0,0,0," ¿Sabías que aunque el 50% de las candidaturas son mujeres…
 ...la mayoría de las listas para diputaciones plurinominales siguen encabezadas por hombres? 
… Ver más"
Coordinadora de la Mujer - Observatorio de Género BO,https://www.facebook.com/CoordinadoraBO,2025-06-02,2011-11-30,no,21000,0,2025-05-27,post,https://www.facebook.com/share/p/1AZmeeexdx/,5,4,,0,0,0,0,0,0,0,"La directora ejecutiva de la #CoordinadoraDeLaMujer, Tania Sánchez Montaño participará de este importante espacio de análisis y reflexión. 
Tema: LAS MUJERES EN LA POLÍ… Ver más"
Coordinadora de la Mujer - Observatorio de Género BO,https://www.facebook.com/CoordinadoraBO,2025-06-16,2011-11-30,no,21000,0,2025-05-27,post,https://www.facebook.com/share/p/1ZZA4Nbrap/,4,1,7,7,0,0,0,0,0,0,"¡Junt@s emprendemos!
¡Estamos emocionadas de ser parte de la Feria de MyPES! un espacio para la creatividad y la innovación de emprendedoras y emprendedores bolivianos.… Ver más"
Coordinadora de la Mujer - Observatorio de Género BO,https://www.facebook.com/CoordinadoraBO,2025-06-16,2011-11-30,no,21000,0,2025-05-27,post,https://www.facebook.com/share/p/1BA6mgqrG3/,5,4,41,34,7,0,0,0,0,0,"La directora ejecutiva de la #CoordinadoraDeLaMujer, Tania Sánchez Montaño participará de este importante espacio de análisis y reflexión. 
Tema: LAS MUJERES EN LA POLÍ… Ver más"
Coordinadora de la Mujer - Observatorio de Género BO,https://www.facebook.com/CoordinadoraBO,2025-06-02,2011-11-30,no,21000,0,2025-05-27,post,https://www.facebook.com/share/p/1EYn7vaK58/,4,1,,6,0,0,0,0,0,0,"¡Junt@s emprendemos!
¡Estamos emocionadas de ser parte de la Feria de MyPES! un espacio para la creatividad y la innovación de emprendedoras y emprendedores bolivianos.… Ver más"
Coordinadora de la Mujer - Observatorio de Género BO,https://www.facebook.com/CoordinadoraBO,2025-06-16,2011-11-30,no,21000,0,2025-05-28,post,https://www.facebook.com/share/v/18nHRw2MDY/,1,1,6,0,0,0,0,0,0,0,"#VocesLGBTIQ+ 
 ¡Todas las familias valen, todas las familias cuentan!
 Escu… Ver más"
Coordinadora de la Mujer - Observatorio de Género BO,https://www.facebook.com/CoordinadoraBO,2025-06-16,2011-11-30,no,21000,0,2025-05-28,post,2025-05-28,2,1,14,11,3,0,0,0,0,0,
Coordinadora de la Mujer - Observatorio de Género BO,https://www.facebook.com/CoordinadoraBO,2025-06-02,2011-11-30,no,21000,0,2025-05-28,post,2025-05-28,13,11,49,38,6,3,0,0,0,2,MARCHA POR LA DEMOCRACIA… Ver más
Coordinadora de la Mujer - Observatorio de Género BO,https://www.facebook.com/CoordinadoraBO,2025-06-02,2011-11-30,no,21000,0,2025-05-28,post,https://www.facebook.com/share/p/1BehDJvoad/,3,1,,0,0,0,0,0,0,0,"#Ahora #LaPaz
Conectamos emprendimientos y generamos oportunidades!… Ver más"
Coordinadora de la Mujer - Observatorio de Género BO,https://www.facebook.com/CoordinadoraBO,2025-06-02,2011-11-30,no,21000,0,2025-05-28,post,https://www.facebook.com/share/v/1E26X1srmc/,1,1,,5,0,0,0,0,0,0,"#VocesLGBTIQ+ 
 ¡Todas las familias valen, todas las familias cuentan!
 Escu… Ver más"
Coordinadora de la Mujer - Observatorio de Género BO,https://www.facebook.com/CoordinadoraBO,2025-06-16,2011-11-30,no,21000,0,2025-05-28,post,https://www.facebook.com/share/v/1AjNgTkgJT/,3,1,14,14,0,0,0,0,0,0,No lo olvides: la Ley 243 contra el acoso y violencia política también protege a las CANDIDATAS.… Ver más
Coordinadora de la Mujer - Observatorio de Género BO,https://www.facebook.com/CoordinadoraBO,2025-06-16,2011-11-30,no,21000,0,2025-05-28,post,https://www.facebook.com/share/p/15iuCSJPpt/,3,1,29,25,4,0,0,0,0,0,"#Ahora #LaPaz
Conectamos emprendimientos y generamos oportunidades!… Ver más"
Coordinadora de la Mujer - Observatorio de Género BO,https://www.facebook.com/CoordinadoraBO,2025-06-16,2011-11-30,no,21000,0,2025-05-29,post,https://www.facebook.com/share/p/1B7nXuF7Bu/,5,2,23,22,1,0,0,0,0,0,"Tania Sánchez Montaño, directora de la Coordinadora de la Mujer - Observatorio de Género BO, participa en el programa Sumando Voces: 𝐋𝐀𝐒 𝐌𝐔𝐉𝐄𝐑𝐄𝐒 𝐄𝐍 𝐋𝐀 𝐏𝐎𝐋𝐈́𝐓𝐈𝐂𝐀 𝐁𝐎𝐋𝐈𝐕𝐈𝐀… Ver más"
Coordinadora de la Mujer - Observatorio de Género BO,https://www.facebook.com/CoordinadoraBO,2025-06-02,2011-11-30,no,21000,0,2025-05-29,post,https://www.facebook.com/share/p/1AUpZK1k2q/,0,0,,5,0,0,0,0,0,0,"¡Feria de MyPES “Junt@s Emprendemos”
 Conoce los emprendimientos de La Paz, Cochabamba y Tarija que presentan sus productos en la Plaza Bicentenario y Atrio de la UMSA… Ver más"
Coordinadora de la Mujer - Observatorio de Género BO,https://www.facebook.com/CoordinadoraBO,2025-06-16,2011-11-30,no,21000,0,2025-05-29,post,https://www.facebook.com/share/p/1NvjDT1trc/,0,0,6,6,0,0,0,0,0,0,"¡Feria de MyPES “Junt@s Emprendemos”
 Conoce los emprendimientos de La Paz, Cochabamba y Tarija que presentan sus productos en la Plaza Bicentenario y Atrio de la UMSA… Ver más"
Coordinadora de la Mujer - Observatorio de Género BO,https://www.facebook.com/CoordinadoraBO,2025-06-02,2011-11-30,no,21000,0,2025-05-29,post,https://www.facebook.com/share/p/1AWnnka4Dh/,5,2,,21,1,0,0,0,0,0,"Tania Sánchez Montaño, directora de la Coordinadora de la Mujer - Observatorio de Género BO, participa en el programa Sumando Voces: 𝐋𝐀𝐒 𝐌𝐔𝐉𝐄𝐑𝐄𝐒 𝐄𝐍 𝐋𝐀 𝐏𝐎𝐋𝐈́𝐓𝐈𝐂𝐀 𝐁𝐎𝐋𝐈𝐕𝐈𝐀… Ver más"
Coordinadora de la Mujer - Observatorio de Género BO,https://www.facebook.com/CoordinadoraBO,2025-06-02,2011-11-30,no,21000,0,2025-05-29,post,https://www.facebook.com/share/p/12HxrWWmEcQ/,4,1,,0,0,0,0,0,0,0,"¡𝐀𝐬𝐢́ 𝐜𝐞𝐫𝐫𝐚𝐦𝐨𝐬 𝐥𝐚 𝐅𝐞𝐫𝐢𝐚 𝐌𝐲𝐏𝐄𝐒 “𝐉𝐮𝐧𝐭@𝐬 𝐄𝐦𝐩𝐫𝐞𝐧𝐝𝐞𝐦𝐨𝐬”! 
Más que una feria, fue un espacio de encuentro, aprendizaje y compromiso con el emprendimiento local.
Gracias a qu… Ver más"
Coordinadora de la Mujer - Observatorio de Género BO,https://www.facebook.com/CoordinadoraBO,2025-06-02,2011-11-30,no,21000,0,2025-05-29,post,https://www.facebook.com/share/p/15iYye5A8u/,11,1,,0,0,0,0,0,0,0,"#Hoy
¡Último día de la Feria MyPES “Junt@s Emprendemos”!… Ver más"
Coordinadora de la Mujer - Observatorio de Género BO,https://www.facebook.com/CoordinadoraBO,2025-06-16,2011-11-30,no,21000,0,2025-05-29,post,https://www.facebook.com/share/p/16Lg5xaDuB/,11,1,18,15,3,0,0,0,0,0,"#Hoy
¡Último día de la Feria MyPES “Junt@s Emprendemos”!… Ver más"
Coordinadora de la Mujer - Observatorio de Género BO,https://www.facebook.com/CoordinadoraBO,2025-06-16,2011-11-30,no,21000,0,2025-05-30,post,https://www.facebook.com/share/p/1DirW9Uawe/,5,0,45,40,5,0,0,0,0,0,"#TallerMiniProyectosRFSU2025 #DSDR #VidaLibreDeViolencia
 Fortalecer la incidencia en DSDR es también una acción política.… Ver más"
Coordinadora de la Mujer - Observatorio de Género BO,https://www.facebook.com/CoordinadoraBO,2025-06-02,2011-11-30,no,21000,0,2025-05-30,post,https://www.facebook.com/share/p/1C5LbhbZzF/,5,0,,0,0,0,0,0,0,0,"#TallerMiniProyectosRFSU2025 #DSDR #VidaLibreDeViolencia
 Fortalecer la incidencia en DSDR es también una acción política.… Ver más"
Coordinadora de la Mujer - Observatorio de Género BO,https://www.facebook.com/CoordinadoraBO,2025-06-10,2011-11-30,no,21000,0,2025-06-02,post,https://www.facebook.com/share/v/1AvAfdQRpn/,2,0,13,0,0,0,0,0,0,0,"¿Necesitas un espacio seguro para hablar? 
El Chatbot Andy es tu aliado en la #UMSA  para denunciar acoso y violencia sexual. 
Tu… Ver más"
Coordinadora de la Mujer - Observatorio de Género BO,https://www.facebook.com/CoordinadoraBO,2025-06-16,2011-11-30,no,21000,0,2025-06-02,post,https://www.facebook.com/share/v/169bYxu7cG/,2,0,13,13,0,0,0,0,0,0,"¿Necesitas un espacio seguro para hablar? 
El Chatbot Andy es tu aliado en la #UMSA  para denunciar acoso y violencia sexual. 
Tu… Ver más"
Coordinadora de la Mujer - Observatorio de Género BO,https://www.facebook.com/CoordinadoraBO,2025-06-11,2011-11-30,no,21000,0,2025-06-02,post,https://www.facebook.com/share/v/1EikKNqRcn/,2,0,13,0,0,0,0,0,0,0,"¿Necesitas un espacio seguro para hablar? 
El Chatbot Andy es tu aliado en la #UMSA  para denunciar acoso y violencia sexual. 
Tu… Ver más"
Coordinadora de la Mujer - Observatorio de Género BO,https://www.facebook.com/CoordinadoraBO,2025-06-10,2011-11-30,no,21000,0,2025-06-03,post,https://www.facebook.com/share/p/1FfwL7CFrY/,2,2,15,0,0,0,0,0,0,0,"#Cochabamba  
Del 29 de mayo al 14 de junio, estamos construyendo políticas públicas para fortalecer los emprendimientos de jóvenes y mujeres. … Ver más"
Coordinadora de la Mujer - Observatorio de Género BO,https://www.facebook.com/CoordinadoraBO,2025-06-11,2011-11-30,no,21000,0,2025-06-03,post,https://www.facebook.com/share/v/1HCoHbb4hk/,1,0,13,0,0,0,0,0,0,0,"#VocesLGBTIQ+ 
”𝐒𝐚𝐥𝐮𝐝, 𝐞𝐝𝐮𝐜𝐚𝐜𝐢𝐨́𝐧 𝐲 𝐣𝐮𝐬𝐭𝐢𝐜𝐢𝐚 𝐬𝐨𝐧 𝐭𝐞𝐦𝐚𝐬 𝐩𝐫𝐢𝐨𝐫𝐢𝐭𝐚𝐫𝐢𝐨𝐬 𝐞𝐧 la #𝐀𝐠𝐞𝐧𝐝𝐚𝐋𝐆𝐁𝐓𝐈𝐐+” 
 Para Wendy Balderrama, de la Asociación Equidad Oruro y Co… Ver más"
Coordinadora de la Mujer - Observatorio de Género BO,https://www.facebook.com/CoordinadoraBO,2025-06-10,2011-11-30,no,21000,0,2025-06-03,post,https://www.facebook.com/share/v/15LYqPR6uy/,5,2,32,0,0,0,0,0,0,0,"Todo empezó con una clase, pero terminó siendo una pesadilla.
El acoso en la universidad existe. No lo minimices #HASTuParte… Ver más"
Coordinadora de la Mujer - Observatorio de Género BO,https://www.facebook.com/CoordinadoraBO,2025-06-16,2011-11-30,no,21000,0,2025-06-03,post,https://www.facebook.com/share/p/16cDfxiDQr/,2,2,15,13,2,0,0,0,0,0,"#Cochabamba  
Del 29 de mayo al 14 de junio, estamos construyendo políticas públicas para fortalecer los emprendimientos de jóvenes y mujeres. … Ver más"
Coordinadora de la Mujer - Observatorio de Género BO,https://www.facebook.com/CoordinadoraBO,2025-06-16,2011-11-30,no,21000,0,2025-06-03,post,https://www.facebook.com/share/v/1GFwfKtAnm/,1,0,13,10,3,0,0,0,0,0,"#VocesLGBTIQ+ 
”𝐒𝐚𝐥𝐮𝐝, 𝐞𝐝𝐮𝐜𝐚𝐜𝐢𝐨́𝐧 𝐲 𝐣𝐮𝐬𝐭𝐢𝐜𝐢𝐚 𝐬𝐨𝐧 𝐭𝐞𝐦𝐚𝐬 𝐩𝐫𝐢𝐨𝐫𝐢𝐭𝐚𝐫𝐢𝐨𝐬 𝐞𝐧 la #𝐀𝐠𝐞𝐧𝐝𝐚𝐋𝐆𝐁𝐓𝐈𝐐+” 
 Para Wendy Balderrama, de la Asociación Equidad Oruro y Co… Ver más"
Coordinadora de la Mujer - Observatorio de Género BO,https://www.facebook.com/CoordinadoraBO,2025-06-11,2011-11-30,no,21000,0,2025-06-03,post,https://www.facebook.com/share/p/16MPM88tHL/,2,2,15,0,0,0,0,0,0,0,"#Cochabamba  
Del 29 de mayo al 14 de junio, estamos construyendo políticas públicas para fortalecer los emprendimientos de jóvenes y mujeres. … Ver más"
Coordinadora de la Mujer - Observatorio de Género BO,https://www.facebook.com/CoordinadoraBO,2025-06-16,2011-11-30,no,21000,0,2025-06-03,post,https://www.facebook.com/share/v/1E5nnYXURc/,5,2,32,32,0,0,0,0,0,0,"Todo empezó con una clase, pero terminó siendo una pesadilla.
El acoso en la universidad existe. No lo minimices #HASTuParte… Ver más"
Coordinadora de la Mujer - Observatorio de Género BO,https://www.facebook.com/CoordinadoraBO,2025-06-11,2011-11-30,no,21000,0,2025-06-03,post,https://www.facebook.com/share/v/1GDY2MQxfc/,5,2,32,0,0,0,0,0,0,0,"Todo empezó con una clase, pero terminó siendo una pesadilla.
El acoso en la universidad existe. No lo minimices #HASTuParte… Ver más"
Coordinadora de la Mujer - Observatorio de Género BO,https://www.facebook.com/CoordinadoraBO,2025-06-10,2011-11-30,no,21000,0,2025-06-03,post,https://www.facebook.com/share/v/1J74SfnFrL/,1,0,13,0,0,0,0,0,0,0,"#VocesLGBTIQ+ 
”𝐒𝐚𝐥𝐮𝐝, 𝐞𝐝𝐮𝐜𝐚𝐜𝐢𝐨́𝐧 𝐲 𝐣𝐮𝐬𝐭𝐢𝐜𝐢𝐚 𝐬𝐨𝐧 𝐭𝐞𝐦𝐚𝐬 𝐩𝐫𝐢𝐨𝐫𝐢𝐭𝐚𝐫𝐢𝐨𝐬 𝐞𝐧 la #𝐀𝐠𝐞𝐧𝐝𝐚𝐋𝐆𝐁𝐓𝐈𝐐+” 
 Para Wendy Balderrama, de la Asociación Equidad Oruro y Co… Ver más"
Coordinadora de la Mujer - Observatorio de Género BO,https://www.facebook.com/CoordinadoraBO,2025-06-11,2011-11-30,no,21000,0,2025-06-04,post,https://www.facebook.com/share/v/1AtdFjHQ6d/,11,2,24,0,0,0,0,0,0,0,"#MujeresEnPolítica
Si eres candidata, autoridad o militante, y enfrentas acoso o violencia política, tienes derecho a denunciar.… Ver más"
Coordinadora de la Mujer - Observatorio de Género BO,https://www.facebook.com/CoordinadoraBO,2025-06-10,2011-11-30,no,21000,0,2025-06-04,post,https://www.facebook.com/share/v/1FeUnLXNBv/,1,2,11,0,0,0,0,0,0,0,"#VocesLGBTIQ+ 
¡… Ver más"
Coordinadora de la Mujer - Observatorio de Género BO,https://www.facebook.com/CoordinadoraBO,2025-06-10,2011-11-30,no,21000,0,2025-06-04,post,https://www.facebook.com/share/v/19c1HtbRU2/,11,2,24,0,0,0,0,0,0,0,"#MujeresEnPolítica
Si eres candidata, autoridad o militante, y enfrentas acoso o violencia política, tienes derecho a denunciar.… Ver más"
Coordinadora de la Mujer - Observatorio de Género BO,https://www.facebook.com/CoordinadoraBO,2025-06-10,2011-11-30,no,21000,0,2025-06-04,post,https://www.facebook.com/share/v/1AYdKEHkSZ/,0,1,5,0,0,0,0,0,0,0,"#NiUnaMenos 
¡𝟏𝟎 𝐚𝐧̃𝐨𝐬 𝐝𝐞 𝐥𝐮𝐜𝐡𝐚 𝐪𝐮𝐞 𝐧𝐨𝐬 𝐮𝐧𝐞𝐧! 
 Nuestra directora, Ta… Ver más"
Coordinadora de la Mujer - Observatorio de Género BO,https://www.facebook.com/CoordinadoraBO,2025-06-16,2011-11-30,no,21000,0,2025-06-04,post,https://www.facebook.com/share/v/1AuEVtgUXU/,0,1,6,6,0,0,0,0,0,0,"#NiUnaMenos 
¡𝟏𝟎 𝐚𝐧̃𝐨𝐬 𝐝𝐞 𝐥𝐮𝐜𝐡𝐚 𝐪𝐮𝐞 𝐧𝐨𝐬 𝐮𝐧𝐞𝐧! 
 Nuestra directora, Ta… Ver más"
Coordinadora de la Mujer - Observatorio de Género BO,https://www.facebook.com/CoordinadoraBO,2025-06-16,2011-11-30,no,21000,0,2025-06-04,post,https://www.facebook.com/share/v/1CAHZfDwUY/,1,2,11,9,1,0,0,0,0,1,"#VocesLGBTIQ+ 
¡… Ver más"
Coordinadora de la Mujer - Observatorio de Género BO,https://www.facebook.com/CoordinadoraBO,2025-06-11,2011-11-30,no,21000,0,2025-06-04,post,https://www.facebook.com/share/v/14J4n4yRkEh/,0,1,5,0,0,0,0,0,0,0,"#NiUnaMenos 
¡𝟏𝟎 𝐚𝐧̃𝐨𝐬 𝐝𝐞 𝐥𝐮𝐜𝐡𝐚 𝐪𝐮𝐞 𝐧𝐨𝐬 𝐮𝐧𝐞𝐧! 
 Nuestra directora, Ta… Ver más"
Coordinadora de la Mujer - Observatorio de Género BO,https://www.facebook.com/CoordinadoraBO,2025-06-11,2011-11-30,no,21000,0,2025-06-04,post,https://www.facebook.com/share/v/16Z6GvyLYR/,1,2,11,0,0,0,0,0,0,0,"#VocesLGBTIQ+ 
¡… Ver más"
Coordinadora de la Mujer - Observatorio de Género BO,https://www.facebook.com/CoordinadoraBO,2025-06-10,2011-11-30,no,21000,0,2025-06-05,post,https://www.facebook.com/share/p/15zfGcGBbJ/,1,7,140,0,0,0,0,0,0,0,"#DesAprendiendoLasViolencias
La sistematización del concurso DesAprendiendo las Violencias nos muestra experiencias pedagógicas y estrategias innovadoras de maestras y … Ver más"
Coordinadora de la Mujer - Observatorio de Género BO,https://www.facebook.com/CoordinadoraBO,2025-06-11,2011-11-30,no,21000,0,2025-06-05,post,https://www.facebook.com/share/p/1FLP4nPT5X/,1,8,165,0,0,0,0,0,0,0,"#DesAprendiendoLasViolencias
La sistematización del concurso DesAprendiendo las Violencias nos muestra experiencias pedagógicas y estrategias innovadoras de maestras y … Ver más"
Coordinadora de la Mujer - Observatorio de Género BO,https://www.facebook.com/CoordinadoraBO,2025-06-16,2011-11-30,no,21000,0,2025-06-05,post,https://www.facebook.com/share/v/16QujEGD1t/,3,1,11,8,3,0,0,0,0,0,"#VocesLGBTIQ+  
𝐈𝐦𝐩𝐮𝐥𝐬𝐚𝐫 𝐥𝐚 #𝐏𝐚𝐫𝐭𝐢𝐜𝐢𝐩𝐚𝐜𝐢𝐨́𝐧𝐏𝐨𝐥𝐢́𝐭𝐢𝐜𝐚 𝐩𝐚𝐫𝐚 𝐪𝐮𝐞 𝐥𝐚 𝐜𝐨𝐦𝐮𝐧𝐢𝐝𝐚𝐝 𝐋𝐆𝐁𝐓𝐈𝐐+ 𝐬𝐞𝐚 𝐩𝐫𝐨𝐭𝐚𝐠𝐨𝐧𝐢𝐬𝐭𝐚 𝐲 𝐬𝐞 𝐚𝐜𝐜𝐢𝐨𝐧𝐞 𝐝𝐞 𝐦𝐚𝐧𝐞𝐫𝐚 𝐜𝐨𝐥𝐞𝐜𝐭𝐢𝐯𝐚. 
 
¡Tu voz es poder! … Ver más"
Coordinadora de la Mujer - Observatorio de Género BO,https://www.facebook.com/CoordinadoraBO,2025-06-16,2011-11-30,no,21000,0,2025-06-05,post,https://www.facebook.com/share/p/1KhYRQyGGo/,1,1,8,8,0,0,0,0,0,0,"Nos solidarizamos con Católicas por el Derecho a Decidir Argentina ante el intento del gobierno de #argentina de limitar su participación en la #OEA.
Este hecho no so… Ver más"
Coordinadora de la Mujer - Observatorio de Género BO,https://www.facebook.com/CoordinadoraBO,2025-06-11,2011-11-30,no,21000,0,2025-06-06,post,https://www.facebook.com/share/v/1FU8tMg1bH/,0,0,6,0,0,0,0,0,0,0,"#VocesLGBTIQ+
En un mundo que insiste en silenciar sus voces, hablar de la salud y los derechos de las personas LGBTIQ+ es una necesidad, no una opción. 
Pao… Ver más"
Coordinadora de la Mujer - Observatorio de Género BO,https://www.facebook.com/CoordinadoraBO,2025-06-11,2011-11-30,no,21000,0,2025-06-06,post,https://www.facebook.com/share/p/1CAHrhAEF4/,3,2,21,0,0,0,0,0,0,0,"#díadelmaestroymaestra
Hoy, 6 de junio, saludamos en su día a las y los maestrxs, en Bolivia. … Ver más"
Coordinadora de la Mujer - Observatorio de Género BO,https://www.facebook.com/CoordinadoraBO,2025-06-16,2011-11-30,no,21000,0,2025-06-06,post,2025-06-06,0,0,0,0,0,0,0,0,0,0,
Coordinadora de la Mujer - Observatorio de Género BO,https://www.facebook.com/CoordinadoraBO,2025-06-11,2011-11-30,no,21000,0,2025-06-06,post,https://www.facebook.com/share/v/12JiRkT7T1G/,12,2,79,0,0,0,0,0,0,0,"#DesAprendiendoLasViolencias
 El concurso #DesAprendiendoLasViolencias revela cómo maestras y maestros están desafiando los estereotipos de género y aportando a la con… Ver más"
Coordinadora de la Mujer - Observatorio de Género BO,https://www.facebook.com/CoordinadoraBO,2025-06-11,2011-11-30,no,21000,0,2025-06-06,post,https://www.facebook.com/share/p/1EX4GN7ugU/,1,0,7,0,0,0,0,0,0,0,"#DesAprendiendoLasViolencias
¡Hackeando la violencia con tecnología!… Ver más"
Coordinadora de la Mujer - Observatorio de Género BO,https://www.facebook.com/CoordinadoraBO,2025-06-16,2011-11-30,no,21000,0,2025-06-06,post,https://www.facebook.com/share/v/1CSALVojVV/,5,0,15,14,0,0,0,1,0,0,"¿Te ha pasado o lo has visto? ¡#Denuncia!
No normalices
… Ver más"
Coordinadora de la Mujer - Observatorio de Género BO,https://www.facebook.com/CoordinadoraBO,2025-06-10,2011-11-30,no,21000,0,2025-06-06,post,https://www.facebook.com/share/v/19cVuxoJsz/,8,1,65,0,0,0,0,0,0,0,"#DesAprendiendoLasViolencias
 El concurso #DesAprendiendoLasViolencias revela cómo maestras y maestros están desafiando los estereotipos de género y aportando a la con… Ver más"
Coordinadora de la Mujer - Observatorio de Género BO,https://www.facebook.com/CoordinadoraBO,2025-06-11,2011-11-30,no,21000,0,2025-06-06,post,https://www.facebook.com/share/v/19b6JWdQTz/,5,0,14,0,0,0,0,0,0,0,"¿Te ha pasado o lo has visto? ¡#Denuncia!
No normalices
… Ver más"
Coordinadora de la Mujer - Observatorio de Género BO,https://www.facebook.com/CoordinadoraBO,2025-06-16,2011-11-30,no,21000,0,2025-06-06,post,https://www.facebook.com/share/v/19J9AB5EAN/,13,2,93,84,7,1,0,0,0,1,"#DesAprendiendoLasViolencias
 El concurso #DesAprendiendoLasViolencias revela cómo maestras y maestros están desafiando los estereotipos de género y aportando a la con… Ver más"
Coordinadora de la Mujer - Observatorio de Género BO,https://www.facebook.com/CoordinadoraBO,2025-06-16,2011-11-30,no,21000,0,2025-06-06,post,https://www.facebook.com/share/v/1DmLgGdJ3i/,1,0,7,7,0,0,0,0,0,0,"#VocesLGBTIQ+
En un mundo que insiste en silenciar sus voces, hablar de la salud y los derechos de las personas LGBTIQ+ es una necesidad, no una opción. 
Pao… Ver más"
Coordinadora de la Mujer - Observatorio de Género BO,https://www.facebook.com/CoordinadoraBO,2025-06-16,2011-11-30,no,21000,0,2025-06-06,post,https://www.facebook.com/share/p/19DAeTkV5t/,1,0,8,8,0,0,0,0,0,0,"#DesAprendiendoLasViolencias
¡Hackeando la violencia con tecnología!… Ver más"
Coordinadora de la Mujer - Observatorio de Género BO,https://www.facebook.com/CoordinadoraBO,2025-06-16,2011-11-30,no,21000,0,2025-06-06,post,https://www.facebook.com/share/v/1ZryzFF7MB/,1,1,10,10,0,0,0,0,0,0,"#MujeresEnPolítica
El acoso y la violencia política contra las mujeres no solo son injusticias, sino también delitos penales.… Ver más"
Coordinadora de la Mujer - Observatorio de Género BO,https://www.facebook.com/CoordinadoraBO,2025-06-10,2011-11-30,no,21000,0,2025-06-06,post,https://www.facebook.com/share/v/16XKLH1hJs/,0,0,6,0,0,0,0,0,0,0,"#VocesLGBTIQ+
En un mundo que insiste en silenciar sus voces, hablar de la salud y los derechos de las personas LGBTIQ+ es una necesidad, no una opción. 
Pao… Ver más"
Coordinadora de la Mujer - Observatorio de Género BO,https://www.facebook.com/CoordinadoraBO,2025-06-10,2011-11-30,no,21000,0,2025-06-06,post,https://www.facebook.com/share/v/15QHG4WBKm/,1,0,8,0,0,0,0,0,0,0,"#MujeresEnPolítica
El acoso y la violencia política contra las mujeres no solo son injusticias, sino también delitos penales.… Ver más"
Coordinadora de la Mujer - Observatorio de Género BO,https://www.facebook.com/CoordinadoraBO,2025-06-10,2011-11-30,no,21000,0,2025-06-06,post,https://www.facebook.com/share/v/1G1aDg9cLF/,5,0,14,0,0,0,0,0,0,0,"¿Te ha pasado o lo has visto? ¡#Denuncia!
No normalices
… Ver más"
Coordinadora de la Mujer - Observatorio de Género BO,https://www.facebook.com/CoordinadoraBO,2025-06-11,2011-11-30,no,21000,0,2025-06-06,post,https://www.facebook.com/share/p/1CoQNGqKZG/,18,3,27,0,0,0,0,0,0,0,Las mujeres representan solo el 45.7% de las candidaturas habilitadas.… Ver más
Coordinadora de la Mujer - Observatorio de Género BO,https://www.facebook.com/CoordinadoraBO,2025-06-10,2011-11-30,no,21000,0,2025-06-07,post,https://www.facebook.com/share/v/1YTEbCng2i/,0,0,5,0,0,0,0,0,0,0,"¡#HASTuParte y denuncia el acoso!
 
 Cada voz cuenta, cada acción importa.  Si eres testigo o víctima, tu valentía puede cambiarlo todo. 
… Ver más"
Coordinadora de la Mujer - Observatorio de Género BO,https://www.facebook.com/CoordinadoraBO,2025-06-16,2011-11-30,no,21000,0,2025-06-07,post,https://www.facebook.com/share/v/1Yjc7xxXvJ/,0,0,6,6,0,0,0,0,0,0,"¡#HASTuParte y denuncia el acoso!
 
 Cada voz cuenta, cada acción importa.  Si eres testigo o víctima, tu valentía puede cambiarlo todo. 
… Ver más"
Coordinadora de la Mujer - Observatorio de Género BO,https://www.facebook.com/CoordinadoraBO,2025-06-16,2011-11-30,no,21000,0,2025-06-09,post,https://www.facebook.com/share/p/16sv88pWeT/,8,0,18,16,2,0,0,0,0,0,"Ante los altos niveles de conflictividad que vive #bolivia en estos momentos, colectivos, organizaciones y activistas de la sociedad civil organizada hacemos un llama… Ver más"
Coordinadora de la Mujer - Observatorio de Género BO,https://www.facebook.com/CoordinadoraBO,2025-06-16,2011-11-30,no,21000,0,2025-06-09,post,https://www.facebook.com/share/p/1C5SPoEgEq/,108,8,324,286,23,14,0,0,0,1,"#DesAprendiendoLasViolencias
El  concurso DesAprendiendo las Violencias nos muestra experiencias pedagógicas y estrategias innovadoras de maestras y maestros, desde un … Ver más"
Coordinadora de la Mujer - Observatorio de Género BO,https://www.facebook.com/CoordinadoraBO,2025-06-16,2011-11-30,no,21000,0,2025-06-09,post,https://www.facebook.com/share/v/16hW1DG93i/,1,0,9,9,0,0,0,0,0,0,"#VocesLGBTIQ+   
¡𝐄𝐬 𝐭𝐢𝐞𝐦𝐩𝐨 𝐝𝐞 𝐜𝐨𝐧𝐬𝐭𝐫𝐮𝐢𝐫 𝐮𝐧 𝐩𝐚𝐢́𝐬 𝐝𝐞𝐬𝐝𝐞 𝐥𝐚𝐬 𝐩𝐥𝐮𝐫𝐚𝐥𝐢𝐝𝐚𝐝𝐞𝐬 𝐲 𝐝𝐢𝐯𝐞𝐫𝐬𝐢𝐝𝐚𝐝𝐞𝐬!
La #AgendaPorLasDiversidades se construye con la participació… Ver más"
Coordinadora de la Mujer - Observatorio de Género BO,https://www.facebook.com/CoordinadoraBO,2025-06-11,2011-11-30,no,21000,0,2025-06-09,post,https://www.facebook.com/share/p/15SEfv4edR/,7,0,18,0,0,0,0,0,0,0,"Ante los altos niveles de conflictividad que vive #bolivia en estos momentos, colectivos, organizaciones y activistas de la sociedad civil organizada hacemos un llama… Ver más"
Coordinadora de la Mujer - Observatorio de Género BO,https://www.facebook.com/CoordinadoraBO,2025-06-11,2011-11-30,no,21000,0,2025-06-09,post,https://www.facebook.com/share/p/1Vhawxmstr/,7,2,35,0,0,0,0,0,0,0,"#Ahora
Nos adherimos al #Pronunciamiento de la Defensoría del Pueblo Bolivia y más de 50 instituciones de la sociedad civil.… Ver más"
Coordinadora de la Mujer - Observatorio de Género BO,https://www.facebook.com/CoordinadoraBO,2025-06-11,2011-11-30,no,21000,0,2025-06-09,post,https://www.facebook.com/share/p/16XGdKmdkL/,5,0,9,0,0,0,0,0,0,0,"#DesAprendiendoLasViolencias
El  concurso DesAprendiendo las Violencias nos muestra experiencias pedagógicas y estrategias innovadoras de maestras y maestros, desde un … Ver más"
Coordinadora de la Mujer - Observatorio de Género BO,https://www.facebook.com/CoordinadoraBO,2025-06-10,2011-11-30,no,21000,0,2025-06-09,post,https://www.facebook.com/share/p/1AiZ5jUm8g/,3,0,8,0,0,0,0,0,0,0,"#DesAprendiendoLasViolencias
El  concurso DesAprendiendo las Violencias nos muestra experiencias pedagógicas y estrategias innovadoras de maestras y maestros, desde un … Ver más"
Coordinadora de la Mujer - Observatorio de Género BO,https://www.facebook.com/CoordinadoraBO,2025-06-10,2011-11-30,no,21000,0,2025-06-09,post,https://www.facebook.com/share/p/1Bni8Trvxm/,6,0,14,0,0,0,0,0,0,0,"Ante los altos niveles de conflictividad que vive #bolivia en estos momentos, colectivos, organizaciones y activistas de la sociedad civil organizada hacemos un llama… Ver más"
Coordinadora de la Mujer - Observatorio de Género BO,https://www.facebook.com/CoordinadoraBO,2025-06-10,2011-11-30,no,21000,0,2025-06-09,post,https://www.facebook.com/share/p/12LaTkwrdnu/,1,0,7,0,0,0,0,0,0,0,"#DesAprendiendoLasViolencias
La creatividad es una herramienta de transformación.… Ver más"
Coordinadora de la Mujer - Observatorio de Género BO,https://www.facebook.com/CoordinadoraBO,2025-06-10,2011-11-30,no,21000,0,2025-06-09,post,https://www.facebook.com/share/v/1Ai8pDVn4i/,0,0,3,0,0,0,0,0,0,0,"#VocesLGBTIQ+   
¡𝐄𝐬 𝐭𝐢𝐞𝐦𝐩𝐨 𝐝𝐞 𝐜𝐨𝐧𝐬𝐭𝐫𝐮𝐢𝐫 𝐮𝐧 𝐩𝐚𝐢́𝐬 𝐝𝐞𝐬𝐝𝐞 𝐥𝐚𝐬 𝐩𝐥𝐮𝐫𝐚𝐥𝐢𝐝𝐚𝐝𝐞𝐬 𝐲 𝐝𝐢𝐯𝐞𝐫𝐬𝐢𝐝𝐚𝐝𝐞𝐬!
La #AgendaPorLasDiversidades se construye con la participació… Ver más"
Coordinadora de la Mujer - Observatorio de Género BO,https://www.facebook.com/CoordinadoraBO,2025-06-11,2011-11-30,no,21000,0,2025-06-10,post,https://www.facebook.com/share/v/15294XWpt7/,3,1,9,0,0,0,0,0,0,0,"#MujeresEnPolítica
Si eres víctima de acoso o violencia política, también puedes acudir a la #viaconstitucional.… Ver más"
Coordinadora de la Mujer - Observatorio de Género BO,https://www.facebook.com/CoordinadoraBO,2025-06-11,2011-11-30,no,21000,0,2025-06-10,post,https://www.facebook.com/share/v/15vJiWWMqH/,2,1,5,0,0,0,0,0,0,0,"#DesAprendiendoLasViolencias
¿Cómo usarías la tecnología para prevenir la violencia en tu… Ver más"
Coordinadora de la Mujer - Observatorio de Género BO,https://www.facebook.com/CoordinadoraBO,2025-06-16,2011-11-30,no,21000,0,2025-06-10,post,https://www.facebook.com/share/v/1KC2DU1qSH/,10,1,19,19,0,0,0,0,0,0,"#MujeresEnPolítica
Si eres víctima de acoso o violencia política, también puedes acudir a la #viaconstitucional.… Ver más"
Coordinadora de la Mujer - Observatorio de Género BO,https://www.facebook.com/CoordinadoraBO,2025-06-16,2011-11-30,no,21000,0,2025-06-10,post,https://www.facebook.com/share/v/19Jx5HsU92/,4,1,27,0,0,0,0,0,0,0,"#DesAprendiendoLasViolencias
¿Cómo usarías la tecnología para prevenir la violencia en tu… Ver más"
Coordinadora de la Mujer - Observatorio de Género BO,https://www.facebook.com/CoordinadoraBO,2025-06-11,2011-11-30,no,21000,0,2025-06-10,post,https://www.facebook.com/share/v/19PioAAB13/,1,0,6,0,0,0,0,0,0,0," ¿Sabes identificar el Hostigamiento y Acoso Sexual (HAS)? 
¿𝐅𝐚𝐯𝐨𝐫𝐞𝐬 𝐩𝐚𝐫𝐚 𝐚𝐩𝐫𝐨𝐛𝐚𝐫? ¿𝐈𝐧𝐯𝐢𝐭𝐚𝐜𝐢𝐨𝐧𝐞𝐬 𝐚 𝐜𝐚𝐟𝐞́ 𝐜𝐨𝐧 𝐮𝐧 𝐝𝐨𝐜𝐞𝐧𝐭𝐞? 
 𝐄𝐬 𝐦𝐨𝐦𝐞𝐧𝐭𝐨 𝐝𝐞 𝐡𝐚𝐛𝐥𝐚𝐫 𝐜𝐥𝐚𝐫𝐨.
El hostiga… Ver más"
Coordinadora de la Mujer - Observatorio de Género BO,https://www.facebook.com/CoordinadoraBO,2025-06-16,2011-11-30,no,21000,0,2025-06-11,post,https://www.facebook.com/share/p/16qP5qpqcW/,2,0,14,11,3,0,0,0,0,0," Tejiendo futuro, ni un paso atrás.
 Después de siete años de trabajo continuo, cerramos esta etapa con grandes aprendizajes y valiosas enseñanzas que nos impulsan a seguir adelante."
Coordinadora de la Mujer - Observatorio de Género BO,https://www.facebook.com/CoordinadoraBO,2025-06-16,2011-11-30,no,21000,0,2025-06-11,post,https://www.facebook.com/share/v/1AgWbeEQVE/,0,1,10,9,1,0,0,0,0,0,"#DesaprendiendoLasViolencias
La experiencia de la maestra Ximena Barral es un recordatorio del poder de la educación para construir relaciones saludables y libres de v… Ver más"
Coordinadora de la Mujer - Observatorio de Género BO,https://www.facebook.com/CoordinadoraBO,2025-06-16,2011-11-30,no,21000,0,2025-06-11,post,https://www.facebook.com/share/p/1Eqe3Jfy7U/,3,3,29,0,0,0,0,0,0,0,"#Sucre
Presentación de la #AgendaPais “Por una Bolivia con Igualdad” desde la mirada de las mujeres a candidatas y candidatos de #Chuquisaca.… Ver más"
Coordinadora de la Mujer - Observatorio de Género BO,https://www.facebook.com/CoordinadoraBO,2025-06-16,2011-11-30,no,21000,0,2025-06-11,post,https://www.facebook.com/share/p/16hAEYt9bd/,9,1,23,0,0,0,0,0,0,0,"#DesAprendiendoLasViolencias
 ¡Estamos emocionadxs de presentar la sistematización del Concurso 'DesAprendiendo las Violencias: Buenas Prácticas desde la Formación Con… Ver más"
Coordinadora de la Mujer - Observatorio de Género BO,https://www.facebook.com/CoordinadoraBO,2025-06-16,2011-11-30,no,21000,0,2025-06-12,post,https://www.facebook.com/share/p/1Bi8CpaaRb/,1,1,10,10,0,0,0,0,0,0,"#HOY
 Presentación de la sistematización de experiencias del “Concurso Desaprendiendo las Violencias: buenas prácticas desde la formación continua""… Ver más"
Coordinadora de la Mujer - Observatorio de Género BO,https://www.facebook.com/CoordinadoraBO,2025-06-16,2011-11-30,no,21000,0,2025-06-12,post,https://www.facebook.com/share/p/16QWBFTfU3/,1,1,10,10,0,0,0,0,0,0,"#DesAprendiendoLasViolencias
¿Cómo puedes aportar a la prevención de la violencia y promover el cambio social en el aula?, ¿Puede el arte contribuir a esto?… Ver más"
Coordinadora de la Mujer - Observatorio de Género BO,https://www.facebook.com/CoordinadoraBO,2025-06-16,2011-11-30,no,21000,0,2025-06-13,post,https://www.facebook.com/share/p/18uoUt2aHE/,3,2,42,34,8,0,0,0,0,0,#LaPaz… Ver más
Coordinadora de la Mujer - Observatorio de Género BO,https://www.facebook.com/CoordinadoraBO,2025-06-16,2011-11-30,no,21000,0,2025-06-13,post,https://www.facebook.com/share/v/1AzTpH815D/,1,0,5,5,0,0,0,0,0,0,"#MujeresEnPolítica
Si enfrentas acoso o violencia política durante tu candidatura o en el ejercicio de un cargo, puedes acudir al Órgano Electoral Plurinacional #OEP.… Ver más"
Coordinadora de la Mujer - Observatorio de Género BO,https://www.facebook.com/CoordinadoraBO,2025-06-16,2011-11-30,no,21000,0,2025-06-13,post,https://www.facebook.com/share/p/1E5wx3Df8n/,3,0,8,7,1,0,0,0,0,0,"#DesAprendiendoLasViolencias
El arte que nos une.… Ver más"
Coordinadora de la Mujer - Observatorio de Género BO,https://www.facebook.com/CoordinadoraBO,2025-06-16,2011-11-30,no,21000,0,2025-06-13,post,https://www.facebook.com/share/v/1CmBgZgtRK/,0,0,2,2,0,0,0,0,0,0,"#DesAprendiendoLasViolencias
¡El arte transforma comunidades!… Ver más"
Coordinadora de la Mujer - Observatorio de Género BO,https://www.facebook.com/CoordinadoraBO,2025-07-02,2011-11-30,no,21000,0,2025-06-24,post,2025-06-24,14,24,246,169,69,1,0,1,0,6,Se debe garantizar el derecho de consulta previa correspondiente a los pueblos indígenas en relación a la construcción de una carretera que atraviesa el Ñembi Guasu y s… Ver más
Coordinadora de la Mujer - Observatorio de Género BO,https://www.facebook.com/CoordinadoraBO,2025-07-02,2011-11-30,no,21000,0,2025-06-24,post,https://www.facebook.com/share/p/154QWbrXiox/,4,2,62,52,10,0,0,0,0,0,"#presentacion
El estudio ""Derechos sexuales y derechos reproductivos, ¿cómo se financian?"" nos recuerda que lo que no se mide, no se prioriza.… Ver más"
Coordinadora de la Mujer - Observatorio de Género BO,https://www.facebook.com/CoordinadoraBO,2025-07-02,2011-11-30,no,21000,0,2025-06-24,post,https://www.facebook.com/share/p/18h7foe4rb/,9,0,49,40,9,0,0,0,0,0,#HOY #DSDR… Ver más
Coordinadora de la Mujer - Observatorio de Género BO,https://www.facebook.com/CoordinadoraBO,2025-07-02,2011-11-30,no,21000,0,2025-06-24,post,https://www.facebook.com/share/p/1E1CnnfoXm/,1,0,6,6,0,0,0,0,0,0,"#DesAprendiendoLasViolencias
La Unidad educativa Elffy Ribera de Barbery, en #SantaCruz, usa cuentos y arte para prevenir la violencia, el bullying y la discriminación.… Ver más"
Coordinadora de la Mujer - Observatorio de Género BO,https://www.facebook.com/CoordinadoraBO,2025-07-02,2011-11-30,no,21000,0,2025-06-25,post,https://www.facebook.com/share/v/1AtrC6PVAC/,13,1,25,22,2,0,1,0,0,0,"#EleccionesGenerales2025
Bolivia está en crisis. Necesitamos soluciones, no discursos ni promesas vacías. Desde el Movimiento #JuntasHacemosHistoria lanzamos un ciclo d… Ver más"
Coordinadora de la Mujer - Observatorio de Género BO,https://www.facebook.com/CoordinadoraBO,2025-07-02,2011-11-30,no,21000,0,2025-06-26,post,https://www.facebook.com/share/p/1AqV15iM1b/,4,0,10,10,0,0,0,0,0,0,
Coordinadora de la Mujer - Observatorio de Género BO,https://www.facebook.com/CoordinadoraBO,2025-07-02,2011-11-30,no,21000,0,2025-06-26,post,https://www.facebook.com/share/p/12ML8QJgRj2/,15,0,36,24,12,0,0,0,0,0,"#EleccionesGenerales2025
 
 ¿Qué tan comprometidos están los candidatos y candidatas con la democracia paritaria?… Ver más"
Coordinadora de la Mujer - Observatorio de Género BO,https://www.facebook.com/CoordinadoraBO,2025-07-02,2011-11-30,no,21000,0,2025-06-26,post,https://www.facebook.com/share/p/19KwWVVwkn/,4,0,31,26,4,0,0,0,1,0,"#ForosPorLaIgualdad #DemocraciaParitariaIntercultural 
 𝐇𝐎𝐘 𝐞𝐬 𝐞𝐥 𝐩𝐫𝐢𝐦𝐞𝐫 𝐩𝐚𝐬𝐨 𝐡𝐚𝐜𝐢𝐚 𝐥𝐚 𝐁𝐨𝐥𝐢𝐯𝐢𝐚 𝐪𝐮𝐞 𝐪𝐮𝐞𝐫𝐞𝐦𝐨𝐬
En el primer foro escuchamos e interpelamo… Ver más"
Coordinadora de la Mujer - Observatorio de Género BO,https://www.facebook.com/CoordinadoraBO,2025-07-02,2011-11-30,no,21000,0,2025-06-26,post,2025-06-26,25,7,56,43,12,0,0,0,1,0,"Continuamos con el Foro por la igualdad con candidatas y candidatos ""Hacia la Bolivia que queremos"" -  Democracia paritaria"
Coordinadora de la Mujer - Observatorio de Género BO,https://www.facebook.com/CoordinadoraBO,2025-07-02,2011-11-30,no,21000,0,2025-06-28,post,https://www.facebook.com/share/p/12KgfS6WmDa/,5,0,17,15,2,0,0,0,0,0," En el foro de #DemocraciaParitariaIntercultural, candidatos y candidatas respondieron preguntas clave sobre la paridad, la prevención del acoso y violencia política y… Ver más"
Coordinadora de la Mujer - Observatorio de Género BO,https://www.facebook.com/CoordinadoraBO,2025-07-02,2011-11-30,no,21000,0,2025-06-28,post,https://www.facebook.com/share/v/1BmvkYhL9d/,3,1,20,16,3,0,0,0,0,1," #28DeJunio 
Este Día del Orgullo #LGBTIQ+, las voces de las diversidades se unen no solo para celebrar lo conquistado, sino también para imaginar lo que aún falta por… Ver más"
Coordinadora de la Mujer - Observatorio de Género BO,https://www.facebook.com/CoordinadoraBO,2025-07-02,2011-11-30,no,21000,0,2025-06-29,post,https://www.facebook.com/share/p/12KwRUdS6C9/,4,0,59,41,14,0,1,0,1,2," #MarchaDelOrgullo
Desde el corazón de #LaPazPaz, miles de voces se unieron en una sola marcha por el amor, la diversidad y los derechos.
La… Ver más"
Coordinadora de la Mujer - Observatorio de Género BO,https://www.facebook.com/CoordinadoraBO,2025-07-02,2011-11-30,no,21000,0,2025-06-30,post,https://www.facebook.com/share/v/1Ha17i6aqP/,0,1,3,3,0,0,0,0,0,0,"#DesaprendiendoLasViolencias
 En la Unidad educativa Elffy Ribera de Barbery de #SantaCruz se trabaja sobre convivencia escolar para prevenir la violencia, la discrimi… Ver más"
Coordinadora de la Mujer - Observatorio de Género BO,https://www.facebook.com/CoordinadoraBO,2025-07-02,2011-11-30,no,21000,0,2025-06-30,post,https://www.facebook.com/share/p/19MxVCxWxz/,12,4,35,30,5,0,0,0,0,0,"#ForosPorLaIgualdad
¡𝐀𝐭𝐞𝐧𝐜𝐢𝐨́𝐧 𝐂𝐨𝐜𝐡𝐚𝐛𝐚𝐦𝐛𝐚! 𝐓𝐮 𝐯𝐨𝐳 𝐞𝐬 𝐏𝐎𝐃𝐄𝐑. 
Este Jueves 3 de Julio, en el Fo… Ver más"
Coordinadora de la Mujer - Observatorio de Género BO,https://www.facebook.com/CoordinadoraBO,2025-07-02,2011-11-30,no,21000,0,2025-06-30,post,https://www.facebook.com/share/p/1QuMXJNfPg/,2,1,13,13,0,0,0,0,0,0,"#Ahora
Gabriela Murillo, de la #CoordinadoraDeLaMujer, en diálogo con La Razón Noticias de Bolivia, sobre el ciclo de foros de candidatos y candidatas ""Por la igualdad.… Ver más"
Coordinadora de la Mujer - Observatorio de Género BO,https://www.facebook.com/CoordinadoraBO,2025-07-02,2011-11-30,no,21000,0,2025-07-01,post,https://www.facebook.com/share/p/16qr79PfLw/,2,0,5,5,0,0,0,0,0,0,"#DesAprendiendoLasViolencias
El Instituto Tecnológico San Andrés de #Tarija, implementa acciones que promueven la convivencia pacífica entre estudiantes, practicando va… Ver más"
Coordinadora de la Mujer - Observatorio de Género BO,https://www.facebook.com/CoordinadoraBO,2025-07-02,2011-11-30,no,21000,0,2025-07-01,post,https://www.facebook.com/share/p/1C7avDUQtj/,5,0,12,12,0,0,0,0,0,0,"#ForosPorLaIgualdad
#ATENCIONCOCHABAMBA … Ver más"
Coordinadora de la Mujer - Observatorio de Género BO,https://www.facebook.com/CoordinadoraBO,2025-07-02,2011-11-30,no,21000,0,2025-07-01,post,https://www.facebook.com/share/v/1AtbannhAc/,0,0,4,4,0,0,0,0,0,0,"#DesAprendiendoLasViolencias
 El Instituto Tecnológico Agropecuario San Andrés fomenta la tolerancia, el respeto y el trabajo en equipo entre sus estudiantes.… Ver más"
Coordinadora de la Mujer - Observatorio de Género BO,https://www.facebook.com/CoordinadoraBO,2025-07-02,2011-11-30,no,21000,0,2025-07-01,post,https://www.facebook.com/share/p/159gCdtj7h/,12,1,19,19,0,0,0,0,0,0,"#ForosPorLaIgualdad
#ATENCIONCOCHABAMBA… Ver más"
