nombre perfil,url perfil,snapshot_date,creación del perfil,candidato identificado,seguidores,seguidos,fecha post,tipo de post,url post,comparticiones,comentarios,reacciones en total,me gusta,me encanta,me divierte,me entristece,me sorprende,me enoja,me importa,contenido
BETTSY SHIRLEY SAUCEDO AGUADA,https://www.facebook.com/betsy.saucedo.18,2025-07-22,,no,0,0,2025-07-14,post,https://www.facebook.com/share/p/16jPSgxvQM/,1,1,14,9,4,1,0,0,0,0,
BETTSY SHIRLEY SAUCEDO AGUADA,https://www.facebook.com/betsy.saucedo.18,2025-07-22,,no,0,0,2025-07-14,post,https://www.facebook.com/share/p/16szvJVSLT/,2,0,13,8,4,1,0,0,0,0,
BETTSY SHIRLEY SAUCEDO AGUADA,https://www.facebook.com/betsy.saucedo.18,2025-07-22,,no,0,0,2025-07-15,reel,/reel/633363815927544/?s=single_unit&__cft__[0]=AZWfqTksT5FsbZLm73M4RQo_uToX-bB92nWMNSUNvuLU8rWoPERv8KjS3wMXt81-_StLkAPbtTb2MIfbS4tkPh-8JU_HPf2T7tFK1hiXjck9Ki_OsDy3XHuY7WWH4IU0iAeJrWoRbYF8HaW9BkzqnVmZRCWC9uA0ATgAUFfwMqdcAT4tEhd48JldTcuXW8zd9U0&__tn__=H-R,0,0,0,0,0,0,0,0,0,0,
BETTSY SHIRLEY SAUCEDO AGUADA,https://www.facebook.com/betsy.saucedo.18,2025-07-22,,no,0,0,2025-07-15,post,https://www.facebook.com/share/v/1NMBkytXtk/,7,5,47,35,7,4,0,0,0,1,"#BETSYSENADORA
#MANDREDPRESIDENTE "
BETTSY SHIRLEY SAUCEDO AGUADA,https://www.facebook.com/betsy.saucedo.18,2025-07-22,,no,0,0,2025-07-16,reel,/reel/720453900878965/?s=single_unit&__cft__[0]=AZWC3DpTZfO2myuGsqYM8UnKK3-Rd27-XC3FQ5JcF9gwFdD4wrGpGTsqviUSHHlRFPQL9W0gPhU9EULvxBvSEw-R371YrN6h22VHLOjXDyN0f03IPMP2340RC0c69YflNL6AlZt5Kvpe4NqJUEssotPSCbYVZjDjA86DnJ2eqk4OR8VOHeCqVpMaYx-5sy7A8IM&__tn__=H-R,0,0,0,0,0,0,0,0,0,0,
BETTSY SHIRLEY SAUCEDO AGUADA,https://www.facebook.com/betsy.saucedo.18,2025-07-22,,no,0,0,2025-07-17,post,https://www.facebook.com/share/p/1HhU627znR/,1,0,14,0,0,1,0,0,0,0,"#BETSYSENADORA
#MANFREDPRESIDENTE "
BETTSY SHIRLEY SAUCEDO AGUADA,https://www.facebook.com/betsy.saucedo.18,2025-07-22,,no,0,0,2025-07-19,reel,/reel/1820067948921006/?s=single_unit&__cft__[0]=AZV8RMzRspNc7k8hsLEIvyi6riZ1ywkYhp-YM_2kfbnWhUmTlAE4VvsgmZm0RU1vxvMt92cyZm4rhFoVW1iF02kEOHXD2RDgHz6FAVdPaFujIo60irQAmNZndsnVO8_KgWMkX71380Lk9P5aRUlquP3CC7oOYjnK1k8ESZ9HhtE7kLzvGpCUvTiUu6IKUUWSnS4&__tn__=H-R,0,0,0,0,0,0,0,0,0,0,
BETTSY SHIRLEY SAUCEDO AGUADA,https://www.facebook.com/betsy.saucedo.18,2025-07-22,,no,0,0,2025-07-19,reel,/reel/1364979194569976/?s=single_unit&__cft__[0]=AZXnIjOkDtOM-s9xmOtOB_Ia4Sp1JPugerXBMcR9AXSRs_yMb6iye7PAYNnEfgFyGMDws8mK_R_YGrAsJsN2EvhoeBH3KP2pZIpnf_VnQieU180Kagbh5touHFClQmyvniJfTxqm7UyGXKJ7JnRmIUyzfOUnYVMyqr9jE32-I0cOQRdU3lAidIGGW2hayelbpjY&__tn__=H-R,0,0,0,0,0,0,0,0,0,0,
BETTSY SHIRLEY SAUCEDO AGUADA,https://www.facebook.com/betsy.saucedo.18,2025-07-22,,no,0,0,2025-07-20,post,https://www.facebook.com/betsy.saucedo.18/posts/pfbid02wivDSPkPVUtZW43Qm6qiL4uqzNWGeyjJeRWUTp1xULgnXrgc5nzkSLqp1SSDAD6Pl,3,2,14,0,0,1,0,0,0,0,
BETTSY SHIRLEY SAUCEDO AGUADA,https://www.facebook.com/betsy.saucedo.18,2025-07-22,,no,0,0,2025-07-20,reel,/reel/1230792375028936/?s=single_unit&__cft__[0]=AZWHrPK7qDEDJ9pqoEw7rAFBxjr43wbwIUT66v2Uk_i1F9Jmg9b0h2DEAvalxs8JzVwVwokEkr14lmP0D90vsFhVCiNFyiC8_HHAORueBE1B4Y_GBiRaH12IMSnUfdRQZ6RVVZhKlKJIvb5XnEZVT2Ys5U_r6nsRvlm3r2STsM948C8jIihCW-fjMolVjNtMN7s&__tn__=H-R,0,0,0,0,0,0,0,0,0,0,"Lo que Bolivia necesita es liderazgo firme, no buenas intenciones sin capacidad de ejecución. #ManfredPresidente"
BETTSY SHIRLEY SAUCEDO AGUADA,https://www.facebook.com/betsy.saucedo.18,2025-07-22,,no,0,0,2025-07-21,post,https://www.facebook.com/share/p/1CHBnjY2Ko/,0,0,7,7,0,0,0,0,0,0,"#BETSYSENADORA 
#MANFREDPRESIDENTE "
BETTSY SHIRLEY SAUCEDO AGUADA,https://www.facebook.com/betsy.saucedo.18,2025-07-22,,no,0,0,2025-07-21,reel,/reel/1643474536325191/?s=single_unit&__cft__[0]=AZWlfQkqGEaqAMUwR49GY1sUBylUTbk7eFD3N8LCHcfceGNNOlueqi861k5gc2HcmsvqGHUfrEuZJJOXXPqGX_BKXNMqV0Mw-I9bFaAfXVfdgCF9zML718dIgBqzr8CzvjfycayKWrM3Hoh7ojCBK26KtoQmsBzs6Tm-Xm5Y8AIcbITCZVBzLZoyoLdsq7oGn8E&__tn__=H-R,0,0,0,0,0,0,0,0,0,0,
BETTSY SHIRLEY SAUCEDO AGUADA,https://www.facebook.com/betsy.saucedo.18,2025-07-22,,no,0,0,2025-07-22,reel,/reel/1138640188097721/?s=single_unit&__cft__[0]=AZX5LNDj8Zh1yNZQzlus04dFjMegMvEBIC5K334q8RI4TpX7tGNfTmx9zR-KA6T9zRjfN34yzXrH4uizKPzgR4WKBYnlsptItmdJ33ImsRG4Cmpc9_Cqslvv5Q5C6HCqKqQOvmHm2a0jFDMSaQJAu5DmyhGVEI8mCpzb4KAIvkhl-bSN2Zt5IGeb5QzNrv47x1g&__tn__=H-R,0,0,0,0,0,0,0,0,0,0,
BETTSY SHIRLEY SAUCEDO AGUADA,https://www.facebook.com/betsy.saucedo.18,2025-07-29,,no,0,0,2025-07-29,post,https://www.facebook.com/share/p/19Wp78nXFi/,1,0,3,2,1,0,0,0,0,0,#MANFRED PRESIDENTE 
BETTSY SHIRLEY SAUCEDO AGUADA,https://www.facebook.com/betsy.saucedo.18,2025-07-29,,no,0,0,2025-07-29,post,https://www.facebook.com/share/p/19Gmb6ipU4/,2,0,8,7,1,0,0,0,0,0,#MANFREDPRESIDENTE 
BETTSY SHIRLEY SAUCEDO AGUADA,https://www.facebook.com/betsy.saucedo.18,2025-08-06,,no,0,0,2025-07-29,post,https://www.facebook.com/share/p/19R1U3aMMp/,4,0,12,11,1,0,0,0,0,0,#MANFREDPRESIDENTE 
BETTSY SHIRLEY SAUCEDO AGUADA,https://www.facebook.com/betsy.saucedo.18,2025-08-06,,no,0,0,2025-07-29,post,https://www.facebook.com/share/p/19vQFMhgEV/,2,0,5,3,2,0,0,0,0,0,#MANFRED PRESIDENTE 
BETTSY SHIRLEY SAUCEDO AGUADA,https://www.facebook.com/betsy.saucedo.18,2025-08-06,,no,0,0,2025-07-31,post,https://www.facebook.com/share/p/1YUTPyTny6/,1,0,4,1,3,0,0,0,0,0,"Llevando las propuestas de mi capitán a cada rincón de mi Riberalta 
#ManfredPresidente #betsysenadora #Sumate"
BETTSY SHIRLEY SAUCEDO AGUADA,https://www.facebook.com/betsy.saucedo.18,2025-08-06,,no,0,0,2025-08-02,reel,/reel/1682680982436502/?s=single_unit&__cft__[0]=AZWLeexY75ElCVMA69RFZlg-olQhgzHOLZWMNeRq934VVQrBvzkKWUKgQWpbo3aNmu8edXeUS948mNxfbzsOXfkV7W091Yp6B3vQeTJ2RWotGJz2EPulqBxqt-3sSdH_cvGcBoNhSRAcTW2TZFbnxxjsdCMeYUrzqEsEtPaCr5kQUg&__tn__=H-R,10,6,107,107,0,0,0,0,0,0,"Mi propósito es ser la voz de cada ciudadano, escuchar y resolver la necesidad de cada sector olvidado .  #betsysenadora #manfredpresindente #Sumateal… Ver más"
BETTSY SHIRLEY SAUCEDO AGUADA,https://www.facebook.com/betsy.saucedo.18,2025-08-06,,no,0,0,2025-08-02,post,https://www.facebook.com/share/p/19TojmsHVp/,0,0,3,3,0,0,0,0,0,0,"#BETSYSENADORA 
#MANFREDPRESINDENTE "
BETTSY SHIRLEY SAUCEDO AGUADA,https://www.facebook.com/betsy.saucedo.18,2025-08-06,,no,0,0,2025-08-02,post,https://www.facebook.com/share/p/1YGsSa2msG/,4,0,37,28,9,0,0,0,0,0,"Haciendo conocer nuestras propuestas para reactivar la producción en las comunidades 
#Biotecnología
#noalchaqueo
• Semillas resistentes a enfermedades y al clima.… Ver más"
BETTSY SHIRLEY SAUCEDO AGUADA,https://www.facebook.com/betsy.saucedo.18,2025-08-06,,no,0,0,2025-08-04,post,https://www.facebook.com/share/p/1B9te2ypH4/,6,3,41,24,16,0,0,0,0,1,
BETTSY SHIRLEY SAUCEDO AGUADA,https://www.facebook.com/betsy.saucedo.18,2025-08-06,,no,0,0,2025-08-04,post,https://www.facebook.com/share/p/1HkfFVZmEC/,10,4,74,51,23,0,0,0,0,0,"Cada barrio, por más alejado que esté, late con fuerza y esperanza.
En cada visita, confirmo que el verdadero cambio nace donde más se necesita
“cerca de la gente.”
#betsysenadora #ManfredPresidente… Ver más"
BETTSY SHIRLEY SAUCEDO AGUADA,https://www.facebook.com/betsy.saucedo.18,2025-08-06,,no,0,0,2025-08-05,post,https://www.facebook.com/share/p/1F37gY5hV2/,5,7,44,30,13,0,0,0,0,1,"#betsysenadora #ManfredPresidente #Sumate
Anoche con los vecinos del barrio Taruma y 7 de Agosto, charlando y compartiendo mis propuestas.
Escuchar de primera mano lo que vive cada uno me da más fuerza para seguir adelante con este proyecto que es de todos."
BETTSY SHIRLEY SAUCEDO AGUADA,https://www.facebook.com/betsy.saucedo.18,2025-08-06,,no,0,0,2025-08-05,reel,/reel/1199335502372049/?s=single_unit&__cft__[0]=AZVeFU4T4mo1c1O3NUCGfWZXgPpe1pdC4MBECgyYG5tTdcOW2DJCtLKMqrxz0x-FOO3OkIflgas-muW9nXOF5PZQQb_Plkbo7p1ITl-5ay8UunpFslvGFDpWAUY0CMfioHkZpQFkNlsDt41wtK3dYooBCe1xCncZolHy1T69j9MKqg&__tn__=H-R,4,5,44,44,0,0,0,0,0,0,Comunidad Santa Fe #ManfredPresidente   #sumate💜#betsysenadora
