nombre perfil,url perfil,snapshot_date,creación del perfil,candidato identificado,seguidores,seguidos,fecha post,tipo de post,url post,comparticiones,comentarios,reacciones en total,me gusta,me encanta,me divierte,me entristece,me sorprende,me enoja,me importa,contenido
Nelly Flores,https://www.facebook.com/profile.php?id=100049763891374,2025-06-02,,no,0,0,2025-05-26,post,https://www.facebook.com/permalink.php?story_fbid=pfbid02ri18krNmX7tBSk5x54c3MTGrAh5X2c8DdPgCkt2AVykUnCGbubEfELAiNRkmStkl&id=100049763891374,0,0,,0,0,0,0,0,0,0,
Nelly Flores,https://www.facebook.com/profile.php?id=100049763891374,2025-06-02,,no,0,0,2025-05-26,post,https://www.facebook.com/permalink.php?story_fbid=pfbid02ktVg4inYExQU7cEcco3tuQahCGxumAPQok4dsUeq9XP7ezW2WvXwy8kMiYN3NxyEl&id=100049763891374,0,0,,0,0,0,0,0,0,0,
Nelly Flores,https://www.facebook.com/profile.php?id=100049763891374,2025-06-02,,no,0,0,2025-05-31,post,https://www.facebook.com/permalink.php?story_fbid=pfbid036VUtShLBVk15C2iaFGrVTsuMuQTiBEXRhK9XGcJREnvvGZ3kEww2hYJAiYYSQQ7tl&id=100049763891374,0,0,,0,0,0,0,0,0,0,
Nelly Flores,https://www.facebook.com/profile.php?id=100049763891374,2025-06-02,,no,0,0,2025-05-31,post,https://www.facebook.com/permalink.php?story_fbid=pfbid02dxpY7JsThSjiL3jfcN7pAGtd2yRjaMYiU5BLTpoiaDGf1trv8zL4feVoPZqH7gBCl&id=100049763891374,0,0,,0,0,0,0,0,0,0,
