nombre perfil,url perfil,snapshot_date,creación del perfil,candidato identificado,seguidores,seguidos,fecha post,tipo de post,url post,comparticiones,comentarios,reacciones en total,me gusta,me encanta,me divierte,me entristece,me sorprende,me enoja,me importa,contenido
María Patricia Arce,https://www.facebook.com/PatriciaArceSitioOficial,2025-05-22,2020-03-24,no,32000,17,2025-05-15,post,https://www.facebook.com/share/p/1HPMM4HWaZ/,0,2,,0,0,0,0,0,0,0,"¡Feliz Día de la Familia, querida Bolivia!… Ver más"
María Patricia Arce,https://www.facebook.com/PatriciaArceSitioOficial,2025-05-22,2020-03-24,no,32000,17,2025-05-15,post,https://www.facebook.com/share/p/191ypmDCtd/,22,13,,58,3,7,12,13,8,0,"Es lamentamos y vergonzoso el actuar de la Policía por instrucción de este Gobierno que una vez más arremete contra el pueblo, son inadmisibles estos actos de amedrenta… Ver más"
María Patricia Arce,https://www.facebook.com/PatriciaArceSitioOficial,2025-05-22,2020-03-24,no,32000,17,2025-05-16,post,https://www.facebook.com/share/p/1A4KXHHz3X/,7,17,,38,1,6,30,1,1,0,"Condenamos una vez más la represión al pueblo por parte del gobierno de Luis Arce, no es admisible que no se respete una movilización pacífica, la que demanda respeto a… Ver más"
María Patricia Arce,https://www.facebook.com/PatriciaArceSitioOficial,2025-05-23,2020-03-24,no,32000,17,2025-05-16,post,https://www.facebook.com/share/p/1AfHAqRjMj/,7,17,,38,1,6,30,1,1,0,"Condenamos una vez más la represión al pueblo por parte del gobierno de Luis Arce, no es admisible que no se respete una movilización pacífica, la que demanda respeto a… Ver más"
María Patricia Arce,https://www.facebook.com/PatriciaArceSitioOficial,2025-05-22,2020-03-24,no,32000,17,2025-05-17,post,https://www.facebook.com/share/p/18rVY7dLkh/,3,11,,20,0,0,0,1,0,0,¡Esta cuenta es FALSA y está usurpando mi identidad!… Ver más
María Patricia Arce,https://www.facebook.com/PatriciaArceSitioOficial,2025-05-23,2020-03-24,no,32000,17,2025-05-17,post,https://www.facebook.com/share/p/1BparCc4Lq/,3,11,,20,0,0,0,1,0,0,¡Esta cuenta es FALSA y está usurpando mi identidad!… Ver más
María Patricia Arce,https://www.facebook.com/PatriciaArceSitioOficial,2025-05-22,2020-03-24,no,32000,17,2025-05-18,post,https://www.facebook.com/share/p/1F177Hqbvk/,2,2,,21,0,0,0,0,0,0,"Es una pena que personas maliciosas, continúen con el desprestigio a mi persona, utilizando cuentas falsas que suplantan mi identidad, y difundiendo información errónea… Ver más"
María Patricia Arce,https://www.facebook.com/PatriciaArceSitioOficial,2025-05-23,2020-03-24,no,32000,17,2025-05-18,post,https://www.facebook.com/share/p/1FpxaP5X4T/,2,2,,21,0,0,0,0,0,0,"Es una pena que personas maliciosas, continúen con el desprestigio a mi persona, utilizando cuentas falsas que suplantan mi identidad, y difundiendo información errónea… Ver más"
María Patricia Arce,https://www.facebook.com/PatriciaArceSitioOficial,2025-05-22,2020-03-24,no,32000,17,2025-05-20,post,https://www.facebook.com/share/v/16KEY15i6V/,0,2,,9,0,1,1,0,2,0,"Hoy participé en la 120ª sesión del Senado, donde junto a mis colegas aprobamos importantes leyes que responden a las necesidades del pueblo boliviano: declaramos prior… Ver más"
María Patricia Arce,https://www.facebook.com/PatriciaArceSitioOficial,2025-05-23,2020-03-24,no,32000,17,2025-05-20,post,https://www.facebook.com/share/v/16dxrZdg8i/,0,2,,12,0,1,1,0,3,0,"Hoy participé en la 120ª sesión del Senado, donde junto a mis colegas aprobamos importantes leyes que responden a las necesidades del pueblo boliviano: declaramos prior… Ver más"
María Patricia Arce,https://www.facebook.com/PatriciaArceSitioOficial,2025-05-22,2020-03-24,no,32000,17,2025-05-21,post,https://www.facebook.com/share/v/1AYQYoaoZQ/,0,2,,8,2,1,0,0,0,0,"Hoy participé en la 121ª Sesión Ordinaria de la Cámara de Senadores, donde aprobamos 7 leyes y 8 homenajes que reflejan nuestro compromiso con el desarrollo y la identi… Ver más"
María Patricia Arce,https://www.facebook.com/PatriciaArceSitioOficial,2025-05-23,2020-03-24,no,32000,17,2025-05-21,post,https://www.facebook.com/share/v/16VqKYPKcH/,0,2,,14,2,1,0,0,0,0,"Hoy participé en la 121ª Sesión Ordinaria de la Cámara de Senadores, donde aprobamos 7 leyes y 8 homenajes que reflejan nuestro compromiso con el desarrollo y la identi… Ver más"
María Patricia Arce,https://www.facebook.com/PatriciaArceSitioOficial,2025-06-02,2020-03-24,no,32000,17,2025-05-26,post,https://www.facebook.com/share/v/1DD358mGhY/,3,0,7,7,0,0,0,0,0,0,"Queridas madres valientes y luchadoras:
Las invitamos a un agasajo especial en su honor, reconociendo su papel fundamental en la construcción de una sociedad más justa,… Ver más"
María Patricia Arce,https://www.facebook.com/PatriciaArceSitioOficial,2025-06-02,2020-03-24,no,32000,17,2025-05-27,post,https://www.facebook.com/share/v/1Ah3HwAEfW/,1,3,25,21,4,0,0,0,0,0,Quiero agradecer de todo corazón a todas las mamás por el cariño inmenso que siempre nos dan. Hoy es su día y quiero mandarles un abrazo lleno de amor y admiración. … Ver más
María Patricia Arce,https://www.facebook.com/PatriciaArceSitioOficial,2025-06-02,2020-03-24,no,32000,17,2025-05-30,post,https://www.facebook.com/share/v/1DgcS2Lg5A/,13,9,75,68,2,4,1,0,0,0,"Debemos elevar nuestra voz conjunta contra la escasez de dólares, combustible, así como el aumento de los precios de la canasta familiar, hoy en día las familias bolivi… Ver más"
María Patricia Arce,https://www.facebook.com/PatriciaArceSitioOficial,2025-06-10,2020-03-24,no,32000,17,2025-06-04,post,https://www.facebook.com/share/v/16RRB6WwSs/,7,8,48,0,0,0,0,0,0,0,"El Proyecto de Ley N° 428/2024-2025 C.S., conocido como la ley de preclusión, está siendo tratado con responsabilidad y dentro de los plazos establecidos en la comisión… Ver más"
María Patricia Arce,https://www.facebook.com/PatriciaArceSitioOficial,2025-06-10,2020-03-24,no,32000,17,2025-06-06,post,https://www.facebook.com/share/v/1CQk8w4mkW/,0,0,8,0,0,0,0,0,0,0,"En este Día del Maestro, quiero agradecer con todo el corazón a quienes dedican su vida a enseñar con amor y compromiso. Ustedes no solo transmiten conocimientos, tambi… Ver más"
María Patricia Arce,https://www.facebook.com/PatriciaArceSitioOficial,2025-06-10,2020-03-24,no,32000,17,2025-06-07,post,https://www.facebook.com/share/v/16ffpD7mBB/,11,12,76,0,0,0,0,0,0,0,"Como madre de familia y autoridad legislativa, no puedo permanecer en silencio ante esta crisis económica devastadora que afecta a las familias bolivianas. La subida de… Ver más"
María Patricia Arce,https://www.facebook.com/PatriciaArceSitioOficial,2025-06-23,2020-03-24,no,32000,17,2025-06-18,post,https://www.facebook.com/share/v/19FTEgeW82/,6,10,59,47,3,8,0,1,0,0,"En la sesión ordinaria 141 de la Cámara de Senadores, manifesté mi más enérgico repudio ante el uso político y arbitrario del sistema de justicia en nuestro país. La ju… Ver más"
María Patricia Arce,https://www.facebook.com/PatriciaArceSitioOficial,2025-06-23,2020-03-24,no,32000,17,2025-06-19,post,https://www.facebook.com/share/v/1BoFxonhPR/,2,5,13,10,1,2,0,0,0,0,"En la 141° Sesión Ordinaria, la Cámara de Senadores aprobó importantes normas en beneficio del pueblo boliviano: declaramos Patrimonio Cultural e Inmaterial la festivid… Ver más"
María Patricia Arce,https://www.facebook.com/PatriciaArceSitioOficial,2025-06-23,2020-03-24,no,32000,17,2025-06-20,post,https://www.facebook.com/share/v/1DvRtRXSjD/,1,0,29,22,6,1,0,0,0,0,"Con mucha fe, alegría y devoción, he cumplido mi primera promesa rumbo a la Festividad de la Virgen de Urkupiña. … Ver más"
María Patricia Arce,https://www.facebook.com/PatriciaArceSitioOficial,2025-06-23,2020-03-24,no,32000,17,2025-06-21,post,https://www.facebook.com/share/p/1BqgcdZdJS/,0,0,15,14,1,0,0,0,0,0,"Jallalla Bolivia.
En este Año Nuevo Andino, Amazónico y del Chaco 5533, saludo con profundo respeto y esperanza a toda las familias bolivianas. Que el regreso del Sol r… Ver más"
