nombre perfil,url perfil,snapshot_date,creación del perfil,candidato identificado,seguidores,seguidos,fecha post,tipo de post,url post,comparticiones,comentarios,reacciones en total,me gusta,me encanta,me divierte,me entristece,me sorprende,me enoja,me importa,contenido
LUCILA MENDIETA PEREZ,https://www.facebook.com/lucila.mendietaperez,2025-06-05,,sí,384,0,2024-12-31,post,https://www.facebook.com/share/p/1Ao8vyfBNb/,0,0,1,0,0,0,1,0,0,0,
LUCILA MENDIETA PEREZ,https://www.facebook.com/lucila.mendietaperez,2025-06-05,,sí,384,0,2025-03-10,post,https://www.facebook.com/share/p/15VwJzoXJM/,0,0,1,1,0,0,0,0,0,0,
LUCILA MENDIETA PEREZ,https://www.facebook.com/lucila.mendietaperez,2025-06-05,,sí,384,0,2025-03-13,post,https://www.facebook.com/share/p/19TvSoiuKg/,5,0,1,1,0,0,0,0,0,0,
LUCILA MENDIETA PEREZ,https://www.facebook.com/lucila.mendietaperez,2025-06-05,,sí,384,0,2025-03-21,post,https://www.facebook.com/share/p/19KdqXDpWe/,0,0,1,0,0,0,0,0,0,1,
LUCILA MENDIETA PEREZ,https://www.facebook.com/lucila.mendietaperez,2025-06-05,,sí,384,0,2025-04-11,post,https://www.facebook.com/share/p/18pJWAcfrB/,0,0,0,0,0,0,0,0,0,0,
LUCILA MENDIETA PEREZ,https://www.facebook.com/lucila.mendietaperez,2025-06-05,,sí,384,0,2025-04-21,post,https://www.facebook.com/lucila.mendietaperez/posts/pfbid02WWMFwggLiFaYxhWcpwUBUQZYCZbg6cSKGieouZXhuP7YDFeW2qRVKYHvWuR9BBt8l,0,0,4,2,0,0,1,0,0,1,
LUCILA MENDIETA PEREZ,https://www.facebook.com/lucila.mendietaperez,2025-06-05,,sí,384,0,2025-04-21,post,2025-04-21,0,0,0,0,0,0,0,0,0,0,
LUCILA MENDIETA PEREZ,https://www.facebook.com/lucila.mendietaperez,2025-06-05,,sí,384,0,2025-04-25,post,https://www.facebook.com/share/p/1BoWDdSRm9/,0,0,2,2,0,0,0,0,0,0,
LUCILA MENDIETA PEREZ,https://www.facebook.com/lucila.mendietaperez,2025-06-03,,sí,384,0,2025-05-30,post,https://www.facebook.com/share/p/18WL7n3jUY/,0,0,0,0,0,0,0,0,0,0,
LUCILA MENDIETA PEREZ,https://www.facebook.com/lucila.mendietaperez,2025-06-03,,sí,384,0,2025-05-30,post,https://www.facebook.com/share/p/16g6sByzN6/,0,0,0,0,0,0,0,0,0,0,
LUCILA MENDIETA PEREZ,https://www.facebook.com/lucila.mendietaperez,2025-06-05,,sí,384,0,2025-05-30,post,https://www.facebook.com/share/p/1HiokHLCjX/,0,0,0,0,0,0,0,0,0,0,
LUCILA MENDIETA PEREZ,https://www.facebook.com/lucila.mendietaperez,2025-06-05,,sí,384,0,2025-05-30,post,https://www.facebook.com/share/p/1XJUsDikSU/,0,0,0,0,0,0,0,0,0,0,
