nombre perfil,url perfil,snapshot_date,creación del perfil,candidato identificado,seguidores,seguidos,fecha post,tipo de post,url post,comparticiones,comentarios,reacciones en total,me gusta,me encanta,me divierte,me entristece,me sorprende,me enoja,me importa,contenido
Roxana Duchên,https://www.facebook.com/RoxanaDuchenn,2025-06-02,2015-03-11,no,59000,0,2025-05-26,post,https://www.facebook.com/share/p/19DMcjj1pp/,153,22,453,427,13,6,2,0,0,5,Buen día! Excelente semana!
Roxana Duchên,https://www.facebook.com/RoxanaDuchenn,2025-06-02,2015-03-11,no,59000,0,2025-05-27,post,https://www.facebook.com/share/p/1AkPpeuPTy/,27,18,155,147,5,2,1,0,0,0,"Buen día! 
Hablando de empleados públicos..."
Roxana Duchên,https://www.facebook.com/RoxanaDuchenn,2025-06-02,2015-03-11,no,59000,0,2025-05-28,post,https://www.facebook.com/share/p/1AqnjkmRii/,2,21,79,41,7,27,0,3,1,0,"Ya salió el nuevo casting para la serie de Harry Potter. 
Salvo algunos detallitos está fiel al libro "
Roxana Duchên,https://www.facebook.com/RoxanaDuchenn,2025-06-11,2015-03-11,no,59000,0,2025-05-30,post,https://www.facebook.com/share/p/1ahWktEvte/,145,171,2000,0,0,0,0,0,0,0,Bella Ramsey es tendencia otra vez!
Roxana Duchên,https://www.facebook.com/RoxanaDuchenn,2025-06-11,2015-03-11,no,59000,0,2025-05-30,post,https://www.facebook.com/share/p/16gURcB9r6/,13,0,101,0,0,0,0,0,0,0,Buen día!
Roxana Duchên,https://www.facebook.com/RoxanaDuchenn,2025-06-02,2015-03-11,no,59000,0,2025-05-30,post,https://www.facebook.com/share/p/16RL2cLamB/,143,170,2000,489,13,1500,2,3,0,4,Bella Ramsey es tendencia otra vez!
Roxana Duchên,https://www.facebook.com/RoxanaDuchenn,2025-06-02,2015-03-11,no,59000,0,2025-05-30,post,https://www.facebook.com/share/p/195s2vwzer/,11,0,89,78,7,1,1,1,0,1,Buen día!
Roxana Duchên,https://www.facebook.com/RoxanaDuchenn,2025-06-02,2015-03-11,no,59000,0,2025-05-31,post,https://www.facebook.com/share/p/1A4WcBbx6f/,23,39,296,79,0,212,3,2,0,0,Pobre compa 
Roxana Duchên,https://www.facebook.com/RoxanaDuchenn,2025-06-11,2015-03-11,no,59000,0,2025-05-31,post,https://www.facebook.com/share/p/16Mq8s7oMS/,50,75,427,0,0,0,0,0,0,0,
Roxana Duchên,https://www.facebook.com/RoxanaDuchenn,2025-06-02,2015-03-11,no,59000,0,2025-05-31,post,https://www.facebook.com/share/p/16M9n6bPw8/,47,43,367,187,3,141,27,6,1,2,
Roxana Duchên,https://www.facebook.com/RoxanaDuchenn,2025-06-11,2015-03-11,no,59000,0,2025-05-31,post,https://www.facebook.com/share/p/1FRnH9SVB1/,26,47,368,0,0,0,0,0,0,0,Pobre compa 
Roxana Duchên,https://www.facebook.com/RoxanaDuchenn,2025-06-02,2015-03-11,no,59000,0,2025-06-01,post,https://www.facebook.com/share/p/1HQuEwh4ek/,55,86,474,137,16,317,0,0,0,4,Dejen sus mejores memes para re distribuirlos jajaja
Roxana Duchên,https://www.facebook.com/RoxanaDuchenn,2025-06-02,2015-03-11,no,59000,0,2025-06-01,post,https://www.facebook.com/share/p/15UfARccGo/,70,12,391,97,2,289,1,1,0,1,Este mes nos da muuuucho material 
Roxana Duchên,https://www.facebook.com/RoxanaDuchenn,2025-06-11,2015-03-11,no,59000,0,2025-06-01,post,https://www.facebook.com/share/p/1XWa5B97YK/,70,91,560,0,0,0,0,0,0,0,Dejen sus mejores memes para re distribuirlos jajaja
Roxana Duchên,https://www.facebook.com/RoxanaDuchenn,2025-06-11,2015-03-11,no,59000,0,2025-06-01,post,https://www.facebook.com/share/p/19BWQYYXg7/,107,58,595,0,0,0,0,0,0,0,Este mes nos da muuuucho material 
Roxana Duchên,https://www.facebook.com/RoxanaDuchenn,2025-06-02,2015-03-11,no,59000,0,2025-06-02,post,https://www.facebook.com/RoxanaDuchenn/posts/pfbid02bc6AGoajDh1pYC2E89ioPzuTkXSu1fBAYyZQKP8z8HbkRBpTWxbxDnTV3se1BS3ol,24,0,122,118,3,0,1,0,0,0,Buen día! Eso se llama devaluación
Roxana Duchên,https://www.facebook.com/RoxanaDuchenn,2025-06-10,2015-03-11,no,59000,0,2025-06-03,post,https://www.facebook.com/share/p/15cqg1Cwku/,44,5,190,0,0,0,0,0,0,0,Buen día!
Roxana Duchên,https://www.facebook.com/RoxanaDuchenn,2025-06-11,2015-03-11,no,59000,0,2025-06-03,post,https://www.facebook.com/share/p/1BjbSisH7b/,43,5,193,0,0,0,0,0,0,0,Buen día!
Roxana Duchên,https://www.facebook.com/RoxanaDuchenn,2025-06-10,2015-03-11,no,59000,0,2025-06-04,post,https://www.facebook.com/share/p/1C9zsBqVgU/,767,974,9500,0,0,0,0,0,0,0,"En mi ciudad en Bolivia 
 duró una noche el arcoiris en un paso de cebra!
E… Ver más"
Roxana Duchên,https://www.facebook.com/RoxanaDuchenn,2025-06-11,2015-03-11,no,59000,0,2025-06-04,post,https://www.facebook.com/RoxanaDuchenn/posts/pfbid08Ke8gxQeox1XzBGGcwVFKrUaS2H1DRaXrr63WNUM4jXLzUf5kQ3h5q5LMw7bufLvl,768,975,9500,0,0,0,0,0,0,0,"En mi ciudad en Bolivia 
 duró una noche el arcoiris en un paso de cebra!
E… Ver más"
Roxana Duchên,https://www.facebook.com/RoxanaDuchenn,2025-06-10,2015-03-11,no,59000,0,2025-06-05,post,https://www.facebook.com/share/p/1LJut85Gbw/,41,2,221,0,0,0,0,0,0,0,Buen diaaaaa
Roxana Duchên,https://www.facebook.com/RoxanaDuchenn,2025-06-11,2015-03-11,no,59000,0,2025-06-05,post,https://www.facebook.com/share/p/1QBH1JeoP9/,43,2,231,0,0,0,0,0,0,0,Buen diaaaaa
Roxana Duchên,https://www.facebook.com/RoxanaDuchenn,2025-06-10,2015-03-11,no,59000,0,2025-06-06,post,https://www.facebook.com/share/p/191c8c7BPt/,22,2,152,0,0,0,0,0,0,0,Buen día!
Roxana Duchên,https://www.facebook.com/RoxanaDuchenn,2025-06-11,2015-03-11,no,59000,0,2025-06-06,post,https://www.facebook.com/share/p/19iTXNR4m9/,24,3,161,0,0,0,0,0,0,0,Buen día!
Roxana Duchên,https://www.facebook.com/RoxanaDuchenn,2025-06-11,2015-03-11,no,59000,0,2025-06-06,post,https://www.facebook.com/share/p/198ceE8dYy/,14,44,290,0,0,0,0,0,0,0,A mis amigos de Bolivia
Roxana Duchên,https://www.facebook.com/RoxanaDuchenn,2025-06-10,2015-03-11,no,59000,0,2025-06-06,post,https://www.facebook.com/share/p/151FWXBDp9u/,14,43,285,0,0,0,0,0,0,0,A mis amigos de Bolivia
Roxana Duchên,https://www.facebook.com/RoxanaDuchenn,2025-06-10,2015-03-11,no,59000,0,2025-06-07,post,https://www.facebook.com/share/p/1Ds9zjGmxg/,80,26,682,0,0,0,0,0,0,0,"Eso explica muchoooooo. 
… Ver más"
Roxana Duchên,https://www.facebook.com/RoxanaDuchenn,2025-06-11,2015-03-11,no,59000,0,2025-06-07,post,https://www.facebook.com/share/p/19JasUcxXb/,81,26,713,0,0,0,0,0,0,0,"Eso explica muchoooooo. 
… Ver más"
Roxana Duchên,https://www.facebook.com/RoxanaDuchenn,2025-06-11,2015-03-11,no,59000,0,2025-06-08,post,https://www.facebook.com/share/p/1ZXsDiV7qV/,13000,2300,51000,0,0,0,0,0,0,0,
Roxana Duchên,https://www.facebook.com/RoxanaDuchenn,2025-06-11,2015-03-11,no,59000,0,2025-06-08,post,https://www.facebook.com/share/p/1CHLU2ro17/,1000,1500,11000,0,0,0,0,0,0,0,
Roxana Duchên,https://www.facebook.com/RoxanaDuchenn,2025-06-11,2015-03-11,no,59000,0,2025-06-08,post,https://www.facebook.com/share/p/1Ffr3JXJDE/,42,16,288,0,0,0,0,0,0,0,No será eso herrmana?
Roxana Duchên,https://www.facebook.com/RoxanaDuchenn,2025-06-10,2015-03-11,no,59000,0,2025-06-08,post,https://www.facebook.com/share/p/1AoeYbW2mk/,11000,1800,40000,0,0,0,0,0,0,0,
Roxana Duchên,https://www.facebook.com/RoxanaDuchenn,2025-06-10,2015-03-11,no,59000,0,2025-06-08,post,https://www.facebook.com/share/p/1FvsfvBdbj/,660,1100,8000,0,0,0,0,0,0,0,
Roxana Duchên,https://www.facebook.com/RoxanaDuchenn,2025-06-10,2015-03-11,no,59000,0,2025-06-08,post,https://www.facebook.com/share/p/1AUsG5dnav/,36,15,265,0,0,0,0,0,0,0,No será eso herrmana?
Roxana Duchên,https://www.facebook.com/RoxanaDuchenn,2025-06-11,2015-03-11,no,59000,0,2025-06-09,post,https://www.facebook.com/share/p/16nkde5wyn/,103,56,1400,0,0,0,0,0,0,0,Si Bob!
Roxana Duchên,https://www.facebook.com/RoxanaDuchenn,2025-06-10,2015-03-11,no,59000,0,2025-06-09,post,https://www.facebook.com/share/p/19JeLeF3BP/,79,44,1100,0,0,0,0,0,0,0,Si Bob!
Roxana Duchên,https://www.facebook.com/RoxanaDuchenn,2025-06-10,2015-03-11,no,59000,0,2025-06-10,post,https://www.facebook.com/share/p/1LztBds3mo/,7,0,43,0,0,0,0,0,0,0,Buen día
Roxana Duchên,https://www.facebook.com/RoxanaDuchenn,2025-06-10,2015-03-11,no,59000,0,2025-06-10,post,https://www.facebook.com/share/p/15qG3P8q6V/,659,368,8500,0,0,0,0,0,0,0,Se dieron cuenta de que ya no hay banderitas en Google? 
Roxana Duchên,https://www.facebook.com/RoxanaDuchenn,2025-06-11,2015-03-11,no,59000,0,2025-06-10,post,https://www.facebook.com/share/p/1XFW29MZxp/,1500,796,19000,0,0,0,0,0,0,0,Se dieron cuenta de que ya no hay banderitas en Google? 
Roxana Duchên,https://www.facebook.com/RoxanaDuchenn,2025-06-11,2015-03-11,no,59000,0,2025-06-10,post,https://www.facebook.com/share/p/1BihDC5JW7/,8,0,54,0,0,0,0,0,0,0,Buen día
Roxana Duchên,https://www.facebook.com/RoxanaDuchenn,2025-06-11,2015-03-11,no,59000,0,2025-06-11,post,https://www.facebook.com/share/p/1Hy2PpksCB/,15,6,85,0,0,0,0,0,0,0,Buen día!!
Roxana Duchên,https://www.facebook.com/RoxanaDuchenn,2025-06-11,2015-03-11,no,59000,0,2025-06-11,post,https://www.facebook.com/share/p/18Qk65AdyD/,89,27,440,0,0,0,0,0,0,0,Cualquier parecido con la realidad es pura coincidencia! 
