nombre perfil,url perfil,candidato identificado,creación del perfil,seguidores,seguidos,fecha post,tipo de post,url post,comparticiones,comentarios,reacciones en total,me gusta,me encanta,me divierte,me entristece,me sorprende,me enoja,me importa,contenido
Susana Bejarano,https://www.facebook.com/profile.php?id=772515640,no,2007-02-23,7800,0,2025-02-02,post,https://www.facebook.com/share/p/1AHsC9D7C5/,3,6,53,0,0,0,0,0,0,0,"Al parecer las cosas en esta supuesta desaparición son más complejas, el padre dijo ante la Policía no conocer a la mujer del video, pero resulta que supuestamente la s… Ver más"
Susana Bejarano,https://www.facebook.com/profile.php?id=772515640,no,2007-02-23,7800,0,2025-02-04,post,https://www.facebook.com/susana.bejarano.823771/posts/pfbid02cfMxgZJbww3DsYYEn79S8F8MhjNTEYgaD6CfdaUNM2R8GmXyUPEa1wrCSwnzwiYol,9,101,122,0,0,0,0,0,0,0,"Comparto con ustedes mi columna en La Razón, voy a insistir en alimentar este debate, la responsabilidad de la intelectualidad de izquierda es no dejar caer un proceso … Ver más"
Susana Bejarano,https://www.facebook.com/profile.php?id=772515640,no,2007-02-23,7800,0,2025-02-07,post,https://www.facebook.com/share/p/19ECUbZK49/,24,29,100,0,0,0,0,0,0,0,"Aquí explico la necesidad de un gobierno popular, que no solo piense primero en la gente, que también que sea capaz de explicar las cosas. 
Los cupos de exportación son… Ver más"
Susana Bejarano,https://www.facebook.com/profile.php?id=772515640,no,2007-02-23,7800,0,2025-02-17,post,https://www.facebook.com/susana.bejarano.823771/posts/pfbid02syZu2rZeNpcT2jSfLsL5TfxRcU1Wq1EcZpJgNQ2FjEH5Xu2jUaBu4MEEbBxLxzoSl,13,10,63,0,0,0,0,0,0,0,"Los invito a leer mi ultima colaboración con Diario Red. 
Un apunte sobre las derechas en el país, la atomización del voto opositor y las pretensiones de sus líderes de… Ver más"
Susana Bejarano,https://www.facebook.com/profile.php?id=772515640,no,2007-02-23,7800,0,2025-02-18,post,https://www.facebook.com/susana.bejarano.823771/posts/pfbid02ZHYmKB4hNz5511MpeSdLE8VZPqQSwRaVinGJDLSsYZfrQfQBiWxMp1ioVAvCbRKPl,3,18,104,0,0,0,0,0,0,0,"Los invito a leer mi última colaboración en La Razón. 
Es imprescindible a puertas de las elecciones, elevar el debate político. "
Susana Bejarano,https://www.facebook.com/profile.php?id=772515640,no,2007-02-23,7800,0,2025-02-20,post,https://www.facebook.com/share/p/1AYhxmp9ma/,18,18,118,0,0,0,0,0,0,0,"Las noticias están muy intensas, no nos hemos compadecido ni siquiera que hoy es jueves de compadres! 
POLÍTICA 
El TSE convocó a una cumbre multipartidaria y logró una foto muy democrática, la reunión en concreto fue para pedir apoyo a los otros órganos del Estado y a las fuerzas políticas parlamentarias y no parlamentarias para que los dejen realizar las elecciones. 
Comprometió a la Asamblea Legislativa a que apruebe una Ley que o… Ver más"
Susana Bejarano,https://www.facebook.com/profile.php?id=772515640,no,2007-02-23,7800,0,2025-03-04,post,https://www.facebook.com/share/p/1BtJzwx889/,0,0,6,0,0,0,0,0,0,0,
Susana Bejarano,https://www.facebook.com/profile.php?id=772515640,no,2007-02-23,7800,0,2025-03-04,post,https://www.facebook.com/share/p/1A4v6p1axT/,0,0,17,0,0,0,0,0,0,0,"Sinceramente recomiendo este programa, Pablo Iglesias Turrión advirtió hasta el cansancio desde el inicio de esta guerra como más o menos acabarían las cosas. … Ver más"
Susana Bejarano,https://www.facebook.com/profile.php?id=772515640,no,2007-02-23,7800,0,2025-03-04,post,https://www.facebook.com/share/p/15h8R3tgd7/,29,70,101,0,0,0,0,0,0,0,"El mundo no da descanso. 
Recuerdo que hace 3 años atrás,  después de la invasión de Rusia a Ucrania, hubo declaraciones de apoyo a Putin por acá y por allá. Justificaciones de la invasión. Líderes de izquierda en el triste papel de alegar que Rusia se defendía de una provocación sistemática de EEUU a través de Ucrania. 
Aunque no se puede negar que Occidente sintió la tentación de convertir a Ucrania en miembro de la OTAN, algo que R… Ver más"
Susana Bejarano,https://www.facebook.com/profile.php?id=772515640,no,2007-02-23,7800,0,2025-03-06,post,https://www.facebook.com/susana.bejarano.823771/posts/pfbid0n2TvqeVzAJ9uVSkcVTkrRS3UHz3mjjpedyqmzi564CBDAprstKFDXp3BgzVvy66Tl,0,0,7,0,0,0,0,0,0,0,Recomiendo este artículo a todos los que están dispuestos a repensar las cosas. … Ver más
Susana Bejarano,https://www.facebook.com/profile.php?id=772515640,no,2007-02-23,7800,0,2025-03-06,post,https://www.facebook.com/share/p/18vcheKbtG/,136,25,223,0,0,0,0,0,0,0,"Es pertubador lo que ha pasado: una bebé de 1 año, otra de 2. Un niño de 4, han muerto en los últimos 6 días en manos de quiénes los cuidaban. 
Sábado de carnaval una bebé de 2 años llega muerta al centro de salud, la golpearon brutalmente, la mató su padrastro de 19 años, que quedó al cuidado de la nena. Domingo de carnaval una bebé de 1 año llega al centro de salud muerta, fue abusada sexualmente por la pareja su madre, un joven de… Ver más"
Susana Bejarano,https://www.facebook.com/profile.php?id=772515640,no,2007-02-23,7800,0,2025-03-08,post,https://www.facebook.com/share/p/1EDrvpzEKs/,0,2,26,0,0,0,0,0,0,0,"Ningún movimiento que busque emancipación lo es si no contempla lo igualdad de los derechos de las mujeres. 
Nadie se puede llamar revolucionario si naturaliza la viole… Ver más"
Susana Bejarano,https://www.facebook.com/profile.php?id=772515640,no,2007-02-23,7800,0,2025-03-08,post,https://www.facebook.com/share/p/1C3xJMH3NG/,2,2,43,0,0,0,0,0,0,0,"Ningún movimiento que busque emancipación lo es si no contempla la igualdad en los derechos de las mujeres. 
Nadie se puede llamar revolucionario si naturaliza la viole… Ver más"
Susana Bejarano,https://www.facebook.com/profile.php?id=772515640,no,2007-02-23,7800,0,2025-03-10,post,https://www.facebook.com/share/p/1AxgnPU6ft/,3,5,61,0,0,0,0,0,0,0,"Si el Estado no cuida, se cuida la sociedad. Otra muestra de la falta de institucionalidad y de criterio práctico y realista en las cosas. Quién debe hacer el control d… Ver más"
Susana Bejarano,https://www.facebook.com/profile.php?id=772515640,no,2007-02-23,7800,0,2025-03-11,post,2025-03-11,0,0,0,0,0,0,0,0,0,0,
Susana Bejarano,https://www.facebook.com/profile.php?id=772515640,no,2007-02-23,7800,0,2025-03-12,post,https://www.facebook.com/share/p/16TZrSugCE/,4,27,96,0,0,0,0,0,0,0,11. Uso obligatorio de barbijo
Susana Bejarano,https://www.facebook.com/profile.php?id=772515640,no,2007-02-23,7800,0,2025-03-12,post,https://www.facebook.com/share/p/1EHKRPgAMc/,19,59,124,0,0,0,0,0,0,0,"Cuéllar dice que perdió más de 5 litros de sangre, en el enfrentamiento con sus ex compañeros por la sede masista en La Paz. Lo relevante de este asunto es que la cienc… Ver más"
Susana Bejarano,https://www.facebook.com/profile.php?id=772515640,no,2007-02-23,7800,0,2025-03-18,post,https://www.facebook.com/share/p/16KBnLHQ8T/,10,4,39,0,0,0,0,0,0,0,"Dicen tener ""coincidencias programáticas"". … Ver más"
Susana Bejarano,https://www.facebook.com/profile.php?id=772515640,no,2007-02-23,7800,0,2025-03-18,post,https://www.facebook.com/susana.bejarano.823771/posts/pfbid026kEQga5L1dCecjbNcLev8uY1ZtaHwFYtLez68Z1oqcQU14wTkhRkrXLE6x3qrEuMl,1,0,24,0,0,0,0,0,0,0,"Comparto mi columna hoy en La Razón, estamos muy concentrados en las campañas electorales, en que le conviene electoralmente a uno o el otro, y a veces, olvidamos en el… Ver más"
Susana Bejarano,https://www.facebook.com/profile.php?id=772515640,no,2007-02-23,7800,0,2025-03-21,post,https://www.facebook.com/share/p/1Fv3tvu2xj/,5,11,85,0,0,0,0,0,0,0,"Lo de Chi no es nuevo, en el 2019 y el 2020 ha dicho estupideces mayores sobre las mujeres y el rol que nos quiere asignar. 
Todo esto lo dice no solo porque lo cree, además porque sabe que la indignación que provoca lo pone en los periódicos, de esa manera, cuenta con ser la voz de conservadores impresentables que piensan igual que él. No lo dijo por mete pata o por bobo es parte de su campaña... 
(Lo alucinante es que estas cosas qu… Ver más"
Susana Bejarano,https://www.facebook.com/profile.php?id=772515640,no,2007-02-23,7800,0,2025-03-21,post,https://www.facebook.com/share/p/1KNyfcVEan/,34,17,100,0,0,0,0,0,0,0,"Delirante, el TCP lo hizo otra vez, el año pasado una sesión de la Asamblea dirigida por Andrónico Rodríguez, Presindente del Senado, en ese momento en su calidad de pr… Ver más"
Susana Bejarano,https://www.facebook.com/profile.php?id=772515640,no,2007-02-23,7800,0,2025-03-23,post,https://www.facebook.com/share/p/1G5G5tCthn/,111,323,1800,0,0,0,0,0,0,0,
Susana Bejarano,https://www.facebook.com/profile.php?id=772515640,no,2007-02-23,7800,0,2025-03-25,post,https://www.facebook.com/share/p/1JGFfmaM12/,56,5,181,0,0,0,0,0,0,0,"Ayer fui amablemente invitada a por Maria Galindo a comentar la negativa a su candidatura. 
No se trata solo de un personaje anarquista que ""dejaría de ser sí misma"" si aceptara seguir las reglas del juego, esos son criterios limitados, ella no es tonta, la invitación pretendía echar mano de la legitimidad de María, ganada con más de tres décadas de trabajo desde el llano. No podía elegir ella misma a su bancada. Qué conveniente. 
La … Ver más"
Susana Bejarano,https://www.facebook.com/profile.php?id=772515640,no,2007-02-23,7800,0,2025-03-27,post,https://www.facebook.com/share/p/198g3RiKuE/,17,46,128,0,0,0,0,0,0,0,Encuesta de la RED UNO … Ver más
Susana Bejarano,https://www.facebook.com/profile.php?id=772515640,no,2007-02-23,7800,0,2025-03-28,post,https://www.facebook.com/share/p/1EN1GwJkgX/,5,66,139,0,0,0,0,0,0,0,"Existen muchos ingenuos que creen que el otrora arcismo hizo todo lo que hizo en la batalla interna, para entregarle la sigla así como si nada hubiera pasado a Andrónic… Ver más"
Susana Bejarano,https://www.facebook.com/profile.php?id=772515640,no,2007-02-23,7800,0,2025-03-30,post,https://www.facebook.com/share/p/16NQBNboQD/,70,26,255,0,0,0,0,0,0,0,"Ayer arrestaron al fotoperiodista Álvaro Valero, fue denunciado por violación en septiembre del año pasado por Nadia que ya está muerta. Se mató. La mató la negligencia de justicia, la indolente respuesta de la juez. Fue violada por su ex compañero de trabajo, pero las autoridades no oyeron su llamado. En cambio el victimario intentó sobornar a la familia para lograr silencio. ¿Intento acallar a la justicia? Seguro, quien lo dudaría. … Ver más"
Susana Bejarano,https://www.facebook.com/profile.php?id=772515640,no,2007-02-23,7800,0,2025-04-01,post,https://www.facebook.com/susana.bejarano.823771/posts/pfbid08nQ4M5bdwXTfne1dmLaHfaLNvPYrTY2Ak1gPiMTgPbdE5HcvtVVcb6jPTaoWgzgXl,1,0,56,0,0,0,0,0,0,0,"Les comparto mi columna en La Razón, una lectura sobre las encuestas que se han presentado la semana pasada. 
Hoy las encuestas están configurando el escenario político… Ver más"
Susana Bejarano,https://www.facebook.com/profile.php?id=772515640,no,2007-02-23,7800,0,2025-04-02,post,https://www.facebook.com/share/p/1539L3He7P/,18,32,116,0,0,0,0,0,0,0,"Dice que habló con María Galindo, ella le dice mentiroso. ¿Y de cuándo acá, Claure se atribuyó la ""labor"" de hablar con todos los posibles candidatos, para ver qué pien… Ver más"
Susana Bejarano,https://www.facebook.com/profile.php?id=772515640,no,2007-02-23,7800,0,2025-04-06,post,https://www.facebook.com/share/p/195AkngabY/,4,9,52,0,0,0,0,0,0,0,"Mi crítica sobre la serie de Netflix, ""Adolescencia"". Una serie brutal, que vale muchísimo la pena ver."
Susana Bejarano,https://www.facebook.com/profile.php?id=772515640,no,2007-02-23,7800,0,2025-04-06,post,https://www.facebook.com/susana.bejarano.823771/posts/pfbid02dgmjVaEu965JvdNbxYM8aZzpvWo7DoU5UBCSWWT6RVU5LmMwuN6JyEm6txtjkiuDl,8,23,104,0,0,0,0,0,0,0,"Tiene razón Andrónico cuando dice que hay necesidad de cambiar la forma de hacer política, la confrontación de ideas no puede llevarte a pensar que el que piensa distin… Ver más"
Susana Bejarano,https://www.facebook.com/profile.php?id=772515640,no,2007-02-23,7800,0,2025-04-09,post,https://www.facebook.com/share/p/1AoevXf7TM/,9,19,115,0,0,0,0,0,0,0,"""Renuncio luego existo"""
Susana Bejarano,https://www.facebook.com/profile.php?id=772515640,no,2007-02-23,7800,0,2025-04-09,post,https://www.facebook.com/susana.bejarano.823771/posts/pfbid02FtZDaj4vB8NhVb7WFnPUex635hoLUiySheMgsb9FTe98EndTrhRTmydRKh5RgTqhl,0,1,8,0,0,0,0,0,0,0,Gente solidaria de Tarija si pueden asistir a esta kermesse solidaria. Made es una joven que tiene una tumor en el rostro y necesita recursos para su recuperación. En e… Ver más
Susana Bejarano,https://www.facebook.com/profile.php?id=772515640,no,2007-02-23,7800,0,2025-04-12,post,https://www.facebook.com/share/p/1AV3rrPGTP/,6,11,46,0,0,0,0,0,0,0,"Hoy se celebra el día del niño y niña en Bolivia. Basada en las últimas noticias, no sé si lo más chicos tienen mucho que celebrar. La noticia más importante de la sema… Ver más"
Susana Bejarano,https://www.facebook.com/profile.php?id=772515640,no,2007-02-23,7800,0,2025-04-15,post,https://www.facebook.com/susana.bejarano.823771/posts/pfbid031QHvpBEmsB9Vpan5iT9GN5ackU1Hsoep4Arxu4GEzkTnCyGchP1CXDHjUHGkU4cDl,13,34,220,0,0,0,0,0,0,0,"Me duele muchísimo saber qué pasó con Daniela, me duele mucho saber lo mucho que sufrió, que tuvo una agonía dolorosa. Que nadie se ocupó de ella como debía, me duele s… Ver más"
Susana Bejarano,https://www.facebook.com/profile.php?id=772515640,no,2007-02-23,7800,0,2025-04-15,post,https://www.facebook.com/share/p/16PTgXuwg3/,24,13,100,0,0,0,0,0,0,0,"Hoy mucha foto y recuerdos con Mario  Vargas Llosa que acaba de fallecer, para los bolivianos, se trata de lo más cerca que estuvimos del Nobel, la cantidad de tinta de… Ver más"
Susana Bejarano,https://www.facebook.com/profile.php?id=772515640,no,2007-02-23,7800,0,2025-04-15,post,2025-04-15,0,0,0,0,0,0,0,0,0,0,
Susana Bejarano,https://www.facebook.com/profile.php?id=772515640,no,2007-02-23,7800,0,2025-04-15,post,https://www.facebook.com/susana.bejarano.823771/posts/pfbid02aDiXBhQurKoQ28iQGbuQBXoojFDdhcXGWoD54k6UJXKFdbQeuhN7xWn8Zog9pMADl,4,18,107,0,0,0,0,0,0,0,"Les dejo mi columna de hoy. Estamos a nada de las inscripciones de alianzas, todos los precandidatos hablan de la institucionalidad, del respeto a la democracia y cuant… Ver más"
Susana Bejarano,https://www.facebook.com/profile.php?id=772515640,no,2007-02-23,7800,0,2025-04-15,post,https://www.facebook.com/susana.bejarano.823771/posts/pfbid0j5mbWsrF7y4StrqVY9J2zgnAeDxAzJ3iTUW1fh8chHs82nFiLUVZiQMNgb3X4hmGl,12,33,203,0,0,0,0,0,0,0,"Fernando Bowles, empresario cruceño que golpeó brutalmente a su ex pareja al grado de reventarle una prótesis mamaria, y Manuel Alejandro Zambrana, paceño, que disfrazado de Joker apuñaló a tres jóvenes, mató a uno y los otros están en una grave situación internados; deben estar tras las rejas. 
Aquí no hay ninguna historia mal contada. Aquí dos hombres violentos. Un asesino y un potencial asesino. No hay justificativos. Ambos son sujetos peligrosos."
Susana Bejarano,https://www.facebook.com/profile.php?id=772515640,no,2007-02-23,7800,0,2025-04-19,post,https://www.facebook.com/share/p/16MRUNzRNp/,8,10,38,0,0,0,0,0,0,0,Muy buena entrevista de Maria S Trigo a Gustavo Avila Mercado… Ver más
Susana Bejarano,https://www.facebook.com/profile.php?id=772515640,no,2007-02-23,7800,0,2025-04-21,post,https://www.facebook.com/susana.bejarano.823771/posts/pfbid025FdQ7ra3p9Q9RwTUAz9zWEso49rmrhEBnfLB86FRqE5Qft7hF1GF5ryoPfU4FSM2l,8,34,149,0,0,0,0,0,0,0,"Falleció Francisco, el primer Papa latinoamericano. Jesuita, apostó por la humildad, rechazó todos los lujos del Vaticano, desde esas túnicas exageradas en lujos, hasta… Ver más"
Susana Bejarano,https://www.facebook.com/profile.php?id=772515640,no,2007-02-23,7800,0,2025-04-22,post,https://www.facebook.com/share/p/19Z23PjvFP/,1,28,93,0,0,0,0,0,0,0,"Acabo de terminar de ver el segundo capítulo de la segunda temporada de #TheLastOfUs. Varias cosas:
Nunca supe de la existencia del videojuego si quiera, y estoy atrapada. Deducción: trasladar un videojuego a una serie sin que así parezca, son maestros. 
#GOT sigue siendo la Catedral de las series, para mí, claro, pero #TheLastOfUs termina siendo una iglesia importante. Cinematografía del más alto nivel. 
Hay una polémica sobre la est… Ver más"
Susana Bejarano,https://www.facebook.com/profile.php?id=772515640,no,2007-02-23,7800,0,2025-04-23,post,https://www.facebook.com/share/p/1QU8t4TxAu/,18,11,79,0,0,0,0,0,0,0,"La configuración del escenario electoral nos tiene distraídos, pero no lo suficiente para no reparar en que ayer el alcalde paceño Iván Arias, (re)puso en funcionamient… Ver más"
Susana Bejarano,https://www.facebook.com/profile.php?id=772515640,no,2007-02-23,7800,0,2025-05-01,post,https://www.facebook.com/susana.bejarano.823771/posts/pfbid0BHRqGzFEySW4vSLeNYNo1zWxi5AkiTBVzg2njuwJwWianXBomndVSYbUne1vboVSl,7,7,78,0,0,0,0,0,0,0,"Los mártires de Chicago, iniciaron todo por DERECHOS para los trabajadores. Qué pedían: 8 horas de trabajo, derecho a la protesta, reconocimiento de sindicatos, incremento salarial, tiempo libre (vacaciones), respeto a las mujeres, eliminación del trabajo infantil. 
Que hoy gocemos de estos derechos tiene un origen: gente que lucho por lo que es justo, los mataron por eso, los encerraron, les dieron trabajos forzados, les torturon. Lo… Ver más"
Susana Bejarano,https://www.facebook.com/profile.php?id=772515640,no,2007-02-23,7800,0,2025-05-02,post,https://www.facebook.com/share/p/1KLxfLMjpp/,11,6,46,0,0,0,0,0,0,0,"La genocidio en contra del pueblo palestino se ha normalizado, han muerto 17 mil niños menores de 12 años. Ninguno estaba armado ni en situación de combate, los mataron… Ver más"
Susana Bejarano,https://www.facebook.com/profile.php?id=772515640,no,2007-02-23,7800,0,2025-05-03,post,https://www.facebook.com/share/p/1G8UcLaki1/,4,26,97,0,0,0,0,0,0,0,Lo dicho: empieza el proceso de jubilación. 
Susana Bejarano,https://www.facebook.com/profile.php?id=772515640,no,2007-02-23,7800,0,2025-05-04,post,https://www.facebook.com/share/p/1P9ZYSeDgq/,12,64,142,0,0,0,0,0,0,0,"Sobre la aceptación de la candidatura a la presidencia anunciada ayer de Andrónico Rodríguez, para Diario Red. "
Susana Bejarano,https://www.facebook.com/profile.php?id=772515640,no,2007-02-23,7800,0,2025-05-08,post,https://www.facebook.com/share/p/19G8vnZbZQ/,12,24,111,0,0,0,0,0,0,0,"El Papa casi peruano (como todo en Perú, dice mi amigo peruano), es una buena noticia. En español, mandó un saludo a su parroquia de Chiclayo, no sé si hay algo más nuestro que mandar un ""saludo"" en momentos importantes. 
Hasta hoy existen programas de radio dedicados exclusivamente a mandar saludos.
Qué simpático el Papa gringo, hijo de una migrante, nacionalizado peruano."
Susana Bejarano,https://www.facebook.com/profile.php?id=772515640,no,2007-02-23,7800,0,2025-05-13,post,https://www.facebook.com/share/p/1Acc5wbQgs/,15,11,169,0,0,0,0,0,0,0,"Se murió Pepe Mujica, pero en realidad no muere quien es faro, no muere quien vive como piensa, se queda en los corazones de la gente, se queda en el ejemplo. Luchó ape… Ver más"
Susana Bejarano,https://www.facebook.com/profile.php?id=772515640,no,2007-02-23,7800,0,2025-05-14,post,https://www.facebook.com/share/p/1Bxec9aCsY/,1,57,79,0,0,0,0,0,0,0,"Se fue Arce pero antes se aseguró de llevarse a Evo con él 
https://www.urgente.bo/noticia/urgente-el-tcp-declara-inconstitucional-la-reelección-continua-y-discontinua"
Susana Bejarano,https://www.facebook.com/profile.php?id=772515640,no,2007-02-23,7800,0,2025-05-14,post,https://www.facebook.com/share/p/19NoNJ6fNe/,8,63,126,0,0,0,0,0,0,0,"En mi opinión la decisión de Luis Arce de declinar a su candidatura, más que ser un acto de desprendimiento responde al reconocimiento de cuál es su realidad política.… Ver más"
Susana Bejarano,https://www.facebook.com/profile.php?id=772515640,no,2007-02-23,7800,0,2025-05-17,post,https://www.facebook.com/share/p/1FwZRtDV9G/,3,57,110,0,0,0,0,0,0,0,"De ser estas las opciones, si Rodríguez y Prado deciden correr juntos, estaríamos ante el binomio más competitivo. 
Hay respuesta identitaria, ningún otro binomio tendr… Ver más"
Susana Bejarano,https://www.facebook.com/profile.php?id=772515640,no,2007-02-23,7800,0,2025-05-18,post,https://www.facebook.com/share/p/1J12jyxGkA/,2,0,24,0,0,0,0,0,0,0,"La política no nos dio descanso, estos fueron los 5 principales hechos de las últimas horas. 
Los invito a leer mi nota para Diario Red América Latina"
Susana Bejarano,https://www.facebook.com/profile.php?id=772515640,no,2007-02-23,7800,0,2025-05-20,post,https://www.facebook.com/share/p/1FcX7sDDwb/,13,17,199,0,0,0,0,0,0,0,"1. No se consigue los votos de quienes se agravia. Nunca. 
2. Si tus palabras no condicen con tus acciones, la gente se da cuenta.
3. La gente tiene agencia política, no vota como ""guanaco"" vota por quien lo representa."
Susana Bejarano,https://www.facebook.com/profile.php?id=772515640,no,2007-02-23,7800,0,2025-05-21,post,https://www.facebook.com/susana.bejarano.823771/posts/pfbid026XzxNduUCJ2dcYrtRoZ8mKTQwm6HXrJ9p3BTeZYdVSzDFXN8Sy2YwWrHdgVmn7jdl,5,74,95,0,0,0,0,0,0,0,"La vergüenza nacional. Un sala de un tribunal departamental X a raíz de una denuncia que se activa el mismo día de las inscripciones, hecha por un activista que no es m… Ver más"
Susana Bejarano,https://www.facebook.com/profile.php?id=772515640,no,2007-02-23,7800,0,2025-05-22,post,https://www.facebook.com/susana.bejarano.823771/posts/pfbid038A2dVuqG6A8PhX7MAfamJJrJZ2zFMMDsZ6LGfea8gdmx4WpRKCv7TCqN27ET2ZzDl,6,12,66,0,0,0,0,0,0,0,Mi nota para Diario Red América Latina sobre la serie de terror que estamos viviendo. 
Susana Bejarano,https://www.facebook.com/profile.php?id=772515640,no,2007-02-23,7800,0,2025-05-25,post,https://www.facebook.com/share/p/16BjqTkyNy/,6,5,72,0,0,0,0,0,0,0,Sobre el mensaje de Andrónico … Ver más
Susana Bejarano,https://www.facebook.com/profile.php?id=772515640,no,2007-02-23,7800,0,2025-05-30,post,https://www.facebook.com/susana.bejarano.823771/posts/pfbid02Q5HvdiuDoJ3nkj6fVFxZoBsACeunTVAbxuEjzYxtyBMPpfer61AomTxdbvhHjWwrl,0,8,31,0,0,0,0,0,0,0,Formalmente el domingo 1ro de junio se presenta la primera encuesta de la carrera electoral. No podrá ser comparada con las anteriores por algo básico: se basa en lista… Ver más
Susana Bejarano,https://www.facebook.com/profile.php?id=772515640,no,2007-02-23,7800,0,2025-05-30,post,https://www.facebook.com/share/p/1HayEUibYJ/,7,17,77,0,0,0,0,0,0,0,"ACLARACIÓN NECESARIA: el TSE aún podría no proscribir al MTS, si la delcagda del partido presenta descargos en los próximos 5 días hábiles y estos son aceptados por el … Ver más"
Susana Bejarano,https://www.facebook.com/profile.php?id=772515640,no,2007-02-23,7800,0,2025-05-31,post,https://www.facebook.com/share/p/16dTGBwUe6/,82,52,298,0,0,0,0,0,0,0,"Ayer la viralización electoral fue la entrevista en POV de UNITEL, con la gran Natalia Aparicio, al candidato a vicepresidente de Tuto, Juan Pablo Velasco... 
Es una fa… Ver más"
Susana Bejarano,https://www.facebook.com/profile.php?id=772515640,no,2007-02-23,7800,0,2025-06-01,post,https://www.facebook.com/share/p/1FzForTzqR/,14,29,132,0,0,0,0,0,0,0,Algunos datos relevantes de la encuesta presentada hoy en UNITEL:… Ver más
Susana Bejarano,https://www.facebook.com/profile.php?id=772515640,no,2007-02-23,7800,0,2025-06-02,post,https://www.facebook.com/share/p/1CWHyR3uJJ/,10,58,107,0,0,0,0,0,0,0,"El 2,3% del MAS producto no solo de la canibalización interna. También es producto de la realidad. No se puede sostener un partido político que hoy es considerado el re… Ver más"
Susana Bejarano,https://www.facebook.com/profile.php?id=772515640,no,2007-02-23,7800,0,2025-06-02,post,https://www.facebook.com/susana.bejarano.823771/posts/pfbid0eC9iNYoY9SCWmPssYP7Jpx7Z8LCqW5fDk2UWhh8QUse5cR9Gk2acgmHnaSdxcwoRl,2,18,77,0,0,0,0,0,0,0,"La sinvergüenzura de Hurtado es mayor, este individuo y su banda han lastimado la democracia tanto que habrá consecuencias."
Susana Bejarano,https://www.facebook.com/profile.php?id=772515640,no,2007-02-23,7800,0,2025-06-02,post,https://www.facebook.com/share/p/1EaJk77N7B/,1,12,48,0,0,0,0,0,0,0,"La carta de presentación de Manfred fue su capacidad de administrar el municipio de Cochabamba, una ciudad linda, limpia, asfaltada, etc. En el último mes, todas las te… Ver más"
Susana Bejarano,https://www.facebook.com/profile.php?id=772515640,no,2007-02-23,7800,0,2025-06-04,post,https://www.facebook.com/share/p/1Emm7KQ2S1/,4,71,52,0,0,0,0,0,0,0,"¿Qué hay detrás de la movilización?
BRONCA
Sigan ustedes..."
Susana Bejarano,https://www.facebook.com/profile.php?id=772515640,no,2007-02-23,7800,0,2025-06-05,post,https://www.facebook.com/share/p/1AX9KmeW9T/,13,23,102,0,0,0,0,0,0,0,"El conflicto actual tiene dos componentes. Y para resolverlo no se puede esconder a ninguno de ellos en el otro. Es un conflicto político y económico. 
La realidad ha sobrepasado cualquier retórica posible. El ""no hay, no encuentro, hago cola, subió de precio, no me alcanza"" es la nueva realidad de todos. 
El gobierno NO  tomó medidas económicas adecuadas para resolver esto; dejó las medidas duras, que pudieron ser graduales, para que… Ver más"
Susana Bejarano,https://www.facebook.com/profile.php?id=772515640,no,2007-02-23,7800,0,2025-06-09,post,https://www.facebook.com/susana.bejarano.823771/posts/pfbid02RZ2EhajCjByLpi7ngi4qxH4xg8yZkVoFv6EosDVHVA2Ek3KDGm5T8zVxznk2zmVnl,8,18,46,0,0,0,0,0,0,0,"Las filas por la gasolina en La Paz son perturbadoras. No se puede vivir sabiendo en cuando tu tanque se acabe te toca programar 7 a 14 horas de tu vida en una cola. 
S… Ver más"
Susana Bejarano,https://www.facebook.com/profile.php?id=772515640,no,2007-02-23,7800,0,2025-06-09,post,https://www.facebook.com/share/p/1AhoZw4V13/,3,0,32,0,0,0,0,0,0,0,"Muy buen artículo de Farit Limbert Rojas Tudela... El Estado de NO derecho también puede ser una idea rectora, en manos de delincuentes que hacen interpretaciones antoj… Ver más"
