nombre perfil,url perfil,snapshot_date,creación del perfil,candidato identificado,seguidores,seguidos,fecha post,tipo de post,url post,comparticiones,comentarios,reacciones en total,me gusta,me encanta,me divierte,me entristece,me sorprende,me enoja,me importa,contenido
YAMILKA SOFIA SADUD BANZER,https://www.facebook.com/yamilka.sadudbanzer,2025-07-22,,no,9,0,2025-07-16,post,https://www.facebook.com/share/15c4viQ4Ma/,7,2,27,19,8,0,0,0,0,0,
YAMILKA SOFIA SADUD BANZER,https://www.facebook.com/yamilka.sadudbanzer,2025-07-22,,no,9,0,2025-07-17,post,https://www.facebook.com/share/p/1AhyfDMx2X/,2,3,19,14,4,1,0,0,0,0,Bienvenido a Santa Cruz 
YAMILKA SOFIA SADUD BANZER,https://www.facebook.com/yamilka.sadudbanzer,2025-07-22,,no,9,0,2025-07-20,post,https://www.facebook.com/share/p/176kCn43gE/,0,0,12,9,3,0,0,0,0,0,
YAMILKA SOFIA SADUD BANZER,https://www.facebook.com/yamilka.sadudbanzer,2025-07-22,,no,9,0,2025-07-20,post,https://www.facebook.com/share/p/16k4T8NWHj/,2,0,2,2,0,0,0,0,0,0,
YAMILKA SOFIA SADUD BANZER,https://www.facebook.com/yamilka.sadudbanzer,2025-07-22,,no,9,0,2025-07-21,post,https://www.facebook.com/share/v/14EoCALvytw/,0,1,11,7,4,0,0,0,0,0,
YAMILKA SOFIA SADUD BANZER,https://www.facebook.com/yamilka.sadudbanzer,2025-07-29,2025-06-11,no,158,6,2025-07-21,post,https://www.facebook.com/61576954875944/videos/1296581141862492/,0,1,12,8,4,0,0,0,0,0,
YAMILKA SOFIA SADUD BANZER,https://www.facebook.com/yamilka.sadudbanzer,2025-07-29,2025-06-11,no,158,6,2025-07-21,post,https://www.facebook.com/share/v/16m5KM8FPm/,0,0,7,6,1,0,0,0,0,0,
YAMILKA SOFIA SADUD BANZER,https://www.facebook.com/yamilka.sadudbanzer,2025-07-22,,no,9,0,2025-07-21,post,https://www.facebook.com/share/v/1BLswofjgw/,0,0,4,3,1,0,0,0,0,0,
YAMILKA SOFIA SADUD BANZER,https://www.facebook.com/yamilka.sadudbanzer,2025-07-29,2025-06-11,no,158,6,2025-07-23,post,https://www.facebook.com/share/p/19gs6Qytpg/,3,3,13,9,4,0,0,0,0,0,
YAMILKA SOFIA SADUD BANZER,https://www.facebook.com/yamilka.sadudbanzer,2025-07-29,2025-06-11,no,158,6,2025-07-23,post,https://www.facebook.com/share/p/1CkUeYnECP/,2,4,9,7,2,0,0,0,0,0,Seguimos recorriendo la C44
YAMILKA SOFIA SADUD BANZER,https://www.facebook.com/yamilka.sadudbanzer,2025-07-29,2025-06-11,no,158,6,2025-07-24,post,https://www.facebook.com/share/p/1DjXrStt5W/,3,1,10,9,1,0,0,0,0,0,
YAMILKA SOFIA SADUD BANZER,https://www.facebook.com/yamilka.sadudbanzer,2025-07-29,2025-06-11,no,158,6,2025-07-29,post,https://www.facebook.com/share/p/15qYRpaxrH/,0,0,0,0,0,0,0,0,0,0,
YAMILKA SOFIA SADUD BANZER,https://www.facebook.com/yamilka.sadudbanzer,2025-07-29,2025-06-11,no,158,6,2025-07-29,post,https://www.facebook.com/share/p/19ZEVteNAw/,0,0,1,1,0,0,0,0,0,0,
YAMILKA SOFIA SADUD BANZER,https://www.facebook.com/yamilka.sadudbanzer,2025-08-06,,no,9,0,2025-08-01,post,https://www.facebook.com/share/p/1JDoqVVdyn/,5,3,19,12,7,0,0,0,0,0,Y seguimos avanzando
YAMILKA SOFIA SADUD BANZER,https://www.facebook.com/yamilka.sadudbanzer,2025-08-06,,no,9,0,2025-08-04,post,https://www.facebook.com/share/p/19dxpk5fCJ/,4,0,11,11,0,0,0,0,0,0,
