nombre perfil,url perfil,snapshot_date,creación del perfil,candidato identificado,seguidores,seguidos,fecha post,tipo de post,url post,comparticiones,comentarios,reacciones en total,me gusta,me encanta,me divierte,me entristece,me sorprende,me enoja,me importa,contenido
MARILU EUGENIA RAMOS MAMANI,https://www.facebook.com/maria.eugenia.ramos.mamani.2025,2025-06-02,,sí,0,0,2025-06-02,post,https://www.facebook.com/share/p/15fAAZtoLr/,0,0,,0,0,0,0,0,0,0,
MARILU EUGENIA RAMOS MAMANI,https://www.facebook.com/maria.eugenia.ramos.mamani.2025,2025-06-05,,sí,0,0,2025-06-04,post,https://www.facebook.com/share/p/12Laj2NNv5K/,0,0,0,0,0,0,0,0,0,0,
MARILU EUGENIA RAMOS MAMANI,https://www.facebook.com/maria.eugenia.ramos.mamani.2025,2025-06-05,,sí,0,0,2025-06-04,post,https://www.facebook.com/share/p/1DnJRFbkmx/,0,0,0,0,0,0,0,0,0,0,
MARILU EUGENIA RAMOS MAMANI,https://www.facebook.com/maria.eugenia.ramos.mamani.2025,2025-06-05,,sí,0,0,2025-06-04,post,https://www.facebook.com/share/p/1bZcbL3L5U/,0,0,0,0,0,0,0,0,0,0,
MARILU EUGENIA RAMOS MAMANI,https://www.facebook.com/maria.eugenia.ramos.mamani.2025,2025-06-05,,sí,0,0,2025-06-04,post,https://www.facebook.com/share/p/1J3vdPY5ry/,0,0,0,0,0,0,0,0,0,0,
MARILU EUGENIA RAMOS MAMANI,https://www.facebook.com/maria.eugenia.ramos.mamani.2025,2025-06-05,,sí,0,0,2025-06-04,post,https://www.facebook.com/share/p/15WnW9jGBh/,0,0,0,0,0,0,0,0,0,0,
MARILU EUGENIA RAMOS MAMANI,https://www.facebook.com/maria.eugenia.ramos.mamani.2025,2025-06-05,,sí,0,0,2025-06-04,post,https://www.facebook.com/share/p/19aNQmydip/,0,0,0,0,0,0,0,0,0,0,
MARILU EUGENIA RAMOS MAMANI,https://www.facebook.com/maria.eugenia.ramos.mamani.2025,2025-06-05,,sí,0,0,2025-06-04,post,https://www.facebook.com/share/p/1AZXrwvkh8/,0,0,0,0,0,0,0,0,0,0,
MARILU EUGENIA RAMOS MAMANI,https://www.facebook.com/maria.eugenia.ramos.mamani.2025,2025-06-05,,sí,0,0,2025-06-04,post,https://www.facebook.com/share/p/183Z6MmtZb/,0,0,0,0,0,0,0,0,0,0,
MARILU EUGENIA RAMOS MAMANI,https://www.facebook.com/maria.eugenia.ramos.mamani.2025,2025-06-05,,sí,0,0,2025-06-04,post,https://www.facebook.com/share/p/1EUBNf2SBZ/,0,0,0,0,0,0,0,0,0,0,
MARILU EUGENIA RAMOS MAMANI,https://www.facebook.com/maria.eugenia.ramos.mamani.2025,2025-06-05,,sí,0,0,2025-06-04,post,https://www.facebook.com/share/p/1FhD2UCdP7/,0,0,0,0,0,0,0,0,0,0,
MARILU EUGENIA RAMOS MAMANI,https://www.facebook.com/maria.eugenia.ramos.mamani.2025,2025-06-05,,sí,0,0,2025-06-04,post,https://www.facebook.com/share/p/1AZhqavZg6/,0,0,0,0,0,0,0,0,0,0,
MARILU EUGENIA RAMOS MAMANI,https://www.facebook.com/maria.eugenia.ramos.mamani.2025,2025-06-05,,sí,0,0,2025-06-04,post,https://www.facebook.com/share/p/1H9M6t1gzw/,0,0,0,0,0,0,0,0,0,0,
MARILU EUGENIA RAMOS MAMANI,https://www.facebook.com/maria.eugenia.ramos.mamani.2025,2025-06-05,,sí,0,0,2025-06-04,post,https://www.facebook.com/share/p/1JTRLsMwfv/,0,0,0,0,0,0,0,0,0,0,
MARILU EUGENIA RAMOS MAMANI,https://www.facebook.com/maria.eugenia.ramos.mamani.2025,2025-06-05,,sí,0,0,2025-06-04,post,https://www.facebook.com/share/p/19EJCzXanr/,0,0,0,0,0,0,0,0,0,0,
MARILU EUGENIA RAMOS MAMANI,https://www.facebook.com/maria.eugenia.ramos.mamani.2025,2025-06-05,,sí,0,0,2025-06-04,post,https://www.facebook.com/share/p/18vY6yXCZ9/,0,0,0,0,0,0,0,0,0,0,
MARILU EUGENIA RAMOS MAMANI,https://www.facebook.com/maria.eugenia.ramos.mamani.2025,2025-06-05,,sí,0,0,2025-06-04,post,https://www.facebook.com/share/p/18fezYBSMy/,0,0,0,0,0,0,0,0,0,0,
MARILU EUGENIA RAMOS MAMANI,https://www.facebook.com/maria.eugenia.ramos.mamani.2025,2025-06-05,,sí,0,0,2025-06-04,post,https://www.facebook.com/share/p/12L5FFFjSez/,0,0,0,0,0,0,0,0,0,0,
MARILU EUGENIA RAMOS MAMANI,https://www.facebook.com/maria.eugenia.ramos.mamani.2025,2025-06-05,,sí,0,0,2025-06-04,post,https://www.facebook.com/share/p/18zUN2dPYe/,0,0,1,1,0,0,0,0,0,0,
MARILU EUGENIA RAMOS MAMANI,https://www.facebook.com/maria.eugenia.ramos.mamani.2025,2025-06-05,,sí,0,0,2025-06-04,post,2025-06-04,0,0,0,0,0,0,0,0,0,0,
MARILU EUGENIA RAMOS MAMANI,https://www.facebook.com/maria.eugenia.ramos.mamani.2025,2025-06-09,,sí,0,0,2025-06-04,reel,/reel/1252172096624008/?s=single_unit&__cft__[0]=AZW_7GnZhjs_cBmaPX2utnUxyN_MVjtoVqeNUiBGUJ9Fa6ZieeXhfwjVSovVbj0aORCVSyqcx2inGYzSK55L1x4q28N_bc0S2Uw2oeFlr7IETNAlmgcc7IIafzJBFmHmf2mdW3rGneJlACWMy5yDBfaQvazV7Is70YcBeDVWdYid4ybNLbYp2zc-39Kinft11G4&__tn__=H-R,0,0,0,0,0,0,0,0,0,0,José Luis Lupo brilló en POV de Unitel. Aquí explica cómo enfrentar la crisis energética que amenaza a Bolivia. #SamuelyLupo #100DíasCarajo #unidad #solucionesparabolivia
MARILU EUGENIA RAMOS MAMANI,https://www.facebook.com/maria.eugenia.ramos.mamani.2025,2025-06-05,,sí,0,0,2025-06-04,post,https://www.facebook.com/share/p/18odnynbGz/,0,0,0,0,0,0,0,0,0,0,
MARILU EUGENIA RAMOS MAMANI,https://www.facebook.com/maria.eugenia.ramos.mamani.2025,2025-06-05,,sí,0,0,2025-06-05,post,https://www.facebook.com/share/p/17eYC4qwzc/,0,0,0,0,0,0,0,0,0,0,
MARILU EUGENIA RAMOS MAMANI,https://www.facebook.com/maria.eugenia.ramos.mamani.2025,2025-06-05,,sí,0,0,2025-06-05,post,https://www.facebook.com/share/p/1Eh4iJdbXX/,0,0,0,0,0,0,0,0,0,0,
MARILU EUGENIA RAMOS MAMANI,https://www.facebook.com/maria.eugenia.ramos.mamani.2025,2025-06-05,,sí,0,0,2025-06-05,post,https://www.facebook.com/share/p/16r9SqtP4p/,0,0,0,0,0,0,0,0,0,0,
MARILU EUGENIA RAMOS MAMANI,https://www.facebook.com/maria.eugenia.ramos.mamani.2025,2025-06-05,,sí,0,0,2025-06-05,post,https://www.facebook.com/share/p/1ALqYEFEUn/,0,0,0,0,0,0,0,0,0,0,
MARILU EUGENIA RAMOS MAMANI,https://www.facebook.com/maria.eugenia.ramos.mamani.2025,2025-06-05,,sí,0,0,2025-06-05,post,https://www.facebook.com/share/p/1AirYZFcVe/,0,0,0,0,0,0,0,0,0,0,
MARILU EUGENIA RAMOS MAMANI,https://www.facebook.com/maria.eugenia.ramos.mamani.2025,2025-06-05,,sí,0,0,2025-06-05,post,https://www.facebook.com/share/p/1DbngyNfPH/,0,0,0,0,0,0,0,0,0,0,
MARILU EUGENIA RAMOS MAMANI,https://www.facebook.com/maria.eugenia.ramos.mamani.2025,2025-06-05,,sí,0,0,2025-06-05,post,https://www.facebook.com/share/p/1BRxXWb7cZ/,0,0,0,0,0,0,0,0,0,0,
MARILU EUGENIA RAMOS MAMANI,https://www.facebook.com/maria.eugenia.ramos.mamani.2025,2025-06-09,,sí,0,0,2025-06-07,post,https://www.facebook.com/share/p/12LZog9YSKb/,0,0,0,0,0,0,0,0,0,0,
MARILU EUGENIA RAMOS MAMANI,https://www.facebook.com/maria.eugenia.ramos.mamani.2025,2025-06-09,,sí,0,0,2025-06-07,post,https://www.facebook.com/maria.eugenia.ramos.mamani.2025/posts/pfbid031UDqRJDA6FXjFxnAoyoCm5S5Kp7nbnXAooVU6RNm77Gu2Kg11DCecJwKAgUJhqi6l,0,0,0,0,0,0,0,0,0,0,
MARILU EUGENIA RAMOS MAMANI,https://www.facebook.com/maria.eugenia.ramos.mamani.2025,2025-06-09,,sí,0,0,2025-06-07,post,https://www.facebook.com/share/p/1CDJzqAeFJ/,0,0,0,0,0,0,0,0,0,0,
MARILU EUGENIA RAMOS MAMANI,https://www.facebook.com/maria.eugenia.ramos.mamani.2025,2025-06-09,,sí,0,0,2025-06-07,post,https://www.facebook.com/share/p/1YHLxt6gs7/,0,0,0,0,0,0,0,0,0,0,
MARILU EUGENIA RAMOS MAMANI,https://www.facebook.com/maria.eugenia.ramos.mamani.2025,2025-06-09,,sí,0,0,2025-06-07,post,https://www.facebook.com/share/p/19Cy3J9pCk/,0,0,0,0,0,0,0,0,0,0,
MARILU EUGENIA RAMOS MAMANI,https://www.facebook.com/maria.eugenia.ramos.mamani.2025,2025-06-09,,sí,0,0,2025-06-08,post,https://www.facebook.com/maria.eugenia.ramos.mamani.2025/posts/pfbid0T53YyDPK4xD5CSPo8zeEb3QAikSmkbi9qaW7qT4X1MfJKKdCHCjc1LbkXdMnebh5l,0,0,0,0,0,0,0,0,0,0,
MARILU EUGENIA RAMOS MAMANI,https://www.facebook.com/maria.eugenia.ramos.mamani.2025,2025-06-09,,sí,0,0,2025-06-08,post,https://www.facebook.com/share/p/1Fnmg82C5Q/,0,0,0,0,0,0,0,0,0,0,
MARILU EUGENIA RAMOS MAMANI,https://www.facebook.com/maria.eugenia.ramos.mamani.2025,2025-06-09,,sí,0,0,2025-06-08,post,https://www.facebook.com/share/p/18oX4r52fM/,0,0,0,0,0,0,0,0,0,0,
MARILU EUGENIA RAMOS MAMANI,https://www.facebook.com/maria.eugenia.ramos.mamani.2025,2025-06-09,,sí,0,0,2025-06-08,post,https://www.facebook.com/maria.eugenia.ramos.mamani.2025/posts/pfbid0j4g8Wg6zdukV66gMD2Ujb2QKkrM1JBvFMvAxAmEED4RKAV6fP6XHNpQ7UxtXj8Jfl,0,0,0,0,0,0,0,0,0,0,
MARILU EUGENIA RAMOS MAMANI,https://www.facebook.com/maria.eugenia.ramos.mamani.2025,2025-06-09,,sí,0,0,2025-06-09,post,https://www.facebook.com/share/p/15xuQdzAw9/,0,0,0,0,0,0,0,0,0,0,
MARILU EUGENIA RAMOS MAMANI,https://www.facebook.com/maria.eugenia.ramos.mamani.2025,2025-06-09,,sí,0,0,2025-06-09,post,https://www.facebook.com/share/p/16TH1tsLPj/,0,0,0,0,0,0,0,0,0,0,
MARILU EUGENIA RAMOS MAMANI,https://www.facebook.com/maria.eugenia.ramos.mamani.2025,2025-06-09,,sí,0,0,2025-06-09,post,https://www.facebook.com/share/p/1AiLTjTdWY/,0,0,0,0,0,0,0,0,0,0,
MARILU EUGENIA RAMOS MAMANI,https://www.facebook.com/maria.eugenia.ramos.mamani.2025,2025-06-09,,sí,0,0,2025-06-09,post,https://www.facebook.com/share/p/1C7xGHuJ4G/,0,0,0,0,0,0,0,0,0,0,
MARILU EUGENIA RAMOS MAMANI,https://www.facebook.com/maria.eugenia.ramos.mamani.2025,2025-06-23,,sí,0,0,2025-06-18,post,https://www.facebook.com/share/p/1EDgHrLQCJ/,0,0,0,0,0,0,0,0,0,0,
MARILU EUGENIA RAMOS MAMANI,https://www.facebook.com/maria.eugenia.ramos.mamani.2025,2025-06-23,,sí,0,0,2025-06-19,post,https://www.facebook.com/share/p/1CRjrbgiwL/,0,0,0,0,0,0,0,0,0,0,
MARILU EUGENIA RAMOS MAMANI,https://www.facebook.com/maria.eugenia.ramos.mamani.2025,2025-06-23,,sí,0,0,2025-06-19,post,https://www.facebook.com/share/p/1J7nJY316a/,0,0,0,0,0,0,0,0,0,0,
MARILU EUGENIA RAMOS MAMANI,https://www.facebook.com/maria.eugenia.ramos.mamani.2025,2025-06-23,,sí,0,0,2025-06-21,post,https://www.facebook.com/share/p/1BtNiJHTQn/,0,0,0,0,0,0,0,0,0,0,
MARILU EUGENIA RAMOS MAMANI,https://www.facebook.com/maria.eugenia.ramos.mamani.2025,2025-06-23,,sí,0,0,2025-06-22,post,https://www.facebook.com/share/p/1L36deQcFy/,0,0,0,0,0,0,0,0,0,0,
MARILU EUGENIA RAMOS MAMANI,https://www.facebook.com/maria.eugenia.ramos.mamani.2025,2025-06-23,,sí,0,0,2025-06-22,post,https://www.facebook.com/maria.eugenia.ramos.mamani.2025/posts/pfbid02Gukh9s6B71krkdMobe4J9UPv6fMCv91QzDb28ap7SdNzYFjQsR8ke8oRKEEgeEv9l,0,0,0,0,0,0,0,0,0,0,
MARILU EUGENIA RAMOS MAMANI,https://www.facebook.com/maria.eugenia.ramos.mamani.2025,2025-06-23,,sí,0,0,2025-06-23,post,https://www.facebook.com/share/p/1AzJEmoqwH/,0,0,0,0,0,0,0,0,0,0,
MARILU EUGENIA RAMOS MAMANI,https://www.facebook.com/maria.eugenia.ramos.mamani.2025,2025-06-23,,sí,0,0,2025-06-23,post,https://www.facebook.com/share/p/1CCMpDh71W/,0,0,0,0,0,0,0,0,0,0,
MARILU EUGENIA RAMOS MAMANI,https://www.facebook.com/maria.eugenia.ramos.mamani.2025,2025-06-23,,sí,0,0,2025-06-23,post,https://www.facebook.com/share/p/1ApC5qKDma/,0,0,0,0,0,0,0,0,0,0,
MARILU EUGENIA RAMOS MAMANI,https://www.facebook.com/maria.eugenia.ramos.mamani.2025,2025-06-23,,sí,0,0,2025-06-23,post,https://www.facebook.com/share/p/19FYUnMQJ6/,0,0,0,0,0,0,0,0,0,0,
MARILU EUGENIA RAMOS MAMANI,https://www.facebook.com/maria.eugenia.ramos.mamani.2025,2025-06-23,,sí,0,0,2025-06-23,post,https://www.facebook.com/share/p/1CFhbWQrts/,0,0,1,0,0,1,0,0,0,0,
MARILU EUGENIA RAMOS MAMANI,https://www.facebook.com/maria.eugenia.ramos.mamani.2025,2025-07-01,,sí,0,0,2025-06-26,post,https://www.facebook.com/share/p/1MHAUBaera/,0,0,0,0,0,0,0,0,0,0,
MARILU EUGENIA RAMOS MAMANI,https://www.facebook.com/maria.eugenia.ramos.mamani.2025,2025-07-01,,sí,0,0,2025-06-26,post,https://www.facebook.com/share/p/1CEUWHNMA8/,0,0,0,0,0,0,0,0,0,0,
MARILU EUGENIA RAMOS MAMANI,https://www.facebook.com/maria.eugenia.ramos.mamani.2025,2025-07-01,,sí,0,0,2025-06-26,post,https://www.facebook.com/maria.eugenia.ramos.mamani.2025/posts/pfbid0qhSDBjE2UNtRuW9aFK5VMmtQEXYmUrxKACqcBufqJFpMUWjgt2NqmvfRsoFStG63l,0,0,0,0,0,0,0,0,0,0,
MARILU EUGENIA RAMOS MAMANI,https://www.facebook.com/maria.eugenia.ramos.mamani.2025,2025-07-01,,sí,0,0,2025-06-27,post,https://www.facebook.com/share/p/1GLxrNUfFf/,0,0,0,0,0,0,0,0,0,0,
MARILU EUGENIA RAMOS MAMANI,https://www.facebook.com/maria.eugenia.ramos.mamani.2025,2025-07-01,,sí,0,0,2025-06-27,reel,/reel/1666151820753833/?s=single_unit&__cft__[0]=AZVkR7pmFs_1ZpZ53e1jEuT4XgX-r8fVrd7a1yGj3P25dV1aWZdB9u5oM8zfN56xojsvrfu2qkDcywbJOAXSOCqdsP5myVSiMIbuNywsRYFOa6XvbVfpyJdvXP2GKVdHl9gq-dQDweqP559oJO_2n-0ejeHEvg8auXLTxV3I256YEVA1r3OAOp60aI0b33nINNE&__tn__=H-R,0,0,0,0,0,0,0,0,0,0,"Karma Chameleon
Song by Culture Club ‧ 1983
- Synth-pop… Ver más"
MARILU EUGENIA RAMOS MAMANI,https://www.facebook.com/maria.eugenia.ramos.mamani.2025,2025-07-01,,sí,0,0,2025-06-27,post,https://www.facebook.com/share/p/1ApvZJ8CCA/,0,0,0,0,0,0,0,0,0,0,
MARILU EUGENIA RAMOS MAMANI,https://www.facebook.com/maria.eugenia.ramos.mamani.2025,2025-07-01,,sí,0,0,2025-06-27,post,https://www.facebook.com/share/p/15Vm3sxasJ/,0,0,1,0,0,1,0,0,0,0,
MARILU EUGENIA RAMOS MAMANI,https://www.facebook.com/maria.eugenia.ramos.mamani.2025,2025-07-01,,sí,0,0,2025-06-27,post,https://www.facebook.com/share/p/1FM55vqXBi/,0,0,0,0,0,0,0,0,0,0,
MARILU EUGENIA RAMOS MAMANI,https://www.facebook.com/maria.eugenia.ramos.mamani.2025,2025-07-01,,sí,0,0,2025-06-27,post,https://www.facebook.com/share/p/1BzdXjbfhT/,0,0,0,0,0,0,0,0,0,0,
MARILU EUGENIA RAMOS MAMANI,https://www.facebook.com/maria.eugenia.ramos.mamani.2025,2025-07-01,,sí,0,0,2025-06-28,post,https://www.facebook.com/maria.eugenia.ramos.mamani.2025/posts/pfbid02TTE5GBtRHNynW9f6pgsFJuoh6toDX7aDHKLasHoAgK4fffWnMbcD34HMGa6Q6Ug4l,0,0,0,0,0,0,0,0,0,0,
MARILU EUGENIA RAMOS MAMANI,https://www.facebook.com/maria.eugenia.ramos.mamani.2025,2025-07-01,,sí,0,0,2025-06-28,post,https://www.facebook.com/share/p/16rQ25HszJ/,0,0,1,0,0,1,0,0,0,0,
MARILU EUGENIA RAMOS MAMANI,https://www.facebook.com/maria.eugenia.ramos.mamani.2025,2025-07-01,,sí,0,0,2025-06-28,post,https://www.facebook.com/maria.eugenia.ramos.mamani.2025/posts/pfbid01ADXp82b856iGBS876VVqQpqzygsNFmciGoF52SgQLHpeTi7hbuyAZ7bePaEnnubl,0,0,0,0,0,0,0,0,0,0,
MARILU EUGENIA RAMOS MAMANI,https://www.facebook.com/maria.eugenia.ramos.mamani.2025,2025-07-01,,sí,0,0,2025-06-30,post,https://www.facebook.com/share/p/1Aet4zQDDE/,0,0,0,0,0,0,0,0,0,0,
MARILU EUGENIA RAMOS MAMANI,https://www.facebook.com/maria.eugenia.ramos.mamani.2025,2025-07-01,,sí,0,0,2025-06-30,post,https://www.facebook.com/share/p/195UkV18V6/,0,0,0,0,0,0,0,0,0,0,
MARILU EUGENIA RAMOS MAMANI,https://www.facebook.com/maria.eugenia.ramos.mamani.2025,2025-07-01,,sí,0,0,2025-06-30,post,https://www.facebook.com/share/p/19RmwGjzrK/,0,0,0,0,0,0,0,0,0,0,
MARILU EUGENIA RAMOS MAMANI,https://www.facebook.com/maria.eugenia.ramos.mamani.2025,2025-07-01,,sí,0,0,2025-06-30,post,https://www.facebook.com/share/p/19T6C5rjoo/,0,0,0,0,0,0,0,0,0,0,
MARILU EUGENIA RAMOS MAMANI,https://www.facebook.com/maria.eugenia.ramos.mamani.2025,2025-07-01,,sí,0,0,2025-06-30,post,https://www.facebook.com/share/p/15rRoReGJm/,0,0,1,0,0,1,0,0,0,0,
MARILU EUGENIA RAMOS MAMANI,https://www.facebook.com/maria.eugenia.ramos.mamani.2025,2025-07-01,,sí,0,0,2025-06-30,post,https://www.facebook.com/share/p/1RrfqTbNyy/,0,0,0,0,0,0,0,0,0,0,
MARILU EUGENIA RAMOS MAMANI,https://www.facebook.com/maria.eugenia.ramos.mamani.2025,2025-07-08,,sí,0,0,2025-07-05,post,https://www.facebook.com/share/p/1NqUGG8iER/,0,0,0,0,0,0,0,0,0,0,
MARILU EUGENIA RAMOS MAMANI,https://www.facebook.com/maria.eugenia.ramos.mamani.2025,2025-07-08,,sí,0,0,2025-07-05,post,https://www.facebook.com/maria.eugenia.ramos.mamani.2025/posts/pfbid02Lp9vyTotZwcAniUK9pwKqe3d8a9Shpk6Fm75Qtj4ezfSegnrVGD8p8VRm9ZUdxhjl,0,0,0,0,0,0,0,0,0,0,
MARILU EUGENIA RAMOS MAMANI,https://www.facebook.com/maria.eugenia.ramos.mamani.2025,2025-07-08,,sí,0,0,2025-07-05,post,https://www.facebook.com/share/p/19ecSP7Aqh/,0,0,1,0,0,1,0,0,0,0,
MARILU EUGENIA RAMOS MAMANI,https://www.facebook.com/maria.eugenia.ramos.mamani.2025,2025-07-08,,sí,0,0,2025-07-06,post,https://www.facebook.com/share/p/1LeAyrsuPq/,0,0,0,0,0,0,0,0,0,0,
MARILU EUGENIA RAMOS MAMANI,https://www.facebook.com/maria.eugenia.ramos.mamani.2025,2025-07-08,,sí,0,0,2025-07-06,post,https://www.facebook.com/share/p/1AqgNqhEE8/,0,0,0,0,0,0,0,0,0,0,
MARILU EUGENIA RAMOS MAMANI,https://www.facebook.com/maria.eugenia.ramos.mamani.2025,2025-07-08,,sí,0,0,2025-07-06,post,https://www.facebook.com/share/p/198iXG9vLB/,0,0,0,0,0,0,0,0,0,0,
MARILU EUGENIA RAMOS MAMANI,https://www.facebook.com/maria.eugenia.ramos.mamani.2025,2025-07-08,,sí,0,0,2025-07-06,post,https://www.facebook.com/maria.eugenia.ramos.mamani.2025/posts/pfbid02LrEHFK9cCtRyLPwXJmKkDREzUiXw81RLr7c2GX3nu7vv7zrW762JXPbmt8DZbp1dl,0,0,0,0,0,0,0,0,0,0,
MARILU EUGENIA RAMOS MAMANI,https://www.facebook.com/maria.eugenia.ramos.mamani.2025,2025-07-08,,sí,0,0,2025-07-06,post,https://www.facebook.com/share/p/19JtDbZXiy/,0,0,0,0,0,0,0,0,0,0,
MARILU EUGENIA RAMOS MAMANI,https://www.facebook.com/maria.eugenia.ramos.mamani.2025,2025-07-08,,sí,0,0,2025-07-06,post,https://www.facebook.com/share/p/1689d8BhXB/,0,0,0,0,0,0,0,0,0,0,
MARILU EUGENIA RAMOS MAMANI,https://www.facebook.com/maria.eugenia.ramos.mamani.2025,2025-07-08,,sí,0,0,2025-07-06,post,https://www.facebook.com/share/p/1AoLJfr1WZ/,0,0,0,0,0,0,0,0,0,0,
MARILU EUGENIA RAMOS MAMANI,https://www.facebook.com/maria.eugenia.ramos.mamani.2025,2025-07-08,,sí,0,0,2025-07-06,post,https://www.facebook.com/share/p/18v8ZNFMUP/,0,0,0,0,0,0,0,0,0,0,
MARILU EUGENIA RAMOS MAMANI,https://www.facebook.com/maria.eugenia.ramos.mamani.2025,2025-07-08,,sí,0,0,2025-07-06,post,https://www.facebook.com/share/p/15WtwZmdNM/,0,0,0,0,0,0,0,0,0,0,
MARILU EUGENIA RAMOS MAMANI,https://www.facebook.com/maria.eugenia.ramos.mamani.2025,2025-07-08,,sí,0,0,2025-07-06,post,https://www.facebook.com/share/p/19vgnE5FjC/,0,0,0,0,0,0,0,0,0,0,
MARILU EUGENIA RAMOS MAMANI,https://www.facebook.com/maria.eugenia.ramos.mamani.2025,2025-07-08,,sí,0,0,2025-07-06,post,https://www.facebook.com/share/p/15aeDeu9WX/,0,0,2,1,1,0,0,0,0,0,
MARILU EUGENIA RAMOS MAMANI,https://www.facebook.com/maria.eugenia.ramos.mamani.2025,2025-07-08,,sí,0,0,2025-07-06,post,https://www.facebook.com/share/p/1Ds15qjsJh/,0,0,0,0,0,0,0,0,0,0,
MARILU EUGENIA RAMOS MAMANI,https://www.facebook.com/maria.eugenia.ramos.mamani.2025,2025-07-08,,sí,0,0,2025-07-06,post,https://www.facebook.com/share/p/1L8ohKCzJZ/,0,0,0,0,0,0,0,0,0,0,
MARILU EUGENIA RAMOS MAMANI,https://www.facebook.com/maria.eugenia.ramos.mamani.2025,2025-07-08,,sí,0,0,2025-07-06,post,https://www.facebook.com/share/p/1AnEZ1e7zt/,0,0,0,0,0,0,0,0,0,0,
MARILU EUGENIA RAMOS MAMANI,https://www.facebook.com/maria.eugenia.ramos.mamani.2025,2025-07-08,,sí,0,0,2025-07-06,post,https://www.facebook.com/share/p/1JuZE3A7hT/,0,0,0,0,0,0,0,0,0,0,
MARILU EUGENIA RAMOS MAMANI,https://www.facebook.com/maria.eugenia.ramos.mamani.2025,2025-07-08,,sí,0,0,2025-07-06,post,https://www.facebook.com/share/p/16KBKS3XZW/,0,0,0,0,0,0,0,0,0,0,
MARILU EUGENIA RAMOS MAMANI,https://www.facebook.com/maria.eugenia.ramos.mamani.2025,2025-07-08,,sí,0,0,2025-07-06,post,https://www.facebook.com/share/p/14DuLxdPHZa/,0,0,0,0,0,0,0,0,0,0,
MARILU EUGENIA RAMOS MAMANI,https://www.facebook.com/maria.eugenia.ramos.mamani.2025,2025-07-08,,sí,0,0,2025-07-06,post,https://www.facebook.com/share/p/1AwaRsBq68/,0,0,0,0,0,0,0,0,0,0,
MARILU EUGENIA RAMOS MAMANI,https://www.facebook.com/maria.eugenia.ramos.mamani.2025,2025-07-08,,sí,0,0,2025-07-06,post,https://www.facebook.com/maria.eugenia.ramos.mamani.2025/posts/pfbid02rCbaQVxVdZgRMTh9jW15w7mKrtKLaeSAtDVv1FT33iiwdyBV9NR3DioDsP2ATGsKl,0,0,0,0,0,0,0,0,0,0,
MARILU EUGENIA RAMOS MAMANI,https://www.facebook.com/maria.eugenia.ramos.mamani.2025,2025-07-08,,sí,0,0,2025-07-06,post,https://www.facebook.com/share/p/12Ku7drpDoQ/,0,0,0,0,0,0,0,0,0,0,
MARILU EUGENIA RAMOS MAMANI,https://www.facebook.com/maria.eugenia.ramos.mamani.2025,2025-07-08,,sí,0,0,2025-07-06,post,https://www.facebook.com/share/p/16s86FXnST/,0,0,0,0,0,0,0,0,0,0,
MARILU EUGENIA RAMOS MAMANI,https://www.facebook.com/maria.eugenia.ramos.mamani.2025,2025-07-08,,sí,0,0,2025-07-06,post,https://www.facebook.com/share/p/1EuwJ6ZU9M/,0,0,0,0,0,0,0,0,0,0,
MARILU EUGENIA RAMOS MAMANI,https://www.facebook.com/maria.eugenia.ramos.mamani.2025,2025-07-08,,sí,0,0,2025-07-06,post,https://www.facebook.com/share/p/1CMTtQr1iS/,0,0,0,0,0,0,0,0,0,0,
MARILU EUGENIA RAMOS MAMANI,https://www.facebook.com/maria.eugenia.ramos.mamani.2025,2025-07-08,,sí,0,0,2025-07-07,post,https://www.facebook.com/share/p/19Bek8f8Mm/,0,0,0,0,0,0,0,0,0,0,
MARILU EUGENIA RAMOS MAMANI,https://www.facebook.com/maria.eugenia.ramos.mamani.2025,2025-07-08,,sí,0,0,2025-07-07,post,https://www.facebook.com/share/p/1ELpCpQpAT/,0,0,0,0,0,0,0,0,0,0,
MARILU EUGENIA RAMOS MAMANI,https://www.facebook.com/maria.eugenia.ramos.mamani.2025,2025-07-08,,sí,0,0,2025-07-07,post,https://www.facebook.com/share/p/1AYGqxcDL7/,0,0,0,0,0,0,0,0,0,0,
MARILU EUGENIA RAMOS MAMANI,https://www.facebook.com/maria.eugenia.ramos.mamani.2025,2025-07-15,,sí,0,0,2025-07-14,post,https://www.facebook.com/share/p/1JKx6DBJeN/,0,0,0,0,0,0,0,0,0,0,
MARILU EUGENIA RAMOS MAMANI,https://www.facebook.com/maria.eugenia.ramos.mamani.2025,2025-07-15,,sí,0,0,2025-07-14,post,https://www.facebook.com/share/p/16m8VzZX8m/,0,0,0,0,0,0,0,0,0,0,
MARILU EUGENIA RAMOS MAMANI,https://www.facebook.com/maria.eugenia.ramos.mamani.2025,2025-07-15,,sí,0,0,2025-07-14,post,https://www.facebook.com/share/p/1ApDv9FpsC/,0,0,0,0,0,0,0,0,0,0,
MARILU EUGENIA RAMOS MAMANI,https://www.facebook.com/maria.eugenia.ramos.mamani.2025,2025-07-15,,sí,0,0,2025-07-14,post,https://www.facebook.com/share/p/1CJuiG4fgV/,0,0,0,0,0,0,0,0,0,0,
MARILU EUGENIA RAMOS MAMANI,https://www.facebook.com/maria.eugenia.ramos.mamani.2025,2025-07-15,,sí,0,0,2025-07-14,post,https://www.facebook.com/share/p/15tKBQxYM4/,0,0,0,0,0,0,0,0,0,0,
MARILU EUGENIA RAMOS MAMANI,https://www.facebook.com/maria.eugenia.ramos.mamani.2025,2025-07-15,,sí,0,0,2025-07-14,post,https://www.facebook.com/share/p/16ah4LaxZc/,0,0,0,0,0,0,0,0,0,0,
MARILU EUGENIA RAMOS MAMANI,https://www.facebook.com/maria.eugenia.ramos.mamani.2025,2025-07-15,,sí,0,0,2025-07-14,post,https://www.facebook.com/share/p/17CU5X4dVM/,0,0,0,0,0,0,0,0,0,0,
MARILU EUGENIA RAMOS MAMANI,https://www.facebook.com/maria.eugenia.ramos.mamani.2025,2025-07-15,,sí,0,0,2025-12-01,reel,/reel/740564337960602/?s=single_unit&__cft__[0]=AZV_DAwj1qm25gadaD-5xGjSnpNOLZuqFqtIP-vu4G0YePlAGoClztSWYrPbsMTh8xIRzWRfCCa_SwmpIhXK-2lBa0RwzUBdjcWpJJ4YwvrCbb_LutmrSQIV7-XVyF0jTx3aW4_T8wo0XjsJ2KFFszjPyZnL2R0Y6TRZYMBCo0isjwrSUN9zQbGZQ6Ce884iULc&__tn__=H-R,0,0,0,0,0,0,0,0,0,0,Ricky Martin - Maria #music #reels #rickymartin
