nombre perfil,url perfil,snapshot_date,creación del perfil,candidato identificado,seguidores,seguidos,fecha post,tipo de post,url post,comparticiones,comentarios,reacciones en total,me gusta,me encanta,me divierte,me entristece,me sorprende,me enoja,me importa,contenido
LEINA SUELY LAVADENZ ROCA,https://www.facebook.com/leinasuely.lavadenzroca,2025-06-23,,no,0,0,2025-06-21,post,https://www.facebook.com/leinasuely.lavadenzroca/posts/pfbid0MnidUCWPwdZu3dskUDCjYyxur6n99Gg44xi9bSKUEtnLNHLxUGJhbPQCKD1C2kCfl,0,0,0,0,0,0,0,0,0,0,
LEINA SUELY LAVADENZ ROCA,https://www.facebook.com/leinasuely.lavadenzroca,2025-06-23,,no,0,0,2025-06-21,post,https://www.facebook.com/share/p/18vaV3dPBy/,0,0,0,0,0,0,0,0,0,0,Gracias a Dios todas las noches. No le he fallado una desde que nació. Contra viento y marea mamá cuida y vela sus sueños. 
LEINA SUELY LAVADENZ ROCA,https://www.facebook.com/leinasuely.lavadenzroca,2025-06-23,,no,0,0,2025-06-21,post,https://www.facebook.com/share/p/1Az2A1STMV/,0,0,0,0,0,0,0,0,0,0,
LEINA SUELY LAVADENZ ROCA,https://www.facebook.com/leinasuely.lavadenzroca,2025-06-23,,no,0,0,2025-06-22,post,https://www.facebook.com/share/p/16qW4y6DWj/,0,0,1,1,0,0,0,0,0,0,
LEINA SUELY LAVADENZ ROCA,https://www.facebook.com/leinasuely.lavadenzroca,2025-07-01,,no,0,0,2025-06-28,reel,/reel/1132339582047966/?s=single_unit&__cft__[0]=AZUxNk45gOUldnO8n7X265K_Rpbdn4GoeOaMqS4xRATFqLi5mE19YApLnlSDHj062iZGFZS40-FQaCMKgDLgBi7KZGgFnwXORgvndhfrtDE03CNVsYIHc6WuvbasGIsjTEWF7SV-3_aYuVEpWkhyZJTLrhgSFKyDJAxgLngyIrhrJOs2n59_0bISOQXYYNrXirE&__tn__=H-R,0,0,0,0,0,0,0,0,0,0,
LEINA SUELY LAVADENZ ROCA,https://www.facebook.com/leinasuely.lavadenzroca,2025-07-01,,no,0,0,2025-07-01,post,https://www.facebook.com/leinasuely.lavadenzroca/posts/pfbid0U6FQ4t15bEj548WcAB7cWNy2S1tS4FrADxsHyHJFsBMfwixEjWh2i2wxv7obqKqQl,0,0,0,0,0,0,0,0,0,0,
LEINA SUELY LAVADENZ ROCA,https://www.facebook.com/leinasuely.lavadenzroca,2025-07-01,,no,0,0,2025-07-01,post,https://www.facebook.com/leinasuely.lavadenzroca/posts/pfbid032ACs9HzbDv7WgPFaPUzV1GPFyA8hWmR4jSojwrqhbie1AoehDddzXUp4UqtpY6rzl,0,0,0,0,0,0,0,0,0,0,
LEINA SUELY LAVADENZ ROCA,https://www.facebook.com/leinasuely.lavadenzroca,2025-07-08,,no,0,0,2025-07-03,reel,/reel/713687508295912/?s=single_unit&__cft__[0]=AZVp2cMy4Ne-e1BvO_wtHkb2Hir5szRgZUQArctTdggSm5Q1rcPM-6lf-zrBbZAfA78HO1jtm_qkSh0W2wkzmQWisP8N9slB24mzMtrOzF6sxX8tddmtQlKngkAnlGjiVl58S5Lxj-SRYP04LR8jeD4qzkXcIOq4xizPq8VebYAIBuk-qZSBB2V7bbMkS1Q2mow&__tn__=H-R,0,0,0,0,0,0,0,0,0,0,"¿Cómo fue tu primer proyecto?
Compartenos tu historia y si quieres que tu próximo diseño no termine en un meme…
👉https://l.arq.com.mx/disenosconia"
LEINA SUELY LAVADENZ ROCA,https://www.facebook.com/leinasuely.lavadenzroca,2025-07-08,,no,0,0,2025-07-04,reel,/reel/31202904692687976/?s=single_unit&__cft__[0]=AZU-M_FrWtvA-i_QH2kMVEA0SpFb3Q1xJZANs_6X-o1yNovLZR-FAhenOMT_nbDP0Mkq_5GZwXueNOcAW79OqQ_P5cRMDATd4ia267t0-yLanjNeIqE4basKz0SJlAuSI6Z1DfCp4j8d3QavHluufgJ4Uj3RG92gq51tR7-c4qZwnD8HgVQ1-8PntcdpRSuK648&__tn__=H-R,0,0,0,0,0,0,0,0,0,0,"""SE LES PARÓ DELANTE DE ELLOS COMO DANDOLE UN MENSAJE, ""NO DESTRUYAN MI HOGAR UN JAGUAR 🐅."
LEINA SUELY LAVADENZ ROCA,https://www.facebook.com/leinasuely.lavadenzroca,2025-07-08,,no,0,0,2025-07-05,post,https://www.facebook.com/share/p/16b5jUKf5V/,0,0,0,0,0,0,0,0,0,0,
LEINA SUELY LAVADENZ ROCA,https://www.facebook.com/leinasuely.lavadenzroca,2025-07-08,,no,0,0,2025-07-05,reel,/reel/617275640876516/?s=group_other&__cft__[0]=AZUah8mahkSYFxVnELh8qApU2QhX-IE6Ha77YUmFvMqtFx09_je7Lt-0ZnhbSZnmgzJfKiHgSzS1g_mHcxRr9wt3T4TQhN8HLhMWJb2NWXdUggzE_d7YA3Ap6IzJCCLpnWQ-FEkT8WnFaX8qKRKhJoNbRFrZFtldip6nQS9enfPI765SydXAFRO-rz27XnOPdaM&__tn__=H-R,0,0,0,0,0,0,0,0,0,0,ANTEVORTA COUTURE 2024 by amitaggarwal official
LEINA SUELY LAVADENZ ROCA,https://www.facebook.com/leinasuely.lavadenzroca,2025-07-08,,no,0,0,2025-07-05,post,https://www.facebook.com/share/p/177GwYhex6/,1,1,1,0,0,0,0,1,0,0,
LEINA SUELY LAVADENZ ROCA,https://www.facebook.com/leinasuely.lavadenzroca,2025-07-08,,no,0,0,2025-07-06,post,https://www.facebook.com/share/p/1Bp6Dukf43/,0,0,0,0,0,0,0,0,0,0,
LEINA SUELY LAVADENZ ROCA,https://www.facebook.com/leinasuely.lavadenzroca,2025-07-08,,no,0,0,2025-07-06,post,https://www.facebook.com/share/p/19PREmtVcM/,0,0,0,0,0,0,0,0,0,0,
LEINA SUELY LAVADENZ ROCA,https://www.facebook.com/leinasuely.lavadenzroca,2025-07-08,,no,0,0,2025-07-06,post,https://www.facebook.com/share/p/1B365r4b97/,0,0,1,1,0,0,0,0,0,0,
LEINA SUELY LAVADENZ ROCA,https://www.facebook.com/leinasuely.lavadenzroca,2025-07-08,,no,0,0,2025-07-06,post,https://www.facebook.com/share/p/1AgDTJi9km/,0,0,0,0,0,0,0,0,0,0,Muy interesante. Cómo para tomar encuenta.
LEINA SUELY LAVADENZ ROCA,https://www.facebook.com/leinasuely.lavadenzroca,2025-07-08,,no,0,0,2025-07-06,post,https://www.facebook.com/share/p/1Ab9ZYyBQB/,0,0,2,2,0,0,0,0,0,0,
LEINA SUELY LAVADENZ ROCA,https://www.facebook.com/leinasuely.lavadenzroca,2025-07-08,,no,0,0,2025-07-07,post,https://www.facebook.com/share/p/1AnR5RzXJf/,1,0,3,3,0,0,0,0,0,0,
LEINA SUELY LAVADENZ ROCA,https://www.facebook.com/leinasuely.lavadenzroca,2025-07-08,,no,0,0,2025-07-07,post,https://www.facebook.com/share/p/19gCtQ6oJi/,0,0,1,0,1,0,0,0,0,0,
LEINA SUELY LAVADENZ ROCA,https://www.facebook.com/leinasuely.lavadenzroca,2025-07-08,,no,0,0,2025-07-07,post,https://www.facebook.com/share/p/16feBDV25L/,0,0,0,0,0,0,0,0,0,0,
LEINA SUELY LAVADENZ ROCA,https://www.facebook.com/leinasuely.lavadenzroca,2025-07-15,,no,0,0,2025-07-14,post,https://www.facebook.com/share/p/1CLbLmdgmh/,0,0,0,0,0,0,0,0,0,0,
LEINA SUELY LAVADENZ ROCA,https://www.facebook.com/leinasuely.lavadenzroca,2025-07-15,,no,0,0,2025-07-14,post,https://www.facebook.com/share/p/16UemyacPv/,0,0,0,0,0,0,0,0,0,0,
