nombre perfil,url perfil,candidato identificado,creación del perfil,seguidores,seguidos,fecha post,tipo de post,url post,comparticiones,comentarios,reacciones en total,me gusta,me encanta,me divierte,me entristece,me sorprende,me enoja,me importa,contenido
SILVANA MUCARZEL DEMETRY,https://www.facebook.com/silvanamucarzelconcejal/,sí,,8800,93,2025-07-07,post,https://www.facebook.com/share/p/1AoPKkbF4e/,2,0,13,12,1,0,0,0,0,0,
SILVANA MUCARZEL DEMETRY,https://www.facebook.com/silvanamucarzelconcejal/,sí,,8800,93,2025-07-07,post,https://www.facebook.com/share/p/1AmgHWBBpn/,0,0,8,8,0,0,0,0,0,0,
SILVANA MUCARZEL DEMETRY,https://www.facebook.com/silvanamucarzelconcejal/,sí,,8800,93,2025-07-08,post,https://www.facebook.com/share/p/17aab7rNdx/,0,0,7,7,0,0,0,0,0,0,
SILVANA MUCARZEL DEMETRY,https://www.facebook.com/silvanamucarzelconcejal/,sí,,8800,93,2025-07-08,post,https://www.facebook.com/share/v/1KA1nVsdfD/,6,8,55,52,2,1,0,0,0,0,"#El Tribunal Supremo Electoral (TSE) ratifica que existen recursos pendientes, serán tratados en Sala Plena y que luego emitirán una resolución que se comunicará a las … Ver más"
SILVANA MUCARZEL DEMETRY,https://www.facebook.com/silvanamucarzelconcejal/,sí,,8800,93,2025-07-09,post,https://www.facebook.com/share/p/1BRRRrojTg/,1,0,7,7,0,0,0,0,0,0,
SILVANA MUCARZEL DEMETRY,https://www.facebook.com/silvanamucarzelconcejal/,sí,,8800,93,2025-07-11,post,https://www.facebook.com/share/p/18dRD7Z3e5/,3,1,32,30,2,0,0,0,0,0,
SILVANA MUCARZEL DEMETRY,https://www.facebook.com/silvanamucarzelconcejal/,sí,,8800,93,2025-07-11,post,https://www.facebook.com/share/p/16AUSRCiXN/,10,5,60,41,19,0,0,0,0,0,"MujerES Transformación
… Ver más"
SILVANA MUCARZEL DEMETRY,https://www.facebook.com/silvanamucarzelconcejal/,sí,,8800,93,2025-07-11,post,https://www.facebook.com/share/p/15uYkZTC2R/,2,1,30,29,1,0,0,0,0,0,"¡NO MÁS AVASALLAMIENTOS! 
Repudiamos el accionar del Gobierno ante los constantes avasallamientos al sector productivo, es inaudito que solo durante el 2025 se han generado  más de 160 y han quedado en la impunidad.
Pertenezco al sector, conozco los obstáculos que se atraviesan para poder emprender y generar fuentes de empleo. 
La situación no cambiará si no existe SEGURIDAD JURÍDICA y RESPETO A LA PROPIEDAD PRIVADA.… Ver más"
SILVANA MUCARZEL DEMETRY,https://www.facebook.com/silvanamucarzelconcejal/,sí,,8800,93,2025-07-11,post,https://www.facebook.com/share/p/16xLSwbvCw/,0,0,9,9,0,0,0,0,0,0,"Urgente 
 !! La jurisprudencia que quieren sentar...genera incertidumbre e inestabilidad, cuando la ley es pareja nadie se queja ! ¿Donde estan los de creemos 
?"
SILVANA MUCARZEL DEMETRY,https://www.facebook.com/silvanamucarzelconcejal/,sí,,8800,93,2025-07-11,post,https://www.facebook.com/share/p/1Je2iizE1A/,0,0,15,15,0,0,0,0,0,0,
