nombre perfil,url perfil,candidato identificado,creación del perfil,seguidores,seguidos,fecha post,tipo de post,url post,comparticiones,comentarios,reacciones en total,me gusta,me encanta,me divierte,me entristece,me sorprende,me enoja,me importa,contenido
NIRVATH MARITZA VILLENA CARDOZO,https://www.facebook.com/nirvathmaritza.villenacardozodelopez,no,,0,0,2025-07-24,post,https://www.facebook.com/nirvathmaritza.villenacardozodelopez/posts/pfbid0oQKkeNsUrXRXio1h173txAFygcxFVTR9xQWysn763WCTxKnEJhCVE7EYN4gz2uM6l,0,0,0,0,0,0,0,0,0,0,
NIRVATH MARITZA VILLENA CARDOZO,https://www.facebook.com/nirvathmaritza.villenacardozodelopez,no,,0,0,2025-07-24,post,https://www.facebook.com/share/v/1JMrtiRjef/,13,7,63,44,19,0,0,0,0,0,"Cada día salgo con mi equipo a recorrer los barrios.
Escuchamos, tomamos nota y seguimos avanzando.… Ver más"
NIRVATH MARITZA VILLENA CARDOZO,https://www.facebook.com/nirvathmaritza.villenacardozodelopez,no,,0,0,2025-07-27,post,https://www.facebook.com/share/v/1C5zuaemZV/,8,1,23,11,10,0,0,0,0,2,
NIRVATH MARITZA VILLENA CARDOZO,https://www.facebook.com/nirvathmaritza.villenacardozodelopez,no,,0,0,2025-07-27,post,https://www.facebook.com/share/v/1MG7a3YJAT/,54,12,58,41,17,0,0,0,0,0,"Cada día salgo con mi equipo a recorrer los barrios.
Escuchamos, tomamos nota y seguimos avanzando.… Ver más"
NIRVATH MARITZA VILLENA CARDOZO,https://www.facebook.com/nirvathmaritza.villenacardozodelopez,no,,0,0,2025-07-28,post,https://www.facebook.com/share/p/1ZBFWmNf23/,6,5,44,29,15,0,0,0,0,0,"""¡Tu apoyo hace la diferencia! 
 Vota por NIRVATH DIPUTADA POR LA C41 y ayúdame a hacer realidad este proyecto. ¡Contigo es posible!"""
NIRVATH MARITZA VILLENA CARDOZO,https://www.facebook.com/nirvathmaritza.villenacardozodelopez,no,,0,0,2025-07-28,post,https://www.facebook.com/share/p/1AzVpm4Pto/,2,3,45,29,12,0,0,0,0,4,"Hoy fue un día muy lindo he visitado los barrios periféricos y en el barrio 8 de marzo he encontrado varias familias, que me recibieron con tanta aceptación y alegría, … Ver más"
NIRVATH MARITZA VILLENA CARDOZO,https://www.facebook.com/nirvathmaritza.villenacardozodelopez,no,,0,0,2025-07-28,post,https://www.facebook.com/share/p/1K5Sbkhhey/,2,0,21,18,3,0,0,0,0,0,
NIRVATH MARITZA VILLENA CARDOZO,https://www.facebook.com/nirvathmaritza.villenacardozodelopez,no,,0,0,2025-07-28,post,https://www.facebook.com/share/p/1F4SHHMhZb/,16,12,53,39,13,0,0,0,0,1,"Este 17 de agosto, vota por Nirvath Villena."
