nombre perfil,url perfil,snapshot_date,creación del perfil,candidato identificado,seguidores,seguidos,fecha post,tipo de post,url post,comparticiones,comentarios,reacciones en total,me gusta,me encanta,me divierte,me entristece,me sorprende,me enoja,me importa,contenido
Capiguara Libertaria,https://www.facebook.com/luisita.balbian,2025-06-03,,no,15023,0,2025-05-28,post,https://www.facebook.com/share/p/14GNBNBBeYR/,0,1,6,1,0,5,0,0,0,0,
Capiguara Libertaria,https://www.facebook.com/luisita.balbian,2025-06-03,,no,15023,0,2025-05-28,post,https://www.facebook.com/share/p/19A3dX59E3/,2,1,23,12,0,11,0,0,0,0,"Ring, ring, ring 
- Buenos días, Fábrica de Trampolines ""El beniano ausente'. ¿Cómo le podemos ayudar?
- ¿Fábrica de trampolines? ¿No es este el número de teléfono del Comité Cívico del Beni?
- Sí pero cambiamos de rubro..."
Capiguara Libertaria,https://www.facebook.com/luisita.balbian,2025-06-03,,no,15023,0,2025-05-28,post,https://www.facebook.com/share/p/16HyYx2ERm/,41,38,180,51,0,0,1,21,107,0,"""Va a leer o no señora, no tengo todo el día..."", así le respondió el ""oficial"" cuando la sra. Zaira pidió que le digan por qué se querían entrar a su casa. 
Casi UNA DOCENA DE POLICÍAS en la casa del gral. Shriqui contra una mujer de la tercera edad que estaba SOLA y el paco a cargo encima le grita prepotente. No respetan nada con su excusa de cumplir órdenes. SON UNOS ABUSIVOS."
Capiguara Libertaria,https://www.facebook.com/luisita.balbian,2025-06-03,,no,15023,0,2025-05-28,post,https://www.facebook.com/share/p/1AoJsatK2E/,0,5,19,16,0,0,2,1,0,0,"¿Sigue existiendo el Comité Cívico del Beni o me soñé que teníamos?
(Mirá vos, me acabo de dar cuenta que hace años me pregunto lo mismo. FB me recuerda un post mío del 2021, sigo sin respuesta...
)"
Capiguara Libertaria,https://www.facebook.com/luisita.balbian,2025-06-03,,no,15023,0,2025-05-30,post,https://www.facebook.com/share/p/19X2fsiL66/,0,0,39,12,0,27,0,0,0,0,
Capiguara Libertaria,https://www.facebook.com/luisita.balbian,2025-06-03,,no,15023,0,2025-05-30,post,https://www.facebook.com/share/p/1AmibT52i2/,0,10,36,9,0,26,0,0,1,0,"¿O sea que bajar la inflación sería un movimiento sexy?
"
Capiguara Libertaria,https://www.facebook.com/luisita.balbian,2025-06-03,,no,15023,0,2025-05-30,post,https://www.facebook.com/share/p/15NoMj3JZU/,1,1,46,18,0,28,0,0,0,0,
Capiguara Libertaria,https://www.facebook.com/luisita.balbian,2025-06-03,,no,15023,0,2025-05-31,post,https://www.facebook.com/share/p/1CEts1Hcz4/,1,4,12,11,1,0,0,0,0,0,"Aprender en el camino no es improvisar: es parte del oficio político
Se ha vuelto tendencia burlarse de un candidato a vicepresidente por haber dicho que “va a aprender en el camino” y emitir un par de desafortunadas respuestas que claramente demuestran desconocimiento de la materia en la que se lo cuestionaba (y no, no me voy a referir a lo de Estado sexy, frente a lo coloquial está el mensaje que se quiere transmitir y no veo mal u… Ver más"
Capiguara Libertaria,https://www.facebook.com/luisita.balbian,2025-06-03,,no,15023,0,2025-05-31,post,https://www.facebook.com/share/p/19bmFuscX4/,3,23,29,26,2,1,0,0,0,0,¿De verdad es tan escandaloso admitir que hay un proceso de aprendizaje en el ejercicio del poder?
Capiguara Libertaria,https://www.facebook.com/luisita.balbian,2025-06-03,,no,15023,0,2025-05-31,post,https://www.facebook.com/share/p/1AZe1uvpHt/,0,0,3,0,0,3,0,0,0,0,"No estoy.
Final de la Champions. ¡Vamos Inter!
"
Capiguara Libertaria,https://www.facebook.com/luisita.balbian,2025-06-03,,no,15023,0,2025-05-31,post,https://www.facebook.com/share/p/1CKhTH8w81/,0,0,12,8,4,0,0,0,0,0,Eso 
Capiguara Libertaria,https://www.facebook.com/luisita.balbian,2025-06-03,,no,15023,0,2025-06-01,post,https://www.facebook.com/share/p/1AiaGuJMWs/,0,2,19,2,0,15,0,2,0,0,"Elay, Evo lo tumbó de su sindicato a Andrónico 
. El Estado independiente de El Chapare tiene dueño vitalicio 
."
Capiguara Libertaria,https://www.facebook.com/luisita.balbian,2025-06-09,,no,15023,0,2025-06-01,post,https://www.facebook.com/share/p/1Hu9FQyqKm/,0,2,19,2,0,15,0,2,0,0,"Elay, Evo lo tumbó de su sindicato a Andrónico 
. El Estado independiente de El Chapare tiene dueño vitalicio 
."
Capiguara Libertaria,https://www.facebook.com/luisita.balbian,2025-06-09,,no,15023,0,2025-06-01,post,https://www.facebook.com/share/p/16igZQdHo2/,8,6,81,39,8,33,0,0,0,1,"Para mí este es el dato más importante de la encuesta de hoy:
No vas a ser senador Tilín "
Capiguara Libertaria,https://www.facebook.com/luisita.balbian,2025-06-09,,no,15023,0,2025-06-01,post,https://www.facebook.com/share/p/16rzRq18Gf/,23,6,93,79,10,1,0,0,0,3,"Lo importante es que el mapa ya no es azul. Este año, en agosto, es nuestra oportunidad de que la hegemonía del MAS nunca más."
Capiguara Libertaria,https://www.facebook.com/luisita.balbian,2025-06-09,,no,15023,0,2025-06-01,post,https://www.facebook.com/share/p/1BkgxMngi1/,0,16,49,34,2,13,0,0,0,0,"Je je je je, anda de cizañero Junior Arias "
Capiguara Libertaria,https://www.facebook.com/luisita.balbian,2025-06-09,,no,15023,0,2025-06-01,post,2025-06-01,8,15,39,28,0,9,0,1,1,0,
Capiguara Libertaria,https://www.facebook.com/luisita.balbian,2025-06-03,,no,15023,0,2025-06-01,post,https://www.facebook.com/share/p/16ZAjfMyj9/,8,6,81,39,8,33,0,0,0,1,"Para mí este es el dato más importante de la encuesta de hoy:
No vas a ser senador Tilín "
Capiguara Libertaria,https://www.facebook.com/luisita.balbian,2025-06-03,,no,15023,0,2025-06-01,post,https://www.facebook.com/share/p/1A2nqHFfiz/,23,5,85,71,10,1,0,0,0,3,"Lo importante es que el mapa ya no es azul. Este año, en agosto, es nuestra oportunidad de que la hegemonía del MAS nunca más."
Capiguara Libertaria,https://www.facebook.com/luisita.balbian,2025-06-03,,no,15023,0,2025-06-01,post,https://www.facebook.com/share/p/1Fz9HtCXQC/,0,16,48,33,2,13,0,0,0,0,"Je je je je, anda de cizañero Junior Arias "
Capiguara Libertaria,https://www.facebook.com/luisita.balbian,2025-06-03,,no,15023,0,2025-06-01,post,https://www.facebook.com/share/p/16iqxNAFhy/,0,7,19,16,2,1,0,0,0,0,"+/- 2 de margen de error amiguitos. Con una diferencia de 0.7 entre el primero y el segundo, no da pa gritar: ¿Ven que Samuelito siempre estuvo primero?, ni ¡Encuesta trucha.Tuto forever!"
Capiguara Libertaria,https://www.facebook.com/luisita.balbian,2025-06-03,,no,15023,0,2025-06-01,post,https://www.facebook.com/share/p/15ep5VPqJg/,5,66,94,44,1,46,0,2,1,0,"Ñie...
Me da flojera pero a chatgpt no:
ESCENARIO GENERAL – ENCUESTA DE INTENCIÓN DE VOTO (NO OFICIAL)
 Candidatos con mayor intención de voto:… Ver más"
Capiguara Libertaria,https://www.facebook.com/luisita.balbian,2025-06-09,,no,15023,0,2025-06-02,post,https://www.facebook.com/share/p/17oS3bkLc9/,3,3,7,7,0,0,0,0,0,0,"Del Estado y otros males:
 ¿Quién quiere achicar el Estado?
 
 Libre – liberal, con propuestas operativas.
 Plantea achicar el Estado con reformas.… Ver más"
Capiguara Libertaria,https://www.facebook.com/luisita.balbian,2025-06-03,,no,15023,0,2025-06-02,post,https://www.facebook.com/share/p/156j1i3UzZ/,0,3,10,5,0,5,0,0,0,0,Como va la cosa ¿ya no vamos a tener que esperar a que lleguen los votos del campo? 
Capiguara Libertaria,https://www.facebook.com/luisita.balbian,2025-06-03,,no,15023,0,2025-06-02,post,https://www.facebook.com/share/p/1FyQhiJRCR/,3,1,34,22,0,11,0,1,0,0,"Elay, quien le va a quitar su personería al MAS...va a ser el MAS por su pejivoto de menos de 3%.
"
Capiguara Libertaria,https://www.facebook.com/luisita.balbian,2025-06-03,,no,15023,0,2025-06-02,post,https://www.facebook.com/share/p/1G1gceE7Ns/,3,2,7,7,0,0,0,0,0,0,"Del Estado y otros males:
 ¿Quién quiere achicar el Estado?
 
 Libre21 – liberal, con propuestas operativas.
 Plantea achicar el Estado con reformas.… Ver más"
Capiguara Libertaria,https://www.facebook.com/luisita.balbian,2025-06-11,,no,15023,0,2025-06-02,post,https://www.facebook.com/share/p/1ERicqzMRq/,0,3,11,0,0,0,0,0,0,0,Como va la cosa ¿ya no vamos a tener que esperar a que lleguen los votos del campo? 
Capiguara Libertaria,https://www.facebook.com/luisita.balbian,2025-06-09,,no,15023,0,2025-06-02,post,https://www.facebook.com/share/p/16dXhPjEsn/,3,1,37,23,0,13,0,1,0,0,"Elay, quien le va a quitar su personería al MAS...va a ser el MAS por su pejivoto de menos de 3%.
"
Capiguara Libertaria,https://www.facebook.com/luisita.balbian,2025-06-09,,no,15023,0,2025-06-02,post,https://www.facebook.com/share/p/16KMJtVjBJ/,0,3,11,6,0,5,0,0,0,0,Como va la cosa ¿ya no vamos a tener que esperar a que lleguen los votos del campo? 
Capiguara Libertaria,https://www.facebook.com/luisita.balbian,2025-06-11,,no,15023,0,2025-06-02,post,https://www.facebook.com/luisita.balbian/posts/pfbid02f59eNGSpk4cmVpY26jH9usYQE5qdoE5hquGGQVZqTmacyHMDasxGovVqJmqdXNTzl,3,1,37,0,0,0,0,0,0,0,"Elay, quien le va a quitar su personería al MAS...va a ser el MAS por su pejivoto de menos de 3%.
"
Capiguara Libertaria,https://www.facebook.com/luisita.balbian,2025-06-11,,no,15023,0,2025-06-02,post,https://www.facebook.com/share/p/198XcreSb3/,3,3,7,0,0,0,0,0,0,0,"Del Estado y otros males:
 ¿Quién quiere achicar el Estado?
 
 Libre – liberal, con propuestas operativas.
 Plantea achicar el Estado con reformas.… Ver más"
Capiguara Libertaria,https://www.facebook.com/luisita.balbian,2025-06-11,,no,15023,0,2025-06-02,post,https://www.facebook.com/share/p/1CCZRnZmCW/,81,13,81,0,0,0,0,0,0,0," Los 5 temas que NADIE se atreve a tocar
Leí todos los planes de gobierno. TODOS.
¿Y sabés qué? Todos callan sobre lo que de verdad nos está jodiendo como país.
Acá van 5 bombas de tiempo que ningún partido –ni de izquierda, ni de derecha– quiere desactivar 
… Ver más"
Capiguara Libertaria,https://www.facebook.com/luisita.balbian,2025-06-03,,no,15023,0,2025-06-02,post,services/titan-load/tests/features/district_portal/data_import/item_imports/item_import_113000.yml,3,11,74,72,2,0,0,0,0,0," Me parece fantástico que dos candidatos se junten a conversar. Compartir ideas, debatir puntos de vista y mantener el diálogo abierto fortalece los procesos electorales y, sobre todo, la democracia.
La apertura para escuchar al otro —aunque compita desde otra sigla— es un ejercicio saludable, más aún cuando hay coincidencias ideológicas claras y un compromiso compartido con principios liberales, democráticos e institucionales. No se reunieron con el MAS ni con la izquierda… Ver más"
Capiguara Libertaria,https://www.facebook.com/luisita.balbian,2025-06-09,,no,15023,0,2025-06-02,post,https://www.facebook.com/share/p/19FLd9HHCy/,81,13,81,75,6,0,0,0,0,0," Los 5 temas que NADIE se atreve a tocar
Leí todos los planes de gobierno. TODOS.
¿Y sabés qué? Todos callan sobre lo que de verdad nos está jodiendo como país.
Acá van 5 bombas de tiempo que ningún partido –ni de izquierda, ni de derecha– quiere desactivar 
… Ver más"
Capiguara Libertaria,https://www.facebook.com/luisita.balbian,2025-06-03,,no,15023,0,2025-06-02,post,https://www.facebook.com/share/p/1AdoNjNYXc/,56,9,71,67,4,0,0,0,0,0," Los 5 temas que NADIE se atreve a tocar
Leí todos los planes de gobierno. TODOS.
¿Y sabés qué? Todos callan sobre lo que de verdad nos está jodiendo como país.
Acá van 5 bombas de tiempo que ningún partido –ni de izquierda, ni de derecha– quiere desactivar 
… Ver más"
Capiguara Libertaria,https://www.facebook.com/luisita.balbian,2025-06-09,,no,15023,0,2025-06-03,post,2025-06-03,4,11,82,79,2,1,0,0,0,0,
Capiguara Libertaria,https://www.facebook.com/luisita.balbian,2025-06-09,,no,15023,0,2025-06-03,post,https://www.facebook.com/share/p/1DoBEjGNoY/,2,0,4,4,0,0,0,0,0,0,
Capiguara Libertaria,https://www.facebook.com/luisita.balbian,2025-06-09,,no,15023,0,2025-06-03,post,https://www.facebook.com/share/p/16iMHVfd5i/,2,6,31,12,0,19,0,0,0,0,Torquemada un piojo tuerto a lau de Beckhauser 
Capiguara Libertaria,https://www.facebook.com/luisita.balbian,2025-06-11,,no,15023,0,2025-06-03,post,2025-06-03,4,11,82,0,0,0,0,0,0,0,
Capiguara Libertaria,https://www.facebook.com/luisita.balbian,2025-06-11,,no,15023,0,2025-06-03,post,https://www.facebook.com/share/p/1Feo1EQhr8/,2,6,31,0,0,0,0,0,0,0,Torquemada un piojo tuerto a lau de Beckhauser 
Capiguara Libertaria,https://www.facebook.com/luisita.balbian,2025-06-11,,no,15023,0,2025-06-03,post,https://www.facebook.com/share/p/1CuG177n6r/,2,0,4,0,0,0,0,0,0,0,
Capiguara Libertaria,https://www.facebook.com/luisita.balbian,2025-06-11,,no,15023,0,2025-06-06,post,https://www.facebook.com/share/p/1Cjh7EKWei/,1,8,39,0,0,0,0,0,0,0,En pocas palabras la candidatura de Dunn es el gato en la caja de Schrödinger 
Capiguara Libertaria,https://www.facebook.com/luisita.balbian,2025-06-11,,no,15023,0,2025-06-06,post,https://www.facebook.com/share/p/1FPA8r5da7/,1,1,17,0,0,0,0,0,0,0,"¿Vizcarra es la oposición boliviana?...
"
Capiguara Libertaria,https://www.facebook.com/luisita.balbian,2025-06-11,,no,15023,0,2025-06-06,post,https://www.facebook.com/share/p/1BfKiMWNDx/,0,6,6,0,0,0,0,0,0,0,"Los 10 binomios habilitados para las elecciones confirmados por el TSE:
 Alianza Popular (AP): Andrónico Rodríguez – Mariana Prado
 Unidad: Samuel Doria Medina – José Luis Lupo
 Libre: Jorge ""Tuto"" Quiroga – Juan Pablo Velasco… Ver más"
Capiguara Libertaria,https://www.facebook.com/luisita.balbian,2025-06-09,,no,15023,0,2025-06-06,post,https://www.facebook.com/share/p/16Sk4qNjji/,0,6,6,5,0,0,0,0,1,0,"Los 10 binomios habilitados para las elecciones confirmados por el TSE:
 Alianza Popular (AP): Andrónico Rodríguez – Mariana Prado
 Unidad: Samuel Doria Medina – José Luis Lupo
 Libre: Jorge ""Tuto"" Quiroga – Juan Pablo Velasco… Ver más"
Capiguara Libertaria,https://www.facebook.com/luisita.balbian,2025-06-09,,no,15023,0,2025-06-06,post,https://www.facebook.com/share/p/1BpwZyZTKE/,1,1,15,4,0,10,1,0,0,0,"¿Vizcarra es la oposición boliviana?...
"
Capiguara Libertaria,https://www.facebook.com/luisita.balbian,2025-06-09,,no,15023,0,2025-06-06,post,https://www.facebook.com/share/p/1YEHGutKu7/,1,8,39,8,0,31,0,0,0,0,En pocas palabras la candidatura de Dunn es el gato en la caja de Schrödinger 
Capiguara Libertaria,https://www.facebook.com/luisita.balbian,2025-06-09,,no,15023,0,2025-06-07,post,https://www.facebook.com/share/v/1AmGmcT3sg/,38,22,50,19,0,11,1,15,4,0,
Capiguara Libertaria,https://www.facebook.com/luisita.balbian,2025-06-11,,no,15023,0,2025-06-07,post,https://www.facebook.com/share/p/16cqZTzU2i/,621,179,3800,0,0,0,0,0,0,0,Poesía urbana motorizada...
Capiguara Libertaria,https://www.facebook.com/luisita.balbian,2025-06-11,,no,15023,0,2025-06-07,post,https://www.facebook.com/share/p/1AUmpTu5aL/,0,1,23,0,0,0,0,0,0,0,"Campeón 
 #TigreDeMoxos "
Capiguara Libertaria,https://www.facebook.com/luisita.balbian,2025-06-09,,no,15023,0,2025-06-07,post,https://www.facebook.com/luisita.balbian/posts/pfbid0rpcyffcTXJchyuqPYP7UwRQoAA32ZWLgiS1jVYNJQFcTFepnxcJ52nCHGQgXKseFl,0,0,12,8,3,0,0,1,0,0,
Capiguara Libertaria,https://www.facebook.com/luisita.balbian,2025-06-11,,no,15023,0,2025-06-07,post,https://www.facebook.com/share/v/17sgtxJ4rf/,39,22,52,0,0,0,0,0,0,0,
Capiguara Libertaria,https://www.facebook.com/luisita.balbian,2025-06-09,,no,15023,0,2025-06-07,post,https://www.facebook.com/share/p/1ZMSDD97DU/,237,70,1700,1500,219,33,0,0,0,10,Poesía urbana motorizada...
Capiguara Libertaria,https://www.facebook.com/luisita.balbian,2025-06-09,,no,15023,0,2025-06-07,post,https://www.facebook.com/share/p/16Q2mbpUtW/,0,1,20,10,10,0,0,0,0,0,"Campeón 
 #TigreDeMoxos "
Capiguara Libertaria,https://www.facebook.com/luisita.balbian,2025-06-09,,no,15023,0,2025-06-08,post,https://www.facebook.com/share/p/1AVrQBWvqX/,0,2,29,28,1,0,0,0,0,0,"¿Tas tiste Grabois? ¿Tas tiste y encerradito por delincuente o cómo?
"
Capiguara Libertaria,https://www.facebook.com/luisita.balbian,2025-06-11,,no,15023,0,2025-06-08,post,https://www.facebook.com/share/p/16dhfvXTPf/,0,2,30,0,0,0,0,0,0,0,"¿Tas tiste Grabois? ¿Tas tiste y encerradito por delincuente o cómo?
"
Capiguara Libertaria,https://www.facebook.com/luisita.balbian,2025-06-09,,no,15023,0,2025-06-09,post,https://www.facebook.com/share/p/1BbGUkRj4b/,0,2,3,2,1,0,0,0,0,0,Qué magia en el cóndor 
Capiguara Libertaria,https://www.facebook.com/luisita.balbian,2025-06-11,,no,15023,0,2025-06-09,post,https://www.facebook.com/share/p/1Adg6jJ63j/,1,0,10,0,0,0,0,0,0,0,
Capiguara Libertaria,https://www.facebook.com/luisita.balbian,2025-06-09,,no,15023,0,2025-06-09,post,https://www.facebook.com/share/p/1YkCeWCaqR/,1,0,9,6,1,0,0,0,0,2,
Capiguara Libertaria,https://www.facebook.com/luisita.balbian,2025-06-11,,no,15023,0,2025-06-10,post,https://www.facebook.com/share/p/1Cf9U3PLTQ/,0,2,23,0,0,0,0,0,0,0,"Y este es un juego que sólo hay que jugar
Te puede ir bien, te puede ir mal..."
Capiguara Libertaria,https://www.facebook.com/luisita.balbian,2025-06-11,,no,15023,0,2025-06-10,post,https://www.facebook.com/share/p/19HHAJ3cm5/,0,0,1,0,0,0,0,0,0,0,
