nombre perfil,url perfil,candidato identificado,creación del perfil,seguidores,seguidos,fecha post,tipo de post,url post,comparticiones,comentarios,reacciones en total,me gusta,me encanta,me divierte,me entristece,me sorprende,me enoja,me importa,contenido
CECILIA ISABEL REQUENA ZARATE,https://www.facebook.com/CeciliaRequenaZarate,sí,,4500,158,2025-07-01,post,https://www.facebook.com/share/p/16d4Vo5Hrm/,3,0,11,11,0,0,0,0,0,0," En vivo con Mauricio Noya en Noche a Noche, hablando sobre normas incendiarias y el Proyecto de Ley 118 por los Bosques y otros Sistemas de Vida. Una conversación urg… Ver más"
CECILIA ISABEL REQUENA ZARATE,https://www.facebook.com/CeciliaRequenaZarate,sí,,4500,158,2025-07-01,post,https://www.facebook.com/share/p/15YmfHvYFD/,1,0,9,9,0,0,0,0,0,0,Radio Fides de Bolivia
CECILIA ISABEL REQUENA ZARATE,https://www.facebook.com/CeciliaRequenaZarate,sí,,4500,158,2025-07-02,post,https://www.facebook.com/share/p/1Abfj9d6Nq/,1,0,10,0,0,0,0,0,0,0," Ahora en RTP: Hoy la Asamblea trata las leyes incendiarias y su relación con el PL 118, que busca proteger bosques y otros sistemas de vida frente a quemas e incendi… Ver más"
CECILIA ISABEL REQUENA ZARATE,https://www.facebook.com/CeciliaRequenaZarate,sí,,4500,158,2025-07-03,post,https://www.facebook.com/share/p/16BWmpqafK/,0,0,14,10,1,0,0,0,0,3,
CECILIA ISABEL REQUENA ZARATE,https://www.facebook.com/CeciliaRequenaZarate,sí,,4500,158,2025-07-04,post,https://www.facebook.com/share/p/19C29H3izG/,6,0,19,15,0,0,1,1,0,2,Conversamos con Kellin Guzmán en Televisión Universitaria sobre las normas incendiarias y la Ley 118. ¿Qué está en juego? 
