nombre perfil,url perfil,snapshot_date,creación del perfil,candidato identificado,seguidores,seguidos,fecha post,tipo de post,url post,comparticiones,comentarios,reacciones en total,me gusta,me encanta,me divierte,me entristece,me sorprende,me enoja,me importa,contenido
MARISELVA POLANCO VENTURA,https://www.facebook.com/mariselva.polancoventura.1,2025-07-23,2017-03-20,no,2000,226,2025-07-22,post,https://www.facebook.com/share/p/16tCVgiS7u/,1,0,15,12,3,0,0,0,0,0,Sumando 
MARISELVA POLANCO VENTURA,https://www.facebook.com/mariselva.polancoventura.1,2025-07-30,2017-03-20,no,2000,226,2025-07-22,post,https://www.facebook.com/share/p/1Km7fLdVXK/,1,0,18,14,4,0,0,0,0,0,Sumando 
MARISELVA POLANCO VENTURA,https://www.facebook.com/mariselva.polancoventura.1,2025-07-30,2017-03-20,no,2000,226,2025-07-23,post,https://www.facebook.com/share/p/1D9cUYRMdt/,1,0,17,13,3,0,0,0,0,1,
MARISELVA POLANCO VENTURA,https://www.facebook.com/mariselva.polancoventura.1,2025-07-30,2017-03-20,no,2000,226,2025-07-27,post,https://www.facebook.com/share/p/16uex7ChQ8/,1,0,9,6,1,0,0,0,0,2,Con justa razón #ManfredPresidente
MARISELVA POLANCO VENTURA,https://www.facebook.com/mariselva.polancoventura.1,2025-07-30,2017-03-20,no,2000,226,2025-07-28,post,https://www.facebook.com/share/p/16d6Ffs2Uo/,7,0,20,18,1,0,0,0,0,1,
MARISELVA POLANCO VENTURA,https://www.facebook.com/mariselva.polancoventura.1,2025-07-30,2017-03-20,no,2000,226,2025-07-29,post,https://www.facebook.com/share/p/1FAfrw8XFM/,2,2,20,16,3,0,0,0,0,1,#ManfredPresidente
