nombre perfil,url perfil,snapshot_date,creación del perfil,candidato identificado,seguidores,seguidos,fecha post,url post,comparticiones,comentarios,reacciones en total,me gusta,me encanta,me divierte,me entristece,me sorprende,me enoja,me importa,contenido
Coordinadora de la Mujer - Observatorio de Género BO,https://www.facebook.com/CoordinadoraBO,2025-05-22,2011-11-30,no,21000,0,2025-05-17,https://www.facebook.com/share/v/16CMXoJimk/,14,1,,35,0,0,0,0,0,0, ¡OJO organizaciones políticas y alianzas! Estos son los requisitos para el registro de candidaturas rumbo a las #EleccionesNacionales2025 después no se podrá subsanar… Ver más
Coordinadora de la Mujer - Observatorio de Género BO,https://www.facebook.com/CoordinadoraBO,2025-05-22,2011-11-30,no,21000,0,2025-05-19,https://www.facebook.com/CoordinadoraBO/posts/pfbid02ZcYAsPCTjGs2KfQ48JpED3QgZpvu8aCEgEzMhCZt1H82WsoEJ9AP1aJjopxQrByil,4,2,,0,0,0,0,0,0,0,"#EleccionesNacionales2025
Dentro y fuera del Tribunal Supremo Electoral, la #CoordinadoraDeLaMujer como parte el Movimiento #JuntasHacemosHistoria, vigilante al cumpl… Ver más"
Coordinadora de la Mujer - Observatorio de Género BO,https://www.facebook.com/CoordinadoraBO,2025-05-22,2011-11-30,no,21000,0,2025-05-19,https://www.facebook.com/share/p/19EVjMUEom/,20,8,,0,0,0,0,0,0,0,"#Ahora #19M
Hoy es un día clave en el calendario electoral, que marca el cierre del período de inscripciones de candidaturas, rumbo a las #eleccionesbolivia2025… Ver más"
Coordinadora de la Mujer - Observatorio de Género BO,https://www.facebook.com/CoordinadoraBO,2025-05-22,2011-11-30,no,21000,0,2025-05-19,not-found-post-url-203627,14,8,,38,11,0,0,1,0,3,
Coordinadora de la Mujer - Observatorio de Género BO,https://www.facebook.com/CoordinadoraBO,2025-05-22,2011-11-30,no,21000,0,2025-05-19,https://www.facebook.com/share/p/1DhPYP24sV/,37,2,,51,0,1,0,0,0,0," La paridad es un derecho, no un favor.… Ver más"
Coordinadora de la Mujer - Observatorio de Género BO,https://www.facebook.com/CoordinadoraBO,2025-05-22,2011-11-30,no,21000,0,2025-05-20,not-found-post-url--101663,0,0,,0,0,0,0,0,0,0,"#LaPaz #EleccionesNacionales2025  #19Mayo 
𝐌𝐨𝐯𝐢𝐥𝐢𝐳𝐚𝐜𝐢𝐨́𝐧 𝐍𝐚𝐜𝐢𝐨𝐧𝐚𝐥 𝐩𝐨𝐫 𝐥𝐚 𝐩𝐚𝐫𝐢𝐝𝐚𝐝
¡Así se vivió la movilización … Ver más"
Coordinadora de la Mujer - Observatorio de Género BO,https://www.facebook.com/CoordinadoraBO,2025-05-22,2011-11-30,no,21000,0,2025-05-20,not-found-post-url--233542,0,0,,0,0,0,0,0,0,0,"#Tarija #EleccionesNacionales2025
  #19Mayo
𝐌𝐨𝐯𝐢𝐥𝐢𝐳𝐚𝐜𝐢𝐨́𝐧 𝐍𝐚𝐜𝐢𝐨𝐧𝐚𝐥 𝐩𝐨𝐫 𝐥𝐚 𝐩𝐚𝐫𝐢𝐝𝐚𝐝
Desde Tarija, mujeres organizada… Ver más"
Coordinadora de la Mujer - Observatorio de Género BO,https://www.facebook.com/CoordinadoraBO,2025-05-22,2011-11-30,no,21000,0,2025-05-21,not-found-post-url--343929,0,0,,19,0,0,0,0,0,0, Paridad incompleta = Democracia incompleta… Ver más
Coordinadora de la Mujer - Observatorio de Género BO,https://www.facebook.com/CoordinadoraBO,2025-05-22,2011-11-30,no,21000,0,2025-05-21,not-found-post-url--308114,0,0,,0,0,0,0,0,0,0,"#ForoInternacionalDeCuidados
#LaPaz es sede de un diálogo fundamental: el Foro Internacional ""Hacia la Construcción de Sistemas de Cuidado en Bolivia"". … Ver más"
Coordinadora de la Mujer - Observatorio de Género BO,https://www.facebook.com/CoordinadoraBO,2025-05-22,2011-11-30,no,21000,0,2025-05-21,not-found-post-url-504591,0,0,,0,0,0,0,0,0,0,"#ForoInternacionalDeCuidados
¿Por qué hablar de sistemas de cuidado? 
… Ver más"
Coordinadora de la Mujer - Observatorio de Género BO,https://www.facebook.com/CoordinadoraBO,2025-05-22,2011-11-30,no,21000,0,2025-05-22,not-found-post-url-286918,0,0,,1,0,0,0,0,0,0,"#Emprendimiento #LaPaz 
 
 ¡El 28 y 29 de mayo participaremos en la Feria de MyPES! 
 A través del proyecto Emprender para Crecer y Fortalecer, apoyando y financiado p… Ver más"
Coordinadora de la Mujer - Observatorio de Género BO,https://www.facebook.com/CoordinadoraBO,2025-05-22,2011-11-30,no,21000,0,2025-05-22,not-found-post-url-371076,1,2,,0,0,0,0,0,0,0," Iniciamos la segunda jornada del ""Foro Internacional hacia la construcción de sistemas de cuidado"". Dialogando sobre economía del cuidado, trabajo decente y hallazgos… Ver más"
Coordinadora de la Mujer - Observatorio de Género BO,https://www.facebook.com/CoordinadoraBO,2025-06-02,2011-11-30,no,21000,0,2025-05-26,https://www.facebook.com/share/v/1BtGeAzFM1/,25,1,,0,0,0,0,0,0,0," ¿Sabías que aunque el 50% de las candidaturas son mujeres…
 ...la mayoría de las listas para diputaciones plurinominales siguen encabezadas por hombres? 
… Ver más"
Coordinadora de la Mujer - Observatorio de Género BO,https://www.facebook.com/CoordinadoraBO,2025-06-02,2011-11-30,no,21000,0,2025-05-27,https://www.facebook.com/share/p/1AZmeeexdx/,5,4,,0,0,0,0,0,0,0,"La directora ejecutiva de la #CoordinadoraDeLaMujer, Tania Sánchez Montaño participará de este importante espacio de análisis y reflexión. 
Tema: LAS MUJERES EN LA POLÍ… Ver más"
Coordinadora de la Mujer - Observatorio de Género BO,https://www.facebook.com/CoordinadoraBO,2025-06-02,2011-11-30,no,21000,0,2025-05-27,https://www.facebook.com/share/p/1EYn7vaK58/,4,1,,6,0,0,0,0,0,0,"¡Junt@s emprendemos!
¡Estamos emocionadas de ser parte de la Feria de MyPES! un espacio para la creatividad y la innovación de emprendedoras y emprendedores bolivianos.… Ver más"
Coordinadora de la Mujer - Observatorio de Género BO,https://www.facebook.com/CoordinadoraBO,2025-06-02,2011-11-30,no,21000,0,2025-05-28,https://www.facebook.com/share/v/1E26X1srmc/,1,1,,5,0,0,0,0,0,0,"#VocesLGBTIQ+ 
 ¡Todas las familias valen, todas las familias cuentan!
 Escu… Ver más"
Coordinadora de la Mujer - Observatorio de Género BO,https://www.facebook.com/CoordinadoraBO,2025-06-02,2011-11-30,no,21000,0,2025-05-28,2025-05-28,13,11,49,38,6,3,0,0,0,2,MARCHA POR LA DEMOCRACIA… Ver más
Coordinadora de la Mujer - Observatorio de Género BO,https://www.facebook.com/CoordinadoraBO,2025-06-02,2011-11-30,no,21000,0,2025-05-28,https://www.facebook.com/share/p/1BehDJvoad/,3,1,,0,0,0,0,0,0,0,"#Ahora #LaPaz
Conectamos emprendimientos y generamos oportunidades!… Ver más"
Coordinadora de la Mujer - Observatorio de Género BO,https://www.facebook.com/CoordinadoraBO,2025-06-02,2011-11-30,no,21000,0,2025-05-29,https://www.facebook.com/share/p/1AUpZK1k2q/,0,0,,5,0,0,0,0,0,0,"¡Feria de MyPES “Junt@s Emprendemos”
 Conoce los emprendimientos de La Paz, Cochabamba y Tarija que presentan sus productos en la Plaza Bicentenario y Atrio de la UMSA… Ver más"
Coordinadora de la Mujer - Observatorio de Género BO,https://www.facebook.com/CoordinadoraBO,2025-06-02,2011-11-30,no,21000,0,2025-05-29,https://www.facebook.com/share/p/12HxrWWmEcQ/,4,1,,0,0,0,0,0,0,0,"¡𝐀𝐬𝐢́ 𝐜𝐞𝐫𝐫𝐚𝐦𝐨𝐬 𝐥𝐚 𝐅𝐞𝐫𝐢𝐚 𝐌𝐲𝐏𝐄𝐒 “𝐉𝐮𝐧𝐭@𝐬 𝐄𝐦𝐩𝐫𝐞𝐧𝐝𝐞𝐦𝐨𝐬”! 
Más que una feria, fue un espacio de encuentro, aprendizaje y compromiso con el emprendimiento local.
Gracias a qu… Ver más"
Coordinadora de la Mujer - Observatorio de Género BO,https://www.facebook.com/CoordinadoraBO,2025-06-02,2011-11-30,no,21000,0,2025-05-29,https://www.facebook.com/share/p/1AWnnka4Dh/,5,2,,21,1,0,0,0,0,0,"Tania Sánchez Montaño, directora de la Coordinadora de la Mujer - Observatorio de Género BO, participa en el programa Sumando Voces: 𝐋𝐀𝐒 𝐌𝐔𝐉𝐄𝐑𝐄𝐒 𝐄𝐍 𝐋𝐀 𝐏𝐎𝐋𝐈́𝐓𝐈𝐂𝐀 𝐁𝐎𝐋𝐈𝐕𝐈𝐀… Ver más"
Coordinadora de la Mujer - Observatorio de Género BO,https://www.facebook.com/CoordinadoraBO,2025-06-02,2011-11-30,no,21000,0,2025-05-29,https://www.facebook.com/share/p/15iYye5A8u/,11,1,,0,0,0,0,0,0,0,"#Hoy
¡Último día de la Feria MyPES “Junt@s Emprendemos”!… Ver más"
Coordinadora de la Mujer - Observatorio de Género BO,https://www.facebook.com/CoordinadoraBO,2025-06-02,2011-11-30,no,21000,0,2025-05-30,https://www.facebook.com/share/p/1C5LbhbZzF/,5,0,,0,0,0,0,0,0,0,"#TallerMiniProyectosRFSU2025 #DSDR #VidaLibreDeViolencia
 Fortalecer la incidencia en DSDR es también una acción política.… Ver más"
