nombre perfil,url perfil,candidato identificado,creación del perfil,seguidores,seguidos,fecha post,tipo de post,url post,comparticiones,comentarios,reacciones en total,me gusta,me encanta,me divierte,me entristece,me sorprende,me enoja,me importa,contenido
MARIANA LOPEZ SAAVEDRA,https://www.facebook.com/mariana.lopezsaavedra.5,no,,567,0,2025-06-17,post,https://www.facebook.com/share/p/1Axd5HbA81/,0,0,0,0,0,0,0,0,0,0,
MARIANA LOPEZ SAAVEDRA,https://www.facebook.com/mariana.lopezsaavedra.5,no,,567,0,2025-06-22,post,https://www.facebook.com/share/p/16kw9bZzpw/,0,0,1,1,0,0,0,0,0,0,
MARIANA LOPEZ SAAVEDRA,https://www.facebook.com/mariana.lopezsaavedra.5,no,,567,0,2025-06-22,post,https://www.facebook.com/share/p/18xQ8rKYQS/,0,0,0,0,0,0,0,0,0,0,
MARIANA LOPEZ SAAVEDRA,https://www.facebook.com/mariana.lopezsaavedra.5,no,,567,0,2025-11-24,reel,/reel/1958875187926601/?s=single_unit&__cft__[0]=AZWujBVa7YVsO15O0wq5H1WB023mKLry4fHBLODPOUMFZYZahvlxmi-7u6WjHrKmF5zNKMAFRJooKCXJg7NVzEX6vgMH9OqGprHtxjjH_OFB0--kSkvLhk1-P7JoVt031i_QvB6KpySUM08LWhkea2HskG8hIn6O_6KQzDQk3h0Cp1CCTabYh2SPAtlfixQVrV8&__tn__=H-R,0,0,0,0,0,0,0,0,0,0,Ensalada De Los Mejores Chistes Animados Para Reir Sin Parar 😂
