nombre perfil,url perfil,snapshot_date,creación del perfil,candidato identificado,seguidores,seguidos,fecha post,tipo de post,url post,comparticiones,comentarios,reacciones en total,me gusta,me encanta,me divierte,me entristece,me sorprende,me enoja,me importa,contenido
SHIRLEY MALDONADO ALVAREZ,https://www.facebook.com/profile.php?id=61576562194155,2025-06-05,,sí,0,0,2025-05-22,post,https://www.facebook.com/share/14n8TmR9x5/,1,0,20,18,2,0,0,0,0,0,
SHIRLEY MALDONADO ALVAREZ,https://www.facebook.com/profile.php?id=61576562194155,2025-06-05,,sí,0,0,2025-05-22,post,https://www.facebook.com/share/p/16HzB5Bz9n/,0,2,34,26,8,0,0,0,0,0,
SHIRLEY MALDONADO ALVAREZ,https://www.facebook.com/profile.php?id=61576562194155,2025-07-02,,sí,0,0,2025-06-24,post,https://www.facebook.com/share/p/16w34LiHQb/,5,0,40,28,11,1,0,0,0,0," ¡Reunión con líderes!
Hoy compartimos una jornada de coordinación con representantes de los Centros Internos de la carrera de Derecho y Sistemas de la Universidad FINOR.
Jóvenes comprometidos, con ideas claras y con muchas ganas de construir una universidad más fuerte y una sociedad más justa.
… Ver más"
SHIRLEY MALDONADO ALVAREZ,https://www.facebook.com/profile.php?id=61576562194155,2025-07-02,,sí,0,0,2025-06-25,post,https://www.facebook.com/share/p/14FSDta4WYW/,3,10,63,0,0,0,0,0,0,0,"estuvimos presentes en la inauguración de la Casa de Campaña en Santa Cruz, acompañando con orgullo y firmeza a nuestro hermano y futuro presidente Eduardo del Castillo.
Ni los intentos de provocación ni los berrinches de la derecha lograron detener esta fiesta democrática. Porque cuando hay unidad, hay fuerza; y cuando hay lealtad, hay futuro.
Desde la Circunscripción 57, con compromiso y convicción, seguimos avanzando. ¡Vamos por un nuevo tiempo para Bolivia!… Ver más"
SHIRLEY MALDONADO ALVAREZ,https://www.facebook.com/profile.php?id=61576562194155,2025-07-02,,sí,0,0,2025-06-27,post,https://www.facebook.com/share/v/19NETnFVZH/,6,8,62,53,8,1,0,0,0,0,"La fuerza del cambio también se canta! 
 Shirley Diputada C57"""
SHIRLEY MALDONADO ALVAREZ,https://www.facebook.com/profile.php?id=61576562194155,2025-07-02,,sí,0,0,2025-06-27,post,https://www.facebook.com/share/p/16YAXXE8UM/,18,21,119,0,0,0,0,0,0,0,
SHIRLEY MALDONADO ALVAREZ,https://www.facebook.com/profile.php?id=61576562194155,2025-07-02,,sí,0,0,2025-06-29,post,https://www.facebook.com/share/p/18iPtiP6sb/,7,8,56,0,0,0,0,0,0,0,"Acompañamos el XIV Festival y el 56º Aniversario de la Federación de Interculturales Productores Agropecuarios de Yapacaní. Felicitamos a esta gran organización por su lucha constante en defensa de los derechos y el desarrollo de nuestras comunidades interculturales. ¡Felicidades!
Shirley Maldonado
Candidata a Diputada – Circunscripción 57
#InterculturalesUnidos #ShirleyDiputada57"
SHIRLEY MALDONADO ALVAREZ,https://www.facebook.com/profile.php?id=61576562194155,2025-07-02,,sí,0,0,2025-06-29,post,https://www.facebook.com/share/p/1CR7n4MvE4/,1,6,52,44,5,1,0,0,1,1," ¡Jóvenes, familias, militantes y autoridades de la Circunscripción 57!
Con mucha alegría y compromiso los invitamos a la gran inauguración de nuestra Casa de Campaña – C-57, este viernes 4 de julio a las 18:00, en la ciudad de Montero.
 Final Av. Bariento, entre calles 5 y 6
… Ver más"
SHIRLEY MALDONADO ALVAREZ,https://www.facebook.com/profile.php?id=61576562194155,2025-07-02,,sí,0,0,2025-06-29,post,https://www.facebook.com/share/p/14J77w9sJxa/,4,1,35,32,2,1,0,0,0,0,
SHIRLEY MALDONADO ALVAREZ,https://www.facebook.com/profile.php?id=61576562194155,2025-07-02,,sí,0,0,2025-06-30,post,https://www.facebook.com/share/v/14EUqqY9ojU/,18,24,85,72,8,5,0,0,0,0," ¡Este viernes 4 de julio a las 18:00 hrs!
Inauguramos la Casa de Campaña C-57 en Montero.
 Rifa y música en vivo 
 Final Av. Bariento (Calle 5 y 6)
¡Te esperamos!"
