nombre perfil,url perfil,creación del perfil,seguidores,seguidos,fecha post,url post,comparticiones,reacciones en total,me gusta,me encanta,me divierte,me entristece,me sorprende,me enoja,me importa,contenido
Sara Andrea,https://www.facebook.com/sarahandreabolivia,2021-11-09,144000,5,2025-05-27,https://www.facebook.com/share/v/16k7fi11bL/,52,3500,2900,514,62,0,10,2,26,Muchas Gracias #Bolivia
Sara Andrea,https://www.facebook.com/sarahandreabolivia,2021-11-09,144000,5,2025-05-27,https://www.facebook.com/share/p/1Gdumqsd3U/,17,2400,1600,742,21,0,13,0,26,Mami estoy entre los 100 periodistas más influyentes de América Latina en Tik Tok
Sara Andrea,https://www.facebook.com/sarahandreabolivia,2021-11-09,144000,5,2025-05-28,https://www.facebook.com/share/v/1HYsSLHw7E/,665,3300,2500,58,182,437,21,1,10,Así estamos en Bolivia #humor #comedia #chistes #bolivia
Sara Andrea,https://www.facebook.com/sarahandreabolivia,2021-11-09,144000,5,2025-05-30,https://www.facebook.com/share/p/12Ktqp9WQYY/,15,291,46,7,237,0,0,1,0,Mientras tanto algún candidato a la Vicepresidencia 
Sara Andrea,https://www.facebook.com/sarahandreabolivia,2021-11-09,144000,5,2025-05-30,https://www.facebook.com/share/v/15hAfnHHQH/,221,1700,1100,23,537,6,13,4,2,El candidato a vicepresidente más inteligente #humor #comedia #chistes #bolivia
Sara Andrea,https://www.facebook.com/sarahandreabolivia,2021-11-09,144000,5,2025-06-02,https://www.facebook.com/share/v/19jFu77HcG/,222,1100,920,174,0,20,1,0,21,Centro de acogida para niños con discapacidad en Bolivia #bolivia #niños #cochabamba
Sara Andrea,https://www.facebook.com/sarahandreabolivia,2021-11-09,144000,5,2025-06-02,https://www.facebook.com/share/p/19RuK2E7Lz/,10,200,37,8,154,0,0,0,1,Empezó Junio 
