nombre perfil,url perfil,candidato identificado,creación del perfil,seguidores,seguidos,fecha post,url post,comparticiones,comentarios,reacciones en total,me gusta,me encanta,me divierte,me entristece,me sorprende,me enoja,me importa,contenido
LUCILA MENDIETA PEREZ,https://www.facebook.com/lucila.mendietaperez,sí,,384,0,2024-12-31,https://www.facebook.com/share/p/1Ao8vyfBNb/,0,0,1,0,0,0,1,0,0,0,
LUCILA MENDIETA PEREZ,https://www.facebook.com/lucila.mendietaperez,sí,,384,0,2025-03-10,https://www.facebook.com/share/p/15VwJzoXJM/,0,0,1,1,0,0,0,0,0,0,
LUCILA MENDIETA PEREZ,https://www.facebook.com/lucila.mendietaperez,sí,,384,0,2025-03-13,https://www.facebook.com/share/p/19TvSoiuKg/,5,0,1,1,0,0,0,0,0,0,
LUCILA MENDIETA PEREZ,https://www.facebook.com/lucila.mendietaperez,sí,,384,0,2025-03-21,https://www.facebook.com/share/p/19KdqXDpWe/,0,0,1,0,0,0,0,0,0,1,
LUCILA MENDIETA PEREZ,https://www.facebook.com/lucila.mendietaperez,sí,,384,0,2025-04-11,https://www.facebook.com/share/p/18pJWAcfrB/,0,0,0,0,0,0,0,0,0,0,
LUCILA MENDIETA PEREZ,https://www.facebook.com/lucila.mendietaperez,sí,,384,0,2025-04-21,https://www.facebook.com/lucila.mendietaperez/posts/pfbid02WWMFwggLiFaYxhWcpwUBUQZYCZbg6cSKGieouZXhuP7YDFeW2qRVKYHvWuR9BBt8l,0,0,4,2,0,0,1,0,0,1,
LUCILA MENDIETA PEREZ,https://www.facebook.com/lucila.mendietaperez,sí,,384,0,2025-04-21,2025-04-21,0,0,0,0,0,0,0,0,0,0,
LUCILA MENDIETA PEREZ,https://www.facebook.com/lucila.mendietaperez,sí,,384,0,2025-04-25,https://www.facebook.com/share/p/1BoWDdSRm9/,0,0,2,2,0,0,0,0,0,0,
LUCILA MENDIETA PEREZ,https://www.facebook.com/lucila.mendietaperez,sí,,384,0,2025-05-30,https://www.facebook.com/share/p/1HiokHLCjX/,0,0,0,0,0,0,0,0,0,0,
LUCILA MENDIETA PEREZ,https://www.facebook.com/lucila.mendietaperez,sí,,384,0,2025-05-30,https://www.facebook.com/share/p/1XJUsDikSU/,0,0,0,0,0,0,0,0,0,0,
