nombre perfil,url perfil,creación del perfil,seguidores,seguidos,fecha post,url post,comparticiones,reacciones en total,me gusta,me encanta,me divierte,me entristece,me sorprende,me enoja,me importa,contenido
Maria Galindo,https://www.facebook.com/profile.php?id=100008591051800,,237000,0,2025-05-29,https://www.facebook.com/share/p/15duXJ9yn3/,21,358,300,45,2,0,5,1,5,
Maria Galindo,https://www.facebook.com/profile.php?id=100008591051800,,237000,0,2025-05-29,https://www.facebook.com/share/p/1CBnktDxh5/,23,135,128,3,0,1,2,0,1,
Maria Galindo,https://www.facebook.com/profile.php?id=100008591051800,,237000,0,2025-05-29,https://www.facebook.com/share/v/1HC8oXL4D5/,48,658,532,110,11,0,0,0,5,
Maria Galindo,https://www.facebook.com/profile.php?id=100008591051800,,237000,0,2025-05-29,https://www.facebook.com/share/p/16Q367VPUS/,26,195,138,3,43,0,9,1,1,
Maria Galindo,https://www.facebook.com/profile.php?id=100008591051800,,237000,0,2025-05-30,https://www.facebook.com/share/p/1Bp6DLSH7a/,31,450,398,41,4,1,1,2,3,
Maria Galindo,https://www.facebook.com/profile.php?id=100008591051800,,237000,0,2025-05-30,2025-05-30,1,16,0,0,0,0,0,0,0,
Maria Galindo,https://www.facebook.com/profile.php?id=100008591051800,,237000,0,2025-05-30,https://www.facebook.com/share/v/1GTcDbZcr1/,63,434,305,11,101,1,13,1,2,
Maria Galindo,https://www.facebook.com/profile.php?id=100008591051800,,237000,0,2025-05-30,https://www.facebook.com/share/p/1AtYY9axvm/,4,36,32,4,0,0,0,0,0,
Maria Galindo,https://www.facebook.com/profile.php?id=100008591051800,,237000,0,2025-05-30,https://www.facebook.com/share/v/1EJaZ85kyP/,9,160,145,13,0,0,0,0,3,
Maria Galindo,https://www.facebook.com/profile.php?id=100008591051800,,237000,0,2025-05-30,https://www.facebook.com/share/p/18ghszBt51/,0,6,6,0,0,0,0,0,0,
Maria Galindo,https://www.facebook.com/profile.php?id=100008591051800,,237000,0,2025-05-30,https://www.facebook.com/share/p/19B44JPufy/,19,159,150,5,1,0,0,2,1,
Maria Galindo,https://www.facebook.com/profile.php?id=100008591051800,,237000,0,2025-05-30,https://www.facebook.com/share/p/16VTfMsGZ9/,2,2,1,0,0,1,0,0,0,
Maria Galindo,https://www.facebook.com/profile.php?id=100008591051800,,237000,0,2025-05-30,https://www.facebook.com/share/p/1Co2ZFE8jz/,19,126,109,13,0,1,2,0,1,https://www.facebook.com/share/v/1Yz8H41519/?mibextid=wwXIfr
Maria Galindo,https://www.facebook.com/profile.php?id=100008591051800,,237000,0,2025-05-31,https://www.facebook.com/share/p/1F5ib2oEYd/,69,2100,1600,407,73,2,19,0,16,
Maria Galindo,https://www.facebook.com/profile.php?id=100008591051800,,237000,0,2025-05-31,https://www.facebook.com/share/v/18xQ6jnVXF/,26,496,278,50,163,0,0,0,5,
Maria Galindo,https://www.facebook.com/profile.php?id=100008591051800,,237000,0,2025-05-31,https://www.facebook.com/share/p/19MvT8qsK8/,75,650,446,182,0,1,4,0,17,
Maria Galindo,https://www.facebook.com/profile.php?id=100008591051800,,237000,0,2025-06-01,https://www.facebook.com/share/p/198eTBzb9K/,0,33,29,4,0,0,0,0,0,
Maria Galindo,https://www.facebook.com/profile.php?id=100008591051800,,237000,0,2025-06-01,https://www.facebook.com/share/p/16ZtwD1dqs/,194,1400,996,30,351,1,27,11,0,
Maria Galindo,https://www.facebook.com/profile.php?id=100008591051800,,237000,0,2025-06-02,https://www.facebook.com/share/p/15nct8WEEs/,2,49,38,10,0,0,0,0,1,
Maria Galindo,https://www.facebook.com/profile.php?id=100008591051800,,237000,0,2025-06-02,https://www.facebook.com/share/p/1AYdGA4oLm/,16,536,374,149,0,0,1,0,13,
Maria Galindo,https://www.facebook.com/profile.php?id=100008591051800,,237000,0,2025-06-02,https://www.facebook.com/share/p/16knz158qW/,10,123,88,26,0,0,7,0,2,
Maria Galindo,https://www.facebook.com/profile.php?id=100008591051800,,237000,0,2025-06-02,https://www.facebook.com/100008591051800/videos/10053862501349016/,15,136,111,22,0,0,0,0,3,
