nombre perfil,url perfil,candidato identificado,creación del perfil,seguidores,seguidos,fecha post,tipo de post,url post,comparticiones,comentarios,reacciones en total,me gusta,me encanta,me divierte,me entristece,me sorprende,me enoja,me importa,contenido
YESSICA PRISILA DANTES ESCALANTE,https://www.facebook.com/prisila.dantesescalante,no,2009-09-12,5200,1700,2025-07-09,post,https://www.facebook.com/share/p/158LsLbzZmS/,3,7,105,0,0,0,0,0,0,0,"El campeonato más importante del año en la Natación Boliviana, con el Club Titanes del Beni presentes en la Liga A.
Nosotros orgullosos y siempre al lado de nuestros te… Ver más"
YESSICA PRISILA DANTES ESCALANTE,https://www.facebook.com/prisila.dantesescalante,no,2009-09-12,5200,1700,2025-07-10,post,https://www.facebook.com/share/p/1AuLEAaRJr/,0,16,135,94,41,0,0,0,0,0,"¡Feliz cumpleaños hermano!
Recuerdo que de niños, cuando peleabamos, nos decían  que cuando fuéramos grandes y estemos separados nos íbamos a extrañar, pues es verdad, … Ver más"
YESSICA PRISILA DANTES ESCALANTE,https://www.facebook.com/prisila.dantesescalante,no,2009-09-12,5200,1700,2025-07-12,post,https://www.facebook.com/share/p/17AReQThTr/,1,3,75,52,23,0,0,0,0,0,"¡Club Titanes del Beni nuevamente en el podio!
Orgullosos de estos deportistas llenos de coraje y disciplina que día a día se esfuerzan y conquistan sus sueños. … Ver más"
YESSICA PRISILA DANTES ESCALANTE,https://www.facebook.com/prisila.dantesescalante,no,2009-09-12,5200,1700,2025-07-14,post,https://www.facebook.com/share/p/15ruFyhXab/,0,2,12,6,0,0,6,0,0,0,"Sentido pesar por tu partida estimado Elías.
La esperanza de la resurrección reconforte y consuele el corazón de tu familia.… Ver más"
