nombre perfil,url perfil,snapshot_date,creación del perfil,candidato identificado,seguidores,seguidos,fecha post,tipo de post,url post,comparticiones,comentarios,reacciones en total,me gusta,me encanta,me divierte,me entristece,me sorprende,me enoja,me importa,contenido
Mauro Landivar ,https://www.facebook.com/profile.php?id=61552708002190,2025-06-02,2023-10-31,no,31000,181,2025-05-26,post,https://www.facebook.com/share/p/1BT4w3rruq/,879,127,677,255,3,6,0,60,351,2,#URGENTE |Jhonny Fernández se r0bó una parte del dinero del desayuno para los niños.… Ver más
Mauro Landivar ,https://www.facebook.com/profile.php?id=61552708002190,2025-06-02,2023-10-31,no,31000,181,2025-05-26,post,https://www.facebook.com/share/p/16UvxyMfvP/,280,212,514,445,58,11,0,0,0,0,Sobre la encuesta del Bunker.… Ver más
Mauro Landivar ,https://www.facebook.com/profile.php?id=61552708002190,2025-06-02,2023-10-31,no,31000,181,2025-05-27,post,https://www.facebook.com/share/p/1NMp2RetxT/,146,200,740,204,530,4,0,0,0,2,"El país está dividido en 3, los socialistas, los no socialistas, y los ""emputados"".… Ver más"
Mauro Landivar ,https://www.facebook.com/profile.php?id=61552708002190,2025-06-02,2023-10-31,no,31000,181,2025-05-27,post,https://www.facebook.com/share/p/16vEoPZpMn/,126,28,251,224,0,0,5,14,6,2,"Hago un llamado al Comité pro Santa Cruz y a los concejales del municipio de Santa Cruz de la Sierra. Silvana Mucarzel Concejal Municipal Mamen Saavedra Luis Alberto Vaca Jose Alberti - Mi Concejal de Santa Cruz Fede Morón  Marcelo Vidaurre Concejal Lola Terrazas - Concejal 
Al comité, dejen de estar buscando a qué candidato apoyar, enfoquense en el problema actual, el día de hoy el estado invadió la propiedad privada y robó producto… Ver más"
Mauro Landivar ,https://www.facebook.com/profile.php?id=61552708002190,2025-06-02,2023-10-31,no,31000,181,2025-05-27,post,https://www.facebook.com/share/p/1ZjXZnfuzb/,211,169,415,332,64,11,1,5,0,2,#ULTIMO |Muchos vieron el plan de gobierno del partido NGP y dijeron: “¡Esto no tiene nada que ver con Jaime Dunn!” Y tenían razón.… Ver más
Mauro Landivar ,https://www.facebook.com/profile.php?id=61552708002190,2025-06-02,2023-10-31,no,31000,181,2025-05-28,post,https://www.facebook.com/share/p/1P26v3JcxT/,247,32,398,175,0,6,2,71,144,0,#ULTIMO Vergüenza mundial… Ver más
Mauro Landivar ,https://www.facebook.com/profile.php?id=61552708002190,2025-06-02,2023-10-31,no,31000,181,2025-05-28,post,https://www.facebook.com/share/v/19fei8y1kd/,130,180,231,223,3,3,0,1,0,1,¿Eliminar o no la subvención?… Ver más
Mauro Landivar ,https://www.facebook.com/profile.php?id=61552708002190,2025-06-02,2023-10-31,no,31000,181,2025-05-28,post,https://www.facebook.com/share/v/16Kn7TNRwm/,2100,93,530,326,0,3,9,24,167,1,"#URGENTE |Lo que pasó ayer debería encender todas las alarmas: entre militares, la FELCC y la complicidad de la Alcaldía, se metieron a los mercados, violaron el derech… Ver más"
Mauro Landivar ,https://www.facebook.com/profile.php?id=61552708002190,2025-06-02,2023-10-31,no,31000,181,2025-05-28,post,https://www.facebook.com/share/p/1Epigxo5MM/,369,95,586,433,2,6,2,5,138,0,#URGENTE |Esto debe ser repudiado por todo el pueblo cruceño.… Ver más
Mauro Landivar ,https://www.facebook.com/profile.php?id=61552708002190,2025-06-02,2023-10-31,no,31000,181,2025-05-28,post,https://www.facebook.com/share/v/1FXy2N8USX/,69,149,181,77,1,58,1,31,13,0,"Tuto Quiroga cambia de versión en su plan de gobierno. Ahora dice que no reducirá los funcionarios públicos del estado. 
En un principio en sus campañas hablaba de redu… Ver más"
Mauro Landivar ,https://www.facebook.com/profile.php?id=61552708002190,2025-06-02,2023-10-31,no,31000,181,2025-05-29,post,https://www.facebook.com/share/p/16PZMxWj9b/,226,307,418,383,12,14,0,6,1,2,Para los tutistas....… Ver más
Mauro Landivar ,https://www.facebook.com/profile.php?id=61552708002190,2025-06-02,2023-10-31,no,31000,181,2025-05-29,post,https://www.facebook.com/share/v/16HG5Mz4CW/,214,140,229,172,1,28,0,23,5,0,"¿Tuto contrario a Trump?
¿Eso quiere decir que se mantendrá la distancia con EEUU como todos los países gobernados por socialistas? … Ver más"
Mauro Landivar ,https://www.facebook.com/profile.php?id=61552708002190,2025-06-02,2023-10-31,no,31000,181,2025-05-30,post,https://www.facebook.com/share/p/14GZsESd7Px/,373,95,760,671,82,1,1,1,3,1,El alcalde se tiene que ir… Ver más
Mauro Landivar ,https://www.facebook.com/profile.php?id=61552708002190,2025-06-02,2023-10-31,no,31000,181,2025-05-30,post,https://www.facebook.com/share/v/18ZebK9mDK/,306,91,284,271,4,5,0,4,0,0,"Este tema está generando mucho debate en la población, los sectores más afectados, por así decirlo, como los transportistas, piden eliminar la subvención, pero sobre es… Ver más"
Mauro Landivar ,https://www.facebook.com/profile.php?id=61552708002190,2025-06-02,2023-10-31,no,31000,181,2025-06-01,post,https://www.facebook.com/share/p/1JLQtxKAi2/,460,86,442,425,3,5,0,3,5,1,"Supongamos que Unitel no tomó en cuenta a Jaime Dunn, por no estar aún inscrito en el TSE, pero Andrónico tampoco está aún inscrito, es más hasta retiró sus papeles del… Ver más"
Mauro Landivar ,https://www.facebook.com/profile.php?id=61552708002190,2025-06-02,2023-10-31,no,31000,181,2025-06-01,post,https://www.facebook.com/share/p/16aQ8MfAqV/,48,127,515,336,57,111,0,4,0,7,"Las encuestas me dieron la razón, los ""emputados"" somos mayoría.… Ver más"
Mauro Landivar ,https://www.facebook.com/profile.php?id=61552708002190,2025-06-02,2023-10-31,no,31000,181,2025-06-01,post,https://www.facebook.com/share/v/16Uz8ZEVwG/,191,22,307,268,35,1,0,0,0,3,"Carlos Dabdoub, destacado personaje cruceño, dice que no se trata solo de cambiar de gobierno, sino de cambiar el sistema de gobierno o de estado, coincidiendo con la p… Ver más"
Mauro Landivar ,https://www.facebook.com/profile.php?id=61552708002190,2025-06-02,2023-10-31,no,31000,181,2025-06-01,post,https://www.facebook.com/share/v/12JYEyU1o8W/,246,98,272,207,2,2,53,4,4,0,"#ULTIMO |Llora mujer de pollera por falta de combustible:""¿Cuántas noches más? Yo soy papá y mamá. Llevo 4 días aquí. ¿Quién me responde del auto que debo al banco?""...… Ver más"
Mauro Landivar ,https://www.facebook.com/profile.php?id=61552708002190,2025-06-02,2023-10-31,no,31000,181,2025-06-01,post,https://www.facebook.com/share/p/1DU8AgTRwJ/,107,50,369,114,2,248,1,3,0,1,
Mauro Landivar ,https://www.facebook.com/profile.php?id=61552708002190,2025-06-02,2023-10-31,no,31000,181,2025-06-02,post,https://www.facebook.com/share/p/16aBM8jiHQ/,197,119,496,399,62,33,0,1,0,1,"Para el analista Carlos Valverde, el ingreso de Jaime Dunn en las próximas encuestas puede cambiar radicalmente el escenario electoral. “Supongo que va a subir un poco … Ver más"
Mauro Landivar ,https://www.facebook.com/profile.php?id=61552708002190,2025-06-10,2023-10-31,no,31000,181,2025-06-02,post,https://www.facebook.com/share/p/1GzP323S3u/,122,37,99,0,0,0,0,0,0,0,"La vieja política, nunca pudo conquistar un mayoritario voto del electorado boliviano.… Ver más"
Mauro Landivar ,https://www.facebook.com/profile.php?id=61552708002190,2025-06-02,2023-10-31,no,31000,181,2025-06-02,post,https://www.facebook.com/share/p/1BsgAbCGtD/,58,32,136,113,4,18,0,4,0,0,"¿Cátedra personalizada? 
… Ver más"
Mauro Landivar ,https://www.facebook.com/profile.php?id=61552708002190,2025-06-02,2023-10-31,no,31000,181,2025-06-02,post,https://www.facebook.com/share/p/18w6rJpW2V/,46,33,72,62,2,7,0,1,0,0,"La vieja política, nunca pudo conquistar un mayoritario voto del electorado boliviano.… Ver más"
Mauro Landivar ,https://www.facebook.com/profile.php?id=61552708002190,2025-06-10,2023-10-31,no,31000,181,2025-06-03,post,https://www.facebook.com/share/p/1GJyn7evNB/,14,7,195,0,0,0,0,0,0,0,#ULTIMO Fiscalía cita a declarar a la concejal Gabriela Garzón por Acoso Político contra Mucarzel … Ver más
Mauro Landivar ,https://www.facebook.com/profile.php?id=61552708002190,2025-06-10,2023-10-31,no,31000,181,2025-06-03,post,https://www.facebook.com/share/p/1AwqMriG44/,224,92,510,0,0,0,0,0,0,0,"Empresarios micreros con el respaldo de Jhonny Fernández, buscan nuevamente subir el pasaje de micro a 3bs, pese a que la anterior subida es ilegítima, y que además ni … Ver más"
Mauro Landivar ,https://www.facebook.com/profile.php?id=61552708002190,2025-06-10,2023-10-31,no,31000,181,2025-06-04,post,https://www.facebook.com/share/p/1BsFskKsnn/,81,394,224,0,0,0,0,0,0,0,¿Quien de los candidatos opositores actuaría con dureza contra los cocaleros?… Ver más
Mauro Landivar ,https://www.facebook.com/profile.php?id=61552708002190,2025-06-10,2023-10-31,no,31000,181,2025-06-04,post,https://www.facebook.com/share/v/18mXyZAr4b/,91,47,547,0,0,0,0,0,0,0,#ULTIMO |Explosiones cerca de sede del MAS en Cochabamba.… Ver más
Mauro Landivar ,https://www.facebook.com/profile.php?id=61552708002190,2025-06-10,2023-10-31,no,31000,181,2025-06-05,post,https://www.facebook.com/share/p/14GASzzKJYf/,427,16,286,0,0,0,0,0,0,0,"Andrónico no es renovación, es la parte de la vieja politica (de los socialistas).… Ver más"
Mauro Landivar ,https://www.facebook.com/profile.php?id=61552708002190,2025-06-10,2023-10-31,no,31000,181,2025-06-05,post,https://www.facebook.com/share/p/19TPd5G5Q5/,304,48,337,0,0,0,0,0,0,0,#URGENTE |PRECANDIDATOS DE OPOSICIÓN.… Ver más
Mauro Landivar ,https://www.facebook.com/profile.php?id=61552708002190,2025-06-10,2023-10-31,no,31000,181,2025-06-05,post,https://www.facebook.com/share/p/16dAHbdtQ8/,235,23,259,0,0,0,0,0,0,0,Se vuelve a confirmar que Manfred Reyes Villa es un aliado del masismo.… Ver más
Mauro Landivar ,https://www.facebook.com/profile.php?id=61552708002190,2025-06-10,2023-10-31,no,31000,181,2025-06-06,post,https://www.facebook.com/permalink.php?story_fbid=pfbid0vo48pXk2DqK62L4PgriJvJA7G4j32cDP7rSgZV36RjiXAiV6nLECX9DRsqddQaaEl&id=61552708002190,124,114,496,0,0,0,0,0,0,0, ¡CONFIRMADO! Jaime Dunn será candidato de NGP.… Ver más
Mauro Landivar ,https://www.facebook.com/profile.php?id=61552708002190,2025-06-10,2023-10-31,no,31000,181,2025-06-06,post,https://www.facebook.com/share/p/16noX2w1DV/,10,24,351,0,0,0,0,0,0,0,"#ULTIMO Aprehenden a Enrique Mamani, el dirigente evista que amenazó a los vocales del TSE y sus familias, al igual que a otras autoridades nacionales."
Mauro Landivar ,https://www.facebook.com/profile.php?id=61552708002190,2025-06-10,2023-10-31,no,31000,181,2025-06-06,post,https://www.facebook.com/share/p/1BtnpZb7rp/,745,53,510,0,0,0,0,0,0,0,"#URGENTE |FEJUVE de El Alto, se desmarca del masismo.… Ver más"
Mauro Landivar ,https://www.facebook.com/profile.php?id=61552708002190,2025-06-10,2023-10-31,no,31000,181,2025-06-06,post,https://www.facebook.com/share/v/12FPTS4C6k6/,196,33,255,0,0,0,0,0,0,0,"Jaime Dunn propone en su programa de gobierno, declarar como t3rr0r¡st4$ a los n4rc0$.… Ver más"
Mauro Landivar ,https://www.facebook.com/profile.php?id=61552708002190,2025-06-10,2023-10-31,no,31000,181,2025-06-06,post,https://www.facebook.com/share/v/19kuuFF3gm/,101,35,123,0,0,0,0,0,0,0,"#URGENTE |Hace 4 días, Manfred Reyes Villa culpó a la ALP de la crisis por no aprobar créditos. ¿En serio? ¡La Asamblea está haciendo lo correcto al no seguir endeudand… Ver más"
Mauro Landivar ,https://www.facebook.com/profile.php?id=61552708002190,2025-06-10,2023-10-31,no,31000,181,2025-06-07,post,https://www.facebook.com/share/p/1A8bMhjMCp/,48,28,462,0,0,0,0,0,0,0,"Cada ""like"" es un año que este ped0fil0 debería pasar en la cárcel."
Mauro Landivar ,https://www.facebook.com/profile.php?id=61552708002190,2025-06-10,2023-10-31,no,31000,181,2025-06-07,post,https://www.facebook.com/share/v/1ZSgWoA4UQ/,36,26,60,0,0,0,0,0,0,0,"Señor Samuel Doria Medina , ¿de verdad piensa asistir a la reunión convocada por Manfred Reyes Villa?… Ver más"
Mauro Landivar ,https://www.facebook.com/profile.php?id=61552708002190,2025-06-10,2023-10-31,no,31000,181,2025-06-08,post,https://www.facebook.com/share/p/1AqBmGMXSt/,21,29,249,0,0,0,0,0,0,0,"Gracias por reunirse en Cochabamba. Esto refuerza la frase que dijo Bukele: ‘No se pueden esperar resultados diferentes si seguimos votando por los mismos de siempre.’"""
Mauro Landivar ,https://www.facebook.com/profile.php?id=61552708002190,2025-06-10,2023-10-31,no,31000,181,2025-06-08,post,https://www.facebook.com/share/p/1C3m1ktpe4/,53,9,136,0,0,0,0,0,0,0,"Juntas vecinales de San Julián, rechazan el bloqueo evista en su población.… Ver más"
Mauro Landivar ,https://www.facebook.com/profile.php?id=61552708002190,2025-06-10,2023-10-31,no,31000,181,2025-06-08,post,https://www.facebook.com/share/p/1GW3bKRqd6/,73,50,139,0,0,0,0,0,0,0,Mientras tanto en Cochabamba.......
Mauro Landivar ,https://www.facebook.com/profile.php?id=61552708002190,2025-06-10,2023-10-31,no,31000,181,2025-06-08,post,https://www.facebook.com/share/p/16KPh3GR1t/,91,94,292,0,0,0,0,0,0,0,"Ahora Arce dice que ""siempre tuvo la razón"" al pedir la aprobación de créditos.… Ver más"
Mauro Landivar ,https://www.facebook.com/profile.php?id=61552708002190,2025-06-10,2023-10-31,no,31000,181,2025-06-08,post,https://www.facebook.com/share/p/16KSHVmrqC/,102,78,127,0,0,0,0,0,0,0,¿Vos estás de acuerdo con que la asamblea apruebe más créditos y que estén a disposición de Luis Arce?… Ver más
Mauro Landivar ,https://www.facebook.com/profile.php?id=61552708002190,2025-06-10,2023-10-31,no,31000,181,2025-06-09,post,https://www.facebook.com/share/p/19GGaAfHti/,43,25,452,0,0,0,0,0,0,0,"Como ciudadano cruceño, no me olvido.
Hubo un momento en el que nuestro pueblo estaba indefenso, nuestras instituciones estaban secuestradas por los MASISTAS… y mientra… Ver más"
Mauro Landivar ,https://www.facebook.com/profile.php?id=61552708002190,2025-06-10,2023-10-31,no,31000,181,2025-06-09,post,https://www.facebook.com/share/v/1639CDGcKC/,213,48,318,0,0,0,0,0,0,0, No solo Jaime Dunn tiene ideas brillantes... ¡los Dunnistas también!… Ver más
Mauro Landivar ,https://www.facebook.com/profile.php?id=61552708002190,2025-06-24,2023-10-31,no,31000,181,2025-06-19,post,https://www.facebook.com/share/p/16rwVM5eGf/,265,243,527,44,0,350,0,9,123,1,"Según el INE, en Bolivia solo necesitamos 15 Bs al día para alimentarnos.… Ver más"
Mauro Landivar ,https://www.facebook.com/profile.php?id=61552708002190,2025-06-24,2023-10-31,no,31000,181,2025-06-20,post,https://www.facebook.com/share/p/1Q9PR5kjDE/,428,344,2600,295,1,2300,1,11,20,1,"Marco antelo después de 30 segundos de haberlo dado todo 
..."
Mauro Landivar ,https://www.facebook.com/profile.php?id=61552708002190,2025-06-24,2023-10-31,no,31000,181,2025-06-20,post,https://www.facebook.com/share/p/16SrM13q5Y/,27,22,233,178,20,27,0,2,3,3,"#URGENTE | El MAS inauguró su casa de campaña en Santa Cruz, 2do anillo y Av. Alemana… ¡Casualmente en el mismo lugar donde fue quemada en 2019 por los conflictos por e… Ver más"
Mauro Landivar ,https://www.facebook.com/profile.php?id=61552708002190,2025-06-24,2023-10-31,no,31000,181,2025-06-20,post,https://www.facebook.com/share/p/1AgTMHVj5D/,215,270,459,314,64,78,0,1,0,3,El efecto Dunn es imparable.… Ver más
Mauro Landivar ,https://www.facebook.com/profile.php?id=61552708002190,2025-06-24,2023-10-31,no,31000,181,2025-06-20,post,https://www.facebook.com/share/p/1ZPixVp6mr/,160,234,1900,171,2,1700,2,13,26,5,Marco Antelo en el vídeo filtrado mirándose al espejo 
Mauro Landivar ,https://www.facebook.com/profile.php?id=61552708002190,2025-06-24,2023-10-31,no,31000,181,2025-06-21,post,https://www.facebook.com/share/p/1BgdQJrdms/,101,75,185,91,0,65,0,11,18,0,Samuel y su desesperación por ganar votos… Ver más
Mauro Landivar ,https://www.facebook.com/profile.php?id=61552708002190,2025-06-24,2023-10-31,no,31000,181,2025-06-21,post,https://www.facebook.com/share/p/1BvAkeb3Ms/,209,45,401,174,3,220,0,2,2,0,Que levante la mano el opa emierd4 que no sabe de economía.
Mauro Landivar ,https://www.facebook.com/profile.php?id=61552708002190,2025-06-24,2023-10-31,no,31000,181,2025-06-21,post,https://www.facebook.com/share/p/19XERBCNRY/,95,43,305,45,0,256,0,1,3,0,El gobierno dice que está listo para apoyar a Irán tras el ataque de Estados Unidos.
Mauro Landivar ,https://www.facebook.com/profile.php?id=61552708002190,2025-06-24,2023-10-31,no,31000,181,2025-06-22,post,https://www.facebook.com/share/v/1JsANKU35h/,66,84,328,243,2,31,0,44,7,1,"Llevo tiempo recibiendo ataques cobardes y guerra sucia. Sé perfectamente quién está detrás, metiéndose en mi vida privada y familia. ¿La razón? Por haber denunciado a … Ver más"
Mauro Landivar ,https://www.facebook.com/profile.php?id=61552708002190,2025-06-24,2023-10-31,no,31000,181,2025-06-23,post,https://www.facebook.com/share/p/1BaqbWpfWz/,15,50,147,84,1,25,2,33,2,0,"""Me culpan de todo"", ""me obligaron""
Eso dice la activista que se quedó con los libros del revocatorio. No te culpamos de todo, pero sí queremos respuestas claras. Las f… Ver más"
Mauro Landivar ,https://www.facebook.com/profile.php?id=61552708002190,2025-06-24,2023-10-31,no,31000,181,2025-06-23,post,https://www.facebook.com/share/p/1FhC3FkZcX/,42,251,559,251,4,174,2,122,5,1,"A Lilibeth Coimbra últimamente le ha dado por jugar con las relaciones ajenas, como lo quiere hacer ahora con Rafa y su esposa, subiendo conversaciones privadas que con… Ver más"
Mauro Landivar ,https://www.facebook.com/profile.php?id=61552708002190,2025-07-02,2023-10-31,no,31000,181,2025-06-24,post,https://www.facebook.com/share/p/16pHDArjWP/,77,114,257,73,0,26,8,32,118,0,#ÚLTIMO | Circulan denuncias sobre injerencia en el proceso de solvencia de Jaime Dunn.… Ver más
Mauro Landivar ,https://www.facebook.com/profile.php?id=61552708002190,2025-07-02,2023-10-31,no,31000,181,2025-06-24,post,https://www.facebook.com/share/p/1CVKFNmWnU/,514,130,496,413,53,23,0,1,0,6,"La vieja política, ¡tienen miedo al verdadero cambio!.… Ver más"
Mauro Landivar ,https://www.facebook.com/profile.php?id=61552708002190,2025-07-02,2023-10-31,no,31000,181,2025-06-25,post,https://www.facebook.com/share/p/15Yymxss8c/,122,66,475,320,138,10,0,2,0,5,"#ULTIMO |Después de días de espera. Jaime Dunn  obtuvo su solvencia fiscal, era el único documento que le faltaba para poder inscribirse.… Ver más"
Mauro Landivar ,https://www.facebook.com/profile.php?id=61552708002190,2025-07-02,2023-10-31,no,31000,181,2025-06-26,post,https://www.facebook.com/share/p/16diPDc9Zz/,90,92,419,325,79,9,0,1,0,5,"#ULTIMO La Contraloría General del Estado, emite un comunicado, aclarando que es la única institución encargada y autorizada de emitir certificados de solvencias fiscal… Ver más"
Mauro Landivar ,https://www.facebook.com/profile.php?id=61552708002190,2025-07-02,2023-10-31,no,31000,181,2025-06-26,post,https://www.facebook.com/share/v/15hTHExX3U/,37,49,132,80,1,10,1,38,2,0,¿DÓNDE ESTÁN LOS LIBROS DEL REVOCATORIO?… Ver más
Mauro Landivar ,https://www.facebook.com/profile.php?id=61552708002190,2025-07-02,2023-10-31,no,31000,181,2025-06-27,post,https://www.facebook.com/share/p/1CcAsSm9Kx/,145,106,364,288,7,47,2,13,6,1,Dunn vs los grupos de poder.… Ver más
Mauro Landivar ,https://www.facebook.com/profile.php?id=61552708002190,2025-07-02,2023-10-31,no,31000,181,2025-06-29,post,https://www.facebook.com/share/p/1BxsDiYZ9Q/,206,229,781,533,75,163,0,4,2,4,"Y el ganador de la última encuesta es: ""Los que se cansaron de la vieja política""… Ver más"
Mauro Landivar ,https://www.facebook.com/profile.php?id=61552708002190,2025-07-02,2023-10-31,no,31000,181,2025-06-30,post,https://www.facebook.com/share/p/1B7MeBhKTX/,1500,381,941,683,4,35,5,72,138,4,#URGENTE Esto es muy grave… Ver más
Mauro Landivar ,https://www.facebook.com/profile.php?id=61552708002190,2025-07-08,2023-10-31,no,31000,181,2025-06-30,post,https://www.facebook.com/share/p/16tY59MtPe/,1700,414,1000,777,4,42,5,78,160,4,#URGENTE Esto es muy grave… Ver más
Mauro Landivar ,https://www.facebook.com/profile.php?id=61552708002190,2025-07-08,2023-10-31,no,31000,181,2025-07-01,post,https://www.facebook.com/share/v/1Ywe8kJzmX/,232,37,284,258,7,2,0,10,7,0,#URGENTE |Las elecciones presidenciales no serán transparentes.… Ver más
Mauro Landivar ,https://www.facebook.com/profile.php?id=61552708002190,2025-07-02,2023-10-31,no,31000,181,2025-07-01,post,https://www.facebook.com/share/v/1X2kLFL149/,75,15,76,69,2,1,0,3,1,0,#URGENTE |Las elecciones presidenciales no serán transparentes.… Ver más
Mauro Landivar ,https://www.facebook.com/profile.php?id=61552708002190,2025-07-08,2023-10-31,no,31000,181,2025-07-02,post,https://www.facebook.com/share/p/1CJYPduYYY/,53,35,196,146,3,4,33,3,6,1,Lo dice la diputada Lu Campero
Mauro Landivar ,https://www.facebook.com/profile.php?id=61552708002190,2025-07-08,2023-10-31,no,31000,181,2025-07-02,post,https://www.facebook.com/share/p/16fqmQppBv/,487,146,537,405,53,23,49,3,1,3,"Jaime Dunn, el candidato que alteró a todos.… Ver más"
Mauro Landivar ,https://www.facebook.com/profile.php?id=61552708002190,2025-07-08,2023-10-31,no,31000,181,2025-07-03,post,https://www.facebook.com/share/p/16jL5H3G7c/,159,163,549,422,78,44,0,0,0,5,"Jaime Dunn, el candidato de la unidad de Bolivia.… Ver más"
Mauro Landivar ,https://www.facebook.com/profile.php?id=61552708002190,2025-07-08,2023-10-31,no,31000,181,2025-07-05,post,https://www.facebook.com/share/v/19cTKSVpFS/,143,31,332,272,54,5,0,0,0,1,"En una entrevista reciente, Jaime Dunn dejó en claro su visión sobre el empoderamiento regional:… Ver más"
Mauro Landivar ,https://www.facebook.com/profile.php?id=61552708002190,2025-07-08,2023-10-31,no,31000,181,2025-07-07,post,https://www.facebook.com/share/p/1F31ufRwXB/,464,120,526,441,1,59,0,10,14,1,"No tiene propuesta, no tiene plan de gobierno, no sabe qué hacer si llega a ser presidente.… Ver más"
Mauro Landivar ,https://www.facebook.com/profile.php?id=61552708002190,2025-07-15,2023-10-31,no,31000,181,2025-07-07,post,https://www.facebook.com/share/p/19bBVf9YtP/,316,223,823,560,104,152,0,3,0,4,"Y el ganador del debate, fue....... Jaime Dunn… Ver más"
Mauro Landivar ,https://www.facebook.com/profile.php?id=61552708002190,2025-07-15,2023-10-31,no,31000,181,2025-07-07,post,https://www.facebook.com/share/p/1AgLqMqJDw/,75,36,322,251,57,7,0,0,0,7,#URGENTE |Contraloría confirma que Jaime Dunn no tiene procesos ni deudas con el Estado… Ver más
Mauro Landivar ,https://www.facebook.com/profile.php?id=61552708002190,2025-07-08,2023-10-31,no,31000,181,2025-07-07,post,https://www.facebook.com/share/p/1EYqvZpboL/,293,203,780,536,100,137,0,3,0,4,"Y el ganador del debate, fue....... Jaime Dunn… Ver más"
Mauro Landivar ,https://www.facebook.com/profile.php?id=61552708002190,2025-07-08,2023-10-31,no,31000,181,2025-07-07,post,https://www.facebook.com/share/p/14Gy733hZS2/,68,34,297,231,54,5,0,0,0,7,#URGENTE |Contraloría confirma que Jaime Dunn no tiene procesos ni deudas con el Estado… Ver más
Mauro Landivar ,https://www.facebook.com/profile.php?id=61552708002190,2025-07-15,2023-10-31,no,31000,181,2025-07-08,post,https://www.facebook.com/share/v/16uZNdWYCU/,186,223,455,247,1,129,1,47,30,0,#URGENTE ¿Un medio de comunicación ayudó a Andrónico con las preguntas?… Ver más
Mauro Landivar ,https://www.facebook.com/profile.php?id=61552708002190,2025-07-15,2023-10-31,no,31000,181,2025-07-08,post,https://www.facebook.com/share/p/16paYrA6y7/,404,313,709,432,17,118,126,5,7,4,"Sin Dunn, se viene lo peor para Bolivia.… Ver más"
Mauro Landivar ,https://www.facebook.com/profile.php?id=61552708002190,2025-07-15,2023-10-31,no,31000,181,2025-07-09,post,https://www.facebook.com/share/p/1AQPkVBX38/,235,267,341,175,1,45,4,79,37,0,#URGENTE Samuel Doria Medina confirma que es vicepresidente de la Internacional Socialista.… Ver más
Mauro Landivar ,https://www.facebook.com/profile.php?id=61552708002190,2025-07-15,2023-10-31,no,31000,181,2025-07-11,post,https://www.facebook.com/share/p/16w7AQa2wN/,482,185,304,159,0,21,0,52,72,0,#URGENTE |ESTA FOTO ESTÁ CIRCULANDO Y ES MUY LAMENTABLE.… Ver más
Mauro Landivar ,https://www.facebook.com/profile.php?id=61552708002190,2025-07-15,2023-10-31,no,31000,181,2025-07-11,post,https://www.facebook.com/share/p/1CRwQqdLa3/,264,26,206,77,0,1,4,25,99,0,"#URGENTE |Mientras Eduardo del Castillo —exministro de Gobierno y HOY candidato del MAS a la presidencia— hace campaña, sus amigos avasalladores secuestran a un product… Ver más"
Mauro Landivar ,https://www.facebook.com/profile.php?id=61552708002190,2025-07-15,2023-10-31,no,31000,181,2025-07-11,post,https://www.facebook.com/share/p/1GUmVSMNRV/,89,42,123,66,0,10,4,24,18,1,"Aquí lo tienen a Sócimo Paniagua, actual ejecutivo de la COD, al lado del vice de Samuel Doria Medina, José Luis Lupo, y también de Zvonko Matkovic.… Ver más"
Mauro Landivar ,https://www.facebook.com/profile.php?id=61552708002190,2025-07-15,2023-10-31,no,31000,181,2025-07-12,post,https://www.facebook.com/share/p/12LTzVRDCCZ/,98,76,433,328,92,5,1,2,1,4,"La injusticia contra ellos, los unió.… Ver más"
Mauro Landivar ,https://www.facebook.com/profile.php?id=61552708002190,2025-07-15,2023-10-31,no,31000,181,2025-07-13,post,https://www.facebook.com/share/p/19srBpjau1/,93,147,310,243,8,50,1,3,2,3,"La segunda encuesta de Unitel, dice que Bolivia no quiere a ninguno de los actuales candidatos.… Ver más"
Mauro Landivar ,https://www.facebook.com/profile.php?id=61552708002190,2025-07-15,2023-10-31,no,31000,181,2025-07-15,post,https://www.facebook.com/share/p/1BGRvaRtRH/,100,16,67,40,0,3,1,14,9,0,#URGENTE |Ex precandidato del MAS ahora es candidato con Manfred Reyes Villa. ¿Qué más pruebas quieren?… Ver más
Mauro Landivar ,https://www.facebook.com/profile.php?id=61552708002190,2025-07-15,2023-10-31,no,31000,181,2025-07-15,post,https://www.facebook.com/share/p/15SUrRMda5/,38,79,130,85,1,13,21,7,2,1,Realmente estamos J0d¡d0s todos con lo que se viene.… Ver más
