nombre perfil,url perfil,candidato identificado,creación del perfil,seguidores,seguidos,fecha post,tipo de post,url post,comparticiones,comentarios,reacciones en total,me gusta,me encanta,me divierte,me entristece,me sorprende,me enoja,me importa,contenido
WANDA XIMENA MEDRANO HERVAS,https://www.facebook.com/wanda.medranohervas,no,,0,0,2025-07-15,post,https://www.facebook.com/share/v/1ArJYRZ4mj/,0,3,8,8,0,0,0,0,0,0,"Marianita con TUTO! 
#TutoPresidente … Ver más"
WANDA XIMENA MEDRANO HERVAS,https://www.facebook.com/wanda.medranohervas,no,,0,0,2025-07-15,post,https://www.facebook.com/share/p/16hXeKR7do/,1,6,26,18,8,0,0,0,0,0,"El día de Ayer sostuvimos una importante reunión con la Cámara de Agropecuarios de Punata, donde compartimos nuestras propuestas para fortalecer al sector productivo, e… Ver más"
WANDA XIMENA MEDRANO HERVAS,https://www.facebook.com/wanda.medranohervas,no,,0,0,2025-07-16,post,https://www.facebook.com/share/p/191qJj9Y3o/,38,7,58,40,16,0,0,0,0,2,"Detrás de cada puesto del Mercado Calatayud hay una historia de lucha, de madrugadas, de esfuerzo constante por sacar adelante a la familia.
Hoy estuvimos ahí, no solo … Ver más"
WANDA XIMENA MEDRANO HERVAS,https://www.facebook.com/wanda.medranohervas,no,,0,0,2025-07-17,post,https://www.facebook.com/share/p/1ABGDUAwNW/,0,1,5,5,0,0,0,0,0,0,"Cochabamba decide... TUTO Presidente!!! 
#cochabambadecide 
#Tuto… Ver más"
WANDA XIMENA MEDRANO HERVAS,https://www.facebook.com/wanda.medranohervas,no,,0,0,2025-07-17,post,https://www.facebook.com/share/p/16dP1hkEkY/,4,6,31,23,7,0,0,0,0,1,"Hoy compartimos un valioso encuentro con el colectivo ciudadano Colcapirhua Digna, un espacio donde las voces de la ciudadanía se alzan con fuerza, esperanza y compromi… Ver más"
WANDA XIMENA MEDRANO HERVAS,https://www.facebook.com/wanda.medranohervas,no,,0,0,2025-07-17,post,https://www.facebook.com/share/p/16jyqTqe2N/,47,13,46,35,9,0,0,0,0,2,"El día de ayer nos reunimos con el Comité Político de Quillacollo para seguir fortaleciendo el camino que estamos construyendo juntos.
Compartimos propuestas, escuchamo… Ver más"
WANDA XIMENA MEDRANO HERVAS,https://www.facebook.com/wanda.medranohervas,no,,0,0,2025-07-18,post,https://www.facebook.com/share/p/1AnTtjPmS7/,3,1,13,11,2,0,0,0,0,0,"El día de ayer compartimos una gran reunión con Generación 21, un grupo de jóvenes comprometidos con el presente y futuro de Bolivia.
Escuchamos ideas valientes, mirada… Ver más"
WANDA XIMENA MEDRANO HERVAS,https://www.facebook.com/wanda.medranohervas,no,,0,0,2025-07-18,post,https://www.facebook.com/share/p/1B3TuAESd7/,7,2,19,14,4,0,0,0,0,1,Hoy nos reunimos con diferentes asociaciones gremiales para escuchar de primera mano las preocupaciones y demandas de quienes trabajan día a día moviendo la economía po… Ver más
WANDA XIMENA MEDRANO HERVAS,https://www.facebook.com/wanda.medranohervas,no,,0,0,2025-07-19,post,https://www.facebook.com/share/p/16nDM8UAz9/,9,8,31,26,5,0,0,0,0,0,"Estuvimos en la C-20, compartiendo una reunión fundamental entre los candidatos y los dirigentes de las OTBs del distrito.
Escuchamos las preocupaciones reales del barr… Ver más"
WANDA XIMENA MEDRANO HERVAS,https://www.facebook.com/wanda.medranohervas,no,,0,0,2025-07-19,post,https://www.facebook.com/share/p/16zFU8v6AJ/,1,5,18,14,3,0,0,0,0,1,"Ese cambio que estás esperando es con Jorge Tuto Quiroga Ramirez!
El futuro presidente que traerá de vuelta los dólares a tus bolsillos, eliminará las filas por combust… Ver más"
WANDA XIMENA MEDRANO HERVAS,https://www.facebook.com/wanda.medranohervas,no,,0,0,2025-07-20,post,https://www.facebook.com/share/v/14ExMrEGdNT/,8,2,19,15,2,1,0,0,0,1,"Comprometidos con el departamento de Cochabamba, haciendo conocer nuestras propuestas en la Circunscripción 26.
Cliza con TUTO Presidente 
Marco… Ver más"
WANDA XIMENA MEDRANO HERVAS,https://www.facebook.com/wanda.medranohervas,no,,0,0,2025-07-20,post,https://www.facebook.com/share/p/16Y9A6xd4h/,0,1,5,4,0,0,0,0,0,1,"#ConLaGenteSiempre 
#TutoPresidente … Ver más"
WANDA XIMENA MEDRANO HERVAS,https://www.facebook.com/wanda.medranohervas,no,,0,0,2025-07-20,post,https://www.facebook.com/share/p/1K46NVmVT9/,9,7,44,32,11,0,0,0,0,1,"Hoy visitamos Cliza, Circunscripción 26, tierra de gente trabajadora, de tradiciones vivas y de sueños que merecen ser escuchados.
Nos reunimos con vecinos, vecinas y l… Ver más"
WANDA XIMENA MEDRANO HERVAS,https://www.facebook.com/wanda.medranohervas,no,,0,0,2025-07-21,post,https://www.facebook.com/share/v/1GTQPqoNZZ/,4,5,21,0,0,0,0,0,0,0,"El cambio que esperas es con Jorge Tuto Quiroga Ramirez 
Una de las mayores preocupaciones del ciudadano de a pie son las horas invertidas en las filas para cargar unos… Ver más"
WANDA XIMENA MEDRANO HERVAS,https://www.facebook.com/wanda.medranohervas,no,,0,0,2025-07-21,post,https://www.facebook.com/share/v/1Av9TBKuds/,4,4,19,13,5,0,0,0,0,1,"Hoy sostuvimos una reunión con representantes de diferentes sectores sociales y productivos, escuchando sus preocupaciones, propuestas y el deseo común de construir un … Ver más"
WANDA XIMENA MEDRANO HERVAS,https://www.facebook.com/wanda.medranohervas,no,,0,0,2025-07-22,post,https://www.facebook.com/share/p/19QPbmDc3J/,12,5,27,20,6,0,0,0,0,1," ¡COCHABAMBA TIENE FUTURO! 
Desde la primera senaduría por la Alianza Libre, Wanda Medrano presenta su plan para reconstruir Bolivia desde el corazón productivo del p… Ver más"
