nombre perfil,url perfil,snapshot_date,creación del perfil,candidato identificado,seguidores,seguidos,fecha post,tipo de post,url post,comparticiones,comentarios,reacciones en total,me gusta,me encanta,me divierte,me entristece,me sorprende,me enoja,me importa,contenido
Melania Torrico,https://www.facebook.com/melania.pericon,2025-06-03,2008-06-17,no,20000,2800,2025-05-28,post,https://www.facebook.com/share/v/1FMJ7TXMw5/,0,0,5,2,0,3,0,0,0,0,
Melania Torrico,https://www.facebook.com/melania.pericon,2025-06-03,2008-06-17,no,20000,2800,2025-05-28,post,https://www.facebook.com/share/p/1BfQwFxiDQ/,0,28,64,7,2,54,0,0,1,0,"Señores:
ANDRÓNICO SERÁ EL NUEVO PRESIDENTE DE LOS BOLIVIANOS! … Ver más"
Melania Torrico,https://www.facebook.com/melania.pericon,2025-06-03,2008-06-17,no,20000,2800,2025-05-28,post,https://www.facebook.com/share/v/1BuZcMeAnQ/,0,0,2,1,1,0,0,0,0,0,
Melania Torrico,https://www.facebook.com/melania.pericon,2025-06-03,2008-06-17,no,20000,2800,2025-05-28,post,https://www.facebook.com/share/v/16PYL1Hh5D/,0,0,20,6,0,11,0,0,3,0,"Los espero en: MELANIA.BO
20:00 Horas"
Melania Torrico,https://www.facebook.com/melania.pericon,2025-06-03,2008-06-17,no,20000,2800,2025-05-28,post,https://www.facebook.com/share/v/15RRguyY2g/,2,46,65,13,0,49,1,0,2,0,"Es Licenciado, tiene una Maestría y 2 Diplomados."
Melania Torrico,https://www.facebook.com/melania.pericon,2025-06-03,2008-06-17,no,20000,2800,2025-05-31,post,https://www.facebook.com/share/p/16gcFcEMJo/,0,0,11,6,0,5,0,0,0,0,"La candidatura a Vicepresidencia cuesta entre 40 y 60 mil dólares americanos a tipo de cambio 15. Es decir, vaya que cuesta ser candidato .
Che! Y si pones plata, mínimo lee, averigua, conoce, prepárate y NO PASES PAPELONES.
Los emojis de monitos quedaron pequeños."
Melania Torrico,https://www.facebook.com/melania.pericon,2025-06-03,2008-06-17,no,20000,2800,2025-06-01,post,https://www.facebook.com/share/p/16KgfeTUxW/,1,15,59,8,0,46,0,0,5,0,Andrónico Presidente ! Así será señores !
Melania Torrico,https://www.facebook.com/melania.pericon,2025-06-03,2008-06-17,no,20000,2800,2025-06-01,post,https://www.facebook.com/share/p/15XMRTVgx7/,0,0,4,0,0,0,0,0,0,0,Andrónico Rodríguez será en nuevo Presidente !
Melania Torrico,https://www.facebook.com/melania.pericon,2025-06-03,2008-06-17,no,20000,2800,2025-06-01,post,https://www.facebook.com/share/v/1AbhgFz1SR/,1,6,17,2,0,15,0,0,0,0,
Melania Torrico,https://www.facebook.com/melania.pericon,2025-06-03,2008-06-17,no,20000,2800,2025-06-01,post,https://www.facebook.com/share/v/12LLhefkqZF/,0,0,2,2,0,0,0,0,0,0,
Melania Torrico,https://www.facebook.com/melania.pericon,2025-06-03,2008-06-17,no,20000,2800,2025-06-02,post,https://www.facebook.com/share/v/16vZiizGEc/,0,3,4,0,0,4,0,0,0,0,
Melania Torrico,https://www.facebook.com/melania.pericon,2025-06-10,2008-06-17,no,20000,2800,2025-06-02,post,https://www.facebook.com/share/v/1CanCW4W3W/,0,6,6,0,0,0,0,0,0,0,
Melania Torrico,https://www.facebook.com/melania.pericon,2025-06-10,2008-06-17,no,20000,2800,2025-06-03,post,https://www.facebook.com/share/p/15aPm6ELqw/,1,9,47,0,0,0,0,0,0,0,Tres encuestas hasta el momento.
Melania Torrico,https://www.facebook.com/melania.pericon,2025-06-03,2008-06-17,no,20000,2800,2025-06-03,post,https://www.facebook.com/share/p/19YWaxmyGN/,1,6,27,3,0,24,0,0,0,0,Tres encuestas hasta el momento.
Melania Torrico,https://www.facebook.com/melania.pericon,2025-06-10,2008-06-17,no,20000,2800,2025-06-05,post,https://www.facebook.com/share/v/1C9GciY2Jy/,1,9,23,0,0,0,0,0,0,0,
Melania Torrico,https://www.facebook.com/melania.pericon,2025-06-10,2008-06-17,no,20000,2800,2025-06-05,post,https://www.facebook.com/share/v/1GrksWPET3/,0,43,71,0,0,0,0,0,0,0,Andrónico PRESIDENTE DEL BICENTENARIO.
Melania Torrico,https://www.facebook.com/melania.pericon,2025-06-10,2008-06-17,no,20000,2800,2025-06-05,post,https://www.facebook.com/share/p/15nAnxJwo8/,1,0,19,0,0,0,0,0,0,0,
Melania Torrico,https://www.facebook.com/melania.pericon,2025-06-10,2008-06-17,no,20000,2800,2025-06-06,post,https://www.facebook.com/share/v/19QjNm9seq/,0,3,13,0,0,0,0,0,0,0,
Melania Torrico,https://www.facebook.com/melania.pericon,2025-06-10,2008-06-17,no,20000,2800,2025-06-07,post,https://www.facebook.com/share/p/1LsWrBinDW/,1,5,11,0,0,0,0,0,0,0,"Será posible que una mujer quien tiene tres hijos haga un trato económico con el padre y le diga: 
- tú quédate con el mayor y yo me quedo con los dos menores, PERO QUIERO LA CASA Y TÚ PAGAS TODO EL COLEGIO Y GASTOS QUE SE REQUIERAN.
- él le dice: estás negociando con nuestros hijos? 
- ella responde: si quieres no más o quieres ir a la cárcel por violencia?
- él le dice: yo me quedo con los dos varones y tú quédate con nuestra hija m… Ver más"
Melania Torrico,https://www.facebook.com/melania.pericon,2025-06-10,2008-06-17,no,20000,2800,2025-06-09,post,https://www.facebook.com/share/p/1C28N6qsqg/,0,2,27,0,0,0,0,0,0,0,"Ante tantos problemas en nuestro país LAS PAGOS POR DEUDAS BANCARIAS DEBEN PARALIZARSE HASTA QUE LA SITUACIÓN MEJORE.
- Nadie en estas condiciones podrá pagar deudas!"
Melania Torrico,https://www.facebook.com/melania.pericon,2025-06-10,2008-06-17,no,20000,2800,2025-06-09,post,https://www.facebook.com/share/p/1ETeYAcwFo/,35,0,21,0,0,0,0,0,0,0,Yamil Soliz necesita al menos 10 donantes para continuar su tratamiento… Ver más
Melania Torrico,https://www.facebook.com/melania.pericon,2025-06-10,2008-06-17,no,20000,2800,2025-06-09,post,https://www.facebook.com/share/p/164K3rK6po/,0,5,12,0,0,0,0,0,0,0,"Hoy tengo un caso importante:
Un varón fue contratado por una empresa constructora, hizo inversiones en la obra adjudicada, cambió su lugar de residencia para ir tras ese trabajo Y NUNCA LE PAGARON.
Hoy, después de años haré posible el pago !
POR FAVOR! :
- No trabajen con gente amiga y mafiosa… Ver más"
Melania Torrico,https://www.facebook.com/melania.pericon,2025-06-10,2008-06-17,no,20000,2800,2025-06-09,post,https://www.facebook.com/share/v/19Y5r35GhK/,1,0,5,0,0,0,0,0,0,0,
Melania Torrico,https://www.facebook.com/melania.pericon,2025-06-10,2008-06-17,no,20000,2800,2025-06-10,post,Dani's Family Schools,0,0,3,0,0,0,0,0,0,0,
Melania Torrico,https://www.facebook.com/melania.pericon,2025-06-10,2008-06-17,no,20000,2800,2025-06-10,post,https://www.facebook.com/share/p/18zRsVcK6f/,1,0,14,0,0,0,0,0,0,0,"Levántate y trabaja aunque no estés motivada.
El 80% de tus problemas se resuelven con disciplina!"
