nombre perfil,url perfil,candidato identificado,creación del perfil,seguidores,seguidos,fecha post,tipo de post,url post,comparticiones,comentarios,reacciones en total,me gusta,me encanta,me divierte,me entristece,me sorprende,me enoja,me importa,contenido
Rubi Garcia,https://www.facebook.com/rubi.garcia.360686/,no,2020-06-10,14000,0,2025-07-23,post,https://www.facebook.com/share/p/14Jbyzsyq1r/,2,0,27,24,2,1,0,0,0,0,
Rubi Garcia,https://www.facebook.com/rubi.garcia.360686/,no,2020-06-10,14000,0,2025-07-23,post,https://www.facebook.com/share/p/18sPTdKkZF/,36,22,92,84,8,0,0,0,0,0,
Rubi Garcia,https://www.facebook.com/rubi.garcia.360686/,no,2020-06-10,14000,0,2025-07-23,post,https://www.facebook.com/share/p/1JhCUVLUPU/,0,0,3,2,0,0,0,1,0,0," ALERTA DEMOGRÁFICA 
Miren los datos que me dio ChatGPT:
… Ver más"
Rubi Garcia,https://www.facebook.com/rubi.garcia.360686/,no,2020-06-10,14000,0,2025-07-23,post,https://www.facebook.com/share/v/17F8hVkLfL/,22,7,61,41,0,2,2,5,12,0,"EL DINERO DE LOS CREDITOS ESTA AHI 
… Ver más"
Rubi Garcia,https://www.facebook.com/rubi.garcia.360686/,no,2020-06-10,14000,0,2025-07-23,post,https://www.facebook.com/share/p/1CYYy843U1/,26,21,156,132,21,3,0,0,0,0,"LA LUCHA SIGUE , FIRMES CON NUESTRO COMANDANTE EVO "
Rubi Garcia,https://www.facebook.com/rubi.garcia.360686/,no,2020-06-10,14000,0,2025-07-23,post,https://www.facebook.com/share/p/1JnMA8DHZX/,10,9,51,48,2,1,0,0,0,0,
Rubi Garcia,https://www.facebook.com/rubi.garcia.360686/,no,2020-06-10,14000,0,2025-07-23,post,https://www.facebook.com/share/p/12BhcHi25vj/,129,25,127,107,6,13,0,0,0,1,
Rubi Garcia,https://www.facebook.com/rubi.garcia.360686/,no,2020-06-10,14000,0,2025-07-23,post,https://www.facebook.com/share/p/1CX5SpMYtD/,5,6,27,25,1,1,0,0,0,0,
Rubi Garcia,https://www.facebook.com/rubi.garcia.360686/,no,2020-06-10,14000,0,2025-07-24,post,https://www.facebook.com/share/v/16kz1LNKKy/,98,26,151,126,2,11,5,6,1,0,NUESTRO VOTO SERA NULO
Rubi Garcia,https://www.facebook.com/rubi.garcia.360686/,no,2020-06-10,14000,0,2025-07-24,post,https://www.facebook.com/share/p/16kSE9fWSq/,1,0,12,11,0,1,0,0,0,0,
Rubi Garcia,https://www.facebook.com/rubi.garcia.360686/,no,2020-06-10,14000,0,2025-07-24,post,2025-07-24,0,48,296,0,0,0,0,0,0,0,
Rubi Garcia,https://www.facebook.com/rubi.garcia.360686/,no,2020-06-10,14000,0,2025-07-24,post,https://www.facebook.com/share/v/1dTbjh7UnQ/,28,27,113,102,3,6,0,0,0,2,
Rubi Garcia,https://www.facebook.com/rubi.garcia.360686/,no,2020-06-10,14000,0,2025-07-24,post,https://www.facebook.com/share/v/1AtXJZFMmG/,88,26,116,104,2,2,3,3,2,0,"LIBERTAD PARA RUTH NINA!!!
#Nacional #Cochabamba … Ver más"
Rubi Garcia,https://www.facebook.com/rubi.garcia.360686/,no,2020-06-10,14000,0,2025-07-24,post,https://www.facebook.com/share/v/1CdMvZLioK/,34,32,99,68,1,4,12,6,8,0,LIBERTAD PARA RUTH NINA!!!
Rubi Garcia,https://www.facebook.com/rubi.garcia.360686/,no,2020-06-10,14000,0,2025-07-24,post,https://www.facebook.com/share/p/1ByRU3M8gS/,25,7,28,21,4,1,0,1,0,1,
Rubi Garcia,https://www.facebook.com/rubi.garcia.360686/,no,2020-06-10,14000,0,2025-07-24,post,https://www.facebook.com/share/p/1662wTSeVr/,11,6,27,11,0,13,0,2,1,0,
Rubi Garcia,https://www.facebook.com/rubi.garcia.360686/,no,2020-06-10,14000,0,2025-07-24,post,https://www.facebook.com/share/p/1C8wFXEdMt/,10,5,47,39,4,3,0,0,1,0,
Rubi Garcia,https://www.facebook.com/rubi.garcia.360686/,no,2020-06-10,14000,0,2025-07-24,post,https://www.facebook.com/share/v/1BzHueN7Wu/,364,77,256,152,0,8,5,8,83,0,
Rubi Garcia,https://www.facebook.com/rubi.garcia.360686/,no,2020-06-10,14000,0,2025-07-25,post,https://www.facebook.com/share/v/1Anqv6pszF/,186,36,255,238,8,6,0,2,1,1,"PITAS ,ARCISTAS Y ANDRONIQUISTAS 
TODOS ESOS QUE DEFIENDEN A LOS VENDE PATRIAS"
Rubi Garcia,https://www.facebook.com/rubi.garcia.360686/,no,2020-06-10,14000,0,2025-07-25,post,https://www.facebook.com/share/v/1F79cpPr2o/,5,9,47,41,3,3,0,0,0,0,
Rubi Garcia,https://www.facebook.com/rubi.garcia.360686/,no,2020-06-10,14000,0,2025-07-25,post,https://www.facebook.com/share/p/16WvMzHbvg/,1,0,8,8,0,0,0,0,0,0,
Rubi Garcia,https://www.facebook.com/rubi.garcia.360686/,no,2020-06-10,14000,0,2025-07-25,post,https://www.facebook.com/share/p/1YC8qR59jF/,6,1,2,2,0,0,0,0,0,0,
Rubi Garcia,https://www.facebook.com/rubi.garcia.360686/,no,2020-06-10,14000,0,2025-07-25,post,https://www.facebook.com/share/p/15ifGGEUQn/,49,14,95,79,0,2,1,3,11,0,
Rubi Garcia,https://www.facebook.com/rubi.garcia.360686/,no,2020-06-10,14000,0,2025-07-25,post,https://www.facebook.com/share/p/1CP2PeNiNC/,8,6,24,18,5,1,0,0,0,0,
Rubi Garcia,https://www.facebook.com/rubi.garcia.360686/,no,2020-06-10,14000,0,2025-07-25,post,2025-07-25,0,0,0,0,0,0,0,0,0,0,
Rubi Garcia,https://www.facebook.com/rubi.garcia.360686/,no,2020-06-10,14000,0,2025-07-25,post,https://www.facebook.com/share/v/19UcjU1KqX/,32,14,75,65,8,2,0,0,0,0," Somos millones, somos leales, no somos traidores. Siempre estaremos del lado correcto de la historia, agradecidos con la lucha y el legado de nuestro hermano Evo Mora… Ver más"
Rubi Garcia,https://www.facebook.com/rubi.garcia.360686/,no,2020-06-10,14000,0,2025-07-25,post,https://www.facebook.com/share/p/1CEim9f8H6/,1,4,9,8,0,0,1,0,0,0,
Rubi Garcia,https://www.facebook.com/rubi.garcia.360686/,no,2020-06-10,14000,0,2025-07-26,post,https://www.facebook.com/share/p/14F2W1UKccE/,7,1,15,13,1,1,0,0,0,0,SI UN PACIFISTA QUIERE TENER EL PODER DEBE SER CONSCIENTE QUE LO MÁS PROBABLE ES QUE DEBA DEJAR DE SER PACIFISTA. … Ver más
Rubi Garcia,https://www.facebook.com/rubi.garcia.360686/,no,2020-06-10,14000,0,2025-07-26,post,https://www.facebook.com/share/p/15kfKt4Vqf/,91,19,78,48,1,6,2,4,17,0,
Rubi Garcia,https://www.facebook.com/rubi.garcia.360686/,no,2020-06-10,14000,0,2025-07-26,post,https://www.facebook.com/share/p/19fp1mWM6p/,5,14,41,27,1,2,9,0,0,2,
Rubi Garcia,https://www.facebook.com/rubi.garcia.360686/,no,2020-06-10,14000,0,2025-07-26,post,https://www.facebook.com/share/p/16i1zZpNji/,1,0,5,5,0,0,0,0,0,0,
Rubi Garcia,https://www.facebook.com/rubi.garcia.360686/,no,2020-06-10,14000,0,2025-07-26,post,https://www.facebook.com/share/v/1Qy7BazHzz/,169,82,300,212,22,17,32,5,10,3,"¡KAUSACHUN COCA, HUAÑUCHUN YANQUIS¡
Emociona el  grito de coraje y valor de Ruth Nina, conoció al líder Evo Morales, su trayectoria y lucha, le impactó la disciplina o… Ver más"
Rubi Garcia,https://www.facebook.com/rubi.garcia.360686/,no,2020-06-10,14000,0,2025-07-26,post,https://www.facebook.com/share/v/16wygd48HD/,209,50,343,289,21,25,2,1,2,4,"Ruth Nina Defensora de la Democracia 
 #libertadpararuthnina #flypシ #parati"
Rubi Garcia,https://www.facebook.com/rubi.garcia.360686/,no,2020-06-10,14000,0,2025-07-26,post,https://www.facebook.com/share/v/16ZLZ3BKSQ/,182,79,453,425,17,9,0,0,1,1,
Rubi Garcia,https://www.facebook.com/rubi.garcia.360686/,no,2020-06-10,14000,0,2025-07-26,post,https://www.facebook.com/share/p/18tbKUy4Dh/,5,8,21,20,0,1,0,0,0,0,«La victoria jamás coqueteo con los cob4rdes. Es lógica conquista para el arrojo de los hombres audaces.»
Rubi Garcia,https://www.facebook.com/rubi.garcia.360686/,no,2020-06-10,14000,0,2025-07-26,post,https://www.facebook.com/share/p/1CFEE2ZQYs/,2,1,22,20,2,0,0,0,0,0,
Rubi Garcia,https://www.facebook.com/rubi.garcia.360686/,no,2020-06-10,14000,0,2025-07-27,post,https://www.facebook.com/share/p/16yaqfkt8a/,8,0,15,13,2,0,0,0,0,0,"La mujer etnonacionalista no solo da vida: la defiende con el cuerpo, la palabra y la memoria. Es raíz que sostiene, fuego que despierta. No olvida su origen ni negocia… Ver más"
Rubi Garcia,https://www.facebook.com/rubi.garcia.360686/,no,2020-06-10,14000,0,2025-07-27,post,https://www.facebook.com/share/v/1F9MP1UYtF/,794,134,496,420,34,34,0,4,1,3,
Rubi Garcia,https://www.facebook.com/rubi.garcia.360686/,no,2020-06-10,14000,0,2025-07-27,post,https://www.facebook.com/share/p/1F52RdyaWB/,23,22,71,25,0,31,0,4,11,0,"Humberto ahora de colgador del saco de su jefa, la nena del estado"
Rubi Garcia,https://www.facebook.com/rubi.garcia.360686/,no,2020-06-10,14000,0,2025-07-27,post,https://www.facebook.com/share/p/1Aye6paW7A/,7,8,97,91,4,2,0,0,0,0,"LINERISTAS SALIERON A LLORAR

ESTAN DE MIEDO DE PERDER SUS PEGUITAS, OPORTUNISTAS DE M..."
Rubi Garcia,https://www.facebook.com/rubi.garcia.360686/,no,2020-06-10,14000,0,2025-07-27,post,https://www.facebook.com/share/p/16wzkRnuBT/,122,19,74,30,1,1,1,11,30,0," SOBRINO DE GARCÍA LINERA, DENUNCIADO POR VIOLENCIA  ES PARTE DEL EQUIPO DE MARIANA PRADO
… Ver más"
Rubi Garcia,https://www.facebook.com/rubi.garcia.360686/,no,2020-06-10,14000,0,2025-07-27,post,https://www.facebook.com/share/p/19byXSprWq/,14,45,96,89,3,4,0,0,0,0,
Rubi Garcia,https://www.facebook.com/rubi.garcia.360686/,no,2020-06-10,14000,0,2025-07-27,post,https://www.facebook.com/share/v/19Dm5vnnCj/,96,36,176,164,7,3,0,3,0,1,17 DE AGOSTO DIA DEL ENT1ERRO DE LA DEMOCRACIA
Rubi Garcia,https://www.facebook.com/rubi.garcia.360686/,no,2020-06-10,14000,0,2025-07-27,post,https://www.facebook.com/share/v/1E6R1Ex3qc/,16,3,26,22,0,0,1,1,2,0,
Rubi Garcia,https://www.facebook.com/rubi.garcia.360686/,no,2020-06-10,14000,0,2025-07-27,post,https://www.facebook.com/share/p/19h6YaGEFN/,0,0,4,3,0,1,0,0,0,0,
Rubi Garcia,https://www.facebook.com/rubi.garcia.360686/,no,2020-06-10,14000,0,2025-07-27,post,https://www.facebook.com/share/v/1C2F3Fec2h/,21,12,59,50,0,7,0,1,1,0,
Rubi Garcia,https://www.facebook.com/rubi.garcia.360686/,no,2020-06-10,14000,0,2025-07-27,post,https://www.facebook.com/share/p/1CBcP8ws9r/,13,39,105,0,0,0,0,0,0,0,
Rubi Garcia,https://www.facebook.com/rubi.garcia.360686/,no,2020-06-10,14000,0,2025-07-27,post,https://www.facebook.com/share/p/19g7ia9ozM/,0,1,16,15,1,0,0,0,0,0,
Rubi Garcia,https://www.facebook.com/rubi.garcia.360686/,no,2020-06-10,14000,0,2025-07-28,post,https://www.facebook.com/share/p/1CANGNs9Jg/,3,5,14,11,1,1,0,0,0,1,
Rubi Garcia,https://www.facebook.com/rubi.garcia.360686/,no,2020-06-10,14000,0,2025-07-28,post,https://www.facebook.com/share/v/175xhBCaVY/,34,15,61,55,2,3,0,0,1,0,
Rubi Garcia,https://www.facebook.com/rubi.garcia.360686/,no,2020-06-10,14000,0,2025-07-28,post,https://www.facebook.com/share/v/1C4xZqaYSP/,75,7,52,49,1,0,0,2,0,0,
Rubi Garcia,https://www.facebook.com/rubi.garcia.360686/,no,2020-06-10,14000,0,2025-07-28,post,https://www.facebook.com/share/p/1FeEfj9Be8/,16,2,33,21,0,0,0,9,3,0,"NO solo LINERISTAS se esconden bajo la candidatura trucha deANDRÓNICO, si no también los N4RCOTR4FIC4NTES, como Robin Justiniano."
Rubi Garcia,https://www.facebook.com/rubi.garcia.360686/,no,2020-06-10,14000,0,2025-07-28,post,https://www.facebook.com/share/p/1H3uYVceR5/,40,38,102,0,0,0,0,0,0,0,
Rubi Garcia,https://www.facebook.com/rubi.garcia.360686/,no,2020-06-10,14000,0,2025-07-28,post,https://www.facebook.com/share/p/173piv4kEQ/,5,8,41,36,1,4,0,0,0,0,
Rubi Garcia,https://www.facebook.com/rubi.garcia.360686/,no,2020-06-10,14000,0,2025-07-28,post,https://www.facebook.com/share/p/1C49ZeHjg8/,18,32,102,89,8,4,0,0,0,1,
Rubi Garcia,https://www.facebook.com/rubi.garcia.360686/,no,2020-06-10,14000,0,2025-07-28,post,https://www.facebook.com/share/p/1FiaMCBSeV/,54,3,51,0,0,0,0,0,0,0,"*Ex socio del hijo de Luis Arce denuncia que fue amenazado de muerte por parte de Luis Marcelo Arce ""Marcelitio""*… Ver más"
Rubi Garcia,https://www.facebook.com/rubi.garcia.360686/,no,2020-06-10,14000,0,2025-07-28,post,https://www.facebook.com/share/p/173kFvezgW/,7,4,14,5,0,2,0,5,2,0,LA ARMADORA DE DENUNCIAS FALSAS CONTRA EVO
Rubi Garcia,https://www.facebook.com/rubi.garcia.360686/,no,2020-06-10,14000,0,2025-07-28,post,https://www.facebook.com/share/p/1B6NzjMhAZ/,60,22,49,32,0,3,2,4,8,0,CONOZCA LOS NEGOCIADOS QUE PACTARON LOS CANDIDATOS PUESTOS POR LUIS ARCE EN LAS ELECCIONES DE AGOSTO… Ver más
Rubi Garcia,https://www.facebook.com/rubi.garcia.360686/,no,2020-06-10,14000,0,2025-07-28,post,https://www.facebook.com/share/p/16ihbeexnq/,41,11,70,46,0,1,0,5,18,0,"ESA MARIPOS4 USA TESTAFERROS PARA PROTEGER SUS NEGOCIOS DENTRO DEL GOBIERNO SEGUN EL , SOLO TIENE LIBROS 
 QUE MAM3 A SU 4BUEL4"
Rubi Garcia,https://www.facebook.com/rubi.garcia.360686/,no,2020-06-10,14000,0,2025-07-28,post,https://www.facebook.com/share/v/15T13FZmoP/,103,19,145,70,1,2,2,27,45,0,"DENUNCIA: ANDRÓNICO Y ALCALDE DE SACABA ENVIA A GOLPEAR A LAS COMPAÑERAS DEL MORRO - SACABA
Al estilo de la derecha agreden a las mujeres de pollera. A la cabeza de Fe… Ver más"
Rubi Garcia,https://www.facebook.com/rubi.garcia.360686/,no,2020-06-10,14000,0,2025-07-29,post,https://www.facebook.com/share/p/1AataqbypS/,3,2,10,4,0,1,0,5,0,0,
Rubi Garcia,https://www.facebook.com/rubi.garcia.360686/,no,2020-06-10,14000,0,2025-07-29,post,https://www.facebook.com/share/p/16tYypVaCc/,5,4,23,24,0,0,0,0,0,0,"A Llegado el momento, hay que organizar la v3ng4nza, hay que pasar información clave de los negociados y hechos de corrupción de los sujetos clave.
hay que armar listas… Ver más"
Rubi Garcia,https://www.facebook.com/rubi.garcia.360686/,no,2020-06-10,14000,0,2025-07-29,post,https://www.facebook.com/share/v/1FWaxv2FXe/,71,17,109,98,6,5,0,1,0,0,
Rubi Garcia,https://www.facebook.com/rubi.garcia.360686/,no,2020-06-10,14000,0,2025-07-29,post,https://www.facebook.com/share/v/173T2jmhXy/,30,6,53,47,1,5,0,0,0,0,
Rubi Garcia,https://www.facebook.com/rubi.garcia.360686/,no,2020-06-10,14000,0,2025-07-29,post,https://www.facebook.com/share/p/1AkFwUiSP6/,3,4,13,12,1,0,0,0,0,0,
Rubi Garcia,https://www.facebook.com/rubi.garcia.360686/,no,2020-06-10,14000,0,2025-07-29,post,https://www.facebook.com/share/p/19jGqHRtAK/,0,1,6,4,0,0,0,2,0,0,"COMPLICE DEL GOBIERNO 
POR ESO NUESTRO VOTO SERA NULO"
Rubi Garcia,https://www.facebook.com/rubi.garcia.360686/,no,2020-06-10,14000,0,2025-07-29,post,https://www.facebook.com/share/p/16gaAiP1Ty/,5,3,34,18,0,13,0,1,2,0,"INFLADA POR LA PRENSA , HUECA COMO LINERA LA MARIPOS4"
Rubi Garcia,https://www.facebook.com/rubi.garcia.360686/,no,2020-06-10,14000,0,2025-07-29,post,https://www.facebook.com/share/p/16mvEGdYQh/,55,23,137,116,10,12,0,0,0,0,"SIN EVO NO HAY DEMOCRACIA 
MI VOTO SERA NULO "
Rubi Garcia,https://www.facebook.com/rubi.garcia.360686/,no,2020-06-10,14000,0,2025-07-29,post,https://www.facebook.com/share/p/1725yxgmQj/,4,2,12,2,0,0,1,6,3,0,
Rubi Garcia,https://www.facebook.com/rubi.garcia.360686/,no,2020-06-10,14000,0,2025-07-29,post,https://www.facebook.com/share/v/1Ca26Knf85/,0,1,11,11,0,0,0,0,0,0,
