nombre perfil,url perfil,snapshot_date,creación del perfil,candidato identificado,seguidores,seguidos,fecha post,tipo de post,url post,comparticiones,comentarios,reacciones en total,me gusta,me encanta,me divierte,me entristece,me sorprende,me enoja,me importa,contenido
Andrea Barrientos,https://www.facebook.com/AndreaBarrientosCC,2025-05-22,2019-07-15,no,20000,82,2025-05-15,post,https://www.facebook.com/share/p/1FU3qqakcK/,4,24,,55,7,40,0,0,1,0,"José Luis Lupo se suma al binomio de la Unidad. Con amplia trayectoria en organismos internacionales, formación en economía y experiencia en resolución de crisis, nos a… Ver más"
Andrea Barrientos,https://www.facebook.com/AndreaBarrientosCC,2025-05-22,2019-07-15,no,20000,82,2025-05-18,post,https://www.facebook.com/share/v/16ADJ2vsqD/,19,31,,58,12,54,1,0,0,0,"¡El mejor equipo! 
Samuel Doria Medina joseluis.lupo"
Andrea Barrientos,https://www.facebook.com/AndreaBarrientosCC,2025-05-22,2019-07-15,no,20000,82,2025-05-20,post,https://www.facebook.com/share/p/1C8TeZxfB4/,3,7,,21,5,15,0,0,0,1,"Mañana, miércoles 21 de mayo, estaremos en la ciudad de La Paz para dar a conocer nuestras propuestas en Voces Informativas, un evento organizado por Annex."
Andrea Barrientos,https://www.facebook.com/AndreaBarrientosCC,2025-05-22,2019-07-15,no,20000,82,2025-05-21,post,https://www.facebook.com/share/p/1BvpLy1yLG/,6,9,,26,5,8,0,0,0,0,"Hoy estuvimos compartiendo con estudiantes de la UPB La Paz, charlando sin filtros sobre la Asamblea Legislativa y lo que piensan de la política.
Fue un espacio real, c… Ver más"
Andrea Barrientos,https://www.facebook.com/AndreaBarrientosCC,2025-06-02,2019-07-15,no,20000,82,2025-05-30,post,https://www.facebook.com/share/p/19sAovqNs3/,4,7,,17,0,3,2,0,12,0,"Es inadmisible y cobarde que vándalos detonen dinamita en la puerta de la casa de un vocal del TED en Cochabamba. Esto no es política, es terrorismo. ¡Basta de amenazas… Ver más"
Andrea Barrientos,https://www.facebook.com/AndreaBarrientosCC,2025-06-10,2019-07-15,no,20000,82,2025-06-05,post,https://www.facebook.com/share/1CziwH1xbY/,0,4,51,0,0,0,0,0,0,0,
Andrea Barrientos,https://www.facebook.com/AndreaBarrientosCC,2025-06-10,2019-07-15,no,20000,82,2025-06-05,post,https://www.facebook.com/share/1ESo1F2UiX/,10,48,281,0,0,0,0,0,0,0,
