nombre perfil,url perfil,candidato identificado,creación del perfil,seguidores,seguidos,fecha post,tipo de post,url post,comparticiones,comentarios,reacciones en total,me gusta,me encanta,me divierte,me entristece,me sorprende,me enoja,me importa,contenido
Sayuri Loza,https://www.facebook.com/sayuri.loza,no,2008-08-19,56000,0,2025-06-05,post,https://www.facebook.com/sayuri.loza/posts/pfbid0LDXBsD4yKdAssETQDYAcenXVsJYzrphz6XttkJ2Wn9p5oKgkfaTvsnkY7czBqjRWl,180,22,420,0,0,0,0,0,0,0,
Sayuri Loza,https://www.facebook.com/sayuri.loza,no,2008-08-19,56000,0,2025-06-05,post,https://www.facebook.com/sayuri.loza/posts/pfbid02rnyym7JygXwZqR4hwKtHQbjm58hTuxZuarbGGufSHvhgxVMuDYwjnPuKrDjwL3oel,6,0,85,0,0,0,0,0,0,0,
Sayuri Loza,https://www.facebook.com/sayuri.loza,no,2008-08-19,56000,0,2025-06-05,post,https://www.facebook.com/share/p/1GSFE46xtK/,7,0,23,0,0,0,0,0,0,0,
Sayuri Loza,https://www.facebook.com/sayuri.loza,no,2008-08-19,56000,0,2025-06-05,post,https://www.facebook.com/share/p/16kxBW6Z2U/,0,9,42,0,0,0,0,0,0,0,"¿Ala? Al agua! Aish, ya no entendí"
Sayuri Loza,https://www.facebook.com/sayuri.loza,no,2008-08-19,56000,0,2025-06-05,post,https://www.facebook.com/share/p/1AkgrBToYg/,6,16,272,0,0,0,0,0,0,0,Dice que se baja el niño ministro?
Sayuri Loza,https://www.facebook.com/sayuri.loza,no,2008-08-19,56000,0,2025-06-05,post,https://www.facebook.com/share/p/18RFPtrvKK/,17,13,135,0,0,0,0,0,0,0,"La historia económica de Bolivia consiste en un vaivén de auges y caídas con picos y simas pronunciados, con dependencia extrema de las exportaciones de materias primas… Ver más"
Sayuri Loza,https://www.facebook.com/sayuri.loza,no,2008-08-19,56000,0,2025-06-05,post,https://www.facebook.com/sayuri.loza/posts/pfbid0PYc2fXSWgLPQyiS5r3a7T1uiYvdnuTvvjqtfjHJmqc35RHAVCgPzNKxr3AqPUneCl,71,30,1200,0,0,0,0,0,0,0,"Su cara del Patzi, como acabado de parir 
. Eso nos enseña amigos, que no hay nada más peligroso que una mujer despechada."
Sayuri Loza,https://www.facebook.com/sayuri.loza,no,2008-08-19,56000,0,2025-06-05,post,https://www.facebook.com/share/p/19TGjvQ1ix/,0,9,53,0,0,0,0,0,0,0,"Tongo, eres tú?"
Sayuri Loza,https://www.facebook.com/sayuri.loza,no,2008-08-19,56000,0,2025-06-05,post,https://www.facebook.com/share/p/1Rib6pCu9j/,1,11,165,0,0,0,0,0,0,0,"Hno compañero Oberyn, presidente de las Seis Federaciones del Trópico de El Tejar y Miraflores."
Sayuri Loza,https://www.facebook.com/sayuri.loza,no,2008-08-19,56000,0,2025-06-06,post,https://www.facebook.com/share/p/1FnHHA3wYA/,1,19,888,0,0,0,0,0,0,0,"Buenos días amigos. Últimamente estoy más seguido en Santa Cruz y hoy estoy muy feliz porque pude hacer un saludo al sol tempranito, cosa que no puedo hacer en La Paz p… Ver más"
Sayuri Loza,https://www.facebook.com/sayuri.loza,no,2008-08-19,56000,0,2025-06-06,post,https://www.facebook.com/share/p/19GyMewgB5/,1,4,119,0,0,0,0,0,0,0,"Hoy quiero agradecer, además de a mis maestros de siempre, a los maestros que me enseñan economía y gracias a quienes aprendo cada día más. Gracias a Nigel Caspa, Jose … Ver más"
Sayuri Loza,https://www.facebook.com/sayuri.loza,no,2008-08-19,56000,0,2025-06-06,post,https://www.facebook.com/share/p/16PBVRKUVt/,35,41,861,0,0,0,0,0,0,0,"No seas migajero Androide, clama venganza y destrucción, mandalo a terapia, aprende de la ex del Patzi "
Sayuri Loza,https://www.facebook.com/sayuri.loza,no,2008-08-19,56000,0,2025-06-07,post,https://www.facebook.com/share/p/16HRDCe19v/,12,17,382,0,0,0,0,0,0,0,"Qué país surreal, oye"
Sayuri Loza,https://www.facebook.com/sayuri.loza,no,2008-08-19,56000,0,2025-06-07,post,https://www.facebook.com/sayuri.loza/posts/pfbid02cf2w6iQBKo5dHBmri21jLZxTk5rP9vLAstz1hjp8gmWoHBfLJippxDdPV4VNdv9jl,1,4,77,0,0,0,0,0,0,0,"Mi Oberyn ha evolucionado a político flojo, ladrón y manipulador"
Sayuri Loza,https://www.facebook.com/sayuri.loza,no,2008-08-19,56000,0,2025-06-07,post,https://www.facebook.com/share/p/15VhUZ3uZc/,8,1,13,0,0,0,0,0,0,0,"Mis primos, los amo "
Sayuri Loza,https://www.facebook.com/sayuri.loza,no,2008-08-19,56000,0,2025-06-07,post,https://www.facebook.com/share/p/1EZsf5ZhbS/,5,0,21,0,0,0,0,0,0,0,
Sayuri Loza,https://www.facebook.com/sayuri.loza,no,2008-08-19,56000,0,2025-06-07,post,https://www.facebook.com/share/p/168jnerhi5/,0,10,357,0,0,0,0,0,0,0,"Todo es chupar, c*rajo 
. Bueno, yo como cosas ricas."
Sayuri Loza,https://www.facebook.com/sayuri.loza,no,2008-08-19,56000,0,2025-06-07,post,https://www.facebook.com/share/p/1AX7EnTrTU/,1,7,214,0,0,0,0,0,0,0,No chupar
Sayuri Loza,https://www.facebook.com/sayuri.loza,no,2008-08-19,56000,0,2025-06-07,post,https://www.facebook.com/share/p/1JGkueh61e/,1,3,62,0,0,0,0,0,0,0,Buuuu
Sayuri Loza,https://www.facebook.com/sayuri.loza,no,2008-08-19,56000,0,2025-06-07,post,https://www.facebook.com/share/p/1AiczVNwDR/,0,1,213,0,0,0,0,0,0,0,"Hola, presidente. Por fin juntos! "
Sayuri Loza,https://www.facebook.com/sayuri.loza,no,2008-08-19,56000,0,2025-06-07,post,https://www.facebook.com/share/p/16UAhqowNu/,8,9,276,0,0,0,0,0,0,0,"Tiene mi voto, mi reina "
Sayuri Loza,https://www.facebook.com/sayuri.loza,no,2008-08-19,56000,0,2025-06-07,post,https://www.facebook.com/share/p/163U2fdhm3/,5,0,14,0,0,0,0,0,0,0,
Sayuri Loza,https://www.facebook.com/sayuri.loza,no,2008-08-19,56000,0,2025-06-08,post,https://www.facebook.com/share/p/19G4CV4bLG/,2,17,412,0,0,0,0,0,0,0,"Unámonos todos en cadena de oración por el alma de María, amén hermanos "
Sayuri Loza,https://www.facebook.com/sayuri.loza,no,2008-08-19,56000,0,2025-06-08,post,https://www.facebook.com/share/v/1FAMeBCdCa/,13,12,1100,0,0,0,0,0,0,0,"Yo le enseñé a aullar cuando era pequeño, ahora aullamos juntos 
."
Sayuri Loza,https://www.facebook.com/sayuri.loza,no,2008-08-19,56000,0,2025-06-08,post,https://www.facebook.com/share/p/18tHBwFb2C/,2,0,5,0,0,0,0,0,0,0,
Sayuri Loza,https://www.facebook.com/sayuri.loza,no,2008-08-19,56000,0,2025-06-08,post,https://www.facebook.com/share/p/19rb1YfUs4/,1,0,103,0,0,0,0,0,0,0,Les esperamos
Sayuri Loza,https://www.facebook.com/sayuri.loza,no,2008-08-19,56000,0,2025-06-09,post,https://www.facebook.com/share/p/1Acw6ySRCH/,0,0,4,0,0,0,0,0,0,0,
Sayuri Loza,https://www.facebook.com/sayuri.loza,no,2008-08-19,56000,0,2025-06-09,post,https://www.facebook.com/share/p/19GZPNdGcW/,72,51,2100,0,0,0,0,0,0,0,La oposición unida para decir:
Sayuri Loza,https://www.facebook.com/sayuri.loza,no,2008-08-19,56000,0,2025-06-09,post,https://www.facebook.com/share/p/1A8yqWu4j1/,7,0,26,0,0,0,0,0,0,0,
Sayuri Loza,https://www.facebook.com/sayuri.loza,no,2008-08-19,56000,0,2025-06-09,post,https://www.facebook.com/share/p/14G1i5HRZcs/,43,10,269,0,0,0,0,0,0,0,Ayer en C'hallapata y hoy en Potosí. Los evistas proclaman que su lucha es por el pueblo pero al mismo tiempo agreden al pueblo que no quiere seguirles en su afán por c… Ver más
Sayuri Loza,https://www.facebook.com/sayuri.loza,no,2008-08-19,56000,0,2025-06-09,post,https://www.facebook.com/share/p/199PG65Z51/,0,3,109,0,0,0,0,0,0,0,Ministro gordito precioso 
Sayuri Loza,https://www.facebook.com/sayuri.loza,no,2008-08-19,56000,0,2025-06-09,post,https://www.facebook.com/share/p/1N9wiZPXNE/,17,45,387,0,0,0,0,0,0,0,"Encuesta
Fuente : Eri Consultores (salió en Brujula Digital)… Ver más"
Sayuri Loza,https://www.facebook.com/sayuri.loza,no,2008-08-19,56000,0,2025-06-10,post,https://www.facebook.com/share/p/1EoMLqVrMt/,12,11,176,0,0,0,0,0,0,0,"Siempre que pongo los dedos así, la gata cree que tengo comida y corre hacia mí pensando que comerá, pero es mentira, es una promesa falsa, igual que las de muchos polí… Ver más"
Sayuri Loza,https://www.facebook.com/sayuri.loza,no,2008-08-19,56000,0,2025-06-10,post,https://www.facebook.com/share/p/169EhWa5gw/,0,0,44,0,0,0,0,0,0,0,Vamos al Wayruru!
Sayuri Loza,https://www.facebook.com/sayuri.loza,no,2008-08-19,56000,0,2025-06-10,post,https://www.facebook.com/share/p/1AjGTKLypE/,82,23,537,0,0,0,0,0,0,0,"Los trabajadores de ATB denuncian que hasta el presente no se llega a un acuerdo con los salarios que se les debe, en medio de la crisis y la incertidumbre es muy difíc… Ver más"
Sayuri Loza,https://www.facebook.com/sayuri.loza,no,2008-08-19,56000,0,2025-06-10,post,https://www.facebook.com/share/p/16YBchTawS/,3,0,14,0,0,0,0,0,0,0,
Sayuri Loza,https://www.facebook.com/sayuri.loza,no,2008-08-19,56000,0,2025-06-10,post,https://www.facebook.com/share/p/16MM7bW3TE/,42,25,252,0,0,0,0,0,0,0,Programa económico de Andrónico
Sayuri Loza,https://www.facebook.com/sayuri.loza,no,2008-08-19,56000,0,2025-06-10,post,https://www.facebook.com/share/p/1AsMGEVgw4/,2,21,229,0,0,0,0,0,0,0,Existen las brujerías contra los animales? Se puede hacer algo? Les interesa el tema? Podría hacer un video al respecto porque a varios amigos se les han enfermado sus … Ver más
Sayuri Loza,https://www.facebook.com/sayuri.loza,no,2008-08-19,56000,0,2025-06-10,post,https://www.facebook.com/share/p/1Eap5Vpaqp/,2,4,103,0,0,0,0,0,0,0,"Alcalde negro Negro, preocupado porque estaría en peligro la realización de la entrada del Gran Poder. Mentira, en realidad sólo le preocupa que haya pollito."
Sayuri Loza,https://www.facebook.com/sayuri.loza,no,2008-08-19,56000,0,2025-06-11,post,https://www.facebook.com/share/p/1AwkdMjqYt/,78,14,708,0,0,0,0,0,0,0,"Hipermaxi Miraflores, 11 de junio de 2025"
Sayuri Loza,https://www.facebook.com/sayuri.loza,no,2008-08-19,56000,0,2025-06-11,post,https://www.facebook.com/share/p/1C6KpBPvHx/,174,18,1000,0,0,0,0,0,0,0,Yo pongo el yunque para el Evo
Sayuri Loza,https://www.facebook.com/sayuri.loza,no,2008-08-19,56000,0,2025-06-11,post,https://www.facebook.com/share/p/1E56nbJL9a/,1,0,37,0,0,0,0,0,0,0,Imperdible!
Sayuri Loza,https://www.facebook.com/sayuri.loza,no,2008-08-19,56000,0,2025-06-11,post,https://www.facebook.com/share/p/19VgLzzpqb/,1,4,34,0,0,0,0,0,0,0,La deshumanización del otro
Sayuri Loza,https://www.facebook.com/sayuri.loza,no,2008-08-19,56000,0,2025-06-11,post,https://www.facebook.com/share/p/16iLGoCT42/,5,7,420,0,0,0,0,0,0,0,"El Vlady hablando con sus gatitos diciéndoles ""no hay comida así que tienen que comer un poquito menos pero les prometo que se los voy a ir a buscar y les voy a dar"" me… Ver más"
Sayuri Loza,https://www.facebook.com/sayuri.loza,no,2008-08-19,56000,0,2025-06-12,post,https://www.facebook.com/share/p/1CZGPwr8Fz/,8,0,181,0,0,0,0,0,0,0,
Sayuri Loza,https://www.facebook.com/sayuri.loza,no,2008-08-19,56000,0,2025-06-12,post,https://www.facebook.com/share/p/1CBALkBTUX/,1,0,16,0,0,0,0,0,0,0,
