nombre perfil,url perfil,candidato identificado,creación del perfil,seguidores,seguidos,fecha post,tipo de post,url post,comparticiones,comentarios,reacciones en total,me gusta,me encanta,me divierte,me entristece,me sorprende,me enoja,me importa,contenido
Natalia Aparicio,https://www.facebook.com/la.aparicioooo,no,2009-06-04,6600,0,2025-06-04,post,https://www.facebook.com/share/v/1Cu7H6oCY9/,2,12,13,0,0,0,0,0,0,0,"#BOLIVIA Lo sexy, la juventud, ser nuevo en política, lo que podemos aprender de Cicerón y el gran interpelación de Natalia Aparicio"
Natalia Aparicio,https://www.facebook.com/la.aparicioooo,no,2009-06-04,6600,0,2025-06-04,post,https://www.facebook.com/share/p/1AsyNaMx3Z/,1,0,8,0,0,0,0,0,0,0,Suscribo cada palabra de la Natalia Aparicio
Natalia Aparicio,https://www.facebook.com/la.aparicioooo,no,2009-06-04,6600,0,2025-06-08,post,https://www.facebook.com/share/p/15XMy9ZGjv/,6,7,103,0,0,0,0,0,0,0,"Con Ana Lucía Velasco hemos charlado sobre los tibios, coyuntura política y los apartidistas. A ver si se dan una vueltita por mi YouTube: 
https://youtu.be/1n8edIDS-T4?si=aYnjX7ySIhkWWPup"
Natalia Aparicio,https://www.facebook.com/la.aparicioooo,no,2009-06-04,6600,0,2025-06-09,post,https://www.facebook.com/share/p/1AxC9VYFx7/,1,2,18,0,0,0,0,0,0,0,
