nombre perfil,url perfil,snapshot_date,creación del perfil,candidato identificado,seguidores,seguidos,fecha post,tipo de post,url post,comparticiones,comentarios,reacciones en total,me gusta,me encanta,me divierte,me entristece,me sorprende,me enoja,me importa,contenido
Quya Reyna,https://www.facebook.com/quya.reyna,2025-07-22,2016-03-20,no,9300,0,2025-07-17,post,https://www.facebook.com/share/p/1YaYq6w912/,39,88,500,170,35,291,0,4,0,0,"Mis queridos seguidores de Facebook, quiero comentarles que  mañana anunciaré a quién le daré mi apoyo político para las siguientes elecciones. Quiero que sepan que este apoyo es interesadamente desinteresado. Lo hago por la patria, para que siga flameando una banderita tricolor en cada corazón de mis hermanos bolivianos. 
Sé que me van a atacar. Varias personas me advirtieron: Quya, no te metas en esto, te van a criticar. Pero no me… Ver más"
Quya Reyna,https://www.facebook.com/quya.reyna,2025-07-22,2016-03-20,no,9300,0,2025-07-18,post,https://www.facebook.com/share/p/1BznKU7LC3/,5,31,178,124,49,2,0,1,0,2,"En mi retorno a La Paz, el grupo de jóvenes políticos llamado Presente me realizó una entrevista a cargo del querido Fabio Mateo Velásquez Luna. He disfrutado mucho est… Ver más"
Quya Reyna,https://www.facebook.com/quya.reyna,2025-07-22,2016-03-20,no,9300,0,2025-07-19,post,https://www.facebook.com/share/p/1CMZZZ1JFM/,24,29,352,188,149,1,0,12,0,3,"Yo me he imaginado a la Chaskañawi, de la novela de Medinaceli, así como es María Belén, la cantante de Estrellas del Valle. Desde hace tiempo la sigo y me hace admirar… Ver más"
Quya Reyna,https://www.facebook.com/quya.reyna,2025-07-22,2016-03-20,no,9300,0,2025-07-22,post,https://www.facebook.com/share/p/1BJQpUxMtp/,0,8,129,89,40,0,0,0,0,2,"Bueno, mi paso por Sucre fue muy breve. Lindo, como siempre, el Congreso de la Asociación de Estudios Bolivianos. … Ver más"
Quya Reyna,https://www.facebook.com/quya.reyna,2025-07-22,2016-03-20,no,9300,0,2025-07-22,post,https://www.facebook.com/share/p/19W54MmBGn/,0,11,109,85,23,0,0,2,0,0,"Lo más grato de la reunión fue conversar de forma respetuosa, amena y divertida. Fue un diálogo necesario y desde miradas diversas. Agradezco a la organización de la Un… Ver más"
Quya Reyna,https://www.facebook.com/quya.reyna,2025-07-22,2016-03-20,no,9300,0,2025-07-22,post,https://www.facebook.com/share/p/16oKB9NscQ/,21,26,115,88,0,3,1,18,4,2,"Hace unas horas, ANF Noticias Fides publicó sobre la renuncia del presidente interino del TSE, Óscar Hassenteufel, con el titular: ""Óscar Hassenteufel presenta renuncia… Ver más"
Quya Reyna,https://www.facebook.com/quya.reyna,2025-07-30,2016-03-20,no,9300,0,2025-07-23,post,https://www.facebook.com/share/p/1DY8ZnvRdk/,103,127,408,0,0,0,0,0,0,0,UNA IZQUIERDA JAILONA … Ver más
Quya Reyna,https://www.facebook.com/quya.reyna,2025-07-30,2016-03-20,no,9300,0,2025-07-24,post,https://www.facebook.com/share/p/19B3AFWkTJ/,22,1,133,69,2,0,54,0,2,6,Qué triste que ese sea el destino de nuestros grandes emblemas de la cultura boliviana...
Quya Reyna,https://www.facebook.com/quya.reyna,2025-07-30,2016-03-20,no,9300,0,2025-07-25,post,https://www.facebook.com/share/p/1C9LmhCGnC/,3,48,275,157,78,0,1,1,1,37,Estos días me ha dado por pensar en Dios y un poco en el lugar a donde mucha gente acudirá en una situación de crisis económica. El lugar donde la gente se ha refugiado… Ver más
Quya Reyna,https://www.facebook.com/quya.reyna,2025-07-30,2016-03-20,no,9300,0,2025-07-26,post,https://www.facebook.com/share/p/1FXLmkekDA/,14,28,124,108,11,0,0,2,0,3,"He notado que el libro de Ángel Castro, sobre la inversión estatal en Santa Cruz, ha generado críticas y discusiones últimamente. Y me alegra muchísimo. En su versión i… Ver más"
Quya Reyna,https://www.facebook.com/quya.reyna,2025-07-30,2016-03-20,no,9300,0,2025-07-28,post,https://www.facebook.com/share/p/1BRGsZxDYC/,28,62,180,156,2,19,0,1,0,2,"""EL DEBATE DE LA MEDIOCRIDAD"" así tituló Claude.ai el debate de los candidatos a vicepresidentes.… Ver más"
Quya Reyna,https://www.facebook.com/quya.reyna,2025-07-30,2016-03-20,no,9300,0,2025-07-29,post,https://www.facebook.com/share/p/15j6UNyYrr/,0,23,165,113,50,0,0,0,0,2,"Fuerza Latina de la Deutsche Welle llegó a Bolivia. Estos días estaremos grabando cinco historias maravillosas de mujeres bolivianas increíbles. Estaremos por El Alto, … Ver más"
