nombre perfil,url perfil,snapshot_date,creación del perfil,candidato identificado,seguidores,seguidos,fecha post,url post,comparticiones,comentarios,reacciones en total,me gusta,me encanta,me divierte,me entristece,me sorprende,me enoja,me importa,contenido
La Pesada Subversiva ,https://www.facebook.com/LaPesadaSubversiva,2025-05-23,2019-03-31,no,5200,6,2025-05-17,not-found-post-url--149141,0,0,,0,0,0,0,0,0,0,"Hoy 17 de mayo, día mundial de lucha contra la homofobia, lesbofobia y transfobia, anunciamos con mucha emoción lo que será Revolución Orgullo 2025. Será una propuesta … Ver más"
La Pesada Subversiva ,https://www.facebook.com/LaPesadaSubversiva,2025-06-02,2019-03-31,no,5200,0,2025-05-28,https://www.facebook.com/share/p/1EkVcs9Kw3/,6,0,,17,10,0,0,0,0,2,"Ya estamos trabajando en el Museo de Arte Contemporáneo de Santa Cruz de la Sierra, preparando todo para Revolución Orgullo 2025.… Ver más"
La Pesada Subversiva ,https://www.facebook.com/LaPesadaSubversiva,2025-06-02,2019-03-31,no,5200,0,2025-05-31,https://www.facebook.com/share/p/198Cx82VLx/,5,0,,10,7,0,0,0,0,3,"Revolución Orgullo, presente en la agenda de actividades culturales de la Secretaría Municipal de Cultura y Turismo de Santa Cruz de la Sierra. … Ver más"
La Pesada Subversiva ,https://www.facebook.com/LaPesadaSubversiva,2025-06-02,2019-03-31,no,5200,0,2025-06-02,https://www.facebook.com/share/p/192RPD4So2/,11,0,,15,13,0,0,0,0,2,"La esquina del Museo de Arte Contemporáneo de Santa Cruz de la Sierra, anuncia la pronta inauguración de la muestra de arte Revolución Orgullo, con un colorido paso de … Ver más"
