name,posts publicados,seguidores,siguiendo,comentarios obtenidos,posts compartidos,me gusta,me encanta,me divierte,me entristece,me enoja,me sorprende,me importa,reacciones en total,candidato identificado,url del perfil,creación de perfil
Melisa Ibarra,79,57961,0,1166,1648,2295,211,671,12,203,48,9,4319,no,https://www.facebook.com/melisa.ibarrarosario.5,2025-06-11
Rubi Garcia,77,16000,0,1164,3327,5435,348,368,28,158,117,28,6858,no,https://www.facebook.com/rubi.garcia.360686/,2025-05-27
Sayuri Loza,52,58000,0,417,2246,9438,1391,5476,477,224,480,152,17574,no,https://www.facebook.com/sayuri.loza,2025-05-30
PALMENIA YESINA VILLEGAS FLORES,51,0,0,3,3,20,0,0,0,0,0,0,20,no,https://www.facebook.com/palmenia.villegasflores,2025-07-22
NORMA GUTIERREZ AGUILAR,41,1600,0,660,1592,2404,183,15,0,0,0,18,2823,no,https://www.facebook.com/norma.aguilar.42052/friends,2025-05-27
Coordinadora de la Mujer - Observatorio de Género BO,40,22000,0,80,132,855,32,0,0,1,0,4,901,no,https://www.facebook.com/CoordinadoraBO,2025-05-19
Lilibeth Coimbra ,39,63000,0,2248,2461,8945,354,1593,534,831,475,31,13435,no,https://www.facebook.com/LilibethCoimbra1,2025-05-27
Cinthia Guidi,39,10000,0,45,2004,6101,526,248,11,40,14,40,6986,no,https://www.facebook.com/profile.php?id=100089615726605,2025-06-02
Andrea Cabrera Zambrana ,38,12000,1500,70,99,836,112,84,4,26,16,9,1087,no,https://www.facebook.com/andrea.cabrera.1023611,2025-06-01
BLANCA TUEROS SUAREZ,33,184,127,2,626,135,31,1,0,0,0,0,185,no,https://www.facebook.com/BlancaTuerosDiputadac49,2025-07-23
MARIA BERTHA GUTIERREZ MENDOZA,31,4000,4000,74,192,690,59,10,5,0,0,6,770,sí,https://www.facebook.com/mariabertha.gutierrezmendoza,2025-06-02
SILVIA MOLLER CHOQUE,26,0,0,0,2,7,0,0,0,0,0,0,10,sí,https://www.facebook.com/silvia.mollerchoque,2025-05-27
MARGOTH CERVANTES ALVAREZ,23,117,0,10,94,142,32,5,0,1,0,0,238,no,https://www.facebook.com/profile.php?id=61577777165669,2025-07-22
Nadia Montaño,23,14000,2000,0,7,51,8,0,2,0,0,1,62,no,https://www.facebook.com/nadiamontanortiz,2025-05-29
WANDA XIMENA MEDRANO HERVAS,23,393,1,86,135,386,104,1,2,0,2,28,553,no,https://www.facebook.com/wanda.medranohervas,2025-05-29
Ciberwarmis - Mujeres ayudando a mujeres,22,12000,0,5,47,142,14,0,0,0,0,1,157,no,https://www.facebook.com/Ciberwarmis.bo,2025-05-23
Nadia Beller,22,23000,0,215,2283,1933,120,3796,126,458,70,53,6647,no,https://www.facebook.com/nadia.beller.5,2025-05-30
PATRICIA MAGIN ARANCIBIA IBAÑEZ,21,3900,509,147,348,943,200,180,1,3,64,7,1568,sí,https://www.facebook.com/patriciamagin.arancibiaibanez,2025-05-28
TORIBIA LERO QUISPE,20,6600,815,83,80,322,60,15,0,11,0,1,417,sí,https://www.facebook.com/toribia.leroquispe,2025-05-27
CATHERINE PINTO VENEROS,16,616,0,13,68,114,10,1,0,0,0,2,127,no,https://www.facebook.com/CatherinePintoV,2025-07-22
DIANA ROCIO ROSALES MAMANI,16,1500,59,65,927,512,58,28,0,1,1,4,655,sí,https://www.facebook.com/diana.mamani.967,2025-05-28
ROSA TATIANA AÑEZ CARRASCO,15,3500,161,33,192,473,85,1,0,0,0,9,568,sí,https://www.facebook.com/tatiana.anez.92,2025-05-28
JAEL VELASQUEZ HUANCA,15,0,0,6,32,48,6,4,2,1,2,2,65,no,https://www.facebook.com/jael.velasquez.16,2025-07-23
INDIRA YAMBAR YAJAHIRA DESTRE ANTELO,15,1300,38,104,235,373,92,5,0,0,1,2,821,no,https://www.facebook.com/profile.php?id=61576638942004,2025-07-22
ANDREA BRUNA BARRIENTOS SAHONERO,15,20000,82,165,383,884,21,66,0,2,0,1,974,sí,https://www.facebook.com/AndreaBarrientosCC,2025-06-01
ELBA ACEITUNO ZARATE,14,2600,399,5,12,99,5,3,0,0,0,0,107,no,https://www.facebook.com/elba.aceitunozarate,2025-07-22
LITZIE NADIR ORELLANA ARCIENEGA,13,401,0,25,191,244,95,0,0,0,0,1,340,no,https://www.facebook.com/profile.php?id=100086632991153,2025-07-23
PAOLA ANDREA FERNANDEZ REA,13,115000,0,283,216,656,166,7,0,1,0,3,833,no,https://www.facebook.com/profile.php?id=100095305101750,2025-07-23
FLAVIA BARBERY RAMOS,13,26000,0,66,393,663,112,17,1,0,0,2,795,no,https://www.facebook.com/flavia.barberyramos,2025-05-30
DALVA LORGIA CESAR REYES,13,6900,0,20,54,145,13,0,0,0,0,4,162,no,https://www.facebook.com/dalva.cesar.reyes,2025-07-22
Dimelza Rodriguez Quinsamolle,13,3400,0,559,452,3400,23,11,0,0,1,0,3435,no,https://www.facebook.com/profile.php?id=61570121371268,2025-05-27
MARIA KHALINE MORENO CARDENAS,12,20000,184,47,96,583,173,13,1,2,0,20,791,sí,https://www.facebook.com/profile.php?id=100048470096823,2025-06-02
SUSANA MONTAÑO,12,277,0,12,150,246,39,1,0,0,0,26,312,no,https://www.facebook.com/profile.php?id=61577615530574,2025-07-22
PAOLA LORENA BARRIGA MACHICAO,12,10000,0,14,26,43,31,4,3,0,0,5,86,sí,https://www.facebook.com/paola.barriga.104,2025-05-28
CLAUDIA ALIDA SALAS TAMBARE,11,0,0,17,121,90,10,1,0,0,0,0,151,sí,https://www.facebook.com/claudiaalida.salastambare,2025-05-28
Melania Torrico,11,20000,2800,58,4,64,2,123,0,1,0,0,190,no,https://www.facebook.com/melania.pericon,2025-05-27
ELIANE MORENO RAMOS,11,5600,618,75,330,1368,119,0,1,0,0,7,1495,no,https://www.facebook.com/eliane.moreno.9843,2025-07-23
XIMENA ARISPE BERNABE,11,790,201,31,74,250,25,0,0,0,1,1,277,no,https://www.facebook.com/ximena.daniela.arispe/,2025-07-29
LUCERO CELESTE JUSTINIANO OROPEZA,10,6400,1100,17,32,145,38,2,0,0,0,0,185,no,https://www.facebook.com/lucero.justiniano.1,2025-07-23
JENNY GABRIELA ORELLANA PICCOLOMINI,10,723,34,7,17,113,17,1,0,0,0,1,154,no,https://www.facebook.com/profile.php?id=100063858108926,2025-07-23
MARIA ESTHER GONGORA MIRANDA,10,1500,0,13,9,87,19,4,0,0,1,1,112,sí,https://www.facebook.com/mariaestherasambleista,2025-05-27
BETTSY SHIRLEY SAUCEDO AGUADA,10,0,0,25,46,302,67,0,0,0,0,2,371,no,https://www.facebook.com/betsy.saucedo.18,2025-07-22
YHISSEL MARISOL DAVALO LANCEA,10,2900,633,68,142,433,94,8,0,0,0,4,618,sí,https://www.facebook.com/nenita.savedra.7,2025-06-02
MONICA EVA COPA MURGA,10,164000,0,142,176,2382,43,443,0,32,1,4,2903,no,https://www.facebook.com/EvaCopaBO,2025-07-23
GRISELDA FABIANA GUTIERREZ OSORIO,10,185,3,2,72,133,12,0,2,0,0,0,147,no,https://www.facebook.com/profile.php?id=61576875537258,2025-07-22
PAMELA CAYAYA SALDIVAR,9,403,0,22,35,145,23,0,0,0,0,2,170,no,https://www.facebook.com/profile.php?id=61577218509056,2025-07-22
KELLY ANDREA VELARDE ARANCIBIA,9,1300,0,442,1003,566,188,0,0,0,0,3,2115,no,https://www.facebook.com/KellyVelardeBO,2025-07-22
KATERINE JULIANA BARROBE ORDOÑEZ,9,70,0,0,5,25,1,0,0,0,0,0,26,no,https://www.facebook.com/profile.php?id=61577903163817,2025-07-23
CINTIA MONICA PUERTA CAMPOS,9,0,0,1,6,29,9,1,0,0,0,0,40,no,https://www.facebook.com/cintiamonica.puertacampos,2025-07-23
Sofi Rocha,8,8000,2000,27,12,179,41,1,0,0,1,3,224,no,https://www.facebook.com/sofi.rocha.12,2025-05-27
Yessica Villarroel Caraballo,8,3700,0,28,5,132,69,0,0,0,1,8,210,no,https://www.facebook.com/yessica.villaroelcaraballo,2025-06-02
FELIPA YALILY MONTENEGRO MONTAÑO,8,5600,0,13,48,225,37,3,0,2,0,1,268,sí,https://www.facebook.com/profile.php?id=100075078369212,2025-05-29
AZUCENA ALEJANDRA FUERTES MAMANI,8,9800,0,110,11,175,43,5,1,1,2,1,257,sí,https://www.facebook.com/AzucenaFuertesPotosi,2025-05-29
CECILIA ISABEL REQUENA ZARATE,8,4500,163,19,117,55,3,0,30,12,3,2,289,sí,https://www.facebook.com/CeciliaRequenaZarate,2025-05-30
NIRVATH MARITZA VILLENA CARDOZO,8,2700,512,54,47,191,61,1,0,0,0,3,256,no,https://www.facebook.com/nirvathmaritza.villenacardozodelopez,2025-05-28
FATHME NANEYDA RONCAL MICHEL,8,500,26,13,68,128,41,8,0,0,0,1,178,no,https://www.facebook.com/profile.php?id=61578010611181,2025-07-23
MIRIAM JIMENA MICHEL LLANOS,8,206,16,20,196,89,28,1,0,0,0,3,121,no,https://www.facebook.com/miriam.michelllanos,2025-05-28
LUZ MARY ZELAYA VIDAURRE,7,175,0,2,6,0,0,0,0,0,0,0,0,no,https://www.facebook.com/luzmary.zelaya,2025-05-28
Natalia Aparicio,7,9100,0,16,85,685,115,3,2,1,3,11,820,no,https://www.facebook.com/la.aparicioooo,2025-05-28
Carla Sandy Claure ,7,11000,0,49,4,104,22,8,0,0,2,3,139,no,https://www.facebook.com/carla.sandy.007,2025-05-28
LIDIA JANETH PIZARRO CHUQUICHAMBI,7,1200,16,7,241,197,16,2,0,0,0,0,215,no,https://www.facebook.com/JanethPizarroChuquichambi,2025-07-23
LORENA ANAIZ PEREZ DAVALOS,6,6900,0,1,2,16,4,0,0,0,0,0,20,sí,https://www.facebook.com/lorena.a.davalos,2025-05-27
Mueres Creando,6,63000,68,18,182,285,45,2,109,1,1,10,453,no,https://www.facebook.com/MUJERESCREANDO1,2025-05-19
MARIBEL AVALOS PADILLA,6,0,0,0,0,0,0,0,0,0,0,0,0,no,https://www.facebook.com/maribel.avalos.370,2025-07-23
MINERVA WARA RUEDA LOPEZ,6,179,0,17,95,57,2,5,0,0,0,0,168,no,https://www.facebook.com/WaraRuedaDiputadaC32,2025-07-22
Mamás Sororas de Bolivia ,6,13000,233,9,15,43,4,15,3,8,2,0,75,no,https://www.facebook.com/MamasSororasBolivia,2025-05-19
CYNTHIA CARLA HUACANI PAJARITO,6,0,0,8,29,43,6,0,0,0,0,4,62,no,https://www.facebook.com/cynthia.huacanipajarito,2025-05-27
MAISSIE CAROLINE VELASQUEZ VILLARROEL,6,0,0,14,22,65,3,0,0,0,0,0,68,no,https://www.facebook.com/bce.bce.854576,2025-07-22
ZELMA MORALES REVOLLO,6,0,0,18,8,74,18,0,0,0,0,0,114,no,https://www.facebook.com/zelma.morales.73,2025-07-22
ESTHER SALVATIERRA LANDIVAR,5,246,7,3,35,65,6,0,0,0,0,0,71,no,https://www.facebook.com/esther.salvatierralandivar,2025-05-28
YOVANA TERRAZAS POLANCO,5,0,0,46,41,23,5,0,0,0,0,0,161,no,https://www.facebook.com/yovana.terrazaspolanco,2025-07-22
Quya Reyna,5,9500,0,248,214,888,368,11,1,1,0,33,1301,no,https://www.facebook.com/quya.reyna,2025-07-22
ANAHI NAYELY ROCHA RODAS,5,1500,0,0,1,21,8,1,0,0,0,0,30,no,https://www.facebook.com/nayeli.rocha.902,2025-07-23
NATHALY TOVIAS CLAURE,5,5600,0,24,39,332,85,7,0,0,0,3,427,no,https://www.facebook.com/nathaly.toviasclaure,2025-06-01
TOMASA YARHUI JACOME,5,2200,65,9,5,26,6,2,0,0,0,0,34,sí,https://www.facebook.com/TomasaYarhuiJ,2025-05-30
GLENDA MARLENE AGUILERA PADILLA,5,2300,118,8,3,58,13,0,0,0,0,0,71,no,https://www.facebook.com/marlene.aguilerapadilla,2025-06-23
Feminismo Comunitario Antipatriarcal,5,35000,0,0,7,11,2,0,0,1,0,1,15,no,https://www.facebook.com/feminismo.comunitario.Antipatriarcal,2025-05-19
NAIR STIVEN SANCHEZ OROZCO,4,196,0,0,5,23,3,0,0,0,0,0,26,no,https://www.facebook.com/nair.stiven.sanchez.orozco,2025-05-28
GABRIELA MAEVA DURAN POZO,4,1400,22,2,7,34,5,1,0,0,0,0,40,no,https://www.facebook.com/maeshezidduran,2025-07-22
Capiguara Libertaria,3,19000,0,0,0,0,0,0,0,0,0,0,0,no,https://www.facebook.com/luisita.balbian,2025-06-02
Jhanisse V. Daza,3,11000,0,9,16,199,64,1,0,0,0,5,269,no,https://www.facebook.com/jhanisse,2025-06-02
VERONICA LAFUENTE VASQUEZ,3,628,0,10,7,48,6,1,0,0,0,2,57,no,https://www.facebook.com/veronica.lafuentevasquez,2025-07-22
MARINA ISABEL CACHAMBI ALVAREZ,3,971,14,311,443,201,18,1,78,0,0,2,497,sí,https://www.facebook.com/profile.php?id=100063933884078,2025-05-27
Ana Lucía Velasco,3,2100,0,12,8,47,1,90,1,1,1,0,141,no,https://www.facebook.com/anavelascou,2025-05-29
Maria Galindo,3,241000,0,5,12,105,5,0,0,0,0,1,111,no,https://www.facebook.com/profile.php?id=100008591051800,2025-05-28
CYNTHIA MARIA BURGOS SEGOVIA,3,110,0,0,0,3,0,0,0,0,0,0,3,no,https://www.facebook.com/profile.php?id=61577598027651,2025-07-22
NAYRA VASQUEZ LOBO,3,893,449,5,1,47,51,0,1,0,0,6,105,no,https://www.facebook.com/Nay.Vasquez.Lobo,2025-07-23
MARISELVA POLANCO VENTURA,2,2100,226,4,3,24,7,0,0,0,0,2,33,no,https://www.facebook.com/mariselva.polancoventura.1,2025-07-23
Andrea Vaca Barbery ,2,39000,51,67,66,582,181,3,0,1,0,7,774,no,https://www.facebook.com/andreavacabarbery,2025-05-27
DANDY BAUER DORADO,2,165,3,0,4,8,4,0,0,0,0,0,12,no,https://www.facebook.com/profile.php?id=61578261328878,2025-07-22
TIRZA SUAREZ HINOJOSA,2,32000,41,0,0,2,0,0,0,0,0,0,2,no,https://www.facebook.com/people/Nacional-Seguros-Agente-V%C3%ADctor-Hugo-Garc%C3%ADa/61563091755163/,2025-07-22
YAMILKA SOFIA SADUD BANZER,2,158,0,3,9,23,7,0,0,0,0,0,30,no,https://www.facebook.com/yamilka.sadudbanzer,2025-05-28
SHIRLEY MALDONADO ALVAREZ,2,281,0,5,4,21,3,0,0,0,0,0,24,sí,https://www.facebook.com/profile.php?id=61576562194155,2025-05-28
Clau Pami'sh Rzy ,1,4100,0,8,89,23,0,0,0,14,0,0,37,no,https://www.facebook.com/pamizapatachu/,2025-05-27
DANIELA COVARRUBIAS BEDOYA,1,4800,0,0,0,0,0,0,0,0,0,0,0,no,https://www.facebook.com/daniela.covarrubiasbedoya,2025-07-23
Por la vida de las mujeres,1,16000,0,0,1,3,1,0,0,0,0,0,4,no,https://www.facebook.com/Porlavidadelasmujeres.Bolivia,2025-05-19
Roxana Duchên,1,63000,0,47,63,617,0,0,0,0,0,0,617,no,https://www.facebook.com/RoxanaDuchenn,2025-05-27
Nelly Flores,1,0,0,1,0,0,0,0,0,0,0,0,0,no,https://www.facebook.com/profile.php?id=100049763891374,2025-06-02
AMALIA APAZA MAMANI,1,0,0,0,0,0,0,0,0,0,0,0,0,no,https://www.facebook.com/amalia.apazamamani,2025-05-28
Walaichas WASAS ,1,1700,18,0,0,2,3,0,1,0,0,1,7,no,https://www.facebook.com/profile.php?id=100082900523964,2025-05-19
KATHIUSKA GUZMAN ORELLANA,1,1200,153,2,8,23,0,0,0,0,0,0,23,no,https://www.facebook.com/walter.a.sanchez.50,2025-05-29
Carola Antezana,1,579,0,14,9,13,0,50,0,0,0,0,63,no,https://www.facebook.com/carola.a.pantoja,2025-05-29
MARIA NELA PEREZ ZAMBRANA,1,1800,0,0,1,4,0,0,0,0,0,0,4,no,https://www.facebook.com/marianela.perezzambrana,2025-07-22
Pan y Rosas Bolivia,1,10000,257,1,9,8,3,0,0,0,0,0,11,no,https://www.facebook.com/panyrosasdebolivia,2025-05-19
ROSALIA PONCE CHAMBI,1,0,0,0,0,0,0,0,0,0,0,0,0,no,https://www.facebook.com/rosalia.poncechambi.7,2025-07-23
MIRTHA VERONICA BAZUALDO POZO,1,0,0,0,1,5,0,0,0,0,0,0,5,no,https://www.facebook.com/verito.bazu,2025-07-23
YAMILA NUR REYES ORTEGA,1,183,0,1,4,12,5,0,0,0,0,0,17,no,https://www.facebook.com/profile.php?id=61572021665143,2025-05-29
ROSMERY SUSI GABRIEL QUENTA,1,68,0,0,0,4,0,0,0,0,0,0,4,no,https://www.facebook.com/rosmerysusi.gabrielquenta.1,2025-06-23
YOLA SUXO MAMANI,1,45,0,0,0,2,0,0,0,0,0,0,2,no,https://www.facebook.com/profile.php?id=61578456866344,2025-07-23
MARIA DANIELA ARISPE POZO,1,1800,11,3,11,19,8,2,0,0,0,4,33,sí,https://www.facebook.com/maria.bozo.7393,2025-05-27
GABRIELA MIROSLAVA GONZALES MACHICADO,1,7000,0,3,1,35,0,0,0,0,0,0,35,no,https://www.facebook.com/ggonzalesmachicado,2025-05-29
LECCY OLVEA SALINAS,1,31,0,0,19,10,1,0,0,0,0,0,11,no,https://www.facebook.com/profile.php?id=61578376469637,2025-07-22
DIANA PATRICIA PAPUTSAKIS BURGOS,1,6000,0,2,1,19,0,0,0,0,0,0,19,sí,https://www.facebook.com/patricia.paputsakisburgos,2025-06-02
