nombre perfil,url perfil,snapshot_date,creación del perfil,candidato identificado,seguidores,seguidos,fecha post,tipo de post,url post,comparticiones,comentarios,reacciones en total,me gusta,me encanta,me divierte,me entristece,me sorprende,me enoja,me importa,contenido
El Confesionario UCB ,https://www.facebook.com/profile.php?id=100063830662612,2025-06-16,2021-01-18,no,29000,76,2025-02-04,post,https://www.facebook.com/share/p/1HcsjpxcnZ/,14,6,101,63,0,6,1,30,1,0,"Confesión #635
¿Hasta cuándo la impunidad en nuestra universidad?
En un momento en que salen a la luz múltiples casos de abuso de poder y estupro, como el reciente escándalo del Papirri, resulta urgente denunciar lo que ocurre dentro de nuestra propia institución. A pocos días del lanzamiento de la nueva carrera “Comunicación Digital Multimedia”, es inaceptable que el profesor Juan Pablo (Jean Paul) Guzmán continúe ejerciendo la docen… Ver más"
El Confesionario UCB ,https://www.facebook.com/profile.php?id=100063830662612,2025-06-16,2021-01-18,no,29000,76,2025-02-19,post,https://www.facebook.com/share/p/15TAy85JLF/,7,17,166,133,2,17,1,13,0,0,"Confesión #639
La crisis en la universidad es tan grave que, cada año, literal hay más asientos vacíos que estudiantes. La desesperación o la falta de ideas ha llegado al punto de contratar presentadores de televisión para promocionar la educación y los ambientes con un guion genérico, así como pagarles con promesas a estudiantes para que hagan TikToks a favor de la universidad.
Si se preguntan por qué no tienen nuevos estudiantes, l… Ver más"
El Confesionario UCB ,https://www.facebook.com/profile.php?id=100063830662612,2025-06-16,2021-01-18,no,29000,76,2025-03-07,post,https://www.facebook.com/share/p/19DKgWeqeQ/,1,22,74,26,0,34,0,12,2,0,"Confesión #640
Como van los preparativos para el viaje de vacaciones todo pagado para el grupo privilegiado del ingeniero Fabio Díaz ? Ya terminaron de armar su triciclo, la católica una vez mas sera humillada frente a un instituto que enseña inglés ? Pero los hilos están movidos por el ing diaz  para tener su viaje todo pagado. La católica sigue apoyando a Fabio Díaz en sus engaños, deberían ponerse a averiguar los favores que pide a… Ver más"
El Confesionario UCB ,https://www.facebook.com/profile.php?id=100063830662612,2025-06-16,2021-01-18,no,29000,76,2025-03-08,post,https://www.facebook.com/share/p/18r4tC5WVm/,2,6,62,37,2,23,0,0,0,0," 8M: Nada que celebrar, todo por lo que luchar
Hoy, en el Día Internacional de la Mujer, no podemos quedarnos en silencio. La Universidad Católica y sus sedes por toda Bolivia , ha fallado en lo más básico: garantizar un espacio seguro para las mujeres .
Aquí, las denuncias de acoso contra docentes y alumnos fueron ignoradas a tal punto de permitirles entrada en aulas como si nada. El actividades extracurriculares , en lugar de ser… Ver más"
El Confesionario UCB ,https://www.facebook.com/profile.php?id=100063830662612,2025-06-16,2021-01-18,no,29000,76,2025-03-13,post,https://www.facebook.com/share/p/15j9FpudAd/,4,19,49,18,0,5,0,19,7,0,"Confesión #642
UCB sede Tarija 
Increíble la legalidad de los de derecho de la UCB sede Tarija, en esta ocasión la ""presidenta"" que no hizo nada en su gestión ahora es expulsada del consejo municipal de la juventud de Tarija, ilegalidades muy legales, me contaron que perdió las redes de la sociedad, nadie puede acceder a ellas o quien sabe aun las tiene y no quiere darlas jajaja. Paola Balanza fue la preferida de la carrera de derecho… Ver más"
El Confesionario UCB ,https://www.facebook.com/profile.php?id=100063830662612,2025-06-16,2021-01-18,no,29000,76,2025-03-13,post,https://www.facebook.com/share/p/1FE2Xyd9Ff/,2,1,34,8,0,26,0,0,0,0,Estamos en una crisis ¿por que son así?
El Confesionario UCB ,https://www.facebook.com/profile.php?id=100063830662612,2025-06-16,2021-01-18,no,29000,76,2025-03-27,post,https://www.facebook.com/share/p/18sdKQJbpx/,1,1,26,10,1,9,0,6,0,0,"Confesión #644
Quiero hacer una queja pública a la carrera de economía acerca de uno de sus docentes de tiempo completo, el Mgr Raúl Rubin de Celis...
Es de conocimiento público que ya no le es permitido dictar materias como: ""Microeconomía II"" o  ""Econometría"", esto debido a que estudiantes de otras carreras presentaron quejas formales acerca de su pésima enseñanza. Debido a ello, ahora sólo se limita a dictar materias que son únicam… Ver más"
El Confesionario UCB ,https://www.facebook.com/profile.php?id=100063830662612,2025-06-16,2021-01-18,no,29000,76,2025-03-30,post,https://www.facebook.com/share/p/1GPNGMmbX1/,2,36,180,113,34,24,0,8,0,1,"Confesión #646
Soy el famoso Ing. Fabio Diaz, y espero que este mensaje se publique demostrando cierta imparcialidad de la página. No es un mensaje anónimo como se suele tener y nunca respondí a ningún mensaje que me aludió desde que se creó esta página (4 años de odio). Pero siento que no hay otro camino dado que las cosas han escalando a un nivel alarmante en relación a mi entorno e incluso puede afectar a mi integridad personal.
S… Ver más"
El Confesionario UCB ,https://www.facebook.com/profile.php?id=100063830662612,2025-06-16,2021-01-18,no,29000,76,2025-04-01,post,https://www.facebook.com/share/p/1Ab2Eatwb5/,4,14,42,13,3,26,0,0,0,0,"Mientras tanto en la carrera de diseño gráfico de la Católica se pelean por un ""Mercado de pulgas"" , la IA avanza con nuevas actualizaciones, reduciendo las oportunidad… Ver más"
El Confesionario UCB ,https://www.facebook.com/profile.php?id=100063830662612,2025-06-16,2021-01-18,no,29000,76,2025-04-02,post,https://www.facebook.com/share/p/15b4AMYqEL/,1,9,36,21,1,10,0,4,0,0,"Querid@s seguidores,
En los últimos días se ha hablado mucho sobre la carrera de Diseño Gráfico de la universidad, ya sea en relación con el centro de estudiantes o con la tendencia de la inteligencia artificial en la creación de fotografías al estilo Studio Ghibli.
Sin embargo, ha surgido una duda a raíz de un caso que una de las admis quiere mencionar. Se trata de un tema muy controvertido relacionado con los derechos de autor, ya… Ver más"
El Confesionario UCB ,https://www.facebook.com/profile.php?id=100063830662612,2025-06-16,2021-01-18,no,29000,76,2025-04-09,post,https://www.facebook.com/share/p/1CX1dt4F5a/,0,0,3,3,0,0,0,0,0,0,
El Confesionario UCB ,https://www.facebook.com/profile.php?id=100063830662612,2025-06-16,2021-01-18,no,29000,76,2025-04-09,post,https://www.facebook.com/share/p/1Xcw8QHVWs/,9,18,151,82,4,0,26,35,2,2,"La Diseñadora invisible
Durante más de una década, como una de las administradoras de la página, he guardado un secreto familiar que jamás pensé revelar. Pero, con las recientes tendencias en inteligencia artificial aplicadas al diseño gráfico capaces de crear obras visuales en segundos, siento que ha llegado el momento de hablar. No solo por justicia, sino porque el silencio también puede ser cómplice.
Tal vez hayan conocido famil… Ver más"
El Confesionario UCB ,https://www.facebook.com/profile.php?id=100063830662612,2025-06-11,2021-01-18,no,29000,76,2025-04-10,post,https://www.facebook.com/share/p/16iTn9eY2W/,1,5,34,0,0,0,0,0,0,0,"Confesión #648
No parece sospechoso tener directores de carrera que han estado en ese puesto por 10 años yo les creo a las anteriores confesiones que hablaron sobre diseño gráfico ponen a su gente estos no hacen nada o el peor de los casos andan robando ideas en fin yo quiero hablar del mismo modus operandi que tiene la carrera de Ingeniería Mecatrónica a la cabeza de Fabio Diaz qué por 10 años puso a sus amistades a dar cátedra no bu… Ver más"
El Confesionario UCB ,https://www.facebook.com/profile.php?id=100063830662612,2025-06-16,2021-01-18,no,29000,76,2025-04-10,post,https://www.facebook.com/share/p/1ArnRe1nf9/,1,5,34,16,0,14,0,4,0,0,"Confesión #648
No parece sospechoso tener directores de carrera que han estado en ese puesto por 10 años yo les creo a las anteriores confesiones que hablaron sobre diseño gráfico ponen a su gente estos no hacen nada o el peor de los casos andan robando ideas en fin yo quiero hablar del mismo modus operandi que tiene la carrera de Ingeniería Mecatrónica a la cabeza de Fabio Diaz qué por 10 años puso a sus amistades a dar cátedra no bu… Ver más"
El Confesionario UCB ,https://www.facebook.com/profile.php?id=100063830662612,2025-06-11,2021-01-18,no,29000,76,2025-04-13,post,https://www.facebook.com/share/p/1CEJ8qVfKy/,3,2,59,0,0,0,0,0,0,0,"Confesión #650
¿Quién hubiera pensado que un instituto de idiomas como el CBA Santa Cruz llegaría tan lejos? Ser el primer equipo en estar entre los tres mejores en el … Ver más"
El Confesionario UCB ,https://www.facebook.com/profile.php?id=100063830662612,2025-06-11,2021-01-18,no,29000,76,2025-04-13,post,https://www.facebook.com/share/p/1XyCYXHL91/,1,8,15,0,0,0,0,0,0,0,"Confesión #649
Historia del Rover a Pedales de Mecatrónica: Mucho ruido, pocas tuercas.… Ver más"
El Confesionario UCB ,https://www.facebook.com/profile.php?id=100063830662612,2025-06-16,2021-01-18,no,29000,76,2025-04-13,post,https://www.facebook.com/share/p/16NFemJLA8/,1,8,15,12,0,3,0,0,0,0,"Confesión #649
Historia del Rover a Pedales de Mecatrónica: Mucho ruido, pocas tuercas.… Ver más"
El Confesionario UCB ,https://www.facebook.com/profile.php?id=100063830662612,2025-06-11,2021-01-18,no,29000,76,2025-04-15,post,https://www.facebook.com/share/p/1AsCENnpUm/,1,6,28,0,0,0,0,0,0,0,"Confesión #651
La verdad, da un poco de risa (y también algo de pena) ver cómo maneja su ""logro"" relacionado con la NASA. Todos sabemos que usted pidió votos directamen… Ver más"
El Confesionario UCB ,https://www.facebook.com/profile.php?id=100063830662612,2025-06-11,2021-01-18,no,29000,76,2025-04-16,post,https://www.facebook.com/share/p/1AmvaNGNx7/,0,8,41,0,0,0,0,0,0,0,"Confesión #652
Ya que están hablando de ingenierías quiero denunciar los acosos e insinuaciones sexuales por parte del docente Gabriel Mejía ya da miedo asistir a sus clases sin que diga comentarios asquerosos no te dirige la palabra o atención si no aceptas sus acosos donde queda la Tolerancia 0 y espacios seguros no es la primera vez que la Facultad de Ingeniería tienen docentes acosadores espero que tomen cartas en el asunto si es … Ver más"
El Confesionario UCB ,https://www.facebook.com/profile.php?id=100063830662612,2025-06-16,2021-01-18,no,29000,76,2025-04-16,post,https://www.facebook.com/share/p/1AaEPbA2VF/,0,8,41,20,0,8,1,12,0,0,"Confesión #652
Ya que están hablando de ingenierías quiero denunciar los acosos e insinuaciones sexuales por parte del docente Gabriel Mejía ya da miedo asistir a sus clases sin que diga comentarios asquerosos no te dirige la palabra o atención si no aceptas sus acosos donde queda la Tolerancia 0 y espacios seguros no es la primera vez que la Facultad de Ingeniería tienen docentes acosadores espero que tomen cartas en el asunto si es … Ver más"
El Confesionario UCB ,https://www.facebook.com/profile.php?id=100063830662612,2025-06-16,2021-01-18,no,29000,76,2025-04-22,post,https://www.facebook.com/share/p/1BVqXxJEgK/,1,1,24,14,0,4,0,6,0,0,"Confesión #653
Se fue Cecilia Mariaca al fin, A ver si colocan esto.  Mariaca que duró más que el MAS por sus lambisconeadas con el clérigo.… Ver más"
El Confesionario UCB ,https://www.facebook.com/profile.php?id=100063830662612,2025-06-16,2021-01-18,no,29000,76,2025-04-22,post,https://www.facebook.com/share/p/1EYN4CYxc7/,0,8,21,7,0,10,0,4,0,0,"Confesión #655
Despues de hacer el ridiculo en la Nasa, en la competencia  no pudo pasar ni el primer obstáculo y con sus premios uno más medicore que el otro (uno por hacer TikTok y el otro por pedir a sus estudiantes que voten por el hasta leerlo da lástima), la competencia terminó hace más de una semana y recién hoy el ingeniero Fabio diaz vuelve a su puesto laboral ,fue por la competencia debería retornar una vez ,no es la primera… Ver más"
El Confesionario UCB ,https://www.facebook.com/profile.php?id=100063830662612,2025-06-16,2021-01-18,no,29000,76,2025-04-23,post,https://www.facebook.com/share/p/16QBZJsXyk/,0,1,16,10,3,0,0,3,0,0,"Confesión #656
Nunca espero cambios positivos en la universidad porque sigue la corrupción, nepotismo incluso se encubren hechos de acoso y abuso por mantener el prestigio quiero hablar de un tema poco conocido sobre el presupuesto para actividades extracurriculares en algunos casos se da una desigualdad para actividades que merecen ser más promocionadas este presupuesto esta desde la pastoral si no es gratis aunque sea de la iglesia … Ver más"
El Confesionario UCB ,https://www.facebook.com/profile.php?id=100063830662612,2025-06-11,2021-01-18,no,29000,76,2025-04-23,post,https://www.facebook.com/share/p/16KvdRaxEA/,0,1,16,0,0,0,0,0,0,0,"Confesión #656
Nunca espero cambios positivos en la universidad porque sigue la corrupción, nepotismo incluso se encubren hechos de acoso y abuso por mantener el prestigio quiero hablar de un tema poco conocido sobre el presupuesto para actividades extracurriculares en algunos casos se da una desigualdad para actividades que merecen ser más promocionadas este presupuesto esta desde la pastoral si no es gratis aunque sea de la iglesia … Ver más"
El Confesionario UCB ,https://www.facebook.com/profile.php?id=100063830662612,2025-06-11,2021-01-18,no,29000,76,2025-04-24,post,https://www.facebook.com/share/p/16cJ2wyKxM/,7,49,236,0,0,0,0,0,0,0,
El Confesionario UCB ,https://www.facebook.com/profile.php?id=100063830662612,2025-06-16,2021-01-18,no,29000,76,2025-04-25,post,https://www.facebook.com/share/p/18gbkM3qck/,1,25,49,9,0,23,0,17,0,0,"Confesión #657
Hoy quiero hablarles de un tema interesante para todos los estudiantes de la carrera de derecho, resulta que en la carrera hay una estudiante que es muy cotizada por los docentes (no me refiero a lo académico). En especial en la materia de CONTRATOS COMERCIALES, puesto que el Dr. Salame, tiene bastantes consideraciones con esta señorita permitiéndole ingresar a clases como supuesta ""oyente"", muchos nos preguntamos si el… Ver más"
El Confesionario UCB ,https://www.facebook.com/profile.php?id=100063830662612,2025-06-16,2021-01-18,no,29000,76,2025-04-25,post,https://www.facebook.com/share/p/1633Wcdvyp/,2,1,35,10,1,20,1,3,0,0,
El Confesionario UCB ,https://www.facebook.com/profile.php?id=100063830662612,2025-06-11,2021-01-18,no,29000,76,2025-04-25,post,https://www.facebook.com/share/p/16MK1ZvcGR/,1,24,49,0,0,0,0,0,0,0,"Confesión #657
Hoy quiero hablarles de un tema interesante para todos los estudiantes de la carrera de derecho, resulta que en la carrera hay una estudiante que es muy cotizada por los docentes (no me refiero a lo académico). En especial en la materia de CONTRATOS COMERCIALES, puesto que el Dr. Salame, tiene bastantes consideraciones con esta señorita permitiéndole ingresar a clases como supuesta ""oyente"", muchos nos preguntamos si el… Ver más"
El Confesionario UCB ,https://www.facebook.com/profile.php?id=100063830662612,2025-06-16,2021-01-18,no,29000,76,2025-04-26,post,https://www.facebook.com/share/p/1HjBhnspVi/,0,6,40,33,0,6,0,1,0,0,"Confesión #658
Ahora que el Ing. Fabio terminó de ser director de carrera y dejó el cargo, ¿asumo que por fin lo dejarán en paz? Al fin podrá descansar su fan número 1 
. Ingeniería Mecatrónica tendrá un nuevo director de carrera, pero solo quienes realmente vivimos la carrera sabemos cuánto impactó su presencia en la formación de profesionales y diferentes proyectos en la carrera."
El Confesionario UCB ,https://www.facebook.com/profile.php?id=100063830662612,2025-06-16,2021-01-18,no,29000,76,2025-05-09,post,https://www.facebook.com/share/p/1EWNLzqJrH/,1,12,79,17,0,35,1,25,1,0,"Confesión #659
Hay un tema muy serio en la UCB Sede La Paz que debe conocer toda la comunidad universitaria: me refiero a los porteros, también conocidos como ""los azulitos"". Resulta que la mayoría de las personas los ven como buenos trabajadores, pero si les dijera que algunos de ellos tienen antecedentes penales desde robo agravado, violencia doméstica e incluso abuso sexual, se sorprenderían.
Todo esto es de conocimiento entre ell… Ver más"
El Confesionario UCB ,https://www.facebook.com/profile.php?id=100063830662612,2025-06-11,2021-01-18,no,29000,76,2025-05-09,post,https://www.facebook.com/share/p/1C7u7jqB3R/,1,12,79,0,0,0,0,0,0,0,"Confesión #659
Hay un tema muy serio en la UCB Sede La Paz que debe conocer toda la comunidad universitaria: me refiero a los porteros, también conocidos como ""los azulitos"". Resulta que la mayoría de las personas los ven como buenos trabajadores, pero si les dijera que algunos de ellos tienen antecedentes penales desde robo agravado, violencia doméstica e incluso abuso sexual, se sorprenderían.
Todo esto es de conocimiento entre ell… Ver más"
El Confesionario UCB ,https://www.facebook.com/profile.php?id=100063830662612,2025-06-11,2021-01-18,no,29000,76,2025-05-09,post,https://www.facebook.com/share/p/16Pu7ePjMi/,2,0,2,0,0,0,0,0,0,0,"𝐋𝐚 𝐫𝐞𝐬𝐢𝐬𝐭𝐞𝐧𝐜𝐢𝐚 𝐚𝐥 𝐜𝐚𝐦𝐛𝐢𝐨
Tras una década, cam… Ver más"
El Confesionario UCB ,https://www.facebook.com/profile.php?id=100063830662612,2025-06-16,2021-01-18,no,29000,76,2025-05-10,post,https://www.facebook.com/share/p/1CeT9XWLWV/,0,1,7,5,1,0,1,0,0,0,
El Confesionario UCB ,https://www.facebook.com/profile.php?id=100063830662612,2025-06-16,2021-01-18,no,29000,76,2025-05-10,post,https://www.facebook.com/share/p/1YinxFf1rL/,0,4,41,10,0,2,0,11,18,0,"Confesión #660
Quiero denunciar que el encargado de Mantenimiento de la universidad, el señor Erick Urey, actúa de manera corrupta. Hace aproximadamente 10 años, cuando se presentó una oportunidad de trabajo en el área de soldadura dentro de la universidad, reuní todos mis documentos: tenía mis referencias laborales en regla y mi certificado de antecedentes completamente limpio.
Me pidieron que hablara directamente con el encargado, … Ver más"
El Confesionario UCB ,https://www.facebook.com/profile.php?id=100063830662612,2025-06-11,2021-01-18,no,29000,76,2025-05-10,post,https://www.facebook.com/share/p/1CKwMj4JPh/,0,3,23,0,0,0,0,0,0,0,"Al parecer la universidad no cuenta con departamento de Recursos humanos porque los ""cambios"" de la dirección de carreras es solo rotación de Docentes de tiempo completo no buscan una profesional ajeno a ese círculo ¿Por qué será?"
El Confesionario UCB ,https://www.facebook.com/profile.php?id=100063830662612,2025-06-16,2021-01-18,no,29000,76,2025-05-10,post,https://www.facebook.com/share/p/16sojEYhwk/,0,3,23,15,0,5,0,3,0,0,"Al parecer la universidad no cuenta con departamento de Recursos humanos porque los ""cambios"" de la dirección de carreras es solo rotación de Docentes de tiempo completo no buscan una profesional ajeno a ese círculo ¿Por qué será?"
El Confesionario UCB ,https://www.facebook.com/profile.php?id=100063830662612,2025-06-11,2021-01-18,no,29000,76,2025-05-14,post,https://www.facebook.com/share/p/16PvxZNJsC/,0,0,16,0,0,0,0,0,0,0,"Confesión #661
En la ""Larga Noche de Museos"", la carrera de Diseño Gráfico presentará productos y diseños, pero no les da vergüenza mostrar trabajos plagiados. ¿En serio eso es lo que van a exhibir al público? Pero, ¿qué se puede esperar de una carrera que mantiene al mismo personal desde hace más de una década? Incluso el nuevo director es informático, no diseñador. Así como lo leen: todos ellos se beneficiaron durante la gestión de … Ver más"
El Confesionario UCB ,https://www.facebook.com/profile.php?id=100063830662612,2025-06-16,2021-01-18,no,29000,76,2025-05-14,post,https://www.facebook.com/share/p/1DaWU3kHUA/,0,0,16,0,0,0,0,0,0,0,"Confesión #661
En la ""Larga Noche de Museos"", la carrera de Diseño Gráfico presentará productos y diseños, pero no les da vergüenza mostrar trabajos plagiados. ¿En serio eso es lo que van a exhibir al público? Pero, ¿qué se puede esperar de una carrera que mantiene al mismo personal desde hace más de una década? Incluso el nuevo director es informático, no diseñador. Así como lo leen: todos ellos se beneficiaron durante la gestión de … Ver más"
El Confesionario UCB ,https://www.facebook.com/profile.php?id=100063830662612,2025-06-16,2021-01-18,no,29000,76,2025-05-19,post,https://www.facebook.com/share/p/1HxJZKT7DB/,3,1,58,14,0,43,0,1,0,0,Lo más irónico es que el anterior director de la carrera de Derecho desde la gestión 2013-2021 fue parte de esta titulación irregular y aún continúa en la universidad c… Ver más
El Confesionario UCB ,https://www.facebook.com/profile.php?id=100063830662612,2025-06-11,2021-01-18,no,29000,76,2025-05-19,post,https://www.facebook.com/share/p/19FSLggT7L/,3,1,58,0,0,0,0,0,0,0,Lo más irónico es que el anterior director de la carrera de Derecho desde la gestión 2013-2021 fue parte de esta titulación irregular y aún continúa en la universidad c… Ver más
El Confesionario UCB ,https://www.facebook.com/profile.php?id=100063830662612,2025-05-23,2021-01-18,no,29000,76,2025-05-19,post,https://www.facebook.com/share/p/1EmcKroFmm/,3,1,,0,0,0,0,0,0,0,Lo más irónico es que el anterior director de la carrera de Derecho desde la gestión 2013-2021 fue parte de esta titulación irregular y aún continúa en la universidad c… Ver más
El Confesionario UCB ,https://www.facebook.com/profile.php?id=100063830662612,2025-05-23,2021-01-18,no,29000,76,2025-05-19,post,not-found-post-url--25279,0,0,,6,0,2,1,21,0,0,"Confesión #662
Aquí les paso una muestra del “portafolio” hecho en Power Point de Cecilia Mariaca (DGR-UCB), sin una pizca de diseño ni de criterio estético que no proy… Ver más"
El Confesionario UCB ,https://www.facebook.com/profile.php?id=100063830662612,2025-05-23,2021-01-18,no,29000,76,2025-05-19,post,not-found-post-url-202389,0,0,,0,0,0,0,0,0,0,
El Confesionario UCB ,https://www.facebook.com/profile.php?id=100063830662612,2025-05-22,2021-01-18,no,29000,76,2025-05-19,post,https://www.facebook.com/share/p/1AaCL8wDsY/,3,1,,0,0,0,0,0,0,0,Lo más irónico es que el anterior director de la carrera de Derecho desde la gestión 2013-2021 fue parte de esta titulación irregular y aún continúa en la universidad c… Ver más
El Confesionario UCB ,https://www.facebook.com/profile.php?id=100063830662612,2025-05-22,2021-01-18,no,29000,76,2025-05-19,post,not-found-post-url--379531,0,0,,0,0,0,0,0,0,0,
El Confesionario UCB ,https://www.facebook.com/profile.php?id=100063830662612,2025-06-11,2021-01-18,no,29000,76,2025-05-26,post,https://www.facebook.com/share/p/18CkV1L1Tn/,1,9,23,0,0,0,0,0,0,0,"Confesión #663
Soy estudiante de la carrera de Psicología y hoy alzo la voz no por mí, sino por muchos compañeros y compañeras que han sido víctimas de situaciones inaceptables dentro de nuestro entorno académico.
A lo largo de estos años he conocido personas valiosas, con verdadero compromiso y vocación de servicio en centros de estudiantes y sociedades científicas. Gente que representa los valores que debería tener nuestra carrera:… Ver más"
El Confesionario UCB ,https://www.facebook.com/profile.php?id=100063830662612,2025-06-02,2021-01-18,no,29000,76,2025-05-26,post,https://www.facebook.com/share/p/1BgTqNErby/,1,9,,12,0,0,0,9,1,1,"Confesión #663
Soy estudiante de la carrera de Psicología y hoy alzo la voz no por mí, sino por muchos compañeros y compañeras que han sido víctimas de situaciones inaceptables dentro de nuestro entorno académico.
A lo largo de estos años he conocido personas valiosas, con verdadero compromiso y vocación de servicio en centros de estudiantes y sociedades científicas. Gente que representa los valores que debería tener nuestra carrera:… Ver más"
El Confesionario UCB ,https://www.facebook.com/profile.php?id=100063830662612,2025-06-11,2021-01-18,no,29000,76,2025-05-26,post,https://www.facebook.com/share/p/1ExqwUxNPz/,4,7,18,0,0,0,0,0,0,0,"Confesión #664 
Ahora toca dar testimonio de unas clases y experiencias con la pésima y barata copia del profesor Fletcher de la película “Whiplash”, Carolina Muñoz (DG… Ver más"
El Confesionario UCB ,https://www.facebook.com/profile.php?id=100063830662612,2025-06-16,2021-01-18,no,29000,76,2025-05-26,post,https://www.facebook.com/share/p/1S9BtHGcxd/,1,9,23,12,0,0,0,9,1,1,"Confesión #663
Soy estudiante de la carrera de Psicología y hoy alzo la voz no por mí, sino por muchos compañeros y compañeras que han sido víctimas de situaciones inaceptables dentro de nuestro entorno académico.
A lo largo de estos años he conocido personas valiosas, con verdadero compromiso y vocación de servicio en centros de estudiantes y sociedades científicas. Gente que representa los valores que debería tener nuestra carrera:… Ver más"
El Confesionario UCB ,https://www.facebook.com/profile.php?id=100063830662612,2025-06-16,2021-01-18,no,29000,76,2025-05-26,post,https://www.facebook.com/share/p/1AquET7Ah6/,2,7,18,8,0,5,0,5,0,0,"Confesión #664 
Ahora toca dar testimonio de unas clases y experiencias con la pésima y barata copia del profesor Fletcher de la película “Whiplash”, Carolina Muñoz (DG… Ver más"
El Confesionario UCB ,https://www.facebook.com/profile.php?id=100063830662612,2025-06-02,2021-01-18,no,29000,76,2025-05-26,post,https://www.facebook.com/share/p/1ZUw4GAseh/,4,7,,8,0,5,0,5,0,0,"Confesión #664 
Ahora toca dar testimonio de unas clases y experiencias con la pésima y barata copia del profesor Fletcher de la película “Whiplash”, Carolina Muñoz (DG… Ver más"
El Confesionario UCB ,https://www.facebook.com/profile.php?id=100063830662612,2025-06-16,2021-01-18,no,29000,76,2025-05-27,post,https://www.facebook.com/share/p/1EXHHjMYS2/,0,0,8,0,0,0,0,0,0,0,"Confesión #665
Vi muchas reacciones a la confesión sobre Carolina Muñoz, su trabajo y su enseñanza. Ella critica la mediocridad, pero sus propios trabajos parecen hechos por estudiantes de primeros semestres, o incluso por aficionados. Si ese es el nivel de diseño de una docente a tiempo completo, no quiero imaginar cómo serán los trabajos de otros docentes.
No es un secreto que la anterior directora de carrera, Cecilia Mariaca, colo… Ver más"
El Confesionario UCB ,https://www.facebook.com/profile.php?id=100063830662612,2025-06-02,2021-01-18,no,29000,76,2025-05-27,post,https://www.facebook.com/share/p/16o2LKR7cu/,0,0,,1,0,5,0,2,0,0,"Confesión #665
Vi muchas reacciones a la confesión sobre Carolina Muñoz, su trabajo y su enseñanza. Ella critica la mediocridad, pero sus propios trabajos parecen hechos por estudiantes de primeros semestres, o incluso por aficionados. Si ese es el nivel de diseño de una docente a tiempo completo, no quiero imaginar cómo serán los trabajos de otros docentes.
No es un secreto que la anterior directora de carrera, Cecilia Mariaca, colo… Ver más"
El Confesionario UCB ,https://www.facebook.com/profile.php?id=100063830662612,2025-06-11,2021-01-18,no,29000,76,2025-05-27,post,https://www.facebook.com/share/p/1AfFRgm5ze/,0,0,8,0,0,0,0,0,0,0,"Confesión #665
Vi muchas reacciones a la confesión sobre Carolina Muñoz, su trabajo y su enseñanza. Ella critica la mediocridad, pero sus propios trabajos parecen hechos por estudiantes de primeros semestres, o incluso por aficionados. Si ese es el nivel de diseño de una docente a tiempo completo, no quiero imaginar cómo serán los trabajos de otros docentes.
No es un secreto que la anterior directora de carrera, Cecilia Mariaca, colo… Ver más"
El Confesionario UCB ,https://www.facebook.com/profile.php?id=100063830662612,2025-06-11,2021-01-18,no,29000,76,2025-06-05,post,https://www.facebook.com/share/p/1F3axyRVi4/,0,0,0,0,0,0,0,0,0,0,Juego de Tronos: El Trono de Diseño… Ver más
El Confesionario UCB ,https://www.facebook.com/profile.php?id=100063830662612,2025-06-16,2021-01-18,no,29000,76,2025-06-05,post,https://www.facebook.com/share/p/1J6kFp1Wr5/,0,0,0,0,0,0,0,0,0,0,Juego de Tronos: El Trono de Diseño… Ver más
El Confesionario UCB ,https://www.facebook.com/profile.php?id=100063830662612,2025-06-10,2021-01-18,no,29000,76,2025-06-05,post,https://www.facebook.com/share/p/1Cwg33ZjXh/,0,0,0,0,0,0,0,0,0,0,Juego de Tronos: El Trono de Diseño… Ver más
