nombre perfil,url perfil,snapshot_date,creación del perfil,candidato identificado,seguidores,seguidos,fecha post,tipo de post,url post,comparticiones,comentarios,reacciones en total,me gusta,me encanta,me divierte,me entristece,me sorprende,me enoja,me importa,contenido
JACQUELINE CINTIA POVEDA FUENTES,https://www.facebook.com/cintia.poveda,2025-06-24,,no,0,0,2025-06-17,post,https://www.facebook.com/share/p/1AsBe3akNM/,0,0,0,0,0,0,0,0,0,0,
JACQUELINE CINTIA POVEDA FUENTES,https://www.facebook.com/cintia.poveda,2025-06-24,,no,0,0,2025-06-19,reel,/reel/691036233772847/?s=single_unit&__cft__[0]=AZVuUnfrpqfU_hkHowjebhi4Z5k6RTthboDGDCG3xymbI_RSJueoq1s2rdvRquKzojNc9KZ8_ymPl6Ee07f8gEvbw8RZuYRkRf8csk5jMALySa-wvK7bPx9b3ICGW0Lz49VYObiHePJUygGqwhzhE4OCttOg0TF8DN2GoKQQA6jt87c5ddAb1l4tSSrVOM1DFA0&__tn__=H-R,0,0,0,0,0,0,0,0,0,0,
JACQUELINE CINTIA POVEDA FUENTES,https://www.facebook.com/cintia.poveda,2025-06-24,,no,0,0,2025-06-22,post,https://www.facebook.com/share/p/19K912XmyY/,0,0,1,1,0,0,0,0,0,0,
JACQUELINE CINTIA POVEDA FUENTES,https://www.facebook.com/cintia.poveda,2025-06-24,,no,0,0,2025-06-22,post,https://www.facebook.com/share/p/19MR8hnnK8/,0,0,0,0,0,0,0,0,0,0,
JACQUELINE CINTIA POVEDA FUENTES,https://www.facebook.com/cintia.poveda,2025-06-24,,no,0,0,2025-06-23,post,https://www.facebook.com/share/p/1CJjVJgWD4/,0,0,0,0,0,0,0,0,0,0,
JACQUELINE CINTIA POVEDA FUENTES,https://www.facebook.com/cintia.poveda,2025-07-01,,no,0,0,2025-06-23,post,https://www.facebook.com/share/p/1Q5qujmE33/,0,0,0,0,0,0,0,0,0,0,
JACQUELINE CINTIA POVEDA FUENTES,https://www.facebook.com/cintia.poveda,2025-07-01,,no,0,0,2025-06-23,post,https://www.facebook.com/share/p/1Gfe7CRthz/,1,0,1,0,1,0,0,0,0,0,
JACQUELINE CINTIA POVEDA FUENTES,https://www.facebook.com/cintia.poveda,2025-07-01,,no,0,0,2025-06-23,post,https://www.facebook.com/share/p/1Yiy7FHJp3/,0,0,1,1,0,0,0,0,0,0,Asi es.
JACQUELINE CINTIA POVEDA FUENTES,https://www.facebook.com/cintia.poveda,2025-06-24,,no,0,0,2025-06-23,post,https://www.facebook.com/cintia.poveda/posts/pfbid026RtcTpEboN5kfzrmerAnKNv1Kr4nVswwcc9qU7394X3p48HwrhXQGUgnYHx2iG2pl,0,0,0,0,0,0,0,0,0,0,
JACQUELINE CINTIA POVEDA FUENTES,https://www.facebook.com/cintia.poveda,2025-06-24,,no,0,0,2025-06-23,post,https://www.facebook.com/share/p/18wtgzcu3Y/,0,0,1,1,0,0,0,0,0,0,
JACQUELINE CINTIA POVEDA FUENTES,https://www.facebook.com/cintia.poveda,2025-07-01,,no,0,0,2025-06-28,post,https://www.facebook.com/cintia.poveda/posts/pfbid02j9vq2zyw7gyjj9BLc3q55jgBs9RYn5LghWoEYVtqt6RggzNoScDmBJ5iezgv97FEl,0,0,0,0,0,0,0,0,0,0,
JACQUELINE CINTIA POVEDA FUENTES,https://www.facebook.com/cintia.poveda,2025-07-15,,no,0,0,2025-07-08,reel,/reel/30400125322967897/?s=single_unit&__cft__[0]=AZX9YJ5EOQtTO0EfhRua8d3CBLxGGWWbi8C1S3q4GClSxl9RAXMiz88pYUsDcTJahBz07inCN6Wmnry6dUKX7kNPAzgO5XgblbeoMtgLEpF7lNr8OSaqqFwsCZ7ufN8uK_h8hnn8khd5LskSyFEadRP--ZyBO8CQ_cAjd2nZQSPe8XI6-L3XgPyv5SZLvEHrNY8&__tn__=H-R,0,0,0,0,0,0,0,0,0,0,Cuando la vida se acelere… vuelve a la naturaleza
JACQUELINE CINTIA POVEDA FUENTES,https://www.facebook.com/cintia.poveda,2025-07-15,,no,0,0,2025-07-09,post,https://www.facebook.com/share/p/16UrwJHg75/,0,0,0,0,0,0,0,0,0,0,
JACQUELINE CINTIA POVEDA FUENTES,https://www.facebook.com/cintia.poveda,2025-07-15,,no,0,0,2025-07-11,post,https://www.facebook.com/share/p/1LtG5hmtfT/,0,0,2,2,0,0,0,0,0,0,
JACQUELINE CINTIA POVEDA FUENTES,https://www.facebook.com/cintia.poveda,2025-07-15,,no,0,0,2025-07-14,post,https://www.facebook.com/share/p/1EN44TKt3Q/,0,0,0,0,0,0,0,0,0,0,
