nombre perfil,url perfil,candidato identificado,creación del perfil,seguidores,seguidos,fecha post,tipo de post,url post,comparticiones,comentarios,reacciones en total,me gusta,me encanta,me divierte,me entristece,me sorprende,me enoja,me importa,contenido
LIDIA JANETH PIZARRO CHUQUICHAMBI,https://www.facebook.com/JanethPizarroChuquichambi,no,2023-11-21,1200,16,2025-07-30,post,https://www.facebook.com/share/p/1ChX9B7L1K/,35,4,33,27,6,0,0,0,0,0," Seguimos recorriendo el Norte de La Paz, escuchando a mujeres y hombres valientes, juventudes comprometidas, productores, gremiales y transportistas que cada día saca… Ver más"
LIDIA JANETH PIZARRO CHUQUICHAMBI,https://www.facebook.com/JanethPizarroChuquichambi,no,2023-11-21,1200,16,2025-07-30,post,https://www.facebook.com/share/p/1CXobpjC2V/,18,0,22,17,5,0,0,0,0,0," ¡Una propuesta que protege nuestra tierra y futuro! 
Des… Ver más"
LIDIA JANETH PIZARRO CHUQUICHAMBI,https://www.facebook.com/JanethPizarroChuquichambi,no,2023-11-21,1200,16,2025-08-01,post,https://www.facebook.com/share/p/1LP87Thph7/,70,0,64,62,2,0,0,0,0,0," Desde el territorio y con experiencia, he acompañado a nuestras hermanas y hermanos productores del Norte de La Paz, fortaleciendo sus emprendimientos y cuidando … Ver más"
LIDIA JANETH PIZARRO CHUQUICHAMBI,https://www.facebook.com/JanethPizarroChuquichambi,no,2023-11-21,1200,16,2025-08-02,post,https://www.facebook.com/share/p/1Bn87uj79Y/,39,0,41,36,3,2,0,0,0,0," Vengo de una historia construida con trabajo, desde el chaco y la cosecha, como muchas familias del Norte de La Paz, pertenezco la familia intercultural y conozco las… Ver más"
LIDIA JANETH PIZARRO CHUQUICHAMBI,https://www.facebook.com/JanethPizarroChuquichambi,no,2023-11-21,1200,16,2025-08-04,post,https://www.facebook.com/share/p/19UNNfRKRN/,20,2,16,16,0,0,0,0,0,0," ¡Con conciencia, con memoria y con dignidad, votamos al MAS-IPSP!… Ver más"
LIDIA JANETH PIZARRO CHUQUICHAMBI,https://www.facebook.com/JanethPizarroChuquichambi,no,2023-11-21,1200,16,2025-08-04,post,https://www.facebook.com/share/p/179VzmtJ2y/,36,1,24,24,0,0,0,0,0,0," 
 Con los bonos verdes, el cuidado del medio ambiente se va a pagar
Los… Ver más"
LIDIA JANETH PIZARRO CHUQUICHAMBI,https://www.facebook.com/JanethPizarroChuquichambi,no,2023-11-21,1200,16,2025-08-05,post,https://www.facebook.com/share/p/1CMyyibPS3/,23,0,15,15,0,0,0,0,0,0,"¡El cuidado de nuestra Madre Tierra va a generar ingresos! 
 
Nu… Ver más"
