nombre perfil,url perfil,candidato identificado,creación del perfil,seguidores,seguidos,fecha post,tipo de post,url post,comparticiones,comentarios,reacciones en total,me gusta,me encanta,me divierte,me entristece,me sorprende,me enoja,me importa,contenido
Walaichas WASAS ,https://www.facebook.com/profile.php?id=100082900523964,no,2022-03-05,1700,18,2025-02-13,post,https://www.facebook.com/permalink.php?story_fbid=pfbid024nm95XdHkvtEwNJdvsaetCamwCahm3Y5YqpBGCwFUL25pTrBP6eSLKKV5nXkgM1pl&id=100082900523964,0,0,2,0,0,0,0,0,0,0,Compren sus platitos
Walaichas WASAS ,https://www.facebook.com/profile.php?id=100082900523964,no,2022-03-05,1700,18,2025-02-24,post,https://www.facebook.com/share/v/1C8RDfBjfj/,17,31,113,0,0,0,0,0,0,0," ¡ATENCIÓN COMPAÑERAS! 
S… Ver más"
Walaichas WASAS ,https://www.facebook.com/profile.php?id=100082900523964,no,2022-03-05,1700,18,2025-03-01,post,https://www.facebook.com/share/p/1CThebESCS/,25,46,122,0,0,0,0,0,0,0," Este 8M no se mira, SE VIVE 
 N… Ver más"
Walaichas WASAS ,https://www.facebook.com/profile.php?id=100082900523964,no,2022-03-05,1700,18,2025-03-01,post,https://www.facebook.com/share/p/1Mse9tLsrL/,6,2,35,0,0,0,0,0,0,0,"¿Quiénes son Walaichas Wasas? 
S… Ver más"
Walaichas WASAS ,https://www.facebook.com/profile.php?id=100082900523964,no,2022-03-05,1700,18,2025-03-02,post,https://www.facebook.com/share/p/16KBbWJ2CE/,10,0,63,0,0,0,0,0,0,0," El momento es AHORA! 
E… Ver más"
Walaichas WASAS ,https://www.facebook.com/profile.php?id=100082900523964,no,2022-03-05,1700,18,2025-03-04,post,https://www.facebook.com/share/p/19K6xyJNuU/,12,11,66,0,0,0,0,0,0,0,"Ya falta poco para el 8M! 
 Muchas vivirán su primera marcha y sabemos lo emocionante (y un poco nervioso) que se siente
Recordemos nuestro primer 8M
:') ese momento… Ver más"
Walaichas WASAS ,https://www.facebook.com/profile.php?id=100082900523964,no,2022-03-05,1700,18,2025-03-08,post,https://www.facebook.com/share/p/16g8dDa3oa/,286,64,610,0,0,0,0,0,0,0,"Ante la publicación de Unitel y otros medios sobre los daños ocurridos en el viaducto de la calle Potosí, queremos aclarar que Walaichas Wasas no fue responsable de est… Ver más"
Walaichas WASAS ,https://www.facebook.com/profile.php?id=100082900523964,no,2022-03-05,1700,18,2025-03-08,post,https://www.facebook.com/permalink.php?story_fbid=pfbid0bCixB1N8Nf1PLX3JquKkYvxXkyVNA4ErRTujzcWmCY2g28P8ZBjq7h6d6EPyhWh9l&id=100082900523964,33,26,207,0,0,0,0,0,0,0,"Desde el primer momento dimos la cara porque sabemos lo que hicimos y lo que no hicimos
Nuestro 8M fue sororo, lleno de amor y de busca de justicia.. Con acuerdos cla… Ver más"
Walaichas WASAS ,https://www.facebook.com/profile.php?id=100082900523964,no,2022-03-05,1700,18,2025-03-29,post,https://www.facebook.com/share/v/1An3VFqpWZ/,35,5,125,0,0,0,0,0,0,0,Nos costó la vida de una compañera para que recién volteen a ver lo que gritamos el 8M...… Ver más
Walaichas WASAS ,https://www.facebook.com/profile.php?id=100082900523964,no,2022-03-05,1700,18,2025-03-29,post,https://www.facebook.com/share/p/1Se25USap7/,487,20,262,0,0,0,0,0,0,0,"Álvaro Valero no vamos a olvidar tu cara ni tu nombre... Eres parte de este sistema podrido que revictimiza, que encubre, que deja morir a quienes se atreven a denuncia… Ver más"
Walaichas WASAS ,https://www.facebook.com/profile.php?id=100082900523964,no,2022-03-05,1700,18,2025-04-02,post,https://www.facebook.com/permalink.php?story_fbid=pfbid0uySUndxV8c2heSv7sGupLnJDKbHfqPeAZzgYtww8Qe4J8CHhCyc5zYeVtn8XQrwyl&id=100082900523964,61,3,99,0,0,0,0,0,0,0, CONVOCATORIA URGENTE… Ver más
