nombre perfil,url perfil,candidato identificado,creación del perfil,seguidores,seguidos,fecha post,tipo de post,url post,comparticiones,comentarios,reacciones en total,me gusta,me encanta,me divierte,me entristece,me sorprende,me enoja,me importa,contenido
Maria Galindo,https://www.facebook.com/profile.php?id=100008591051800,no,,237000,0,2025-07-01,post,https://www.facebook.com/share/v/1MpXZr8PP1/,25,10,108,98,7,3,0,0,0,0,
Maria Galindo,https://www.facebook.com/profile.php?id=100008591051800,no,,237000,0,2025-07-01,post,https://www.facebook.com/share/p/1ZnW6BNNHX/,28,84,430,297,10,122,0,0,0,1,Samuel dice q no vendrá a la barricada porq …. Pa pa pa. LO QUE PASA ES Q VA A NECESITAR MI BARRICADA JA JA JA
Maria Galindo,https://www.facebook.com/profile.php?id=100008591051800,no,,237000,0,2025-07-01,post,https://www.facebook.com/share/v/1Q6ZzpAb5r/,47,12,544,465,69,1,0,4,0,5,
Maria Galindo,https://www.facebook.com/profile.php?id=100008591051800,no,,237000,0,2025-07-01,post,https://www.facebook.com/share/v/19ghusL5ek/,22,94,760,589,65,97,3,3,1,3,
Maria Galindo,https://www.facebook.com/profile.php?id=100008591051800,no,,237000,0,2025-07-01,post,https://www.facebook.com/share/p/19aSbACXWK/,67,28,457,406,41,8,0,0,0,3,
Maria Galindo,https://www.facebook.com/profile.php?id=100008591051800,no,,237000,0,2025-07-01,post,https://www.facebook.com/share/p/1KJaNCqBKX/,2,1,24,23,1,0,0,0,0,0,
Maria Galindo,https://www.facebook.com/profile.php?id=100008591051800,no,,237000,0,2025-07-02,post,https://www.facebook.com/share/p/1QzAHLP5R7/,2,2,67,65,0,0,0,1,1,0,
