nombre perfil,url perfil,creación del perfil,seguidores,seguidos,fecha post,url post,comparticiones,reacciones en total,me gusta,me encanta,me divierte,me entristece,me sorprende,me enoja,me importa,contenido
Rosario Callejas,https://www.facebook.com/RosarioCallejasConcejalGremial,2021-01-11,8400,83,2025-05-26,https://www.facebook.com/share/p/16e9rP4e7m/,4,57,45,9,2,0,0,0,1,"Asi se desarrolla la masiva marcha contra la mala administración del gobierno en el departamento de La Paz, sectores sociales y la población en general exige respeto a … Ver más"
Rosario Callejas,https://www.facebook.com/RosarioCallejasConcejalGremial,2021-01-11,8400,83,2025-05-26,https://www.facebook.com/share/v/1YQwi8G4a2/,32,88,70,9,3,1,2,1,2,"Desde hoy el pueblo se levanta en contra de la injusticia, ocasionada por mercenarios y corruptos cómplices en contra de la democracia, llamamos a todos los bolivianos … Ver más"
Rosario Callejas,https://www.facebook.com/RosarioCallejasConcejalGremial,2021-01-11,8400,83,2025-05-27,https://www.facebook.com/share/p/18mx2fqqBb/,4,40,32,7,0,0,0,0,1,¡Feliz Día de la Madre!… Ver más
Rosario Callejas,https://www.facebook.com/RosarioCallejasConcejalGremial,2021-01-11,8400,83,2025-05-27,https://www.facebook.com/share/v/16TSLjVYJn/,4,32,28,2,0,1,0,0,1,Comerciantes se quejan de la crisis económica y piden el regreso del hermano Evo Morales… Ver más
Rosario Callejas,https://www.facebook.com/RosarioCallejasConcejalGremial,2021-01-11,8400,83,2025-05-27,https://www.facebook.com/share/v/1AUFAmDmw4/,2,33,25,6,0,0,0,0,2,¡Feliz Día de las Madres Comerciantes!… Ver más
Rosario Callejas,https://www.facebook.com/RosarioCallejasConcejalGremial,2021-01-11,8400,83,2025-05-28,https://www.facebook.com/share/p/1BzLqF2WiQ/,1,50,38,6,3,1,0,1,1,Seguimos firmes en la lucha!!!… Ver más
Rosario Callejas,https://www.facebook.com/RosarioCallejasConcejalGremial,2021-01-11,8400,83,2025-05-29,https://www.facebook.com/share/p/1FqWTaE12F/,0,12,10,2,0,0,0,0,0,Sesión Ordinaria N° 11 y 12 y Lectura de correspondencia #RosarioCallejas #SantaCruz #concejomunicipal
Rosario Callejas,https://www.facebook.com/RosarioCallejasConcejalGremial,2021-01-11,8400,83,2025-05-29,https://www.facebook.com/share/p/18uPafzvXQ/,2,14,12,2,0,0,0,0,0,"Reunión de la comisión de educación, cultura turismo y deporte #RosarioCallejas #SantaCruz"
Rosario Callejas,https://www.facebook.com/RosarioCallejasConcejalGremial,2021-01-11,8400,83,2025-05-30,https://www.facebook.com/share/p/1Xwrk7K2uC/,4,29,27,1,1,0,0,0,0,Mesa técnica de la Comisión de Defensa Ciudadana con dirigentes gremiales del mercado Mayorista Abasto para dar vialidad a sus pedidos y atender las demandas que tiene … Ver más
Rosario Callejas,https://www.facebook.com/RosarioCallejasConcejalGremial,2021-01-11,8400,83,2025-05-30,https://www.facebook.com/share/v/1AZAcMJ9bp/,3,16,15,1,0,0,0,0,0,Mesa técnica de la Comisión de Defensa Ciudadana con dirigentes gremiales del mercado Mayorista Abasto para dar vialidad a sus pedidos y atender las demandas que tiene … Ver más
Rosario Callejas,https://www.facebook.com/RosarioCallejasConcejalGremial,2021-01-11,8400,83,2025-05-31,https://www.facebook.com/share/p/1C6HGcnepW/,28,44,28,0,5,0,1,10,0,"¡Basta de manipulación y abuso de poder!
… Ver más"
Rosario Callejas,https://www.facebook.com/RosarioCallejasConcejalGremial,2021-01-11,8400,83,2025-06-02,https://www.facebook.com/share/p/1AzBwhjxhr/,2,43,29,13,0,0,0,0,1," ¡Feliz cumpleaños, Pati! 
Que este nuevo año de vida te regale mil razones para sonreír, momentos que se queden en el alma y sueños que se conviertan en realidad.… Ver más"
