nombre perfil,url perfil,candidato identificado,creación del perfil,seguidores,seguidos,fecha post,tipo de post,url post,comparticiones,comentarios,reacciones en total,me gusta,me encanta,me divierte,me entristece,me sorprende,me enoja,me importa,contenido
Red LB Bol ,https://www.facebook.com/red.lbbol,no,2010-08-13,3900,0,2025-03-24,post,https://www.facebook.com/share/p/16T3k74KrF/,2,0,13,8,5,0,0,0,0,0,"Que la memoria no sea un privilegio de raza, clase ni heterosexualidad"
Red LB Bol ,https://www.facebook.com/red.lbbol,no,2010-08-13,3900,0,2025-05-16,post,https://www.facebook.com/share/p/197Ak9P6nS/,1,0,18,11,6,0,0,0,0,1,"Las lesbianas indias, orkochis ,arpias relatamos nuestras vivencias desde nuestras propias voces, en acciones  y cuerpa  resistimos día a día al lesboodio que provoca e… Ver más"
Red LB Bol ,https://www.facebook.com/red.lbbol,no,2010-08-13,3900,0,2025-05-17,post,https://www.facebook.com/share/p/16qDvkiSk8/,3,0,11,7,3,0,0,0,0,1,"Estamos en Tercer Reencuentro Plurisexual, aquí donde la lucha se teje desde el saber de nuestras hermanas/es que resisten en todos los territorios de Abya Yala contra … Ver más"
Red LB Bol ,https://www.facebook.com/red.lbbol,no,2010-08-13,3900,0,2025-05-17,post,2025-05-17,0,1,14,7,7,0,0,0,0,0,
