nombre perfil,url perfil,snapshot_date,creación del perfil,candidato identificado,seguidores,seguidos,fecha post,tipo de post,url post,comparticiones,comentarios,reacciones en total,me gusta,me encanta,me divierte,me entristece,me sorprende,me enoja,me importa,contenido
LIDIA JANETH PIZARRO CHUQUICHAMBI,https://www.facebook.com/JanethPizarroChuquichambi,2025-07-23,2023-11-21,no,1200,16,2025-07-15,post,https://www.facebook.com/share/p/14ExPBBNNRr/,0,0,1,1,0,0,0,0,0,0,
LIDIA JANETH PIZARRO CHUQUICHAMBI,https://www.facebook.com/JanethPizarroChuquichambi,2025-07-23,2023-11-21,no,1200,16,2025-07-15,post,https://www.facebook.com/share/p/1AfipeHEkk/,18,5,40,38,1,0,0,0,0,1,Juntos con Janeth Pizarro candidata a Diputada Uninominal por la C15.… Ver más
LIDIA JANETH PIZARRO CHUQUICHAMBI,https://www.facebook.com/JanethPizarroChuquichambi,2025-07-23,2023-11-21,no,1200,16,2025-07-16,post,https://www.facebook.com/share/p/1WYzf6XBGg/,46,1,42,38,0,4,0,0,0,0," ¡Gracias Carrasco! 
… Ver más"
LIDIA JANETH PIZARRO CHUQUICHAMBI,https://www.facebook.com/JanethPizarroChuquichambi,2025-07-23,2023-11-21,no,1200,16,2025-07-16,post,https://www.facebook.com/share/p/169pZDxh18/,40,0,38,37,1,0,0,0,0,0," ¡Felicidades La Paz, en su 216 aniversario!… Ver más"
LIDIA JANETH PIZARRO CHUQUICHAMBI,https://www.facebook.com/JanethPizarroChuquichambi,2025-07-23,2023-11-21,no,1200,16,2025-07-17,post,https://www.facebook.com/share/p/1JprdeKJcf/,17,3,31,30,0,0,0,1,0,0,¡Escuchando a Caranavi!… Ver más
LIDIA JANETH PIZARRO CHUQUICHAMBI,https://www.facebook.com/JanethPizarroChuquichambi,2025-07-23,2023-11-21,no,1200,16,2025-07-17,post,https://www.facebook.com/share/p/1X3rikWWCU/,11,1,30,24,4,1,0,0,0,1,¡Solo quien sale de las bases defiende al pueblo!… Ver más
LIDIA JANETH PIZARRO CHUQUICHAMBI,https://www.facebook.com/JanethPizarroChuquichambi,2025-07-23,2023-11-21,no,1200,16,2025-07-18,post,https://www.facebook.com/share/p/16yVpJXtNa/,25,1,25,24,0,1,0,0,0,0,"Por el futuro que soñamos para nuestros hijos e hijas, defenderemos nuestros recursos naturales, defenderemos nuestras tierras, nuestro trabajo, forjaremos  con la fren… Ver más"
LIDIA JANETH PIZARRO CHUQUICHAMBI,https://www.facebook.com/JanethPizarroChuquichambi,2025-07-23,2023-11-21,no,1200,16,2025-07-18,post,https://www.facebook.com/share/p/1AoQ4GvbTQ/,2,1,23,21,1,1,0,0,0,0,
LIDIA JANETH PIZARRO CHUQUICHAMBI,https://www.facebook.com/JanethPizarroChuquichambi,2025-07-23,2023-11-21,no,1200,16,2025-07-20,post,https://www.facebook.com/share/v/19tpkvbngC/,39,1,50,46,3,1,0,0,0,0,"Con orgullo y compromiso, soy candidata a Diputada por La Paz, circunscripción 15 por el MAS-IPSP, porque somos la fuerza del pueblo!… Ver más"
LIDIA JANETH PIZARRO CHUQUICHAMBI,https://www.facebook.com/JanethPizarroChuquichambi,2025-07-23,2023-11-21,no,1200,16,2025-07-20,post,https://www.facebook.com/share/p/16V7Dykf8H/,15,0,19,17,1,0,0,0,0,1,"Janeth Pizarro candidata a Diputada C15 por el Norte de La Paz, tejiendo la unidad de Boliva. … Ver más"
LIDIA JANETH PIZARRO CHUQUICHAMBI,https://www.facebook.com/JanethPizarroChuquichambi,2025-07-23,2023-11-21,no,1200,16,2025-07-21,post,https://www.facebook.com/share/p/1B1AM67M2g/,1,0,19,19,0,0,0,0,0,0,"Janeth Pizarro, candidata a Diputada por la C15 del Norte de La Paz.… Ver más"
LIDIA JANETH PIZARRO CHUQUICHAMBI,https://www.facebook.com/JanethPizarroChuquichambi,2025-07-23,2023-11-21,no,1200,16,2025-07-21,post,https://www.facebook.com/share/p/1C6bHFKRcR/,0,0,12,11,1,0,0,0,0,0,https://www.facebook.com/share/p/19SrEcNRvz/?mibextid=wwXIfr
LIDIA JANETH PIZARRO CHUQUICHAMBI,https://www.facebook.com/JanethPizarroChuquichambi,2025-07-23,2023-11-21,no,1200,16,2025-07-21,post,https://www.facebook.com/share/p/1HogpZqjYT/,38,4,54,47,3,4,0,0,0,0,"Porque el pueblo merece soluciones reales y duraderas. 
 
Mi compromiso siempre será con el pueblo, porque Bolivia está primero 
¡… Ver más"
LIDIA JANETH PIZARRO CHUQUICHAMBI,https://www.facebook.com/JanethPizarroChuquichambi,2025-07-23,2023-11-21,no,1200,16,2025-07-21,post,https://www.facebook.com/share/p/1YEsn8qgXu/,4,0,21,21,0,0,0,0,0,0,"Janeth Pizarro, Candidata a Diputada por la Circunscripción 15
Este 17 de agosto 2025, triunfará la conciencia y  convicción de nuestra gente.… Ver más"
LIDIA JANETH PIZARRO CHUQUICHAMBI,https://www.facebook.com/JanethPizarroChuquichambi,2025-07-23,2023-11-21,no,1200,16,2025-07-22,post,https://www.facebook.com/share/r/1CLAmgknW5/,41,3,36,31,2,1,0,1,1,0," Sabemos muy bien que los autos chutos son una herramienta de trabajo importante, por tal motivo vamos a plantear una ley en la
Asamblea Legislativa para legalizar est… Ver más"
