nombre perfil,url perfil,creación del perfil,seguidores,seguidos,fecha post,url post,comparticiones,reacciones en total,me gusta,me encanta,me divierte,me entristece,me sorprende,me enoja,me importa,contenido
Roxana Pérez,https://www.facebook.com/RoxanaPerezDelCastillo,2021-01-04,19000,0,2025-05-20,https://www.facebook.com/share/p/1Eth1F9TQd/,0,67,53,8,2,0,0,0,4,"Cuando el reconocimiento viene del pueblo, tiene un valor profundo. Gracias a la Junta de Vecinos de Santiago de Munaypata por este gesto que refuerza nuestro compromis… Ver más"
Roxana Pérez,https://www.facebook.com/RoxanaPerezDelCastillo,2021-01-04,19000,0,2025-05-21,not-found-post-url-22197,0,0,0,0,0,0,0,0,0,
Roxana Pérez,https://www.facebook.com/RoxanaPerezDelCastillo,2021-01-04,19000,0,2025-05-22,https://www.facebook.com/share/p/18wuGEUzpn/,6,25,18,3,1,0,0,0,3,"Todas las semanas estaré visitando el municipio, barrio por barrio, para abrazarnos, reencontrarnos y sobre todo trabajar por la #LaPazQueSoñamos.… Ver más"
Roxana Pérez,https://www.facebook.com/RoxanaPerezDelCastillo,2021-01-04,19000,0,2025-05-23,https://www.facebook.com/share/p/1AYHcmBwco/,0,0,0,0,0,0,0,0,0,
Roxana Pérez,https://www.facebook.com/RoxanaPerezDelCastillo,2021-01-04,19000,0,2025-05-23,not-found-post-url-185975,0,3,0,0,2,0,0,0,1,
