nombre perfil,url perfil,candidato identificado,creación del perfil,seguidores,seguidos,fecha post,tipo de post,url post,comparticiones,comentarios,reacciones en total,me gusta,me encanta,me divierte,me entristece,me sorprende,me enoja,me importa,contenido
Carla Sandy Claure ,https://www.facebook.com/carla.sandy.007,no,2009-01-13,10000,0,2025-07-01,post,https://www.facebook.com/share/p/1CLzU4uwvR/,7,1,23,18,4,0,0,0,0,1,"En la cultura japonesa cuando un objeto se rompe, es reparado con resina y polvo de oro, plata o platino. Esta técnica de arte japonés se llama 𝐊𝐢𝐧𝐭𝐬𝐮𝐠𝐢. No ocultan el … Ver más"
Carla Sandy Claure ,https://www.facebook.com/carla.sandy.007,no,2009-01-13,10000,0,2025-07-06,post,https://www.facebook.com/share/p/162RK7k42x/,1,0,19,17,2,0,0,0,0,0,
Carla Sandy Claure ,https://www.facebook.com/carla.sandy.007,no,2009-01-13,10000,0,2025-07-07,post,https://www.facebook.com/share/16VLpPgZpQ/,0,39,118,79,36,0,0,0,0,3,"Bienvenidos 46 !
Recibo este nuevo año de la mano de Dios.… Ver más"
Carla Sandy Claure ,https://www.facebook.com/carla.sandy.007,no,2009-01-13,10000,0,2025-07-07,post,https://www.facebook.com/share/p/19TmphPTcp/,0,60,130,87,37,0,0,1,0,5,"Celebrar un año más de vida es un privilegio y cumplirlo el mismo día con mi papá y hermano es una hermosa triple bendicion.
Bendigo sus vidas,  los amo ."
