nombre perfil,url perfil,snapshot_date,creación del perfil,candidato identificado,seguidores,seguidos,fecha post,tipo de post,url post,comparticiones,comentarios,reacciones en total,me gusta,me encanta,me divierte,me entristece,me sorprende,me enoja,me importa,contenido
MARIANA LOPEZ SAAVEDRA,https://www.facebook.com/mariana.lopezsaavedra.5,2025-06-24,,no,567,0,2025-06-17,post,https://www.facebook.com/share/p/1Axd5HbA81/,0,0,0,0,0,0,0,0,0,0,
MARIANA LOPEZ SAAVEDRA,https://www.facebook.com/mariana.lopezsaavedra.5,2025-06-24,,no,567,0,2025-06-22,post,https://www.facebook.com/share/p/18xQ8rKYQS/,0,0,0,0,0,0,0,0,0,0,
MARIANA LOPEZ SAAVEDRA,https://www.facebook.com/mariana.lopezsaavedra.5,2025-06-24,,no,567,0,2025-06-22,post,https://www.facebook.com/share/p/16kw9bZzpw/,0,0,1,1,0,0,0,0,0,0,
MARIANA LOPEZ SAAVEDRA,https://www.facebook.com/mariana.lopezsaavedra.5,2025-07-02,,no,567,0,2025-06-28,post,https://www.facebook.com/share/p/1BiC6LJko7/,0,0,0,0,0,0,0,0,0,0,Manfred Presidente 
MARIANA LOPEZ SAAVEDRA,https://www.facebook.com/mariana.lopezsaavedra.5,2025-07-02,,no,567,0,2025-06-28,post,https://www.facebook.com/share/p/1Bw9f4wHDB/,0,0,2,1,1,0,0,0,0,0,Manfred Presidente 
MARIANA LOPEZ SAAVEDRA,https://www.facebook.com/mariana.lopezsaavedra.5,2025-07-08,,no,567,0,2025-06-30,post,https://www.facebook.com/share/p/1EB8gghNNy/,0,0,5,1,0,4,0,0,0,0,
MARIANA LOPEZ SAAVEDRA,https://www.facebook.com/mariana.lopezsaavedra.5,2025-07-08,,no,567,0,2025-06-30,post,https://www.facebook.com/share/p/195Kd5Q1je/,0,0,1,0,0,1,0,0,0,0,
MARIANA LOPEZ SAAVEDRA,https://www.facebook.com/mariana.lopezsaavedra.5,2025-07-08,,no,567,0,2025-06-30,post,https://www.facebook.com/share/p/1HtinyQiwx/,0,1,2,0,2,0,0,0,0,0,
MARIANA LOPEZ SAAVEDRA,https://www.facebook.com/mariana.lopezsaavedra.5,2025-07-08,,no,567,0,2025-06-30,post,https://www.facebook.com/share/p/1YVBqAsWDz/,0,3,2,0,0,0,0,0,0,0,
MARIANA LOPEZ SAAVEDRA,https://www.facebook.com/mariana.lopezsaavedra.5,2025-07-08,,no,567,0,2025-06-30,post,https://www.facebook.com/share/p/14JJoGVArxK/,0,0,3,1,0,2,0,0,0,0,
MARIANA LOPEZ SAAVEDRA,https://www.facebook.com/mariana.lopezsaavedra.5,2025-07-02,,no,567,0,2025-06-30,post,https://www.facebook.com/share/p/1NiLCquYCE/,0,0,1,0,0,1,0,0,0,0,
MARIANA LOPEZ SAAVEDRA,https://www.facebook.com/mariana.lopezsaavedra.5,2025-07-02,,no,567,0,2025-06-30,post,https://www.facebook.com/share/p/15krMmQyWb/,2,2,5,0,0,5,0,0,0,0,
MARIANA LOPEZ SAAVEDRA,https://www.facebook.com/mariana.lopezsaavedra.5,2025-07-02,,no,567,0,2025-06-30,post,https://www.facebook.com/share/p/1Gs2oRdwhw/,0,0,0,0,0,0,0,0,0,0,
MARIANA LOPEZ SAAVEDRA,https://www.facebook.com/mariana.lopezsaavedra.5,2025-07-02,,no,567,0,2025-06-30,post,https://www.facebook.com/share/p/1DV9LmnFiN/,0,0,3,1,0,2,0,0,0,0,
MARIANA LOPEZ SAAVEDRA,https://www.facebook.com/mariana.lopezsaavedra.5,2025-07-08,,no,567,0,2025-07-03,post,https://www.facebook.com/share/p/1FDvbeDu5Z/,0,0,0,0,0,0,0,0,0,0,
MARIANA LOPEZ SAAVEDRA,https://www.facebook.com/mariana.lopezsaavedra.5,2025-07-08,,no,567,0,2025-07-04,post,https://www.facebook.com/share/p/19BhirEDEC/,0,0,0,0,0,0,0,0,0,0,
MARIANA LOPEZ SAAVEDRA,https://www.facebook.com/mariana.lopezsaavedra.5,2025-07-08,,no,567,0,2025-07-04,post,https://www.facebook.com/share/p/1EDmt2gdbJ/,0,0,0,0,0,0,0,0,0,0,
MARIANA LOPEZ SAAVEDRA,https://www.facebook.com/mariana.lopezsaavedra.5,2025-07-08,,no,567,0,2025-07-04,post,https://www.facebook.com/share/p/1Bt4oZSBb7/,0,0,0,0,0,0,0,0,0,0,
MARIANA LOPEZ SAAVEDRA,https://www.facebook.com/mariana.lopezsaavedra.5,2025-06-24,,no,567,0,2025-11-24,reel,/reel/1958875187926601/?s=single_unit&__cft__[0]=AZWujBVa7YVsO15O0wq5H1WB023mKLry4fHBLODPOUMFZYZahvlxmi-7u6WjHrKmF5zNKMAFRJooKCXJg7NVzEX6vgMH9OqGprHtxjjH_OFB0--kSkvLhk1-P7JoVt031i_QvB6KpySUM08LWhkea2HskG8hIn6O_6KQzDQk3h0Cp1CCTabYh2SPAtlfixQVrV8&__tn__=H-R,0,0,0,0,0,0,0,0,0,0,Ensalada De Los Mejores Chistes Animados Para Reir Sin Parar 😂
