nombre perfil,url perfil,candidato identificado,creación del perfil,seguidores,seguidos,fecha post,tipo de post,url post,comparticiones,comentarios,reacciones en total,me gusta,me encanta,me divierte,me entristece,me sorprende,me enoja,me importa,contenido
MARIA ESTHER GONGORA MIRANDA,https://www.facebook.com/mariaestherasambleista,sí,2021-01-03,1400,0,2025-06-30,post,https://www.facebook.com/share/v/1EytP1rQdo/,0,0,9,8,0,1,0,0,0,0,"Quiero agradecer  a la familia GUACHALLA por este video tan lindo se que hicieron de todo corazón 
VAMOS todos al triunfo  MANFRED PRESIDENTE 
 
#… Ver más"
MARIA ESTHER GONGORA MIRANDA,https://www.facebook.com/mariaestherasambleista,sí,2021-01-03,1400,0,2025-06-30,post,https://www.facebook.com/share/p/12HiBJAARZh/,0,0,9,8,0,0,0,0,0,1,"𝐒𝐈𝐄𝐓𝐄 𝐓𝐑𝐀𝐍𝐒𝐅𝐎𝐑𝐌𝐀𝐂𝐈𝐎𝐍𝐄𝐒 para levantar a nuestra querida Bolivia con justicia, orden y esperanza para el pueblo Boliviano.
La transformación es ahora y vamos a ir adelant… Ver más"
MARIA ESTHER GONGORA MIRANDA,https://www.facebook.com/mariaestherasambleista,sí,2021-01-03,1400,0,2025-07-02,post,https://www.facebook.com/mariaestherasambleista/posts/pfbid0jfy1h5C2QPsVpCrtA9ErhGRh1bMAKbmFwCa7aPnHT55g4P5g2eiAAfwTg5P6W4kyl,0,0,0,0,0,0,0,0,0,0,
MARIA ESTHER GONGORA MIRANDA,https://www.facebook.com/mariaestherasambleista,sí,2021-01-03,1400,0,2025-07-02,post,https://www.facebook.com/mariaestherasambleista/posts/pfbid025Lfb5wQ1Dy4mmh7cc6BBkD6rDZQBL9sv3ouYtBcwz3t5abuLrbqHoLTNHQhWtohBl,0,0,1,1,0,0,0,0,0,0,
MARIA ESTHER GONGORA MIRANDA,https://www.facebook.com/mariaestherasambleista,sí,2021-01-03,1400,0,2025-07-02,post,https://www.facebook.com/share/p/18sqan7v2d/,0,0,0,0,0,0,0,0,0,0,
MARIA ESTHER GONGORA MIRANDA,https://www.facebook.com/mariaestherasambleista,sí,2021-01-03,1400,0,2025-07-03,post,https://www.facebook.com/share/p/16x7WLLDE1/,3,0,11,10,1,0,0,0,0,0,"Estuvimos presentes en el municipio de Viacha, junto al Cápitan Manfred Reyes Villa, donde visitamos los diferentes puestos de venda, negocios, mercados y hogares. 
Asi… Ver más"
MARIA ESTHER GONGORA MIRANDA,https://www.facebook.com/mariaestherasambleista,sí,2021-01-03,1400,0,2025-07-03,post,https://www.facebook.com/share/p/1HZgT4XZ6Z/,0,0,1,1,0,0,0,0,0,0,Manfred propone soluciones inmediatas frente a la crisis económica y exige el respeto a la democracia.… Ver más
MARIA ESTHER GONGORA MIRANDA,https://www.facebook.com/mariaestherasambleista,sí,2021-01-03,1400,0,2025-07-03,post,https://www.facebook.com/share/p/1AnFoA4dXX/,0,0,0,0,0,0,0,0,0,0,#ManfredPresidente
MARIA ESTHER GONGORA MIRANDA,https://www.facebook.com/mariaestherasambleista,sí,2021-01-03,1400,0,2025-07-03,post,https://www.facebook.com/share/p/19YD7WWr53/,0,0,0,0,0,0,0,0,0,0,
MARIA ESTHER GONGORA MIRANDA,https://www.facebook.com/mariaestherasambleista,sí,2021-01-03,1400,0,2025-07-03,post,https://www.facebook.com/share/p/1AwCgot6bB/,0,0,2,2,0,0,0,0,0,0,CAMBIO PROFUNDO PARA BOLIVIA #ManfredPresidente
MARIA ESTHER GONGORA MIRANDA,https://www.facebook.com/mariaestherasambleista,sí,2021-01-03,1400,0,2025-07-03,post,https://www.facebook.com/share/p/1GGyFSS4vQ/,0,3,17,15,2,0,0,0,0,0,"Gracias a todos los alteños por este recibimiento tan ameno, recorrimos las calles más concurridas de la ciudad de El Alto 
Llevando propuestas claras y concretas para … Ver más"
MARIA ESTHER GONGORA MIRANDA,https://www.facebook.com/mariaestherasambleista,sí,2021-01-03,1400,0,2025-07-03,post,https://www.facebook.com/share/p/19JLj1XKVA/,0,0,2,2,0,0,0,0,0,0,
MARIA ESTHER GONGORA MIRANDA,https://www.facebook.com/mariaestherasambleista,sí,2021-01-03,1400,0,2025-07-03,post,https://www.facebook.com/share/p/1DqvczwihW/,0,0,1,1,0,0,0,0,0,0,
MARIA ESTHER GONGORA MIRANDA,https://www.facebook.com/mariaestherasambleista,sí,2021-01-03,1400,0,2025-07-04,post,https://www.facebook.com/share/p/16pMj2iFKE/,0,0,0,0,0,0,0,0,0,0,
MARIA ESTHER GONGORA MIRANDA,https://www.facebook.com/mariaestherasambleista,sí,2021-01-03,1400,0,2025-07-04,post,https://www.facebook.com/share/p/1Dn6J5mtwg/,0,0,2,2,0,0,0,0,0,0,#ManfredPresidente SI CUMPLE CON SU PUEBLO .
MARIA ESTHER GONGORA MIRANDA,https://www.facebook.com/mariaestherasambleista,sí,2021-01-03,1400,0,2025-07-05,post,https://www.facebook.com/share/v/16EnLWsAGx/,2,0,3,3,0,0,0,0,0,0,Recorriendo las calles de la ciudad de El Alto y Viacha junto al Capitán Manfred Reyes Villa.… Ver más
MARIA ESTHER GONGORA MIRANDA,https://www.facebook.com/mariaestherasambleista,sí,2021-01-03,1400,0,2025-07-06,post,https://www.facebook.com/share/p/16g31fS3GY/,1,0,8,6,2,0,0,0,0,0,"Se realizó presencia en una nueva casa de campaña inagurado por 𝐋𝐮𝐢𝐬 𝐑𝐚𝐦𝐢𝐫𝐨 𝐌𝐨𝐥𝐥𝐢𝐧𝐞𝐝𝐨 (𝐒𝐞𝐧𝐚𝐝𝐨𝐫), 𝐆𝐫𝐨𝐯𝐞𝐫 𝐅𝐞𝐫𝐧𝐚́𝐧𝐝𝐞𝐳 (𝐃𝐢𝐩𝐮𝐭𝐚𝐝𝐨) 𝐲 𝐎𝐬𝐜𝐚𝐫 𝐑𝐞𝐣𝐚𝐬 (𝐒𝐞𝐧𝐚𝐝𝐨𝐫) candidatos de la c… Ver más"
MARIA ESTHER GONGORA MIRANDA,https://www.facebook.com/mariaestherasambleista,sí,2021-01-03,1400,0,2025-07-06,post,https://www.facebook.com/share/p/16sH5jLkRP/,7,0,4,4,0,0,0,0,0,0,"ENTREVISTA CON EL CANAL AMITEL TV ""Agenda Minera"" en el programa ""PROPUESTAS MINERAS ANTES DEL VOTO"" … Ver más"
MARIA ESTHER GONGORA MIRANDA,https://www.facebook.com/mariaestherasambleista,sí,2021-01-03,1400,0,2025-07-07,post,https://www.facebook.com/share/p/16dsNNqsqm/,0,0,2,2,0,0,0,0,0,0,
