nombre perfil,url perfil,creación del perfil,seguidores,seguidos,fecha post,url post,comparticiones,reacciones en total,me gusta,me encanta,me divierte,me entristece,me sorprende,me enoja,me importa,contenido
PAOLA LORENA BARRIGA MACHICAO,https://www.facebook.com/paola.barriga.104,,8600,0,2025-05-28,https://www.facebook.com/share/p/16ZN4zpmmv/,37,151,101,45,0,0,3,0,2,"Adhara Maite Pérez Sánchez es una niña mexicana de 13 años (nacida el 28 de agosto de 2011) reconocida por su extraordinario coeficiente intelectual de 162, superior al… Ver más"
PAOLA LORENA BARRIGA MACHICAO,https://www.facebook.com/paola.barriga.104,,8600,0,2025-05-29,https://www.facebook.com/share/p/15fUKubPzV/,7,42,4,1,0,36,0,1,0,
PAOLA LORENA BARRIGA MACHICAO,https://www.facebook.com/paola.barriga.104,,8600,0,2025-05-29,https://www.facebook.com/share/p/15biiQjquK/,16,42,4,0,0,0,2,36,0,"Falta de criterio, insencibles..."
PAOLA LORENA BARRIGA MACHICAO,https://www.facebook.com/paola.barriga.104,,8600,0,2025-05-31,https://www.facebook.com/share/p/16M3qn4QPC/,23,11,10,1,0,0,0,0,0,
PAOLA LORENA BARRIGA MACHICAO,https://www.facebook.com/paola.barriga.104,,8600,0,2025-06-02,https://www.facebook.com/share/p/1PoToCDWAv/,4,13,12,0,0,0,0,1,0,
