nombre perfil,url perfil,candidato identificado,creación del perfil,seguidores,seguidos,fecha post,tipo de post,url post,comparticiones,comentarios,reacciones en total,me gusta,me encanta,me divierte,me entristece,me sorprende,me enoja,me importa,contenido
Roxana Duchên,https://www.facebook.com/RoxanaDuchenn,no,2015-03-11,59000,0,2025-06-03,post,https://www.facebook.com/share/p/15cqg1Cwku/,44,5,190,0,0,0,0,0,0,0,Buen día!
Roxana Duchên,https://www.facebook.com/RoxanaDuchenn,no,2015-03-11,59000,0,2025-06-04,post,https://www.facebook.com/share/p/1C9zsBqVgU/,767,974,9500,0,0,0,0,0,0,0,"En mi ciudad en Bolivia 
 duró una noche el arcoiris en un paso de cebra!
E… Ver más"
Roxana Duchên,https://www.facebook.com/RoxanaDuchenn,no,2015-03-11,59000,0,2025-06-05,post,https://www.facebook.com/share/p/1LJut85Gbw/,41,2,221,0,0,0,0,0,0,0,Buen diaaaaa
Roxana Duchên,https://www.facebook.com/RoxanaDuchenn,no,2015-03-11,59000,0,2025-06-06,post,https://www.facebook.com/share/p/191c8c7BPt/,22,2,152,0,0,0,0,0,0,0,Buen día!
Roxana Duchên,https://www.facebook.com/RoxanaDuchenn,no,2015-03-11,59000,0,2025-06-06,post,https://www.facebook.com/share/p/151FWXBDp9u/,14,43,285,0,0,0,0,0,0,0,A mis amigos de Bolivia
Roxana Duchên,https://www.facebook.com/RoxanaDuchenn,no,2015-03-11,59000,0,2025-06-07,post,https://www.facebook.com/share/p/1Ds9zjGmxg/,80,26,682,0,0,0,0,0,0,0,"Eso explica muchoooooo. 
… Ver más"
Roxana Duchên,https://www.facebook.com/RoxanaDuchenn,no,2015-03-11,59000,0,2025-06-08,post,https://www.facebook.com/share/p/1AoeYbW2mk/,11000,1800,40000,0,0,0,0,0,0,0,
Roxana Duchên,https://www.facebook.com/RoxanaDuchenn,no,2015-03-11,59000,0,2025-06-08,post,https://www.facebook.com/share/p/1AUsG5dnav/,36,15,265,0,0,0,0,0,0,0,No será eso herrmana?
Roxana Duchên,https://www.facebook.com/RoxanaDuchenn,no,2015-03-11,59000,0,2025-06-08,post,https://www.facebook.com/share/p/1FvsfvBdbj/,660,1100,8000,0,0,0,0,0,0,0,
Roxana Duchên,https://www.facebook.com/RoxanaDuchenn,no,2015-03-11,59000,0,2025-06-09,post,https://www.facebook.com/share/p/19JeLeF3BP/,79,44,1100,0,0,0,0,0,0,0,Si Bob!
Roxana Duchên,https://www.facebook.com/RoxanaDuchenn,no,2015-03-11,59000,0,2025-06-10,post,https://www.facebook.com/share/p/1LztBds3mo/,7,0,43,0,0,0,0,0,0,0,Buen día
Roxana Duchên,https://www.facebook.com/RoxanaDuchenn,no,2015-03-11,59000,0,2025-06-10,post,https://www.facebook.com/share/p/15qG3P8q6V/,659,368,8500,0,0,0,0,0,0,0,Se dieron cuenta de que ya no hay banderitas en Google? 
