nombre perfil,url perfil,candidato identificado,creación del perfil,seguidores,seguidos,fecha post,tipo de post,url post,comparticiones,comentarios,reacciones en total,me gusta,me encanta,me divierte,me entristece,me sorprende,me enoja,me importa,contenido
Sayuri Loza,https://www.facebook.com/sayuri.loza,no,2008-08-19,56000,0,2025-07-30,post,https://www.facebook.com/share/p/16jmfEi46h/,9,4,98,79,0,14,0,5,0,0,Sobre el voto nulo
Sayuri Loza,https://www.facebook.com/sayuri.loza,no,2008-08-19,56000,0,2025-07-30,post,https://www.facebook.com/share/p/14GiPnD8QUv/,2,0,14,11,3,0,0,0,0,0,
Sayuri Loza,https://www.facebook.com/sayuri.loza,no,2008-08-19,56000,0,2025-07-30,post,https://www.facebook.com/share/p/1FEvkUvJgW/,0,0,15,15,0,0,0,0,0,0,El jueves!
Sayuri Loza,https://www.facebook.com/sayuri.loza,no,2008-08-19,56000,0,2025-07-30,post,https://www.facebook.com/share/p/1W8cH9A2M4/,7,0,3,0,0,0,3,0,0,0,Peque se perdió 
Sayuri Loza,https://www.facebook.com/sayuri.loza,no,2008-08-19,56000,0,2025-07-30,post,https://www.facebook.com/share/p/1JYWCFcawv/,9,14,520,392,3,0,58,50,13,4,"Siempre el indio atrás y ellos bien cubiertos, eso se repite con Bejarano-Macusaya, el pongo que carga la maleta de la patrona, el que hace el trabajo sucio mientras lo… Ver más"
Sayuri Loza,https://www.facebook.com/sayuri.loza,no,2008-08-19,56000,0,2025-07-31,post,https://www.facebook.com/share/p/19fVyGaa1c/,6,12,99,74,19,1,0,0,1,4,MI LIBRO EN LA FERIA DEL LIBRO … Ver más
Sayuri Loza,https://www.facebook.com/sayuri.loza,no,2008-08-19,56000,0,2025-07-31,post,https://www.facebook.com/share/p/1Efu6jq5Wd/,12,19,225,132,3,85,1,3,1,0,Mujer y p'axpaku al agua! Eva Copa se baja oficialmente de su candidatura
Sayuri Loza,https://www.facebook.com/sayuri.loza,no,2008-08-19,56000,0,2025-07-31,post,https://www.facebook.com/share/1Dt4iWyVXV/,0,8,67,24,38,0,0,0,0,5,
Sayuri Loza,https://www.facebook.com/sayuri.loza,no,2008-08-19,56000,0,2025-07-31,post,https://www.facebook.com/share/p/1FVGpkTqxF/,14,16,155,124,28,2,0,1,0,0,"Vean esto, la Ana Lucía Velasco es una experta en polarización, la mejor y la que más ha investigado al respecto. Escucharla es esclarecedor"
Sayuri Loza,https://www.facebook.com/sayuri.loza,no,2008-08-19,56000,0,2025-07-31,post,https://www.facebook.com/share/p/1JHSHuWoNM/,85,8,279,264,8,3,0,2,0,2,Sobre el dicho de Dina Boluarte… Ver más
Sayuri Loza,https://www.facebook.com/sayuri.loza,no,2008-08-19,56000,0,2025-07-31,post,https://www.facebook.com/share/p/19LTcJAASW/,8,13,664,374,14,90,1,174,3,8,"Siempre feriados, nunca inferiados."
Sayuri Loza,https://www.facebook.com/sayuri.loza,no,2008-08-19,56000,0,2025-07-31,post,https://www.facebook.com/share/p/1FxVjg659H/,26,9,129,68,1,9,3,45,3,0,
Sayuri Loza,https://www.facebook.com/sayuri.loza,no,2008-08-19,56000,0,2025-07-31,post,https://www.facebook.com/share/p/19zZ1Lo1bF/,61,18,315,109,2,196,0,7,1,0,"Si gana el Samuel será ""el Qhinchha"", si gana el Tuto será ""el Quico"" , si gana el Andrónico, será ""el mudo"""
Sayuri Loza,https://www.facebook.com/sayuri.loza,no,2008-08-19,56000,0,2025-07-31,post,https://www.facebook.com/share/p/1YMnM4HS1i/,0,0,7,4,1,1,1,0,0,0,
Sayuri Loza,https://www.facebook.com/sayuri.loza,no,2008-08-19,56000,0,2025-08-01,post,https://www.facebook.com/share/p/1FDTqNqBT4/,1,11,345,274,52,15,0,1,1,2,"En Santa Cruz, para la presentación de las encuestas de El Deber. Sintonicen!… Ver más"
Sayuri Loza,https://www.facebook.com/sayuri.loza,no,2008-08-19,56000,0,2025-08-01,post,https://www.facebook.com/share/p/14K1RiwLbKF/,35,2,89,25,0,1,41,2,20,0,Éste es un cálculo de retroceso de área de cobertura forestal a partir del mapa de cobertura forestal de Hansen. Deberíamos preocuparnos? Sí!!! Nos están destruyendo el… Ver más
Sayuri Loza,https://www.facebook.com/sayuri.loza,no,2008-08-19,56000,0,2025-08-01,post,https://www.facebook.com/share/p/1CVy7HVAmo/,6,15,353,238,11,66,0,34,1,3,Resultados de encuesta de El Deber
Sayuri Loza,https://www.facebook.com/sayuri.loza,no,2008-08-19,56000,0,2025-08-01,post,https://www.facebook.com/share/p/16i7Y9eDCa/,2,12,414,322,69,12,0,2,1,8,"Se transmite a las 7, en el streaming de El  Deber. Hay sorpresas.… Ver más"
Sayuri Loza,https://www.facebook.com/sayuri.loza,no,2008-08-19,56000,0,2025-08-01,post,https://www.facebook.com/share/p/1BikQTS2qC/,76,15,1100,189,6,933,3,7,1,7,"Cuando tus amigos te presentan a alguien porque como tienen intereses similares, tal vez se enamoran, pero NO.… Ver más"
Sayuri Loza,https://www.facebook.com/sayuri.loza,no,2008-08-19,56000,0,2025-08-01,post,https://www.facebook.com/share/p/1AtSYLz3nk/,0,7,51,33,1,16,0,1,0,0,La corte electoral anuncia que ya se están mandando a hacer las papeletas para que voten por el presidente Oberyn y la hermana Mittens. Nadie se bajó y erizos se inscri… Ver más
Sayuri Loza,https://www.facebook.com/sayuri.loza,no,2008-08-19,56000,0,2025-08-01,post,https://www.facebook.com/share/p/1ApAtHN3iJ/,2,0,21,16,3,1,0,1,0,0,"Miren perros, ya se acerca San Roque y qué mejor que un hermoso retrato de la mano de una gran artista? Compren!"
Sayuri Loza,https://www.facebook.com/sayuri.loza,no,2008-08-19,56000,0,2025-08-02,post,https://www.facebook.com/share/p/1B3soc5SeK/,2,4,86,65,17,3,0,0,0,1,"Hablar de economía, política y hasta demografía, siempre es un placer charlar con un genio como el Carlos Augusto Aranda Herrera, a quien además de todos eso, considero… Ver más"
Sayuri Loza,https://www.facebook.com/sayuri.loza,no,2008-08-19,56000,0,2025-08-02,post,https://www.facebook.com/share/p/1Ajq5DytgZ/,24,6,233,151,1,3,70,3,1,4,
Sayuri Loza,https://www.facebook.com/sayuri.loza,no,2008-08-19,56000,0,2025-08-02,post,https://www.facebook.com/share/p/1EXNBLpCXW/,185,6,1500,140,4,1400,0,5,1,5,Éste más y me duermo
Sayuri Loza,https://www.facebook.com/sayuri.loza,no,2008-08-19,56000,0,2025-08-02,post,https://www.facebook.com/share/p/16f9LNUo8e/,2,2,289,260,13,15,0,0,0,1,Así es
Sayuri Loza,https://www.facebook.com/sayuri.loza,no,2008-08-19,56000,0,2025-08-02,post,https://www.facebook.com/share/p/1CMdwpmhHe/,38,1,605,57,2,545,0,1,0,0,
Sayuri Loza,https://www.facebook.com/sayuri.loza,no,2008-08-19,56000,0,2025-08-02,post,https://www.facebook.com/share/p/19M2R3PZBX/,2,1,390,185,157,2,2,1,0,43,"Oberyn ayer, cuando yo no estaba/Oberyn hoy, al verme llegar.… Ver más"
Sayuri Loza,https://www.facebook.com/sayuri.loza,no,2008-08-19,56000,0,2025-08-02,post,https://www.facebook.com/share/p/19QkjrpBkq/,14,1,56,45,10,1,0,0,0,0,Es bellísimo!! Escuchen! 
Sayuri Loza,https://www.facebook.com/sayuri.loza,no,2008-08-19,56000,0,2025-08-02,post,https://www.facebook.com/share/p/1CXf7Edvk3/,35,13,329,65,3,258,0,3,0,0,Auto… Ver más
Sayuri Loza,https://www.facebook.com/sayuri.loza,no,2008-08-19,56000,0,2025-08-03,post,https://www.facebook.com/share/p/16HLFpxHpV/,0,0,10,0,0,0,0,0,0,0,
Sayuri Loza,https://www.facebook.com/sayuri.loza,no,2008-08-19,56000,0,2025-08-03,post,https://www.facebook.com/share/p/16zeEaUixT/,46,0,92,5,0,0,65,0,22,0,
Sayuri Loza,https://www.facebook.com/sayuri.loza,no,2008-08-19,56000,0,2025-08-03,post,https://www.facebook.com/share/p/1789wkAkA5/,1,9,77,5,0,63,0,9,0,0,
Sayuri Loza,https://www.facebook.com/sayuri.loza,no,2008-08-19,56000,0,2025-08-03,post,https://www.facebook.com/share/p/1CpQ4iCiy9/,128,1,338,70,0,0,201,2,64,1,
Sayuri Loza,https://www.facebook.com/sayuri.loza,no,2008-08-19,56000,0,2025-08-04,post,https://www.facebook.com/share/p/19iAnNeKvq/,12,2,203,23,0,171,0,7,1,1,La era del comtibusble ha llegado
Sayuri Loza,https://www.facebook.com/sayuri.loza,no,2008-08-19,56000,0,2025-08-04,post,https://www.facebook.com/share/p/193M7qUCvv/,1,2,158,71,28,52,0,1,0,6,"Como siempre, el presidente intentando robar chichi."
Sayuri Loza,https://www.facebook.com/sayuri.loza,no,2008-08-19,56000,0,2025-08-04,post,https://www.facebook.com/share/p/1BuPnTEquw/,4,2,19,0,0,0,0,0,0,0,Sí
Sayuri Loza,https://www.facebook.com/sayuri.loza,no,2008-08-19,56000,0,2025-08-04,post,https://www.facebook.com/share/p/16t1PXKAGk/,14,9,84,36,0,24,1,2,21,0,"Entonces quién tiene la culpa? O sea, el tilín hasta ha escrito textos mostrando cómo le hizo para traernos hasta aquí. Qué sinvergüenzas son éstos, oye"
Sayuri Loza,https://www.facebook.com/sayuri.loza,no,2008-08-19,56000,0,2025-08-04,post,https://www.facebook.com/share/p/16YpM1kdEg/,20,3,197,121,59,0,1,1,0,15,Vamos!
Sayuri Loza,https://www.facebook.com/sayuri.loza,no,2008-08-19,56000,0,2025-08-04,post,https://www.facebook.com/share/p/1CgvgV8Fg2/,51,8,975,246,22,698,0,5,1,3,
Sayuri Loza,https://www.facebook.com/sayuri.loza,no,2008-08-19,56000,0,2025-08-04,post,https://www.facebook.com/share/p/1Ge8xGHgwL/,0,0,7,4,2,0,0,0,0,1,
Sayuri Loza,https://www.facebook.com/sayuri.loza,no,2008-08-19,56000,0,2025-08-04,post,https://www.facebook.com/share/p/1BAUxri5kx/,16,0,8,5,0,0,3,0,0,0,Se perdió
Sayuri Loza,https://www.facebook.com/sayuri.loza,no,2008-08-19,56000,0,2025-08-04,post,https://www.facebook.com/share/p/16zaUyx9Ei/,4,0,49,32,1,15,0,1,0,0,Esto
Sayuri Loza,https://www.facebook.com/sayuri.loza,no,2008-08-19,56000,0,2025-08-05,post,https://www.facebook.com/share/p/15DHbBEWUSb/,3,2,208,168,21,0,4,15,0,0,El último hijo de José Gabriel Condorcanqui tuvo una vida azarosa y estigmatizada fruto de su relación con su padre. Este preso sin culpa pasó varios años exiliado y su… Ver más
Sayuri Loza,https://www.facebook.com/sayuri.loza,no,2008-08-19,56000,0,2025-08-05,post,https://www.facebook.com/share/p/1BFo7hMtVc/,3,18,602,220,114,260,0,3,0,5,"Hna. Gali, es una gata jailona pero busca representar al pueblo, no le gusta la sopita de fideo ni la comida del mercado, puro caviar y Biancaflor.… Ver más"
Sayuri Loza,https://www.facebook.com/sayuri.loza,no,2008-08-19,56000,0,2025-08-05,post,https://www.facebook.com/share/p/1VCsCekvDu/,3,46,367,238,53,75,0,1,0,0,"Otra vez en el aeropuerto, estoy como el JP que ya no sé dónde voy ni dónde estoy. Mentira, estoy yendo a Cocha, a grabar un video para promocionar el libro donde sale … Ver más"
Sayuri Loza,https://www.facebook.com/sayuri.loza,no,2008-08-19,56000,0,2025-08-05,post,https://www.facebook.com/share/p/16wTP2VaNe/,1,0,19,5,0,1,3,10,0,0,Una carta de 3500 a. C.
Sayuri Loza,https://www.facebook.com/sayuri.loza,no,2008-08-19,56000,0,2025-08-05,post,https://www.facebook.com/share/p/1AztEQ6puE/,35,59,931,596,147,129,1,42,10,6,Wiiiii
Sayuri Loza,https://www.facebook.com/sayuri.loza,no,2008-08-19,56000,0,2025-08-05,post,https://www.facebook.com/share/p/1BshWAWE6o/,5,14,160,145,14,0,0,0,0,1,"En el aeropuerto de Cocha, hay algunos locales que ofrecen servicio de masajes para el dolor de espalda y contracturas, también tratamientos de belleza, uñas, peinados,… Ver más"
Sayuri Loza,https://www.facebook.com/sayuri.loza,no,2008-08-19,56000,0,2025-08-05,post,https://www.facebook.com/share/p/19qqoUs537/,18,0,75,14,0,0,13,4,44,0,
Sayuri Loza,https://www.facebook.com/sayuri.loza,no,2008-08-19,56000,0,2025-08-06,post,https://www.facebook.com/share/p/16oYffbs6B/,17,5,107,70,19,1,2,15,0,0,"Tal día como hoy, pero de 133 a. C. los ejércitos romanos de Publio Escipión Emiliano arrasaron la ciudad celtíbera de Numancia, símbolo de resistencia al poder romano,… Ver más"
Sayuri Loza,https://www.facebook.com/sayuri.loza,no,2008-08-19,56000,0,2025-08-06,post,https://www.facebook.com/share/v/1JS7JmW6Kg/,1200,20,4400,3600,435,315,0,14,13,15,"Esto debe ponerse en nuevas frases célebres de los bolivianos. Gracias señora, usted me representa"
Sayuri Loza,https://www.facebook.com/sayuri.loza,no,2008-08-19,56000,0,2025-08-06,post,https://www.facebook.com/share/p/1FU8c6oaU1/,1,0,37,29,7,0,0,0,0,1,Genios 
