nombre perfil,url perfil,candidato identificado,creación del perfil,seguidores,seguidos,fecha post,tipo de post,url post,comparticiones,comentarios,reacciones en total,me gusta,me encanta,me divierte,me entristece,me sorprende,me enoja,me importa,contenido
Mauro Landivar ,https://www.facebook.com/profile.php?id=61552708002190,no,2023-10-31,31000,181,2025-07-07,post,https://www.facebook.com/share/p/1AgLqMqJDw/,75,36,322,251,57,7,0,0,0,7,#URGENTE |Contraloría confirma que Jaime Dunn no tiene procesos ni deudas con el Estado… Ver más
Mauro Landivar ,https://www.facebook.com/profile.php?id=61552708002190,no,2023-10-31,31000,181,2025-07-07,post,https://www.facebook.com/share/p/19bBVf9YtP/,316,223,823,560,104,152,0,3,0,4,"Y el ganador del debate, fue....... Jaime Dunn… Ver más"
Mauro Landivar ,https://www.facebook.com/profile.php?id=61552708002190,no,2023-10-31,31000,181,2025-07-08,post,https://www.facebook.com/share/p/16paYrA6y7/,404,313,709,432,17,118,126,5,7,4,"Sin Dunn, se viene lo peor para Bolivia.… Ver más"
Mauro Landivar ,https://www.facebook.com/profile.php?id=61552708002190,no,2023-10-31,31000,181,2025-07-08,post,https://www.facebook.com/share/v/16uZNdWYCU/,186,223,455,247,1,129,1,47,30,0,#URGENTE ¿Un medio de comunicación ayudó a Andrónico con las preguntas?… Ver más
Mauro Landivar ,https://www.facebook.com/profile.php?id=61552708002190,no,2023-10-31,31000,181,2025-07-09,post,https://www.facebook.com/share/p/1AQPkVBX38/,235,267,341,175,1,45,4,79,37,0,#URGENTE Samuel Doria Medina confirma que es vicepresidente de la Internacional Socialista.… Ver más
Mauro Landivar ,https://www.facebook.com/profile.php?id=61552708002190,no,2023-10-31,31000,181,2025-07-11,post,https://www.facebook.com/share/p/1CRwQqdLa3/,264,26,206,77,0,1,4,25,99,0,"#URGENTE |Mientras Eduardo del Castillo —exministro de Gobierno y HOY candidato del MAS a la presidencia— hace campaña, sus amigos avasalladores secuestran a un product… Ver más"
Mauro Landivar ,https://www.facebook.com/profile.php?id=61552708002190,no,2023-10-31,31000,181,2025-07-11,post,https://www.facebook.com/share/p/1GUmVSMNRV/,89,42,123,66,0,10,4,24,18,1,"Aquí lo tienen a Sócimo Paniagua, actual ejecutivo de la COD, al lado del vice de Samuel Doria Medina, José Luis Lupo, y también de Zvonko Matkovic.… Ver más"
Mauro Landivar ,https://www.facebook.com/profile.php?id=61552708002190,no,2023-10-31,31000,181,2025-07-11,post,https://www.facebook.com/share/p/16w7AQa2wN/,482,185,304,159,0,21,0,52,72,0,#URGENTE |ESTA FOTO ESTÁ CIRCULANDO Y ES MUY LAMENTABLE.… Ver más
Mauro Landivar ,https://www.facebook.com/profile.php?id=61552708002190,no,2023-10-31,31000,181,2025-07-12,post,https://www.facebook.com/share/p/12LTzVRDCCZ/,98,76,433,328,92,5,1,2,1,4,"La injusticia contra ellos, los unió.… Ver más"
Mauro Landivar ,https://www.facebook.com/profile.php?id=61552708002190,no,2023-10-31,31000,181,2025-07-13,post,https://www.facebook.com/share/p/19srBpjau1/,93,147,310,243,8,50,1,3,2,3,"La segunda encuesta de Unitel, dice que Bolivia no quiere a ninguno de los actuales candidatos.… Ver más"
Mauro Landivar ,https://www.facebook.com/profile.php?id=61552708002190,no,2023-10-31,31000,181,2025-07-15,post,https://www.facebook.com/share/p/15SUrRMda5/,38,79,130,85,1,13,21,7,2,1,Realmente estamos J0d¡d0s todos con lo que se viene.… Ver más
Mauro Landivar ,https://www.facebook.com/profile.php?id=61552708002190,no,2023-10-31,31000,181,2025-07-15,post,https://www.facebook.com/share/p/1BGRvaRtRH/,100,16,67,40,0,3,1,14,9,0,#URGENTE |Ex precandidato del MAS ahora es candidato con Manfred Reyes Villa. ¿Qué más pruebas quieren?… Ver más
