nombre perfil,url perfil,snapshot_date,creación del perfil,candidato identificado,seguidores,seguidos,fecha post,tipo de post,url post,comparticiones,comentarios,reacciones en total,me gusta,me encanta,me divierte,me entristece,me sorprende,me enoja,me importa,contenido
Por la vida de las mujeres,https://www.facebook.com/Porlavidadelasmujeres.Bolivia,2025-06-11,2013-12-19,no,16000,122,2025-04-10,post,https://www.facebook.com/share/p/1ZgN38rz4m/,3,0,10,0,0,0,0,0,0,0,"Amiga, es necesario contarlo todo hasta que ya no duela, hasta que ya no moleste
#RompeElPactoPatriarcal #RompeElSilencio"
Por la vida de las mujeres,https://www.facebook.com/Porlavidadelasmujeres.Bolivia,2025-06-11,2013-12-19,no,16000,122,2025-04-14,post,https://www.facebook.com/share/p/14GxhoSHpEy/,9,15,37,0,0,0,0,0,0,0,hagamos humanos funcionales
Por la vida de las mujeres,https://www.facebook.com/Porlavidadelasmujeres.Bolivia,2025-06-11,2013-12-19,no,16000,122,2025-04-16,post,https://www.facebook.com/share/p/16SB7QAnAh/,0,10,18,0,0,0,0,0,0,0,"Ser ""empresario"" o de una clase social media a media alta no te quita lo machista ni v10lent0, ni como mujer te deja libre de sufrir v10lenc1a. 
Ella denunció porque el… Ver más"
Por la vida de las mujeres,https://www.facebook.com/Porlavidadelasmujeres.Bolivia,2025-06-11,2013-12-19,no,16000,122,2025-04-16,post,https://www.facebook.com/share/p/12LgjGSvJ8j/,4,1,16,0,0,0,0,0,0,0," Imaginario mundial sobre la presencia paterna, lamentable y cierto."
Por la vida de las mujeres,https://www.facebook.com/Porlavidadelasmujeres.Bolivia,2025-06-11,2013-12-19,no,16000,122,2025-04-17,post,https://www.facebook.com/share/p/16LJM8qKBY/,1,0,13,0,0,0,0,0,0,0,"El feminismo: te acompaña si decides no ser madre // te acompaña si eres madre. 
En ambos casos no te juzga ni abandona. Te cree y te acompaña.… Ver más"
Por la vida de las mujeres,https://www.facebook.com/Porlavidadelasmujeres.Bolivia,2025-06-11,2013-12-19,no,16000,122,2025-04-18,post,https://www.facebook.com/share/p/1DY4mxV67n/,1,0,4,0,0,0,0,0,0,0,El agradecimiento sincero también es parte de los procesos de sanar y soltar.
Por la vida de las mujeres,https://www.facebook.com/Porlavidadelasmujeres.Bolivia,2025-06-11,2013-12-19,no,16000,122,2025-04-20,post,https://www.facebook.com/share/p/15i22Xw48x/,4,0,16,0,0,0,0,0,0,0,"Nos están m4t4nd0! 
Estos son los casos que se llegan a denunciar y calificar como tal, no sabemos los casos que son calificados de otra manera o los ""intentos"", segura… Ver más"
Por la vida de las mujeres,https://www.facebook.com/Porlavidadelasmujeres.Bolivia,2025-06-11,2013-12-19,no,16000,122,2025-04-22,post,https://www.facebook.com/share/p/19EToEqg3K/,1,0,12,0,0,0,0,0,0,0,"O te dice que no es machista porque ""ayuda"" en su casa.
O que no es machista, que a lo mejor taaal vez tiene ""micromachismos""… Ver más"
Por la vida de las mujeres,https://www.facebook.com/Porlavidadelasmujeres.Bolivia,2025-06-11,2013-12-19,no,16000,122,2025-04-23,post,https://www.facebook.com/share/p/152xVkgYqZ/,1,2,4,0,0,0,0,0,0,0,"LA IGLESIA ENCUBRE: ""El entorno de la #CompañíadeJesús sigue haciendo caso omiso a los protocolos establecidos para la seguridad de niñas, niños y adolescentes, y se al… Ver más"
Por la vida de las mujeres,https://www.facebook.com/Porlavidadelasmujeres.Bolivia,2025-06-11,2013-12-19,no,16000,122,2025-04-27,post,https://www.facebook.com/share/p/1C3XUgBa5C/,4,0,34,0,0,0,0,0,0,0,"Un hombre dice: “ella quiere conmigo”, y todos le creen. 
Una mujer dice: “él me acosa”, y nadie le cree.… Ver más"
Por la vida de las mujeres,https://www.facebook.com/Porlavidadelasmujeres.Bolivia,2025-06-11,2013-12-19,no,16000,122,2025-04-28,post,https://www.facebook.com/share/p/16dzH171Fa/,4,1,32,0,0,0,0,0,0,0,"NO ESTÁS SOLA HERMANA! 
#MarcoGandarillas #ÁlvaroMarca v10lad0r3s!!! … Ver más"
Por la vida de las mujeres,https://www.facebook.com/Porlavidadelasmujeres.Bolivia,2025-06-11,2013-12-19,no,16000,122,2025-04-29,post,https://www.facebook.com/share/p/19HcXCVz7c/,2,0,5,0,0,0,0,0,0,0,"¡NIÑAS NO SON MADRES, NIÑAS NO SON ESPOSAS NI NOVIAS!
Siglo XXI y todavía son necesarias leyes para que los hombres adultos no justifiquen delitos de rapto y trata de n… Ver más"
Por la vida de las mujeres,https://www.facebook.com/Porlavidadelasmujeres.Bolivia,2025-06-11,2013-12-19,no,16000,122,2025-04-29,post,https://www.facebook.com/share/p/1ADwCWNPgx/,6,2,54,0,0,0,0,0,0,0,Privilegios de 
Por la vida de las mujeres,https://www.facebook.com/Porlavidadelasmujeres.Bolivia,2025-06-11,2013-12-19,no,16000,122,2025-05-01,post,https://www.facebook.com/share/p/1A69ZiCC4W/,3,0,11,0,0,0,0,0,0,0,https://www.facebook.com/100066461235650/posts/1019553063603392/?mibextid=rS40aB7S9Ucbxw6v
Por la vida de las mujeres,https://www.facebook.com/Porlavidadelasmujeres.Bolivia,2025-06-11,2013-12-19,no,16000,122,2025-05-01,post,https://www.facebook.com/share/p/1BmRCEduh6/,1,0,3,0,0,0,0,0,0,0,"Los derechos laborales son producto de luchas sociales, no fueron regalos del estado o las empresas. Los discursos neoliberales de “emprendedurismo” solo adornan formas… Ver más"
Por la vida de las mujeres,https://www.facebook.com/Porlavidadelasmujeres.Bolivia,2025-06-11,2013-12-19,no,16000,122,2025-05-05,post,2025-05-05,1,0,1,0,0,0,0,0,0,0,
Por la vida de las mujeres,https://www.facebook.com/Porlavidadelasmujeres.Bolivia,2025-06-11,2013-12-19,no,16000,122,2025-05-08,post,https://www.facebook.com/share/p/1CbgqeW7ge/,4,5,26,0,0,0,0,0,0,0,"Un conflicto mal gestionado por un alcalde y un grupo de dirigentes -todos hombres- termina en violencia brutal contra varias mujeres, nada lo justifica, es el ejemplo … Ver más"
Por la vida de las mujeres,https://www.facebook.com/Porlavidadelasmujeres.Bolivia,2025-06-11,2013-12-19,no,16000,122,2025-05-08,post,https://www.facebook.com/share/p/1FnXJZnbxF/,2,0,1,0,0,0,0,0,0,0,Realidades para nuevos pensares: machismos en los espacios digitales y pedagogías de la crueldad 
Por la vida de las mujeres,https://www.facebook.com/Porlavidadelasmujeres.Bolivia,2025-06-11,2013-12-19,no,16000,122,2025-05-11,post,https://www.facebook.com/share/p/1LdwHJq7iA/,3,0,7,0,0,0,0,0,0,0,"SER MADRE, A QUÉ COSTO? El tipo de desigualdades que nos hacen pensar y decidir por parir o no, cuando podemos decidir."
Por la vida de las mujeres,https://www.facebook.com/Porlavidadelasmujeres.Bolivia,2025-06-11,2013-12-19,no,16000,122,2025-05-12,post,https://www.facebook.com/share/p/1FFa4GHvzM/,2,0,12,0,0,0,0,0,0,0,Así es vivir en la sociedad machista!… Ver más
Por la vida de las mujeres,https://www.facebook.com/Porlavidadelasmujeres.Bolivia,2025-06-11,2013-12-19,no,16000,122,2025-05-18,post,https://www.facebook.com/share/p/1AYFnqduD6/,4,0,10,0,0,0,0,0,0,0,"Si no es con ternura, es lo mismo de siempre"
Por la vida de las mujeres,https://www.facebook.com/Porlavidadelasmujeres.Bolivia,2025-05-23,2013-12-19,no,16000,0,2025-05-18,post,not-found-post-url-18113,0,0,,0,0,0,0,0,0,0,"Si no es con ternura, es lo mismo de siempre"
Por la vida de las mujeres,https://www.facebook.com/Porlavidadelasmujeres.Bolivia,2025-05-22,2013-12-19,no,16000,0,2025-05-18,post,not-found-post-url--256195,0,0,,0,0,0,0,0,0,0,"Si no es con ternura, es lo mismo de siempre"
Por la vida de las mujeres,https://www.facebook.com/Porlavidadelasmujeres.Bolivia,2025-06-11,2013-12-19,no,16000,122,2025-05-25,post,https://www.facebook.com/share/p/1BbXJcTRwD/,0,0,7,0,0,0,0,0,0,0,"Las crisis y las guerras terminan en las espaldas de las mujeres, que deben administrar las miserias del patriarcado para alimentar a sus hijxs. Su corrupción, sus elec… Ver más"
Por la vida de las mujeres,https://www.facebook.com/Porlavidadelasmujeres.Bolivia,2025-06-11,2013-12-19,no,16000,122,2025-05-25,post,https://www.facebook.com/share/p/1Dr1QiQGng/,0,0,11,0,0,0,0,0,0,0,Decisiones responsables para una humanidad compleja y para un mundo en riesgo...… Ver más
Por la vida de las mujeres,https://www.facebook.com/Porlavidadelasmujeres.Bolivia,2025-06-02,2013-12-19,no,16000,0,2025-05-26,post,https://www.facebook.com/share/p/1Jat2juRYM/,0,0,,0,0,0,0,0,0,0,https://www.facebook.com/100069134842039/posts/1029385569375928/?mibextid=rS40aB7S9Ucbxw6v
Por la vida de las mujeres,https://www.facebook.com/Porlavidadelasmujeres.Bolivia,2025-06-11,2013-12-19,no,16000,122,2025-05-26,post,https://www.facebook.com/share/p/196vL8Hf1H/,0,0,2,0,0,0,0,0,0,0,https://www.facebook.com/100069134842039/posts/1029385569375928/?mibextid=rS40aB7S9Ucbxw6v
Por la vida de las mujeres,https://www.facebook.com/Porlavidadelasmujeres.Bolivia,2025-06-11,2013-12-19,no,16000,122,2025-05-27,post,https://www.facebook.com/share/p/16eG2YHti4/,3,1,26,0,0,0,0,0,0,0,Cuando la soledad también es una opción de libertad
Por la vida de las mujeres,https://www.facebook.com/Porlavidadelasmujeres.Bolivia,2025-06-11,2013-12-19,no,16000,122,2025-05-27,post,https://www.facebook.com/share/p/16Nti37UFU/,0,0,2,0,0,0,0,0,0,0,"Día de la madre boliviana, en medio de la crisis económica, el machismo de las elecciones nacionales de agosto y del trabajo doméstico que nunca acaba"
Por la vida de las mujeres,https://www.facebook.com/Porlavidadelasmujeres.Bolivia,2025-06-02,2013-12-19,no,16000,0,2025-05-27,post,https://www.facebook.com/share/p/12Gqyx816KF/,3,1,,0,0,0,0,0,0,0,Cuando la soledad también es una opción de libertad
Por la vida de las mujeres,https://www.facebook.com/Porlavidadelasmujeres.Bolivia,2025-06-02,2013-12-19,no,16000,0,2025-05-27,post,https://www.facebook.com/share/p/1HMjkajd8Z/,0,0,,0,0,0,0,0,0,0,"Día de la madre boliviana, en medio de la crisis económica, el machismo de las elecciones nacionales de agosto y del trabajo doméstico que nunca acaba"
Por la vida de las mujeres,https://www.facebook.com/Porlavidadelasmujeres.Bolivia,2025-06-02,2013-12-19,no,16000,0,2025-05-28,post,https://www.facebook.com/share/p/1WWo7pTBdt/,0,0,,0,0,0,0,0,0,0,"También se vale 
h… Ver más"
Por la vida de las mujeres,https://www.facebook.com/Porlavidadelasmujeres.Bolivia,2025-06-11,2013-12-19,no,16000,122,2025-05-28,post,https://www.facebook.com/share/p/15bmF3S6oH/,0,0,5,0,0,0,0,0,0,0,"También se vale 
h… Ver más"
Por la vida de las mujeres,https://www.facebook.com/Porlavidadelasmujeres.Bolivia,2025-06-11,2013-12-19,no,16000,122,2025-05-29,post,https://www.facebook.com/share/p/15mBzomifB/,9,0,65,0,0,0,0,0,0,0,h… Ver más
Por la vida de las mujeres,https://www.facebook.com/Porlavidadelasmujeres.Bolivia,2025-06-02,2013-12-19,no,16000,0,2025-05-29,post,https://www.facebook.com/share/p/19LEgo5ij7/,9,0,,0,0,0,0,0,0,0,h… Ver más
Por la vida de las mujeres,https://www.facebook.com/Porlavidadelasmujeres.Bolivia,2025-06-02,2013-12-19,no,16000,0,2025-05-31,post,https://www.facebook.com/share/p/18xt9gc9hm/,0,0,,0,0,0,0,0,0,0,"Sus guerras patriarcales, imperialistas, gen0cid4s y encubiertas por su fe: no hay peor odio que el ""amor"" de un sionista por Sión… Ver más"
Por la vida de las mujeres,https://www.facebook.com/Porlavidadelasmujeres.Bolivia,2025-06-11,2013-12-19,no,16000,122,2025-06-01,post,2025-06-01,0,0,0,0,0,0,0,0,0,0,
Por la vida de las mujeres,https://www.facebook.com/Porlavidadelasmujeres.Bolivia,2025-06-11,2013-12-19,no,16000,122,2025-06-01,post,https://www.facebook.com/share/p/15WRAGn6BR/,0,0,5,0,0,0,0,0,0,0,Nuestros sueños no caben en sus urnas!!!… Ver más
Por la vida de las mujeres,https://www.facebook.com/Porlavidadelasmujeres.Bolivia,2025-06-02,2013-12-19,no,16000,0,2025-06-01,post,https://www.facebook.com/share/p/1EeHxiJLVb/,0,0,,0,0,0,0,0,0,0,Nuestros sueños no caben en sus urnas!!!… Ver más
Por la vida de las mujeres,https://www.facebook.com/Porlavidadelasmujeres.Bolivia,2025-06-10,2013-12-19,no,16000,0,2025-06-03,post,https://www.facebook.com/share/p/14FMCkPHuTz/,1,0,9,0,0,0,0,0,0,0,Y en los 40 te pones mejorrr que piorrr 
Por la vida de las mujeres,https://www.facebook.com/Porlavidadelasmujeres.Bolivia,2025-06-10,2013-12-19,no,16000,0,2025-06-03,post,https://www.facebook.com/share/p/1C8FGngFEh/,1,0,4,0,0,0,0,0,0,0,"Lo que piden // Lo que ofrecen 
… Ver más"
Por la vida de las mujeres,https://www.facebook.com/Porlavidadelasmujeres.Bolivia,2025-06-11,2013-12-19,no,16000,122,2025-06-03,post,https://www.facebook.com/share/p/1BebMXiCYf/,1,0,9,0,0,0,0,0,0,0,Y en los 40 te pones mejorrr que piorrr 
Por la vida de las mujeres,https://www.facebook.com/Porlavidadelasmujeres.Bolivia,2025-06-11,2013-12-19,no,16000,122,2025-06-03,post,https://www.facebook.com/share/p/1AeMSQnasw/,0,0,3,0,0,0,0,0,0,0,"No estamos seguras en nuestras casas, con nuestro padres, tíos, primos.
No estamos seguras en la universidad, con nuestros maestros, compañeros de clase.… Ver más"
Por la vida de las mujeres,https://www.facebook.com/Porlavidadelasmujeres.Bolivia,2025-06-11,2013-12-19,no,16000,122,2025-06-03,post,https://www.facebook.com/share/p/1YucEQhNDx/,1,0,4,0,0,0,0,0,0,0,"Lo que piden // Lo que ofrecen 
… Ver más"
Por la vida de las mujeres,https://www.facebook.com/Porlavidadelasmujeres.Bolivia,2025-06-10,2013-12-19,no,16000,0,2025-06-03,post,https://www.facebook.com/share/p/16ne6GCt9A/,0,0,3,0,0,0,0,0,0,0,"No estamos seguras en nuestras casas, con nuestro padres, tíos, primos.
No estamos seguras en la universidad, con nuestros maestros, compañeros de clase.… Ver más"
Por la vida de las mujeres,https://www.facebook.com/Porlavidadelasmujeres.Bolivia,2025-06-10,2013-12-19,no,16000,0,2025-06-04,post,https://www.facebook.com/share/p/19BoUeQF9T/,4,0,42,0,0,0,0,0,0,0,"De los autores de: ""no pinten las paredes donde me orino"", ahora llega el: ""no pinten el paso de cebra que nunca respeto"".… Ver más"
Por la vida de las mujeres,https://www.facebook.com/Porlavidadelasmujeres.Bolivia,2025-06-11,2013-12-19,no,16000,122,2025-06-04,post,https://www.facebook.com/share/p/1AqUhbt5JB/,4,0,43,0,0,0,0,0,0,0,"De los autores de: ""no pinten las paredes donde me orino"", ahora llega el: ""no pinten el paso de cebra que nunca respeto"".… Ver más"
Por la vida de las mujeres,https://www.facebook.com/Porlavidadelasmujeres.Bolivia,2025-06-10,2013-12-19,no,16000,0,2025-06-08,post,https://www.facebook.com/share/p/1FBm2MSrwd/,1,0,3,0,0,0,0,0,0,0,"La voz de una mujer latina frente al f4c1sm0, la generación que nació gritando en las calles de su barrio: ""el pueblo unido, jamás será vencido""; ahora lo grita en las … Ver más"
Por la vida de las mujeres,https://www.facebook.com/Porlavidadelasmujeres.Bolivia,2025-06-11,2013-12-19,no,16000,122,2025-06-08,post,https://www.facebook.com/share/p/1GC98n88df/,1,0,3,0,0,0,0,0,0,0,"La voz de una mujer latina frente al f4c1sm0, la generación que nació gritando en las calles de su barrio: ""el pueblo unido, jamás será vencido""; ahora lo grita en las … Ver más"
Por la vida de las mujeres,https://www.facebook.com/Porlavidadelasmujeres.Bolivia,2025-06-10,2013-12-19,no,16000,0,2025-06-09,post,https://www.facebook.com/share/p/1FL2UCoJzb/,0,0,3,0,0,0,0,0,0,0,"Son mu3rt3s políticas, no ""pasionales"": mujeres que transgredieron el orden y la ley del patriarcado. 
Son 35 reconocidas por el E$tado pero triplican si contamos las n… Ver más"
Por la vida de las mujeres,https://www.facebook.com/Porlavidadelasmujeres.Bolivia,2025-06-11,2013-12-19,no,16000,122,2025-06-09,post,https://www.facebook.com/share/p/1C77YvXAUB/,0,0,21,0,0,0,0,0,0,0,
Por la vida de las mujeres,https://www.facebook.com/Porlavidadelasmujeres.Bolivia,2025-06-10,2013-12-19,no,16000,0,2025-06-09,post,https://www.facebook.com/share/p/18F7R5DQx4/,0,0,19,0,0,0,0,0,0,0,
Por la vida de las mujeres,https://www.facebook.com/Porlavidadelasmujeres.Bolivia,2025-06-11,2013-12-19,no,16000,122,2025-06-10,post,https://www.facebook.com/share/p/19G6JG9BPg/,0,0,5,0,0,0,0,0,0,0,"Receta para un negocio capitalista rentable: bajas la calidad, sacrificas al consumidorx y el medio ambiente. No falla "
Por la vida de las mujeres,https://www.facebook.com/Porlavidadelasmujeres.Bolivia,2025-06-11,2013-12-19,no,16000,122,2025-06-11,post,https://www.facebook.com/share/p/1BgY7pmDNx/,0,0,4,0,0,0,0,0,0,0,Solidaridad frente al f4cs1sm0… Ver más
