nombre perfil,url perfil,candidato identificado,creación del perfil,seguidores,seguidos,fecha post,tipo de post,url post,comparticiones,comentarios,reacciones en total,me gusta,me encanta,me divierte,me entristece,me sorprende,me enoja,me importa,contenido
Paola Aguirre ,https://www.facebook.com/paolaaguirremelgar,no,2021-01-06,56000,19,2025-06-03,post,2025-06-03,0,0,19,0,0,0,0,0,0,0,
Paola Aguirre ,https://www.facebook.com/paolaaguirremelgar,no,2021-01-06,56000,19,2025-06-05,post,https://www.facebook.com/share/p/1G1jyUqkM3/,44,116,282,0,0,0,0,0,0,0,"Evo Morales, describiéndose a sí mismo y describiendo al gobierno que presidió y que, entre otras proezas del Estado Plurinacional, prostituyó la justicia a niveles de … Ver más"
Paola Aguirre ,https://www.facebook.com/paolaaguirremelgar,no,2021-01-06,56000,19,2025-06-06,post,https://www.facebook.com/share/p/19GuvURTpF/,1,15,113,0,0,0,0,0,0,0,"¡Feliz día querido Maestro!
A quien me enseñó la ciencia del Derecho Penal con integridad y pasión. A quien me enseñó a enseñar. … Ver más"
Paola Aguirre ,https://www.facebook.com/paolaaguirremelgar,no,2021-01-06,56000,19,2025-06-07,post,https://www.facebook.com/paolaaguirremelgar/posts/pfbid02AEbZHB3JvRuqx28AjWNVytm3Fpbqoq2SAHaqmDQLoXDukvmMts52vx2at9ThTWaFl,173,16,297,0,0,0,0,0,0,0,
Paola Aguirre ,https://www.facebook.com/paolaaguirremelgar,no,2021-01-06,56000,19,2025-06-08,post,https://www.facebook.com/share/v/19YVxftACx/,13,163,1200,0,0,0,0,0,0,0,"¡Feliz cumpleaños feliz Flavita del alma mía!  
 
 
 
 Dios y la Virgen cuiden y guíen siempre tus pasos y te regalen amor, bienestar, salud, alegría y felicidad plena… Ver más"
