nombre perfil,url perfil,snapshot_date,creación del perfil,candidato identificado,seguidores,seguidos,fecha post,tipo de post,url post,comparticiones,comentarios,reacciones en total,me gusta,me encanta,me divierte,me entristece,me sorprende,me enoja,me importa,contenido
SUSANA MONTAÑO,https://www.facebook.com/profile.php?id=61577615530574,2025-07-22,2025-06-26,no,248,0,2025-07-16,post,https://www.facebook.com/share/p/16gimj5cqq/,6,1,19,16,2,0,0,0,0,1,"¡La llama sigue encendida! 
… Ver más"
SUSANA MONTAÑO,https://www.facebook.com/profile.php?id=61577615530574,2025-07-22,2025-06-26,no,248,0,2025-07-17,post,https://www.facebook.com/share/v/19QWfjEJK8/,12,0,22,17,3,0,0,0,0,2,"Hoy a las 17:00 empezaremos a recorrer nuestros barrios y llevaremos nuestro buzos de esperanza, cada vecino será parte del proyecto de ley que ayudé a transformar y me… Ver más"
SUSANA MONTAÑO,https://www.facebook.com/profile.php?id=61577615530574,2025-07-22,2025-06-26,no,248,0,2025-07-17,post,https://www.facebook.com/share/p/12MNCCmS2BS/,18,0,23,15,5,0,0,0,0,3," GRAN RIFA!!
Realiza tus reservas al número de celular 77795785."
SUSANA MONTAÑO,https://www.facebook.com/profile.php?id=61577615530574,2025-07-22,2025-06-26,no,248,0,2025-07-17,post,2025-07-17,0,2,45,43,0,0,0,0,0,2,"Años de ser contestaría, de estar siempre en la defensa de los intereses de mi región, de luchar en contra de la persecusión, hoy comprometida con ser la voz de mi Potosí, y luchar por mejores días para nuestras familias. porque es con Tuto Presidente,"
SUSANA MONTAÑO,https://www.facebook.com/profile.php?id=61577615530574,2025-07-22,2025-06-26,no,248,0,2025-07-17,post,https://www.facebook.com/share/v/16xYRaufvf/,4,0,27,23,2,0,0,0,0,2," NO MAS INJUSTICIA, RACISMO, OPRESIÓN, EXPLOTACIÓN.... LIBERTAD!!!
#… Ver más"
SUSANA MONTAÑO,https://www.facebook.com/profile.php?id=61577615530574,2025-07-22,2025-06-26,no,248,0,2025-07-18,post,https://www.facebook.com/share/v/1GpSWuZr4c/,24,1,18,14,2,0,0,0,0,2,"Hoy a las 17:00 empezaremos a recorrer nuestros barrios y llevaremos nuestro buzos de esperanza, cada vecino será parte del proyecto de ley que ayudé a transformar y me… Ver más"
SUSANA MONTAÑO,https://www.facebook.com/profile.php?id=61577615530574,2025-07-22,2025-06-26,no,248,0,2025-07-19,post,https://www.facebook.com/share/v/1LvjMP3Kve/,23,0,20,17,1,0,0,0,0,2,"¡100 días, caraj0, con fuerza y Sin Miedo!
Samuel, Juan y Susana, por el pueblo entero! 
 
 
#Su… Ver más"
SUSANA MONTAÑO,https://www.facebook.com/profile.php?id=61577615530574,2025-07-22,2025-06-26,no,248,0,2025-07-19,post,https://www.facebook.com/share/v/1AhjrjKTcY/,30,0,34,27,4,0,0,1,0,2," ¡100 días, carajo!
Estamos más unidos que nunca, caminando con fe, con fuerza y Sin Miedo hacia un nuevo amanecer.… Ver más"
SUSANA MONTAÑO,https://www.facebook.com/profile.php?id=61577615530574,2025-07-22,2025-06-26,no,248,0,2025-07-19,post,https://www.facebook.com/share/p/1AXpnQPiPD/,19,1,24,20,2,0,0,0,0,2,
SUSANA MONTAÑO,https://www.facebook.com/profile.php?id=61577615530574,2025-07-22,2025-06-26,no,248,0,2025-07-20,post,https://www.facebook.com/share/v/16fPLGRS4Q/,3,1,18,13,3,1,0,0,0,1," ¡Con Susana, la Circunscripción 9 tiene voz y coraje!
#… Ver más"
SUSANA MONTAÑO,https://www.facebook.com/profile.php?id=61577615530574,2025-07-22,2025-06-26,no,248,0,2025-07-21,post,https://www.facebook.com/share/p/19YJxFbkXU/,1,0,11,10,0,0,0,0,0,1,
SUSANA MONTAÑO,https://www.facebook.com/profile.php?id=61577615530574,2025-07-22,2025-06-26,no,248,0,2025-07-21,post,https://www.facebook.com/share/v/19ZpF5Wp5F/,0,0,21,0,0,0,0,0,0,0," Estamos caminando con el corazón firme y la esperanza en alto, porque un nuevo tiempo para La Paz empieza con nosotr@s. 
¡Sin miedo, con fuerza y con amor al pueblo!… Ver más"
SUSANA MONTAÑO,https://www.facebook.com/profile.php?id=61577615530574,2025-07-29,2025-06-26,no,248,0,2025-07-21,post,https://www.facebook.com/share/p/16BwgaCkwx/,1,0,12,11,0,0,0,0,0,1,
SUSANA MONTAÑO,https://www.facebook.com/profile.php?id=61577615530574,2025-07-29,2025-06-26,no,248,0,2025-07-21,post,https://www.facebook.com/share/v/1AgSvRKkWs/,12,0,25,22,2,0,0,0,0,1," Estamos caminando con el corazón firme y la esperanza en alto, porque un nuevo tiempo para La Paz empieza con nosotr@s. 
¡Sin miedo, con fuerza y con amor al pueblo!… Ver más"
SUSANA MONTAÑO,https://www.facebook.com/profile.php?id=61577615530574,2025-07-29,2025-06-26,no,248,0,2025-07-22,post,https://www.facebook.com/share/v/15nqND3YNN/,10,2,29,22,5,0,0,0,0,2,"ESTAMOS ALISTANDO PANCITO PARA ESTA TARDE, POR FAVOR PASEN POR EL PUENTE TOPATER A LA ALTURA DEL MERCADO SAGRADO CORAZÓN DE JESÚS. POR FAVOR LOS ESPERO... A LAS 17:00..!"
SUSANA MONTAÑO,https://www.facebook.com/profile.php?id=61577615530574,2025-07-29,2025-06-26,no,248,0,2025-07-22,post,https://www.facebook.com/share/p/1AuQ8wKqf6/,15,0,20,13,3,0,0,0,0,4,Hoy estuve compartiendo mis propuestas en el programa #ImpulsandoLaMañana.
SUSANA MONTAÑO,https://www.facebook.com/profile.php?id=61577615530574,2025-07-22,2025-06-26,no,248,0,2025-07-22,post,https://www.facebook.com/share/p/16szvoPj4u/,3,0,14,9,3,0,0,0,0,2,"HOY estaré regalando pancitos por el puente topater, calle Fortunato Pinto N° 1065.
A LAS 17:00, LOS ESPERO..."
SUSANA MONTAÑO,https://www.facebook.com/profile.php?id=61577615530574,2025-07-22,2025-06-26,no,248,0,2025-07-22,post,https://www.facebook.com/permalink.php?story_fbid=pfbid031nNimLxV49bygHvohMbLSKoyXnmgya1jSdRqhFr9LohXndH69UP1UVLFSZ3tZoU1l&id=61577615530574,15,0,17,11,2,0,0,0,0,4,Hoy estuve compartiendo mis propuestas en el programa #ImpulsandoLaMañana.
SUSANA MONTAÑO,https://www.facebook.com/profile.php?id=61577615530574,2025-07-22,2025-06-26,no,248,0,2025-07-22,post,https://www.facebook.com/61577615530574/videos/1469991604413950/,7,0,21,15,4,0,0,0,0,2,"ESTAMOS ALISTANDO PANCITO PARA ESTA TARDE, POR FAVOR PASEN POR EL PUENTE TOPATER A LA ALTURA DEL MERCADO SAGRADO CORAZÓN DE JESÚS. POR FAVOR LOS ESPERO... A LAS 17:00..!"
SUSANA MONTAÑO,https://www.facebook.com/profile.php?id=61577615530574,2025-07-29,2025-06-26,no,248,0,2025-07-22,post,https://www.facebook.com/share/p/1HwBNt1yzc/,3,0,17,11,3,0,1,0,0,2,"HOY estaré regalando pancitos por el puente topater, calle Fortunato Pinto N° 1065.
A LAS 17:00, LOS ESPERO..."
SUSANA MONTAÑO,https://www.facebook.com/profile.php?id=61577615530574,2025-07-29,2025-06-26,no,248,0,2025-07-23,post,https://www.facebook.com/share/v/15gRHWUQbR/,9,1,21,15,2,0,0,0,0,4," SUSANA SIN MIEDO...!
#SusanaMontaño 
#… Ver más"
SUSANA MONTAÑO,https://www.facebook.com/profile.php?id=61577615530574,2025-07-29,2025-06-26,no,248,0,2025-07-23,post,https://www.facebook.com/share/v/1B9Sc7tKtw/,9,0,21,17,1,0,0,0,0,3," EL PUEBLO A DECIDIDO, SUSANA DIPUTADA C-9!
#… Ver más"
SUSANA MONTAÑO,https://www.facebook.com/profile.php?id=61577615530574,2025-07-29,2025-06-26,no,248,0,2025-07-23,post,https://www.facebook.com/share/p/1BnwL1m7Mu/,14,2,31,24,4,0,0,0,0,3,
SUSANA MONTAÑO,https://www.facebook.com/profile.php?id=61577615530574,2025-07-29,2025-06-26,no,248,0,2025-07-24,post,https://www.facebook.com/share/v/19ozEwzXqd/,1,1,25,20,3,0,0,0,0,2,"LAS ACCIONES VALEN MAS, QUE MIL PALABRAS! 
#SusanaMontaño
#… Ver más"
SUSANA MONTAÑO,https://www.facebook.com/profile.php?id=61577615530574,2025-07-29,2025-06-26,no,248,0,2025-07-24,post,https://www.facebook.com/share/p/1GcHnytP6F/,4,1,19,13,3,0,0,0,0,3," Una sonrisa sana es un derecho, no un privilegio. Hoy sembramos cuidado, mañana cosechamos bienestar.
— Con Susana Montaño, construimos salud y esperanza.
#… Ver más"
SUSANA MONTAÑO,https://www.facebook.com/profile.php?id=61577615530574,2025-07-29,2025-06-26,no,248,0,2025-07-24,post,https://www.facebook.com/share/p/1RCdMhdWGi/,16,0,20,16,2,0,0,0,0,2," Porque cada sonrisa es una victoria, seguimos luchando por la salud con amor y convicción.
— Susana Montaño, tu voz en el Parlamento."
SUSANA MONTAÑO,https://www.facebook.com/profile.php?id=61577615530574,2025-07-29,2025-06-26,no,248,0,2025-07-25,post,https://www.facebook.com/share/p/15mPwpC7Cy/,0,0,4,2,1,0,0,0,0,1,"Talento Bolivariano!
Cortometraje: “el anillo”… Ver más"
SUSANA MONTAÑO,https://www.facebook.com/profile.php?id=61577615530574,2025-07-29,2025-06-26,no,248,0,2025-07-25,post,https://www.facebook.com/share/p/1AutgfQZFQ/,32,1,26,23,1,0,0,0,0,2,
SUSANA MONTAÑO,https://www.facebook.com/profile.php?id=61577615530574,2025-07-29,2025-06-26,no,248,0,2025-07-25,post,https://www.facebook.com/share/p/1LEbBArECi/,12,0,23,16,4,0,0,0,0,3," VOTA SIN MIEDO, SUSANA DIPUTADA C-9.
#SusanaMontaño 
#… Ver más"
SUSANA MONTAÑO,https://www.facebook.com/profile.php?id=61577615530574,2025-07-29,2025-06-26,no,248,0,2025-07-26,post,https://www.facebook.com/share/p/15jcKzt1Fj/,25,0,25,19,2,1,0,0,0,3," VOTA SUSANA DIPUTADA C-9!
SOLUCIÓNES EN 100 DIAS CARAJ0!
#… Ver más"
SUSANA MONTAÑO,https://www.facebook.com/profile.php?id=61577615530574,2025-07-29,2025-06-26,no,248,0,2025-07-26,post,https://www.facebook.com/share/p/1CPAEHtSRo/,1,0,23,19,2,0,0,0,0,2," CAMINEMOS JUNTOS POR UN MEJOR MAÑANA, SUSANA DIPUTADA C-9!
#SusanaMontaño
#… Ver más"
SUSANA MONTAÑO,https://www.facebook.com/profile.php?id=61577615530574,2025-07-29,2025-06-26,no,248,0,2025-07-27,post,https://www.facebook.com/share/v/16wsiq5nhX/,20,4,21,17,3,0,0,0,0,1," Mas que una caminata fue una lluvia de propuestas de leyes para salir de esta crisis, en 100 días volverá la tranquilidad a las familias Bolivianas.
#SusanaMontaño … Ver más"
SUSANA MONTAÑO,https://www.facebook.com/profile.php?id=61577615530574,2025-07-29,2025-06-26,no,248,0,2025-07-27,post,https://www.facebook.com/share/v/14F2JTYN9Y1/,45,0,21,18,2,0,0,0,0,1," La caminata fue un éxito!
Todo el recorrido fue un intercambio de ideas, propuestas de leyes y como mejorar la calidad de vida de nuestra patria Bolivia, recibí el c… Ver más"
SUSANA MONTAÑO,https://www.facebook.com/profile.php?id=61577615530574,2025-07-29,2025-06-26,no,248,0,2025-07-27,post,https://www.facebook.com/share/p/172GFuGvLr/,6,0,17,13,1,0,0,0,0,3," Agradecemos de corazón a los vecinos que siempre se acercan con ideas, reclamos y propuestas. Escucharlos nos fortalece. Nos llena de esperanza cuando nos dicen: “Co… Ver más"
SUSANA MONTAÑO,https://www.facebook.com/profile.php?id=61577615530574,2025-07-29,2025-06-26,no,248,0,2025-07-27,post,https://www.facebook.com/share/p/1DGjcTVRHW/,1,0,7,3,3,0,0,0,0,1,
SUSANA MONTAÑO,https://www.facebook.com/profile.php?id=61577615530574,2025-07-29,2025-06-26,no,248,0,2025-07-28,post,https://www.facebook.com/share/v/1C2t6Q8wva/,5,0,15,11,3,0,0,0,0,1," Es poco.. pero es de corazón.
CONSTRUYAMOS JUNTOS UN MEJOR PRESENTE Y FUTURO PARA NUESTRO PUEBLO.
#… Ver más"
SUSANA MONTAÑO,https://www.facebook.com/profile.php?id=61577615530574,2025-07-29,2025-06-26,no,248,0,2025-07-28,post,https://www.facebook.com/share/p/16qK9Zt7ho/,4,0,19,15,2,0,0,0,0,2," DEBEMOS DEFENDER LOS DERECHOS CONQUISTADOS!
Tres semanas de cursos y evaluación, para estar preparadas y asumir las responsabilidades que tendremos una vez llegando … Ver más"
