nombre perfil,url perfil,creación del perfil,seguidores,seguidos,fecha post,url post,comparticiones,reacciones en total,me gusta,me encanta,me divierte,me entristece,me sorprende,me enoja,me importa,contenido
SILVIA MOLLER CHOQUE,https://www.facebook.com/silvia.mollerchoque,,0,0,2025-06-02,https://www.facebook.com/share/p/19c4PDeRwJ/,0,0,0,0,0,0,0,0,0,
SILVIA MOLLER CHOQUE,https://www.facebook.com/silvia.mollerchoque,,0,0,2025-06-02,https://www.facebook.com/share/p/18nhznK9vX/,0,0,0,0,0,0,0,0,0,
SILVIA MOLLER CHOQUE,https://www.facebook.com/silvia.mollerchoque,,0,0,2025-06-02,https://www.facebook.com/silvia.mollerchoque/posts/pfbid0SnzEDYKdt1eawfeNXzc3XUA8EoRerrgd6xK7QPg7LPP2zJ3E479XF7dm4bFdT1sQl,0,0,0,0,0,0,0,0,0,
SILVIA MOLLER CHOQUE,https://www.facebook.com/silvia.mollerchoque,,0,0,2025-06-02,https://www.facebook.com/share/p/1EUNmAF5co/,0,0,0,0,0,0,0,0,0,
SILVIA MOLLER CHOQUE,https://www.facebook.com/silvia.mollerchoque,,0,0,2025-06-03,https://www.facebook.com/share/v/1AeBFbQTXA/,0,6,6,0,0,0,0,0,0,
SILVIA MOLLER CHOQUE,https://www.facebook.com/silvia.mollerchoque,,0,0,2025-06-03,https://www.facebook.com/share/p/1XGz2v23ms/,0,10,8,1,1,0,0,0,0,
