nombre perfil,url perfil,creación del perfil,seguidores,seguidos,fecha post,url post,comparticiones,reacciones en total,me gusta,me encanta,me divierte,me entristece,me sorprende,me enoja,me importa,contenido
MARLENE FERNANDEZ MEJIAS,https://www.facebook.com/profile.php?id=61570246115119,2024-12-10,58,0,2025-05-27,https://www.facebook.com/share/p/16QTLj39FU/,1,0,0,0,0,0,0,0,0,"¡Feliz Día de la Madre Boliviana!
En este 27 de mayo, mi corazón se llena de profunda admiración y gratitud al celebrar a cada una de las madres bolivianas. Son ustedes… Ver más"
MARLENE FERNANDEZ MEJIAS,https://www.facebook.com/profile.php?id=61570246115119,2024-12-10,58,0,2025-06-02,https://www.facebook.com/share/p/1Qe2A1Q2KQ/,0,0,0,0,0,0,0,0,0,"¡Un merecido reconocimiento a la Facultad de Contaduría Pública y Ciencias Financieras! 
Hoy, realice un emotivo homenaje camaral a la Facultad de Contaduría Pública y… Ver más"
