nombre perfil,url perfil,candidato identificado,creación del perfil,seguidores,seguidos,fecha post,tipo de post,url post,comparticiones,comentarios,reacciones en total,me gusta,me encanta,me divierte,me entristece,me sorprende,me enoja,me importa,contenido
Coordinadora de la Mujer - Observatorio de Género BO,https://www.facebook.com/CoordinadoraBO,no,2011-11-30,21000,0,2025-06-02,post,https://www.facebook.com/share/v/1AvAfdQRpn/,2,0,13,0,0,0,0,0,0,0,"¿Necesitas un espacio seguro para hablar? 
El Chatbot Andy es tu aliado en la #UMSA  para denunciar acoso y violencia sexual. 
Tu… Ver más"
Coordinadora de la Mujer - Observatorio de Género BO,https://www.facebook.com/CoordinadoraBO,no,2011-11-30,21000,0,2025-06-03,post,https://www.facebook.com/share/p/1FfwL7CFrY/,2,2,15,0,0,0,0,0,0,0,"#Cochabamba  
Del 29 de mayo al 14 de junio, estamos construyendo políticas públicas para fortalecer los emprendimientos de jóvenes y mujeres. … Ver más"
Coordinadora de la Mujer - Observatorio de Género BO,https://www.facebook.com/CoordinadoraBO,no,2011-11-30,21000,0,2025-06-03,post,https://www.facebook.com/share/v/1J74SfnFrL/,1,0,13,0,0,0,0,0,0,0,"#VocesLGBTIQ+ 
”𝐒𝐚𝐥𝐮𝐝, 𝐞𝐝𝐮𝐜𝐚𝐜𝐢𝐨́𝐧 𝐲 𝐣𝐮𝐬𝐭𝐢𝐜𝐢𝐚 𝐬𝐨𝐧 𝐭𝐞𝐦𝐚𝐬 𝐩𝐫𝐢𝐨𝐫𝐢𝐭𝐚𝐫𝐢𝐨𝐬 𝐞𝐧 la #𝐀𝐠𝐞𝐧𝐝𝐚𝐋𝐆𝐁𝐓𝐈𝐐+” 
 Para Wendy Balderrama, de la Asociación Equidad Oruro y Co… Ver más"
Coordinadora de la Mujer - Observatorio de Género BO,https://www.facebook.com/CoordinadoraBO,no,2011-11-30,21000,0,2025-06-03,post,https://www.facebook.com/share/v/15LYqPR6uy/,5,2,32,0,0,0,0,0,0,0,"Todo empezó con una clase, pero terminó siendo una pesadilla.
El acoso en la universidad existe. No lo minimices #HASTuParte… Ver más"
Coordinadora de la Mujer - Observatorio de Género BO,https://www.facebook.com/CoordinadoraBO,no,2011-11-30,21000,0,2025-06-04,post,https://www.facebook.com/share/v/19c1HtbRU2/,11,2,24,0,0,0,0,0,0,0,"#MujeresEnPolítica
Si eres candidata, autoridad o militante, y enfrentas acoso o violencia política, tienes derecho a denunciar.… Ver más"
Coordinadora de la Mujer - Observatorio de Género BO,https://www.facebook.com/CoordinadoraBO,no,2011-11-30,21000,0,2025-06-04,post,https://www.facebook.com/share/v/1FeUnLXNBv/,1,2,11,0,0,0,0,0,0,0,"#VocesLGBTIQ+ 
¡… Ver más"
Coordinadora de la Mujer - Observatorio de Género BO,https://www.facebook.com/CoordinadoraBO,no,2011-11-30,21000,0,2025-06-04,post,https://www.facebook.com/share/v/1AYdKEHkSZ/,0,1,5,0,0,0,0,0,0,0,"#NiUnaMenos 
¡𝟏𝟎 𝐚𝐧̃𝐨𝐬 𝐝𝐞 𝐥𝐮𝐜𝐡𝐚 𝐪𝐮𝐞 𝐧𝐨𝐬 𝐮𝐧𝐞𝐧! 
 Nuestra directora, Ta… Ver más"
Coordinadora de la Mujer - Observatorio de Género BO,https://www.facebook.com/CoordinadoraBO,no,2011-11-30,21000,0,2025-06-05,post,https://www.facebook.com/share/p/15zfGcGBbJ/,1,7,140,0,0,0,0,0,0,0,"#DesAprendiendoLasViolencias
La sistematización del concurso DesAprendiendo las Violencias nos muestra experiencias pedagógicas y estrategias innovadoras de maestras y … Ver más"
Coordinadora de la Mujer - Observatorio de Género BO,https://www.facebook.com/CoordinadoraBO,no,2011-11-30,21000,0,2025-06-06,post,https://www.facebook.com/share/v/19cVuxoJsz/,8,1,65,0,0,0,0,0,0,0,"#DesAprendiendoLasViolencias
 El concurso #DesAprendiendoLasViolencias revela cómo maestras y maestros están desafiando los estereotipos de género y aportando a la con… Ver más"
Coordinadora de la Mujer - Observatorio de Género BO,https://www.facebook.com/CoordinadoraBO,no,2011-11-30,21000,0,2025-06-06,post,https://www.facebook.com/share/v/16XKLH1hJs/,0,0,6,0,0,0,0,0,0,0,"#VocesLGBTIQ+
En un mundo que insiste en silenciar sus voces, hablar de la salud y los derechos de las personas LGBTIQ+ es una necesidad, no una opción. 
Pao… Ver más"
Coordinadora de la Mujer - Observatorio de Género BO,https://www.facebook.com/CoordinadoraBO,no,2011-11-30,21000,0,2025-06-06,post,https://www.facebook.com/share/v/15QHG4WBKm/,1,0,8,0,0,0,0,0,0,0,"#MujeresEnPolítica
El acoso y la violencia política contra las mujeres no solo son injusticias, sino también delitos penales.… Ver más"
Coordinadora de la Mujer - Observatorio de Género BO,https://www.facebook.com/CoordinadoraBO,no,2011-11-30,21000,0,2025-06-06,post,https://www.facebook.com/share/v/1G1aDg9cLF/,5,0,14,0,0,0,0,0,0,0,"¿Te ha pasado o lo has visto? ¡#Denuncia!
No normalices
… Ver más"
Coordinadora de la Mujer - Observatorio de Género BO,https://www.facebook.com/CoordinadoraBO,no,2011-11-30,21000,0,2025-06-07,post,https://www.facebook.com/share/v/1YTEbCng2i/,0,0,5,0,0,0,0,0,0,0,"¡#HASTuParte y denuncia el acoso!
 
 Cada voz cuenta, cada acción importa.  Si eres testigo o víctima, tu valentía puede cambiarlo todo. 
… Ver más"
Coordinadora de la Mujer - Observatorio de Género BO,https://www.facebook.com/CoordinadoraBO,no,2011-11-30,21000,0,2025-06-09,post,https://www.facebook.com/share/v/1Ai8pDVn4i/,0,0,3,0,0,0,0,0,0,0,"#VocesLGBTIQ+   
¡𝐄𝐬 𝐭𝐢𝐞𝐦𝐩𝐨 𝐝𝐞 𝐜𝐨𝐧𝐬𝐭𝐫𝐮𝐢𝐫 𝐮𝐧 𝐩𝐚𝐢́𝐬 𝐝𝐞𝐬𝐝𝐞 𝐥𝐚𝐬 𝐩𝐥𝐮𝐫𝐚𝐥𝐢𝐝𝐚𝐝𝐞𝐬 𝐲 𝐝𝐢𝐯𝐞𝐫𝐬𝐢𝐝𝐚𝐝𝐞𝐬!
La #AgendaPorLasDiversidades se construye con la participació… Ver más"
Coordinadora de la Mujer - Observatorio de Género BO,https://www.facebook.com/CoordinadoraBO,no,2011-11-30,21000,0,2025-06-09,post,https://www.facebook.com/share/p/1AiZ5jUm8g/,3,0,8,0,0,0,0,0,0,0,"#DesAprendiendoLasViolencias
El  concurso DesAprendiendo las Violencias nos muestra experiencias pedagógicas y estrategias innovadoras de maestras y maestros, desde un … Ver más"
Coordinadora de la Mujer - Observatorio de Género BO,https://www.facebook.com/CoordinadoraBO,no,2011-11-30,21000,0,2025-06-09,post,https://www.facebook.com/share/p/1Bni8Trvxm/,6,0,14,0,0,0,0,0,0,0,"Ante los altos niveles de conflictividad que vive #bolivia en estos momentos, colectivos, organizaciones y activistas de la sociedad civil organizada hacemos un llama… Ver más"
Coordinadora de la Mujer - Observatorio de Género BO,https://www.facebook.com/CoordinadoraBO,no,2011-11-30,21000,0,2025-06-09,post,https://www.facebook.com/share/p/12LaTkwrdnu/,1,0,7,0,0,0,0,0,0,0,"#DesAprendiendoLasViolencias
La creatividad es una herramienta de transformación.… Ver más"
