nombre perfil,url perfil,candidato identificado,creación del perfil,seguidores,seguidos,fecha post,tipo de post,url post,comparticiones,comentarios,reacciones en total,me gusta,me encanta,me divierte,me entristece,me sorprende,me enoja,me importa,contenido
MINERVA WARA RUEDA LOPEZ,https://www.facebook.com/WaraRuedaDiputadaC32,no,2025-01-20,123,1,2025-07-15,post,https://www.facebook.com/share/p/1EukBQqDCa/,24,3,42,0,0,0,0,0,0,0,"Somos jóvenes con vocación, nacidos  en nuestra tierra de la Circunscripción 32. 
C… Ver más"
MINERVA WARA RUEDA LOPEZ,https://www.facebook.com/WaraRuedaDiputadaC32,no,2025-01-20,123,1,2025-07-15,post,https://www.facebook.com/share/p/16wo4CZ3ZF/,0,1,4,2,0,2,0,0,0,0,
MINERVA WARA RUEDA LOPEZ,https://www.facebook.com/WaraRuedaDiputadaC32,no,2025-01-20,123,1,2025-07-16,post,https://www.facebook.com/share/p/16ZDFbBT99/,5,4,58,47,6,5,0,0,0,0,"¡Gracias, Caracollo!… Ver más"
MINERVA WARA RUEDA LOPEZ,https://www.facebook.com/WaraRuedaDiputadaC32,no,2025-01-20,123,1,2025-07-17,post,https://www.facebook.com/share/p/19WJqjaZqq/,17,3,24,19,2,3,0,0,0,0,"Desde la C32 venimos a trabajar por nuestra gente. Somos jóvenes, somos profesionales, tenemos vocación y estamos preparados para dar soluciones reales.
¡Con compromiso… Ver más"
MINERVA WARA RUEDA LOPEZ,https://www.facebook.com/WaraRuedaDiputadaC32,no,2025-01-20,123,1,2025-07-18,post,https://www.facebook.com/share/p/1M8oZKUYCo/,17,1,26,22,1,3,0,0,0,0,"Este 17 de agosto, junto a Eduardo y Milan, con tu voto le pondremos fin a la incertidumbre. Porque con tu apoyo, seguiremos garantizando los bonos, los programas socia… Ver más"
MINERVA WARA RUEDA LOPEZ,https://www.facebook.com/WaraRuedaDiputadaC32,no,2025-01-20,123,1,2025-07-18,post,https://www.facebook.com/share/p/14HVSjRh1NK/,2,1,20,18,1,1,0,0,0,0,"Acompañamos con firmeza revolucionaria a nuestros hermanos candidatos en la apertura de la Casa de Campaña de nuestro hermano Adalid Challa, candidato a Representante S… Ver más"
MINERVA WARA RUEDA LOPEZ,https://www.facebook.com/WaraRuedaDiputadaC32,no,2025-01-20,123,1,2025-07-18,post,https://www.facebook.com/share/v/1Amnv9XY27/,2,0,12,11,0,1,0,0,0,0,"De esta manera llego la caravana de  victoria, acompañando a nuestros Candidatos por el MAS IPSP, gracias hnos."
MINERVA WARA RUEDA LOPEZ,https://www.facebook.com/WaraRuedaDiputadaC32,no,2025-01-20,123,1,2025-07-19,post,https://www.facebook.com/share/p/1AegaMZfGx/,2,0,12,12,0,0,0,0,0,0,Síguenos en Tiktok
MINERVA WARA RUEDA LOPEZ,https://www.facebook.com/WaraRuedaDiputadaC32,no,2025-01-20,123,1,2025-07-19,post,https://www.facebook.com/share/p/1ByLxUaJqS/,10,0,10,10,0,0,0,0,0,0,"Hoy reafirmo mi compromiso con este pueblo valiente; me comprometo a trabajar incansablemente por ustedes y para ustedes
#wararuedalopezdiputadac32"
MINERVA WARA RUEDA LOPEZ,https://www.facebook.com/WaraRuedaDiputadaC32,no,2025-01-20,123,1,2025-07-20,post,https://www.facebook.com/share/p/1YyCoA5vgD/,7,1,25,25,0,0,0,0,0,0,"Recorriendo la Feria de Camélidos: Escuchando de Cerca, Proponiendo con el Corazón.… Ver más"
MINERVA WARA RUEDA LOPEZ,https://www.facebook.com/WaraRuedaDiputadaC32,no,2025-01-20,123,1,2025-07-21,post,https://www.facebook.com/share/p/1BHnAcjY1S/,0,0,3,3,0,0,0,0,0,0,
MINERVA WARA RUEDA LOPEZ,https://www.facebook.com/WaraRuedaDiputadaC32,no,2025-01-20,123,1,2025-07-22,post,https://www.facebook.com/share/p/1Cpbds8WdV/,1,0,5,4,0,0,0,0,0,1,
MINERVA WARA RUEDA LOPEZ,https://www.facebook.com/WaraRuedaDiputadaC32,no,2025-01-20,123,1,2025-07-22,post,https://www.facebook.com/share/p/1B4C7BrPtx/,4,0,17,17,0,0,0,0,0,0,seguimos avanzando
