nombre perfil,url perfil,creación del perfil,seguidores,seguidos,fecha post,url post,comparticiones,reacciones en total,me gusta,me encanta,me divierte,me entristece,me sorprende,me enoja,me importa,contenido
Ciberwarmis - Mujeres ayudando a mujeres,https://www.facebook.com/Ciberwarmis.bo,2020-04-21,11000,0,2025-05-26,https://www.facebook.com/share/p/1CdMTLY8sc/,10,,8,14,0,0,0,0,2,"#27deMayo 
En el #DiaDeLaMadre Boliviana queremos compartir 10 #DeseosFeministas  
porque queremos ver a las mamitas felices y no perfectas
. 
… Ver más"
Ciberwarmis - Mujeres ayudando a mujeres,https://www.facebook.com/Ciberwarmis.bo,2020-04-21,11000,0,2025-05-27,https://www.facebook.com/share/p/1FjUG8vN3j/,5,,29,13,0,0,0,0,6,"Aniversario de las #Ciberwarmis 
G… Ver más"
Ciberwarmis - Mujeres ayudando a mujeres,https://www.facebook.com/Ciberwarmis.bo,2020-04-21,11000,0,2025-05-27,https://www.facebook.com/share/p/15aZ5pgFYk/,23,,12,18,0,0,0,0,4,"#27deMayo 
MAMITA FESTEJA TU DÍA, SOLO TÚ SABES LO QUE TE HA COSTADO MATERNAR  
Te queremos ver feliz y libre, no perfecta
. 
… Ver más"
Ciberwarmis - Mujeres ayudando a mujeres,https://www.facebook.com/Ciberwarmis.bo,2020-04-21,11000,0,2025-05-28,https://www.facebook.com/share/p/1FeSSBCqhV/,1,,10,9,0,0,0,0,2,"BUENAS NOTICIAS
Las #Ciberwarmis iniciamos un nuevo desafía en alianza con el Centro de Promoción de la Mujer Gregoria Apaza (CPMGA) con el apoyo de PNUD Bolivia … Ver más"
Ciberwarmis - Mujeres ayudando a mujeres,https://www.facebook.com/Ciberwarmis.bo,2020-04-21,11000,0,2025-05-28,https://www.facebook.com/share/p/12LPRBbidrT/,1,,0,0,0,0,0,0,0,"Campaña 28 de Mayo: Día de Acción Global por la Salud de las Mujeres
En este contexto crítico, reafirmamos el legado histórico de la Red de Salud de las Mujeres Latinoa… Ver más"
Ciberwarmis - Mujeres ayudando a mujeres,https://www.facebook.com/Ciberwarmis.bo,2020-04-21,11000,0,2025-06-02,https://www.facebook.com/share/p/18rMfdXXXC/,2,,0,0,0,0,0,0,0," ¿Los medios son un poder?
Sí. Y a veces, ese poder desinforma y violenta.… Ver más"
