nombre perfil,url perfil,candidato identificado,creación del perfil,seguidores,seguidos,fecha post,tipo de post,url post,comparticiones,comentarios,reacciones en total,me gusta,me encanta,me divierte,me entristece,me sorprende,me enoja,me importa,contenido
CECILIA ISABEL REQUENA ZARATE,https://www.facebook.com/CeciliaRequenaZarate,sí,,4500,158,2025-06-03,post,https://www.facebook.com/share/p/1AxG8K5EcA/,3,0,14,0,0,0,0,0,0,0,Gracias a Fundación Milenio y a Cultura Verde por la invitación para ser parte del grupo de panelistas del Foro Virtual: SOSTENIBILIDAD AMBIENTAL Y TRANSICIÓN ENERGÉTI… Ver más
CECILIA ISABEL REQUENA ZARATE,https://www.facebook.com/CeciliaRequenaZarate,sí,,4500,158,2025-06-03,post,https://www.facebook.com/share/v/1FChKtYjoC/,1,0,12,0,0,0,0,0,0,0,Gracias a Fundación Milenio y a Cultura Verde por la invitación para ser parte del grupo de panelistas del Foro Virtual: SOSTENIBILIDAD AMBIENTAL Y TRANSICIÓN ENERGÉTI… Ver más
CECILIA ISABEL REQUENA ZARATE,https://www.facebook.com/CeciliaRequenaZarate,sí,,4500,158,2025-06-06,post,https://www.facebook.com/share/p/1VsGiqa2eg/,5,1,11,0,0,0,0,0,0,0,EN VIVO
CECILIA ISABEL REQUENA ZARATE,https://www.facebook.com/CeciliaRequenaZarate,sí,,4500,158,2025-06-06,post,https://www.facebook.com/share/p/1E7yGXe1TT/,3,0,15,0,0,0,0,0,0,0,
CECILIA ISABEL REQUENA ZARATE,https://www.facebook.com/CeciliaRequenaZarate,sí,,4500,158,2025-06-07,post,https://www.facebook.com/share/p/1Ah3eb7g5f/,0,0,30,0,0,0,0,0,0,0,"Solidaridad con la querida #Colombia que afronta la violencia y el horror causado por el criminal atentando contra el candidato presidencial colombiano, #MiguelUribe.
Las terriblemente defectuosas democracias de nuestros países deben estar a la altura de estos desafíos brutales."
CECILIA ISABEL REQUENA ZARATE,https://www.facebook.com/CeciliaRequenaZarate,sí,,4500,158,2025-06-08,post,https://www.facebook.com/share/p/1ZFyHcXVvb/,4,1,20,0,0,0,0,0,0,0,"Cómo se sabe, la #LibertadDePrensa es fundamental para la #democracia. La seguridad de periodistas, particularmente de quienes reportan desde el lugar de los hechos, es… Ver más"
