nombre perfil,url perfil,snapshot_date,creación del perfil,candidato identificado,seguidores,seguidos,fecha post,tipo de post,url post,comparticiones,comentarios,reacciones en total,me gusta,me encanta,me divierte,me entristece,me sorprende,me enoja,me importa,contenido
MARINA ISABEL CACHAMBI ALVAREZ,https://www.facebook.com/profile.php?id=100063933884078,2025-06-05,2021-01-08,sí,636,15,2025-05-24,post,https://www.facebook.com/share/p/19V5PUq9QJ/,4,20,52,34,17,0,0,0,0,1,
MARINA ISABEL CACHAMBI ALVAREZ,https://www.facebook.com/profile.php?id=100063933884078,2025-06-05,2021-01-08,sí,636,15,2025-05-25,post,https://www.facebook.com/share/p/1LqcCJdSx3/,0,0,5,0,5,0,0,0,0,0,
MARINA ISABEL CACHAMBI ALVAREZ,https://www.facebook.com/profile.php?id=100063933884078,2025-06-05,2021-01-08,sí,636,15,2025-05-25,post,https://www.facebook.com/share/p/1B2T7dK3wi/,0,1,15,8,6,1,0,0,0,0,
MARINA ISABEL CACHAMBI ALVAREZ,https://www.facebook.com/profile.php?id=100063933884078,2025-06-03,2021-01-08,sí,618,14,2025-05-27,post,https://www.facebook.com/share/v/1H4CKQzoLr/,86,56,365,320,39,3,0,0,0,3,"A las que sonríen con el alma rota. A las que hacen milagros con lo que hay.
Este Día de la Madre es para ustedes: las que luchan, cuidan y sostienen el mundo en silenc… Ver más"
MARINA ISABEL CACHAMBI ALVAREZ,https://www.facebook.com/profile.php?id=100063933884078,2025-06-05,2021-01-08,sí,636,15,2025-05-27,post,https://www.facebook.com/share/v/16mm25oyLi/,86,56,372,322,44,3,0,0,0,3,"A las que sonríen con el alma rota. A las que hacen milagros con lo que hay.
Este Día de la Madre es para ustedes: las que luchan, cuidan y sostienen el mundo en silenc… Ver más"
MARINA ISABEL CACHAMBI ALVAREZ,https://www.facebook.com/profile.php?id=100063933884078,2025-06-03,2021-01-08,sí,618,14,2025-05-27,post,https://www.facebook.com/share/v/1BojjDqp9U/,86,89,342,296,36,9,0,0,0,1,"No nací para callar.
Nací para cuidar, para sostener, para luchar.… Ver más"
MARINA ISABEL CACHAMBI ALVAREZ,https://www.facebook.com/profile.php?id=100063933884078,2025-06-05,2021-01-08,sí,636,15,2025-05-27,post,https://www.facebook.com/share/v/12MaxGmN1Jv/,88,89,351,300,41,9,0,0,0,1,"No nací para callar.
Nací para cuidar, para sostener, para luchar.… Ver más"
MARINA ISABEL CACHAMBI ALVAREZ,https://www.facebook.com/profile.php?id=100063933884078,2025-06-05,2021-01-08,sí,636,15,2025-06-04,post,https://www.facebook.com/share/v/1LjR7JfZLy/,30,19,46,36,9,0,0,0,0,1,"¡Marina Cachambi, la voz del pueblo tarijeño!
Con el corazón en las comunidades y la mirada puesta en el futuro, Marina lucha por una Tarija más justa y con oportunidad… Ver más"
MARINA ISABEL CACHAMBI ALVAREZ,https://www.facebook.com/profile.php?id=100063933884078,2025-06-05,2021-01-08,sí,636,15,2025-06-05,post,https://www.facebook.com/share/v/16afG1Dizb/,17,16,43,35,8,0,0,0,0,0,"Ella no viene a prometer, viene a cumplir.
Desde la cuidad, desde los valles, desde el corazón del pueblo…… Ver más"
