nombre perfil,url perfil,snapshot_date,creación del perfil,candidato identificado,seguidores,seguidos,fecha post,tipo de post,url post,comparticiones,comentarios,reacciones en total,me gusta,me encanta,me divierte,me entristece,me sorprende,me enoja,me importa,contenido
Mamás Sororas de Bolivia ,https://www.facebook.com/MamasSororasBolivia,2025-06-16,2021-05-07,no,13000,0,2025-04-16,post,https://www.facebook.com/share/p/16vxxvYNxQ/,0,0,11,8,3,0,0,0,0,0,Nunca tendrán la comodidad de nuestro silencio 
Mamás Sororas de Bolivia ,https://www.facebook.com/MamasSororasBolivia,2025-06-16,2021-05-07,no,13000,0,2025-04-17,post,https://www.facebook.com/share/p/1D82jsyx1k/,1,0,10,4,0,6,0,0,0,0,En Bolivia todo está caro
Mamás Sororas de Bolivia ,https://www.facebook.com/MamasSororasBolivia,2025-06-16,2021-05-07,no,13000,0,2025-04-17,post,https://www.facebook.com/share/p/16h584PqKb/,1,1,16,11,5,0,0,0,0,0,"5, 4, 3, 2... Buscando HUEVONAZ0$$$"
Mamás Sororas de Bolivia ,https://www.facebook.com/MamasSororasBolivia,2025-06-16,2021-05-07,no,13000,0,2025-04-17,post,https://www.facebook.com/share/p/16e1kXTHw8/,3,2,13,2,0,0,0,3,8,0,"Para eso se creó esa campaña DINO de la policía, ojalá lo metan preso"
Mamás Sororas de Bolivia ,https://www.facebook.com/MamasSororasBolivia,2025-06-16,2021-05-07,no,13000,0,2025-04-17,post,https://www.facebook.com/share/p/16p2PnoNUq/,6,0,49,41,8,0,0,0,0,0,La policía no puede negarse a ejecutar un mandamiento de Apremio 
Mamás Sororas de Bolivia ,https://www.facebook.com/MamasSororasBolivia,2025-06-16,2021-05-07,no,13000,0,2025-04-17,post,https://www.facebook.com/share/p/197ZU5geQq/,0,9,39,27,1,8,0,1,1,1,"Señora, todos la información lo tenemos en una base de datos, pero NO TENEMOS POR QUÉ HACER RENDICIÓN DE CUENTAS de deudas que tienen los padres irresponsableS.
S… Ver más"
Mamás Sororas de Bolivia ,https://www.facebook.com/MamasSororasBolivia,2025-06-16,2021-05-07,no,13000,0,2025-04-17,post,https://www.facebook.com/share/p/1Hjorr6gPY/,3,3,31,19,1,11,0,0,0,0,"Tu tío el falso cristiano (EYACULADOR IRRESPONSABLE) que tiene hijos fuera de matrimonio, pero en semana santa no come carne PORQUE ES PECADO"
Mamás Sororas de Bolivia ,https://www.facebook.com/MamasSororasBolivia,2025-06-16,2021-05-07,no,13000,0,2025-04-17,post,https://www.facebook.com/share/p/1Ewm9jEiaT/,1,2,18,9,5,4,0,0,0,0,
Mamás Sororas de Bolivia ,https://www.facebook.com/MamasSororasBolivia,2025-06-16,2021-05-07,no,13000,0,2025-04-17,post,https://www.facebook.com/share/p/19G84au3KZ/,0,6,49,41,7,0,1,0,0,0,
Mamás Sororas de Bolivia ,https://www.facebook.com/MamasSororasBolivia,2025-06-16,2021-05-07,no,13000,0,2025-04-18,post,https://www.facebook.com/share/p/19qqHAxVpZ/,4,1,15,13,2,0,0,0,0,0,
Mamás Sororas de Bolivia ,https://www.facebook.com/MamasSororasBolivia,2025-06-16,2021-05-07,no,13000,0,2025-04-18,post,https://www.facebook.com/share/p/16oZtCNik4/,3,2,31,21,9,1,0,0,0,0," Porque todas tenemos derecho a decidir, a recibir educación sexual integral y a acceder a métodos anticonceptivos.
… Ver más"
Mamás Sororas de Bolivia ,https://www.facebook.com/MamasSororasBolivia,2025-06-16,2021-05-07,no,13000,0,2025-04-18,post,https://www.facebook.com/share/p/1B41iuf2Y3/,11,2,60,31,28,0,0,0,0,1," En Mamás Sororas Bolivia no estás sola 
… Ver más"
Mamás Sororas de Bolivia ,https://www.facebook.com/MamasSororasBolivia,2025-06-16,2021-05-07,no,13000,0,2025-04-19,post,https://www.facebook.com/share/p/1AoPez62wi/,0,0,11,3,0,8,0,0,0,0,Jajajaja… Ver más
Mamás Sororas de Bolivia ,https://www.facebook.com/MamasSororasBolivia,2025-06-16,2021-05-07,no,13000,0,2025-04-19,post,https://www.facebook.com/share/p/1EjjZL41g8/,17,0,65,56,9,0,0,0,0,0,
Mamás Sororas de Bolivia ,https://www.facebook.com/MamasSororasBolivia,2025-06-16,2021-05-07,no,13000,0,2025-04-19,post,https://www.facebook.com/share/p/15VftX814j/,0,0,3,2,0,1,0,0,0,0,"Así me siento cuando me dicen —""MENTIROSA, él no es un deudor alimentario"""
Mamás Sororas de Bolivia ,https://www.facebook.com/MamasSororasBolivia,2025-06-16,2021-05-07,no,13000,0,2025-04-20,post,https://www.facebook.com/share/p/19SLgpyfTM/,0,0,5,5,0,0,0,0,0,0,"SÍGANOS LAS MAMÁS Y HERMANAS FEMINISTAS REBELDES 
1
 … Ver más"
Mamás Sororas de Bolivia ,https://www.facebook.com/MamasSororasBolivia,2025-06-16,2021-05-07,no,13000,0,2025-04-21,post,https://www.facebook.com/share/p/1BrZkAfnsX/,15,5,96,63,0,31,1,1,0,0,Son de catálogo 
Mamás Sororas de Bolivia ,https://www.facebook.com/MamasSororasBolivia,2025-06-16,2021-05-07,no,13000,0,2025-04-21,post,https://www.facebook.com/share/p/1AaU8D611U/,14,5,62,54,6,0,1,0,0,1,"Los verdaderos MIGAJEROS son los vatos que teniendo posibilidades, dan 500bs a sus hijos."
Mamás Sororas de Bolivia ,https://www.facebook.com/MamasSororasBolivia,2025-06-16,2021-05-07,no,13000,0,2025-04-22,post,https://www.facebook.com/share/p/1BjrR9X4vr/,1,0,3,2,0,0,0,0,1,0,Buscamos a José Manuel Yucra - deudor de Asistencia Familiar … Ver más
Mamás Sororas de Bolivia ,https://www.facebook.com/MamasSororasBolivia,2025-06-16,2021-05-07,no,13000,0,2025-04-22,post,https://www.facebook.com/share/p/1JCj9EUdDJ/,6,1,35,19,4,12,0,0,0,0,Juauajaujaauaaj
Mamás Sororas de Bolivia ,https://www.facebook.com/MamasSororasBolivia,2025-06-16,2021-05-07,no,13000,0,2025-04-22,post,https://www.facebook.com/share/p/1JP7k2c1Dz/,4,1,18,13,0,0,0,0,5,0,
Mamás Sororas de Bolivia ,https://www.facebook.com/MamasSororasBolivia,2025-06-16,2021-05-07,no,13000,0,2025-04-22,post,https://www.facebook.com/share/16f7kHsUPf/,4,0,37,21,15,0,0,0,0,1,
Mamás Sororas de Bolivia ,https://www.facebook.com/MamasSororasBolivia,2025-06-16,2021-05-07,no,13000,0,2025-04-22,post,https://www.facebook.com/share/p/1AdV4ZjEbu/,0,0,10,0,0,10,0,0,0,0,"El kks y yo, después de que pagara la liquidación de las pensiones "
Mamás Sororas de Bolivia ,https://www.facebook.com/MamasSororasBolivia,2025-06-16,2021-05-07,no,13000,0,2025-04-23,post,https://www.facebook.com/share/p/1CQGc2Xwx5/,0,0,12,4,3,5,0,0,0,0,
Mamás Sororas de Bolivia ,https://www.facebook.com/MamasSororasBolivia,2025-06-16,2021-05-07,no,13000,0,2025-04-23,post,https://www.facebook.com/share/p/1G2xbsSQxi/,2,0,10,4,0,0,0,3,3,0,
Mamás Sororas de Bolivia ,https://www.facebook.com/MamasSororasBolivia,2025-06-16,2021-05-07,no,13000,0,2025-04-23,post,https://www.facebook.com/share/p/19EfJoEPz2/,4,2,71,55,16,0,0,0,0,0,"La Maria Galindo no está sola, tiene un país que la respalda.
"
Mamás Sororas de Bolivia ,https://www.facebook.com/MamasSororasBolivia,2025-06-16,2021-05-07,no,13000,0,2025-04-24,post,https://www.facebook.com/share/p/1BkGb1w218/,2,0,25,20,3,0,1,1,0,0,"No somos solo madres, somos trabajadoras sin salario."
Mamás Sororas de Bolivia ,https://www.facebook.com/MamasSororasBolivia,2025-06-16,2021-05-07,no,13000,0,2025-04-24,post,https://www.facebook.com/share/p/1BcBBa9Agu/,19,2,17,15,2,0,0,0,0,0, ESTÉ SÁBADO TIENES UNA CITA CON TUS DERECHOS!!!… Ver más
Mamás Sororas de Bolivia ,https://www.facebook.com/MamasSororasBolivia,2025-06-16,2021-05-07,no,13000,0,2025-04-25,post,https://www.facebook.com/share/p/161gJxxPca/,0,1,20,9,1,9,0,0,0,1,"Nodales del mundo, regados por todo el mundo "
Mamás Sororas de Bolivia ,https://www.facebook.com/MamasSororasBolivia,2025-06-16,2021-05-07,no,13000,0,2025-04-25,post,https://www.facebook.com/share/p/16WUHgkfqy/,34,11,112,91,20,0,0,0,0,1,"Los deudores alimenticios no están perseguidos, están por fin visibilizados.

#HastaQueSeaLey
#Renaf"
Mamás Sororas de Bolivia ,https://www.facebook.com/MamasSororasBolivia,2025-06-16,2021-05-07,no,13000,0,2025-04-25,post,https://www.facebook.com/share/p/1LH6jkLGCk/,3,0,5,4,1,0,0,0,0,0,"¡Es mañana!
… Ver más"
Mamás Sororas de Bolivia ,https://www.facebook.com/MamasSororasBolivia,2025-06-16,2021-05-07,no,13000,0,2025-04-25,post,https://www.facebook.com/share/p/1Lmf6mPnPb/,4,2,45,0,0,0,0,0,0,0,"¡Victoria por la niñez!
#Bolivia … Ver más"
Mamás Sororas de Bolivia ,https://www.facebook.com/MamasSororasBolivia,2025-06-16,2021-05-07,no,13000,0,2025-04-26,post,https://www.facebook.com/share/p/1AgBvA62K2/,4,1,10,8,0,0,0,0,0,2," Sesión de Terapia Grupal: COMO CONTROLAR LA ANSIEDAD 
 Gratuito 
e… Ver más"
Mamás Sororas de Bolivia ,https://www.facebook.com/MamasSororasBolivia,2025-06-16,2021-05-07,no,13000,0,2025-04-26,post,https://www.facebook.com/share/p/1BYfCxKoKh/,3,0,14,10,4,0,0,0,0,0," Porque todas tenemos derecho a decidir, a recibir educación sexual integral y a acceder a métodos anticonceptivos.
… Ver más"
Mamás Sororas de Bolivia ,https://www.facebook.com/MamasSororasBolivia,2025-06-16,2021-05-07,no,13000,0,2025-04-27,post,https://www.facebook.com/share/p/1FL1EhC94u/,2,0,5,3,0,2,0,0,0,0,Jajaja somos fans de esta página
Mamás Sororas de Bolivia ,https://www.facebook.com/MamasSororasBolivia,2025-06-16,2021-05-07,no,13000,0,2025-04-27,post,https://www.facebook.com/share/p/1B37zV1LyC/,6,1,33,22,7,0,0,0,0,4,"Hermana:
Tu cansancio también merece respeto, no justificaciones.
Te Abrazamos"
Mamás Sororas de Bolivia ,https://www.facebook.com/MamasSororasBolivia,2025-06-16,2021-05-07,no,13000,0,2025-04-27,post,https://www.facebook.com/share/p/1J6tgHDLK1/,6,0,15,11,4,0,0,0,0,0,"Luchar sirve, y tu expediente familiar no tiene que ser un misterio... … Ver más"
Mamás Sororas de Bolivia ,https://www.facebook.com/MamasSororasBolivia,2025-06-16,2021-05-07,no,13000,0,2025-04-27,post,https://www.facebook.com/share/p/1JqAH3cTew/,1,1,50,42,8,0,0,0,0,0,"En mayo vuelve nuestro curso de ""Asistencia Familiar para no Abogadas"".
Presencial y virtual "
Mamás Sororas de Bolivia ,https://www.facebook.com/MamasSororasBolivia,2025-06-16,2021-05-07,no,13000,0,2025-04-27,post,https://www.facebook.com/share/p/15qZAVURFs/,5,0,21,8,12,0,0,0,0,1,"¡Gracias por su compromiso!
El taller por los derechos sexuales y derechos reproductivos fue un éxito.
N… Ver más"
Mamás Sororas de Bolivia ,https://www.facebook.com/MamasSororasBolivia,2025-06-16,2021-05-07,no,13000,0,2025-04-27,post,https://www.facebook.com/share/p/1Aw17EVWNm/,1,3,30,22,6,0,0,0,0,2,"Manas, recuerden que hoy tenemos terapia grupal con la psicóloga Lic. Galvez Vanessa "
Mamás Sororas de Bolivia ,https://www.facebook.com/MamasSororasBolivia,2025-06-16,2021-05-07,no,13000,0,2025-04-27,post,https://www.facebook.com/share/p/16UMm6hxYs/,5,0,5,3,1,1,0,0,0,0,X2 jajajaja
Mamás Sororas de Bolivia ,https://www.facebook.com/MamasSororasBolivia,2025-06-16,2021-05-07,no,13000,0,2025-04-27,post,https://www.facebook.com/share/p/16m9sJK6zQ/,4,0,23,6,0,17,0,0,0,0,"El kks: gracias a mi dinero te vistes 
Automáticamente yo: … Ver más"
Mamás Sororas de Bolivia ,https://www.facebook.com/MamasSororasBolivia,2025-06-16,2021-05-07,no,13000,0,2025-04-27,post,https://www.facebook.com/share/p/1CieYKCHZy/,6,0,3,2,0,0,0,0,0,1,Lectura recomendada 
Mamás Sororas de Bolivia ,https://www.facebook.com/MamasSororasBolivia,2025-06-16,2021-05-07,no,13000,0,2025-04-28,post,https://www.facebook.com/share/p/1ECSz1w5NL/,13,22,121,41,1,77,0,0,0,2,Se incrementa el monto mínimo de Asistencia Familiar: de 500 Bs sube a 550 Bs. ¡Pa' nuestras chelas!
Mamás Sororas de Bolivia ,https://www.facebook.com/MamasSororasBolivia,2025-06-16,2021-05-07,no,13000,0,2025-04-29,post,https://www.facebook.com/share/p/1BknE3PHyj/,0,1,23,7,0,16,0,0,0,0,Juajuajua
Mamás Sororas de Bolivia ,https://www.facebook.com/MamasSororasBolivia,2025-06-16,2021-05-07,no,13000,0,2025-04-29,post,https://www.facebook.com/share/p/1BsiEMPxsw/,0,0,2,2,0,0,0,0,0,0,
Mamás Sororas de Bolivia ,https://www.facebook.com/MamasSororasBolivia,2025-06-16,2021-05-07,no,13000,0,2025-04-29,post,https://www.facebook.com/share/p/1Lo2E6hfRa/,4,0,20,13,5,0,0,0,0,2,"Desde Mamás Sororas de Bolivia, una red de madres autónomas, feministas y comprometidas con la justicia social, nos adherimos con total firmeza al rechazo de los matrim… Ver más"
Mamás Sororas de Bolivia ,https://www.facebook.com/MamasSororasBolivia,2025-06-16,2021-05-07,no,13000,0,2025-04-30,post,https://www.facebook.com/share/p/161Z8i2pbE/,11,2,41,13,0,0,25,1,2,0,"Ojo, papás y mamás NO NORMALICEN EL BULLYING, al mínimo incidente pidan garantías para sus wawas y denuncien ante el colegio, y defensoría de la niñez"
Mamás Sororas de Bolivia ,https://www.facebook.com/MamasSororasBolivia,2025-06-16,2021-05-07,no,13000,0,2025-04-30,post,https://www.facebook.com/share/p/16YhrLGnfb/,3,0,7,3,0,0,4,0,0,0,
Mamás Sororas de Bolivia ,https://www.facebook.com/MamasSororasBolivia,2025-06-16,2021-05-07,no,13000,0,2025-04-30,post,https://www.facebook.com/share/p/1BxDwkvhCM/,3,1,12,10,2,0,0,0,0,0," Participa en nuestro taller sobre métodos anticonceptivos 
… Ver más"
Mamás Sororas de Bolivia ,https://www.facebook.com/MamasSororasBolivia,2025-06-16,2021-05-07,no,13000,0,2025-05-01,post,https://www.facebook.com/share/p/1EKLKKFPJu/,6,0,35,33,1,1,0,0,0,0,El padre irresponsable es el mejor empleado del patriarcado: nunca falta a su abandono. #1deMayo
Mamás Sororas de Bolivia ,https://www.facebook.com/MamasSororasBolivia,2025-06-16,2021-05-07,no,13000,0,2025-05-01,post,https://www.facebook.com/share/p/16rhdGAPoQ/,2,0,2,1,1,0,0,0,0,0,"La Fundación Operación Sonrisa Bolivia realizará valoraciones GRATUITAS a niños y jóvenes con labio fisurado y/o paladar hendido.
¡Juntos podemos cambiar vidas, una sonrisa a la vez!"
Mamás Sororas de Bolivia ,https://www.facebook.com/MamasSororasBolivia,2025-06-16,2021-05-07,no,13000,0,2025-05-02,post,https://www.facebook.com/share/p/1Aj7Tym6JA/,4,0,11,6,0,5,0,0,0,0,"""¿Quedar embarazada otra vez o trapear todo el océano? ”… Ver más"
Mamás Sororas de Bolivia ,https://www.facebook.com/MamasSororasBolivia,2025-06-16,2021-05-07,no,13000,0,2025-05-03,post,https://www.facebook.com/share/p/1LHGZ1KmtL/,5,0,33,25,1,0,6,0,0,1,"De tanto machito peleando por el trono, se olvidaron de las madres que sostienen el país con salario de miseria y precariedad."
Mamás Sororas de Bolivia ,https://www.facebook.com/MamasSororasBolivia,2025-06-16,2021-05-07,no,13000,0,2025-05-03,post,https://www.facebook.com/share/p/16XK9V5aJD/,3,3,89,57,19,5,0,0,0,8,"13.000 seguidoras 

¡Gracias hermanas!
(Y chusmas)"
Mamás Sororas de Bolivia ,https://www.facebook.com/MamasSororasBolivia,2025-06-16,2021-05-07,no,13000,0,2025-05-03,post,https://www.facebook.com/share/p/16Qqmm4jse/,2,7,35,6,0,2,0,2,25,0,Qué tipo más 1mbecil
Mamás Sororas de Bolivia ,https://www.facebook.com/MamasSororasBolivia,2025-06-16,2021-05-07,no,13000,0,2025-05-03,post,https://www.facebook.com/share/p/19TaNv8XLn/,5,0,14,11,3,0,0,0,0,0,
Mamás Sororas de Bolivia ,https://www.facebook.com/MamasSororasBolivia,2025-06-16,2021-05-07,no,13000,0,2025-05-03,post,https://www.facebook.com/share/p/16n3Z5aX8k/,0,2,22,21,0,1,0,0,0,0,"Prefiere llevar de viaje a la novia que ir a ver a su wawa.
No más preguntas, Sra. Juez."
Mamás Sororas de Bolivia ,https://www.facebook.com/MamasSororasBolivia,2025-06-16,2021-05-07,no,13000,0,2025-05-03,post,https://www.facebook.com/share/p/1AVhCn79LH/,2,0,17,12,3,2,0,0,0,0,"Padre es verbo, no esperma."
Mamás Sororas de Bolivia ,https://www.facebook.com/MamasSororasBolivia,2025-06-16,2021-05-07,no,13000,0,2025-05-03,post,2025-05-03,0,0,0,0,0,0,0,0,0,0,
Mamás Sororas de Bolivia ,https://www.facebook.com/MamasSororasBolivia,2025-06-16,2021-05-07,no,13000,0,2025-05-04,post,https://www.facebook.com/share/p/12M6bra7gvB/,55,2,26,9,0,0,0,0,17,0,"Feminicida prófugo
Marcelo Luis Nieves asesino a su pareja con un disparo en el cuello en medio de una discusión, logro escapar de Bermejo, se presume que está por Arge… Ver más"
Mamás Sororas de Bolivia ,https://www.facebook.com/MamasSororasBolivia,2025-06-16,2021-05-07,no,13000,0,2025-05-04,post,https://www.facebook.com/share/p/1EiCU6jeLC/,0,0,7,4,3,0,0,0,0,0,Únanse a la MANADA DIGITAL de Mamás Sororas de Bolivia 
Mamás Sororas de Bolivia ,https://www.facebook.com/MamasSororasBolivia,2025-06-16,2021-05-07,no,13000,0,2025-05-04,post,https://www.facebook.com/share/p/16fR4H5HPP/,1,0,8,1,0,7,0,0,0,0,Jueces machirulos
Mamás Sororas de Bolivia ,https://www.facebook.com/MamasSororasBolivia,2025-06-16,2021-05-07,no,13000,0,2025-05-04,post,https://www.facebook.com/share/p/1Kiy3KVhk5/,4,0,14,0,0,0,0,0,0,0,"¡Conocer para decidir!
Así se vivió nuestro Taller de Métodos Anticonceptivos junto a Mamás Sororas de Bolivia en alianza con @ipasbolivia y @casadelamujer.bo.… Ver más"
Mamás Sororas de Bolivia ,https://www.facebook.com/MamasSororasBolivia,2025-06-16,2021-05-07,no,13000,0,2025-05-04,post,https://www.facebook.com/share/p/16X8gc2XxA/,24,0,24,18,6,0,0,0,0,0,"Las madres nos queremos flores, queremos leyes que nos protejan todo el año
Vi… Ver más"
Mamás Sororas de Bolivia ,https://www.facebook.com/MamasSororasBolivia,2025-06-16,2021-05-07,no,13000,0,2025-05-05,post,https://www.facebook.com/share/p/1HnZCZKj9f/,19,1,68,56,2,0,1,2,7,0,"Lo que ha sucedido hoy en Colcapirhua no es un acto aislado ni anecdótico. Es un acto profundamente violento, simbólico, que reproduce el control patriarcal sobre los c… Ver más"
Mamás Sororas de Bolivia ,https://www.facebook.com/MamasSororasBolivia,2025-06-16,2021-05-07,no,13000,0,2025-05-05,post,https://www.facebook.com/share/p/19EjBc4GPX/,2,0,14,14,0,0,0,0,0,0,Nathalia Calvimonte 
Mamás Sororas de Bolivia ,https://www.facebook.com/MamasSororasBolivia,2025-06-16,2021-05-07,no,13000,0,2025-05-05,post,https://www.facebook.com/share/p/16mdh287vJ/,0,0,4,3,1,0,0,0,0,0,
Mamás Sororas de Bolivia ,https://www.facebook.com/MamasSororasBolivia,2025-06-16,2021-05-07,no,13000,0,2025-05-05,post,https://www.facebook.com/share/p/1AogfQQUZT/,0,0,3,3,0,0,0,0,0,0,
Mamás Sororas de Bolivia ,https://www.facebook.com/MamasSororasBolivia,2025-06-16,2021-05-07,no,13000,0,2025-05-05,post,https://www.facebook.com/share/p/16MdJTM9L9/,3,0,27,13,6,8,0,0,0,0,Hacen renegar 
Mamás Sororas de Bolivia ,https://www.facebook.com/MamasSororasBolivia,2025-06-16,2021-05-07,no,13000,0,2025-05-05,post,https://www.facebook.com/share/p/12M7ZfdKapW/,0,0,9,2,0,7,0,0,0,0,Jajajaj
Mamás Sororas de Bolivia ,https://www.facebook.com/MamasSororasBolivia,2025-06-16,2021-05-07,no,13000,0,2025-05-05,post,https://www.facebook.com/share/p/16QTjfrE5X/,5,3,45,0,0,0,0,0,0,0,Cobardes y cobarde el alcalde
Mamás Sororas de Bolivia ,https://www.facebook.com/MamasSororasBolivia,2025-06-16,2021-05-07,no,13000,0,2025-05-06,post,https://www.facebook.com/share/p/1FbiNq9uNF/,5,2,37,31,0,0,6,0,0,0,
Mamás Sororas de Bolivia ,https://www.facebook.com/MamasSororasBolivia,2025-06-16,2021-05-07,no,13000,0,2025-05-06,post,https://www.facebook.com/share/p/1Ax6dgEfh4/,6,0,18,3,0,0,15,0,0,0,Ayudemos a esta mamá 
Mamás Sororas de Bolivia ,https://www.facebook.com/MamasSororasBolivia,2025-06-16,2021-05-07,no,13000,0,2025-05-06,post,https://www.facebook.com/share/p/1E4gXPaix8/,5,3,81,63,18,0,0,0,0,0,"Alisten sus expedientes de su proceso familiar, pronto se viene el curso de Asistencia Familiar para No Abogadas (presencial)"
Mamás Sororas de Bolivia ,https://www.facebook.com/MamasSororasBolivia,2025-06-16,2021-05-07,no,13000,0,2025-05-06,post,https://www.facebook.com/share/p/1AZmwbcpDt/,3,2,44,44,0,0,0,0,0,0,
Mamás Sororas de Bolivia ,https://www.facebook.com/MamasSororasBolivia,2025-06-16,2021-05-07,no,13000,0,2025-05-06,post,https://www.facebook.com/share/p/1EGgFrtUSp/,9,10,66,32,32,0,0,0,0,2,"¡Lo logramos, Sororas!
En pa… Ver más"
Mamás Sororas de Bolivia ,https://www.facebook.com/MamasSororasBolivia,2025-06-16,2021-05-07,no,13000,0,2025-05-06,post,https://www.facebook.com/share/p/1Fm75rnxHi/,0,0,2,2,0,0,0,0,0,0,
Mamás Sororas de Bolivia ,https://www.facebook.com/MamasSororasBolivia,2025-06-16,2021-05-07,no,13000,0,2025-05-07,post,https://www.facebook.com/share/p/16EDV9eVhS/,1,0,21,8,1,12,0,0,0,0,Por qué diablos?!!
Mamás Sororas de Bolivia ,https://www.facebook.com/MamasSororasBolivia,2025-06-16,2021-05-07,no,13000,0,2025-05-07,post,https://www.facebook.com/share/p/1LQKeXniHP/,14,0,57,43,14,0,0,0,0,0,"La salud mental materna es un derecho, no un lujo. Cuidar a quien cuida es un acto político y amoroso."
Mamás Sororas de Bolivia ,https://www.facebook.com/MamasSororasBolivia,2025-06-16,2021-05-07,no,13000,0,2025-05-07,post,https://www.facebook.com/share/p/1C9GKnnV48/,154,40,220,156,59,0,1,0,0,4,"¡Hermana, este espacio es para ti!
Evento gratuito 
¿Ha… Ver más"
Mamás Sororas de Bolivia ,https://www.facebook.com/MamasSororasBolivia,2025-06-16,2021-05-07,no,13000,0,2025-05-07,post,https://www.facebook.com/share/p/16dsnsA5dL/,1,1,12,0,0,0,0,0,0,0,"Por si lees mi mensaje amix,"
Mamás Sororas de Bolivia ,https://www.facebook.com/MamasSororasBolivia,2025-06-16,2021-05-07,no,13000,0,2025-05-07,post,https://www.facebook.com/share/p/16PXwnucDz/,7,0,19,18,1,0,0,0,0,0,"Nadie te dice que ser madre por primera vez puede sentirse como perderte de golpe... que puedes amar y al mismo tiempo querer salir corriendo.
La … Ver más"
Mamás Sororas de Bolivia ,https://www.facebook.com/MamasSororasBolivia,2025-06-16,2021-05-07,no,13000,0,2025-05-07,post,https://www.facebook.com/share/p/16ciSZX1ks/,9,4,47,6,0,0,0,1,40,0,Ojalá te pudras en la cárcel
Mamás Sororas de Bolivia ,https://www.facebook.com/MamasSororasBolivia,2025-06-16,2021-05-07,no,13000,0,2025-05-08,post,https://www.facebook.com/share/p/19Hpmnx8Y6/,7,0,14,9,5,0,0,0,0,0,"Este sábado 10 de mayo, nos encontramos en un espacio seguro, sororo y gratuito para hablar claro sobre la violencia y violencia sexual según la Ley 348 y el m… Ver más"
Mamás Sororas de Bolivia ,https://www.facebook.com/MamasSororasBolivia,2025-06-16,2021-05-07,no,13000,0,2025-05-08,post,https://www.facebook.com/share/p/16XFBCnakX/,0,0,3,3,0,0,0,0,0,0,
Mamás Sororas de Bolivia ,https://www.facebook.com/MamasSororasBolivia,2025-06-16,2021-05-07,no,13000,0,2025-05-08,post,2025-05-08,0,0,16,12,3,0,0,1,0,0,Nos acordamos de cierta ciberactivista que luego de apropiarse nuestro trabajo hizo un post haciéndose mofa de nosotras (las madres autónomas).
Mamás Sororas de Bolivia ,https://www.facebook.com/MamasSororasBolivia,2025-06-16,2021-05-07,no,13000,0,2025-05-08,post,https://www.facebook.com/share/p/198ro9FupA/,3,6,20,20,0,0,0,0,0,0,"Williams Alave, acostumbrado a favorecer agresores y d3lincuentes"
Mamás Sororas de Bolivia ,https://www.facebook.com/MamasSororasBolivia,2025-06-16,2021-05-07,no,13000,0,2025-05-08,post,https://www.facebook.com/share/p/19JGBmBgV8/,1,0,11,8,2,0,0,0,0,1,
Mamás Sororas de Bolivia ,https://www.facebook.com/MamasSororasBolivia,2025-06-16,2021-05-07,no,13000,0,2025-05-08,post,https://www.facebook.com/share/p/15tfZKdBra/,5,7,115,0,0,0,0,0,0,0,"¡Confirmado! El abogado Javier Reynaga será parte del Curso de Asistencia Familiar para No Abogadas.
Javier Reynaga tu Abogado… Ver más"
Mamás Sororas de Bolivia ,https://www.facebook.com/MamasSororasBolivia,2025-06-16,2021-05-07,no,13000,0,2025-05-08,post,https://www.facebook.com/share/p/19RFV1xHpq/,4,0,19,13,1,5,0,0,0,0,"La teta no solo alimenta: también es calmante, wifi emocional y lo único que me impide salir corriendo del país."
Mamás Sororas de Bolivia ,https://www.facebook.com/MamasSororasBolivia,2025-06-16,2021-05-07,no,13000,0,2025-05-08,post,https://www.facebook.com/share/p/14qThnEgHj/,3,3,32,0,0,0,0,0,0,0,Jajaja solo es un chiste 
Mamás Sororas de Bolivia ,https://www.facebook.com/MamasSororasBolivia,2025-06-16,2021-05-07,no,13000,0,2025-05-08,post,https://www.facebook.com/share/p/1Chsk1xcfC/,1,0,6,5,1,0,0,0,0,0,
Mamás Sororas de Bolivia ,https://www.facebook.com/MamasSororasBolivia,2025-06-16,2021-05-07,no,13000,0,2025-05-09,post,https://www.facebook.com/share/p/1Yyf6p1k4m/,5,2,19,19,0,0,0,0,0,0,
Mamás Sororas de Bolivia ,https://www.facebook.com/MamasSororasBolivia,2025-06-16,2021-05-07,no,13000,0,2025-05-09,post,https://www.facebook.com/share/p/19UMKxJiyG/,1,0,16,13,3,0,0,0,0,0,
Mamás Sororas de Bolivia ,https://www.facebook.com/MamasSororasBolivia,2025-06-16,2021-05-07,no,13000,0,2025-05-09,post,https://www.facebook.com/share/p/196u8AnVyt/,2,0,4,4,0,0,0,0,0,0,"A mimir, mamás
Que si no, viene el vato que cree que pagar la pensión lo hace buen papá."
Mamás Sororas de Bolivia ,https://www.facebook.com/MamasSororasBolivia,2025-06-16,2021-05-07,no,13000,0,2025-05-09,post,2025-05-09,0,0,0,0,0,0,0,0,0,0,
Mamás Sororas de Bolivia ,https://www.facebook.com/MamasSororasBolivia,2025-06-16,2021-05-07,no,13000,0,2025-05-09,post,https://www.facebook.com/share/p/16pTXiYN88/,6,0,41,22,18,0,0,0,0,1,
Mamás Sororas de Bolivia ,https://www.facebook.com/MamasSororasBolivia,2025-06-16,2021-05-07,no,13000,0,2025-05-09,post,https://www.facebook.com/share/p/15T5qShZT9/,0,0,3,2,0,0,0,0,0,1,Justicia
Mamás Sororas de Bolivia ,https://www.facebook.com/MamasSororasBolivia,2025-06-16,2021-05-07,no,13000,0,2025-05-10,post,https://www.facebook.com/share/p/1AmdLE2ytA/,1,1,15,13,1,1,0,0,0,0,"Comprar niños no es ADOPTAR, es trata y tráfico de personas. OJO "
Mamás Sororas de Bolivia ,https://www.facebook.com/MamasSororasBolivia,2025-06-16,2021-05-07,no,13000,0,2025-05-10,post,https://www.facebook.com/share/p/195DfaDkPp/,37,10,40,0,0,0,0,0,0,0,"ALERTA 
Esto no es un “accidente”, es NEGLIGENCIA.
Exigimos rendición de cuentas, sanciones al personal responsable y justicia para la víctima.… Ver más"
Mamás Sororas de Bolivia ,https://www.facebook.com/MamasSororasBolivia,2025-06-16,2021-05-07,no,13000,0,2025-05-10,post,https://www.facebook.com/share/p/1DpBD4ZKjQ/,23,97,287,207,42,31,1,2,2,2,"Sí, qué bueno que te preocupes y cuides de tu gato/perro o cualquier animal, pero eso NO es maternar… Ver más"
Mamás Sororas de Bolivia ,https://www.facebook.com/MamasSororasBolivia,2025-06-16,2021-05-07,no,13000,0,2025-05-10,post,https://www.facebook.com/share/p/16ejsWrfiY/,5,57,110,75,12,21,1,0,1,0,"Criar una wawa no es como tener un perrito.
A mi wawa lo defiendo del hambre, del machismo y del Estado ausente. "
Mamás Sororas de Bolivia ,https://www.facebook.com/MamasSororasBolivia,2025-06-16,2021-05-07,no,13000,0,2025-05-10,post,https://www.facebook.com/share/p/1GgvpeJJPJ/,0,0,7,5,0,2,0,0,0,0,Jajaja
Mamás Sororas de Bolivia ,https://www.facebook.com/MamasSororasBolivia,2025-06-16,2021-05-07,no,13000,0,2025-05-10,post,https://www.facebook.com/share/p/1AeWsg3PGe/,6,0,48,47,1,0,0,0,0,0,No hace falta trabajar en el INE para notar la cantidad de padres irresponsables. Basta con mirar a nuestro alrededor.
Mamás Sororas de Bolivia ,https://www.facebook.com/MamasSororasBolivia,2025-06-16,2021-05-07,no,13000,0,2025-05-11,post,https://www.facebook.com/share/p/16R2myFVu8/,4,3,13,10,1,1,1,0,0,0,
Mamás Sororas de Bolivia ,https://www.facebook.com/MamasSororasBolivia,2025-06-16,2021-05-07,no,13000,0,2025-05-11,post,https://www.facebook.com/share/p/1CfjTbDo2Z/,0,0,1,0,0,1,0,0,0,0,"""No creo que la menstruación me ponga de mal humor"" 
-Yo"
Mamás Sororas de Bolivia ,https://www.facebook.com/MamasSororasBolivia,2025-06-16,2021-05-07,no,13000,0,2025-05-11,post,https://www.facebook.com/share/p/1AV8xJ8rRN/,0,3,52,38,4,9,0,1,0,0,Lectura de comprensión es lo que falta a las que nos critican nuestros post. Si no les gusta simple no nos sigan y ya!!!
Mamás Sororas de Bolivia ,https://www.facebook.com/MamasSororasBolivia,2025-06-16,2021-05-07,no,13000,0,2025-05-11,post,https://www.facebook.com/share/p/1AKTuDrm5F/,2,0,13,9,1,2,1,0,0,0,Fueraaa
Mamás Sororas de Bolivia ,https://www.facebook.com/MamasSororasBolivia,2025-06-16,2021-05-07,no,13000,0,2025-05-11,post,https://www.facebook.com/share/p/19AdSjpwPN/,2,1,14,11,3,0,0,0,0,0,
Mamás Sororas de Bolivia ,https://www.facebook.com/MamasSororasBolivia,2025-06-16,2021-05-07,no,13000,0,2025-05-11,post,https://www.facebook.com/share/p/16sbcsGQhC/,2,0,29,16,11,1,0,0,0,1,Mafalda
Mamás Sororas de Bolivia ,https://www.facebook.com/MamasSororasBolivia,2025-06-16,2021-05-07,no,13000,0,2025-05-11,post,https://www.facebook.com/share/p/19YY8FN4J3/,0,0,5,3,0,1,0,0,0,1,
Mamás Sororas de Bolivia ,https://www.facebook.com/MamasSororasBolivia,2025-06-16,2021-05-07,no,13000,0,2025-05-11,post,https://www.facebook.com/share/p/1GDomznNL3/,8,0,10,4,4,0,0,0,0,2,"¿Te cuesta ponerte metas y cumplirlas?
Acompáñanos este domingo 11 de mayo en una sesión grupal por Google Meet, donde aprenderemos juntas a trazar metas claras, re… Ver más"
Mamás Sororas de Bolivia ,https://www.facebook.com/MamasSororasBolivia,2025-06-16,2021-05-07,no,13000,0,2025-05-11,post,https://www.facebook.com/share/p/1ANKfV3HQT/,0,0,4,3,0,1,0,0,0,0,"Compartimos este artículo de @dianaoliver.es sobre el burnout maternal, un término que se usa para describir ese cansacio crónico que arrastramos las madres. Una fatiga… Ver más"
Mamás Sororas de Bolivia ,https://www.facebook.com/MamasSororasBolivia,2025-06-16,2021-05-07,no,13000,0,2025-05-11,post,https://www.facebook.com/share/p/126W9tGyGdS/,0,44,32,0,0,0,0,0,0,0,
Mamás Sororas de Bolivia ,https://www.facebook.com/MamasSororasBolivia,2025-06-16,2021-05-07,no,13000,0,2025-05-11,post,https://www.facebook.com/share/p/1ARmzdsVi3/,2,0,12,6,6,0,0,0,0,0,Amén
Mamás Sororas de Bolivia ,https://www.facebook.com/MamasSororasBolivia,2025-06-16,2021-05-07,no,13000,0,2025-05-12,post,https://www.facebook.com/share/p/1As6Ktt6PM/,2,0,16,13,1,2,0,0,0,0,
Mamás Sororas de Bolivia ,https://www.facebook.com/MamasSororasBolivia,2025-06-16,2021-05-07,no,13000,0,2025-05-12,post,https://www.facebook.com/share/p/1As18eSLNR/,6,31,34,19,11,3,0,0,0,1,
Mamás Sororas de Bolivia ,https://www.facebook.com/MamasSororasBolivia,2025-06-16,2021-05-07,no,13000,0,2025-05-13,post,https://www.facebook.com/share/p/1AccCg9a6F/,2,0,12,12,0,0,0,0,0,0,Nuestro curso de Asistencia Familiar para No Abogadas se suspende hasta el viernes 23 de mayo por seguridad de nuestras hermanas y sus wawitas.
Mamás Sororas de Bolivia ,https://www.facebook.com/MamasSororasBolivia,2025-06-16,2021-05-07,no,13000,0,2025-05-13,post,https://www.facebook.com/share/p/18qS7aMdxF/,1,0,3,0,0,0,3,0,0,0,
Mamás Sororas de Bolivia ,https://www.facebook.com/MamasSororasBolivia,2025-06-16,2021-05-07,no,13000,0,2025-05-13,post,https://www.facebook.com/share/p/1Am7uQi4ve/,2,9,19,4,1,0,0,0,14,0,Ojalá te pudras en la cárcel y luego en el infierno
Mamás Sororas de Bolivia ,https://www.facebook.com/MamasSororasBolivia,2025-06-16,2021-05-07,no,13000,0,2025-05-13,post,https://www.facebook.com/share/p/1NUJHTZ7Np/,12,0,17,8,6,0,0,0,0,3,"Hablemos de la Depresión
Sesión presencial con la psicóloga Vanessa Gálvez… Ver más"
Mamás Sororas de Bolivia ,https://www.facebook.com/MamasSororasBolivia,2025-06-16,2021-05-07,no,13000,0,2025-05-13,post,https://www.facebook.com/share/p/15hMT5kFUL/,1,1,35,19,16,0,0,0,0,0,Gracias a nuestra hermana Pamela A.S. que desde Oruro nos mandó este hermoso regalo.
Mamás Sororas de Bolivia ,https://www.facebook.com/MamasSororasBolivia,2025-06-16,2021-05-07,no,13000,0,2025-05-14,post,https://www.facebook.com/share/p/16iqZHRKAp/,0,0,1,1,0,0,0,0,0,0,
Mamás Sororas de Bolivia ,https://www.facebook.com/MamasSororasBolivia,2025-06-16,2021-05-07,no,13000,0,2025-05-14,post,https://www.facebook.com/share/p/1HYnVCjDjB/,1,0,0,0,0,0,0,0,0,0,
Mamás Sororas de Bolivia ,https://www.facebook.com/MamasSororasBolivia,2025-06-16,2021-05-07,no,13000,0,2025-05-14,post,https://www.facebook.com/share/p/1MmwbeC2S9/,0,0,5,4,1,0,0,0,0,0,Jajaja 
Mamás Sororas de Bolivia ,https://www.facebook.com/MamasSororasBolivia,2025-06-16,2021-05-07,no,13000,0,2025-05-14,post,https://www.facebook.com/share/p/16etWyEZZL/,3,0,14,11,3,0,0,0,0,0,"La tristeza no siempre es un desequilibrio químico:
a veces es precariedad, violencia, racismo, machismo, explotación, opresión.
El sufrimiento no es individual cuando el sistema enferma."
Mamás Sororas de Bolivia ,https://www.facebook.com/MamasSororasBolivia,2025-06-16,2021-05-07,no,13000,0,2025-05-15,post,https://www.facebook.com/share/p/16mZp8wCef/,2,0,21,0,0,21,0,0,0,0,Cuando el kks en audiencia me acusa de funarlo en feisbuk … Ver más
Mamás Sororas de Bolivia ,https://www.facebook.com/MamasSororasBolivia,2025-06-16,2021-05-07,no,13000,0,2025-05-15,post,https://www.facebook.com/share/p/1CGzEqdx1e/,27,5,46,13,0,0,31,0,0,2,Ayudemos por favor
Mamás Sororas de Bolivia ,https://www.facebook.com/MamasSororasBolivia,2025-06-16,2021-05-07,no,13000,0,2025-05-16,post,https://www.facebook.com/share/p/16jaLtxCZg/,3,0,23,22,1,0,0,0,0,0,
Mamás Sororas de Bolivia ,https://www.facebook.com/MamasSororasBolivia,2025-06-16,2021-05-07,no,13000,0,2025-05-16,post,https://www.facebook.com/share/p/18K2HPnMD1/,4,7,55,7,0,0,48,0,0,0,La violencia psicológica mata
Mamás Sororas de Bolivia ,https://www.facebook.com/MamasSororasBolivia,2025-06-16,2021-05-07,no,13000,0,2025-05-17,post,https://www.facebook.com/share/p/1GaHYbLg3L/,3,0,35,6,0,0,15,1,13,0,"Ojalá este desgra... No compre su impunidad 
Con las niñas NO!!"
Mamás Sororas de Bolivia ,https://www.facebook.com/MamasSororasBolivia,2025-05-22,2021-05-07,no,13000,0,2025-05-17,post,not-found-post-url--357442,0,0,,0,0,0,0,0,0,0,"""Empiezo a discutir con él papá de mi bendi.""
— yo:"
Mamás Sororas de Bolivia ,https://www.facebook.com/MamasSororasBolivia,2025-05-22,2021-05-07,no,13000,0,2025-05-17,post,not-found-post-url-269640,0,0,,0,0,0,0,0,0,0,Natalia González. … Ver más
Mamás Sororas de Bolivia ,https://www.facebook.com/MamasSororasBolivia,2025-06-16,2021-05-07,no,13000,0,2025-05-17,post,https://www.facebook.com/share/p/19FCvzu3Fk/,6,0,12,3,0,9,0,0,0,0,"""Empiezo a discutir con él papá de mi bendi.""
— yo:"
Mamás Sororas de Bolivia ,https://www.facebook.com/MamasSororasBolivia,2025-06-16,2021-05-07,no,13000,0,2025-05-17,post,https://www.facebook.com/share/p/1DZRnUrefv/,6,32,71,26,6,39,0,0,0,0,Jajajaja
Mamás Sororas de Bolivia ,https://www.facebook.com/MamasSororasBolivia,2025-05-22,2021-05-07,no,13000,0,2025-05-18,post,not-found-post-url--207572,0,0,,0,0,0,0,0,0,0,"Por favor les pido a tod@s mis amig@s que compartan, es mi sobrina 
 
Si alguien tiene algún tipo de información  comunicarse al 69766152 - 69717073"
Mamás Sororas de Bolivia ,https://www.facebook.com/MamasSororasBolivia,2025-05-22,2021-05-07,no,13000,0,2025-05-19,post,not-found-post-url-69144,0,0,,2,1,0,0,0,0,1,
Mamás Sororas de Bolivia ,https://www.facebook.com/MamasSororasBolivia,2025-06-16,2021-05-07,no,13000,0,2025-05-19,post,2025-05-19,15,8,54,39,11,0,0,1,0,3,
Mamás Sororas de Bolivia ,https://www.facebook.com/MamasSororasBolivia,2025-06-16,2021-05-07,no,13000,0,2025-05-19,post,https://www.facebook.com/share/p/16L6xqvp2z/,1,11,26,18,3,1,0,3,1,0,"VicepresidentA
Con A
(Así sea de nuestro gusto o no)."
Mamás Sororas de Bolivia ,https://www.facebook.com/MamasSororasBolivia,2025-06-16,2021-05-07,no,13000,0,2025-05-19,post,https://www.facebook.com/share/p/12KJZo7Gdvs/,3,1,9,2,0,0,6,1,0,0,"En cuatro meses y medio, la Fiscalía registró 58 casos de tentativa de feminicidio en Bolivia. La Paz encabeza la lista con 24 casos, seguida de Cochabamba con 16, Sant… Ver más"
Mamás Sororas de Bolivia ,https://www.facebook.com/MamasSororasBolivia,2025-06-16,2021-05-07,no,13000,0,2025-05-19,post,https://www.facebook.com/share/p/1CEUc1cHrJ/,10,0,9,4,2,0,0,0,0,3,"“Hablemos de Ansiedad”
Con la psicóloga Vanessa Gálvez
M… Ver más"
Mamás Sororas de Bolivia ,https://www.facebook.com/MamasSororasBolivia,2025-05-22,2021-05-07,no,13000,0,2025-05-19,post,https://www.facebook.com/share/p/15Wn55mHeQ/,3,1,,2,0,0,6,1,0,0,"En cuatro meses y medio, la Fiscalía registró 58 casos de tentativa de feminicidio en Bolivia. La Paz encabeza la lista con 24 casos, seguida de Cochabamba con 16, Sant… Ver más"
Mamás Sororas de Bolivia ,https://www.facebook.com/MamasSororasBolivia,2025-05-22,2021-05-07,no,13000,0,2025-05-19,post,https://www.facebook.com/MamasSororasBolivia/posts/pfbid02Rzg5UdBRPMi8VoqD3mTdK3uMVXbjPDJMsX2zA61SFbpdzEiq8Z8sYbTZCquEhciQl,4,11,,9,7,0,0,0,0,1," Porque todas tenemos derecho a decidir, a recibir educación sexual integral y a acceder a métodos anticonceptivos.
… Ver más"
Mamás Sororas de Bolivia ,https://www.facebook.com/MamasSororasBolivia,2025-05-22,2021-05-07,no,13000,0,2025-05-19,post,https://www.facebook.com/share/p/183qwYcj2r/,1,10,,18,3,0,0,3,1,0,"VicepresidentA
Con A
(Así sea de nuestro gusto o no)."
Mamás Sororas de Bolivia ,https://www.facebook.com/MamasSororasBolivia,2025-05-22,2021-05-07,no,13000,0,2025-05-19,post,not-found-post-url--427720,0,0,,4,2,0,0,0,0,3,"“Hablemos de Ansiedad”
Con la psicóloga Vanessa Gálvez
M… Ver más"
Mamás Sororas de Bolivia ,https://www.facebook.com/MamasSororasBolivia,2025-05-22,2021-05-07,no,13000,0,2025-05-20,post,https://www.facebook.com/MamasSororasBolivia/posts/pfbid021QpwabMtbSafY3qe4fhyMd1jeimq7dJhK3VBARBpoiYLuF2FSGPF3dkA2d82F1Enl,1,1,,0,0,0,0,0,0,0," Porque todas tenemos derecho a decidir, a recibir educación sexual integral y a acceder a métodos anticonceptivos.
… Ver más"
Mamás Sororas de Bolivia ,https://www.facebook.com/MamasSororasBolivia,2025-06-16,2021-05-07,no,13000,0,2025-05-20,post,https://www.facebook.com/share/p/16dwwsc3QC/,0,0,0,0,0,0,0,0,0,0,
Mamás Sororas de Bolivia ,https://www.facebook.com/MamasSororasBolivia,2025-06-16,2021-05-07,no,13000,0,2025-05-20,post,https://www.facebook.com/share/p/191qvVS5pa/,3,1,8,6,1,0,0,0,0,1,
Mamás Sororas de Bolivia ,https://www.facebook.com/MamasSororasBolivia,2025-06-16,2021-05-07,no,13000,0,2025-05-20,post,https://www.facebook.com/share/p/19dFwjNFWi/,31,2,90,76,14,0,0,0,0,0,Como padre es tu trabajo reorganizar tu vida en beneficio de tu hijo. No es al revés.
Mamás Sororas de Bolivia ,https://www.facebook.com/MamasSororasBolivia,2025-06-11,2021-05-07,no,13000,0,2025-05-20,post,https://www.facebook.com/share/p/1QXYHA7hAd/,0,0,0,0,0,0,0,0,0,0,
Mamás Sororas de Bolivia ,https://www.facebook.com/MamasSororasBolivia,2025-06-11,2021-05-07,no,13000,0,2025-05-20,post,https://www.facebook.com/share/p/1SH1PNXmJQ/,3,1,8,0,0,0,0,0,0,0,
Mamás Sororas de Bolivia ,https://www.facebook.com/MamasSororasBolivia,2025-06-11,2021-05-07,no,13000,0,2025-05-20,post,https://www.facebook.com/share/p/12Lffuwqadx/,31,2,90,0,0,0,0,0,0,0,Como padre es tu trabajo reorganizar tu vida en beneficio de tu hijo. No es al revés.
Mamás Sororas de Bolivia ,https://www.facebook.com/MamasSororasBolivia,2025-05-22,2021-05-07,no,13000,0,2025-05-20,post,not-found-post-url--11756,0,0,,4,0,0,0,0,0,0,"Tenemos fé que el Nuevo Ministro ejecutará el MANDAMIENTO de aprehensión contra un prófugo feminicida, (lo que no hizo el Eduardo Del Castillo Del Carpio )"
Mamás Sororas de Bolivia ,https://www.facebook.com/MamasSororasBolivia,2025-05-22,2021-05-07,no,13000,0,2025-05-20,post,https://www.facebook.com/share/p/1AbZqvSr57/,3,1,,0,0,0,0,0,0,0,
Mamás Sororas de Bolivia ,https://www.facebook.com/MamasSororasBolivia,2025-06-16,2021-05-07,no,13000,0,2025-05-21,post,https://www.facebook.com/share/p/16sjwb2yRH/,2,4,22,4,0,7,0,1,10,0,"Martin Irusta, otro padre irresponsable"
Mamás Sororas de Bolivia ,https://www.facebook.com/MamasSororasBolivia,2025-06-16,2021-05-07,no,13000,0,2025-05-21,post,https://www.facebook.com/share/p/1F2xCjEqX3/,16,20,78,60,14,1,0,0,1,2,COMUNICADO
Mamás Sororas de Bolivia ,https://www.facebook.com/MamasSororasBolivia,2025-06-16,2021-05-07,no,13000,0,2025-05-21,post,https://www.facebook.com/share/p/1Cf9HvcX6P/,1,0,1,1,0,0,0,0,0,0,
Mamás Sororas de Bolivia ,https://www.facebook.com/MamasSororasBolivia,2025-05-22,2021-05-07,no,13000,0,2025-05-21,post,https://www.facebook.com/share/p/16LAxi8wq2/,2,2,,3,0,6,0,1,5,0,"Martin Irusta, otro padre irresponsable"
Mamás Sororas de Bolivia ,https://www.facebook.com/MamasSororasBolivia,2025-05-22,2021-05-07,no,13000,0,2025-05-21,post,https://www.facebook.com/share/p/16nEXzv8BT/,15,20,,0,0,0,0,0,0,0,COMUNICADO
Mamás Sororas de Bolivia ,https://www.facebook.com/MamasSororasBolivia,2025-06-11,2021-05-07,no,13000,0,2025-05-21,post,https://www.facebook.com/share/p/1L6zy9uZdw/,1,0,1,0,0,0,0,0,0,0,
Mamás Sororas de Bolivia ,https://www.facebook.com/MamasSororasBolivia,2025-06-11,2021-05-07,no,13000,0,2025-05-21,post,https://www.facebook.com/share/p/1B5M5b989W/,16,20,78,0,0,0,0,0,0,0,COMUNICADO
Mamás Sororas de Bolivia ,https://www.facebook.com/MamasSororasBolivia,2025-06-11,2021-05-07,no,13000,0,2025-05-21,post,https://www.facebook.com/share/p/1BjrzGtrvq/,6,0,26,0,0,0,0,0,0,0,Justicia
Mamás Sororas de Bolivia ,https://www.facebook.com/MamasSororasBolivia,2025-05-22,2021-05-07,no,13000,0,2025-05-21,post,not-found-post-url--199635,0,0,,7,0,0,7,0,9,0,Justicia
Mamás Sororas de Bolivia ,https://www.facebook.com/MamasSororasBolivia,2025-06-16,2021-05-07,no,13000,0,2025-05-22,post,https://www.facebook.com/share/p/1HcyoVRjLz/,0,0,15,3,1,11,0,0,0,0,Jajaja
Mamás Sororas de Bolivia ,https://www.facebook.com/MamasSororasBolivia,2025-06-16,2021-05-07,no,13000,0,2025-05-22,post,https://www.facebook.com/share/p/19kKLdD63q/,16,4,63,50,9,1,1,1,0,1,La mujer que daña a otra mujer no es mala: es patriarcal. Se volvió verduga para sentirse a salvo.
Mamás Sororas de Bolivia ,https://www.facebook.com/MamasSororasBolivia,2025-06-11,2021-05-07,no,13000,0,2025-05-22,post,https://www.facebook.com/share/p/16kY1nDzRZ/,16,4,63,0,0,0,0,0,0,0,La mujer que daña a otra mujer no es mala: es patriarcal. Se volvió verduga para sentirse a salvo.
Mamás Sororas de Bolivia ,https://www.facebook.com/MamasSororasBolivia,2025-06-11,2021-05-07,no,13000,0,2025-05-22,post,https://www.facebook.com/share/p/1DPENxSGht/,2,1,16,0,0,0,0,0,0,0,Hay PAPikks que se quejan que la plata ya no alcanza pero que estan esperando bailar en el Gran Poder. En fin el hipopótamo
Mamás Sororas de Bolivia ,https://www.facebook.com/MamasSororasBolivia,2025-06-11,2021-05-07,no,13000,0,2025-05-22,post,https://www.facebook.com/share/p/1AC5A38pMR/,0,0,0,0,0,0,0,0,0,0,"Mi Amix: ya eres mamá, deberías ser más seria 
Yo:"
Mamás Sororas de Bolivia ,https://www.facebook.com/MamasSororasBolivia,2025-05-22,2021-05-07,no,13000,0,2025-05-22,post,https://www.facebook.com/share/p/1Baoj15Xu1/,3,1,,0,0,0,0,0,0,0,La mujer que daña a otra mujer no es mala: es patriarcal. Se volvió verduga para sentirse a salvo.
Mamás Sororas de Bolivia ,https://www.facebook.com/MamasSororasBolivia,2025-06-16,2021-05-07,no,13000,0,2025-05-22,post,https://www.facebook.com/share/p/19FoDZV6gf/,0,0,0,0,0,0,0,0,0,0,"Mi Amix: ya eres mamá, deberías ser más seria 
Yo:"
Mamás Sororas de Bolivia ,https://www.facebook.com/MamasSororasBolivia,2025-06-16,2021-05-07,no,13000,0,2025-05-22,post,https://www.facebook.com/share/p/16D17sdUhs/,2,1,16,14,1,0,0,0,0,1,Hay PAPikks que se quejan que la plata ya no alcanza pero que estan esperando bailar en el Gran Poder. En fin el hipopótamo
Mamás Sororas de Bolivia ,https://www.facebook.com/MamasSororasBolivia,2025-05-22,2021-05-07,no,13000,0,2025-05-22,post,not-found-post-url--161420,0,0,,1,1,7,0,0,0,0,Jajaja
Mamás Sororas de Bolivia ,https://www.facebook.com/MamasSororasBolivia,2025-06-16,2021-05-07,no,13000,0,2025-05-23,post,https://www.facebook.com/share/p/16WzwS5dQj/,1,0,22,17,5,0,0,0,0,0,"Gracias a todas las compañeras que están interesadas en el curso de Asistencia Familiar, EN JUNIO DAREMOS OTRO CURSO"
Mamás Sororas de Bolivia ,https://www.facebook.com/MamasSororasBolivia,2025-06-11,2021-05-07,no,13000,0,2025-05-23,post,https://www.facebook.com/share/p/1ZHhiJPez9/,1,0,22,0,0,0,0,0,0,0,"Gracias a todas las compañeras que están interesadas en el curso de Asistencia Familiar, EN JUNIO DAREMOS OTRO CURSO"
Mamás Sororas de Bolivia ,https://www.facebook.com/MamasSororasBolivia,2025-06-11,2021-05-07,no,13000,0,2025-05-23,post,https://www.facebook.com/share/p/1Ff6nAXsYL/,3,0,23,0,0,0,0,0,0,0,"15:30 de hoy comienza la transmisión por Facebook Live, el CURSO DE ASISTENCIA FAMILIAR PARA NO ABOGADAS"
Mamás Sororas de Bolivia ,https://www.facebook.com/MamasSororasBolivia,2025-06-16,2021-05-07,no,13000,0,2025-05-23,post,https://www.facebook.com/share/p/168wkwWFY3/,3,0,23,18,4,0,0,0,0,1,"15:30 de hoy comienza la transmisión por Facebook Live, el CURSO DE ASISTENCIA FAMILIAR PARA NO ABOGADAS"
Mamás Sororas de Bolivia ,https://www.facebook.com/MamasSororasBolivia,2025-05-23,2021-05-07,no,13000,0,2025-05-23,post,not-found-post-url--436567,32,40,,0,0,0,0,0,0,0,
Mamás Sororas de Bolivia ,https://www.facebook.com/MamasSororasBolivia,2025-05-23,2021-05-07,no,13000,0,2025-05-23,post,not-found-post-url-134987,0,0,,0,0,0,0,0,0,0,"Gracias a todas las compañeras que están interesadas en el curso de Asistencia Familiar, EN JUNIO DAREMOS OTRO CURSO"
Mamás Sororas de Bolivia ,https://www.facebook.com/MamasSororasBolivia,2025-06-11,2021-05-07,no,13000,0,2025-05-25,post,https://www.facebook.com/MamasSororasBolivia/posts/pfbid02kh9DUTyBmMc7FzH6bm5yPVTLja9GkWajAYzcnfG3k7kEqGomAms9ZdzhBdU9huHKl,1,0,10,0,0,0,0,0,0,0,
Mamás Sororas de Bolivia ,https://www.facebook.com/MamasSororasBolivia,2025-06-11,2021-05-07,no,13000,0,2025-05-25,post,https://www.facebook.com/share/p/14vs9uqmRD/,1,0,8,0,0,0,0,0,0,0,"Buscamos a ALEJANDRO CHACON eyaculador irresponsable, cuenta con mandamiento de Apremio.… Ver más"
Mamás Sororas de Bolivia ,https://www.facebook.com/MamasSororasBolivia,2025-06-11,2021-05-07,no,13000,0,2025-05-25,post,https://www.facebook.com/share/p/16RRu2xjx8/,4,2,41,0,0,0,0,0,0,0,"""Elige bien tus reconciliaciones, a mucha gente es mejor seguir teniéndola lejos."" "
Mamás Sororas de Bolivia ,https://www.facebook.com/MamasSororasBolivia,2025-06-16,2021-05-07,no,13000,0,2025-05-25,post,https://www.facebook.com/share/p/1HRfWDnUUr/,4,2,41,41,0,0,0,0,0,0,"""Elige bien tus reconciliaciones, a mucha gente es mejor seguir teniéndola lejos."" "
Mamás Sororas de Bolivia ,https://www.facebook.com/MamasSororasBolivia,2025-06-16,2021-05-07,no,13000,0,2025-05-25,post,https://www.facebook.com/share/p/1BU8RE1nEh/,1,0,8,5,0,0,0,0,3,0,"Buscamos a ALEJANDRO CHACON eyaculador irresponsable, cuenta con mandamiento de Apremio.… Ver más"
Mamás Sororas de Bolivia ,https://www.facebook.com/MamasSororasBolivia,2025-06-16,2021-05-07,no,13000,0,2025-05-25,post,https://www.facebook.com/share/p/16dGqUhPra/,3,3,33,26,7,0,0,0,0,0,"Recuerda que la frase ""al menos yo no tengo bendis"", es misoginia: pues implica considerarte superior y más exitosa que las mujeres que son madres."
Mamás Sororas de Bolivia ,https://www.facebook.com/MamasSororasBolivia,2025-06-16,2021-05-07,no,13000,0,2025-05-25,post,https://www.facebook.com/share/p/1EbzD5BG8v/,1,0,10,9,1,0,0,0,0,0,
Mamás Sororas de Bolivia ,https://www.facebook.com/MamasSororasBolivia,2025-06-11,2021-05-07,no,13000,0,2025-05-25,post,https://www.facebook.com/share/p/1BusXBDZhe/,3,3,33,0,0,0,0,0,0,0,"Recuerda que la frase ""al menos yo no tengo bendis"", es misoginia: pues implica considerarte superior y más exitosa que las mujeres que son madres."
Mamás Sororas de Bolivia ,https://www.facebook.com/MamasSororasBolivia,2025-06-11,2021-05-07,no,13000,0,2025-05-26,post,https://www.facebook.com/share/p/1A4YQi8zyy/,0,0,19,0,0,0,0,0,0,0," Porque todas tenemos derecho a decidir, a recibir educación sexual integral y a acceder a métodos anticonceptivos.
… Ver más"
Mamás Sororas de Bolivia ,https://www.facebook.com/MamasSororasBolivia,2025-06-02,2021-05-07,no,13000,0,2025-05-26,post,https://www.facebook.com/share/p/16TwZ1Fpiw/,0,0,19,17,1,1,0,0,0,0," Porque todas tenemos derecho a decidir, a recibir educación sexual integral y a acceder a métodos anticonceptivos.
… Ver más"
Mamás Sororas de Bolivia ,https://www.facebook.com/MamasSororasBolivia,2025-06-11,2021-05-07,no,13000,0,2025-05-27,post,https://www.facebook.com/share/p/19MetPaMz7/,8,1,46,0,0,0,0,0,0,0,"Exigir justicia no debería costar la vida de nuestros hijos ni la nuestra.
Justicia para Demian y Virginia"
Mamás Sororas de Bolivia ,https://www.facebook.com/MamasSororasBolivia,2025-06-02,2021-05-07,no,13000,0,2025-05-27,post,https://www.facebook.com/share/p/16iLwy6DhJ/,8,1,46,35,2,0,9,0,0,0,"Exigir justicia no debería costar la vida de nuestros hijos ni la nuestra.
Justicia para Demian y Virginia"
Mamás Sororas de Bolivia ,https://www.facebook.com/MamasSororasBolivia,2025-06-02,2021-05-07,no,13000,0,2025-05-27,post,https://www.facebook.com/share/p/1YyXLUd32P/,12,2,58,7,0,0,40,0,11,0,"#ElAlto: Velan los restos del niño Demian, quien fue encontrado sin vida; familiares buscan a la madre del menor y  las investigaciones apuntan al padre biológico como … Ver más"
Mamás Sororas de Bolivia ,https://www.facebook.com/MamasSororasBolivia,2025-06-11,2021-05-07,no,13000,0,2025-05-27,post,https://www.facebook.com/share/p/1AipzA8BRc/,12,2,60,0,0,0,0,0,0,0,"#ElAlto: Velan los restos del niño Demian, quien fue encontrado sin vida; familiares buscan a la madre del menor y  las investigaciones apuntan al padre biológico como … Ver más"
Mamás Sororas de Bolivia ,https://www.facebook.com/MamasSororasBolivia,2025-06-16,2021-05-07,no,13000,0,2025-05-27,post,https://www.facebook.com/share/p/1C7HhhpPFN/,8,1,46,35,2,0,9,0,0,0,"Exigir justicia no debería costar la vida de nuestros hijos ni la nuestra.
Justicia para Demian y Virginia"
Mamás Sororas de Bolivia ,https://www.facebook.com/MamasSororasBolivia,2025-06-16,2021-05-07,no,13000,0,2025-05-28,post,https://www.facebook.com/share/p/1Euenin91f/,17,2,32,27,1,0,3,1,0,0,"JUSTICIA PARA VIRGINIA ARUCUTIPA MAMANI Y DEMIAN!
EXIGIMOS AL MINISTRO DE GOBIERNO, ROBERTO RÍOS, UNA RESPUESTA INMEDIATA"
Mamás Sororas de Bolivia ,https://www.facebook.com/MamasSororasBolivia,2025-06-02,2021-05-07,no,13000,0,2025-05-28,post,https://www.facebook.com/share/p/1BcoSwVPFn/,6,1,16,11,5,0,0,0,0,0,"Este sábado 31 de mayo, nos encontramos en un espacio seguro, sororo y gratuito para hablar claro sobre que necesitamos para iniciar un proceso de Asistencia F… Ver más"
Mamás Sororas de Bolivia ,https://www.facebook.com/MamasSororasBolivia,2025-06-11,2021-05-07,no,13000,0,2025-05-28,post,https://www.facebook.com/share/p/1618CTmx6L/,17,0,32,0,0,0,0,0,0,0,"JUSTICIA PARA VIRGINIA ARUCUTIPA MAMANI Y DEMIAN!
EXIGIMOS AL MINISTRO DE GOBIERNO, ROBERTO RÍOS, UNA RESPUESTA INMEDIATA"
Mamás Sororas de Bolivia ,https://www.facebook.com/MamasSororasBolivia,2025-06-02,2021-05-07,no,13000,0,2025-05-28,post,https://www.facebook.com/share/p/1ARoMfibFR/,17,0,30,27,1,0,1,1,0,0,"JUSTICIA PARA VIRGINIA ARUCUTIPA MAMANI Y DEMIAN!
EXIGIMOS AL MINISTRO DE GOBIERNO, ROBERTO RÍOS, UNA RESPUESTA INMEDIATA"
Mamás Sororas de Bolivia ,https://www.facebook.com/MamasSororasBolivia,2025-06-16,2021-05-07,no,13000,0,2025-05-28,post,https://www.facebook.com/share/p/1MhG5XV5Ar/,6,1,17,12,5,0,0,0,0,0,"Este sábado 31 de mayo, nos encontramos en un espacio seguro, sororo y gratuito para hablar claro sobre que necesitamos para iniciar un proceso de Asistencia F… Ver más"
Mamás Sororas de Bolivia ,https://www.facebook.com/MamasSororasBolivia,2025-06-11,2021-05-07,no,13000,0,2025-05-28,post,https://www.facebook.com/share/p/1HSMzcEyum/,6,1,17,0,0,0,0,0,0,0,"Este sábado 31 de mayo, nos encontramos en un espacio seguro, sororo y gratuito para hablar claro sobre que necesitamos para iniciar un proceso de Asistencia F… Ver más"
Mamás Sororas de Bolivia ,https://www.facebook.com/MamasSororasBolivia,2025-06-11,2021-05-07,no,13000,0,2025-05-30,post,https://www.facebook.com/share/p/1G5V3J1odg/,3,1,14,0,0,0,0,0,0,0,"Este sábado 31 de mayo, nos encontramos en un espacio seguro, sororo y gratuito para hablar claro sobre que necesitamos para iniciar un proceso de Asistencia F… Ver más"
Mamás Sororas de Bolivia ,https://www.facebook.com/MamasSororasBolivia,2025-06-16,2021-05-07,no,13000,0,2025-05-30,post,https://www.facebook.com/share/p/1FdBs9NLTe/,3,1,14,13,1,0,0,0,0,0,"Este sábado 31 de mayo, nos encontramos en un espacio seguro, sororo y gratuito para hablar claro sobre que necesitamos para iniciar un proceso de Asistencia F… Ver más"
Mamás Sororas de Bolivia ,https://www.facebook.com/MamasSororasBolivia,2025-06-02,2021-05-07,no,13000,0,2025-05-30,post,https://www.facebook.com/share/p/1EVftX8GtF/,3,1,14,13,1,0,0,0,0,0,"Este sábado 31 de mayo, nos encontramos en un espacio seguro, sororo y gratuito para hablar claro sobre que necesitamos para iniciar un proceso de Asistencia F… Ver más"
Mamás Sororas de Bolivia ,https://www.facebook.com/MamasSororasBolivia,2025-06-11,2021-05-07,no,13000,0,2025-05-31,post,https://www.facebook.com/share/p/19Z9a6FMus/,7,2,27,0,0,0,0,0,0,0,"La historia de la humanidad ha estado repleta de genocidios, violencia, limpieza étnica y crímenes, pero nunca como hoy habíamos estado todos tan informados al respecto… Ver más"
Mamás Sororas de Bolivia ,https://www.facebook.com/MamasSororasBolivia,2025-06-16,2021-05-07,no,13000,0,2025-05-31,post,https://www.facebook.com/share/p/1EAbm9s5Tw/,0,0,2,2,0,0,0,0,0,0,
Mamás Sororas de Bolivia ,https://www.facebook.com/MamasSororasBolivia,2025-06-02,2021-05-07,no,13000,0,2025-05-31,post,https://www.facebook.com/share/p/1AezqZCF8N/,6,2,25,20,2,0,2,0,0,1,"La historia de la humanidad ha estado repleta de genocidios, violencia, limpieza étnica y crímenes, pero nunca como hoy habíamos estado todos tan informados al respecto… Ver más"
Mamás Sororas de Bolivia ,https://www.facebook.com/MamasSororasBolivia,2025-06-02,2021-05-07,no,13000,0,2025-05-31,post,https://www.facebook.com/share/p/19AmUY8GoE/,0,0,2,2,0,0,0,0,0,0,
Mamás Sororas de Bolivia ,https://www.facebook.com/MamasSororasBolivia,2025-06-16,2021-05-07,no,13000,0,2025-05-31,post,https://www.facebook.com/share/p/1BB3adQmkq/,7,2,27,22,2,0,2,0,0,1,"La historia de la humanidad ha estado repleta de genocidios, violencia, limpieza étnica y crímenes, pero nunca como hoy habíamos estado todos tan informados al respecto… Ver más"
Mamás Sororas de Bolivia ,https://www.facebook.com/MamasSororasBolivia,2025-06-11,2021-05-07,no,13000,0,2025-05-31,post,https://www.facebook.com/share/p/15QvLXq832/,0,0,2,0,0,0,0,0,0,0,
Mamás Sororas de Bolivia ,https://www.facebook.com/MamasSororasBolivia,2025-06-09,2021-05-07,no,13000,0,2025-06-01,post,https://www.facebook.com/share/p/16LpAG76tj/,6,2,26,21,2,0,3,0,0,0,Justicia por Virginia y Demian
Mamás Sororas de Bolivia ,https://www.facebook.com/MamasSororasBolivia,2025-06-11,2021-05-07,no,13000,0,2025-06-01,post,https://www.facebook.com/share/p/1Dx6txSKoF/,6,2,26,0,0,0,0,0,0,0,Justicia por Virginia y Demian
Mamás Sororas de Bolivia ,https://www.facebook.com/MamasSororasBolivia,2025-06-02,2021-05-07,no,13000,0,2025-06-01,post,https://www.facebook.com/share/p/19fMBKh1ck/,6,1,23,18,2,0,3,0,0,0,Justicia por Virginia y Demian
Mamás Sororas de Bolivia ,https://www.facebook.com/MamasSororasBolivia,2025-06-16,2021-05-07,no,13000,0,2025-06-01,post,https://www.facebook.com/share/p/1CB3wp8mEi/,6,2,26,21,2,0,3,0,0,0,Justicia por Virginia y Demian
Mamás Sororas de Bolivia ,https://www.facebook.com/MamasSororasBolivia,2025-06-11,2021-05-07,no,13000,0,2025-06-03,post,https://www.facebook.com/share/p/1CBiZmZ4Ur/,7,0,38,0,0,0,0,0,0,0,"ALERTA 
El día de hoy otra hermana fue víctima de feminicidio 
Ta… Ver más"
Mamás Sororas de Bolivia ,https://www.facebook.com/MamasSororasBolivia,2025-06-11,2021-05-07,no,13000,0,2025-06-03,post,https://www.facebook.com/share/p/14KRnvLo9aP/,5,2,21,0,0,0,0,0,0,0,A las madres se nos exige mucho
Mamás Sororas de Bolivia ,https://www.facebook.com/MamasSororasBolivia,2025-06-11,2021-05-07,no,13000,0,2025-06-03,post,https://www.facebook.com/share/p/1HSSvHZaWT/,5,0,29,0,0,0,0,0,0,0,"Exigimos al gobierno a dar con el cuerpo de Virginia, ninguna mujer y madre que reclame los derechos de sus wawas debe morir"
Mamás Sororas de Bolivia ,https://www.facebook.com/MamasSororasBolivia,2025-06-09,2021-05-07,no,13000,0,2025-06-03,post,https://www.facebook.com/share/p/15f1VRmbBW/,5,0,28,15,0,0,12,0,1,0,"Exigimos al gobierno a dar con el cuerpo de Virginia, ninguna mujer y madre que reclame los derechos de sus wawas debe morir"
Mamás Sororas de Bolivia ,https://www.facebook.com/MamasSororasBolivia,2025-06-09,2021-05-07,no,13000,0,2025-06-03,post,https://www.facebook.com/share/p/1BgSyjqdJC/,5,2,21,19,2,0,0,0,0,0,A las madres se nos exige mucho
Mamás Sororas de Bolivia ,https://www.facebook.com/MamasSororasBolivia,2025-06-09,2021-05-07,no,13000,0,2025-06-03,post,https://www.facebook.com/share/p/19SBa5g31P/,7,0,38,7,0,0,24,2,5,0,"ALERTA 
El día de hoy otra hermana fue víctima de feminicidio 
Ta… Ver más"
Mamás Sororas de Bolivia ,https://www.facebook.com/MamasSororasBolivia,2025-06-09,2021-05-07,no,13000,0,2025-06-03,post,https://www.facebook.com/share/p/19ChF2o5zz/,66,3,88,62,10,0,5,0,0,11,"COMUNICADO OFICIAL
Justicia para las madres víctimas de feminicidio por exigir asistencia familiar… Ver más"
Mamás Sororas de Bolivia ,https://www.facebook.com/MamasSororasBolivia,2025-06-09,2021-05-07,no,13000,0,2025-06-03,post,https://www.facebook.com/share/p/1Dv8b6uJZ3/,29,2,124,90,7,0,27,0,0,0,Justicia para las madres víctimas de feminicidio por exigir asistencia familiar
Mamás Sororas de Bolivia ,https://www.facebook.com/MamasSororasBolivia,2025-06-10,2021-05-07,no,13000,0,2025-06-03,post,https://www.facebook.com/share/p/14DnSX2zRYU/,29,2,124,0,0,0,0,0,0,0,Justicia para las madres víctimas de feminicidio por exigir asistencia familiar
Mamás Sororas de Bolivia ,https://www.facebook.com/MamasSororasBolivia,2025-06-10,2021-05-07,no,13000,0,2025-06-03,post,https://www.facebook.com/share/p/18pNa8Ej5K/,7,0,38,0,0,0,0,0,0,0,"ALERTA 
El día de hoy otra hermana fue víctima de feminicidio 
Ta… Ver más"
Mamás Sororas de Bolivia ,https://www.facebook.com/MamasSororasBolivia,2025-06-10,2021-05-07,no,13000,0,2025-06-03,post,https://www.facebook.com/share/p/16PmVuhu1u/,5,2,21,0,0,0,0,0,0,0,A las madres se nos exige mucho
Mamás Sororas de Bolivia ,https://www.facebook.com/MamasSororasBolivia,2025-06-10,2021-05-07,no,13000,0,2025-06-03,post,https://www.facebook.com/share/p/1JdZfwQWzA/,5,0,28,0,0,0,0,0,0,0,"Exigimos al gobierno a dar con el cuerpo de Virginia, ninguna mujer y madre que reclame los derechos de sus wawas debe morir"
Mamás Sororas de Bolivia ,https://www.facebook.com/MamasSororasBolivia,2025-06-16,2021-05-07,no,13000,0,2025-06-03,post,https://www.facebook.com/share/p/19KAAjqP2m/,29,2,124,90,7,0,27,0,0,0,Justicia para las madres víctimas de feminicidio por exigir asistencia familiar
Mamás Sororas de Bolivia ,https://www.facebook.com/MamasSororasBolivia,2025-06-16,2021-05-07,no,13000,0,2025-06-03,post,https://www.facebook.com/share/p/15mKAMzmAi/,7,0,38,7,0,0,24,2,5,0,"ALERTA 
El día de hoy otra hermana fue víctima de feminicidio 
Ta… Ver más"
Mamás Sororas de Bolivia ,https://www.facebook.com/MamasSororasBolivia,2025-06-16,2021-05-07,no,13000,0,2025-06-03,post,https://www.facebook.com/share/p/15qk5cjJCD/,5,2,21,19,2,0,0,0,0,0,A las madres se nos exige mucho
Mamás Sororas de Bolivia ,https://www.facebook.com/MamasSororasBolivia,2025-06-16,2021-05-07,no,13000,0,2025-06-03,post,https://www.facebook.com/share/p/1B4X4tEqbR/,5,0,29,16,0,0,12,0,1,0,"Exigimos al gobierno a dar con el cuerpo de Virginia, ninguna mujer y madre que reclame los derechos de sus wawas debe morir"
Mamás Sororas de Bolivia ,https://www.facebook.com/MamasSororasBolivia,2025-06-11,2021-05-07,no,13000,0,2025-06-03,post,https://www.facebook.com/share/p/1BDeNfTUJJ/,29,2,124,0,0,0,0,0,0,0,Justicia para las madres víctimas de feminicidio por exigir asistencia familiar
Mamás Sororas de Bolivia ,https://www.facebook.com/MamasSororasBolivia,2025-06-10,2021-05-07,no,13000,0,2025-06-04,post,https://www.facebook.com/share/p/1AtDVa9CjQ/,1,2,18,0,0,0,0,0,0,0," Porque todas tenemos derecho a decidir, a recibir educación sexual integral y a acceder a métodos anticonceptivos.
… Ver más"
Mamás Sororas de Bolivia ,https://www.facebook.com/MamasSororasBolivia,2025-06-10,2021-05-07,no,13000,0,2025-06-04,post,https://www.facebook.com/share/p/1Exu6MJN91/,2,0,14,0,0,0,0,0,0,0,
Mamás Sororas de Bolivia ,https://www.facebook.com/MamasSororasBolivia,2025-06-16,2021-05-07,no,13000,0,2025-06-04,post,https://www.facebook.com/share/p/18zdp6Bawb/,1,2,18,15,3,0,0,0,0,0," Porque todas tenemos derecho a decidir, a recibir educación sexual integral y a acceder a métodos anticonceptivos.
… Ver más"
Mamás Sororas de Bolivia ,https://www.facebook.com/MamasSororasBolivia,2025-06-16,2021-05-07,no,13000,0,2025-06-04,post,https://www.facebook.com/share/p/19FvDPkJeP/,2,0,14,13,1,0,0,0,0,0,
Mamás Sororas de Bolivia ,https://www.facebook.com/MamasSororasBolivia,2025-06-11,2021-05-07,no,13000,0,2025-06-04,post,https://www.facebook.com/share/p/1A75qogRTa/,2,0,14,0,0,0,0,0,0,0,
Mamás Sororas de Bolivia ,https://www.facebook.com/MamasSororasBolivia,2025-06-11,2021-05-07,no,13000,0,2025-06-04,post,https://www.facebook.com/share/p/16mDTXNjGr/,1,2,18,0,0,0,0,0,0,0," Porque todas tenemos derecho a decidir, a recibir educación sexual integral y a acceder a métodos anticonceptivos.
… Ver más"
Mamás Sororas de Bolivia ,https://www.facebook.com/MamasSororasBolivia,2025-06-16,2021-05-07,no,13000,0,2025-06-05,post,https://www.facebook.com/share/p/1GPH2h94Ab/,4,0,22,3,0,1,0,7,11,0,"Anibal Urquieta hoy fue descubierto infraganti acosando a una de sus víctimas, todo esto con el respaldo del senador William Torrez"
Mamás Sororas de Bolivia ,https://www.facebook.com/MamasSororasBolivia,2025-06-16,2021-05-07,no,13000,0,2025-06-05,post,https://www.facebook.com/share/p/163Q1dNxRs/,4,0,5,2,0,0,0,0,3,0,Potencial feminicid4
Mamás Sororas de Bolivia ,https://www.facebook.com/MamasSororasBolivia,2025-06-11,2021-05-07,no,13000,0,2025-06-05,post,https://www.facebook.com/share/p/1YHQVXVdvR/,4,0,22,0,0,0,0,0,0,0,"Anibal Urquieta hoy fue descubierto infraganti acosando a una de sus víctimas, todo esto con el respaldo del senador William Torrez"
Mamás Sororas de Bolivia ,https://www.facebook.com/MamasSororasBolivia,2025-06-11,2021-05-07,no,13000,0,2025-06-05,post,https://www.facebook.com/share/p/1FuwbYWgeD/,4,0,4,0,0,0,0,0,0,0,Potencial feminicid4
Mamás Sororas de Bolivia ,https://www.facebook.com/MamasSororasBolivia,2025-06-10,2021-05-07,no,13000,0,2025-06-05,post,https://www.facebook.com/share/v/1CKB6A9Qak/,1300,43,233,0,0,0,0,0,0,0,"Denunciamos públicamente que ANIBAL URQUIETA  sentenciado por cometer VIOLENCIA FAMILIAR conNTRA SU HIJA, ahora va al trabajo de su segunda víctima a atemorizarla con e… Ver más"
Mamás Sororas de Bolivia ,https://www.facebook.com/MamasSororasBolivia,2025-06-10,2021-05-07,no,13000,0,2025-06-05,post,https://www.facebook.com/share/p/1Aof23riko/,4,0,3,0,0,0,0,0,0,0,Potencial feminicid4
Mamás Sororas de Bolivia ,https://www.facebook.com/MamasSororasBolivia,2025-06-11,2021-05-07,no,13000,0,2025-06-05,post,https://www.facebook.com/share/p/19dHbhaUys/,1,1,13,0,0,0,0,0,0,0,
Mamás Sororas de Bolivia ,https://www.facebook.com/MamasSororasBolivia,2025-06-11,2021-05-07,no,13000,0,2025-06-05,post,https://www.facebook.com/share/v/16VVEwJL4E/,1300,43,238,0,0,0,0,0,0,0,"Denunciamos públicamente que ANIBAL URQUIETA  sentenciado por cometer VIOLENCIA FAMILIAR conNTRA SU HIJA, ahora va al trabajo de su segunda víctima a atemorizarla con e… Ver más"
Mamás Sororas de Bolivia ,https://www.facebook.com/MamasSororasBolivia,2025-06-16,2021-05-07,no,13000,0,2025-06-05,post,https://www.facebook.com/share/p/1F24UUZ3Y8/,1,1,13,13,0,0,0,0,0,0,
Mamás Sororas de Bolivia ,https://www.facebook.com/MamasSororasBolivia,2025-06-16,2021-05-07,no,13000,0,2025-06-05,post,https://www.facebook.com/share/v/1EbdgdNZbB/,1300,43,239,150,2,3,1,12,71,0,"Denunciamos públicamente que ANIBAL URQUIETA  sentenciado por cometer VIOLENCIA FAMILIAR conNTRA SU HIJA, ahora va al trabajo de su segunda víctima a atemorizarla con e… Ver más"
Mamás Sororas de Bolivia ,https://www.facebook.com/MamasSororasBolivia,2025-06-09,2021-05-07,no,13000,0,2025-06-05,post,https://www.facebook.com/share/v/19RvaQqvqs/,1300,43,231,144,2,3,1,12,69,0,"Denunciamos públicamente que ANIBAL URQUIETA  sentenciado por cometer VIOLENCIA FAMILIAR conNTRA SU HIJA, ahora va al trabajo de su segunda víctima a atemorizarla con e… Ver más"
Mamás Sororas de Bolivia ,https://www.facebook.com/MamasSororasBolivia,2025-06-09,2021-05-07,no,13000,0,2025-06-05,post,https://www.facebook.com/share/p/1Acjdj4RG7/,1,1,11,11,0,0,0,0,0,0,
Mamás Sororas de Bolivia ,https://www.facebook.com/MamasSororasBolivia,2025-06-10,2021-05-07,no,13000,0,2025-06-05,post,https://www.facebook.com/share/p/15Rm35DbWA/,1,1,11,0,0,0,0,0,0,0,
Mamás Sororas de Bolivia ,https://www.facebook.com/MamasSororasBolivia,2025-06-10,2021-05-07,no,13000,0,2025-06-05,post,https://www.facebook.com/share/p/15noWb6VLV/,4,0,21,0,0,0,0,0,0,0,"Anibal Urquieta hoy fue descubierto infraganti acosando a una de sus víctimas, todo esto con el respaldo del senador William Torrez"
Mamás Sororas de Bolivia ,https://www.facebook.com/MamasSororasBolivia,2025-06-09,2021-05-07,no,13000,0,2025-06-05,post,https://www.facebook.com/share/p/15ZNsM72Fx/,4,0,3,1,0,0,0,0,2,0,Potencial feminicid4
Mamás Sororas de Bolivia ,https://www.facebook.com/MamasSororasBolivia,2025-06-09,2021-05-07,no,13000,0,2025-06-05,post,https://www.facebook.com/share/p/1AeZLYmfHt/,4,0,21,3,0,1,0,7,10,0,"Anibal Urquieta hoy fue descubierto infraganti acosando a una de sus víctimas, todo esto con el respaldo del senador William Torrez"
Mamás Sororas de Bolivia ,https://www.facebook.com/MamasSororasBolivia,2025-06-11,2021-05-07,no,13000,0,2025-06-06,post,https://www.facebook.com/share/p/1E9cBzPzkE/,15,2,10,0,0,0,0,0,0,0,"Alerta
 ANIBAL URQUIETA, en complicidad de sus amigos senadores y embajador de Bolivia en Venezuela busca eludir la justicia.
Anib… Ver más"
Mamás Sororas de Bolivia ,https://www.facebook.com/MamasSororasBolivia,2025-06-16,2021-05-07,no,13000,0,2025-06-06,post,https://www.facebook.com/share/p/18nQryQXdw/,15,2,10,9,0,0,0,0,1,0,"Alerta
 ANIBAL URQUIETA, en complicidad de sus amigos senadores y embajador de Bolivia en Venezuela busca eludir la justicia.
Anib… Ver más"
Mamás Sororas de Bolivia ,https://www.facebook.com/MamasSororasBolivia,2025-06-09,2021-05-07,no,13000,0,2025-06-06,post,https://www.facebook.com/share/p/1CAiRZ51vL/,15,2,10,9,0,0,0,0,1,0,"Alerta
 ANIBAL URQUIETA, en complicidad de sus amigos senadores y embajador de Bolivia en Venezuela busca eludir la justicia.
Anib… Ver más"
Mamás Sororas de Bolivia ,https://www.facebook.com/MamasSororasBolivia,2025-06-10,2021-05-07,no,13000,0,2025-06-06,post,https://www.facebook.com/share/p/15BFBs2Lajx/,15,2,10,0,0,0,0,0,0,0,"Alerta
 ANIBAL URQUIETA, en complicidad de sus amigos senadores y embajador de Bolivia en Venezuela busca eludir la justicia.
Anib… Ver más"
Mamás Sororas de Bolivia ,https://www.facebook.com/MamasSororasBolivia,2025-06-10,2021-05-07,no,13000,0,2025-06-09,post,https://www.facebook.com/share/p/16ZMmULfUV/,7,1,12,0,0,0,0,0,0,0,"Anibal Urquieta a través del Senador William Torrez Tordoya, no sólo está haciendo uso indebido de influencias por la condición de Senador, sino que William Torrez tamb… Ver más"
Mamás Sororas de Bolivia ,https://www.facebook.com/MamasSororasBolivia,2025-06-09,2021-05-07,no,13000,0,2025-06-09,post,https://www.facebook.com/share/p/1HTC1Q87xr/,3,0,7,6,0,0,0,0,0,1," Porque todas tenemos derecho a decidir, a recibir educación sexual integral y a acceder a métodos anticonceptivos.
… Ver más"
Mamás Sororas de Bolivia ,https://www.facebook.com/MamasSororasBolivia,2025-06-09,2021-05-07,no,13000,0,2025-06-09,post,https://www.facebook.com/share/p/1LHPE6cwpo/,7,1,10,5,0,1,0,0,4,0,"Anibal Urquieta a través del Senador William Torrez Tordoya, no sólo está haciendo uso indebido de influencias por la condición de Senador, sino que William Torrez tamb… Ver más"
Mamás Sororas de Bolivia ,https://www.facebook.com/MamasSororasBolivia,2025-06-11,2021-05-07,no,13000,0,2025-06-09,post,https://www.facebook.com/share/p/1ChgDYsMwX/,3,0,11,0,0,0,0,0,0,0," Porque todas tenemos derecho a decidir, a recibir educación sexual integral y a acceder a métodos anticonceptivos.
… Ver más"
Mamás Sororas de Bolivia ,https://www.facebook.com/MamasSororasBolivia,2025-06-11,2021-05-07,no,13000,0,2025-06-09,post,https://www.facebook.com/share/p/1G3GeXDDr8/,8,1,18,0,0,0,0,0,0,0,"Anibal Urquieta a través del Senador William Torrez Tordoya, no sólo está haciendo uso indebido de influencias por la condición de Senador, sino que William Torrez tamb… Ver más"
Mamás Sororas de Bolivia ,https://www.facebook.com/MamasSororasBolivia,2025-06-16,2021-05-07,no,13000,0,2025-06-09,post,2025-06-09,1,0,4,4,0,0,0,0,0,0,
Mamás Sororas de Bolivia ,https://www.facebook.com/MamasSororasBolivia,2025-06-16,2021-05-07,no,13000,0,2025-06-09,post,https://www.facebook.com/share/p/1CDNsRuKVF/,4,0,14,13,0,0,0,0,0,1," Porque todas tenemos derecho a decidir, a recibir educación sexual integral y a acceder a métodos anticonceptivos.
… Ver más"
Mamás Sororas de Bolivia ,https://www.facebook.com/MamasSororasBolivia,2025-06-16,2021-05-07,no,13000,0,2025-06-09,post,https://www.facebook.com/share/p/1721nLHW7b/,9,1,19,8,0,1,0,2,8,0,"Anibal Urquieta a través del Senador William Torrez Tordoya, no sólo está haciendo uso indebido de influencias por la condición de Senador, sino que William Torrez tamb… Ver más"
Mamás Sororas de Bolivia ,https://www.facebook.com/MamasSororasBolivia,2025-06-10,2021-05-07,no,13000,0,2025-06-09,post,https://www.facebook.com/share/p/1E1uJ72i1y/,3,0,7,0,0,0,0,0,0,0," Porque todas tenemos derecho a decidir, a recibir educación sexual integral y a acceder a métodos anticonceptivos.
… Ver más"
Mamás Sororas de Bolivia ,https://www.facebook.com/MamasSororasBolivia,2025-06-16,2021-05-07,no,13000,0,2025-06-10,post,https://www.facebook.com/share/p/16RPg77E6v/,12,0,42,33,9,0,0,0,0,0,
Mamás Sororas de Bolivia ,https://www.facebook.com/MamasSororasBolivia,2025-06-11,2021-05-07,no,13000,0,2025-06-10,post,https://www.facebook.com/share/p/16cKJvBB12/,10,0,40,0,0,0,0,0,0,0,
Mamás Sororas de Bolivia ,https://www.facebook.com/MamasSororasBolivia,2025-06-16,2021-05-07,no,13000,0,2025-06-15,post,https://www.facebook.com/share/p/1A3fqbBWWK/,0,0,1,0,1,0,0,0,0,0,
Mamás Sororas de Bolivia ,https://www.facebook.com/MamasSororasBolivia,2025-06-16,2021-05-07,no,13000,0,2025-06-15,post,https://www.facebook.com/share/p/1Agx6oXjc6/,0,0,4,3,0,0,1,0,0,0,"Virginia Arucutipa Mamani, NO TE OLVIDAMOS y exigimos al Gobierno intensificar la búsqueda de tu cuerpo."
Mamás Sororas de Bolivia ,https://www.facebook.com/MamasSororasBolivia,2025-06-16,2021-05-07,no,13000,0,2025-06-15,post,https://www.facebook.com/share/p/15eCiFNNJN/,0,1,3,3,0,0,0,0,0,0,"Ivan Cordova / Presidente del TSJ - LP
DEFENSOR DE POTENCIALES FEMINICID4S."
Mamás Sororas de Bolivia ,https://www.facebook.com/MamasSororasBolivia,2025-06-16,2021-05-07,no,13000,0,2025-06-15,post,https://www.facebook.com/share/p/1EMvwRSPQ6/,2,5,18,16,0,0,0,0,0,2,
Mamás Sororas de Bolivia ,https://www.facebook.com/MamasSororasBolivia,2025-06-24,2021-05-07,no,13000,0,2025-06-18,post,https://www.facebook.com/share/p/19jrfD7jTa/,2,0,6,6,0,0,0,0,0,0,
Mamás Sororas de Bolivia ,https://www.facebook.com/MamasSororasBolivia,2025-06-24,2021-05-07,no,13000,0,2025-06-18,post,https://www.facebook.com/share/p/1CAkR9jwBw/,5,2,50,47,1,1,1,0,0,0,
Mamás Sororas de Bolivia ,https://www.facebook.com/MamasSororasBolivia,2025-06-24,2021-05-07,no,13000,0,2025-06-18,post,https://www.facebook.com/share/p/1Dt7VWy1fv/,2,0,1,0,0,0,0,1,0,0,
Mamás Sororas de Bolivia ,https://www.facebook.com/MamasSororasBolivia,2025-06-24,2021-05-07,no,13000,0,2025-06-20,post,https://www.facebook.com/share/p/1GLgwXyGsB/,38,11,90,56,0,0,1,11,22,0,Ivan Cordova el Presidente del Tribunal de Justicia fue quien dio arrestó domiciliario a Sergio Alejandro Gutierrez Castellón quien atento contra mi vida junto a sus pa… Ver más
Mamás Sororas de Bolivia ,https://www.facebook.com/MamasSororasBolivia,2025-06-24,2021-05-07,no,13000,0,2025-06-20,post,https://www.facebook.com/share/p/1EBt9Mhy2N/,11,4,30,18,0,1,1,1,9,0,"Yvan Cordova, benefició a su amigo Aníbal Urquieta en varios procesos de violenci4 familiar, ellos son amigos desde la universidad.
Pese a tener víctimas múltiples, de … Ver más"
Mamás Sororas de Bolivia ,https://www.facebook.com/MamasSororasBolivia,2025-07-01,2021-05-07,no,13000,0,2025-07-01,post,https://www.facebook.com/share/p/1Gv12mqHxc/,0,0,5,5,0,0,0,0,0,0,
Mamás Sororas de Bolivia ,https://www.facebook.com/MamasSororasBolivia,2025-07-08,2021-05-07,no,13000,0,2025-07-01,post,https://www.facebook.com/share/p/1Hb1hmbPwM/,0,0,6,6,0,0,0,0,0,0,
Mamás Sororas de Bolivia ,https://www.facebook.com/MamasSororasBolivia,2025-07-08,2021-05-07,no,13000,0,2025-07-02,post,https://www.facebook.com/share/p/1AjR49SD7X/,0,0,0,0,0,0,0,0,0,0,
Mamás Sororas de Bolivia ,https://www.facebook.com/MamasSororasBolivia,2025-07-08,2021-05-07,no,13000,0,2025-07-02,post,https://www.facebook.com/share/p/1BpX5zjsYM/,2,0,4,4,0,0,0,0,0,0,
Mamás Sororas de Bolivia ,https://www.facebook.com/MamasSororasBolivia,2025-07-08,2021-05-07,no,13000,0,2025-07-03,post,https://www.facebook.com/share/p/16CuYiVox5/,0,0,2,1,1,0,0,0,0,0,EN Santa Cruz 
Mamás Sororas de Bolivia ,https://www.facebook.com/MamasSororasBolivia,2025-07-08,2021-05-07,no,13000,0,2025-07-03,post,https://www.facebook.com/share/p/1Q93HqCbms/,1,0,2,2,0,0,0,0,0,0,
Mamás Sororas de Bolivia ,https://www.facebook.com/MamasSororasBolivia,2025-07-08,2021-05-07,no,13000,0,2025-07-05,post,https://www.facebook.com/share/p/1GbQWzyNea/,0,0,3,2,1,0,0,0,0,0,
Mamás Sororas de Bolivia ,https://www.facebook.com/MamasSororasBolivia,2025-07-08,2021-05-07,no,13000,0,2025-07-06,post,https://www.facebook.com/share/p/1QzmFi2rJr/,4,0,3,3,0,0,0,0,0,0," Decidir sobre nuestro cuerpo es un derecho, no un privilegio. 
… Ver más"
Mamás Sororas de Bolivia ,https://www.facebook.com/MamasSororasBolivia,2025-07-15,2021-05-07,no,13000,0,2025-07-09,post,https://www.facebook.com/share/p/16zKJgdLYw/,5,1,16,6,2,0,6,1,1,0,"Justicia para Gabriela y sus wawitas, basta de policías violentos 
Policía Boliviana Roberto Ignacio Ríos Sanjinés"
Mamás Sororas de Bolivia ,https://www.facebook.com/MamasSororasBolivia,2025-07-15,2021-05-07,no,13000,0,2025-07-10,post,https://www.facebook.com/share/p/15bFCaf4H2/,2,1,7,6,1,0,0,0,0,0," ¡Cuando las redes se tejen con amor, cuidado y conciencia, el cambio es imparable!… Ver más"
Mamás Sororas de Bolivia ,https://www.facebook.com/MamasSororasBolivia,2025-07-15,2021-05-07,no,13000,0,2025-07-11,post,https://www.facebook.com/share/p/16sf4Mhuw2/,4,0,31,21,8,0,1,1,0,0,Cuenta pendiente con las madres y cuidadoras
Mamás Sororas de Bolivia ,https://www.facebook.com/MamasSororasBolivia,2025-07-15,2021-05-07,no,13000,0,2025-07-14,post,https://www.facebook.com/share/p/1ABNo76Dra/,0,1,3,3,0,0,0,0,0,0," ¿Sabes qué vamos a elegir en las Elecciones Nacionales 2025?
Este 2025, no solo marcamos una papeleta… ¡decidimos el rumbo del país!
… Ver más"
Mamás Sororas de Bolivia ,https://www.facebook.com/MamasSororasBolivia,2025-07-15,2021-05-07,no,13000,0,2025-07-14,post,https://www.facebook.com/share/p/18y88rR27K/,4,0,43,30,13,0,0,0,0,0,
Mamás Sororas de Bolivia ,https://www.facebook.com/MamasSororasBolivia,2025-07-22,2021-05-07,no,13000,0,2025-07-14,post,https://www.facebook.com/share/p/1CCRHto1XU/,0,1,4,1,3,0,0,0,0,0,"Si yo fuera presidente… ¿Qué cambiaría?
¿Alguna vez te imaginaste tomando decisiones por el país?… Ver más"
Mamás Sororas de Bolivia ,https://www.facebook.com/MamasSororasBolivia,2025-07-22,2021-05-07,no,13000,0,2025-07-14,post,https://www.facebook.com/share/p/16CrLGVFuh/,0,1,3,3,0,0,0,0,0,0," ¿Sabes qué vamos a elegir en las Elecciones Nacionales 2025?
Este 2025, no solo marcamos una papeleta… ¡decidimos el rumbo del país!
… Ver más"
Mamás Sororas de Bolivia ,https://www.facebook.com/MamasSororasBolivia,2025-07-15,2021-05-07,no,13000,0,2025-07-14,post,https://www.facebook.com/share/p/19B6hYKijA/,0,1,3,1,2,0,0,0,0,0,"Si yo fuera presidente… ¿Qué cambiaría?
¿Alguna vez te imaginaste tomando decisiones por el país?… Ver más"
Mamás Sororas de Bolivia ,https://www.facebook.com/MamasSororasBolivia,2025-07-22,2021-05-07,no,13000,0,2025-07-15,post,https://www.facebook.com/share/p/1D2uUxXxv8/,6,0,22,14,8,0,0,0,0,0,
Mamás Sororas de Bolivia ,https://www.facebook.com/MamasSororasBolivia,2025-07-22,2021-05-07,no,13000,0,2025-07-15,post,https://www.facebook.com/share/p/1Hqfeo7EYB/,70,49,396,203,56,6,97,2,0,32,"La depresión postparto es real. Duele, paraliza, nubla la mente y rompe el alma. Y aunque el amor por un hijo es profundo, a veces el dolor lo es aún más. No fuiste… Ver más"
Mamás Sororas de Bolivia ,https://www.facebook.com/MamasSororasBolivia,2025-07-22,2021-05-07,no,13000,0,2025-07-15,post,https://www.facebook.com/share/p/16RNoJg8fc/,5,1,17,13,4,0,0,0,0,0,
Mamás Sororas de Bolivia ,https://www.facebook.com/MamasSororasBolivia,2025-07-22,2021-05-07,no,13000,0,2025-07-15,post,https://www.facebook.com/share/p/1E2ATXgwyJ/,27,8,125,103,21,1,0,0,0,0,"En estas elecciones… si el kks no paga ni aparece, el SERECI sí sabe dónde vota. ¡Hermanas, mandamiento de Apremio en mano y listo!"
Mamás Sororas de Bolivia ,https://www.facebook.com/MamasSororasBolivia,2025-07-22,2021-05-07,no,13000,0,2025-07-15,post,https://www.facebook.com/share/p/1AcyGRckAj/,32,8,76,68,7,1,0,0,0,0,"Se llama maternidad forzada, pobreza feminizada, trabajo no remunerado. No “madre soltera”.
REVISE su lenguaje: no estamos solas por elección, estamos sobrecargadas po… Ver más"
Mamás Sororas de Bolivia ,https://www.facebook.com/MamasSororasBolivia,2025-07-22,2021-05-07,no,13000,0,2025-07-16,post,https://www.facebook.com/share/p/1Es6KVNpPr/,0,0,6,4,2,0,0,0,0,0,
Mamás Sororas de Bolivia ,https://www.facebook.com/MamasSororasBolivia,2025-07-22,2021-05-07,no,13000,0,2025-07-16,post,https://www.facebook.com/share/p/1HnmLPjS6j/,0,0,2,2,0,0,0,0,0,0,Importante
Mamás Sororas de Bolivia ,https://www.facebook.com/MamasSororasBolivia,2025-07-22,2021-05-07,no,13000,0,2025-07-16,post,https://www.facebook.com/share/p/1BfgPnycv2/,0,4,2,2,0,0,0,0,0,0,¿Qué esperamos las madres del próximo gobierno? 
Mamás Sororas de Bolivia ,https://www.facebook.com/MamasSororasBolivia,2025-07-22,2021-05-07,no,13000,0,2025-07-16,post,https://www.facebook.com/share/p/1YeWjih6f5/,0,0,1,1,0,0,0,0,0,0," ¿Sabías que votar en Bolivia es obligatorio?
Sí, así como lo lees. En Bolivia, el voto es un deber ciudadano establecido por la Constitución. 
 … Ver más"
Mamás Sororas de Bolivia ,https://www.facebook.com/MamasSororasBolivia,2025-07-22,2021-05-07,no,13000,0,2025-07-16,post,https://www.facebook.com/share/p/16eAoXfqBy/,0,0,4,4,0,0,0,0,0,0,
Mamás Sororas de Bolivia ,https://www.facebook.com/MamasSororasBolivia,2025-07-22,2021-05-07,no,13000,0,2025-07-16,post,https://www.facebook.com/share/p/1Ap9jY3xai/,0,0,10,6,2,2,0,0,0,0,"Cuando critican la página o su contenido
Au… Ver más"
Mamás Sororas de Bolivia ,https://www.facebook.com/MamasSororasBolivia,2025-07-22,2021-05-07,no,13000,0,2025-07-16,post,https://www.facebook.com/share/p/19vLCdwSyo/,1,0,1,0,1,0,0,0,0,0,
Mamás Sororas de Bolivia ,https://www.facebook.com/MamasSororasBolivia,2025-07-22,2021-05-07,no,13000,0,2025-07-17,post,https://www.facebook.com/share/p/1SKK4Rxd2X/,0,0,2,2,0,0,0,0,0,0,
Mamás Sororas de Bolivia ,https://www.facebook.com/MamasSororasBolivia,2025-07-22,2021-05-07,no,13000,0,2025-07-18,post,https://www.facebook.com/share/p/1BzUaNKWkL/,2,0,6,5,0,0,1,0,0,0,
Mamás Sororas de Bolivia ,https://www.facebook.com/MamasSororasBolivia,2025-07-22,2021-05-07,no,13000,0,2025-07-18,post,https://www.facebook.com/share/p/1FVZTaetn2/,1,1,18,18,0,0,0,0,0,0,"Ausentes en la crianza, presentes en las papeletas. ¿Y nosotras?"
Mamás Sororas de Bolivia ,https://www.facebook.com/MamasSororasBolivia,2025-07-22,2021-05-07,no,13000,0,2025-07-18,post,https://www.facebook.com/share/p/15mqmJUjDE/,1,0,6,0,0,0,3,1,2,0,Qué horror
Mamás Sororas de Bolivia ,https://www.facebook.com/MamasSororasBolivia,2025-07-22,2021-05-07,no,13000,0,2025-07-19,post,https://www.facebook.com/share/p/1F9X6A7YH4/,2,1,19,17,2,0,0,0,0,0,Háganse la vasectomía
Mamás Sororas de Bolivia ,https://www.facebook.com/MamasSororasBolivia,2025-07-22,2021-05-07,no,13000,0,2025-07-19,post,https://www.facebook.com/share/p/16xVCcoPTG/,0,0,7,2,0,5,0,0,0,0,Jajajaja
Mamás Sororas de Bolivia ,https://www.facebook.com/MamasSororasBolivia,2025-07-22,2021-05-07,no,13000,0,2025-07-19,post,https://www.facebook.com/share/p/16ZixzAffo/,4,0,0,0,0,0,0,0,0,0,Santa Cruz… Ver más
Mamás Sororas de Bolivia ,https://www.facebook.com/MamasSororasBolivia,2025-07-22,2021-05-07,no,13000,0,2025-07-20,post,https://www.facebook.com/share/p/1AmBcutnMU/,5,2,64,63,0,1,0,0,0,0,Exigen derogar la Ley 348 pero jamás un registro público de deudores de asistencia familiar.
Mamás Sororas de Bolivia ,https://www.facebook.com/MamasSororasBolivia,2025-07-22,2021-05-07,no,13000,0,2025-07-20,post,https://www.facebook.com/share/p/16dvgj8o9c/,2,4,36,15,6,13,0,0,0,2,Jajajaja
Mamás Sororas de Bolivia ,https://www.facebook.com/MamasSororasBolivia,2025-07-22,2021-05-07,no,13000,0,2025-07-21,post,https://www.facebook.com/share/p/1DEfsENcgs/,6,0,40,27,0,1,0,0,12,0,"“Solo puedo dar el mínimo de Asistencia Familiar”,
exclamó el fraterno, compadre de media fraternidad…"
Mamás Sororas de Bolivia ,https://www.facebook.com/MamasSororasBolivia,2025-07-22,2021-05-07,no,13000,0,2025-07-21,post,https://www.facebook.com/share/p/1C85CLgNTi/,13,5,97,84,10,1,0,2,0,0,"Una cuna en una oficina estatal no es un símbolo de avance, es un reflejo de abandono institucional.
No … Ver más"
Mamás Sororas de Bolivia ,https://www.facebook.com/MamasSororasBolivia,2025-07-22,2021-05-07,no,13000,0,2025-07-22,post,https://www.facebook.com/share/p/1YgmRVJWDa/,0,0,11,11,0,0,0,0,0,0,"Creo que Mariana Prado no resta tantos Votos para Andronico como TENER A ESTOS DESASTRES DE HOMBRES en su equipo de campaña, WILLIAM TORRES (encubridor de violentos pot… Ver más"
Mamás Sororas de Bolivia ,https://www.facebook.com/MamasSororasBolivia,2025-07-22,2021-05-07,no,13000,0,2025-07-22,post,https://www.facebook.com/share/p/14EXX9FT8wL/,0,0,1,1,0,0,0,0,0,0,
Mamás Sororas de Bolivia ,https://www.facebook.com/MamasSororasBolivia,2025-07-22,2021-05-07,no,13000,0,2025-07-22,post,https://www.facebook.com/share/p/19FfWRPxxB/,0,0,4,0,0,0,0,0,0,0,
Mamás Sororas de Bolivia ,https://www.facebook.com/MamasSororasBolivia,2025-07-22,2021-05-07,no,13000,0,2025-07-22,post,https://www.facebook.com/share/p/1Ek1wUzexZ/,0,0,0,0,0,0,0,0,0,0,
