nombre perfil,url perfil,candidato identificado,creación del perfil,seguidores,seguidos,fecha post,tipo de post,url post,comparticiones,comentarios,reacciones en total,me gusta,me encanta,me divierte,me entristece,me sorprende,me enoja,me importa,contenido
YAMILA NUR REYES ORTEGA,https://www.facebook.com/profile.php?id=61572021665143,no,2025-01-17,112,0,2025-06-24,post,https://www.facebook.com/share/p/16bdfUfG1H/,0,1,10,6,4,0,0,0,0,0,Bendecida por tener la oportunidad de compartir un café y abrazos llenos de ternura con los abuelitos de la Asociación Adulto Mayor Turere. Cada sonrisa suya es un rega… Ver más
YAMILA NUR REYES ORTEGA,https://www.facebook.com/profile.php?id=61572021665143,no,2025-01-17,112,0,2025-06-26,post,https://www.facebook.com/share/v/1CAF46hHNx/,4,3,15,12,3,0,0,0,0,0,"Apoyamos al cub de madres del Barrio El Recreo que, con sus manos, construyen un mejor futuro para sus familias, aprendiendo a emprender desde la cocina… 
… Ver más"
YAMILA NUR REYES ORTEGA,https://www.facebook.com/profile.php?id=61572021665143,no,2025-01-17,112,0,2025-06-26,post,2025-06-26,1,24,105,58,42,1,0,0,0,4,
YAMILA NUR REYES ORTEGA,https://www.facebook.com/profile.php?id=61572021665143,no,2025-01-17,112,0,2025-06-30,post,https://www.facebook.com/share/v/1EuEvx7Dhu/,1,0,6,5,1,0,0,0,0,0,"¡Se siente, se siente, Samuel Presidente!
La casa de campaña se prende porque ya vamos primeros en las encuestas 
… Ver más"
