nombre perfil,url perfil,snapshot_date,creación del perfil,candidato identificado,seguidores,seguidos,fecha post,tipo de post,url post,comparticiones,comentarios,reacciones en total,me gusta,me encanta,me divierte,me entristece,me sorprende,me enoja,me importa,contenido
YOVANA TERRAZAS POLANCO,https://www.facebook.com/yovana.terrazaspolanco,2025-07-22,,no,0,0,2025-07-14,post,https://www.facebook.com/share/p/19BDdMXTXM/,5,1,10,8,2,0,0,0,0,0,
YOVANA TERRAZAS POLANCO,https://www.facebook.com/yovana.terrazaspolanco,2025-07-22,,no,0,0,2025-07-18,reel,/reel/1764406781622057/?s=single_unit&__cft__[0]=AZWVNMf21xU3QPnBMx_C6NgKVOVElpjotjrp13EcwDXM_6sC06_eFi7doI_uqUwtzRflvD5cxwlul9gkYP_BdWqTwy9J9v6D8Ekb7sX-DmsTl_umK39b7xTjzVy_RDnAc0FNS4tHaHCsMKYqDaL9XhvogyABwIlr_ZimkUyNL0mmxvppn4emadlJ-wjWVcvV0zo&__tn__=H-R,0,0,0,0,0,0,0,0,0,0,
YOVANA TERRAZAS POLANCO,https://www.facebook.com/yovana.terrazaspolanco,2025-07-22,,no,0,0,2025-07-18,post,https://www.facebook.com/share/p/1YJqVBKAAo/,10,10,24,19,3,0,0,1,0,1,
YOVANA TERRAZAS POLANCO,https://www.facebook.com/yovana.terrazaspolanco,2025-07-22,,no,0,0,2025-07-19,post,https://www.facebook.com/share/p/1AwVBG3e23/,15,7,24,20,4,0,0,0,0,0,"EQUIPO...!! 
POR UN CAMBIO RADICAL...!!
ESTE 17 DE AGOSTO VOTA POR:
TUTO PRESIDENTE... 
YOVANA… Ver más"
YOVANA TERRAZAS POLANCO,https://www.facebook.com/yovana.terrazaspolanco,2025-07-22,,no,0,0,2025-07-19,post,2025-07-19,5,42,95,75,18,1,0,0,0,1,  Barrio 15 de Mayo… Ver más
YOVANA TERRAZAS POLANCO,https://www.facebook.com/yovana.terrazaspolanco,2025-07-22,,no,0,0,2025-07-19,post,https://www.facebook.com/share/p/1AyyuUTszs/,12,7,16,14,2,0,0,0,0,0," 
GRACIAS...!! 
SEGUIMOS TRABAJANDO E INTEGRANDO .... 
PARA UN CAMBIO RADICAL....!! 
CONTAMOS CON TU APOYO, ESTE 17 DE AGOSTO VOTA POR:
TUTO PRE… Ver más"
YOVANA TERRAZAS POLANCO,https://www.facebook.com/yovana.terrazaspolanco,2025-07-22,,no,0,0,2025-07-21,post,https://www.facebook.com/share/p/19NoXndc9L/,15,10,24,20,4,0,0,0,0,0,"SALVEMOS BOLIVIA...!! 
TUTO PRESIDENTE... 
YOVANA DIPUTADA..!! 
SE VIENE EL CAMBIO RADICAL PARA LOS BOLIVIANOS "
YOVANA TERRAZAS POLANCO,https://www.facebook.com/yovana.terrazaspolanco,2025-07-22,,no,0,0,2025-07-21,post,https://www.facebook.com/share/p/169hfJuUs6/,2,3,8,5,3,0,0,0,0,0,"RESPALDADOS Y FORTALECIDOS COMO CANDIDATOS ..
TUTO PRESIDENTE... 
YOVANA DIPUTADA.. 
ESTE 17 DE AGOSTO COMIENZA EL CAMBIO RADICAL PARA BOLIVIA 
 ...!! "
YOVANA TERRAZAS POLANCO,https://www.facebook.com/yovana.terrazaspolanco,2025-07-29,,no,0,0,2025-07-21,post,https://www.facebook.com/share/p/1AoN2dWXrd/,2,3,15,11,4,0,0,0,0,0,"RESPALDADOS Y FORTALECIDOS COMO CANDIDATOS ..
TUTO PRESIDENTE... 
YOVANA DIPUTADA.. 
ESTE 17 DE AGOSTO COMIENZA EL CAMBIO RADICAL PARA BOLIVIA 
 ...!! "
YOVANA TERRAZAS POLANCO,https://www.facebook.com/yovana.terrazaspolanco,2025-07-29,,no,0,0,2025-07-21,post,https://www.facebook.com/share/p/16gXFvpK9T/,24,13,45,35,9,0,0,0,0,1,"SALVEMOS BOLIVIA...!! 
TUTO PRESIDENTE... 
YOVANA DIPUTADA..!! 
SE VIENE EL CAMBIO RADICAL PARA LOS BOLIVIANOS "
YOVANA TERRAZAS POLANCO,https://www.facebook.com/yovana.terrazaspolanco,2025-07-29,,no,0,0,2025-07-25,post,https://www.facebook.com/share/p/16sQo3nuGE/,26,6,21,18,2,1,0,0,0,0,"POR QUE BOLIVIA ESTÁ CONCIENTE...!!
LA CIRCUNSCRIPCIÓN 42 QUIERE EL VERDADERO CAMBIO!! .. 
ESTE  17 DE AGOSTO VOTARÁ ASI 
EL CAMBIO RADICAL SOLO CON:
 TUTO … Ver más"
YOVANA TERRAZAS POLANCO,https://www.facebook.com/yovana.terrazaspolanco,2025-07-29,,no,0,0,2025-07-27,post,https://www.facebook.com/share/p/196f8SYpUB/,14,10,25,22,3,0,0,0,0,0,"Los Bolivianos 
 van a votar por la libertad y el progreso de nuestro País, ya basta de gobiernos qué llevaron a la crisis que actualmente vivimos todos...!!
Por mejores días y por un Cambio Radical contamos con tu voto este 17 de Agosto...!! 
TUTO PRESIDENTE   
YOVANA DIPUTADA  C42"
YOVANA TERRAZAS POLANCO,https://www.facebook.com/yovana.terrazaspolanco,2025-08-06,,no,0,0,2025-08-01,post,https://www.facebook.com/share/p/178zXxDZJB/,6,13,50,0,0,0,0,0,0,0,"Seguimos caminando haciendo conocer las propuestas  como candidata por la C 42 y pidiendo a la gente el apoyo para que este 17 de Agosto no se equivoquen con el voto para tener mejores días para nuestro País y nuestra Circunscripción..
Solo será posible con:
 TUTO PRESIDENTE 
 YOVANA DIPUTADA "
YOVANA TERRAZAS POLANCO,https://www.facebook.com/yovana.terrazaspolanco,2025-08-06,,no,0,0,2025-08-01,post,https://www.facebook.com/share/p/16Nty3Yg7s/,19,10,38,0,0,0,0,0,0,0,"Foro debate juvenil...!! 
Por que la juventud es el presente y el futuro de nuestro País...
Estuve presente como candidata por la C42, escuchando sus inquietudes y respondiendo por que los jóvenes alzan su voz para ser parte del Cambio Radical...!!
Quieren una Bolivia libre y mejor ...!!
Gracias a las organizaciones juveniles...!!
Con… Ver más"
YOVANA TERRAZAS POLANCO,https://www.facebook.com/yovana.terrazaspolanco,2025-08-06,,no,0,0,2025-08-02,post,https://www.facebook.com/share/v/16bUZnveiH/,4,10,45,0,0,0,0,0,0,0,"¡Recorrido por el Municipio del Valle socializando las propuestas como Candidata a Diputada por la C42 y escuchando a nuestra gente!... 
Para que esto sea posible, solo con tu apoyo. 
Este 17 de Agosto vota por:
TUTO PRESIDENTE 
YOVANA … Ver más"
YOVANA TERRAZAS POLANCO,https://www.facebook.com/yovana.terrazaspolanco,2025-08-06,,no,0,0,2025-08-06,post,https://www.facebook.com/share/p/1Vydb6mtuS/,0,2,2,2,0,0,0,0,0,0,
YOVANA TERRAZAS POLANCO,https://www.facebook.com/yovana.terrazaspolanco,2025-08-06,,no,0,0,2025-08-06,post,https://www.facebook.com/share/p/1AnZt1McMx/,12,11,26,21,5,0,0,0,0,0,"Viva Bolivia...! 
Hoy celebramos el Bicentenario de Bolivia, es un momento para reflexionar sobre nuestro pasado, presente, para tener un mejor futuro, como Bolivianos sabemos que este 17 de Agosto es momento del Cambio Radical y mejores días para nuestra Amada Patria...! 
Vota por:
TUTO PRESIDENTE
YOVANA DIPUTADA… Ver más"
