nombre perfil,url perfil,candidato identificado,creación del perfil,seguidores,seguidos,fecha post,tipo de post,url post,comparticiones,comentarios,reacciones en total,me gusta,me encanta,me divierte,me entristece,me sorprende,me enoja,me importa,contenido
Lilibeth Coimbra ,https://www.facebook.com/LilibethCoimbra1,no,2023-04-16,63000,0,2025-07-22,post,https://www.facebook.com/share/p/1CD2QvNdWp/,1,0,2,2,0,0,0,0,0,0,"Hoy tuvimos entrevista en ""Dice la ley"" junto a nuestro querido José Sanabria. Pueden ver desde el minuto 4. 
 "
Lilibeth Coimbra ,https://www.facebook.com/LilibethCoimbra1,no,2023-04-16,63000,0,2025-07-22,post,https://www.facebook.com/share/p/19fLsAfRLZ/,31,10,98,55,0,0,20,2,19,2," Por favor no esperemos que sea tarde, ya varias unidades de bomberos están trabajando sin los insumos ni herramientas apropiadas tratando de controlar los incendios y… Ver más"
Lilibeth Coimbra ,https://www.facebook.com/LilibethCoimbra1,no,2023-04-16,63000,0,2025-07-22,post,https://www.facebook.com/share/p/16kLFZTtgX/,11,5,104,90,12,1,0,0,0,1,"Que las diferencias personales y políticas no nos distraigan del propósito mayor. 
 "
Lilibeth Coimbra ,https://www.facebook.com/LilibethCoimbra1,no,2023-04-16,63000,0,2025-07-23,post,https://www.facebook.com/share/p/1CidsmpYbB/,28,22,453,365,6,79,0,2,0,1,"Donde Pomacusi dice, ahí no es. "
Lilibeth Coimbra ,https://www.facebook.com/LilibethCoimbra1,no,2023-04-16,63000,0,2025-07-23,post,https://www.facebook.com/share/p/16wNkJ9b7C/,32,13,221,178,36,1,4,0,0,2,"Sobre la bebé Adriely de 3 meses con desnutrición (3,8kg), se recaudaron 917,43 Bs y aumentamos un poquito para poder comprar 2 tarros de leche grande, le dura 5 días c… Ver más"
Lilibeth Coimbra ,https://www.facebook.com/LilibethCoimbra1,no,2023-04-16,63000,0,2025-07-23,post,2025-07-23,0,0,0,0,0,0,0,0,0,0,
Lilibeth Coimbra ,https://www.facebook.com/LilibethCoimbra1,no,2023-04-16,63000,0,2025-07-23,post,https://www.facebook.com/share/p/1FNg5VuoWp/,21,1,119,90,21,7,0,0,0,1,
Lilibeth Coimbra ,https://www.facebook.com/LilibethCoimbra1,no,2023-04-16,63000,0,2025-07-23,post,https://www.facebook.com/share/p/161WAVNcfn/,3,38,137,92,1,43,0,1,0,0, Los chats ahora ya no son prueba de nada. 
Lilibeth Coimbra ,https://www.facebook.com/LilibethCoimbra1,no,2023-04-16,63000,0,2025-07-23,post,https://www.facebook.com/share/p/16JPNoLXJT/,5,4,126,25,1,100,0,0,0,0,
Lilibeth Coimbra ,https://www.facebook.com/LilibethCoimbra1,no,2023-04-16,63000,0,2025-07-23,post,https://www.facebook.com/share/p/15JN2jFLZp/,4,1,90,82,2,5,0,0,0,1,Tarde o temprano nos cansamos de callar.
Lilibeth Coimbra ,https://www.facebook.com/LilibethCoimbra1,no,2023-04-16,63000,0,2025-07-24,post,https://www.facebook.com/share/p/19iuPAUBK2/,140,79,643,627,6,3,1,0,5,1,No olvidar.
Lilibeth Coimbra ,https://www.facebook.com/LilibethCoimbra1,no,2023-04-16,63000,0,2025-07-25,post,https://www.facebook.com/share/p/16b1yFJ8Ve/,1,10,125,102,0,2,0,16,5,0,"Denigrar a una mujer y categorizarla como inferior en muchos sentidos de manera repetitiva es VIOLENCIA aunque quieran escudarse bajo la excusa de humor o de “juego”, e… Ver más"
Lilibeth Coimbra ,https://www.facebook.com/LilibethCoimbra1,no,2023-04-16,63000,0,2025-07-25,post,https://www.facebook.com/share/p/1CW1QJCkKv/,14,49,539,39,4,494,0,1,1,0,
Lilibeth Coimbra ,https://www.facebook.com/LilibethCoimbra1,no,2023-04-16,63000,0,2025-07-25,post,https://www.facebook.com/share/p/1CWPsuriqH/,4,59,90,17,0,39,1,2,31,0,
Lilibeth Coimbra ,https://www.facebook.com/LilibethCoimbra1,no,2023-04-16,63000,0,2025-07-25,post,https://www.facebook.com/share/p/1BNwm9QX6U/,49,0,531,313,2,0,142,67,6,1," Es tan doloroso lo que pasó, si de un pequeño consuelo sirve, sé que sí está el Dr. Tejada defendiendo este caso, no va a descansar hasta conseguir justicia. Llegará … Ver más"
Lilibeth Coimbra ,https://www.facebook.com/LilibethCoimbra1,no,2023-04-16,63000,0,2025-07-25,post,https://www.facebook.com/share/p/15k65avBTz/,9,13,376,316,4,1,48,4,0,3," Es tan doloroso lo que pasó, si de un pequeño consuelo sirve, tengo completa seguridad de que si está el Dr. Tejada en este caso, no va a descansar hasta conseguir ju… Ver más"
Lilibeth Coimbra ,https://www.facebook.com/LilibethCoimbra1,no,2023-04-16,63000,0,2025-07-25,post,https://www.facebook.com/share/p/1SvERXpuYK/,10,5,84,80,2,1,0,0,0,1,"Santa Cruz
 comenzó a rugir!!
… Ver más"
Lilibeth Coimbra ,https://www.facebook.com/LilibethCoimbra1,no,2023-04-16,63000,0,2025-07-25,post,https://www.facebook.com/share/p/1EjvuJKkz6/,2,20,146,95,24,27,0,0,0,0,
Lilibeth Coimbra ,https://www.facebook.com/LilibethCoimbra1,no,2023-04-16,63000,0,2025-07-26,post,https://www.facebook.com/share/p/1Bx8rGDLEf/,152,48,792,607,4,9,2,42,125,3,No olvidar. 
Lilibeth Coimbra ,https://www.facebook.com/LilibethCoimbra1,no,2023-04-16,63000,0,2025-07-27,post,https://www.facebook.com/share/p/15kyHBfTno/,2,41,21,18,2,0,0,0,0,1,"Si tenés un negocio, emprendimiento o habilidad para algo. Publicalo en los comentarios, dejá tu arte referencia, página o número de contacto. Si sos consumidor o compr… Ver más"
Lilibeth Coimbra ,https://www.facebook.com/LilibethCoimbra1,no,2023-04-16,63000,0,2025-07-27,post,https://www.facebook.com/share/p/16cL65zRTS/,8,12,220,29,0,190,0,1,0,0,"A mi, los ministros de Estado. "
Lilibeth Coimbra ,https://www.facebook.com/LilibethCoimbra1,no,2023-04-16,63000,0,2025-07-27,post,https://www.facebook.com/share/p/1EukkcdjJV/,64,7,159,154,0,1,0,3,1,0,"Para la persona que esta tarde chocó una moto Yamaha Blanca en el cruce de la calle independencia y Suarez de Figueroa, y luego huyó, se le ruega contactarse al 780-630… Ver más"
Lilibeth Coimbra ,https://www.facebook.com/LilibethCoimbra1,no,2023-04-16,63000,0,2025-07-27,post,https://www.facebook.com/share/p/16gbqjrpnQ/,34,50,635,417,5,209,0,3,1,0,
Lilibeth Coimbra ,https://www.facebook.com/LilibethCoimbra1,no,2023-04-16,63000,0,2025-07-28,post,https://www.facebook.com/share/p/16k1C3BuCQ/,4,1,50,0,0,0,0,0,0,0,"Perdón por la tardanza, aquí está la entrega y detalle de gastos para los niños Martín, Kenia y Maria José. "
Lilibeth Coimbra ,https://www.facebook.com/LilibethCoimbra1,no,2023-04-16,63000,0,2025-07-28,post,https://www.facebook.com/share/p/1A2sFhKWtN/,5,91,362,16,1,296,0,4,45,0,
Lilibeth Coimbra ,https://www.facebook.com/LilibethCoimbra1,no,2023-04-16,63000,0,2025-07-28,post,https://www.facebook.com/share/p/19Ni2mGtFK/,6,51,611,344,256,4,0,6,1,0,
Lilibeth Coimbra ,https://www.facebook.com/LilibethCoimbra1,no,2023-04-16,63000,0,2025-07-28,post,https://www.facebook.com/share/p/16tNeQiEKL/,22,12,88,50,0,1,2,6,29,0, Es increíble que aún exista gente apoyando el desastre que dejaron en nuestro país.
Lilibeth Coimbra ,https://www.facebook.com/LilibethCoimbra1,no,2023-04-16,63000,0,2025-07-28,post,https://www.facebook.com/share/p/16ivokJvSq/,71,124,897,713,90,89,0,1,0,4,
Lilibeth Coimbra ,https://www.facebook.com/LilibethCoimbra1,no,2023-04-16,63000,0,2025-07-28,post,https://www.facebook.com/share/p/1ACYtx1Ssm/,14,51,312,272,8,30,0,1,0,1,"Siempre será bueno tener estos espacios de debate, propuestas, y preguntas.
Rescato la participación de JP Velasco, tomemos en cuenta que es el único menor de 40 años, … Ver más"
Lilibeth Coimbra ,https://www.facebook.com/LilibethCoimbra1,no,2023-04-16,63000,0,2025-07-28,post,https://www.facebook.com/share/p/1D9gVT1xBR/,7,48,232,230,2,0,0,0,0,0, Coincido en muchas cosas con Tuffí. 
Lilibeth Coimbra ,https://www.facebook.com/LilibethCoimbra1,no,2023-04-16,63000,0,2025-07-28,post,https://www.facebook.com/share/p/1AiuUMdv7G/,1,28,285,0,0,0,0,0,0,0,"Bueno, yo también quería mi selfie con JP. 
Pronto, otro episodio de El 5to poder. "
Lilibeth Coimbra ,https://www.facebook.com/LilibethCoimbra1,no,2023-04-16,63000,0,2025-07-28,post,https://www.facebook.com/share/p/1Gnv7wSFjb/,58,10,111,31,0,0,30,5,45,0,"Otra vez. 
 ¿A esos no los investigan? Nadie levanta la voz para pedir justicia??? No le mandan 30 pacos ni 4 patrullas??? Ojalá actuaran como hacen con los casos inven… Ver más"
Lilibeth Coimbra ,https://www.facebook.com/LilibethCoimbra1,no,2023-04-16,63000,0,2025-07-29,post,https://www.facebook.com/share/p/15g6YpiujM/,15,21,77,17,0,0,2,9,49,0,"Parece meme pero no es, el motivo de la aprehensión de Villafuerte, por un tiktok."
Lilibeth Coimbra ,https://www.facebook.com/LilibethCoimbra1,no,2023-04-16,63000,0,2025-07-29,post,https://www.facebook.com/share/p/1C2AiMkY4b/,4,31,262,203,50,5,0,1,0,3,"Que chistosa que es la hipocresía. Los que me juzgaron y condenaron cuando no podía defenderme hablando del ""derecho a réplica y defensa"".
Los que me difamaron e invent… Ver más"
Lilibeth Coimbra ,https://www.facebook.com/LilibethCoimbra1,no,2023-04-16,63000,0,2025-07-29,post,https://www.facebook.com/share/p/16HHM5mTdG/,31,59,355,348,4,0,1,2,0,0,"¿Bolivia un país fallido? Si bien otros países se deben mantener al margen de las políticas Bolivianas, creo que Bolivia si es un país fallido desde 1825. Necesitamos r… Ver más"
Lilibeth Coimbra ,https://www.facebook.com/LilibethCoimbra1,no,2023-04-16,63000,0,2025-07-29,post,https://www.facebook.com/share/p/16gGBqkgjD/,241,149,1000,429,3,8,24,152,394,1,"Tiktoker Juan Carlos Villafuerte aprehendido y existe riesgo de que sea trasladado a la ciudad de La Paz, mas allá de que si lo que hace es legal o no ya que es un tema… Ver más"
Lilibeth Coimbra ,https://www.facebook.com/LilibethCoimbra1,no,2023-04-16,63000,0,2025-07-29,post,https://www.facebook.com/share/p/16gLKexmkF/,243,42,577,0,0,0,0,0,0,0,"Cuando sólo por criticar al gobierno en Redes sociales me procesaron injustamente por primera vez, se me grabó mucho algo que me escribió la periodista Leidy Rodríguez:… Ver más"
Lilibeth Coimbra ,https://www.facebook.com/LilibethCoimbra1,no,2023-04-16,63000,0,2025-07-29,post,https://www.facebook.com/share/p/15f6PBAPKz/,8,2,86,0,0,0,0,0,0,0,"Indiscutiblemente un ser humano tan noble, luchador que ama, vive y muere por su tierra y su gente. La Circunscripción 54 tiene a uno de los mejores candidatos a diputa… Ver más"
Lilibeth Coimbra ,https://www.facebook.com/LilibethCoimbra1,no,2023-04-16,63000,0,2025-07-29,post,https://www.facebook.com/share/p/19H4jz6pSy/,23,43,129,78,1,2,3,41,4,0,Que pena por Lara tener que mancharse gracias a una pésima elección de candidatos. 
