nombre perfil,url perfil,snapshot_date,creación del perfil,candidato identificado,seguidores,seguidos,fecha post,tipo de post,url post,comparticiones,comentarios,reacciones en total,me gusta,me encanta,me divierte,me entristece,me sorprende,me enoja,me importa,contenido
Ciberwarmis - Mujeres ayudando a mujeres,https://www.facebook.com/Ciberwarmis.bo,2025-05-23,2020-04-21,no,11000,0,2025-05-16,post,not-found-post-url-77036,0,0,,0,0,0,0,0,0,0,Entrega reconocimiento
Ciberwarmis - Mujeres ayudando a mujeres,https://www.facebook.com/Ciberwarmis.bo,2025-05-23,2020-04-21,no,11000,0,2025-05-19,post,not-found-post-url-139481,0,0,,0,0,0,0,0,0,0,"¡Se logró!
El Presidente Donald Trump Promulga ""Take It Down Act"".
¡E… Ver más"
Ciberwarmis - Mujeres ayudando a mujeres,https://www.facebook.com/Ciberwarmis.bo,2025-06-02,2020-04-21,no,11000,0,2025-05-26,post,https://www.facebook.com/share/p/1CdMTLY8sc/,10,1,,8,14,0,0,0,0,2,"#27deMayo 
En el #DiaDeLaMadre Boliviana queremos compartir 10 #DeseosFeministas  
porque queremos ver a las mamitas felices y no perfectas
. 
… Ver más"
Ciberwarmis - Mujeres ayudando a mujeres,https://www.facebook.com/Ciberwarmis.bo,2025-06-02,2020-04-21,no,11000,0,2025-05-27,post,https://www.facebook.com/share/p/1FjUG8vN3j/,5,7,,29,13,0,0,0,0,6,"Aniversario de las #Ciberwarmis 
G… Ver más"
Ciberwarmis - Mujeres ayudando a mujeres,https://www.facebook.com/Ciberwarmis.bo,2025-06-02,2020-04-21,no,11000,0,2025-05-27,post,https://www.facebook.com/share/p/15aZ5pgFYk/,23,0,,12,18,0,0,0,0,4,"#27deMayo 
MAMITA FESTEJA TU DÍA, SOLO TÚ SABES LO QUE TE HA COSTADO MATERNAR  
Te queremos ver feliz y libre, no perfecta
. 
… Ver más"
Ciberwarmis - Mujeres ayudando a mujeres,https://www.facebook.com/Ciberwarmis.bo,2025-06-02,2020-04-21,no,11000,0,2025-05-28,post,https://www.facebook.com/share/p/12LPRBbidrT/,1,0,,0,0,0,0,0,0,0,"Campaña 28 de Mayo: Día de Acción Global por la Salud de las Mujeres
En este contexto crítico, reafirmamos el legado histórico de la Red de Salud de las Mujeres Latinoa… Ver más"
Ciberwarmis - Mujeres ayudando a mujeres,https://www.facebook.com/Ciberwarmis.bo,2025-06-02,2020-04-21,no,11000,0,2025-05-28,post,https://www.facebook.com/share/p/1FeSSBCqhV/,1,1,,10,9,0,0,0,0,2,"BUENAS NOTICIAS
Las #Ciberwarmis iniciamos un nuevo desafía en alianza con el Centro de Promoción de la Mujer Gregoria Apaza (CPMGA) con el apoyo de PNUD Bolivia … Ver más"
Ciberwarmis - Mujeres ayudando a mujeres,https://www.facebook.com/Ciberwarmis.bo,2025-06-10,2020-04-21,no,11000,0,2025-06-02,post,https://www.facebook.com/share/p/1AW7GW5g6U/,3,1,13,0,0,0,0,0,0,0," ¿Los medios son un poder?
Sí. Y a veces, ese poder desinforma y violenta.… Ver más"
Ciberwarmis - Mujeres ayudando a mujeres,https://www.facebook.com/Ciberwarmis.bo,2025-06-02,2020-04-21,no,11000,0,2025-06-02,post,https://www.facebook.com/share/p/18rMfdXXXC/,2,1,,0,0,0,0,0,0,0," ¿Los medios son un poder?
Sí. Y a veces, ese poder desinforma y violenta.… Ver más"
Ciberwarmis - Mujeres ayudando a mujeres,https://www.facebook.com/Ciberwarmis.bo,2025-06-10,2020-04-21,no,11000,0,2025-06-02,post,https://www.facebook.com/share/p/1EpQpXwBRS/,8,0,68,0,0,0,0,0,0,0,"Buenas noticias 
Las  #Ciberwarmis ganamos la #Hackaton para promover el voto informado con nuestra propuesta de  MATCH ELECTORAL. Gracias por la confianza 
htt… Ver más"
Ciberwarmis - Mujeres ayudando a mujeres,https://www.facebook.com/Ciberwarmis.bo,2025-06-10,2020-04-21,no,11000,0,2025-06-02,post,https://www.facebook.com/share/p/19HkjWsnTv/,3,0,16,0,0,0,0,0,0,0,"Iniciamos #Junio con J de juntas por los #Derechos de todas, todos y todes
#Pride 
#… Ver más"
Ciberwarmis - Mujeres ayudando a mujeres,https://www.facebook.com/Ciberwarmis.bo,2025-06-10,2020-04-21,no,11000,0,2025-06-04,post,https://www.facebook.com/share/v/19Bd5kaTzc/,3,1,17,0,0,0,0,0,0,0,"¿Qué es lo que nos dice el ataque de un #Troll o Hater 
?
Sabemos que hacer contenido #Feminista en internet es dificil, los ataques son recurrentes, pero esos ataque… Ver más"
Ciberwarmis - Mujeres ayudando a mujeres,https://www.facebook.com/Ciberwarmis.bo,2025-06-10,2020-04-21,no,11000,0,2025-06-04,post,https://www.facebook.com/share/p/1AgrgF4sYT/,2,0,14,0,0,0,0,0,0,0,"Todo nuestro apoyo a la REVOLUCIÓN ORGULLO y las muestras de arte con resistencia
."
Ciberwarmis - Mujeres ayudando a mujeres,https://www.facebook.com/Ciberwarmis.bo,2025-06-10,2020-04-21,no,11000,0,2025-06-05,post,https://www.facebook.com/share/p/1Lmm6RA5xA/,3,0,8,0,0,0,0,0,0,0,"TIPOS DE TROLL Y HATER
Y tú ¿qué tipo #Troll o Hater 
 tienes?
… Ver más"
Ciberwarmis - Mujeres ayudando a mujeres,https://www.facebook.com/Ciberwarmis.bo,2025-06-10,2020-04-21,no,11000,0,2025-06-05,post,https://www.facebook.com/share/v/19Uau1aF1H/,0,0,9,0,0,0,0,0,0,0,"Sabemos que hacer contenido #Feminista en internet es dificil, los ataques son recurrentes, pero esos ataques también muestran que tu mensaje interpela y está llegando… Ver más"
Ciberwarmis - Mujeres ayudando a mujeres,https://www.facebook.com/Ciberwarmis.bo,2025-06-10,2020-04-21,no,11000,0,2025-06-05,post,https://www.facebook.com/share/p/1Ab7xXKzag/,0,0,4,0,0,0,0,0,0,0,"Ley Olimpia IA será la primera Inteligencia Artificial que tenga lengua de señas mexicana para atender a mujeres sordas.
¡… Ver más"
Ciberwarmis - Mujeres ayudando a mujeres,https://www.facebook.com/Ciberwarmis.bo,2025-06-10,2020-04-21,no,11000,0,2025-06-08,post,https://www.facebook.com/share/p/15MxCaBtw5/,8,1,20,0,0,0,0,0,0,0," ¿Por qué no responder a los ataques de un #Troll o Hater 
 ?
Sabemos que hacer contenido #Feminista en internet es dificil, los ataques son recurrentes, pero respond… Ver más"
Ciberwarmis - Mujeres ayudando a mujeres,https://www.facebook.com/Ciberwarmis.bo,2025-06-10,2020-04-21,no,11000,0,2025-06-09,post,https://www.facebook.com/share/p/19p2CZBNTM/,1,0,15,0,0,0,0,0,0,0,"Con mucha alegría y buenas noticias iniciamos la semana, las #Ciberwarmis fuimos uno de los 24 propuestas ganadoras para la subvención de proyectos sobre #ViolenciaDi… Ver más"
