nombre perfil,url perfil,candidato identificado,creación del perfil,seguidores,seguidos,fecha post,tipo de post,url post,comparticiones,comentarios,reacciones en total,me gusta,me encanta,me divierte,me entristece,me sorprende,me enoja,me importa,contenido
Nadia Montaño,https://www.facebook.com/nadiamontanortiz,no,,13000,1900,2025-07-11,post,https://www.facebook.com/share/p/1FHWLawDnX/,8,0,104,77,26,0,0,0,0,1," Camiri 
, tierra guaraní, hoy te celebro desde la Plaza 24 de Septiembre de Santa Cruz 
Este… Ver más"
Nadia Montaño,https://www.facebook.com/nadiamontanortiz,no,,13000,1900,2025-07-11,post,2025-07-11,0,0,0,0,0,0,0,0,0,0,
Nadia Montaño,https://www.facebook.com/nadiamontanortiz,no,,13000,1900,2025-07-12,post,https://www.facebook.com/share/p/16kANvqwFR/,4,3,54,44,8,0,0,0,0,2,"Muchas veces dije que para algún aniversario de Camiri debía estar presente con nuestras Artesanías Cruceñas… ¡y aquí estoy! 
E… Ver más"
Nadia Montaño,https://www.facebook.com/nadiamontanortiz,no,,13000,1900,2025-07-12,post,https://www.facebook.com/share/p/16h8T45Ljf/,1,0,3,3,0,0,0,0,0,0,
Nadia Montaño,https://www.facebook.com/nadiamontanortiz,no,,13000,1900,2025-07-13,post,https://www.facebook.com/share/p/19GBBPMtYz/,0,0,2,2,0,0,0,0,0,0,
Nadia Montaño,https://www.facebook.com/nadiamontanortiz,no,,13000,1900,2025-07-13,post,2025-07-13,2,0,3,2,0,1,0,0,0,0,
Nadia Montaño,https://www.facebook.com/nadiamontanortiz,no,,13000,1900,2025-07-13,post,https://www.facebook.com/share/p/1BxRWLsci5/,0,0,35,31,4,0,0,0,0,0,Último día de Feria con nuestros productos artesanales desde la ciudad de Santa Cruz en Camiri 
Nadia Montaño,https://www.facebook.com/nadiamontanortiz,no,,13000,1900,2025-07-14,post,https://www.facebook.com/nadiamontanortiz/posts/pfbid02hCuPfUM1NCjjQzWCC9JQJf2HTMQWTM4tyfbG3VNHjJHibcRZzQaKoS81VXoGKNQ8l,0,0,0,0,0,0,0,0,0,0,
Nadia Montaño,https://www.facebook.com/nadiamontanortiz,no,,13000,1900,2025-07-14,post,https://www.facebook.com/share/p/1AhKWCGTYq/,0,0,6,6,0,0,0,0,0,0,Muyupampa 
Nadia Montaño,https://www.facebook.com/nadiamontanortiz,no,,13000,1900,2025-07-14,post,https://www.facebook.com/share/p/1NLCEVu7vq/,3,2,61,48,12,0,0,0,0,1,Camiri 
