nombre perfil,url perfil,snapshot_date,creación del perfil,candidato identificado,seguidores,seguidos,fecha post,tipo de post,url post,comparticiones,comentarios,reacciones en total,me gusta,me encanta,me divierte,me entristece,me sorprende,me enoja,me importa,contenido
Sofi Rocha,https://www.facebook.com/sofi.rocha.12,2025-06-11,2011-06-06,no,8000,2000,2025-04-23,post,https://www.facebook.com/share/p/1924aUKYiq/,0,0,18,0,0,0,0,0,0,0,"Que alegría verlo con tanta fortaleza, este tipo de ametrentamientos ya acabarán por que la mafia ya se va! Fuerza  Andres Richard Ribera Salas"
Sofi Rocha,https://www.facebook.com/sofi.rocha.12,2025-06-11,2011-06-06,no,8000,2000,2025-04-24,post,https://www.facebook.com/share/p/19CpdVqFan/,1,17,37,0,0,0,0,0,0,0,Pero claro que si! 
Sofi Rocha,https://www.facebook.com/sofi.rocha.12,2025-06-11,2011-06-06,no,8000,2000,2025-04-24,post,https://www.facebook.com/share/p/1AhC2dYDiN/,1,1,3,0,0,0,0,0,0,0,
Sofi Rocha,https://www.facebook.com/sofi.rocha.12,2025-06-11,2011-06-06,no,8000,2000,2025-04-25,post,https://www.facebook.com/share/p/1BRLBajSHj/,5,15,52,0,0,0,0,0,0,0,"En esta segunda ""Primaria digital"" sí participaré e insto a la ciudadanía a que tome la misma decisión, votando por el candidato de su preferencia por supuesto.
Estamos… Ver más"
Sofi Rocha,https://www.facebook.com/sofi.rocha.12,2025-06-11,2011-06-06,no,8000,2000,2025-04-26,post,https://www.facebook.com/share/p/16PXjpwAdn/,3,48,47,0,0,0,0,0,0,0,"Qué pasó Alomarianelanoticias Marianela Montenegro ? Lo único que tiene para decir de mi es que soy una ""falsa activista""? JAMÁS logrará relacionarme con el MAS y mucho… Ver más"
Sofi Rocha,https://www.facebook.com/sofi.rocha.12,2025-06-11,2011-06-06,no,8000,2000,2025-04-29,post,https://www.facebook.com/share/v/1CHibBnPac/,2,0,14,0,0,0,0,0,0,0,Falta muy poco !!!!!!!!!!!
Sofi Rocha,https://www.facebook.com/sofi.rocha.12,2025-06-11,2011-06-06,no,8000,2000,2025-05-02,post,https://www.facebook.com/share/p/1AZJ8V6Lkx/,40,31,101,0,0,0,0,0,0,0,"Ya perdí la cuenta de cuántas veces estuvimos inundados de basura durante la gestión del mejor alcalde de Bolivia Manfred Reyes Villa, recordemos que su promesa de camp… Ver más"
Sofi Rocha,https://www.facebook.com/sofi.rocha.12,2025-06-11,2011-06-06,no,8000,2000,2025-05-03,post,https://www.facebook.com/share/p/196Zr13zVm/,2,18,59,0,0,0,0,0,0,0,"Andrónico Rodríguez hoy en Oruro aceptó ser candidato a la presidencia...
Es algo que veníamos hablando desde hace algún tiempo atrás, el único que puede rearticular al… Ver más"
Sofi Rocha,https://www.facebook.com/sofi.rocha.12,2025-06-11,2011-06-06,no,8000,2000,2025-05-05,post,https://www.facebook.com/share/p/14GF4sC7uC7/,4,27,43,0,0,0,0,0,0,0,Hasta qué punto tiene que escalar este conflicto para que nuestro alcalde admita que es un incapaz?
Sofi Rocha,https://www.facebook.com/sofi.rocha.12,2025-06-11,2011-06-06,no,8000,2000,2025-05-05,post,https://www.facebook.com/share/p/1ARMNjXqE5/,4,37,38,0,0,0,0,0,0,0,"Dicen que las funcionarias llevaban en su poder explosivos y que se presume que las enviaron como grupo de choque, esto lo escribo solo para tener el contexto completo.… Ver más"
Sofi Rocha,https://www.facebook.com/sofi.rocha.12,2025-06-11,2011-06-06,no,8000,2000,2025-05-12,post,https://www.facebook.com/share/p/1He7YBsncS/,0,16,57,0,0,0,0,0,0,0,Segura que se tomarán las mejores decisiones para el país.
Sofi Rocha,https://www.facebook.com/sofi.rocha.12,2025-06-11,2011-06-06,no,8000,2000,2025-05-12,post,https://www.facebook.com/share/p/1M6vfhYZsg/,2,21,43,0,0,0,0,0,0,0,"Hasta donde tengo entendido Diego Murillo será candidato a diputado uninominal por la C-20, es decir que nuestro flamante alcalde interino también estará en plena campa… Ver más"
Sofi Rocha,https://www.facebook.com/sofi.rocha.12,2025-06-11,2011-06-06,no,8000,2000,2025-05-13,post,https://www.facebook.com/share/p/1ZUXYdjxsV/,60,31,138,0,0,0,0,0,0,0,"Alerta Bolivia 
Se dijo que se iban a unir en algún momento! Es tiempo de que la oposición reflexione y tome las mejores decisiones para el país!… Ver más"
Sofi Rocha,https://www.facebook.com/sofi.rocha.12,2025-06-11,2011-06-06,no,8000,2000,2025-05-14,post,https://www.facebook.com/share/p/16YBA7URPS/,2,2,27,0,0,0,0,0,0,0,
Sofi Rocha,https://www.facebook.com/sofi.rocha.12,2025-06-11,2011-06-06,no,8000,2000,2025-05-14,post,https://www.facebook.com/share/p/15Y3ypdQPc/,16,20,110,0,0,0,0,0,0,0,El Tribunal Constitucuonal Plurinacional INHABILITA A EVO MORALES...… Ver más
Sofi Rocha,https://www.facebook.com/sofi.rocha.12,2025-06-11,2011-06-06,no,8000,2000,2025-05-15,post,https://www.facebook.com/share/p/1DcAthgG8K/,6,27,133,0,0,0,0,0,0,0,"Es hoy! Es hoy!
Jorge Tuto Quiroga Ramirez hoy presentará a su vicepresidente! 
Est… Ver más"
Sofi Rocha,https://www.facebook.com/sofi.rocha.12,2025-06-11,2011-06-06,no,8000,2000,2025-05-16,post,https://www.facebook.com/share/p/16g9TmpkiZ/,1,15,80,0,0,0,0,0,0,0,
Sofi Rocha,https://www.facebook.com/sofi.rocha.12,2025-06-11,2011-06-06,no,8000,2000,2025-05-16,post,https://www.facebook.com/share/p/1Aa1fwKfwt/,3,3,49,0,0,0,0,0,0,0,
Sofi Rocha,https://www.facebook.com/sofi.rocha.12,2025-06-02,2011-06-06,no,8000,2000,2025-05-29,post,https://www.facebook.com/share/p/1BvAVdYtA6/,0,0,0,0,0,0,0,0,0,0,
Sofi Rocha,https://www.facebook.com/sofi.rocha.12,2025-06-11,2011-06-06,no,8000,2000,2025-05-29,post,https://www.facebook.com/share/p/19E2hb6bdk/,0,0,0,0,0,0,0,0,0,0,
Sofi Rocha,https://www.facebook.com/sofi.rocha.12,2025-06-10,2011-06-06,no,8000,2000,2025-06-03,post,https://www.facebook.com/share/p/14DSvYGwvj7/,3,17,66,0,0,0,0,0,0,0,
Sofi Rocha,https://www.facebook.com/sofi.rocha.12,2025-06-11,2011-06-06,no,8000,2000,2025-06-03,post,https://www.facebook.com/share/p/16PB4cSG4j/,3,17,67,0,0,0,0,0,0,0,
Sofi Rocha,https://www.facebook.com/sofi.rocha.12,2025-06-11,2011-06-06,no,8000,2000,2025-06-10,post,https://www.facebook.com/share/p/1BR6g8sgRR/,0,4,29,0,0,0,0,0,0,0,
Sofi Rocha,https://www.facebook.com/sofi.rocha.12,2025-06-11,2011-06-06,no,8000,2000,2025-06-10,post,https://www.facebook.com/share/p/1ABdor4Gza/,22,84,346,0,0,0,0,0,0,0,"Y si! Oficialmente me uno al proyecto encabezado por Jorge Tuto Quiroga Ramirez y Juan Velasco, acepté ser candidata a Diputada uninominal por Cochabamba.… Ver más"
