nombre perfil,url perfil,snapshot_date,creación del perfil,candidato identificado,seguidores,seguidos,fecha post,tipo de post,url post,comparticiones,comentarios,reacciones en total,me gusta,me encanta,me divierte,me entristece,me sorprende,me enoja,me importa,contenido
Omarth Luna,https://www.facebook.com/OmarthLuna/,2025-06-02,2007-12-24,no,4700,0,2025-05-26,post,https://www.facebook.com/share/p/1EkpsA9duL/,0,2,,0,0,0,0,0,0,0,"La vida en 1 imagen...
Está semana se pinta igual de complicada que las anteriores... Veremos qué pasa...… Ver más"
Omarth Luna,https://www.facebook.com/OmarthLuna/,2025-06-02,2007-12-24,no,4700,0,2025-05-27,post,2025-05-27,0,0,,0,0,0,0,0,0,0,
Omarth Luna,https://www.facebook.com/OmarthLuna/,2025-06-02,2007-12-24,no,4700,0,2025-05-27,post,https://www.facebook.com/share/p/19Ayqoaa79/,3,0,,0,0,0,0,0,0,0,Interesante...
Omarth Luna,https://www.facebook.com/OmarthLuna/,2025-06-02,2007-12-24,no,4700,0,2025-05-30,post,https://www.facebook.com/share/p/16gTpX6n3F/,2,1,,14,3,26,0,0,0,0,"Y de pronto Uriona parece ser una mejor opción... Por que no es tan ""sexi""..."
Omarth Luna,https://www.facebook.com/OmarthLuna/,2025-07-02,2007-12-24,no,4700,0,2025-06-26,post,https://www.facebook.com/share/p/1GJ3va45p2/,0,4,15,9,1,5,0,0,0,0,"Desde anoche Jaime Dunn pasó de ser precandidato a candidato de schrodinger ...
Me vuelvo chango!!!!"
Omarth Luna,https://www.facebook.com/OmarthLuna/,2025-07-02,2007-12-24,no,4700,0,2025-06-27,post,https://www.facebook.com/share/p/1C2dtiX27P/,4,12,52,43,7,1,0,1,0,0,Anoten esto... Es mucho muy Importante!!!
