nombre perfil,url perfil,snapshot_date,creación del perfil,candidato identificado,seguidores,seguidos,fecha post,tipo de post,url post,comparticiones,comentarios,reacciones en total,me gusta,me encanta,me divierte,me entristece,me sorprende,me enoja,me importa,contenido
Nadia Montaño,https://www.facebook.com/nadiamontanortiz,2025-06-02,2019-06-03,no,13000,1900,2025-05-29,post,https://www.facebook.com/share/p/1HvNJZY4Ra/,0,0,5,3,2,0,0,0,0,0,Felicidades Javier Siles Balladares
Nadia Montaño,https://www.facebook.com/nadiamontanortiz,2025-06-02,2019-06-03,no,13000,1900,2025-05-29,post,https://www.facebook.com/share/p/16Nfq3snHy/,0,0,0,0,0,0,0,0,0,0,
Nadia Montaño,https://www.facebook.com/nadiamontanortiz,2025-06-02,2019-06-03,no,13000,1900,2025-05-29,post,https://www.facebook.com/nadiamontanortiz/posts/pfbid08PEs6pe1NV2mNztwHyBADTK6Ez5CXLPssaxVX15rn81ZzG7UGTDi31DZBkhuycuJl,1,0,6,4,2,0,0,0,0,0,
Nadia Montaño,https://www.facebook.com/nadiamontanortiz,2025-06-02,2019-06-03,no,13000,1900,2025-05-30,post,https://www.facebook.com/share/p/1CaTR94ijC/,1,8,60,41,17,0,0,0,0,2,En instantes en Prensa ATB 
Nadia Montaño,https://www.facebook.com/nadiamontanortiz,2025-06-02,2019-06-03,no,13000,1900,2025-05-30,post,https://www.facebook.com/share/p/16M5WXecT3/,0,0,0,0,0,0,0,0,0,0,
Nadia Montaño,https://www.facebook.com/nadiamontanortiz,2025-06-02,2019-06-03,no,13000,1900,2025-05-30,post,https://www.facebook.com/share/p/1Epdk1DYqe/,0,0,1,1,0,0,0,0,0,0,
Nadia Montaño,https://www.facebook.com/nadiamontanortiz,2025-06-02,2019-06-03,no,13000,1900,2025-05-31,post,https://www.facebook.com/share/p/1YaeqcVZmP/,2,3,17,12,0,4,0,1,0,0,"Peter Erlwein Beckhauser vos SOS un sinvergüenza apareciste junto en las elecciones nacionales a querer buscar un cargo de diputado...
N… Ver más"
Nadia Montaño,https://www.facebook.com/nadiamontanortiz,2025-06-02,2019-06-03,no,13000,1900,2025-05-31,post,https://www.facebook.com/share/v/16HVZg9nrR/,3,4,88,84,5,0,0,0,0,0,"Me encanta encontrarme con estos personajes de la farándula 
Pablo Marquina "
Nadia Montaño,https://www.facebook.com/nadiamontanortiz,2025-06-02,2019-06-03,no,13000,1900,2025-06-01,post,https://www.facebook.com/share/p/19MpmA7YZ2/,0,1,38,32,6,0,0,0,0,0,"Estamos en Samaipata los Valles Cruceños con la Feria de su Aniversario del Bicentenario 407 años de Historia y Cultura 
 
 
 "
Nadia Montaño,https://www.facebook.com/nadiamontanortiz,2025-06-02,2019-06-03,no,13000,1900,2025-06-01,post,https://www.facebook.com/share/p/1B8fxYQxg5/,4,1,9,8,1,0,0,0,0,0,"El día de mañana lunes 2 de junio nos unimos Escritores, Artesanos, Artistas 
a partir de las 11:30am hasta 10pm los esperamos en la Feria Cultura Viva … Ver más"
Nadia Montaño,https://www.facebook.com/nadiamontanortiz,2025-06-02,2019-06-03,no,13000,1900,2025-06-01,post,https://www.facebook.com/share/p/1CCJpe5xwm/,1,1,5,4,1,0,0,0,0,0,"""
 ¡Arrancamos el lunes 2 de Junio con la Gran Feria Cultura Viva en  Las Brisas!            
German Mos… Ver más"
Nadia Montaño,https://www.facebook.com/nadiamontanortiz,2025-06-02,2019-06-03,no,13000,1900,2025-06-01,post,https://www.facebook.com/share/1EUbhic2DQ/,0,0,2,1,1,0,0,0,0,0,
Nadia Montaño,https://www.facebook.com/nadiamontanortiz,2025-06-10,,no,13000,1900,2025-06-04,post,https://www.facebook.com/share/p/1CFzJgSNPH/,0,0,4,0,0,0,0,0,0,0,Último día de Feria te esperamos!!!
Nadia Montaño,https://www.facebook.com/nadiamontanortiz,2025-06-10,,no,13000,1900,2025-06-04,post,https://www.facebook.com/share/p/19PJEVm5bQ/,3,6,34,0,0,0,0,0,0,0,"Los espero hoy miércoles 4 de junio, último día de Feria Cultura Viva para apoyar nuestras artesanías típicas de la región de Santa Cruz.… Ver más"
Nadia Montaño,https://www.facebook.com/nadiamontanortiz,2025-06-10,,no,13000,1900,2025-06-05,post,https://www.facebook.com/share/p/17xDBSZKxw/,1,1,13,0,0,0,0,0,0,0,"Así concluimos nuestra 1er Versión de la Feria de Cultura Viva en el Encuentro Emprendedor Boulevard. 
… Ver más"
Nadia Montaño,https://www.facebook.com/nadiamontanortiz,2025-06-11,,no,13000,1900,2025-06-05,post,https://www.facebook.com/share/p/1AiqJxHV3U/,1,1,13,0,0,0,0,0,0,0,"Así concluimos nuestra 1er Versión de la Feria de Cultura Viva en el Encuentro Emprendedor Boulevard. 
… Ver más"
Nadia Montaño,https://www.facebook.com/nadiamontanortiz,2025-06-10,,no,13000,1900,2025-06-05,post,https://www.facebook.com/share/p/1EsWY4FA9i/,1,3,25,0,0,0,0,0,0,0,Los invitamos a la Feria Internacional del Libro en el Pabellón Cultural en el Stand de Concepción 
Nadia Montaño,https://www.facebook.com/nadiamontanortiz,2025-06-10,,no,13000,1900,2025-06-05,post,https://www.facebook.com/share/p/1CKPnTyhVe/,1,1,15,0,0,0,0,0,0,0,Bella mujer de Pando 
Nadia Montaño,https://www.facebook.com/nadiamontanortiz,2025-06-11,,no,13000,1900,2025-06-05,post,https://www.facebook.com/share/p/19QXJ8uRPT/,1,0,11,0,0,0,0,0,0,0,
Nadia Montaño,https://www.facebook.com/nadiamontanortiz,2025-06-10,,no,13000,1900,2025-06-05,post,https://www.facebook.com/share/p/19DpYY1YTv/,1,0,11,0,0,0,0,0,0,0,
Nadia Montaño,https://www.facebook.com/nadiamontanortiz,2025-06-11,,no,13000,1900,2025-06-05,post,https://www.facebook.com/share/p/1AkkKTqaQE/,46,97,581,0,0,0,0,0,0,0,Sombreros pintados a mano con Arte típico de Santa Cruz y Arte Chiquitano de Bolivia para el mundo 
Nadia Montaño,https://www.facebook.com/nadiamontanortiz,2025-06-11,,no,13000,1900,2025-06-05,post,https://www.facebook.com/share/p/1Arv7n52Hh/,1,3,27,0,0,0,0,0,0,0,Los invitamos a la Feria Internacional del Libro en el Pabellón Cultural en el Stand de Concepción 
Nadia Montaño,https://www.facebook.com/nadiamontanortiz,2025-06-10,,no,13000,1900,2025-06-06,post,https://www.facebook.com/share/p/16qNFxAQKr/,1,3,48,0,0,0,0,0,0,0,"Este día fue hermoso con nuestra bella gente de la Chiquitania, los escritores, los artesanos, los artistas y la gente bella que me quiere y rodea 
… Ver más"
Nadia Montaño,https://www.facebook.com/nadiamontanortiz,2025-06-11,,no,13000,1900,2025-06-06,post,https://www.facebook.com/share/p/16KP6Q82LP/,0,7,45,0,0,0,0,0,0,0,"""Hoy es un día muy especial y el gran regalo eres tú"" 
… Ver más"
Nadia Montaño,https://www.facebook.com/nadiamontanortiz,2025-06-10,,no,13000,1900,2025-06-06,post,https://www.facebook.com/share/p/1DXEQj3D2g/,0,5,39,0,0,0,0,0,0,0,"""Hoy es un día muy especial y el gran regalo eres tú"" 
… Ver más"
Nadia Montaño,https://www.facebook.com/nadiamontanortiz,2025-06-11,,no,13000,1900,2025-06-06,post,https://www.facebook.com/share/p/1AoZpm54oV/,1,3,50,0,0,0,0,0,0,0,"Este día fue hermoso con nuestra bella gente de la Chiquitania, los escritores, los artesanos, los artistas y la gente bella que me quiere y rodea 
… Ver más"
Nadia Montaño,https://www.facebook.com/nadiamontanortiz,2025-06-11,,no,13000,1900,2025-06-06,post,2025-06-06,0,2,42,0,0,0,0,0,0,0,
Nadia Montaño,https://www.facebook.com/nadiamontanortiz,2025-06-11,,no,13000,1900,2025-06-07,post,https://www.facebook.com/share/p/1AmxiBp45o/,0,12,11,0,0,0,0,0,0,0,
Nadia Montaño,https://www.facebook.com/nadiamontanortiz,2025-06-11,,no,13000,1900,2025-06-07,post,2025-06-07,0,0,0,0,0,0,0,0,0,0,
Nadia Montaño,https://www.facebook.com/nadiamontanortiz,2025-06-10,,no,13000,1900,2025-06-07,post,https://www.facebook.com/share/p/19sbbyPLfU/,0,0,2,0,0,0,0,0,0,0,
Nadia Montaño,https://www.facebook.com/nadiamontanortiz,2025-06-10,,no,13000,1900,2025-06-07,post,https://www.facebook.com/share/p/1FiPQP9SAT/,0,11,11,0,0,0,0,0,0,0,
Nadia Montaño,https://www.facebook.com/nadiamontanortiz,2025-06-10,,no,13000,1900,2025-06-08,post,https://www.facebook.com/share/p/16Tgknxavd/,3,2,35,0,0,0,0,0,0,0,Sombreros pintados a mano Arte típico de la Amazonía y Chiquitania boliviana si quieres uno por favor escribe:… Ver más
Nadia Montaño,https://www.facebook.com/nadiamontanortiz,2025-06-10,,no,13000,1900,2025-06-08,post,https://www.facebook.com/share/p/1XFoBfFNJX/,10,10,115,0,0,0,0,0,0,0,"Sombreros pintados a mano con Arte típico de la Chiquitania y de Santa Cruz 
 
Esta… Ver más"
Nadia Montaño,https://www.facebook.com/nadiamontanortiz,2025-06-11,,no,13000,1900,2025-06-08,post,https://www.facebook.com/share/p/1EA22avmQ8/,32,61,510,0,0,0,0,0,0,0,"Sombrero pintado a mano 
Diseño Patujú y Tucán 
A… Ver más"
Nadia Montaño,https://www.facebook.com/nadiamontanortiz,2025-06-10,,no,13000,1900,2025-06-08,post,https://www.facebook.com/share/p/1GPxKe9Njp/,0,0,9,0,0,0,0,0,0,0,
Nadia Montaño,https://www.facebook.com/nadiamontanortiz,2025-06-10,,no,13000,1900,2025-06-08,post,https://www.facebook.com/share/p/1CD9DGGRAR/,23,39,312,0,0,0,0,0,0,0,"Sombrero pintado a mano 
Diseño Patujú y Tucán 
A… Ver más"
Nadia Montaño,https://www.facebook.com/nadiamontanortiz,2025-06-11,,no,13000,1900,2025-06-08,post,https://www.facebook.com/share/p/1BmguUyMQc/,26,21,205,0,0,0,0,0,0,0,"Sombreros pintados a mano con Arte típico de la Chiquitania y de Santa Cruz 
 
Esta… Ver más"
Nadia Montaño,https://www.facebook.com/nadiamontanortiz,2025-06-11,,no,13000,1900,2025-06-08,post,https://www.facebook.com/share/p/1HRbeTPJop/,0,0,3,0,0,0,0,0,0,0,
Nadia Montaño,https://www.facebook.com/nadiamontanortiz,2025-06-11,,no,13000,1900,2025-06-08,post,https://www.facebook.com/share/p/1MpNzu1xxT/,0,0,9,0,0,0,0,0,0,0,
Nadia Montaño,https://www.facebook.com/nadiamontanortiz,2025-06-11,,no,13000,1900,2025-06-08,post,https://www.facebook.com/share/p/1BBqUu92tV/,3,2,39,0,0,0,0,0,0,0,Sombreros pintados a mano Arte típico de la Amazonía y Chiquitania boliviana si quieres uno por favor escribe:… Ver más
Nadia Montaño,https://www.facebook.com/nadiamontanortiz,2025-06-10,,no,13000,1900,2025-06-08,post,https://www.facebook.com/share/p/19YJ6oYx57/,0,0,3,0,0,0,0,0,0,0,
Nadia Montaño,https://www.facebook.com/nadiamontanortiz,2025-06-10,,no,13000,1900,2025-06-10,post,https://www.facebook.com/share/p/1FVKCqjM8H/,0,0,3,0,0,0,0,0,0,0,"Gracias por su apoyo! 
Resistencia La Bomba … Ver más"
Nadia Montaño,https://www.facebook.com/nadiamontanortiz,2025-06-11,,no,13000,1900,2025-06-10,post,https://www.facebook.com/share/p/1CBqGq9g4J/,1,0,14,0,0,0,0,0,0,0,"Estoy emocionada iré a uno de los restaurantes más lujosos del país 

"
Nadia Montaño,https://www.facebook.com/nadiamontanortiz,2025-06-11,,no,13000,1900,2025-06-10,post,https://www.facebook.com/nadiamontanortiz/posts/pfbid0EtEkL228LhgaCcSvqetMSoXSr72XTQ84QMHCgnEjQWAHGSeJarVhMz4pAvorJGhrl,1,8,33,0,0,0,0,0,0,0,"Dios mío cuánto daño le hicieron 
 … Ver más"
Nadia Montaño,https://www.facebook.com/nadiamontanortiz,2025-06-11,,no,13000,1900,2025-06-10,post,https://www.facebook.com/share/p/1GMw4dWNwY/,0,1,8,0,0,0,0,0,0,0,"Gracias por su apoyo! 
Resistencia La Bomba … Ver más"
Nadia Montaño,https://www.facebook.com/nadiamontanortiz,2025-06-11,,no,13000,1900,2025-06-10,post,https://www.facebook.com/share/p/15iC9i4iqT/,2,2,11,0,0,0,0,0,0,0,"¡Celebremos juntos el aniversario de nuestro querido barrio Héroes del Chaco que es de Santa Cruz! 
T… Ver más"
Nadia Montaño,https://www.facebook.com/nadiamontanortiz,2025-06-11,,no,13000,1900,2025-06-10,post,https://www.facebook.com/share/p/16jmcXyXwM/,1,1,8,0,0,0,0,0,0,0,"Bolivia es el país donde protesta con bloqueos políticos historicamente en Sudamérica
"
Nadia Montaño,https://www.facebook.com/nadiamontanortiz,2025-06-10,,no,13000,1900,2025-06-10,post,https://www.facebook.com/share/p/1AeCktWbDM/,1,0,12,0,0,0,0,0,0,0,"Estoy emocionada iré a uno de los restaurantes más lujosos del país 

"
Nadia Montaño,https://www.facebook.com/nadiamontanortiz,2025-06-11,,no,13000,1900,2025-06-10,post,2025-06-10,10,13,16,0,0,0,0,0,0,0,Ariel Janco escritor potosino boliviano en la Feria Internacional del Libro de Santa Cruz de la Sierra
Nadia Montaño,https://www.facebook.com/nadiamontanortiz,2025-06-10,,no,13000,1900,2025-06-10,post,https://www.facebook.com/share/p/1BeFpTVPJH/,1,5,15,0,0,0,0,0,0,0,"Dios mío cuánto daño le hicieron 
 … Ver más"
Nadia Montaño,https://www.facebook.com/nadiamontanortiz,2025-06-11,,no,13000,1900,2025-06-11,post,https://www.facebook.com/share/p/1CYifciRGK/,3,7,15,0,0,0,0,0,0,0,"Otro que quiere meter preso a todo mundo en Bolivia
 
Dice … Ver más"
Nadia Montaño,https://www.facebook.com/nadiamontanortiz,2025-06-11,,no,13000,1900,2025-06-11,post,https://www.facebook.com/share/p/18n3sEdtEb/,2,0,4,0,0,0,0,0,0,0,"Apoya al escritor y autor Cruceño 
Bismark Cuellar Chávez con la Enciclopedia de Santa Cruz … Ver más"
Nadia Montaño,https://www.facebook.com/nadiamontanortiz,2025-06-11,,no,13000,1900,2025-06-11,post,https://www.facebook.com/share/p/1FSjgVgX2M/,0,1,2,0,0,0,0,0,0,0,
