nombre perfil,url perfil,candidato identificado,creación del perfil,seguidores,seguidos,fecha post,tipo de post,url post,comparticiones,comentarios,reacciones en total,me gusta,me encanta,me divierte,me entristece,me sorprende,me enoja,me importa,contenido
Carla Sandy Claure ,https://www.facebook.com/carla.sandy.007,no,2009-01-13,10000,0,2025-06-05,post,https://www.facebook.com/share/p/1AffNoGU8Q/,0,4,15,0,0,0,0,0,0,0,"Mi Jesús, el precio en la cruz El pago,
Su sangre mi alma lavo …
Y El sufrió por nuestros dolores sufrió,
Herido por cada quebranto de mi corazón..… Ver más"
Carla Sandy Claure ,https://www.facebook.com/carla.sandy.007,no,2009-01-13,10000,0,2025-06-05,post,https://www.facebook.com/share/p/1EoKTRc1vP/,3,31,58,0,0,0,0,0,0,0,"Justo el día que se queda de Presidente Interino el TCP le devuelve la personeria a Andronico .
Que casualidad no ? … Ver más"
Carla Sandy Claure ,https://www.facebook.com/carla.sandy.007,no,2009-01-13,10000,0,2025-06-07,post,https://www.facebook.com/carla.sandy.007/posts/pfbid0WP38FD8QfB9Wzc2LZhsVSMYPBHsMczts4ksurZCoNk9QrpEQkhgbgsFMvBJj66Ekl,5,8,40,0,0,0,0,0,0,0,"Solo en Bolivia 
 
Una ambulancia atacada , ni en tiempos de guerra …."
Carla Sandy Claure ,https://www.facebook.com/carla.sandy.007,no,2009-01-13,10000,0,2025-06-07,post,https://www.facebook.com/share/p/1ERBNu5gA9/,0,0,16,0,0,0,0,0,0,0,
Carla Sandy Claure ,https://www.facebook.com/carla.sandy.007,no,2009-01-13,10000,0,2025-06-08,post,https://www.facebook.com/share/p/18e69iGsVy/,4,29,42,0,0,0,0,0,0,0," RESULTADOS DE ESTA REUNIÓN:
- En resumen: CADA UNO IRÁ POR SU LADO .… Ver más"
Carla Sandy Claure ,https://www.facebook.com/carla.sandy.007,no,2009-01-13,10000,0,2025-06-09,post,https://www.facebook.com/share/p/18ek6JtaCH/,4,7,26,0,0,0,0,0,0,0,"Bolivia está en su crisis más profunda .
El Chapare vive con sus propias normas y nadie puede ingresar a poner orden .… Ver más"
Carla Sandy Claure ,https://www.facebook.com/carla.sandy.007,no,2009-01-13,10000,0,2025-06-09,post,https://www.facebook.com/share/p/16azn3ykNQ/,45,6,50,0,0,0,0,0,0,0," La Franja Roja es lo que los EVISTAS denominan ""EL PUEBLO BOLIVIANO"" los últimos años. 
Ese es ""El Pueblo"" que le pidió incumplir el 21F. … Ver más"
Carla Sandy Claure ,https://www.facebook.com/carla.sandy.007,no,2009-01-13,10000,0,2025-06-10,post,https://www.facebook.com/share/p/1B4oei449B/,3,0,25,0,0,0,0,0,0,0,"El hombre que come con calma es el hombre que controla su vida. Comer lento no es una moda, es un acto de dominio y autocontrol. No hay prisa cuando sabes que cada boca… Ver más"
Carla Sandy Claure ,https://www.facebook.com/carla.sandy.007,no,2009-01-13,10000,0,2025-06-11,post,https://www.facebook.com/share/p/1AX7sp4p2w/,4,6,9,0,0,0,0,0,0,0,"Como Ministro de Planificación, vendió todas las empresas del Estado con el objetivo de recuperar la economía . … Ver más"
Carla Sandy Claure ,https://www.facebook.com/carla.sandy.007,no,2009-01-13,10000,0,2025-06-11,post,https://www.facebook.com/share/p/12M2328a8eS/,3,12,62,0,0,0,0,0,0,0,"El peor error  de Jeanine Añez Chavez y su gobierno NO FUE , ANULAR  LA SIGLA DEL MAS DESPUÉS DEL FRAUDE de Octubre del 2019, era el único mandato que tenía y llamar a elecciones , se emborrachó con el poder y hoy son las consecuencias . 
Hoy no estaríamos viviendo frente al amedrentamiento , saqueó y enfrentamiento entre Bolivianos.
La historia se repite una vez más .… Ver más"
Carla Sandy Claure ,https://www.facebook.com/carla.sandy.007,no,2009-01-13,10000,0,2025-06-11,post,https://www.facebook.com/share/p/1Ehz3kRmwR/,12,3,25,0,0,0,0,0,0,0,Oramos por Llallagua 
Carla Sandy Claure ,https://www.facebook.com/carla.sandy.007,no,2009-01-13,10000,0,2025-06-11,post,https://www.facebook.com/share/p/16PJeWX36E/,6,8,37,0,0,0,0,0,0,0,Oramos por ti Bolivia 
Carla Sandy Claure ,https://www.facebook.com/carla.sandy.007,no,2009-01-13,10000,0,2025-06-11,post,https://www.facebook.com/share/p/1AauvNZBdD/,3,7,25,0,0,0,0,0,0,0,"El LOBO vestido de OVEJA .
El que bloqueo todos los créditos en la Asamblea Legislativa por órdenes de Evo Morales , su gestión completamente deficiente .… Ver más"
Carla Sandy Claure ,https://www.facebook.com/carla.sandy.007,no,2009-01-13,10000,0,2025-06-11,post,https://www.facebook.com/share/p/16W3p1JUNT/,6,4,40,0,0,0,0,0,0,0,"Con el terrorismo no se NEGOCIA nunca .
Que Dios nos haga JUSTICIA .… Ver más"
Carla Sandy Claure ,https://www.facebook.com/carla.sandy.007,no,2009-01-13,10000,0,2025-06-11,post,https://www.facebook.com/share/p/19DrkX5vTn/,3,20,25,0,0,0,0,0,0,0,"En su gobierno se implementa el SUBSIDIO a los HIDROCARBUROS, uno de los motivos por el cual hoy nuestra economía está en agonia .
Responsable de haberlo sacado del paí… Ver más"
