nombre perfil,url perfil,creación del perfil,seguidores,seguidos,fecha post,url post,comparticiones,reacciones en total,me gusta,me encanta,me divierte,me entristece,me sorprende,me enoja,me importa,contenido
Laura Luisa Nayar,https://www.facebook.com/luisanayars,2019-07-29,37000,109,2025-05-16,https://www.facebook.com/share/p/1LKnxYunrJ/,27,0,0,0,0,0,0,0,0,¡Los bolivianos no podemos seguir siendo rehenes de la guerra interna del MAS! ¡Ya se van! 
Laura Luisa Nayar,https://www.facebook.com/luisanayars,2019-07-29,37000,109,2025-05-21,not-found-post-url--11184,0,0,0,0,0,0,0,0,0,Junto a Maggy Talavera 
Laura Luisa Nayar,https://www.facebook.com/luisanayars,2019-07-29,37000,109,2025-05-21,https://www.facebook.com/share/p/1AiRQsvJ33/,36,0,0,0,0,0,0,0,0,"Concluimos la 10ma Sesión de la Comisión de Organización Territorial del Estado y Autonomías 
 ¡A seguir dando batalla!"
Laura Luisa Nayar,https://www.facebook.com/luisanayars,2019-07-29,37000,109,2025-05-22,not-found-post-url-474486,0,0,0,0,0,0,0,0,0,
Laura Luisa Nayar,https://www.facebook.com/luisanayars,2019-07-29,37000,109,2025-05-23,https://www.facebook.com/luisanayars/videos/1063537115648141/,26,0,0,0,0,0,0,0,0,"Anoche estuvimos en POV conversando sobre la situación actual del país. 
#LaUnionEsLaFuerza"
