nombre perfil,url perfil,creación del perfil,seguidores,seguidos,fecha post,url post,comparticiones,reacciones en total,me gusta,me encanta,me divierte,me entristece,me sorprende,me enoja,me importa,contenido
Laura Luisa Nayar,https://www.facebook.com/luisanayars,2019-07-29,37000,109,2025-05-27,https://www.facebook.com/share/p/15KBDhc8Gg/,12,262,187,64,7,0,0,0,4,"Hoy celebro a la mujer que me enseñó a ser fuerte, a luchar con el corazón y a nunca rendirme. Gracias, ma, por ser mi guía, mi ejemplo y mi mayor inspiración
 No solo… Ver más"
Laura Luisa Nayar,https://www.facebook.com/luisanayars,2019-07-29,37000,109,2025-05-29,https://www.facebook.com/share/p/1RWARdF6pq/,1,25,16,7,1,0,0,0,1,Estamos en vivo con Mauricio Noya 
Laura Luisa Nayar,https://www.facebook.com/luisanayars,2019-07-29,37000,109,2025-05-29,https://www.facebook.com/share/p/16bfDPS7pG/,51,191,154,32,1,0,0,0,4," Nos reunimos con nuestros bomberos voluntarios para socializar el Proyecto de Ley de Disposición de Bienes Incautados en su favor, una iniciativa que busca transforma… Ver más"
Laura Luisa Nayar,https://www.facebook.com/luisanayars,2019-07-29,37000,109,2025-06-02,https://www.facebook.com/share/p/1Cfm9Nu764/,3,56,47,9,0,0,0,0,0,Estamos en vivo con Carlos Valverde Sin Compostura
Laura Luisa Nayar,https://www.facebook.com/luisanayars,2019-07-29,37000,109,2025-06-02,https://www.facebook.com/share/p/16FjWJcPtp/,0,16,12,3,0,0,0,0,1,"Estamos en vivo, hablando sobre las elecciones. "
