nombre perfil,url perfil,snapshot_date,creación del perfil,candidato identificado,seguidores,seguidos,fecha post,tipo de post,url post,comparticiones,comentarios,reacciones en total,me gusta,me encanta,me divierte,me entristece,me sorprende,me enoja,me importa,contenido
Coordinadora de la Mujer - Observatorio de Género BO,https://www.facebook.com/CoordinadoraBO,2025-05-22,2011-11-30,no,21000,0,2025-05-17,post,https://www.facebook.com/share/v/16CMXoJimk/,14,1,,35,0,0,0,0,0,0, ¡OJO organizaciones políticas y alianzas! Estos son los requisitos para el registro de candidaturas rumbo a las #EleccionesNacionales2025 después no se podrá subsanar… Ver más
Coordinadora de la Mujer - Observatorio de Género BO,https://www.facebook.com/CoordinadoraBO,2025-05-22,2011-11-30,no,21000,0,2025-05-19,post,not-found-post-url-203627,14,8,,38,11,0,0,1,0,3,
Coordinadora de la Mujer - Observatorio de Género BO,https://www.facebook.com/CoordinadoraBO,2025-05-22,2011-11-30,no,21000,0,2025-05-19,post,https://www.facebook.com/share/p/1DhPYP24sV/,37,2,,51,0,1,0,0,0,0," La paridad es un derecho, no un favor.… Ver más"
Coordinadora de la Mujer - Observatorio de Género BO,https://www.facebook.com/CoordinadoraBO,2025-05-22,2011-11-30,no,21000,0,2025-05-19,post,https://www.facebook.com/CoordinadoraBO/posts/pfbid02ZcYAsPCTjGs2KfQ48JpED3QgZpvu8aCEgEzMhCZt1H82WsoEJ9AP1aJjopxQrByil,4,2,,0,0,0,0,0,0,0,"#EleccionesNacionales2025
Dentro y fuera del Tribunal Supremo Electoral, la #CoordinadoraDeLaMujer como parte el Movimiento #JuntasHacemosHistoria, vigilante al cumpl… Ver más"
Coordinadora de la Mujer - Observatorio de Género BO,https://www.facebook.com/CoordinadoraBO,2025-05-22,2011-11-30,no,21000,0,2025-05-19,post,https://www.facebook.com/share/p/19EVjMUEom/,20,8,,0,0,0,0,0,0,0,"#Ahora #19M
Hoy es un día clave en el calendario electoral, que marca el cierre del período de inscripciones de candidaturas, rumbo a las #eleccionesbolivia2025… Ver más"
Coordinadora de la Mujer - Observatorio de Género BO,https://www.facebook.com/CoordinadoraBO,2025-05-22,2011-11-30,no,21000,0,2025-05-20,post,not-found-post-url--233542,0,0,,0,0,0,0,0,0,0,"#Tarija #EleccionesNacionales2025
  #19Mayo
𝐌𝐨𝐯𝐢𝐥𝐢𝐳𝐚𝐜𝐢𝐨́𝐧 𝐍𝐚𝐜𝐢𝐨𝐧𝐚𝐥 𝐩𝐨𝐫 𝐥𝐚 𝐩𝐚𝐫𝐢𝐝𝐚𝐝
Desde Tarija, mujeres organizada… Ver más"
Coordinadora de la Mujer - Observatorio de Género BO,https://www.facebook.com/CoordinadoraBO,2025-05-22,2011-11-30,no,21000,0,2025-05-20,post,not-found-post-url--101663,0,0,,0,0,0,0,0,0,0,"#LaPaz #EleccionesNacionales2025  #19Mayo 
𝐌𝐨𝐯𝐢𝐥𝐢𝐳𝐚𝐜𝐢𝐨́𝐧 𝐍𝐚𝐜𝐢𝐨𝐧𝐚𝐥 𝐩𝐨𝐫 𝐥𝐚 𝐩𝐚𝐫𝐢𝐝𝐚𝐝
¡Así se vivió la movilización … Ver más"
Coordinadora de la Mujer - Observatorio de Género BO,https://www.facebook.com/CoordinadoraBO,2025-05-22,2011-11-30,no,21000,0,2025-05-21,post,not-found-post-url-504591,0,0,,0,0,0,0,0,0,0,"#ForoInternacionalDeCuidados
¿Por qué hablar de sistemas de cuidado? 
… Ver más"
Coordinadora de la Mujer - Observatorio de Género BO,https://www.facebook.com/CoordinadoraBO,2025-05-22,2011-11-30,no,21000,0,2025-05-21,post,not-found-post-url--343929,0,0,,19,0,0,0,0,0,0, Paridad incompleta = Democracia incompleta… Ver más
Coordinadora de la Mujer - Observatorio de Género BO,https://www.facebook.com/CoordinadoraBO,2025-05-22,2011-11-30,no,21000,0,2025-05-21,post,not-found-post-url--308114,0,0,,0,0,0,0,0,0,0,"#ForoInternacionalDeCuidados
#LaPaz es sede de un diálogo fundamental: el Foro Internacional ""Hacia la Construcción de Sistemas de Cuidado en Bolivia"". … Ver más"
Coordinadora de la Mujer - Observatorio de Género BO,https://www.facebook.com/CoordinadoraBO,2025-05-22,2011-11-30,no,21000,0,2025-05-22,post,not-found-post-url-286918,0,0,,1,0,0,0,0,0,0,"#Emprendimiento #LaPaz 
 
 ¡El 28 y 29 de mayo participaremos en la Feria de MyPES! 
 A través del proyecto Emprender para Crecer y Fortalecer, apoyando y financiado p… Ver más"
Coordinadora de la Mujer - Observatorio de Género BO,https://www.facebook.com/CoordinadoraBO,2025-05-22,2011-11-30,no,21000,0,2025-05-22,post,not-found-post-url-371076,1,2,,0,0,0,0,0,0,0," Iniciamos la segunda jornada del ""Foro Internacional hacia la construcción de sistemas de cuidado"". Dialogando sobre economía del cuidado, trabajo decente y hallazgos… Ver más"
Coordinadora de la Mujer - Observatorio de Género BO,https://www.facebook.com/CoordinadoraBO,2025-06-02,2011-11-30,no,21000,0,2025-05-26,post,https://www.facebook.com/share/v/1BtGeAzFM1/,25,1,,0,0,0,0,0,0,0," ¿Sabías que aunque el 50% de las candidaturas son mujeres…
 ...la mayoría de las listas para diputaciones plurinominales siguen encabezadas por hombres? 
… Ver más"
Coordinadora de la Mujer - Observatorio de Género BO,https://www.facebook.com/CoordinadoraBO,2025-06-02,2011-11-30,no,21000,0,2025-05-27,post,https://www.facebook.com/share/p/1EYn7vaK58/,4,1,,6,0,0,0,0,0,0,"¡Junt@s emprendemos!
¡Estamos emocionadas de ser parte de la Feria de MyPES! un espacio para la creatividad y la innovación de emprendedoras y emprendedores bolivianos.… Ver más"
Coordinadora de la Mujer - Observatorio de Género BO,https://www.facebook.com/CoordinadoraBO,2025-06-02,2011-11-30,no,21000,0,2025-05-27,post,https://www.facebook.com/share/p/1AZmeeexdx/,5,4,,0,0,0,0,0,0,0,"La directora ejecutiva de la #CoordinadoraDeLaMujer, Tania Sánchez Montaño participará de este importante espacio de análisis y reflexión. 
Tema: LAS MUJERES EN LA POLÍ… Ver más"
Coordinadora de la Mujer - Observatorio de Género BO,https://www.facebook.com/CoordinadoraBO,2025-06-02,2011-11-30,no,21000,0,2025-05-28,post,2025-05-28,13,11,49,38,6,3,0,0,0,2,MARCHA POR LA DEMOCRACIA… Ver más
Coordinadora de la Mujer - Observatorio de Género BO,https://www.facebook.com/CoordinadoraBO,2025-06-02,2011-11-30,no,21000,0,2025-05-28,post,https://www.facebook.com/share/p/1BehDJvoad/,3,1,,0,0,0,0,0,0,0,"#Ahora #LaPaz
Conectamos emprendimientos y generamos oportunidades!… Ver más"
Coordinadora de la Mujer - Observatorio de Género BO,https://www.facebook.com/CoordinadoraBO,2025-06-02,2011-11-30,no,21000,0,2025-05-28,post,https://www.facebook.com/share/v/1E26X1srmc/,1,1,,5,0,0,0,0,0,0,"#VocesLGBTIQ+ 
 ¡Todas las familias valen, todas las familias cuentan!
 Escu… Ver más"
Coordinadora de la Mujer - Observatorio de Género BO,https://www.facebook.com/CoordinadoraBO,2025-06-02,2011-11-30,no,21000,0,2025-05-29,post,https://www.facebook.com/share/p/12HxrWWmEcQ/,4,1,,0,0,0,0,0,0,0,"¡𝐀𝐬𝐢́ 𝐜𝐞𝐫𝐫𝐚𝐦𝐨𝐬 𝐥𝐚 𝐅𝐞𝐫𝐢𝐚 𝐌𝐲𝐏𝐄𝐒 “𝐉𝐮𝐧𝐭@𝐬 𝐄𝐦𝐩𝐫𝐞𝐧𝐝𝐞𝐦𝐨𝐬”! 
Más que una feria, fue un espacio de encuentro, aprendizaje y compromiso con el emprendimiento local.
Gracias a qu… Ver más"
Coordinadora de la Mujer - Observatorio de Género BO,https://www.facebook.com/CoordinadoraBO,2025-06-02,2011-11-30,no,21000,0,2025-05-29,post,https://www.facebook.com/share/p/1AUpZK1k2q/,0,0,,5,0,0,0,0,0,0,"¡Feria de MyPES “Junt@s Emprendemos”
 Conoce los emprendimientos de La Paz, Cochabamba y Tarija que presentan sus productos en la Plaza Bicentenario y Atrio de la UMSA… Ver más"
Coordinadora de la Mujer - Observatorio de Género BO,https://www.facebook.com/CoordinadoraBO,2025-06-02,2011-11-30,no,21000,0,2025-05-29,post,https://www.facebook.com/share/p/1AWnnka4Dh/,5,2,,21,1,0,0,0,0,0,"Tania Sánchez Montaño, directora de la Coordinadora de la Mujer - Observatorio de Género BO, participa en el programa Sumando Voces: 𝐋𝐀𝐒 𝐌𝐔𝐉𝐄𝐑𝐄𝐒 𝐄𝐍 𝐋𝐀 𝐏𝐎𝐋𝐈́𝐓𝐈𝐂𝐀 𝐁𝐎𝐋𝐈𝐕𝐈𝐀… Ver más"
Coordinadora de la Mujer - Observatorio de Género BO,https://www.facebook.com/CoordinadoraBO,2025-06-02,2011-11-30,no,21000,0,2025-05-29,post,https://www.facebook.com/share/p/15iYye5A8u/,11,1,,0,0,0,0,0,0,0,"#Hoy
¡Último día de la Feria MyPES “Junt@s Emprendemos”!… Ver más"
Coordinadora de la Mujer - Observatorio de Género BO,https://www.facebook.com/CoordinadoraBO,2025-06-02,2011-11-30,no,21000,0,2025-05-30,post,https://www.facebook.com/share/p/1C5LbhbZzF/,5,0,,0,0,0,0,0,0,0,"#TallerMiniProyectosRFSU2025 #DSDR #VidaLibreDeViolencia
 Fortalecer la incidencia en DSDR es también una acción política.… Ver más"
Coordinadora de la Mujer - Observatorio de Género BO,https://www.facebook.com/CoordinadoraBO,2025-06-11,2011-11-30,no,21000,0,2025-06-02,post,https://www.facebook.com/share/v/1EikKNqRcn/,2,0,13,0,0,0,0,0,0,0,"¿Necesitas un espacio seguro para hablar? 
El Chatbot Andy es tu aliado en la #UMSA  para denunciar acoso y violencia sexual. 
Tu… Ver más"
Coordinadora de la Mujer - Observatorio de Género BO,https://www.facebook.com/CoordinadoraBO,2025-06-10,2011-11-30,no,21000,0,2025-06-02,post,https://www.facebook.com/share/v/1AvAfdQRpn/,2,0,13,0,0,0,0,0,0,0,"¿Necesitas un espacio seguro para hablar? 
El Chatbot Andy es tu aliado en la #UMSA  para denunciar acoso y violencia sexual. 
Tu… Ver más"
Coordinadora de la Mujer - Observatorio de Género BO,https://www.facebook.com/CoordinadoraBO,2025-06-10,2011-11-30,no,21000,0,2025-06-03,post,https://www.facebook.com/share/v/1J74SfnFrL/,1,0,13,0,0,0,0,0,0,0,"#VocesLGBTIQ+ 
”𝐒𝐚𝐥𝐮𝐝, 𝐞𝐝𝐮𝐜𝐚𝐜𝐢𝐨́𝐧 𝐲 𝐣𝐮𝐬𝐭𝐢𝐜𝐢𝐚 𝐬𝐨𝐧 𝐭𝐞𝐦𝐚𝐬 𝐩𝐫𝐢𝐨𝐫𝐢𝐭𝐚𝐫𝐢𝐨𝐬 𝐞𝐧 la #𝐀𝐠𝐞𝐧𝐝𝐚𝐋𝐆𝐁𝐓𝐈𝐐+” 
 Para Wendy Balderrama, de la Asociación Equidad Oruro y Co… Ver más"
Coordinadora de la Mujer - Observatorio de Género BO,https://www.facebook.com/CoordinadoraBO,2025-06-11,2011-11-30,no,21000,0,2025-06-03,post,https://www.facebook.com/share/v/1HCoHbb4hk/,1,0,13,0,0,0,0,0,0,0,"#VocesLGBTIQ+ 
”𝐒𝐚𝐥𝐮𝐝, 𝐞𝐝𝐮𝐜𝐚𝐜𝐢𝐨́𝐧 𝐲 𝐣𝐮𝐬𝐭𝐢𝐜𝐢𝐚 𝐬𝐨𝐧 𝐭𝐞𝐦𝐚𝐬 𝐩𝐫𝐢𝐨𝐫𝐢𝐭𝐚𝐫𝐢𝐨𝐬 𝐞𝐧 la #𝐀𝐠𝐞𝐧𝐝𝐚𝐋𝐆𝐁𝐓𝐈𝐐+” 
 Para Wendy Balderrama, de la Asociación Equidad Oruro y Co… Ver más"
Coordinadora de la Mujer - Observatorio de Género BO,https://www.facebook.com/CoordinadoraBO,2025-06-11,2011-11-30,no,21000,0,2025-06-03,post,https://www.facebook.com/share/p/16MPM88tHL/,2,2,15,0,0,0,0,0,0,0,"#Cochabamba  
Del 29 de mayo al 14 de junio, estamos construyendo políticas públicas para fortalecer los emprendimientos de jóvenes y mujeres. … Ver más"
Coordinadora de la Mujer - Observatorio de Género BO,https://www.facebook.com/CoordinadoraBO,2025-06-11,2011-11-30,no,21000,0,2025-06-03,post,https://www.facebook.com/share/v/1GDY2MQxfc/,5,2,32,0,0,0,0,0,0,0,"Todo empezó con una clase, pero terminó siendo una pesadilla.
El acoso en la universidad existe. No lo minimices #HASTuParte… Ver más"
Coordinadora de la Mujer - Observatorio de Género BO,https://www.facebook.com/CoordinadoraBO,2025-06-10,2011-11-30,no,21000,0,2025-06-03,post,https://www.facebook.com/share/p/1FfwL7CFrY/,2,2,15,0,0,0,0,0,0,0,"#Cochabamba  
Del 29 de mayo al 14 de junio, estamos construyendo políticas públicas para fortalecer los emprendimientos de jóvenes y mujeres. … Ver más"
Coordinadora de la Mujer - Observatorio de Género BO,https://www.facebook.com/CoordinadoraBO,2025-06-10,2011-11-30,no,21000,0,2025-06-03,post,https://www.facebook.com/share/v/15LYqPR6uy/,5,2,32,0,0,0,0,0,0,0,"Todo empezó con una clase, pero terminó siendo una pesadilla.
El acoso en la universidad existe. No lo minimices #HASTuParte… Ver más"
Coordinadora de la Mujer - Observatorio de Género BO,https://www.facebook.com/CoordinadoraBO,2025-06-10,2011-11-30,no,21000,0,2025-06-04,post,https://www.facebook.com/share/v/19c1HtbRU2/,11,2,24,0,0,0,0,0,0,0,"#MujeresEnPolítica
Si eres candidata, autoridad o militante, y enfrentas acoso o violencia política, tienes derecho a denunciar.… Ver más"
Coordinadora de la Mujer - Observatorio de Género BO,https://www.facebook.com/CoordinadoraBO,2025-06-10,2011-11-30,no,21000,0,2025-06-04,post,https://www.facebook.com/share/v/1FeUnLXNBv/,1,2,11,0,0,0,0,0,0,0,"#VocesLGBTIQ+ 
¡… Ver más"
Coordinadora de la Mujer - Observatorio de Género BO,https://www.facebook.com/CoordinadoraBO,2025-06-10,2011-11-30,no,21000,0,2025-06-04,post,https://www.facebook.com/share/v/1AYdKEHkSZ/,0,1,5,0,0,0,0,0,0,0,"#NiUnaMenos 
¡𝟏𝟎 𝐚𝐧̃𝐨𝐬 𝐝𝐞 𝐥𝐮𝐜𝐡𝐚 𝐪𝐮𝐞 𝐧𝐨𝐬 𝐮𝐧𝐞𝐧! 
 Nuestra directora, Ta… Ver más"
Coordinadora de la Mujer - Observatorio de Género BO,https://www.facebook.com/CoordinadoraBO,2025-06-11,2011-11-30,no,21000,0,2025-06-04,post,https://www.facebook.com/share/v/16Z6GvyLYR/,1,2,11,0,0,0,0,0,0,0,"#VocesLGBTIQ+ 
¡… Ver más"
Coordinadora de la Mujer - Observatorio de Género BO,https://www.facebook.com/CoordinadoraBO,2025-06-11,2011-11-30,no,21000,0,2025-06-04,post,https://www.facebook.com/share/v/14J4n4yRkEh/,0,1,5,0,0,0,0,0,0,0,"#NiUnaMenos 
¡𝟏𝟎 𝐚𝐧̃𝐨𝐬 𝐝𝐞 𝐥𝐮𝐜𝐡𝐚 𝐪𝐮𝐞 𝐧𝐨𝐬 𝐮𝐧𝐞𝐧! 
 Nuestra directora, Ta… Ver más"
Coordinadora de la Mujer - Observatorio de Género BO,https://www.facebook.com/CoordinadoraBO,2025-06-11,2011-11-30,no,21000,0,2025-06-04,post,https://www.facebook.com/share/v/1AtdFjHQ6d/,11,2,24,0,0,0,0,0,0,0,"#MujeresEnPolítica
Si eres candidata, autoridad o militante, y enfrentas acoso o violencia política, tienes derecho a denunciar.… Ver más"
Coordinadora de la Mujer - Observatorio de Género BO,https://www.facebook.com/CoordinadoraBO,2025-06-10,2011-11-30,no,21000,0,2025-06-05,post,https://www.facebook.com/share/p/15zfGcGBbJ/,1,7,140,0,0,0,0,0,0,0,"#DesAprendiendoLasViolencias
La sistematización del concurso DesAprendiendo las Violencias nos muestra experiencias pedagógicas y estrategias innovadoras de maestras y … Ver más"
Coordinadora de la Mujer - Observatorio de Género BO,https://www.facebook.com/CoordinadoraBO,2025-06-11,2011-11-30,no,21000,0,2025-06-05,post,https://www.facebook.com/share/p/1FLP4nPT5X/,1,8,165,0,0,0,0,0,0,0,"#DesAprendiendoLasViolencias
La sistematización del concurso DesAprendiendo las Violencias nos muestra experiencias pedagógicas y estrategias innovadoras de maestras y … Ver más"
Coordinadora de la Mujer - Observatorio de Género BO,https://www.facebook.com/CoordinadoraBO,2025-06-11,2011-11-30,no,21000,0,2025-06-06,post,https://www.facebook.com/share/v/19b6JWdQTz/,5,0,14,0,0,0,0,0,0,0,"¿Te ha pasado o lo has visto? ¡#Denuncia!
No normalices
… Ver más"
Coordinadora de la Mujer - Observatorio de Género BO,https://www.facebook.com/CoordinadoraBO,2025-06-11,2011-11-30,no,21000,0,2025-06-06,post,https://www.facebook.com/share/v/12JiRkT7T1G/,12,2,79,0,0,0,0,0,0,0,"#DesAprendiendoLasViolencias
 El concurso #DesAprendiendoLasViolencias revela cómo maestras y maestros están desafiando los estereotipos de género y aportando a la con… Ver más"
Coordinadora de la Mujer - Observatorio de Género BO,https://www.facebook.com/CoordinadoraBO,2025-06-11,2011-11-30,no,21000,0,2025-06-06,post,https://www.facebook.com/share/v/1FU8tMg1bH/,0,0,6,0,0,0,0,0,0,0,"#VocesLGBTIQ+
En un mundo que insiste en silenciar sus voces, hablar de la salud y los derechos de las personas LGBTIQ+ es una necesidad, no una opción. 
Pao… Ver más"
Coordinadora de la Mujer - Observatorio de Género BO,https://www.facebook.com/CoordinadoraBO,2025-06-11,2011-11-30,no,21000,0,2025-06-06,post,https://www.facebook.com/share/p/1CAHrhAEF4/,3,2,21,0,0,0,0,0,0,0,"#díadelmaestroymaestra
Hoy, 6 de junio, saludamos en su día a las y los maestrxs, en Bolivia. … Ver más"
Coordinadora de la Mujer - Observatorio de Género BO,https://www.facebook.com/CoordinadoraBO,2025-06-11,2011-11-30,no,21000,0,2025-06-06,post,https://www.facebook.com/share/p/1EX4GN7ugU/,1,0,7,0,0,0,0,0,0,0,"#DesAprendiendoLasViolencias
¡Hackeando la violencia con tecnología!… Ver más"
Coordinadora de la Mujer - Observatorio de Género BO,https://www.facebook.com/CoordinadoraBO,2025-06-10,2011-11-30,no,21000,0,2025-06-06,post,https://www.facebook.com/share/v/19cVuxoJsz/,8,1,65,0,0,0,0,0,0,0,"#DesAprendiendoLasViolencias
 El concurso #DesAprendiendoLasViolencias revela cómo maestras y maestros están desafiando los estereotipos de género y aportando a la con… Ver más"
Coordinadora de la Mujer - Observatorio de Género BO,https://www.facebook.com/CoordinadoraBO,2025-06-11,2011-11-30,no,21000,0,2025-06-06,post,https://www.facebook.com/share/p/1CoQNGqKZG/,18,3,27,0,0,0,0,0,0,0,Las mujeres representan solo el 45.7% de las candidaturas habilitadas.… Ver más
Coordinadora de la Mujer - Observatorio de Género BO,https://www.facebook.com/CoordinadoraBO,2025-06-10,2011-11-30,no,21000,0,2025-06-06,post,https://www.facebook.com/share/v/1G1aDg9cLF/,5,0,14,0,0,0,0,0,0,0,"¿Te ha pasado o lo has visto? ¡#Denuncia!
No normalices
… Ver más"
Coordinadora de la Mujer - Observatorio de Género BO,https://www.facebook.com/CoordinadoraBO,2025-06-10,2011-11-30,no,21000,0,2025-06-06,post,https://www.facebook.com/share/v/15QHG4WBKm/,1,0,8,0,0,0,0,0,0,0,"#MujeresEnPolítica
El acoso y la violencia política contra las mujeres no solo son injusticias, sino también delitos penales.… Ver más"
Coordinadora de la Mujer - Observatorio de Género BO,https://www.facebook.com/CoordinadoraBO,2025-06-10,2011-11-30,no,21000,0,2025-06-06,post,https://www.facebook.com/share/v/16XKLH1hJs/,0,0,6,0,0,0,0,0,0,0,"#VocesLGBTIQ+
En un mundo que insiste en silenciar sus voces, hablar de la salud y los derechos de las personas LGBTIQ+ es una necesidad, no una opción. 
Pao… Ver más"
Coordinadora de la Mujer - Observatorio de Género BO,https://www.facebook.com/CoordinadoraBO,2025-06-10,2011-11-30,no,21000,0,2025-06-07,post,https://www.facebook.com/share/v/1YTEbCng2i/,0,0,5,0,0,0,0,0,0,0,"¡#HASTuParte y denuncia el acoso!
 
 Cada voz cuenta, cada acción importa.  Si eres testigo o víctima, tu valentía puede cambiarlo todo. 
… Ver más"
Coordinadora de la Mujer - Observatorio de Género BO,https://www.facebook.com/CoordinadoraBO,2025-06-11,2011-11-30,no,21000,0,2025-06-09,post,https://www.facebook.com/share/p/16XGdKmdkL/,5,0,9,0,0,0,0,0,0,0,"#DesAprendiendoLasViolencias
El  concurso DesAprendiendo las Violencias nos muestra experiencias pedagógicas y estrategias innovadoras de maestras y maestros, desde un … Ver más"
Coordinadora de la Mujer - Observatorio de Género BO,https://www.facebook.com/CoordinadoraBO,2025-06-10,2011-11-30,no,21000,0,2025-06-09,post,https://www.facebook.com/share/p/1AiZ5jUm8g/,3,0,8,0,0,0,0,0,0,0,"#DesAprendiendoLasViolencias
El  concurso DesAprendiendo las Violencias nos muestra experiencias pedagógicas y estrategias innovadoras de maestras y maestros, desde un … Ver más"
Coordinadora de la Mujer - Observatorio de Género BO,https://www.facebook.com/CoordinadoraBO,2025-06-11,2011-11-30,no,21000,0,2025-06-09,post,https://www.facebook.com/share/p/1Vhawxmstr/,7,2,35,0,0,0,0,0,0,0,"#Ahora
Nos adherimos al #Pronunciamiento de la Defensoría del Pueblo Bolivia y más de 50 instituciones de la sociedad civil.… Ver más"
Coordinadora de la Mujer - Observatorio de Género BO,https://www.facebook.com/CoordinadoraBO,2025-06-11,2011-11-30,no,21000,0,2025-06-09,post,https://www.facebook.com/share/p/15SEfv4edR/,7,0,18,0,0,0,0,0,0,0,"Ante los altos niveles de conflictividad que vive #bolivia en estos momentos, colectivos, organizaciones y activistas de la sociedad civil organizada hacemos un llama… Ver más"
Coordinadora de la Mujer - Observatorio de Género BO,https://www.facebook.com/CoordinadoraBO,2025-06-10,2011-11-30,no,21000,0,2025-06-09,post,https://www.facebook.com/share/p/1Bni8Trvxm/,6,0,14,0,0,0,0,0,0,0,"Ante los altos niveles de conflictividad que vive #bolivia en estos momentos, colectivos, organizaciones y activistas de la sociedad civil organizada hacemos un llama… Ver más"
Coordinadora de la Mujer - Observatorio de Género BO,https://www.facebook.com/CoordinadoraBO,2025-06-10,2011-11-30,no,21000,0,2025-06-09,post,https://www.facebook.com/share/p/12LaTkwrdnu/,1,0,7,0,0,0,0,0,0,0,"#DesAprendiendoLasViolencias
La creatividad es una herramienta de transformación.… Ver más"
Coordinadora de la Mujer - Observatorio de Género BO,https://www.facebook.com/CoordinadoraBO,2025-06-10,2011-11-30,no,21000,0,2025-06-09,post,https://www.facebook.com/share/v/1Ai8pDVn4i/,0,0,3,0,0,0,0,0,0,0,"#VocesLGBTIQ+   
¡𝐄𝐬 𝐭𝐢𝐞𝐦𝐩𝐨 𝐝𝐞 𝐜𝐨𝐧𝐬𝐭𝐫𝐮𝐢𝐫 𝐮𝐧 𝐩𝐚𝐢́𝐬 𝐝𝐞𝐬𝐝𝐞 𝐥𝐚𝐬 𝐩𝐥𝐮𝐫𝐚𝐥𝐢𝐝𝐚𝐝𝐞𝐬 𝐲 𝐝𝐢𝐯𝐞𝐫𝐬𝐢𝐝𝐚𝐝𝐞𝐬!
La #AgendaPorLasDiversidades se construye con la participació… Ver más"
Coordinadora de la Mujer - Observatorio de Género BO,https://www.facebook.com/CoordinadoraBO,2025-06-11,2011-11-30,no,21000,0,2025-06-10,post,https://www.facebook.com/share/v/15vJiWWMqH/,2,1,5,0,0,0,0,0,0,0,"#DesAprendiendoLasViolencias
¿Cómo usarías la tecnología para prevenir la violencia en tu… Ver más"
Coordinadora de la Mujer - Observatorio de Género BO,https://www.facebook.com/CoordinadoraBO,2025-06-11,2011-11-30,no,21000,0,2025-06-10,post,https://www.facebook.com/share/v/15294XWpt7/,3,1,9,0,0,0,0,0,0,0,"#MujeresEnPolítica
Si eres víctima de acoso o violencia política, también puedes acudir a la #viaconstitucional.… Ver más"
Coordinadora de la Mujer - Observatorio de Género BO,https://www.facebook.com/CoordinadoraBO,2025-06-11,2011-11-30,no,21000,0,2025-06-10,post,https://www.facebook.com/share/v/19PioAAB13/,1,0,6,0,0,0,0,0,0,0," ¿Sabes identificar el Hostigamiento y Acoso Sexual (HAS)? 
¿𝐅𝐚𝐯𝐨𝐫𝐞𝐬 𝐩𝐚𝐫𝐚 𝐚𝐩𝐫𝐨𝐛𝐚𝐫? ¿𝐈𝐧𝐯𝐢𝐭𝐚𝐜𝐢𝐨𝐧𝐞𝐬 𝐚 𝐜𝐚𝐟𝐞́ 𝐜𝐨𝐧 𝐮𝐧 𝐝𝐨𝐜𝐞𝐧𝐭𝐞? 
 𝐄𝐬 𝐦𝐨𝐦𝐞𝐧𝐭𝐨 𝐝𝐞 𝐡𝐚𝐛𝐥𝐚𝐫 𝐜𝐥𝐚𝐫𝐨.
El hostiga… Ver más"
