nombre perfil,url perfil,snapshot_date,creación del perfil,candidato identificado,seguidores,seguidos,fecha post,url post,comparticiones,comentarios,reacciones en total,me gusta,me encanta,me divierte,me entristece,me sorprende,me enoja,me importa,contenido
Por la vida de las mujeres,https://www.facebook.com/Porlavidadelasmujeres.Bolivia,2025-05-23,2013-12-19,no,16000,0,2025-05-18,not-found-post-url-18113,0,0,,0,0,0,0,0,0,0,"Si no es con ternura, es lo mismo de siempre"
Por la vida de las mujeres,https://www.facebook.com/Porlavidadelasmujeres.Bolivia,2025-05-22,2013-12-19,no,16000,0,2025-05-18,not-found-post-url--256195,0,0,,0,0,0,0,0,0,0,"Si no es con ternura, es lo mismo de siempre"
Por la vida de las mujeres,https://www.facebook.com/Porlavidadelasmujeres.Bolivia,2025-06-02,2013-12-19,no,16000,0,2025-05-26,https://www.facebook.com/share/p/1Jat2juRYM/,0,0,,0,0,0,0,0,0,0,https://www.facebook.com/100069134842039/posts/1029385569375928/?mibextid=rS40aB7S9Ucbxw6v
Por la vida de las mujeres,https://www.facebook.com/Porlavidadelasmujeres.Bolivia,2025-06-02,2013-12-19,no,16000,0,2025-05-27,https://www.facebook.com/share/p/12Gqyx816KF/,3,1,,0,0,0,0,0,0,0,Cuando la soledad también es una opción de libertad
Por la vida de las mujeres,https://www.facebook.com/Porlavidadelasmujeres.Bolivia,2025-06-02,2013-12-19,no,16000,0,2025-05-27,https://www.facebook.com/share/p/1HMjkajd8Z/,0,0,,0,0,0,0,0,0,0,"Día de la madre boliviana, en medio de la crisis económica, el machismo de las elecciones nacionales de agosto y del trabajo doméstico que nunca acaba"
Por la vida de las mujeres,https://www.facebook.com/Porlavidadelasmujeres.Bolivia,2025-06-02,2013-12-19,no,16000,0,2025-05-28,https://www.facebook.com/share/p/1WWo7pTBdt/,0,0,,0,0,0,0,0,0,0,"También se vale 
h… Ver más"
Por la vida de las mujeres,https://www.facebook.com/Porlavidadelasmujeres.Bolivia,2025-06-02,2013-12-19,no,16000,0,2025-05-29,https://www.facebook.com/share/p/19LEgo5ij7/,9,0,,0,0,0,0,0,0,0,h… Ver más
Por la vida de las mujeres,https://www.facebook.com/Porlavidadelasmujeres.Bolivia,2025-06-02,2013-12-19,no,16000,0,2025-05-31,https://www.facebook.com/share/p/18xt9gc9hm/,0,0,,0,0,0,0,0,0,0,"Sus guerras patriarcales, imperialistas, gen0cid4s y encubiertas por su fe: no hay peor odio que el ""amor"" de un sionista por Sión… Ver más"
Por la vida de las mujeres,https://www.facebook.com/Porlavidadelasmujeres.Bolivia,2025-06-02,2013-12-19,no,16000,0,2025-06-01,https://www.facebook.com/share/p/1EeHxiJLVb/,0,0,,0,0,0,0,0,0,0,Nuestros sueños no caben en sus urnas!!!… Ver más
