nombre perfil,url perfil,snapshot_date,creación del perfil,candidato identificado,seguidores,seguidos,fecha post,tipo de post,url post,comparticiones,comentarios,reacciones en total,me gusta,me encanta,me divierte,me entristece,me sorprende,me enoja,me importa,contenido
MARIBEL AVALOS PADILLA,https://www.facebook.com/maribel.avalos.370,2025-07-23,,no,0,0,2025-07-19,reel,/reel/1368635124220041/?s=single_unit&__cft__[0]=AZXgkVQ2DAUaSkI5C7S8dgqA32TB8cgRc0sO1ykTXAzcZRWpHlL7IjmlSt5IsyLZleVm6ENwy8Pn8DyJa2pGBg4V5-_47fkOT9fhc7hQ5OS9fjcsCcSfoiNXPfYopt_qCmqOWrwMV2llpukElz37joinzqcHxZnGXWCXjju8cQcrMX2BA9XM45wY6XjLf3rOm7Y&__tn__=H-R,0,0,0,0,0,0,0,0,0,0,"Hoy estuvimos en La Asunta para entregar con mucho cariño seis importantes proyectos, como ser la Unidad Educativa ""La Calzada"", tres puentes vehicula… Ver más"
MARIBEL AVALOS PADILLA,https://www.facebook.com/maribel.avalos.370,2025-07-23,,no,0,0,2025-07-21,reel,/reel/1076314740736526/?s=single_unit&__cft__[0]=AZW9Gamw_RAJMNrK3XYcsRFxC6mgIKonBul6TFZ6ydIFnFEj1PdIPKGwxgj9bIjvjuldDZWhzwd6oX7TMulUvPr9mq8MQv7xVJ6HaUzlciyt6CFeAk5BodRPzX6LkF4Eny2qWYY9PuqDpksXgL215TfGDllfcmIA-noSvpgZ_58ChqaNoFf4z-lBP4aMJkgLn8U&__tn__=H-R,0,0,0,0,0,0,0,0,0,0,¡Bolivianos y bolivianas debemos proteger nuestros recursos naturales de quienes quieren usarlos para sus beneficios personales! #NoALosBaronesDelLitio
MARIBEL AVALOS PADILLA,https://www.facebook.com/maribel.avalos.370,2025-07-23,,no,0,0,2025-07-22,post,https://www.facebook.com/share/p/178XMMdimg/,0,0,1,0,0,1,0,0,0,0,
MARIBEL AVALOS PADILLA,https://www.facebook.com/maribel.avalos.370,2025-07-23,,no,0,0,2025-07-22,post,https://www.facebook.com/share/p/16dZ5NMbSQ/,0,0,0,0,0,0,0,0,0,0,
MARIBEL AVALOS PADILLA,https://www.facebook.com/maribel.avalos.370,2025-07-23,,no,0,0,2025-07-22,post,https://www.facebook.com/share/p/1Ahiw1UKF9/,0,0,1,0,1,0,0,0,0,0,
MARIBEL AVALOS PADILLA,https://www.facebook.com/maribel.avalos.370,2025-07-30,,no,0,0,2025-07-22,post,https://www.facebook.com/share/p/1EZghxVVUc/,0,0,0,0,0,0,0,0,0,0,
MARIBEL AVALOS PADILLA,https://www.facebook.com/maribel.avalos.370,2025-07-30,,no,0,0,2025-07-22,post,https://www.facebook.com/share/p/19Kemeub2c/,0,0,1,1,0,0,0,0,0,0,
MARIBEL AVALOS PADILLA,https://www.facebook.com/maribel.avalos.370,2025-07-30,,no,0,0,2025-07-22,post,https://www.facebook.com/share/p/17KQwxvvje/,0,0,3,2,0,1,0,0,0,0,
MARIBEL AVALOS PADILLA,https://www.facebook.com/maribel.avalos.370,2025-07-30,,no,0,0,2025-07-22,post,https://www.facebook.com/maribel.avalos.370/posts/pfbid02FfaxZxGsun5NmvNYYr9FeGRTM5DTcRLpQMZLyUuxU8znaq3yG7PLgukHNExVW7Uhl,0,0,3,1,2,0,0,0,0,0,
MARIBEL AVALOS PADILLA,https://www.facebook.com/maribel.avalos.370,2025-07-23,,no,0,0,2025-07-22,post,https://www.facebook.com/share/p/16Br9mjoFL/,0,0,0,0,0,0,0,0,0,0,
MARIBEL AVALOS PADILLA,https://www.facebook.com/maribel.avalos.370,2025-07-23,,no,0,0,2025-07-22,post,https://www.facebook.com/share/1YyiQWasvs/,1,5,27,17,0,9,0,0,0,1,
MARIBEL AVALOS PADILLA,https://www.facebook.com/maribel.avalos.370,2025-07-30,,no,0,0,2025-07-22,post,https://www.facebook.com/share/p/1Crj4SXp4w/,1,1,5,4,0,1,0,0,0,0,"Que viva la unidad del pueblo boliviano organizado!! Que vivan los bonos Juancito pinto, Juana Azurduy, renta dignidad, subsidios y otros!! Que vivan nuestras empresas estratégicas y las plantas industriales del pueblo boliviano!! Adelante el Proceso de Cambio!!
#LuchoPorBolivia
#EduardoPresidenteMilanVice
#MaribelDiputada"
MARIBEL AVALOS PADILLA,https://www.facebook.com/maribel.avalos.370,2025-07-30,,no,0,0,2025-07-22,post,https://www.facebook.com/share/p/1FERzcGi7p/,0,0,0,0,0,0,0,0,0,0,
MARIBEL AVALOS PADILLA,https://www.facebook.com/maribel.avalos.370,2025-07-30,,no,0,0,2025-07-22,post,https://www.facebook.com/share/1Qfzucd5op/,1,5,29,18,0,9,0,0,1,1,
MARIBEL AVALOS PADILLA,https://www.facebook.com/maribel.avalos.370,2025-07-30,,no,0,0,2025-07-23,post,https://www.facebook.com/share/p/1Pcdq52QsY/,0,2,2,1,1,0,0,0,0,0,"#BoliviaPrimero
#EduardoPresidente
#MilanVicepresidente
#MaribelDiputada"
MARIBEL AVALOS PADILLA,https://www.facebook.com/maribel.avalos.370,2025-07-30,,no,0,0,2025-07-23,post,https://www.facebook.com/share/1Y74aWrKvU/,2,6,32,23,1,8,0,0,0,0,
MARIBEL AVALOS PADILLA,https://www.facebook.com/maribel.avalos.370,2025-07-30,,no,0,0,2025-07-23,post,https://www.facebook.com/share/p/1PJ54VVNZ2/,2,2,9,4,0,5,0,0,0,0,
MARIBEL AVALOS PADILLA,https://www.facebook.com/maribel.avalos.370,2025-07-30,,no,0,0,2025-07-23,post,https://www.facebook.com/maribel.avalos.370/posts/pfbid029mRxEzgyLAKLsscmNKE2PCbtoSmjfEoBtxahZ5gzroCJ1tK5J6JWy6vVWCvm6PyTl,0,0,1,1,0,0,0,0,0,0,"Hay que rescatar también a los niños de las garras de ése delincuente, psicópata, pedófilo, pederasta"
MARIBEL AVALOS PADILLA,https://www.facebook.com/maribel.avalos.370,2025-07-30,,no,0,0,2025-07-24,post,https://www.facebook.com/share/p/1CBKLRmKjZ/,3,7,24,12,2,10,0,0,0,0,"Movimiento Al Socialismo - Instrumento Político por la Soberanía por los Pueblos (MAS-IPSP) llama a la Unidad de los partidos de izquierda para la unificación del país.
Junto a su Pueblo #MaribelÁvalos - Diputada C-6
#Eduardopresidente… Ver más"
MARIBEL AVALOS PADILLA,https://www.facebook.com/maribel.avalos.370,2025-07-30,,no,0,0,2025-07-24,post,https://www.facebook.com/share/p/1G3wx2uaiF/,0,0,1,0,0,1,0,0,0,0,
MARIBEL AVALOS PADILLA,https://www.facebook.com/maribel.avalos.370,2025-07-30,,no,0,0,2025-07-24,post,https://www.facebook.com/share/v/1DHiMR9Rcj/,1,0,3,3,0,0,0,0,0,0,"𝘼𝙀𝙍𝙊𝙋𝙐𝙀𝙍𝙏𝙊 𝘾𝙍𝙐𝘾𝙀𝙉̃𝙊 𝙀𝙇 𝙏𝙍𝙊𝙈𝙋𝙄𝙇𝙇𝙊 𝙍𝙀𝙄𝙉𝙄𝘾𝙄𝘼 𝙊𝙋𝙀𝙍𝘼𝘾𝙄𝙊𝙉𝙀𝙎 𝘾𝙊𝙈𝙀𝙍𝘾𝙄𝘼𝙇𝙀𝙎 𝙔 𝘽𝙊𝘼 𝘼𝘽𝙍𝙀 𝙉𝙐𝙀𝙑𝘼𝙎 𝙍𝙐𝙏𝘼𝙎 𝙍𝙀𝙂𝙄𝙊𝙉𝘼𝙇𝙀𝙎
23/07/25
Luego de ocho años, este miércoles se reiniciaron las operaciones comerciales desde el aeropuerto de El Trompillo de la ciudad de Santa Cruz. Se hicieron mejoras que demandaron Bs 11,2 millones con la mirada en convertirlo en un “hub nacional” para integrar a más regiones del país.
Boliviana de Aviación (BoA) inició vuelos a Guayaramerín, en el departamento de Beni… Ver más"
MARIBEL AVALOS PADILLA,https://www.facebook.com/maribel.avalos.370,2025-07-30,,no,0,0,2025-07-24,post,https://www.facebook.com/share/p/16nB45hQsm/,0,0,0,0,0,0,0,0,0,0,
MARIBEL AVALOS PADILLA,https://www.facebook.com/maribel.avalos.370,2025-07-30,,no,0,0,2025-07-24,post,https://www.facebook.com/share/p/1B8YSFCPFw/,0,0,0,0,0,0,0,0,0,0,
MARIBEL AVALOS PADILLA,https://www.facebook.com/maribel.avalos.370,2025-07-30,,no,0,0,2025-07-24,post,https://www.facebook.com/share/p/19sGFGLyfX/,1,4,10,0,0,0,0,0,0,0," ¡𝗘𝘀𝘁𝗲 𝗷𝘂𝗲𝘃𝗲𝘀 𝟮𝟰 𝗱𝗲 𝗷𝘂𝗹𝗶𝗼 𝗹𝗼𝘀 𝗲𝘀𝗽𝗲𝗿𝗮𝗺𝗼𝘀!
Te invitamos a la *GRAN APERTURA de nuestra CASA DE CAMPAÑA* junto a nuestros candidatos del MAS-IPSP. 
 Av. Simón Bolivar. (A lado de las velas)
https://maps.app.goo.gl/DLizeASg… Ver más"
MARIBEL AVALOS PADILLA,https://www.facebook.com/maribel.avalos.370,2025-07-30,,no,0,0,2025-07-24,post,https://www.facebook.com/share/v/18VhkScXAm/,0,0,3,3,0,0,0,0,0,0,"𝘼𝙀𝙍𝙊𝙋𝙐𝙀𝙍𝙏𝙊 𝘾𝙍𝙐𝘾𝙀𝙉̃𝙊 𝙀𝙇 𝙏𝙍𝙊𝙈𝙋𝙄𝙇𝙇𝙊 𝙍𝙀𝙄𝙉𝙄𝘾𝙄𝘼 𝙊𝙋𝙀𝙍𝘼𝘾𝙄𝙊𝙉𝙀𝙎 𝘾𝙊𝙈𝙀𝙍𝘾𝙄𝘼𝙇𝙀𝙎 𝙔 𝘽𝙊𝘼 𝘼𝘽𝙍𝙀 𝙉𝙐𝙀𝙑𝘼𝙎 𝙍𝙐𝙏𝘼𝙎 𝙍𝙀𝙂𝙄𝙊𝙉𝘼𝙇𝙀𝙎
23/07/25
Luego de ocho años, este miércoles se reiniciaron las operaciones comerciales desde el aeropuerto de El Trompillo de la ciudad de Santa Cruz. Se hicieron mejoras que demandaron Bs 11,2 millones con la mirada en convertirlo en un “hub nacional” para integrar a más regiones del país.
Boliviana de Aviación (BoA) inició vuelos a Guayaramerín, en el departamento de Beni… Ver más"
MARIBEL AVALOS PADILLA,https://www.facebook.com/maribel.avalos.370,2025-07-30,,no,0,0,2025-07-24,post,https://www.facebook.com/share/p/15snhp6Gec/,0,0,0,0,0,0,0,0,0,0,
MARIBEL AVALOS PADILLA,https://www.facebook.com/maribel.avalos.370,2025-07-30,,no,0,0,2025-07-26,post,https://www.facebook.com/share/p/1CyCakbYnh/,0,0,0,0,0,0,0,0,0,0,
MARIBEL AVALOS PADILLA,https://www.facebook.com/maribel.avalos.370,2025-07-30,,no,0,0,2025-07-26,post,https://www.facebook.com/share/p/1Y7mNYJNYV/,0,0,0,0,0,0,0,0,0,0,
MARIBEL AVALOS PADILLA,https://www.facebook.com/maribel.avalos.370,2025-07-30,,no,0,0,2025-07-26,post,https://www.facebook.com/share/p/1CytyePJVp/,0,0,0,0,0,0,0,0,0,0,
MARIBEL AVALOS PADILLA,https://www.facebook.com/maribel.avalos.370,2025-07-30,,no,0,0,2025-07-26,post,https://www.facebook.com/share/p/1ZvfXyhu4N/,0,0,0,0,0,0,0,0,0,0,
MARIBEL AVALOS PADILLA,https://www.facebook.com/maribel.avalos.370,2025-07-30,,no,0,0,2025-07-26,post,https://www.facebook.com/share/p/19FtjLX15p/,0,0,0,0,0,0,0,0,0,0,
MARIBEL AVALOS PADILLA,https://www.facebook.com/maribel.avalos.370,2025-07-30,,no,0,0,2025-07-26,post,https://www.facebook.com/share/p/19WMBFXs7E/,0,0,2,2,0,0,0,0,0,0,
MARIBEL AVALOS PADILLA,https://www.facebook.com/maribel.avalos.370,2025-07-30,,no,0,0,2025-07-26,post,https://www.facebook.com/share/p/18y55kPxaK/,1,2,3,3,0,0,0,0,0,0,
MARIBEL AVALOS PADILLA,https://www.facebook.com/maribel.avalos.370,2025-07-30,,no,0,0,2025-07-26,post,https://www.facebook.com/share/p/1Dz4Y83rP3/,1,0,0,0,0,0,0,0,0,0,
MARIBEL AVALOS PADILLA,https://www.facebook.com/maribel.avalos.370,2025-07-30,,no,0,0,2025-07-26,post,https://www.facebook.com/share/p/1B1ExBMLFY/,2,0,0,0,0,0,0,0,0,0," todos contra los politiqueros degenerados, psicópatas, pedófilos, pederastas violadores de niñas, niños y adolescentes que deben estar en cárceles de máxima seguridad y de por vida"
MARIBEL AVALOS PADILLA,https://www.facebook.com/maribel.avalos.370,2025-07-30,,no,0,0,2025-07-26,post,https://www.facebook.com/share/p/1B5C38znRg/,0,0,0,0,0,0,0,0,0,0,
MARIBEL AVALOS PADILLA,https://www.facebook.com/maribel.avalos.370,2025-07-30,,no,0,0,2025-07-26,post,https://www.facebook.com/share/p/1B8CT4fHvi/,0,0,0,0,0,0,0,0,0,0,
MARIBEL AVALOS PADILLA,https://www.facebook.com/maribel.avalos.370,2025-07-30,,no,0,0,2025-07-26,post,https://www.facebook.com/share/p/1CMVk7VRKm/,0,0,0,0,0,0,0,0,0,0,
MARIBEL AVALOS PADILLA,https://www.facebook.com/maribel.avalos.370,2025-07-30,,no,0,0,2025-07-26,post,https://www.facebook.com/maribel.avalos.370/posts/pfbid02HUyUQmEVdJbuCektpybdoi2vxqe9sgZJWvqZ34RkZL75xsUtj59G2Vjq2NtMPHZ2l,0,0,0,0,0,0,0,0,0,0,
MARIBEL AVALOS PADILLA,https://www.facebook.com/maribel.avalos.370,2025-07-30,,no,0,0,2025-07-26,post,https://www.facebook.com/share/p/15dFgWWMaa/,0,0,0,0,0,0,0,0,0,0,
MARIBEL AVALOS PADILLA,https://www.facebook.com/maribel.avalos.370,2025-07-30,,no,0,0,2025-07-27,post,https://www.facebook.com/share/p/1J4PTDQyp3/,0,0,0,0,0,0,0,0,0,0,
MARIBEL AVALOS PADILLA,https://www.facebook.com/maribel.avalos.370,2025-07-30,,no,0,0,2025-07-27,post,https://www.facebook.com/share/p/16ZojkZtYn/,0,0,0,0,0,0,0,0,0,0,
MARIBEL AVALOS PADILLA,https://www.facebook.com/maribel.avalos.370,2025-07-30,,no,0,0,2025-07-27,post,https://www.facebook.com/share/p/1Bu3RhjvvC/,0,0,0,0,0,0,0,0,0,0,
MARIBEL AVALOS PADILLA,https://www.facebook.com/maribel.avalos.370,2025-07-30,,no,0,0,2025-07-27,post,https://www.facebook.com/share/p/1HVL8cF8US/,0,0,0,0,0,0,0,0,0,0,
MARIBEL AVALOS PADILLA,https://www.facebook.com/maribel.avalos.370,2025-07-30,,no,0,0,2025-07-28,post,https://www.facebook.com/share/p/15knPozssE/,0,0,5,3,1,1,0,0,0,0,
MARIBEL AVALOS PADILLA,https://www.facebook.com/maribel.avalos.370,2025-07-30,,no,0,0,2025-07-28,post,https://www.facebook.com/share/v/1LpshwzsFn/,0,0,1,1,0,0,0,0,0,0,"𝗚𝗢𝗕𝗜𝗘𝗥𝗡𝗢 𝗗𝗘 𝗔𝗥𝗖𝗘 𝗘𝗡𝗙𝗥𝗘𝗡𝗧𝗢́ 𝗠𝗔́𝗦 𝗗𝗘 𝟳.𝟬𝟬𝟬 𝗖𝗢𝗡𝗙𝗟𝗜𝗖𝗧𝗢𝗦 𝗬 𝗘𝗟 𝗕𝗟𝗢𝗤𝗨𝗘𝗢 𝗘𝗡 𝗘𝗟 𝗟𝗘𝗚𝗜𝗦𝗟𝗔𝗧𝗜𝗩𝗢
28/07/25
En cerca de cinco años de gestión, el Gobierno nacional del presidente Luis Arce enfrentó más de 7.000 conflictos y un sabotaje en la Asamblea Legislativa que frenó la aprobación de créditos, impidiendo el ingreso de divisas a la economía, afirmó la viceministra de Comunicación, Gabriela Alcón.
“Son más de 7.000 los conflictos que se han llevado adelante duran… Ver más"
MARIBEL AVALOS PADILLA,https://www.facebook.com/maribel.avalos.370,2025-07-30,,no,0,0,2025-07-28,post,https://www.facebook.com/share/p/1BkZ2byoE5/,0,0,5,1,0,4,0,0,0,0,"¡Llegó el momento de poner a Bolivia primero!
#BoliviaPrimero #MASIPSP #EduardoPresidente #maribelávalos #milanvicepresidente #MaribelDiputada #UnidadPopular"
MARIBEL AVALOS PADILLA,https://www.facebook.com/maribel.avalos.370,2025-07-30,,no,0,0,2025-07-28,post,https://www.facebook.com/share/p/1AtF9LGgn3/,0,0,0,0,0,0,0,0,0,0,
MARIBEL AVALOS PADILLA,https://www.facebook.com/maribel.avalos.370,2025-07-30,,no,0,0,2025-07-28,post,https://www.facebook.com/share/p/1BFbovcTp6/,0,0,0,0,0,0,0,0,0,0,
MARIBEL AVALOS PADILLA,https://www.facebook.com/maribel.avalos.370,2025-07-30,,no,0,0,2025-07-28,post,https://www.facebook.com/share/p/1AJ1s5bqjq/,0,0,0,0,0,0,0,0,0,0,
MARIBEL AVALOS PADILLA,https://www.facebook.com/maribel.avalos.370,2025-07-30,,no,0,0,2025-07-28,post,https://www.facebook.com/share/p/1HktVxV3v4/,0,0,3,1,0,2,0,0,0,0,"¡Llegó el momento de poner a Bolivia primero!
#BoliviaPrimero #MASIPSP #EduardoPresidente #maribelávalos #milanvicepresidente #MaribelDiputada #UnidadPopular"
MARIBEL AVALOS PADILLA,https://www.facebook.com/maribel.avalos.370,2025-07-30,,no,0,0,2025-07-28,post,https://www.facebook.com/share/p/1Z6XMhYrEL/,0,0,0,0,0,0,0,0,0,0,
MARIBEL AVALOS PADILLA,https://www.facebook.com/maribel.avalos.370,2025-07-30,,no,0,0,2025-07-28,post,https://www.facebook.com/share/p/16LZeeiqYK/,0,0,0,0,0,0,0,0,0,0,
MARIBEL AVALOS PADILLA,https://www.facebook.com/maribel.avalos.370,2025-07-30,,no,0,0,2025-07-28,post,https://www.facebook.com/share/p/16mYijRN7n/,0,0,0,0,0,0,0,0,0,0,
MARIBEL AVALOS PADILLA,https://www.facebook.com/maribel.avalos.370,2025-07-30,,no,0,0,2025-07-28,post,https://www.facebook.com/share/p/1VqRxWa8Up/,0,0,0,0,0,0,0,0,0,0,
MARIBEL AVALOS PADILLA,https://www.facebook.com/maribel.avalos.370,2025-07-30,,no,0,0,2025-07-29,post,https://www.facebook.com/share/p/1L8KJ77mRU/,0,0,0,0,0,0,0,0,0,0,
MARIBEL AVALOS PADILLA,https://www.facebook.com/maribel.avalos.370,2025-07-30,,no,0,0,2025-07-29,post,https://www.facebook.com/share/p/173w9gSbK1/,0,0,0,0,0,0,0,0,0,0,
MARIBEL AVALOS PADILLA,https://www.facebook.com/maribel.avalos.370,2025-07-30,,no,0,0,2025-07-29,post,https://www.facebook.com/share/p/17DCnYtPCu/,0,0,7,2,0,5,0,0,0,0,"¡Llegó el momento de poner a Bolivia primero!
#BoliviaPrimero #MASIPSP #EduardoPresidente #maribelávalos #milanvicepresidente #MaribelDiputada #UnidadPopular"
MARIBEL AVALOS PADILLA,https://www.facebook.com/maribel.avalos.370,2025-07-30,,no,0,0,2025-07-29,post,https://www.facebook.com/share/p/19c6Dr5Mj1/,0,0,0,0,0,0,0,0,0,0,
MARIBEL AVALOS PADILLA,https://www.facebook.com/maribel.avalos.370,2025-07-30,,no,0,0,2025-07-29,post,https://www.facebook.com/share/p/15fnjxMgVz/,0,0,3,0,0,2,0,0,1,0,
MARIBEL AVALOS PADILLA,https://www.facebook.com/maribel.avalos.370,2025-07-30,,no,0,0,2025-07-29,post,https://www.facebook.com/share/p/16x1NPqBR4/,0,0,4,4,0,0,0,0,0,0,"¡Llegó el momento de poner a Bolivia primero!
#BoliviaPrimero #MASIPSP #EduardoPresidente #maribelávalos #milanvicepresidente #MaribelDiputada #UnidadPopular"
MARIBEL AVALOS PADILLA,https://www.facebook.com/maribel.avalos.370,2025-07-30,,no,0,0,2025-07-29,post,https://www.facebook.com/share/p/1AM3KfTQqb/,0,0,1,1,0,0,0,0,0,0,
MARIBEL AVALOS PADILLA,https://www.facebook.com/maribel.avalos.370,2025-07-30,,no,0,0,2025-07-29,post,https://www.facebook.com/share/p/1CuzzsDo5H/,0,1,0,0,0,0,0,0,0,0,
MARIBEL AVALOS PADILLA,https://www.facebook.com/maribel.avalos.370,2025-08-06,,no,0,0,2025-08-04,reel,/reel/1451080869422871/?s=single_unit&__cft__[0]=AZWk1jtQi6j8fReflnnVTN16xdBW3O9JHkNF7e3EMYaAmT0RR1Wb1HYz0Vu9C5WQOiLDgmuCPEcBsUT7Q7NR_FxIj-r0INN8OW60HY5nIY68BK0ijpDSNhEQBSruAxUrTKpUgIWn60VvN0FPJCnZeLIYZMYBDzlNY846SQEuI7OZpaee7QtjFUI8c7hLcw-9CJs&__tn__=H-R,0,0,0,0,0,0,0,0,0,0,¿Sabes qué es lo que más teme la derecha? Que tus hijos estudien en las mismas escuelas que los hijos de ellos. Que los bonos continúen. Que las conqu… Ver más
MARIBEL AVALOS PADILLA,https://www.facebook.com/maribel.avalos.370,2025-08-06,,no,0,0,2025-08-05,post,https://www.facebook.com/share/p/1FL6bcAYx1/,0,0,0,0,0,0,0,0,0,0,
MARIBEL AVALOS PADILLA,https://www.facebook.com/maribel.avalos.370,2025-08-06,,no,0,0,2025-08-06,post,https://www.facebook.com/share/p/1C36BqWdG9/,0,0,0,0,0,0,0,0,0,0,
MARIBEL AVALOS PADILLA,https://www.facebook.com/maribel.avalos.370,2025-08-06,,no,0,0,2025-08-06,post,https://www.facebook.com/maribel.avalos.370/posts/pfbid02sBjJ9RzT5BX7mZHb2XNcvcLDhSsZA1WFmd6Lex2iGuvuoekwCdBBDivAp49sC13bl,0,0,0,0,0,0,0,0,0,0,
MARIBEL AVALOS PADILLA,https://www.facebook.com/maribel.avalos.370,2025-08-06,,no,0,0,2025-08-06,post,https://www.facebook.com/share/p/19AndPwQx1/,0,0,0,0,0,0,0,0,0,0,"Que se haga también una investigación profunda de violaciones a niñas, niños y adolescentes en los hogares"
MARIBEL AVALOS PADILLA,https://www.facebook.com/maribel.avalos.370,2025-08-06,,no,0,0,2025-08-06,post,https://www.facebook.com/share/p/1Z43ewTuRz/,0,0,0,0,0,0,0,0,0,0,
