nombre perfil,url perfil,candidato identificado,creación del perfil,seguidores,seguidos,fecha post,tipo de post,url post,comparticiones,comentarios,reacciones en total,me gusta,me encanta,me divierte,me entristece,me sorprende,me enoja,me importa,contenido
Capiguara Libertaria,https://www.facebook.com/luisita.balbian,no,,15023,0,2025-06-01,post,2025-06-01,8,15,39,28,0,9,0,1,1,0,
Capiguara Libertaria,https://www.facebook.com/luisita.balbian,no,,15023,0,2025-06-01,post,https://www.facebook.com/share/p/1BkgxMngi1/,0,16,49,34,2,13,0,0,0,0,"Je je je je, anda de cizañero Junior Arias "
Capiguara Libertaria,https://www.facebook.com/luisita.balbian,no,,15023,0,2025-06-01,post,https://www.facebook.com/share/p/16igZQdHo2/,8,6,81,39,8,33,0,0,0,1,"Para mí este es el dato más importante de la encuesta de hoy:
No vas a ser senador Tilín "
Capiguara Libertaria,https://www.facebook.com/luisita.balbian,no,,15023,0,2025-06-01,post,https://www.facebook.com/share/p/1Hu9FQyqKm/,0,2,19,2,0,15,0,2,0,0,"Elay, Evo lo tumbó de su sindicato a Andrónico 
. El Estado independiente de El Chapare tiene dueño vitalicio 
."
Capiguara Libertaria,https://www.facebook.com/luisita.balbian,no,,15023,0,2025-06-01,post,https://www.facebook.com/share/p/16rzRq18Gf/,23,6,93,79,10,1,0,0,0,3,"Lo importante es que el mapa ya no es azul. Este año, en agosto, es nuestra oportunidad de que la hegemonía del MAS nunca más."
Capiguara Libertaria,https://www.facebook.com/luisita.balbian,no,,15023,0,2025-06-02,post,https://www.facebook.com/share/p/16KMJtVjBJ/,0,3,11,6,0,5,0,0,0,0,Como va la cosa ¿ya no vamos a tener que esperar a que lleguen los votos del campo? 
Capiguara Libertaria,https://www.facebook.com/luisita.balbian,no,,15023,0,2025-06-02,post,https://www.facebook.com/share/p/17oS3bkLc9/,3,3,7,7,0,0,0,0,0,0,"Del Estado y otros males:
 ¿Quién quiere achicar el Estado?
 
 Libre – liberal, con propuestas operativas.
 Plantea achicar el Estado con reformas.… Ver más"
Capiguara Libertaria,https://www.facebook.com/luisita.balbian,no,,15023,0,2025-06-02,post,https://www.facebook.com/share/p/19FLd9HHCy/,81,13,81,75,6,0,0,0,0,0," Los 5 temas que NADIE se atreve a tocar
Leí todos los planes de gobierno. TODOS.
¿Y sabés qué? Todos callan sobre lo que de verdad nos está jodiendo como país.
Acá van 5 bombas de tiempo que ningún partido –ni de izquierda, ni de derecha– quiere desactivar 
… Ver más"
Capiguara Libertaria,https://www.facebook.com/luisita.balbian,no,,15023,0,2025-06-02,post,https://www.facebook.com/share/p/16dXhPjEsn/,3,1,37,23,0,13,0,1,0,0,"Elay, quien le va a quitar su personería al MAS...va a ser el MAS por su pejivoto de menos de 3%.
"
Capiguara Libertaria,https://www.facebook.com/luisita.balbian,no,,15023,0,2025-06-03,post,https://www.facebook.com/share/p/1DoBEjGNoY/,2,0,4,4,0,0,0,0,0,0,
Capiguara Libertaria,https://www.facebook.com/luisita.balbian,no,,15023,0,2025-06-03,post,2025-06-03,4,11,82,79,2,1,0,0,0,0,
Capiguara Libertaria,https://www.facebook.com/luisita.balbian,no,,15023,0,2025-06-03,post,https://www.facebook.com/share/p/16iMHVfd5i/,2,6,31,12,0,19,0,0,0,0,Torquemada un piojo tuerto a lau de Beckhauser 
Capiguara Libertaria,https://www.facebook.com/luisita.balbian,no,,15023,0,2025-06-06,post,https://www.facebook.com/share/p/1YEHGutKu7/,1,8,39,8,0,31,0,0,0,0,En pocas palabras la candidatura de Dunn es el gato en la caja de Schrödinger 
Capiguara Libertaria,https://www.facebook.com/luisita.balbian,no,,15023,0,2025-06-06,post,https://www.facebook.com/share/p/16Sk4qNjji/,0,6,6,5,0,0,0,0,1,0,"Los 10 binomios habilitados para las elecciones confirmados por el TSE:
 Alianza Popular (AP): Andrónico Rodríguez – Mariana Prado
 Unidad: Samuel Doria Medina – José Luis Lupo
 Libre: Jorge ""Tuto"" Quiroga – Juan Pablo Velasco… Ver más"
Capiguara Libertaria,https://www.facebook.com/luisita.balbian,no,,15023,0,2025-06-06,post,https://www.facebook.com/share/p/1BpwZyZTKE/,1,1,15,4,0,10,1,0,0,0,"¿Vizcarra es la oposición boliviana?...
"
Capiguara Libertaria,https://www.facebook.com/luisita.balbian,no,,15023,0,2025-06-07,post,https://www.facebook.com/share/p/1ZMSDD97DU/,237,70,1700,1500,219,33,0,0,0,10,Poesía urbana motorizada...
Capiguara Libertaria,https://www.facebook.com/luisita.balbian,no,,15023,0,2025-06-07,post,https://www.facebook.com/share/p/16Q2mbpUtW/,0,1,20,10,10,0,0,0,0,0,"Campeón 
 #TigreDeMoxos "
Capiguara Libertaria,https://www.facebook.com/luisita.balbian,no,,15023,0,2025-06-07,post,https://www.facebook.com/luisita.balbian/posts/pfbid0rpcyffcTXJchyuqPYP7UwRQoAA32ZWLgiS1jVYNJQFcTFepnxcJ52nCHGQgXKseFl,0,0,12,8,3,0,0,1,0,0,
Capiguara Libertaria,https://www.facebook.com/luisita.balbian,no,,15023,0,2025-06-07,post,https://www.facebook.com/share/v/1AmGmcT3sg/,38,22,50,19,0,11,1,15,4,0,
Capiguara Libertaria,https://www.facebook.com/luisita.balbian,no,,15023,0,2025-06-08,post,https://www.facebook.com/share/p/1AVrQBWvqX/,0,2,29,28,1,0,0,0,0,0,"¿Tas tiste Grabois? ¿Tas tiste y encerradito por delincuente o cómo?
"
Capiguara Libertaria,https://www.facebook.com/luisita.balbian,no,,15023,0,2025-06-09,post,https://www.facebook.com/share/p/1YkCeWCaqR/,1,0,9,6,1,0,0,0,0,2,
Capiguara Libertaria,https://www.facebook.com/luisita.balbian,no,,15023,0,2025-06-09,post,https://www.facebook.com/share/p/1BbGUkRj4b/,0,2,3,2,1,0,0,0,0,0,Qué magia en el cóndor 
