nombre perfil,url perfil,candidato identificado,creación del perfil,seguidores,seguidos,fecha post,tipo de post,url post,comparticiones,comentarios,reacciones en total,me gusta,me encanta,me divierte,me entristece,me sorprende,me enoja,me importa,contenido
Evaliz Morales,https://www.facebook.com/evalizmoralesalvaradoOficial,no,,75000,12,2025-07-24,post,https://www.facebook.com/share/p/1CFKkzTfik/,41,113,533,191,19,316,0,4,0,3,"Al pueblo boliviano, a nuestra militancia, al movimiento indígena popular:
En los últimos días, mi nombre ha sido utilizado con el afán de confundir y dividir, en un contexto marcado por la persecución política, la proscripción y los juicios impulsados desde un gobierno que ha optado por el camino de la traición. Quiero dejar en claro que ese no es mi camino.
Mis principios, valores y convicciones permanecen firmes junto al movimien… Ver más"
Evaliz Morales,https://www.facebook.com/evalizmoralesalvaradoOficial,no,,75000,12,2025-07-26,post,https://www.facebook.com/share/1B2Z89ku3m/,0,22,162,101,40,13,0,2,2,4,
