nombre perfil,url perfil,snapshot_date,creación del perfil,candidato identificado,seguidores,seguidos,fecha post,tipo de post,url post,comparticiones,comentarios,reacciones en total,me gusta,me encanta,me divierte,me entristece,me sorprende,me enoja,me importa,contenido
ESTHER SALVATIERRA LANDIVAR,https://www.facebook.com/esther.salvatierralandivar,2025-07-22,,no,0,0,2025-07-14,post,https://www.facebook.com/share/p/15zCugJMSu/,12,1,21,17,4,0,0,0,0,0,"Visité el barrio Monterrey de la Circunscripción 47, agradecida porque fui recibida con cariño por los todos vecinos.… Ver más"
ESTHER SALVATIERRA LANDIVAR,https://www.facebook.com/esther.salvatierralandivar,2025-07-22,,no,0,0,2025-07-15,post,https://www.facebook.com/share/p/16qZaAE9rL/,13,5,24,23,1,0,0,0,0,0,"¡Atención Circunscripción 47! 
… Ver más"
ESTHER SALVATIERRA LANDIVAR,https://www.facebook.com/esther.salvatierralandivar,2025-07-22,,no,0,0,2025-07-16,post,https://www.facebook.com/share/p/1Yc1Kuc9F4/,2,0,7,6,1,0,0,0,0,0," Estuve en el municipio más dulce de Santa Cruz: Cotoca 
Pa… Ver más"
ESTHER SALVATIERRA LANDIVAR,https://www.facebook.com/esther.salvatierralandivar,2025-07-22,,no,0,0,2025-07-16,post,https://www.facebook.com/share/p/1ZpKPp67BX/,1,0,6,6,0,0,0,0,0,0," Esther Salvatierra Landívar, candidata por la Circunscripción 47 por la Alianza Libre liderado por el ing. Jorge Tuto Quiroga Ramirez, sigue caminando junto al pueblo… Ver más"
ESTHER SALVATIERRA LANDIVAR,https://www.facebook.com/esther.salvatierralandivar,2025-07-22,,no,0,0,2025-07-18,post,https://www.facebook.com/share/p/16kf1167SY/,12,3,14,14,0,0,0,0,0,0,¡El cambio ya comenzó en el barrio Punta del Este!… Ver más
ESTHER SALVATIERRA LANDIVAR,https://www.facebook.com/esther.salvatierralandivar,2025-07-22,,no,0,0,2025-07-18,post,https://www.facebook.com/share/p/15shwWp2Eh/,2,0,10,8,2,0,0,0,0,0,"Jueves 17 de julio fue un día muy especial para mí. Como candidata a la Circunscripción 47, por la Alianza Libre del ing. Jorge “Tuto” Jorge Tuto Quiroga Ramirez, tuve … Ver más"
ESTHER SALVATIERRA LANDIVAR,https://www.facebook.com/esther.salvatierralandivar,2025-07-22,,no,0,0,2025-07-18,post,https://www.facebook.com/share/p/16y2NGCNub/,3,0,7,7,0,0,0,0,0,0,PUERTA A PUERTA EN EL BARRIO SUCRE… Ver más
ESTHER SALVATIERRA LANDIVAR,https://www.facebook.com/esther.salvatierralandivar,2025-07-22,,no,0,0,2025-07-19,post,https://www.facebook.com/share/p/1BewrvXXBi/,10,0,18,15,2,1,0,0,0,0,"Este viernes 18 de julio tuve la oportunidad de visitar el barrio Sucre como candidata por la Circunscripción 47, representando a la Alianza Libre que lidera el ing. Jo… Ver más"
ESTHER SALVATIERRA LANDIVAR,https://www.facebook.com/esther.salvatierralandivar,2025-07-22,,no,0,0,2025-07-21,post,https://www.facebook.com/share/p/1P9LZQHpch/,3,0,13,11,2,0,0,0,0,0,¡Cotoca no se vende ni se arrodilla!… Ver más
ESTHER SALVATIERRA LANDIVAR,https://www.facebook.com/esther.salvatierralandivar,2025-07-22,,no,0,0,2025-07-21,post,https://www.facebook.com/share/p/197cMJpC4n/,8,1,12,9,3,0,0,0,0,0,"Tuve el honor de acompañar a la Asociación de Mototaxis 21 de Julio en la celebración de su aniversario. Compartimos un grato momento con todos los asociados, reconocie… Ver más"
ESTHER SALVATIERRA LANDIVAR,https://www.facebook.com/esther.salvatierralandivar,2025-07-30,,no,0,0,2025-07-23,post,https://www.facebook.com/share/p/16fZAqiTqe/,0,5,18,16,2,0,0,0,0,0,¡Feliz Día de la Amistad! … Ver más
ESTHER SALVATIERRA LANDIVAR,https://www.facebook.com/esther.salvatierralandivar,2025-07-30,,no,0,0,2025-07-27,post,https://www.facebook.com/share/p/198nXdogT1/,10,0,15,10,5,0,0,0,0,0,"El sábado 26 de julio estuve en el municipio de Cotoca, en la comunidad Los Tajibos, compartiendo con vecinos comprometidos con el futuro de Bolivia.… Ver más"
ESTHER SALVATIERRA LANDIVAR,https://www.facebook.com/esther.salvatierralandivar,2025-07-30,,no,0,0,2025-07-28,post,https://www.facebook.com/share/p/1J7Z1qWMgD/,5,0,19,17,2,0,0,0,0,0,"Visité el barrio 27 de Mayo y me sentí profundamente agradecida por el apoyo y el cariño de los vecinos. Como candidata a diputada por la Circunscripción 47, representa… Ver más"
ESTHER SALVATIERRA LANDIVAR,https://www.facebook.com/esther.salvatierralandivar,2025-07-30,,no,0,0,2025-07-28,post,https://www.facebook.com/share/p/17GFYPCSFb/,3,1,16,15,1,0,0,0,0,0,"Salud, unidad y compromiso en Puerto Pailas.… Ver más"
ESTHER SALVATIERRA LANDIVAR,https://www.facebook.com/esther.salvatierralandivar,2025-07-30,,no,0,0,2025-07-29,post,https://www.facebook.com/share/v/16vy5q9ouG/,2,0,15,14,1,0,0,0,0,0,"Como candidata a diputada por la Circunscripción 47 por la Alianza Libre de Jorge Tuto Quiroga Ramirez, estuve en la Comunidad Tajibo del municipio de Cotoca, donde sen… Ver más"
ESTHER SALVATIERRA LANDIVAR,https://www.facebook.com/esther.salvatierralandivar,2025-08-06,,no,0,0,2025-07-31,post,https://www.facebook.com/share/v/1E9cUS6uXP/,17,0,19,18,1,0,0,0,0,0,"El cambio que quiere Bolivia, viene de la mano de Jorge Tuto Quiroga Ramirez .… Ver más"
ESTHER SALVATIERRA LANDIVAR,https://www.facebook.com/esther.salvatierralandivar,2025-08-06,,no,0,0,2025-08-01,post,https://www.facebook.com/share/p/175p47mi6C/,4,1,16,13,3,0,0,0,0,0,Caminé de la mano del vecino por el casco viejo de la Villa Primero de Mayo y sentí en cada mirada y apretón de manos la fuerza de un pueblo que quiere un verdadero cam… Ver más
ESTHER SALVATIERRA LANDIVAR,https://www.facebook.com/esther.salvatierralandivar,2025-08-06,,no,0,0,2025-08-02,post,https://www.facebook.com/share/p/1CYomsbc3a/,3,0,9,9,0,0,0,0,0,0,"Viernes 1 de agosto estuve con los vecinos del barrio Lucerito, quienes abrieron las puertas de su hogar y su corazón. Les presentamos la propuesta más sólida y esperan… Ver más"
ESTHER SALVATIERRA LANDIVAR,https://www.facebook.com/esther.salvatierralandivar,2025-08-06,,no,0,0,2025-08-04,post,https://www.facebook.com/share/p/16dmRkvZNE/,9,2,18,17,1,0,0,0,0,0,"AGRADECIMIENTO AL BARRIO BOLÍVAR
Esther Salvatierra Landívar – Candidata a Diputada Uninominal por la Circunscripción 47… Ver más"
ESTHER SALVATIERRA LANDIVAR,https://www.facebook.com/esther.salvatierralandivar,2025-08-06,,no,0,0,2025-08-05,post,https://www.facebook.com/share/p/1YKKMzCDxy/,2,0,9,8,1,0,0,0,0,0,"Gracias, barrio Patujú, por abrirme las puertas y el corazón.… Ver más"
