nombre perfil,url perfil,candidato identificado,creación del perfil,seguidores,seguidos,fecha post,tipo de post,url post,comparticiones,comentarios,reacciones en total,me gusta,me encanta,me divierte,me entristece,me sorprende,me enoja,me importa,contenido
Cunumis Feministas ,https://www.facebook.com/profile.php?id=100064855967374#,no,2021-03-10,1800,201,2025-02-27,post,2025-02-27,1,0,2,0,0,0,0,0,0,0,
Cunumis Feministas ,https://www.facebook.com/profile.php?id=100064855967374#,no,2021-03-10,1800,201,2025-02-27,post,https://www.facebook.com/share/p/1G3PaP4mx2/,0,0,4,0,0,0,0,0,0,0,"Feliz Jueves de Comadres! Hoy celebramos la sororidad y la unión entre mujeres, un espacio seguro y de resistencia contra el patriarcado. Agradecemos a nuestras comadre… Ver más"
Cunumis Feministas ,https://www.facebook.com/profile.php?id=100064855967374#,no,2021-03-10,1800,201,2025-02-27,post,https://www.facebook.com/share/p/1CkMntBVHe/,6,0,6,0,0,0,0,0,0,0,"Celebro a mis comadres que me apoyan en cada etapa de mi vida, ya sea buscando MISO o organizando un baby shower. Su amor y solidaridad son invaluables. 
#… Ver más"
Cunumis Feministas ,https://www.facebook.com/profile.php?id=100064855967374#,no,2021-03-10,1800,201,2025-03-08,post,https://www.facebook.com/share/p/16fMd5jbRd/,3,0,5,0,0,0,0,0,0,0,"Este 8 de marzo, no celebramos, ¡CONMEMORAMOS! A las mujeres que desafiaron los límites, cruzaron barreras patriarcales y alzaron sus voces contra la opresión (colonial… Ver más"
Cunumis Feministas ,https://www.facebook.com/profile.php?id=100064855967374#,no,2021-03-10,1800,201,2025-03-08,post,https://www.facebook.com/share/p/12LSVmBo2XF/,0,0,2,0,0,0,0,0,0,0,"¡En este 8 de marzo, incendiamos la memoria! 
… Ver más"
Cunumis Feministas ,https://www.facebook.com/profile.php?id=100064855967374#,no,2021-03-10,1800,201,2025-03-13,post,https://www.facebook.com/share/p/19DxJDw92J/,0,0,2,0,0,0,0,0,0,0,
Cunumis Feministas ,https://www.facebook.com/profile.php?id=100064855967374#,no,2021-03-10,1800,201,2025-03-14,post,https://www.facebook.com/share/p/198uzEaWAp/,0,4,8,0,0,0,0,0,0,0,"Compartimos el presente artículo de opinión, esperamos que lo disfruten, toda retroalimentación es bienvenida "
Cunumis Feministas ,https://www.facebook.com/profile.php?id=100064855967374#,no,2021-03-10,1800,201,2025-05-06,post,https://www.facebook.com/share/p/16kT8KupX5/,1,0,4,0,0,0,0,0,0,0,
