nombre perfil,url perfil,candidato identificado,creación del perfil,seguidores,seguidos,fecha post,tipo de post,url post,comparticiones,comentarios,reacciones en total,me gusta,me encanta,me divierte,me entristece,me sorprende,me enoja,me importa,contenido
Angirü Bolivia ,https://www.facebook.com/ColectivoAngiru,no,2020-07-05,4900,0,2025-05-22,post,https://www.facebook.com/share/p/19D21UDe9J/,0,0,5,0,0,0,0,0,0,0," 𝐈𝐧𝐢𝐜𝐢𝐚𝐦𝐨𝐬 𝐥𝐚 𝐬𝐞𝐠𝐮𝐧𝐝𝐚 𝐣𝐨𝐫𝐧𝐚𝐝𝐚 𝐝𝐞𝐥 ""𝐅𝐨𝐫𝐨 𝐈𝐧𝐭𝐞𝐫𝐧𝐚𝐜𝐢𝐨𝐧𝐚𝐥 𝐡𝐚𝐜𝐢𝐚 𝐥𝐚 𝐜𝐨𝐧𝐬𝐭𝐫𝐮𝐜𝐜𝐢ó𝐧 𝐝𝐞 𝐬𝐢𝐬𝐭𝐞𝐦𝐚𝐬 𝐝𝐞 𝐜𝐮𝐢𝐝𝐚𝐝𝐨"". 
Hoy dialogamos sobre economía del cuidado, trabajo decente y hal… Ver más"
Angirü Bolivia ,https://www.facebook.com/ColectivoAngiru,no,2020-07-05,4900,0,2025-05-22,post,https://www.facebook.com/share/p/1C4g1iTzeE/,0,0,5,0,0,0,0,0,0,0,"𝐄𝐥 𝐭𝐫𝐚𝐛𝐚𝐣𝐨 𝐝𝐞𝐜𝐞𝐧𝐭𝐞 𝐲 𝐥𝐚 𝐞𝐜𝐨𝐧𝐨𝐦í𝐚 𝐝𝐞𝐥 𝐜𝐮𝐢𝐝𝐚𝐝𝐨 𝐟𝐮𝐞 𝐞𝐥 𝐝𝐞𝐛𝐚𝐭𝐞 𝐝𝐞 𝐚𝐩𝐞𝐫𝐭𝐮𝐫𝐚 𝐝𝐞 𝐧𝐮𝐞𝐬𝐭𝐫𝐚 𝐬𝐞𝐠𝐮𝐧𝐝𝐚 𝐣𝐨𝐫𝐧𝐚𝐝𝐚 𝐞𝐧 𝐞𝐥 𝐝𝐞𝐬𝐚𝐫𝐫𝐨𝐥𝐥𝐨 𝐝𝐞𝐥 𝐅𝐨𝐫𝐨 𝐈𝐧𝐭𝐞𝐫𝐧𝐚𝐜𝐢𝐨𝐧𝐚𝐥
En América Latina, el cuidad… Ver más"
Angirü Bolivia ,https://www.facebook.com/ColectivoAngiru,no,2020-07-05,4900,0,2025-05-26,post,https://www.facebook.com/share/p/1LCBefeKeX/,0,0,8,0,0,0,0,0,0,0,"𝐀𝐧𝐠𝐢𝐫ü 𝐁𝐨𝐥𝐢𝐯𝐢𝐚 𝐩𝐫𝐞𝐬𝐞𝐧𝐭𝐞 𝐞𝐧 𝐞𝐥 𝐒𝐞𝐦𝐢𝐧𝐚𝐫𝐢𝐨 𝐅𝐨𝐫𝐨 𝐈𝐧𝐭𝐞𝐭𝐧𝐚𝐜𝐢𝐨𝐧𝐚𝐥 𝐇𝐚𝐜𝐢𝐚 𝐥𝐚 𝐂𝐨𝐧𝐭𝐫𝐮𝐜𝐜𝐢ó𝐧 𝐝𝐞 𝐒𝐢𝐬𝐭𝐞𝐦𝐚𝐬 𝐝𝐞 𝐂𝐮𝐢𝐝𝐚𝐝𝐨 
Angiru Bolivia integrante de la Plataforma Nacional de Corresp… Ver más"
Angirü Bolivia ,https://www.facebook.com/ColectivoAngiru,no,2020-07-05,4900,0,2025-05-26,post,https://www.facebook.com/share/v/1f3Fh7WDBa/,0,0,5,0,0,0,0,0,0,0,"𝐀𝐧𝐠𝐢𝐫ü 𝐁𝐨𝐥𝐢𝐯𝐢𝐚 𝐩𝐫𝐞𝐬𝐞𝐧𝐭𝐞 𝐞𝐧 𝐞𝐥 𝐒𝐞𝐦𝐢𝐧𝐚𝐫𝐢𝐨 𝐅𝐨𝐫𝐨 𝐈𝐧𝐭𝐞𝐭𝐧𝐚𝐜𝐢𝐨𝐧𝐚𝐥 𝐇𝐚𝐜𝐢𝐚 𝐥𝐚 𝐂𝐨𝐧𝐭𝐫𝐮𝐜𝐜𝐢ó𝐧 𝐝𝐞 𝐒𝐢𝐬𝐭𝐞𝐦𝐚𝐬 𝐝𝐞 𝐂𝐮𝐢𝐝𝐚𝐝𝐨 
Angiru Bolivia integrante de la Plataforma Nacional de Corresp… Ver más"
Angirü Bolivia ,https://www.facebook.com/ColectivoAngiru,no,2020-07-05,4900,0,2025-05-26,post,https://www.facebook.com/share/p/1YA6agXQHo/,0,0,8,0,0,0,0,0,0,0,"!𝐂𝐨𝐧𝐭𝐢𝐧𝐮𝐚𝐦𝐨𝐬 𝐜𝐨𝐧 𝐥𝐚 𝐩𝐫𝐞𝐬𝐞𝐧𝐭𝐚𝐜𝐢ó𝐧 𝐝𝐞 𝐣𝐮𝐫𝐚𝐝𝐨𝐬 𝐜𝐨𝐧𝐟𝐢𝐫𝐦𝐚𝐝𝐨𝐬 𝐩𝐚𝐫𝐚 𝐥𝐚 𝐞𝐭𝐚𝐩𝐚 𝐝𝐞 𝐩𝐫𝐞𝐬𝐞𝐥𝐞𝐜𝐜𝐢ó𝐧 𝐝𝐞𝐥 𝐂𝐨𝐧𝐜𝐮𝐫𝐬𝐨 𝐉𝐮𝐯𝐞𝐧𝐢𝐥 𝐝𝐞𝐥 𝐀𝐠𝐮𝐚 𝟐𝟎𝟐𝟓! 
Ellos son profesionales con vocación, exper… Ver más"
Angirü Bolivia ,https://www.facebook.com/ColectivoAngiru,no,2020-07-05,4900,0,2025-05-26,post,https://www.facebook.com/share/p/1AgzqHPiTX/,0,0,7,0,0,0,0,0,0,0," !𝐓𝐞 𝐩𝐫𝐞𝐬𝐞𝐧𝐭𝐚𝐦𝐨𝐬 𝐚 𝐧𝐮𝐞𝐬𝐭𝐫𝐨𝐬 𝐩𝐫𝐢𝐦𝐞𝐫𝐨𝐬 𝐣𝐮𝐫𝐚𝐝𝐨𝐬 𝐩𝐚𝐫𝐚 𝐥𝐚 𝐞𝐭𝐚𝐩𝐚 𝐝𝐞 𝐩𝐫𝐞𝐬𝐞𝐥𝐞𝐜𝐜𝐢ó𝐧 𝐝𝐞𝐥 𝐂𝐨𝐧𝐜𝐮𝐫𝐬𝐨 𝐉𝐮𝐯𝐞𝐧𝐢𝐥 𝐝𝐞𝐥 𝐀𝐠𝐮𝐚 𝟐𝟎𝟐𝟓! 
Son profesionales comprometidos y apasionados por el… Ver más"
Angirü Bolivia ,https://www.facebook.com/ColectivoAngiru,no,2020-07-05,4900,0,2025-05-27,post,https://www.facebook.com/share/p/19deALLgrQ/,1,0,7,0,0,0,0,0,0,0,"𝐀𝐧𝐠𝐢𝐫ü 𝐁𝐨𝐥𝐢𝐯𝐢𝐚 𝐩𝐫𝐞𝐬𝐞𝐧𝐭𝐞 𝐞𝐧 𝐞𝐯𝐞𝐧𝐭𝐨 𝐯𝐢𝐫𝐭𝐮𝐚𝐥 𝐝𝐞 𝐜𝐢𝐞𝐫𝐫𝐞 𝐝𝐞𝐥 𝐏𝐫𝐨𝐠𝐫𝐚𝐦𝐚 𝐄𝐧𝐥𝐳𝐚𝐧𝐝𝐨 !𝐠𝐫𝐚𝐜𝐢𝐚𝐬 𝐩𝐨𝐫 𝐦𝐨𝐭𝐢𝐯𝐚𝐫 𝐧𝐮𝐞𝐬𝐭𝐫𝐨 𝐭𝐫𝐚𝐛𝐚𝐣𝐨! 
Con la participación del ministerio de Europa y Asunt… Ver más"
Angirü Bolivia ,https://www.facebook.com/ColectivoAngiru,no,2020-07-05,4900,0,2025-05-27,post,https://www.facebook.com/share/p/15F1YTCQXa/,0,0,8,0,0,0,0,0,0,0," 𝐇𝐨𝐲 𝐞𝐧 Ñ𝐚ñ𝐨𝐩𝐞 Ñ𝐚𝐧𝐝𝐞 Ñ𝐞𝐞 𝐜𝐨𝐧𝐨𝐜𝐞𝐫𝐞𝐦𝐨𝐬 𝐥𝐚 𝐄𝐅𝐀𝐂 𝐮𝐧𝐚 𝐚𝐫𝐭í𝐜𝐮𝐥𝐚𝐜𝐢ó𝐧 𝐢𝐧𝐭𝐞𝐫𝐧𝐚𝐜𝐢𝐨𝐧𝐚𝐥 𝐝𝐞 𝐬𝐚𝐛𝐞𝐫𝐞𝐬 
Hoy en nuestro programa radial virtual #ÑañopeÑandeÑee (tejiendo nuestra palab… Ver más"
Angirü Bolivia ,https://www.facebook.com/ColectivoAngiru,no,2020-07-05,4900,0,2025-05-30,post,https://www.facebook.com/share/v/195MypahxN/,0,0,5,0,0,0,0,0,0,0,"𝐂𝐞𝐥𝐞𝐛𝐫𝐚𝐦𝐨𝐬 𝐞𝐥 𝐝í𝐚𝐬 𝐝𝐞 𝐥𝐚𝐬 𝐦𝐚𝐝𝐫𝐞𝐬, 𝐣𝐮𝐧𝐭𝐨 𝐚 𝐧𝐮𝐞𝐬𝐭𝐫𝐚𝐬 𝐡𝐞𝐫𝐦𝐚𝐧𝐚𝐬 𝐠𝐮𝐚𝐫𝐚𝐧í 𝐪𝐮𝐞 𝐬𝐨𝐧 𝐬𝐢𝐦𝐛𝐨𝐥𝐨 𝐝𝐞 𝐡𝐢𝐬𝐭𝐨𝐫𝐢𝐚, 𝐦𝐞𝐦𝐨𝐫𝐢𝐚 𝐲 𝐜𝐮𝐥𝐭𝐮𝐫𝐚 
""Cuenta la historia que la maestra de los Arakua i… Ver más"
Angirü Bolivia ,https://www.facebook.com/ColectivoAngiru,no,2020-07-05,4900,0,2025-05-30,post,https://www.facebook.com/share/p/16jJifvH1f/,1,0,7,0,0,0,0,0,0,0,"𝐂𝐞𝐥𝐞𝐛𝐫𝐚𝐦𝐨𝐬 𝐞𝐥 𝐝í𝐚𝐬 𝐝𝐞 𝐥𝐚𝐬 𝐦𝐚𝐝𝐫𝐞𝐬, 𝐣𝐮𝐧𝐭𝐨 𝐚 𝐧𝐮𝐞𝐬𝐭𝐫𝐚𝐬 𝐡𝐞𝐫𝐦𝐚𝐧𝐚𝐬 𝐠𝐮𝐚𝐫𝐚𝐧í 𝐪𝐮𝐞 𝐬𝐨𝐧 𝐬𝐢𝐦𝐛𝐨𝐥𝐨 𝐝𝐞 𝐡𝐢𝐬𝐭𝐨𝐫𝐢𝐚, 𝐦𝐞𝐦𝐨𝐫𝐢𝐚 𝐲 𝐜𝐮𝐥𝐭𝐮𝐫𝐚 
""Cuenta la historia que la maestra de los Arakua i… Ver más"
Angirü Bolivia ,https://www.facebook.com/ColectivoAngiru,no,2020-07-05,4900,0,2025-06-05,post,https://www.facebook.com/share/p/1KkgbDDs6E/,1,0,4,0,0,0,0,0,0,0," 𝟓 𝐝𝐞 𝐉𝐮𝐧𝐢𝐨 𝐃í𝐚 𝐝𝐞𝐥 𝐌𝐞𝐝𝐢𝐨 𝐀𝐦𝐛𝐢𝐞𝐧𝐭𝐞 , 𝐡𝐨𝐧𝐫𝐚𝐦𝐨𝐬 𝐚 𝐧𝐮𝐞𝐬𝐭𝐫𝐚 𝐭𝐢𝐞𝐫𝐫𝐚 𝐲 𝐞𝐥 𝐭𝐫𝐚𝐛𝐚𝐣𝐨 𝐝𝐞 𝐥𝐚𝐬 𝐃𝐞𝐟𝐞𝐧𝐬𝐨𝐫𝐚𝐬 𝐀𝐦𝐛𝐢𝐞𝐧𝐭𝐚𝐥𝐞𝐬 
Hoy honramos a nuestra Tierra y a quienes la defienden con … Ver más"
Angirü Bolivia ,https://www.facebook.com/ColectivoAngiru,no,2020-07-05,4900,0,2025-06-05,post,https://www.facebook.com/share/p/16p6o5EaPw/,1,0,4,0,0,0,0,0,0,0,"𝐀𝐧𝐠𝐢𝐫ü 𝐁𝐨𝐥𝐢𝐯𝐢𝐚 𝐩𝐫𝐞𝐬𝐞𝐧𝐭𝐞 𝐞𝐧 𝐞𝐥 𝐄𝐧𝐜𝐮𝐞𝐧𝐭𝐫𝐨 𝐍𝐚𝐜𝐢𝐨𝐧𝐚𝐥 𝐝𝐞 𝐎𝐫𝐠𝐚𝐧𝐢𝐳𝐚𝐜𝐢𝐨𝐧𝐞𝐬 𝐝𝐞 𝐒𝐨𝐜𝐢𝐞𝐝𝐚𝐝 𝐂𝐢𝐯𝐢𝐥  ""𝐂𝐨𝐧𝐬𝐭𝐫𝐮𝐲𝐞𝐧𝐝𝐨 𝐞𝐧𝐭𝐨𝐫𝐧𝐨𝐬 𝐥𝐢𝐛𝐫𝐞𝐬 𝐝𝐞 𝐯𝐢𝐨𝐥𝐞𝐧𝐜𝐢𝐚𝐬 𝐲 𝐝𝐞𝐥𝐢𝐭𝐨𝐬 𝐩𝐚𝐫𝐚 𝐚𝐝𝐨𝐥𝐞𝐬𝐜𝐞𝐧𝐭𝐞𝐬""
Un impo… Ver más"
Angirü Bolivia ,https://www.facebook.com/ColectivoAngiru,no,2020-07-05,4900,0,2025-06-06,post,https://www.facebook.com/ColectivoAngiru/posts/pfbid031hz1xYE4awwycMRX9o89TwxrZo2tfxYKQhGodhgTL5ofW6p5sBTwDe3HGBFg1SaMl,2,0,4,0,0,0,0,0,0,0,"  𝐄𝐩𝐢𝐬𝐨𝐝𝐢𝐨 𝐍°𝟏 𝐄𝐂𝐎𝐒 𝐃𝐄𝐋 𝐂𝐇𝐀𝐂𝐎 𝐮𝐧 𝐩𝐫𝐨𝐠𝐫𝐚𝐦𝐚 𝐫𝐚𝐝𝐢𝐚𝐥 𝐯𝐢𝐫𝐭𝐮𝐚𝐥 𝐩𝐫𝐨𝐝𝐮𝐜𝐢𝐝𝐨 𝐩𝐨𝐫 𝐥𝐚 𝐑𝐞𝐝 𝐂𝐨𝐧𝐭𝐫𝐚 𝐥𝐚 𝐕𝐢𝐨𝐥𝐞𝐧𝐜𝐢𝐚 𝐝𝐞 𝐘𝐚𝐜𝐮𝐢𝐛𝐚 
A partir de la implementación de nuestro proyecto ""MUJER… Ver más"
Angirü Bolivia ,https://www.facebook.com/ColectivoAngiru,no,2020-07-05,4900,0,2025-06-09,post,https://www.facebook.com/share/p/16oLAzLArg/,0,0,5,0,0,0,0,0,0,0," 𝐉𝐮𝐧𝐭𝐨 𝐚 𝐧𝐮𝐞𝐬𝐭𝐫𝐚𝐬 𝐯𝐨𝐥𝐮𝐧𝐭𝐚𝐫𝐢𝐚𝐬 𝐜𝐨𝐫𝐞𝐚𝐧𝐚𝐬 𝐝𝐞𝐬𝐚𝐫𝐫𝐨𝐥𝐥𝐚𝐦𝐨𝐬 𝐥𝐚 𝐝𝐨𝐧𝐚𝐜𝐢ó𝐧 𝐝𝐞 𝐮𝐧 𝐬𝐞𝐭 𝐝𝐞 𝐩𝐨𝐥𝐨𝐭𝐚𝐬 𝐝𝐞 𝐟𝐮𝐭𝐛𝐨𝐥 𝐩𝐚𝐫𝐚 𝐥𝐚𝐬 𝐧𝐢ñ𝐚𝐬 𝐲 𝐧𝐢ñ𝐨𝐬 𝐝𝐞 𝐄𝐝𝐲𝐟𝐮
Agradeciendo las acciones de coordinac… Ver más"
Angirü Bolivia ,https://www.facebook.com/ColectivoAngiru,no,2020-07-05,4900,0,2025-06-09,post,https://www.facebook.com/ColectivoAngiru/posts/pfbid0oqk2zYnXS29vZXCZ8ThWHHRhNab1w1tvkNVmsgs7dW3yAo92HNzmLoGHMBCTHcobl,1,0,6,0,0,0,0,0,0,0," 𝐃𝐞𝐬𝐝𝐞 𝐀𝐧𝐠𝐢𝐫ü 𝐁𝐨𝐥𝐢𝐯𝐢𝐚 𝐚𝐜𝐨𝐦𝐩𝐚ñ𝐚𝐦𝐨𝐬 𝐞𝐬𝐭𝐞 𝐩𝐫𝐨𝐜𝐞𝐬𝐨 𝐝𝐞 𝐟𝐨𝐫𝐦𝐚𝐜𝐢ó𝐧 𝐢𝐧é𝐝𝐢𝐭𝐚 𝐚 𝐞𝐦𝐩𝐫𝐞𝐧𝐝𝐞𝐝𝐨𝐫𝐚𝐬 𝐝𝐞 𝐚𝐫𝐭𝐞 𝐲 𝐜𝐮𝐥𝐭𝐮𝐫𝐚 𝐞𝐧 𝐓𝐚𝐫𝐢𝐣𝐚 
El sábado 24 de mayo, iniciamos con gran entusiasmo l… Ver más"
Angirü Bolivia ,https://www.facebook.com/ColectivoAngiru,no,2020-07-05,4900,0,2025-06-09,post,https://www.facebook.com/share/v/14GkZGtSgW5/,1,0,5,0,0,0,0,0,0,0,"𝐓𝐞 𝐦𝐨𝐬𝐭𝐫𝐚𝐦𝐨𝐬 𝐮𝐧 𝐩𝐨𝐜𝐨 𝐝𝐞𝐥 𝐦𝐚𝐫𝐚𝐯𝐢𝐥𝐥𝐨𝐬𝐨 𝐭𝐫𝐚𝐛𝐚𝐣𝐨 𝐪𝐮𝐞 𝐯𝐚𝐦𝐨𝐬 𝐭𝐞𝐣𝐢𝐞𝐧𝐝𝐨 𝐝𝐞𝐬𝐝𝐞 𝐧𝐮𝐞𝐬𝐭𝐫𝐚 𝐀𝐫𝐞𝐚 𝐝𝐞 𝐕𝐨𝐥𝐮𝐧𝐭𝐚𝐫𝐢𝐚𝐝𝐨 𝐋𝐨𝐜𝐚𝐥 𝐲 𝐈𝐧𝐭𝐞𝐫𝐧𝐚𝐜𝐢𝐨𝐧𝐚𝐥 !𝐆𝐫𝐚𝐜𝐢𝐚𝐬 𝐊𝐨𝐢𝐜𝐚 𝐊𝐈𝐃𝐂!
En los últimos años nues… Ver más"
Angirü Bolivia ,https://www.facebook.com/ColectivoAngiru,no,2020-07-05,4900,0,2025-06-10,post,https://www.facebook.com/ColectivoAngiru/posts/pfbid025Wv8qkxJ7H4hHoNNkSZPjMCn5PN9FZ8VtuDZMB548SZxMrh95YZapaUY74CWHhxpl,0,0,1,0,0,0,0,0,0,0,
Angirü Bolivia ,https://www.facebook.com/ColectivoAngiru,no,2020-07-05,4900,0,2025-06-10,post,https://www.facebook.com/share/p/16kTtGgsEK/,0,0,6,0,0,0,0,0,0,0," 𝐇𝐨𝐲 𝐞𝐧 Ñ𝐚ñ𝐨𝐩𝐞 Ñ𝐚𝐧𝐝𝐞 Ñ𝐞𝐞 𝐜𝐨𝐧𝐨𝐜𝐞𝐫𝐞𝐦𝐨𝐬 𝐥𝐚 𝐠𝐞𝐬𝐭𝐢ó𝐧 𝐢𝐧𝐭𝐞𝐠𝐫𝐚𝐥 𝐚𝐦𝐛𝐢𝐞𝐧𝐭𝐚𝐥 𝐥𝐢𝐝𝐞𝐫𝐚𝐝𝐚 𝐩𝐨𝐫 𝐦𝐮𝐣𝐞𝐫𝐞𝐬 
Hoy en nuestro programa radial virtual #ÑañopeÑandeÑee (tejiendo nuestra pala… Ver más"
Angirü Bolivia ,https://www.facebook.com/ColectivoAngiru,no,2020-07-05,4900,0,2025-06-11,post,https://www.facebook.com/ColectivoAngiru/posts/pfbid02beVnUrDsspqDbiVvrz7H8LApgHZRr8KoxRvi4E4bnd6TSMjX5h7Wui64rJF46jWol,0,4,16,0,0,0,0,0,0,0," 𝐂𝐞𝐥𝐞𝐛𝐫𝐚𝐦𝐨𝐬 𝐥𝐚 𝐯𝐢𝐝𝐚 𝐝𝐞 𝐧𝐮𝐞𝐬𝐭𝐫𝐚 𝐜𝐨𝐦𝐩𝐚ñ𝐞𝐫𝐚 𝐂𝐢𝐧𝐭𝐢𝐚 𝐚𝐠𝐫𝐚𝐝𝐞𝐜𝐢𝐞𝐧𝐝𝐨 𝐬𝐮 𝐜𝐚𝐦𝐢𝐧𝐚𝐫 𝐲 𝐜𝐨𝐦𝐩𝐫𝐨𝐦𝐞𝐭𝐢𝐝𝐨 𝐭𝐫𝐚𝐛𝐚𝐣𝐨 
Desde el Colectivo Angirü celebramos la vida, caminar y fortaleza … Ver más"
