nombre perfil,url perfil,snapshot_date,creación del perfil,candidato identificado,seguidores,seguidos,fecha post,url post,comparticiones,comentarios,reacciones en total,me gusta,me encanta,me divierte,me entristece,me sorprende,me enoja,me importa,contenido
Jimena Antelo,https://www.facebook.com/JimenaAnteloOficial,2025-06-02,2018-03-01,no,352000,127,2025-05-30,https://www.facebook.com/share/p/1FAwsDzApY/,0,5,74,48,22,1,0,0,0,3,"Hay lugares que no necesitan mapas,
porque nacen del deseo.… Ver más"
Jimena Antelo,https://www.facebook.com/JimenaAnteloOficial,2025-06-02,2018-03-01,no,352000,127,2025-05-30,https://www.facebook.com/share/p/1BPyUwFoM5/,2,52,106,27,0,75,2,1,1,0,"“Me hicieron mierda, solo por ser vecino del tipo”. La bronca de Mario Cronembold lo dijo en #FamaPoderyGanas… Ver más"
Jimena Antelo,https://www.facebook.com/JimenaAnteloOficial,2025-06-02,2018-03-01,no,352000,127,2025-05-30,https://www.facebook.com/share/v/184pcs2zwL/,15,65,132,72,1,49,0,9,0,1,"EL VICE DE TUTO SUFRE EN LAS ENTREVISTAS 
No sabía de Agetic, ni leyes incendiarias... y querer ser sexy"
Jimena Antelo,https://www.facebook.com/JimenaAnteloOficial,2025-06-02,2018-03-01,no,352000,127,2025-05-30,https://www.facebook.com/share/v/1J3dcDJPkq/,7,1,36,34,0,1,0,0,0,1,"“MARIANA ES CÍNICA”
“Ella me mete a la trituradora”… Ver más"
Jimena Antelo,https://www.facebook.com/JimenaAnteloOficial,2025-06-02,2018-03-01,no,352000,127,2025-05-30,https://www.facebook.com/share/v/15rUxFdUtu/,3,2,4,3,0,0,0,0,1,0,"PRADO Y EL JUCIO AL FEMINICIDA
“Ella pudo rechazar ir a declarar”… Ver más"
Jimena Antelo,https://www.facebook.com/JimenaAnteloOficial,2025-06-02,2018-03-01,no,352000,127,2025-05-30,https://www.facebook.com/share/v/16XTH2F9nx/,0,1,9,8,0,0,0,0,0,1,"""MARIANA ME CONTÓ QUE KUSHNER ERA VIOLENTO""
Helen Álvarez sobre Mariana Prado … Ver más"
Jimena Antelo,https://www.facebook.com/JimenaAnteloOficial,2025-06-02,2018-03-01,no,352000,127,2025-05-30,https://www.facebook.com/share/p/15neA4Lxg5/,5,9,15,10,0,5,0,0,0,0,
Jimena Antelo,https://www.facebook.com/JimenaAnteloOficial,2025-06-02,2018-03-01,no,352000,127,2025-06-01,https://www.facebook.com/share/v/1BmCr7zdPZ/,20,67,386,363,3,13,3,2,0,2,"LA QUEJA DE BONNY LOVY SE VUELVE VIRAL
¿Qué te parece? ¿Estás de acuerdo en lo a que dice?"
Jimena Antelo,https://www.facebook.com/JimenaAnteloOficial,2025-06-02,2018-03-01,no,352000,127,2025-06-01,https://www.facebook.com/share/p/1YAKWnL2Qb/,47,126,358,179,3,129,0,6,40,1,Lo último
Jimena Antelo,https://www.facebook.com/JimenaAnteloOficial,2025-06-02,2018-03-01,no,352000,127,2025-06-01,https://www.facebook.com/share/p/1Pkjnwr6cy/,18,609,1200,416,24,723,0,15,26,2,"Estos son los resultados de la primera encuesta de Unitel
SAMUEL  19.1%… Ver más"
Jimena Antelo,https://www.facebook.com/JimenaAnteloOficial,2025-06-02,2018-03-01,no,352000,127,2025-06-02,2025-06-02,1,1,21,13,8,0,0,0,0,0,Feria Cultura Viva en Las Brisas Centro Comercial
Jimena Antelo,https://www.facebook.com/JimenaAnteloOficial,2025-06-02,2018-03-01,no,352000,127,2025-06-02,https://www.facebook.com/share/p/15z2TQeFQ9/,4,111,142,95,2,36,0,4,1,4,"¿Algún acuerdo en puertas?
Dunn y JP Velasco en un café de La Paz y Dunn lo muestra en vivo en una entrevista con La Razón"
Jimena Antelo,https://www.facebook.com/JimenaAnteloOficial,2025-06-02,2018-03-01,no,352000,127,2025-06-02,https://www.facebook.com/share/v/1FHsi7crmz/,26,343,577,204,6,94,1,3,270,0,"EVO COMENZÓ SU BLOQUEO
Exigen la renuncia de Arce… Ver más"
