nombre perfil,url perfil,candidato identificado,creación del perfil,seguidores,seguidos,fecha post,tipo de post,url post,comparticiones,comentarios,reacciones en total,me gusta,me encanta,me divierte,me entristece,me sorprende,me enoja,me importa,contenido
CECILIA ISABEL REQUENA ZARATE,https://www.facebook.com/CeciliaRequenaZarate,sí,,4500,158,2025-06-16,post,https://www.facebook.com/share/v/14GQJRB1DJx/,10,0,26,21,4,0,0,0,0,1,"En el foro virtual de la @ @fmilenio Sostenibilidad Ambiental y Transición Energética: el reto de Bolivia, compartí una preocupación urgente:… Ver más"
CECILIA ISABEL REQUENA ZARATE,https://www.facebook.com/CeciliaRequenaZarate,sí,,4500,158,2025-06-17,post,https://www.facebook.com/share/p/1A3TEhgDUu/,1,1,6,6,0,0,0,0,0,0,"Pese a TODO, en las elecciones judiciales, tras distinguir unos de otros, logramos elegir varios magistrados/as que están dando señales de batallar por la independenci… Ver más"
CECILIA ISABEL REQUENA ZARATE,https://www.facebook.com/CeciliaRequenaZarate,sí,,4500,158,2025-06-18,post,https://www.facebook.com/share/p/12F17KApLH1/,9,0,51,45,6,0,0,0,0,0,Hoy en #AquíEnVivo a las 22:45. Red Bolivisión… Ver más
CECILIA ISABEL REQUENA ZARATE,https://www.facebook.com/CeciliaRequenaZarate,sí,,4500,158,2025-06-18,post,https://www.facebook.com/share/p/1AXNs7MKQP/,10,3,37,30,0,0,6,0,0,1,"En esta entrevista con 
#NataliaAparicio hablo sobre el #DesafíoAmbiental que enfrentamos y cómo el #ProyectoDeLey118 por los #Bosques propone frenar los #incendios, p… Ver más"
CECILIA ISABEL REQUENA ZARATE,https://www.facebook.com/CeciliaRequenaZarate,sí,,4500,158,2025-06-18,post,2025-06-18,0,0,0,0,0,0,0,0,0,0,
CECILIA ISABEL REQUENA ZARATE,https://www.facebook.com/CeciliaRequenaZarate,sí,,4500,158,2025-06-20,post,2025-06-20,0,0,0,0,0,0,0,0,0,0,
CECILIA ISABEL REQUENA ZARATE,https://www.facebook.com/CeciliaRequenaZarate,sí,,4500,158,2025-06-21,post,https://www.facebook.com/CeciliaRequenaZarate/posts/pfbid0CHKM8AVQSckp2E7hv1kB33rqXu488f6M9iwBn22cDZgmhL3WQwVAR2GjRtQKzvNwl,8,2,61,52,8,0,0,0,0,1,"Gracias,@SumandoVocesBo,por la excelente nota sobre el ProyDeLey 118 por los #BOSQUES y otros sistemas de #VIDA.
Estamos haciendo todo lo posible para contribuir a reso… Ver más"
CECILIA ISABEL REQUENA ZARATE,https://www.facebook.com/CeciliaRequenaZarate,sí,,4500,158,2025-06-22,post,https://www.facebook.com/share/p/1CDrUvzawZ/,3,0,11,11,0,0,0,0,0,0,
CECILIA ISABEL REQUENA ZARATE,https://www.facebook.com/CeciliaRequenaZarate,sí,,4500,158,2025-06-22,post,https://www.facebook.com/share/p/1GZo7uWprN/,3,0,9,8,1,0,0,0,0,0,
