nombre perfil,url perfil,creación del perfil,seguidores,seguidos,fecha post,url post,comparticiones,reacciones en total,me gusta,me encanta,me divierte,me entristece,me sorprende,me enoja,me importa,contenido
MARIA KHALINE MORENO CARDENAS,https://www.facebook.com/profile.php?id=100048470096823,2020-02-17,20000,188,2025-05-27,https://www.facebook.com/share/p/1Ag7dGo5BB/,6,0,0,0,0,0,0,0,0,"Ser mamá no es fácil, pero es el regalo más grande que Dios me dio.… Ver más"
MARIA KHALINE MORENO CARDENAS,https://www.facebook.com/profile.php?id=100048470096823,2020-02-17,20000,188,2025-05-27,https://www.facebook.com/share/v/1EJk43Cyoj/,8,0,0,0,0,0,0,0,0,"Hoy quiero abrir un pedacito de mi corazón y compartir 
con ustedes algo más personal. En este Vlog especial por el Día de la Madre, hablo no … Ver más"
MARIA KHALINE MORENO CARDENAS,https://www.facebook.com/profile.php?id=100048470096823,2020-02-17,20000,188,2025-05-30,https://www.facebook.com/share/v/1GELq9SdVD/,37,0,41,7,9,0,0,0,1,TikTok: https://vm.tiktok.com/ZMSMQSUbJ/… Ver más
MARIA KHALINE MORENO CARDENAS,https://www.facebook.com/profile.php?id=100048470096823,2020-02-17,20000,188,2025-05-31,https://www.facebook.com/share/p/163pditusc/,10,0,0,0,0,0,0,0,0,Día a día recorremos las calles hablando sobre nuestra propuesta para sacar a Bolivia de la #crisis. Aprovechamos el clima para invitar un cafecito mientras demostramos… Ver más
MARIA KHALINE MORENO CARDENAS,https://www.facebook.com/profile.php?id=100048470096823,2020-02-17,20000,188,2025-06-02,https://www.facebook.com/share/p/14GkHXxuV7U/,7,0,0,0,0,0,0,0,0,"Hoy el Bloque de la Unidad llegó al Cristo Redentor, ese lugar donde tantas veces Bolivia alzó la voz.
Y lo hicimos con la convicción de que Samuel Doria Medina es la e… Ver más"
