nombre perfil,url perfil,snapshot_date,creación del perfil,candidato identificado,seguidores,seguidos,fecha post,url post,comparticiones,comentarios,reacciones en total,me gusta,me encanta,me divierte,me entristece,me sorprende,me enoja,me importa,contenido
Melania Torrico,https://www.facebook.com/melania.pericon,2025-06-03,2008-06-17,no,20000,2800,2025-05-28,https://www.facebook.com/share/v/1FMJ7TXMw5/,0,0,5,2,0,3,0,0,0,0,
Melania Torrico,https://www.facebook.com/melania.pericon,2025-06-03,2008-06-17,no,20000,2800,2025-05-28,https://www.facebook.com/share/v/15RRguyY2g/,2,46,65,13,0,49,1,0,2,0,"Es Licenciado, tiene una Maestría y 2 Diplomados."
Melania Torrico,https://www.facebook.com/melania.pericon,2025-06-03,2008-06-17,no,20000,2800,2025-05-28,https://www.facebook.com/share/v/16PYL1Hh5D/,0,0,20,6,0,11,0,0,3,0,"Los espero en: MELANIA.BO
20:00 Horas"
Melania Torrico,https://www.facebook.com/melania.pericon,2025-06-03,2008-06-17,no,20000,2800,2025-05-28,https://www.facebook.com/share/v/1BuZcMeAnQ/,0,0,2,1,1,0,0,0,0,0,
Melania Torrico,https://www.facebook.com/melania.pericon,2025-06-03,2008-06-17,no,20000,2800,2025-05-28,https://www.facebook.com/share/p/1BfQwFxiDQ/,0,28,64,7,2,54,0,0,1,0,"Señores:
ANDRÓNICO SERÁ EL NUEVO PRESIDENTE DE LOS BOLIVIANOS! … Ver más"
Melania Torrico,https://www.facebook.com/melania.pericon,2025-06-03,2008-06-17,no,20000,2800,2025-05-31,https://www.facebook.com/share/p/16gcFcEMJo/,0,0,11,6,0,5,0,0,0,0,"La candidatura a Vicepresidencia cuesta entre 40 y 60 mil dólares americanos a tipo de cambio 15. Es decir, vaya que cuesta ser candidato .
Che! Y si pones plata, mínimo lee, averigua, conoce, prepárate y NO PASES PAPELONES.
Los emojis de monitos quedaron pequeños."
Melania Torrico,https://www.facebook.com/melania.pericon,2025-06-03,2008-06-17,no,20000,2800,2025-06-01,https://www.facebook.com/share/p/16KgfeTUxW/,1,15,59,8,0,46,0,0,5,0,Andrónico Presidente ! Así será señores !
Melania Torrico,https://www.facebook.com/melania.pericon,2025-06-03,2008-06-17,no,20000,2800,2025-06-01,https://www.facebook.com/share/v/12LLhefkqZF/,0,0,2,2,0,0,0,0,0,0,
Melania Torrico,https://www.facebook.com/melania.pericon,2025-06-03,2008-06-17,no,20000,2800,2025-06-01,https://www.facebook.com/share/v/1AbhgFz1SR/,1,6,17,2,0,15,0,0,0,0,
Melania Torrico,https://www.facebook.com/melania.pericon,2025-06-03,2008-06-17,no,20000,2800,2025-06-01,https://www.facebook.com/share/p/15XMRTVgx7/,0,0,4,0,0,0,0,0,0,0,Andrónico Rodríguez será en nuevo Presidente !
Melania Torrico,https://www.facebook.com/melania.pericon,2025-06-03,2008-06-17,no,20000,2800,2025-06-02,https://www.facebook.com/share/v/16vZiizGEc/,0,3,4,0,0,4,0,0,0,0,
Melania Torrico,https://www.facebook.com/melania.pericon,2025-06-03,2008-06-17,no,20000,2800,2025-06-03,https://www.facebook.com/share/p/19YWaxmyGN/,1,6,27,3,0,24,0,0,0,0,Tres encuestas hasta el momento.
