nombre perfil,url perfil,candidato identificado,creación del perfil,seguidores,seguidos,fecha post,tipo de post,url post,comparticiones,comentarios,reacciones en total,me gusta,me encanta,me divierte,me entristece,me sorprende,me enoja,me importa,contenido
SILVANA MUCARZEL DEMETRY,https://www.facebook.com/silvanamucarzelconcejal/,sí,,8800,93,2025-06-04,post,https://www.facebook.com/share/p/19GefYXMzV/,9,20,90,74,9,2,1,2,0,2,"NUESTRA VERDAD ANTE LA DESINFORMACIÓN, SEGUIMOS EN CARRERA! (HAY ALGUNOS QUE ESTÁN NERVIOSOS
)
En las últimas horas, algunos oficiosos se dieron a la tarea de hacer cir… Ver más"
SILVANA MUCARZEL DEMETRY,https://www.facebook.com/silvanamucarzelconcejal/,sí,,8800,93,2025-06-05,post,https://www.facebook.com/share/p/1BtDbpHNtM/,1,0,11,11,0,0,0,0,0,0,
