nombre perfil,url perfil,candidato identificado,creación del perfil,seguidores,seguidos,fecha post,tipo de post,url post,comparticiones,comentarios,reacciones en total,me gusta,me encanta,me divierte,me entristece,me sorprende,me enoja,me importa,contenido
MILKA ROJAS GRAGEDA,https://www.facebook.com/MilkaRojasGrageda,no,2024-09-18,359,11,2025-07-14,post,https://www.facebook.com/share/p/19Wm5vJvgS/,0,0,0,0,0,0,0,0,0,0,
MILKA ROJAS GRAGEDA,https://www.facebook.com/MilkaRojasGrageda,no,2024-09-18,359,11,2025-07-14,post,https://www.facebook.com/share/p/16dP7hbyxh/,0,0,0,0,0,0,0,0,0,0,
MILKA ROJAS GRAGEDA,https://www.facebook.com/MilkaRojasGrageda,no,2024-09-18,359,11,2025-07-15,post,https://www.facebook.com/share/v/1CkbGyyuAf/,0,0,11,11,0,0,0,0,0,0,"#MilkaRojasDiputadaC23
#Cochabamba… Ver más"
MILKA ROJAS GRAGEDA,https://www.facebook.com/MilkaRojasGrageda,no,2024-09-18,359,11,2025-07-16,post,https://www.facebook.com/MilkaRojasGrageda/videos/752142207227096/,0,0,2,2,0,0,0,0,0,0,
MILKA ROJAS GRAGEDA,https://www.facebook.com/MilkaRojasGrageda,no,2024-09-18,359,11,2025-07-16,post,https://www.facebook.com/share/v/1G8dyMsnem/,0,0,2,2,0,0,0,0,0,0,
MILKA ROJAS GRAGEDA,https://www.facebook.com/MilkaRojasGrageda,no,2024-09-18,359,11,2025-07-16,post,https://www.facebook.com/share/v/1TnC2AzEhH/,0,0,2,2,0,0,0,0,0,0,
MILKA ROJAS GRAGEDA,https://www.facebook.com/MilkaRojasGrageda,no,2024-09-18,359,11,2025-07-16,post,https://www.facebook.com/MilkaRojasGrageda/posts/pfbid0FufuWCn4Yjniic5jJxxcm9vvwMmSR5QXPnnXJSa7x9bHejzfjVi1WWaCYDNhYqzzl,0,0,1,1,0,0,0,0,0,0,
MILKA ROJAS GRAGEDA,https://www.facebook.com/MilkaRojasGrageda,no,2024-09-18,359,11,2025-07-16,post,https://www.facebook.com/share/p/165HB2CX1c/,0,0,1,1,0,0,0,0,0,0,DIOS - PATRIA - FAMILIA
MILKA ROJAS GRAGEDA,https://www.facebook.com/MilkaRojasGrageda,no,2024-09-18,359,11,2025-07-16,post,https://www.facebook.com/share/p/19TLzBQGET/,0,0,1,1,0,0,0,0,0,0,DIOS - PATRIA -FAMILIA
MILKA ROJAS GRAGEDA,https://www.facebook.com/MilkaRojasGrageda,no,2024-09-18,359,11,2025-07-17,post,https://www.facebook.com/share/v/1CEyUzwv1t/,0,0,1,1,0,0,0,0,0,0,
MILKA ROJAS GRAGEDA,https://www.facebook.com/MilkaRojasGrageda,no,2024-09-18,359,11,2025-07-19,post,https://www.facebook.com/MilkaRojasGrageda/posts/pfbid02ticrUwC5p9LyZvVgfXc926KV2S33EXMF4gVNVk46Yh36C6wk9zL4wAoo7V1BL7LLl,0,0,1,1,0,0,0,0,0,0,Dios -PATRIA y Familia
MILKA ROJAS GRAGEDA,https://www.facebook.com/MilkaRojasGrageda,no,2024-09-18,359,11,2025-07-19,post,https://www.facebook.com/share/p/1C9CSo76ap/,0,0,1,1,0,0,0,0,0,0,DIOS - PATRIA Y FAMILIA
MILKA ROJAS GRAGEDA,https://www.facebook.com/MilkaRojasGrageda,no,2024-09-18,359,11,2025-07-19,post,https://www.facebook.com/share/p/15inqea9MZ/,0,0,1,1,0,0,0,0,0,0,DIOS PATRIA Y FAMILIA
MILKA ROJAS GRAGEDA,https://www.facebook.com/MilkaRojasGrageda,no,2024-09-18,359,11,2025-07-20,post,https://www.facebook.com/share/p/19TggPAjCv/,0,0,1,1,0,0,0,0,0,0,DIOS - PATRIA -FAMILIA
MILKA ROJAS GRAGEDA,https://www.facebook.com/MilkaRojasGrageda,no,2024-09-18,359,11,2025-07-20,post,https://www.facebook.com/share/p/16vxQwkBXy/,0,0,3,1,2,0,0,0,0,0,Dios -Patria -Familia
MILKA ROJAS GRAGEDA,https://www.facebook.com/MilkaRojasGrageda,no,2024-09-18,359,11,2025-07-20,post,https://www.facebook.com/share/p/16pcc9Z32y/,0,0,1,1,0,0,0,0,0,0,DIOS -PATRIA Y FAMILIA
MILKA ROJAS GRAGEDA,https://www.facebook.com/MilkaRojasGrageda,no,2024-09-18,359,11,2025-07-20,post,https://www.facebook.com/share/p/1B4w2TrHxm/,0,0,3,3,0,0,0,0,0,0,
