nombre perfil,url perfil,candidato identificado,creación del perfil,seguidores,seguidos,fecha post,tipo de post,url post,comparticiones,comentarios,reacciones en total,me gusta,me encanta,me divierte,me entristece,me sorprende,me enoja,me importa,contenido
Ana Lucía Velasco,https://www.facebook.com/anavelascou,no,2007-09-02,2000,0,2025-07-07,post,https://www.facebook.com/share/p/1BBGXkhxzn/,1,5,23,15,1,2,4,0,1,0,"No lo podía haber dicho mejor… pasa que lo que hay que hacer para salir del hueco en el que estamos NO ES POPULAR, así que ningún candidato lo va a decir. Como sociedad… Ver más"
Ana Lucía Velasco,https://www.facebook.com/anavelascou,no,2007-09-02,2000,0,2025-07-08,post,https://www.facebook.com/share/p/1GVRNmHRfX/,5,14,49,19,0,29,0,1,0,0,"Ahora que ya hay debates (aunque siempre se chachan los que ya sabemos), empujemos para que no usen los debates para hacer guerra sucia.… Ver más"
Ana Lucía Velasco,https://www.facebook.com/anavelascou,no,2007-09-02,2000,0,2025-07-12,post,https://www.facebook.com/share/p/16u14w8pAs/,0,3,70,59,10,0,1,0,0,0,"Fracasamos como sociedad cuando admiramos más al que es capo insultando y ofendiendo, pero nos aburrimos con el que es capo razonando.
Y razonar bien no significa solamente armar buenos argumentos, también significa poder comprender los argumentos del otro. 
*visto en la cuenta de IG de Faladictos"
