nombre perfil,url perfil,snapshot_date,creación del perfil,candidato identificado,seguidores,seguidos,fecha post,tipo de post,url post,comparticiones,comentarios,reacciones en total,me gusta,me encanta,me divierte,me entristece,me sorprende,me enoja,me importa,contenido
Andrea Vaca Barbery ,https://www.facebook.com/andreavacabarbery,2025-06-11,2019-01-27,no,38000,48,2025-04-16,post,2025-04-16,0,11,179,0,0,0,0,0,0,0,"Proverbios 22:8-23
""Los que siembran injusticia cosecharán desgracia, y su régimen de terror se acabará”"
Andrea Vaca Barbery ,https://www.facebook.com/andreavacabarbery,2025-06-11,2019-01-27,no,38000,48,2025-05-13,post,https://www.facebook.com/share/p/1E67Civybo/,13,1,78,0,0,0,0,0,0,0,
Andrea Vaca Barbery ,https://www.facebook.com/andreavacabarbery,2025-06-11,2019-01-27,no,38000,48,2025-05-18,post,https://www.facebook.com/share/p/1Eo8cyH9Ae/,37,9,175,0,0,0,0,0,0,0,"Desde que tuve un encuentro con Dios, comprendí que el que no vive pra servir, no sirve para vivir.… Ver más"
