nombre perfil,url perfil,candidato identificado,creación del perfil,seguidores,seguidos,fecha post,tipo de post,url post,comparticiones,comentarios,reacciones en total,me gusta,me encanta,me divierte,me entristece,me sorprende,me enoja,me importa,contenido
Feminismo Comunitario Antipatriarcal,https://www.facebook.com/feminismo.comunitario.Antipatriarcal,no,2014-05-16,34000,0,2025-07-22,post,https://www.facebook.com/share/p/1R5LTquvdD/,0,1,3,1,0,0,0,0,0,2,"Pedagogía patriarcal para el disciplinamiento del silencio, para callarnos, pero Cristina Burneo Salazar nos enseña a no callar, a no aceptar la violencia dentro de las… Ver más"
Feminismo Comunitario Antipatriarcal,https://www.facebook.com/feminismo.comunitario.Antipatriarcal,no,2014-05-16,34000,0,2025-07-24,post,https://www.facebook.com/share/p/16k4FgAsgH/,16,6,26,12,1,11,0,0,0,2,"!LIBERTAD YA PARA RUTH NINA!
LA JUSTICIA EN BOLIVIA NO ES INDEPENDIENTE… Ver más"
Feminismo Comunitario Antipatriarcal,https://www.facebook.com/feminismo.comunitario.Antipatriarcal,no,2014-05-16,34000,0,2025-07-29,post,https://www.facebook.com/share/p/1CJVuntM2n/,0,0,4,3,1,0,0,0,0,0,URIBE CULPABLE
