nombre perfil,url perfil,candidato identificado,creación del perfil,seguidores,seguidos,fecha post,tipo de post,url post,comparticiones,comentarios,reacciones en total,me gusta,me encanta,me divierte,me entristece,me sorprende,me enoja,me importa,contenido
YHISSEL MARISOL DAVALO LANCEA,https://www.facebook.com/nenita.savedra.7,sí,,1470,0,2025-07-14,post,https://www.facebook.com/share/p/1WE8CcSdZy/,8,20,108,90,16,2,0,0,0,0," Caminata en el Barrio Melgar – Plan 3000 
Compartiendo con los vecinos y vecinas que nos recibieron con cariño, esperanza y muchas ganas de un verdadero ca… Ver más"
YHISSEL MARISOL DAVALO LANCEA,https://www.facebook.com/nenita.savedra.7,sí,,1470,0,2025-07-20,post,https://www.facebook.com/share/p/19UjzcscAS/,15,21,111,90,19,1,0,0,0,1,"Desde muy temprano compartiendo una rica pastasca con los vecinos y vecinas del Barrio Cumavi II 
 Escuchamos sus necesidades, compartimos propuestas y seguimos const… Ver más"
YHISSEL MARISOL DAVALO LANCEA,https://www.facebook.com/nenita.savedra.7,sí,,1470,0,2025-07-21,post,https://www.facebook.com/share/p/19Ub1dyUFC/,25,11,72,60,9,2,0,0,0,1,"Seguimos recorriendo los barrios de nuestra Circunscripción 48!
Llevamos nuestras propuestas a cada vecino y vecina, escuchando sus necesidades y compartiendo nuestro c… Ver más"
YHISSEL MARISOL DAVALO LANCEA,https://www.facebook.com/nenita.savedra.7,sí,,1470,0,2025-07-21,post,https://www.facebook.com/share/p/1SBDZ9Rp42/,16,21,86,67,13,4,0,0,1,1," Inauguramos nuestra Casa de Campaña
Con mucha alegría y unidad, Casa  Central de la Circunscripción 48, junto a nuestro candidato y futuro presidente Eduardo Del Cast… Ver más"
YHISSEL MARISOL DAVALO LANCEA,https://www.facebook.com/nenita.savedra.7,sí,,1470,0,2025-07-22,post,https://www.facebook.com/share/v/1AjpqaoPm3/,20,22,61,48,11,0,0,0,1,1,"Desde muy temprano visitamos el Barrio 24 de Septiembre, de la Circunscripción 48.
Agradecidos con cada vecino y vecina por recibirnos con tanto cariño y escucharnos co… Ver más"
