nombre perfil,url perfil,candidato identificado,creación del perfil,seguidores,seguidos,fecha post,tipo de post,url post,comparticiones,comentarios,reacciones en total,me gusta,me encanta,me divierte,me entristece,me sorprende,me enoja,me importa,contenido
Roxana Duchên,https://www.facebook.com/RoxanaDuchenn,no,2015-03-11,59000,0,2025-07-08,post,https://www.facebook.com/share/p/1CnkxmWY5r/,220,101,1600,0,0,0,0,0,0,0,Qué belleza!
Roxana Duchên,https://www.facebook.com/RoxanaDuchenn,no,2015-03-11,59000,0,2025-07-11,post,https://www.facebook.com/share/p/1cv98TyaaM/,16,38,213,20,0,191,1,1,0,0,"Nace una ""emprendedorE"" se acuerdan de ellE? 
 Bueno ahora ofrece sus servicios como damE de compañía."
Roxana Duchên,https://www.facebook.com/RoxanaDuchenn,no,2015-03-11,59000,0,2025-07-14,post,https://www.facebook.com/share/p/1B3epVd4BD/,78,155,718,539,103,64,1,1,0,10,Qué camino escoges?
