nombre perfil,url perfil,candidato identificado,creación del perfil,seguidores,seguidos,fecha post,tipo de post,url post,comparticiones,comentarios,reacciones en total,me gusta,me encanta,me divierte,me entristece,me sorprende,me enoja,me importa,contenido
Rubi Garcia,https://www.facebook.com/rubi.garcia.360686/,no,2020-06-10,14000,0,2025-06-11,post,https://www.facebook.com/share/p/1AdN1ukszF/,23,5,51,0,0,0,0,0,0,0,
Rubi Garcia,https://www.facebook.com/rubi.garcia.360686/,no,2020-06-10,14000,0,2025-06-11,post,https://www.facebook.com/share/p/1GkF3ctjRY/,156,17,99,0,0,0,0,0,0,0,GOBIERNO MANDA A M4T4R A POLICIAS Y A LOS COMPAÑEROS PARA MILITARIZAR BOLÍVIA
Rubi Garcia,https://www.facebook.com/rubi.garcia.360686/,no,2020-06-10,14000,0,2025-06-11,post,https://www.facebook.com/share/p/1Eio3cJCtz/,5,1,20,0,0,0,0,0,0,0,
Rubi Garcia,https://www.facebook.com/rubi.garcia.360686/,no,2020-06-10,14000,0,2025-06-11,post,https://www.facebook.com/share/p/19reKpqrDg/,6,0,17,0,0,0,0,0,0,0,
Rubi Garcia,https://www.facebook.com/rubi.garcia.360686/,no,2020-06-10,14000,0,2025-06-11,post,https://www.facebook.com/share/p/15UF8f12uG/,23,10,54,0,0,0,0,0,0,0,
Rubi Garcia,https://www.facebook.com/rubi.garcia.360686/,no,2020-06-10,14000,0,2025-06-11,post,https://www.facebook.com/share/p/19V6FVuYfi/,6,3,29,0,0,0,0,0,0,0,"LA LUCHA ES DEL PUEBLO 
LA BOLIVIA PROFUNDA EN PIE DE LUCHA"
Rubi Garcia,https://www.facebook.com/rubi.garcia.360686/,no,2020-06-10,14000,0,2025-06-11,post,https://www.facebook.com/share/p/15Ncj21Ecm/,173,25,72,0,0,0,0,0,0,0,AHORA MISMO LOS MEDIOS DE COMUNICACIÓN PAGADOS POR EL GOBIERNO ESTAN EN UNA CAMPAÑA MEDIATICA MENTIROSA COMO EN LAS DICTADURAS AHORA RESULTA QUE EL GOBIERNO HABREADOR Y… Ver más
Rubi Garcia,https://www.facebook.com/rubi.garcia.360686/,no,2020-06-10,14000,0,2025-06-11,post,https://www.facebook.com/share/p/16f8STW1cE/,90,22,105,0,0,0,0,0,0,0,
Rubi Garcia,https://www.facebook.com/rubi.garcia.360686/,no,2020-06-10,14000,0,2025-06-11,post,https://www.facebook.com/share/p/16NJ3uWi9V/,180,28,100,0,0,0,0,0,0,0,"Hoy Andronico Rodríguez confirma que no le importa su gente no le interesa el sufrimiento de la gente que lo llevó con su voto al Senado ,como todo traidor sale en conf… Ver más"
Rubi Garcia,https://www.facebook.com/rubi.garcia.360686/,no,2020-06-10,14000,0,2025-06-11,post,https://www.facebook.com/share/p/1QMEw8YR3X/,224,37,143,0,0,0,0,0,0,0,
Rubi Garcia,https://www.facebook.com/rubi.garcia.360686/,no,2020-06-10,14000,0,2025-06-11,post,https://www.facebook.com/share/p/1JoPnCsMoX/,31,24,112,0,0,0,0,0,0,0,NI LAS BALAS NI LOS GASES PODRAN CALLARNOS SOMOS INDIOS DUEÑOS DE ESTAS TIERRAS
