nombre perfil,url perfil,snapshot_date,creación del perfil,candidato identificado,seguidores,seguidos,fecha post,tipo de post,url post,comparticiones,comentarios,reacciones en total,me gusta,me encanta,me divierte,me entristece,me sorprende,me enoja,me importa,contenido
YOVANA TERRAZAS POLANCO,https://www.facebook.com/yovana.terrazaspolanco,2025-07-22,,no,0,0,2025-07-14,post,https://www.facebook.com/share/p/19BDdMXTXM/,5,1,10,8,2,0,0,0,0,0,
YOVANA TERRAZAS POLANCO,https://www.facebook.com/yovana.terrazaspolanco,2025-07-22,,no,0,0,2025-07-18,reel,/reel/1764406781622057/?s=single_unit&__cft__[0]=AZWVNMf21xU3QPnBMx_C6NgKVOVElpjotjrp13EcwDXM_6sC06_eFi7doI_uqUwtzRflvD5cxwlul9gkYP_BdWqTwy9J9v6D8Ekb7sX-DmsTl_umK39b7xTjzVy_RDnAc0FNS4tHaHCsMKYqDaL9XhvogyABwIlr_ZimkUyNL0mmxvppn4emadlJ-wjWVcvV0zo&__tn__=H-R,0,0,0,0,0,0,0,0,0,0,
YOVANA TERRAZAS POLANCO,https://www.facebook.com/yovana.terrazaspolanco,2025-07-22,,no,0,0,2025-07-18,post,https://www.facebook.com/share/p/1YJqVBKAAo/,10,10,24,19,3,0,0,1,0,1,
YOVANA TERRAZAS POLANCO,https://www.facebook.com/yovana.terrazaspolanco,2025-07-22,,no,0,0,2025-07-19,post,https://www.facebook.com/share/p/1AyyuUTszs/,12,7,16,14,2,0,0,0,0,0," 
GRACIAS...!! 
SEGUIMOS TRABAJANDO E INTEGRANDO .... 
PARA UN CAMBIO RADICAL....!! 
CONTAMOS CON TU APOYO, ESTE 17 DE AGOSTO VOTA POR:
TUTO PRE… Ver más"
YOVANA TERRAZAS POLANCO,https://www.facebook.com/yovana.terrazaspolanco,2025-07-22,,no,0,0,2025-07-19,post,https://www.facebook.com/share/p/1AwVBG3e23/,15,7,24,20,4,0,0,0,0,0,"EQUIPO...!! 
POR UN CAMBIO RADICAL...!!
ESTE 17 DE AGOSTO VOTA POR:
TUTO PRESIDENTE... 
YOVANA… Ver más"
YOVANA TERRAZAS POLANCO,https://www.facebook.com/yovana.terrazaspolanco,2025-07-22,,no,0,0,2025-07-19,post,2025-07-19,5,42,95,75,18,1,0,0,0,1,  Barrio 15 de Mayo… Ver más
YOVANA TERRAZAS POLANCO,https://www.facebook.com/yovana.terrazaspolanco,2025-07-22,,no,0,0,2025-07-21,post,https://www.facebook.com/share/p/169hfJuUs6/,2,3,8,5,3,0,0,0,0,0,"RESPALDADOS Y FORTALECIDOS COMO CANDIDATOS ..
TUTO PRESIDENTE... 
YOVANA DIPUTADA.. 
ESTE 17 DE AGOSTO COMIENZA EL CAMBIO RADICAL PARA BOLIVIA 
 ...!! "
YOVANA TERRAZAS POLANCO,https://www.facebook.com/yovana.terrazaspolanco,2025-07-22,,no,0,0,2025-07-21,post,https://www.facebook.com/share/p/19NoXndc9L/,15,10,24,20,4,0,0,0,0,0,"SALVEMOS BOLIVIA...!! 
TUTO PRESIDENTE... 
YOVANA DIPUTADA..!! 
SE VIENE EL CAMBIO RADICAL PARA LOS BOLIVIANOS "
