nombre perfil,url perfil,candidato identificado,creación del perfil,seguidores,seguidos,fecha post,tipo de post,url post,comparticiones,comentarios,reacciones en total,me gusta,me encanta,me divierte,me entristece,me sorprende,me enoja,me importa,contenido
Silvana Mucarzel,https://www.facebook.com/silvanamucarzelconcejal,no,2021-01-29,8100,87,2025-07-07,post,https://www.facebook.com/share/p/15eXaqAcwZ/,0,0,8,8,0,0,0,0,0,0,
Silvana Mucarzel,https://www.facebook.com/silvanamucarzelconcejal,no,2021-01-29,8100,87,2025-07-08,post,https://www.facebook.com/share/v/1C2BfWuXkQ/,6,8,55,52,2,1,0,0,0,0,"#El Tribunal Supremo Electoral (TSE) ratifica que existen recursos pendientes, serán tratados en Sala Plena y que luego emitirán una resolución que se comunicará a las … Ver más"
Silvana Mucarzel,https://www.facebook.com/silvanamucarzelconcejal,no,2021-01-29,8100,87,2025-07-08,post,https://www.facebook.com/share/p/15fvB3QCR6/,0,0,7,7,0,0,0,0,0,0,
Silvana Mucarzel,https://www.facebook.com/silvanamucarzelconcejal,no,2021-01-29,8100,87,2025-07-08,post,https://www.facebook.com/share/p/1BAZvogGK1/,4,0,74,0,0,0,0,0,0,0,
Silvana Mucarzel,https://www.facebook.com/silvanamucarzelconcejal,no,2021-01-29,8100,87,2025-07-09,post,https://www.facebook.com/share/p/19P7xzYEAd/,1,0,7,7,0,0,0,0,0,0,
Silvana Mucarzel,https://www.facebook.com/silvanamucarzelconcejal,no,2021-01-29,8100,87,2025-07-11,post,https://www.facebook.com/share/p/1EzRrXnvk1/,0,0,8,8,0,0,0,0,0,0,"Urgente 
 !! La jurisprudencia que quieren sentar...genera incertidumbre e inestabilidad, cuando la ley es pareja nadie se queja ! ¿Donde estan los de creemos 
?"
Silvana Mucarzel,https://www.facebook.com/silvanamucarzelconcejal,no,2021-01-29,8100,87,2025-07-11,post,https://www.facebook.com/share/p/1JBBrYdEvz/,10,5,59,40,19,0,0,0,0,0,"MujerES Transformación
… Ver más"
Silvana Mucarzel,https://www.facebook.com/silvanamucarzelconcejal,no,2021-01-29,8100,87,2025-07-11,post,https://www.facebook.com/share/p/19SduCNGwt/,0,0,14,14,0,0,0,0,0,0,
Silvana Mucarzel,https://www.facebook.com/silvanamucarzelconcejal,no,2021-01-29,8100,87,2025-07-11,post,https://www.facebook.com/share/p/1FAHFJLyG7/,2,1,28,27,1,0,0,0,0,0,"¡NO MÁS AVASALLAMIENTOS! 
Repudiamos el accionar del Gobierno ante los constantes avasallamientos al sector productivo, es inaudito que solo durante el 2025 se han generado  más de 160 y han quedado en la impunidad.
Pertenezco al sector, conozco los obstáculos que se atraviesan para poder emprender y generar fuentes de empleo. 
La situación no cambiará si no existe SEGURIDAD JURÍDICA y RESPETO A LA PROPIEDAD PRIVADA.… Ver más"
Silvana Mucarzel,https://www.facebook.com/silvanamucarzelconcejal,no,2021-01-29,8100,87,2025-07-11,post,https://www.facebook.com/share/p/1HeZKMtWPU/,3,1,30,28,2,0,0,0,0,0,
