nombre perfil,url perfil,creación del perfil,seguidores,seguidos,fecha post,url post,comparticiones,reacciones en total,me gusta,me encanta,me divierte,me entristece,me sorprende,me enoja,me importa,contenido
ROSA TATIANA AÑEZ CARRASCO,https://www.facebook.com/tatiana.anez.92,2008-08-08,4000,0,2025-05-27,https://www.facebook.com/share/v/1EK31jJqJV/,17,69,52,15,0,0,0,0,2,"Feliz de poder compartir hoy un momento con  madres en el programa especial para las madres en ""Voces de mi pueblo"". Antes de despedirme le pregunté a una de ellas que … Ver más"
ROSA TATIANA AÑEZ CARRASCO,https://www.facebook.com/tatiana.anez.92,2008-08-08,4000,0,2025-05-28,https://www.facebook.com/share/p/19TxJeb6vP/,1,5,3,0,0,2,0,0,0,"700 millones de dólares en riesgo por la escasez de combustible para el sector cañero, otro sector estratégico del exitoso modelo productivo cruceño que es afectado por… Ver más"
ROSA TATIANA AÑEZ CARRASCO,https://www.facebook.com/tatiana.anez.92,2008-08-08,4000,0,2025-05-29,https://www.facebook.com/share/v/19SzZyHrNs/,8,18,17,1,0,0,0,0,0,Hoy en la presentación del equipo anti crisis a la cabeza de José Gabriel Espinosa.
ROSA TATIANA AÑEZ CARRASCO,https://www.facebook.com/tatiana.anez.92,2008-08-08,4000,0,2025-05-29,https://www.facebook.com/share/p/1G98LctnAs/,22,51,46,4,0,0,0,0,1,"La crisis que atraviesa el país es algo muy critico que necesita ser asumido con mucho compromiso, responsabilidad y rapidez. Samuel a prometido solucionar los problema… Ver más"
ROSA TATIANA AÑEZ CARRASCO,https://www.facebook.com/tatiana.anez.92,2008-08-08,4000,0,2025-05-30,https://www.facebook.com/share/p/16P4Hg66Wi/,10,26,22,4,0,0,0,0,0,Así mismo.
ROSA TATIANA AÑEZ CARRASCO,https://www.facebook.com/tatiana.anez.92,2008-08-08,4000,0,2025-05-30,https://www.facebook.com/share/p/1Z8hkvdQuQ/,22,54,44,10,0,0,0,0,0,"Una noche de compartir un hermoso momento con las mamás del ""Club de Madre Mujeres Solidarias"", dónde pudimos darle el mensaje del Gobernador Luis Fernando Camacho y la… Ver más"
ROSA TATIANA AÑEZ CARRASCO,https://www.facebook.com/tatiana.anez.92,2008-08-08,4000,0,2025-05-30,https://www.facebook.com/share/v/1E7G53ctqE/,19,48,41,7,0,0,0,0,0,Comparto mi entrevista en Radio Marítima dónde hablamos de la crisis que atraviesa el organo electoral y sobre la necesidad que el gobierno garantice las elecciones tra… Ver más
ROSA TATIANA AÑEZ CARRASCO,https://www.facebook.com/tatiana.anez.92,2008-08-08,4000,0,2025-05-30,https://www.facebook.com/share/p/1AFGd3Pzds/,4,7,7,0,0,0,0,0,0," ¡MICROPERFORADO GRATIS! 
Apoya a Samuel Doria Medina y llévate el tuyo… Ver más"
ROSA TATIANA AÑEZ CARRASCO,https://www.facebook.com/tatiana.anez.92,2008-08-08,4000,0,2025-05-30,https://www.facebook.com/share/p/1AneUCnboY/,4,16,15,1,0,0,0,0,0,"Que buena noticia, aún recuerdo que antes de las dos décadas del masismo, los bolivianos podíamos ingresar a España sin visa gracias a Evo y a sus rencores nos suspendi… Ver más"
ROSA TATIANA AÑEZ CARRASCO,https://www.facebook.com/tatiana.anez.92,2008-08-08,4000,0,2025-05-30,https://www.facebook.com/share/p/15VGUhd53Z/,4,7,7,0,0,0,0,0,0,"Visita de Samuel a la comunidad boliviana en España, dónde hará conocer su propuesta de Soluciones para Bolivia. 
Es importante que todos seamos conciente de la crisis … Ver más"
ROSA TATIANA AÑEZ CARRASCO,https://www.facebook.com/tatiana.anez.92,2008-08-08,4000,0,2025-05-30,https://www.facebook.com/share/p/1G4fyGcGnL/,0,5,5,0,0,0,0,0,0,
ROSA TATIANA AÑEZ CARRASCO,https://www.facebook.com/tatiana.anez.92,2008-08-08,4000,0,2025-05-31,https://www.facebook.com/share/p/197cdR6Q3k/,2,13,10,3,0,0,0,0,0,"Haciendo conocer la propuesta de Samuel como candidato a presidente de la Alianza Unidad.
Gracias a las madres que comprometieron su apoyo y tienen esperanza en la solu… Ver más"
ROSA TATIANA AÑEZ CARRASCO,https://www.facebook.com/tatiana.anez.92,2008-08-08,4000,0,2025-06-01,https://www.facebook.com/share/p/1CEYjwKBpB/,3,5,5,0,0,0,0,0,0,"Muro de Samuel Dorian Medina: 
Gracias de corazón a cada boliviana y boliviano que se sigue sumando a este proyecto de esperanza y reconstrucción. Lo sentimos en cada c… Ver más"
ROSA TATIANA AÑEZ CARRASCO,https://www.facebook.com/tatiana.anez.92,2008-08-08,4000,0,2025-06-01,https://www.facebook.com/tatiana.anez.92/posts/pfbid02EUrvb5DBqknojKAk4PcJmx31c1UUggnhH3wjkiaMiDpxGMMtJfJLJEv5QZgTMXHhl,10,9,7,2,0,0,0,0,0,"Uno de los lugares más hermosos, el Salar de Uyuni, debe potenciar su turismo.
Samuel lo explica como hacerlo."
ROSA TATIANA AÑEZ CARRASCO,https://www.facebook.com/tatiana.anez.92,2008-08-08,4000,0,2025-06-01,https://www.facebook.com/share/p/1JB9gE9reX/,0,14,12,1,1,0,0,0,0,
ROSA TATIANA AÑEZ CARRASCO,https://www.facebook.com/tatiana.anez.92,2008-08-08,4000,0,2025-06-02,https://www.facebook.com/share/p/18mmuRDKmb/,3,21,21,0,0,0,0,0,0,"Entregando la propuesta de soluciones en 100 días de Samuel Doria Medina Presidente
Circunscripción 44.… Ver más"
ROSA TATIANA AÑEZ CARRASCO,https://www.facebook.com/tatiana.anez.92,2008-08-08,4000,0,2025-06-02,https://www.facebook.com/tatiana.anez.92/posts/pfbid09q7YXhv2CZAc6nhgyGxUAEaDuEvwQWsvnxvpAPjyJCKEg39L2zaExDrQnav9DTHKl,7,4,3,1,0,0,0,0,0,"El plan es sacar a Bolivia de la crisis en 100 días. Samuel tiene un programa serio y de desarrollo para todos los departamentos del país.
Ya falta Poco!"
ROSA TATIANA AÑEZ CARRASCO,https://www.facebook.com/tatiana.anez.92,2008-08-08,4000,0,2025-06-02,https://www.facebook.com/share/p/1R8UVofQuc/,0,12,10,2,0,0,0,0,0,
ROSA TATIANA AÑEZ CARRASCO,https://www.facebook.com/tatiana.anez.92,2008-08-08,4000,0,2025-06-02,https://www.facebook.com/share/v/1F7aDQyZdT/,17,51,47,4,0,0,0,0,0,"Hoy acompañamos a los candidatos de la Alianza Unidad por la Circunscripción 46, en el rotondaso.
Entregamos a los cruceños la propuesta de Solucion a la crisis  de nue… Ver más"
