nombre perfil,url perfil,snapshot_date,creación del perfil,candidato identificado,seguidores,seguidos,fecha post,url post,comparticiones,comentarios,reacciones en total,me gusta,me encanta,me divierte,me entristece,me sorprende,me enoja,me importa,contenido
Wikimedistas de Bolivia,https://www.facebook.com/wikimedistasdebolivia,2025-05-22,2011-05-04,no,4300,0,2025-05-20,not-found-post-url--465842,0,0,,0,0,0,0,0,0,0," Editar, cuidar y resistir en los territorios digitales
Este marzo nos encontramos para hackear el tiempo y ponerlo al servicio de la memoria feminista.… Ver más"
Wikimedistas de Bolivia,https://www.facebook.com/wikimedistasdebolivia,2025-05-23,2011-05-04,no,4300,0,2025-05-20,not-found-post-url--31270,0,0,,0,0,0,0,0,0,0,En abril desarrollamos diversas actividades en Tarija para que tarijeños y tarijeñas compartan con el mundo características de su cultura desde su propia realidad. Uno… Ver más
Wikimedistas de Bolivia,https://www.facebook.com/wikimedistasdebolivia,2025-05-23,2011-05-04,no,4300,0,2025-05-22,not-found-post-url--127103,0,0,,0,0,0,0,0,0,0,¿Cómo avanza el taller de fotografía para jóvenes en El Alto?  Las y los 20 jóvenes que son parte del taller continúan con aprendizajes teóricos y actividades práctica… Ver más
Wikimedistas de Bolivia,https://www.facebook.com/wikimedistasdebolivia,2025-05-22,2011-05-04,no,4300,0,2025-05-22,not-found-post-url--172368,0,0,,4,0,0,0,0,0,0,¿Cómo avanza el taller de fotografía para jóvenes en El Alto?  Las y los 20 jóvenes que son parte del taller continúan con aprendizajes teóricos y actividades práctica… Ver más
Wikimedistas de Bolivia,https://www.facebook.com/wikimedistasdebolivia,2025-05-23,2011-05-04,no,4300,0,2025-05-23,not-found-post-url--190196,0,0,,0,0,0,0,0,0,0,¡Llega un nuevo Wikihabilidades! El lunes 26 de mayo tenemos una sesión presencial para aprender tips y herramientas para viajes fotográficos a áreas rurales. … Ver más
Wikimedistas de Bolivia,https://www.facebook.com/wikimedistasdebolivia,2025-06-02,2011-05-04,no,4300,0,2025-05-26,https://www.facebook.com/share/p/1KryHN5aCF/,0,0,,0,0,0,0,0,0,0,"Una nueva semana, un día dedicado a aprender una nueva habilidad.… Ver más"
Wikimedistas de Bolivia,https://www.facebook.com/wikimedistasdebolivia,2025-06-02,2011-05-04,no,4300,0,2025-05-27,https://www.facebook.com/share/p/15eJx9fSzw/,0,0,,0,0,0,0,0,0,0," Tenemos que confesarte que sí, realizamos este taller para sacar mejores fotografías de gatitos y claro, mejorar la representación visual sobre la cultura viva de … Ver más"
Wikimedistas de Bolivia,https://www.facebook.com/wikimedistasdebolivia,2025-06-02,2011-05-04,no,4300,0,2025-05-30,https://www.facebook.com/share/p/16c1BqFaCt/,0,0,,0,0,0,0,0,0,0,"¡Hoy empezó la Eduwiki conference! 
Nu… Ver más"
Wikimedistas de Bolivia,https://www.facebook.com/wikimedistasdebolivia,2025-06-02,2011-05-04,no,4300,0,2025-06-02,https://www.facebook.com/share/p/16XwYkThVg/,0,0,,1,0,0,0,0,0,0,¿Recuerdas que te contamos sobre este evento? Ahora puedes conocer de primera mano qué se conversó en este conversatorio.… Ver más
