nombre perfil,url perfil,snapshot_date,creación del perfil,candidato identificado,seguidores,seguidos,fecha post,tipo de post,url post,comparticiones,comentarios,reacciones en total,me gusta,me encanta,me divierte,me entristece,me sorprende,me enoja,me importa,contenido
Avanza Libertad Bolivia ,https://www.facebook.com/profile.php?id=61554129437310,2025-06-24,2023-12-11,no,360,0,2025-06-16,post,https://www.facebook.com/share/p/19Je36cQpb/,7,0,15,13,2,0,0,0,0,0,"COMUNICADO OFICIAL
CRISIS DEMOCRATICA ELECTORAL
En el … Ver más"
Avanza Libertad Bolivia ,https://www.facebook.com/profile.php?id=61554129437310,2025-07-15,2023-12-11,no,360,0,2025-07-11,post,https://www.facebook.com/share/p/155MPFn7PCj/,13,0,24,18,5,0,0,1,0,0," INVITACIÓN DE AVANZA LIBERTAD 
Vivim… Ver más"
