nombre perfil,url perfil,snapshot_date,creación del perfil,candidato identificado,seguidores,seguidos,fecha post,tipo de post,url post,comparticiones,comentarios,reacciones en total,me gusta,me encanta,me divierte,me entristece,me sorprende,me enoja,me importa,contenido
Andres Ortega,https://www.facebook.com/pensardiferente,2025-06-03,2008-02-27,no,6300,0,2025-06-01,post,https://www.facebook.com/share/p/1Bd7E2Tztu/,1,0,4,4,0,0,0,0,0,0,
Andres Ortega,https://www.facebook.com/pensardiferente,2025-06-03,2008-02-27,no,6300,0,2025-06-02,post,https://www.facebook.com/share/16KnnznKct/,1,2,60,54,6,0,0,0,0,0,
Andres Ortega,https://www.facebook.com/pensardiferente,2025-06-03,2008-02-27,no,6300,0,2025-06-02,post,https://www.facebook.com/share/p/16n99oiE5q/,0,0,21,20,1,0,0,0,0,0,Soy uno de ustedes
Andres Ortega,https://www.facebook.com/pensardiferente,2025-06-03,2008-02-27,no,6300,0,2025-06-02,post,https://www.facebook.com/share/1HUX1RvnUy/,1,1,36,32,4,0,0,0,0,0,
Andres Ortega,https://www.facebook.com/pensardiferente,2025-06-03,2008-02-27,no,6300,0,2025-06-02,post,https://www.facebook.com/share/p/14pUmyTQ56/,0,2,20,16,0,3,0,1,0,0,"1er mundo USA y CHINA
2do mundo Rusia y Asia en general
3er mundo Latinoamérica y Africa
4to mundo EUROPA"
Andres Ortega,https://www.facebook.com/pensardiferente,2025-06-03,2008-02-27,no,6300,0,2025-06-02,post,https://www.facebook.com/share/p/1Bxos5QgdF/,1,0,4,4,0,0,0,0,0,0,
Andres Ortega,https://www.facebook.com/pensardiferente,2025-06-09,2008-02-27,no,6300,0,2025-06-08,post,https://www.facebook.com/share/p/19f7fCPEyN/,21,8,40,35,3,1,0,0,0,1,"Hoy hemos visto a tres candidatos presidenciales —Manfred, Tuto y Samuel— firmar un acuerdo por el “bien común” de Bolivia. Suena bonito, ¿no? Pero ¿qué dice en realida… Ver más"
Andres Ortega,https://www.facebook.com/pensardiferente,2025-06-09,2008-02-27,no,6300,0,2025-06-08,post,https://www.facebook.com/pensardiferente/posts/pfbid02nCqWzjk1Zr2gisrs6DagZX7nK7p8V1StNpyyDGSZo8ZzoFkkYKJEvy2hdouaCNoMl,1,0,10,10,0,0,0,0,0,0, El Poder en la Sombra… Ver más
Andres Ortega,https://www.facebook.com/pensardiferente,2025-06-09,2008-02-27,no,6300,0,2025-06-08,post,https://www.facebook.com/pensardiferente/posts/pfbid034GHnwHsodUpwffLUMRHKLbAun1uyEgk3jY2VuKSqKjhaHYcgwYwFTJncKAoyyCXjl,0,1,12,12,0,0,0,0,0,0,
Andres Ortega,https://www.facebook.com/pensardiferente,2025-06-09,2008-02-27,no,6300,0,2025-06-08,post,https://www.facebook.com/pensardiferente/posts/pfbid0ps3Sz8KwreyAazA71XdGFJpQnppEqPTa9yE8GbqbA4uXcFxC3S28fw3TGA3igEMpl,0,0,4,3,1,0,0,0,0,0,
Andres Ortega,https://www.facebook.com/pensardiferente,2025-06-09,2008-02-27,no,6300,0,2025-06-09,post,https://www.facebook.com/share/p/1CDtuHv7zZ/,6,7,36,30,0,5,0,0,1,0,
Andres Ortega,https://www.facebook.com/pensardiferente,2025-06-09,2008-02-27,no,6300,0,2025-06-09,post,https://www.facebook.com/share/p/1CVijxFEcz/,0,0,0,0,0,0,0,0,0,0,
Andres Ortega,https://www.facebook.com/pensardiferente,2025-06-09,2008-02-27,no,6300,0,2025-06-09,post,https://www.facebook.com/share/p/16bgZdMDpA/,6,2,18,13,0,1,0,4,0,0,
Andres Ortega,https://www.facebook.com/pensardiferente,2025-06-09,2008-02-27,no,6300,0,2025-06-09,post,https://www.facebook.com/share/p/193MvSuBhr/,0,0,0,0,0,0,0,0,0,0,
