nombre perfil,url perfil,snapshot_date,creación del perfil,candidato identificado,seguidores,seguidos,fecha post,tipo de post,url post,comparticiones,comentarios,reacciones en total,me gusta,me encanta,me divierte,me entristece,me sorprende,me enoja,me importa,contenido
KARINA PATRICIA LIEBERS CACERES,https://www.facebook.com/karinalc3,2025-06-05,,sí,202,0,2025-01-02,reel,/reel/1326441665219606/?s=single_unit&__cft__[0]=AZU17vYNaF_hwdauockQSY8oFjNB2zUc4y6bWHD0PKc0dbp86a-Tas6fO4zyqtDYA15jnMuWu6BmP9ToXYlFwbqfDjnRlty--uCZrxmhwjBI8NacDcBGviF3WJDUTbQGD7IcyCMq6pf_fo707TCwt1NdWeR2MIeE_mmnyZWFM4XV6zZ5vYEYtoBiSYELLaJ-ET4&__tn__=H-R,0,7,65,65,0,0,0,0,0,0,
KARINA PATRICIA LIEBERS CACERES,https://www.facebook.com/karinalc3,2025-06-05,,sí,202,0,2025-01-04,post,https://www.facebook.com/share/1BvX2xvzu5/,0,31,161,79,76,1,0,0,0,5,
KARINA PATRICIA LIEBERS CACERES,https://www.facebook.com/karinalc3,2025-06-05,,sí,202,0,2025-01-04,post,https://www.facebook.com/share/1ASRSh6sgk/,0,0,0,0,0,0,0,0,0,0,
KARINA PATRICIA LIEBERS CACERES,https://www.facebook.com/karinalc3,2025-06-05,,sí,202,0,2025-01-06,reel,/reel/1546485566066883/?s=single_unit&__cft__[0]=AZXJV5wQIl7a3-EXanjbJffHEhRb8K5gmiR0YY2WQOtO3woSHUF3zdQAZ221HCCO8F_C7xHcpJ6qFUHo9bV7QKW6bsOcab99qoGjDMIlkfYIyt06DWXNkP_zBWCijaT63flxmDCBbs3rmQIl2m-r9hHyrFxw5pw2gY4af6dxn-AieP7zS7qqWkA7PB432SRFONU&__tn__=H-R,0,0,0,0,0,0,0,0,0,0,
KARINA PATRICIA LIEBERS CACERES,https://www.facebook.com/karinalc3,2025-06-05,,sí,202,0,2025-01-28,post,https://www.facebook.com/share/p/199XdCFaZD/,9,1,33,20,13,0,0,0,0,0,"#MOCHILAS
#RetornoAClases 
#ropaniñosyniñas #moda #ropa 
#BOUTIQUE #descuentos 
Luis Moncada Fernando Caceres Pacheco"
KARINA PATRICIA LIEBERS CACERES,https://www.facebook.com/karinalc3,2025-06-05,,sí,202,0,2025-01-28,post,https://www.facebook.com/share/p/1EKZ3pstrR/,2,3,39,25,14,0,0,0,0,0,"#MOCHILAS
#RetornoAClases 
#ropaniñosyniñas #moda #ropa 
#BOUTIQUE #descuentos 
Luis Moncada Fernando Caceres Pacheco"
KARINA PATRICIA LIEBERS CACERES,https://www.facebook.com/karinalc3,2025-06-05,,sí,202,0,2025-03-22,reel,/reel/685059657369089/?s=single_unit&__cft__[0]=AZV-uVC7Q5UsbAuID_MLoASDvLY8LJgwW0jfudfmKBEZ_dL1AD78kXtuWbcyG94BvFo3PQR-_XLOG-yOM4hSRt21SYEl97wqmfqY5fDulCDggPCW2n2Mr6P5MAzIXVUCOJDCQ3lAKR-nJ6HM76hY53M_1NoqcDFHwhfj0ISl9lSIgnDbmAW8b1D1yE58b5OtGuQ&__tn__=H-R,0,15,57,57,0,0,0,0,0,0,
KARINA PATRICIA LIEBERS CACERES,https://www.facebook.com/karinalc3,2025-06-05,,sí,202,0,2025-03-31,post,https://www.facebook.com/share/p/15oo3MwzXM/,0,2,57,42,13,1,0,0,0,1,"#100diascarajo 
#SamuelDoriaMedina #SamuelPresidente"
KARINA PATRICIA LIEBERS CACERES,https://www.facebook.com/karinalc3,2025-06-05,,sí,202,0,2025-05-27,post,https://www.facebook.com/share/v/1DhfPTGTgQ/,3,25,78,42,32,0,0,0,0,4,"Mamá, pilar fundamental de tu hogar, ser maravilloso, sinónimo de valentía, lucha y esperanza.
Hoy, en tu día, le pido a Dios que bendiga tus pasos, te fortalezca, te cuide y te guíe en esa lucha constante de amor, cuidado y protección por tu familia.
Hoy nos toca pelear por días mejores, por nuestros hijos. Nos toca cambiar el rumbo de nuestro país. Yo me uno a esa búsqueda con el corazón y el compromiso de construir un futuro digno para todas las familias.… Ver más"
KARINA PATRICIA LIEBERS CACERES,https://www.facebook.com/karinalc3,2025-06-02,,sí,202,0,2025-05-27,post,https://www.facebook.com/share/v/1CE5VzHESZ/,3,25,,41,32,0,0,0,0,4,"Mamá, pilar fundamental de tu hogar, ser maravilloso, sinónimo de valentía, lucha y esperanza.
Hoy, en tu día, le pido a Dios que bendiga tus pasos, te fortalezca, te cuide y te guíe en esa lucha constante de amor, cuidado y protección por tu familia.
Hoy nos toca pelear por días mejores, por nuestros hijos. Nos toca cambiar el rumbo de nuestro país. Yo me uno a esa búsqueda con el corazón y el compromiso de construir un futuro digno para todas las familias.… Ver más"
KARINA PATRICIA LIEBERS CACERES,https://www.facebook.com/karinalc3,2025-06-05,,sí,202,0,2025-05-28,reel,/reel/1410231593303022/?s=single_unit&__cft__[0]=AZXHLEQQXKZoFQw5d6zcq4obR2vV-ef9DQOScAhvDGMNhtaGUH5n_lGTFj0ssJKxpJdnLblt95r4nW43ynLjmFBeEAN6QZk8zlXmzhDTzmAt5qREtX_3jQL2jEV5n7hXerF-PJNx49ccykRr2WK5fpOzVu07XUrmEPRX9kk5SbBVidVCdgg-nxN43iT-73TQlJI&__tn__=H-R,0,0,0,0,0,0,0,0,0,0,
KARINA PATRICIA LIEBERS CACERES,https://www.facebook.com/karinalc3,2025-06-09,,sí,202,0,2025-06-04,post,https://www.facebook.com/karinalc3/posts/pfbid02YBLAV4ip996TjaZJuq3Lv8cAZfCnTaCRCHofvmS7pQksgVLCyveLZ1UnLZdqMs1Ll,2,1,11,10,1,0,0,0,0,0,"Mucha dosis de Vicepresidente !! ES EL QUE BOLIVIA NECESITA!!
CON UNA APLICACIÓN SEXY NO SE SOLUCIONA  la crisis menos con 2 tatuajes"
KARINA PATRICIA LIEBERS CACERES,https://www.facebook.com/karinalc3,2025-06-05,,sí,202,0,2025-06-04,post,https://www.facebook.com/share/p/1AUX5dmL8p/,2,1,5,5,0,0,0,0,0,0,"Mucha dosis de Vicepresidente !! ES EL QUE BOLIVIA NECESITA!!
CON UNA APLICACIÓN SEXY NO SE SOLUCIONA  la crisis menos con 2 tatuajes"
