nombre perfil,url perfil,candidato identificado,creación del perfil,seguidores,seguidos,fecha post,tipo de post,url post,comparticiones,comentarios,reacciones en total,me gusta,me encanta,me divierte,me entristece,me sorprende,me enoja,me importa,contenido
Nadia Beller,https://www.facebook.com/nadia.beller.5,no,2009-03-01,22000,0,2025-06-17,post,https://www.facebook.com/share/v/19Awo9N3rw/,30,18,227,21,1,202,1,0,2,0,"Nueva dirección revolucionaria: un pasito de lado.
60 grados no es un giro (ni un cambio), apenas es una desviación."
Nadia Beller,https://www.facebook.com/nadia.beller.5,no,2009-03-01,22000,0,2025-06-17,post,https://www.facebook.com/share/p/1Aqjjtg6kJ/,5,4,67,62,1,3,0,1,0,0,"El programa de Manfred Reyes Villa: populismo sin presupuesto, mercado sin país
En plena crisis económica, social e institucional, Bolivia requiere propuestas serias, viables y técnicamente solventes. El programa de gobierno de Manfred Reyes Villa, presentado bajo el lema “Transformaciones para Bolivia” y el modelo “Bolivia 180°”, promete justamente eso: un nuevo rumbo. Sin embargo, al escarbar más allá de los eslóganes, queda en evi… Ver más"
Nadia Beller,https://www.facebook.com/nadia.beller.5,no,2009-03-01,22000,0,2025-06-17,post,https://www.facebook.com/share/p/1E6GbnwxgC/,43,4,94,50,33,0,0,0,0,11,"Gracias por compartir, ya fueron todos adoptados. 
Me pidieron que comparta estos perritos que estàn en adopción:… Ver más"
Nadia Beller,https://www.facebook.com/nadia.beller.5,no,2009-03-01,22000,0,2025-06-18,post,https://www.facebook.com/share/p/15UHq3ZcCf/,4,16,64,45,1,15,1,1,1,0,"Análisis de preferencias en Redes Sociales y Estrategias de los Candidatos
(Preparado por CONNECTED-DIGITAL. … Ver más"
Nadia Beller,https://www.facebook.com/nadia.beller.5,no,2009-03-01,22000,0,2025-06-18,post,https://www.facebook.com/share/p/1J3pu5cWKK/,3,4,35,29,0,1,0,4,1,0,Los masistas queriendo justificar el intento de golpe a la Magistrada por La Paz se inventaron que su certificado de docencia es falso. Aquí está el desmentido
Nadia Beller,https://www.facebook.com/nadia.beller.5,no,2009-03-01,22000,0,2025-06-18,post,https://www.facebook.com/share/p/16W8g9dJsQ/,21,15,143,111,1,30,0,0,0,1,Análisis de las 5 encuestas autorizadas por el Órgano Electoral… Ver más
Nadia Beller,https://www.facebook.com/nadia.beller.5,no,2009-03-01,22000,0,2025-06-20,post,https://www.facebook.com/share/v/1AemsST8Je/,15,31,107,102,1,4,0,0,0,0,"¿USDT al tipo de cambio oficial? Suena bien pero es una mentira
Hoy por hoy, el tipo de cambio oficial es 6.96 Bs por dólar. Pero si quieres comprar 1 USDT, en el merca… Ver más"
Nadia Beller,https://www.facebook.com/nadia.beller.5,no,2009-03-01,22000,0,2025-06-21,post,https://www.facebook.com/share/p/1CRNzQeqQh/,8,22,365,320,36,6,1,0,1,1,"¿Que tan mala raz@ tenés que ser para festejar y hacer chiste sobre la propagación de pornogr@fía sin el consentimiento de la víctima? Realmente el de los 
chicos es el que ejerce y propaga violencia sexu@l digital."
Nadia Beller,https://www.facebook.com/nadia.beller.5,no,2009-03-01,22000,0,2025-06-22,post,https://www.facebook.com/share/p/1AY7TLV13K/,4,7,115,80,1,31,1,1,0,1,"Lo que hicieron con la jóven abogada de Camacho es violencia política, la obligaron a renunciar a su candidatura por acusaciones sobre delitos que ella no cometió. Aten… Ver más"
Nadia Beller,https://www.facebook.com/nadia.beller.5,no,2009-03-01,22000,0,2025-06-22,post,https://www.facebook.com/share/p/1HYJzMVQQU/,3,3,80,69,1,9,0,1,0,0,"¿Y estos hablan de lealtad, oportunismo o de estar vendidos? Les refresquemos la memoria: ¿Quién se opuso a las luchas cruceñas por el censo, quién defiende la gestión … Ver más"
Nadia Beller,https://www.facebook.com/nadia.beller.5,no,2009-03-01,22000,0,2025-06-23,post,https://www.facebook.com/share/p/15mf3kjG24/,35,1,33,13,9,0,9,0,0,2,"Me piden que comparta esta publicación: Encontraron a esta gatita en pleno surazo, necesita encontrar hogar urgente, sino la devolverán a la calle. Parece una bebé de u… Ver más"
