nombre perfil,url perfil,candidato identificado,creación del perfil,seguidores,seguidos,fecha post,tipo de post,url post,comparticiones,comentarios,reacciones en total,me gusta,me encanta,me divierte,me entristece,me sorprende,me enoja,me importa,contenido
KARINA PATRICIA LIEBERS CACERES,https://www.facebook.com/karinalc3,sí,,202,0,2025-06-30,post,https://www.facebook.com/share/p/1CUUgfvahh/,69,179,557,375,171,2,0,0,0,9,"Tenemos el plan para levantar Tarija, y empieza por lo que mejor sabemos hacer. 
El turismo no es un adorno, es una oportunidad para miles de familias.
#KarinaDiputada #TarijaSeLevanta #100DíasCarajo #TurismoConFuturo
#SAMUELPRESIDENTE"
KARINA PATRICIA LIEBERS CACERES,https://www.facebook.com/karinalc3,sí,,202,0,2025-07-04,post,https://www.facebook.com/share/1Anf18a4zf/,3,3,49,28,18,0,0,0,0,3,
KARINA PATRICIA LIEBERS CACERES,https://www.facebook.com/karinalc3,sí,,202,0,2025-07-04,post,https://www.facebook.com/share/19VgJoAeth/,1,23,280,176,88,0,0,0,0,16,
KARINA PATRICIA LIEBERS CACERES,https://www.facebook.com/karinalc3,sí,,202,0,2025-07-04,post,https://www.facebook.com/share/19Jb1P1dJf/,0,0,6,1,5,0,0,0,0,0,
