nombre perfil,url perfil,snapshot_date,creación del perfil,candidato identificado,seguidores,seguidos,fecha post,tipo de post,url post,comparticiones,comentarios,reacciones en total,me gusta,me encanta,me divierte,me entristece,me sorprende,me enoja,me importa,contenido
Walaichas WASAS ,https://www.facebook.com/profile.php?id=100082900523964,2025-06-16,2022-03-05,no,1700,18,2025-02-13,post,https://www.facebook.com/permalink.php?story_fbid=pfbid024vQf3tf1wTcSukrtWMpNvDRpoAaLk3mwNxEhsD9jYXUh7YZwFPQSivcKFfX13zzRl&id=100082900523964,0,0,2,2,0,0,0,0,0,0,Compren sus platitos
Walaichas WASAS ,https://www.facebook.com/profile.php?id=100082900523964,2025-06-11,2022-03-05,no,1700,18,2025-02-13,post,https://www.facebook.com/permalink.php?story_fbid=pfbid024nm95XdHkvtEwNJdvsaetCamwCahm3Y5YqpBGCwFUL25pTrBP6eSLKKV5nXkgM1pl&id=100082900523964,0,0,2,0,0,0,0,0,0,0,Compren sus platitos
Walaichas WASAS ,https://www.facebook.com/profile.php?id=100082900523964,2025-06-16,2022-03-05,no,1700,18,2025-02-24,post,https://www.facebook.com/share/v/16YnntrA41/,17,31,113,43,65,1,0,0,0,4," ¡ATENCIÓN COMPAÑERAS! 
S… Ver más"
Walaichas WASAS ,https://www.facebook.com/profile.php?id=100082900523964,2025-06-11,2022-03-05,no,1700,18,2025-02-24,post,https://www.facebook.com/share/v/1C8RDfBjfj/,17,31,113,0,0,0,0,0,0,0," ¡ATENCIÓN COMPAÑERAS! 
S… Ver más"
Walaichas WASAS ,https://www.facebook.com/profile.php?id=100082900523964,2025-06-16,2022-03-05,no,1700,18,2025-03-01,post,https://www.facebook.com/share/p/16hvhWfZFo/,25,46,122,46,66,5,0,0,0,5," Este 8M no se mira, SE VIVE 
 N… Ver más"
Walaichas WASAS ,https://www.facebook.com/profile.php?id=100082900523964,2025-06-16,2022-03-05,no,1700,18,2025-03-01,post,https://www.facebook.com/share/p/16eWEJ4swp/,6,2,35,6,24,1,0,0,0,4,"¿Quiénes son Walaichas Wasas? 
S… Ver más"
Walaichas WASAS ,https://www.facebook.com/profile.php?id=100082900523964,2025-06-11,2022-03-05,no,1700,18,2025-03-01,post,https://www.facebook.com/share/p/1Mse9tLsrL/,6,2,35,0,0,0,0,0,0,0,"¿Quiénes son Walaichas Wasas? 
S… Ver más"
Walaichas WASAS ,https://www.facebook.com/profile.php?id=100082900523964,2025-06-11,2022-03-05,no,1700,18,2025-03-01,post,https://www.facebook.com/share/p/1CThebESCS/,25,46,122,0,0,0,0,0,0,0," Este 8M no se mira, SE VIVE 
 N… Ver más"
Walaichas WASAS ,https://www.facebook.com/profile.php?id=100082900523964,2025-06-16,2022-03-05,no,1700,18,2025-03-02,post,https://www.facebook.com/share/p/1B7Pq63AcH/,10,0,63,28,31,3,0,0,0,1," El momento es AHORA! 
E… Ver más"
Walaichas WASAS ,https://www.facebook.com/profile.php?id=100082900523964,2025-06-11,2022-03-05,no,1700,18,2025-03-02,post,https://www.facebook.com/share/p/16KBbWJ2CE/,10,0,63,0,0,0,0,0,0,0," El momento es AHORA! 
E… Ver más"
Walaichas WASAS ,https://www.facebook.com/profile.php?id=100082900523964,2025-06-16,2022-03-05,no,1700,18,2025-03-04,post,https://www.facebook.com/share/p/18LAGKsLyn/,12,11,66,19,38,7,0,0,2,0,"Ya falta poco para el 8M! 
 Muchas vivirán su primera marcha y sabemos lo emocionante (y un poco nervioso) que se siente
Recordemos nuestro primer 8M
:') ese momento… Ver más"
Walaichas WASAS ,https://www.facebook.com/profile.php?id=100082900523964,2025-06-11,2022-03-05,no,1700,18,2025-03-04,post,https://www.facebook.com/share/p/19K6xyJNuU/,12,11,66,0,0,0,0,0,0,0,"Ya falta poco para el 8M! 
 Muchas vivirán su primera marcha y sabemos lo emocionante (y un poco nervioso) que se siente
Recordemos nuestro primer 8M
:') ese momento… Ver más"
Walaichas WASAS ,https://www.facebook.com/profile.php?id=100082900523964,2025-06-16,2022-03-05,no,1700,18,2025-03-08,post,https://www.facebook.com/share/p/17yxLmoWbr/,286,64,610,274,230,96,1,1,0,8,"Ante la publicación de Unitel y otros medios sobre los daños ocurridos en el viaducto de la calle Potosí, queremos aclarar que Walaichas Wasas no fue responsable de est… Ver más"
Walaichas WASAS ,https://www.facebook.com/profile.php?id=100082900523964,2025-06-11,2022-03-05,no,1700,18,2025-03-08,post,https://www.facebook.com/share/p/16g8dDa3oa/,286,64,610,0,0,0,0,0,0,0,"Ante la publicación de Unitel y otros medios sobre los daños ocurridos en el viaducto de la calle Potosí, queremos aclarar que Walaichas Wasas no fue responsable de est… Ver más"
Walaichas WASAS ,https://www.facebook.com/profile.php?id=100082900523964,2025-06-11,2022-03-05,no,1700,18,2025-03-08,post,https://www.facebook.com/permalink.php?story_fbid=pfbid0bCixB1N8Nf1PLX3JquKkYvxXkyVNA4ErRTujzcWmCY2g28P8ZBjq7h6d6EPyhWh9l&id=100082900523964,33,26,207,0,0,0,0,0,0,0,"Desde el primer momento dimos la cara porque sabemos lo que hicimos y lo que no hicimos
Nuestro 8M fue sororo, lleno de amor y de busca de justicia.. Con acuerdos cla… Ver más"
Walaichas WASAS ,https://www.facebook.com/profile.php?id=100082900523964,2025-06-16,2022-03-05,no,1700,18,2025-03-08,post,https://www.facebook.com/share/p/1AioJQXM6b/,33,26,207,91,107,7,1,0,0,1,"Desde el primer momento dimos la cara porque sabemos lo que hicimos y lo que no hicimos
Nuestro 8M fue sororo, lleno de amor y de busca de justicia.. Con acuerdos cla… Ver más"
Walaichas WASAS ,https://www.facebook.com/profile.php?id=100082900523964,2025-06-11,2022-03-05,no,1700,18,2025-03-29,post,https://www.facebook.com/share/p/1Se25USap7/,487,20,262,0,0,0,0,0,0,0,"Álvaro Valero no vamos a olvidar tu cara ni tu nombre... Eres parte de este sistema podrido que revictimiza, que encubre, que deja morir a quienes se atreven a denuncia… Ver más"
Walaichas WASAS ,https://www.facebook.com/profile.php?id=100082900523964,2025-06-16,2022-03-05,no,1700,18,2025-03-29,post,https://www.facebook.com/share/v/16kUKryCG6/,35,5,125,49,1,0,74,0,1,0,Nos costó la vida de una compañera para que recién volteen a ver lo que gritamos el 8M...… Ver más
Walaichas WASAS ,https://www.facebook.com/profile.php?id=100082900523964,2025-06-11,2022-03-05,no,1700,18,2025-03-29,post,https://www.facebook.com/share/v/1An3VFqpWZ/,35,5,125,0,0,0,0,0,0,0,Nos costó la vida de una compañera para que recién volteen a ver lo que gritamos el 8M...… Ver más
Walaichas WASAS ,https://www.facebook.com/profile.php?id=100082900523964,2025-06-16,2022-03-05,no,1700,18,2025-03-29,post,https://www.facebook.com/share/p/12LE8Rep37R/,485,20,262,119,0,0,133,1,9,0,"Álvaro Valero no vamos a olvidar tu cara ni tu nombre... Eres parte de este sistema podrido que revictimiza, que encubre, que deja morir a quienes se atreven a denuncia… Ver más"
Walaichas WASAS ,https://www.facebook.com/profile.php?id=100082900523964,2025-06-16,2022-03-05,no,1700,18,2025-04-02,post,https://www.facebook.com/share/p/1ZNeH8wP7w/,61,3,99,73,25,0,0,0,0,1, CONVOCATORIA URGENTE… Ver más
Walaichas WASAS ,https://www.facebook.com/profile.php?id=100082900523964,2025-06-11,2022-03-05,no,1700,18,2025-04-02,post,https://www.facebook.com/permalink.php?story_fbid=pfbid0uySUndxV8c2heSv7sGupLnJDKbHfqPeAZzgYtww8Qe4J8CHhCyc5zYeVtn8XQrwyl&id=100082900523964,61,3,99,0,0,0,0,0,0,0, CONVOCATORIA URGENTE… Ver más
Walaichas WASAS ,https://www.facebook.com/profile.php?id=100082900523964,2025-06-24,2022-03-05,no,1700,18,2025-06-19,post,https://www.facebook.com/share/v/16LW5ghSLX/,8,0,50,22,28,0,0,0,0,0," Y al final... las locas y malas éramos las que sabíamos TODO
 
… Ver más"
Walaichas WASAS ,https://www.facebook.com/profile.php?id=100082900523964,2025-06-24,2022-03-05,no,1700,18,2025-06-22,post,https://www.facebook.com/share/p/1C1mWoN3sd/,11,31,116,60,52,0,0,0,0,4," Warmi de Furia no llega suave, llega gritando...
… Ver más"
Walaichas WASAS ,https://www.facebook.com/profile.php?id=100082900523964,2025-06-24,2022-03-05,no,1700,18,2025-06-23,post,https://www.facebook.com/share/p/1DV1ugjQZj/,0,0,8,3,0,0,5,0,0,0," Cuando una habla, muchas rompemos el silencio...
Nuestra compañera ha denunciado la violencia que vivió a manos de este agresor
 Le creemos, la cuidamos y la abrazam… Ver más"
Walaichas WASAS ,https://www.facebook.com/profile.php?id=100082900523964,2025-06-24,2022-03-05,no,1700,18,2025-06-23,post,https://www.facebook.com/share/p/1CUt7C1NUt/,0,1,7,0,0,0,1,0,6,0," NO ES NORMAL TEMER POR NUESTRA VIDA
Nuestra compañera ha roto el silencio y ha denunciado públicamente las brutales agresiones que sufrió a manos de su ex pareja, R… Ver más"
