nombre perfil,url perfil,candidato identificado,creación del perfil,seguidores,seguidos,fecha post,tipo de post,url post,comparticiones,comentarios,reacciones en total,me gusta,me encanta,me divierte,me entristece,me sorprende,me enoja,me importa,contenido
YOVANA TERRAZAS POLANCO,https://www.facebook.com/yovana.terrazaspolanco,no,,0,0,2025-08-01,post,https://www.facebook.com/share/p/16Nty3Yg7s/,19,10,38,0,0,0,0,0,0,0,"Foro debate juvenil...!! 
Por que la juventud es el presente y el futuro de nuestro País...
Estuve presente como candidata por la C42, escuchando sus inquietudes y respondiendo por que los jóvenes alzan su voz para ser parte del Cambio Radical...!!
Quieren una Bolivia libre y mejor ...!!
Gracias a las organizaciones juveniles...!!
Con… Ver más"
YOVANA TERRAZAS POLANCO,https://www.facebook.com/yovana.terrazaspolanco,no,,0,0,2025-08-01,post,https://www.facebook.com/share/p/178zXxDZJB/,6,13,50,0,0,0,0,0,0,0,"Seguimos caminando haciendo conocer las propuestas  como candidata por la C 42 y pidiendo a la gente el apoyo para que este 17 de Agosto no se equivoquen con el voto para tener mejores días para nuestro País y nuestra Circunscripción..
Solo será posible con:
 TUTO PRESIDENTE 
 YOVANA DIPUTADA "
YOVANA TERRAZAS POLANCO,https://www.facebook.com/yovana.terrazaspolanco,no,,0,0,2025-08-02,post,https://www.facebook.com/share/v/16bUZnveiH/,4,10,45,0,0,0,0,0,0,0,"¡Recorrido por el Municipio del Valle socializando las propuestas como Candidata a Diputada por la C42 y escuchando a nuestra gente!... 
Para que esto sea posible, solo con tu apoyo. 
Este 17 de Agosto vota por:
TUTO PRESIDENTE 
YOVANA … Ver más"
YOVANA TERRAZAS POLANCO,https://www.facebook.com/yovana.terrazaspolanco,no,,0,0,2025-08-06,post,https://www.facebook.com/share/p/1AnZt1McMx/,12,11,26,21,5,0,0,0,0,0,"Viva Bolivia...! 
Hoy celebramos el Bicentenario de Bolivia, es un momento para reflexionar sobre nuestro pasado, presente, para tener un mejor futuro, como Bolivianos sabemos que este 17 de Agosto es momento del Cambio Radical y mejores días para nuestra Amada Patria...! 
Vota por:
TUTO PRESIDENTE
YOVANA DIPUTADA… Ver más"
YOVANA TERRAZAS POLANCO,https://www.facebook.com/yovana.terrazaspolanco,no,,0,0,2025-08-06,post,https://www.facebook.com/share/p/1Vydb6mtuS/,0,2,2,2,0,0,0,0,0,0,
