nombre perfil,url perfil,candidato identificado,creación del perfil,seguidores,seguidos,fecha post,tipo de post,url post,comparticiones,comentarios,reacciones en total,me gusta,me encanta,me divierte,me entristece,me sorprende,me enoja,me importa,contenido
Ciberwarmis - Mujeres ayudando a mujeres,https://www.facebook.com/Ciberwarmis.bo,no,2020-04-21,11000,0,2025-07-08,post,https://www.facebook.com/share/p/1ZLydNU9Bu/,0,0,3,3,0,0,0,0,0,0,"Conoce a las expertas que nos acompañarán este jueves 
 de julio en la presentación del informe  “𝗣𝗮𝗿𝗶𝗱𝗮𝗱 𝗲𝗻 𝘁𝗶𝗲𝗺𝗽𝗼𝘀 𝗱𝗲 𝗰𝗿𝗶𝘀𝗶𝘀. 𝗗𝗲 𝗹𝗼𝘀 𝗮𝘃𝗮𝗻𝗰𝗲𝘀 𝗮 𝗹𝗮𝘀 𝗮𝗺𝗲𝗻𝗮𝘇𝗮𝘀”. 
… Ver más"
Ciberwarmis - Mujeres ayudando a mujeres,https://www.facebook.com/Ciberwarmis.bo,no,2020-04-21,11000,0,2025-07-08,post,https://www.facebook.com/share/p/1ELRceTgDh/,0,0,2,2,0,0,0,0,0,0,"#EleccionesGenerales2025
¿Cómo construimos una democracia verdaderamente paritaria? … Ver más"
Ciberwarmis - Mujeres ayudando a mujeres,https://www.facebook.com/Ciberwarmis.bo,no,2020-04-21,11000,0,2025-07-08,post,https://www.facebook.com/share/p/16WU7pj7qa/,0,0,3,3,0,0,0,0,0,0,"Bolivia tiene un Índice de Desarrollo Humano (IDH) Alto, pero al ajustar por desigualdad bajamos 21% y nos convertimos en un país de Desarrollo Humano Medio. "
Ciberwarmis - Mujeres ayudando a mujeres,https://www.facebook.com/Ciberwarmis.bo,no,2020-04-21,11000,0,2025-07-08,post,https://www.facebook.com/share/p/1CfgSRieza/,1,0,1,1,0,0,0,0,0,0,
Ciberwarmis - Mujeres ayudando a mujeres,https://www.facebook.com/Ciberwarmis.bo,no,2020-04-21,11000,0,2025-07-09,post,https://www.facebook.com/share/p/19RHxnCCz4/,0,0,3,3,0,0,0,0,0,0,"Fortalecemos la democracia rumbo a 2025 
 
Junto al Tribunal Supremo Electoral  y la Cooperación Internacional, sostuvimos un espacio de coordinación para impulsar un … Ver más"
Ciberwarmis - Mujeres ayudando a mujeres,https://www.facebook.com/Ciberwarmis.bo,no,2020-04-21,11000,0,2025-07-09,post,https://www.facebook.com/Ciberwarmis.bo/posts/pfbid02HYMN1aUbTUNRPw1Yut6u3D5iu3xqahwg1jJjV1NCc6m6iM3S59M1CjSXQTup5fvUl,0,0,4,4,0,0,0,0,0,0,"Arranca el tercer foro de candidatos y candidatas del Movimiento #JuntasHacemosHistoria desde #SantaCruz. Esta vez, en el centro de la mesa, medio ambiente.
¿Desarrollo… Ver más"
Ciberwarmis - Mujeres ayudando a mujeres,https://www.facebook.com/Ciberwarmis.bo,no,2020-04-21,11000,0,2025-07-14,post,https://www.facebook.com/share/p/19d3Y9FXAR/,0,0,5,5,0,0,0,0,0,0,"Las mujeres tenemos derecho a estar presentes en la política y en la internet. 
...
I… Ver más"
Ciberwarmis - Mujeres ayudando a mujeres,https://www.facebook.com/Ciberwarmis.bo,no,2020-04-21,11000,0,2025-07-14,post,https://www.facebook.com/share/p/16uxDSNMC9/,5,2,26,14,10,0,0,0,0,2,"Querida amiga y hermana  Olimpia Coral Melo celebramos una vuelta al sol más en tu vida. 
Desde Bolivia las #Ciberwarmis te hacemos llegar nuestra fuega y amor sororo… Ver más"
