nombre perfil,url perfil,candidato identificado,creación del perfil,seguidores,seguidos,fecha post,tipo de post,url post,comparticiones,comentarios,reacciones en total,me gusta,me encanta,me divierte,me entristece,me sorprende,me enoja,me importa,contenido
CYNTHIA CARLA HUACANI PAJARITO,https://www.facebook.com/cynthia.huacanipajarito,no,,0,0,2025-07-30,post,https://www.facebook.com/share/v/1PKA1mBro7/,8,0,8,6,2,0,0,0,0,0,"@destacar
Gracias a nuestros hermanos de la comunidad de CHONCHOCORO por la bienvenida y el apoyo brindado  #LaFuerzaDelPueblo  estará siempre a lado del Pueblo
#cynthiacarlahuacanipajarito #DiputadaUninominalC8
#JhonnyFernández #Presidente"
CYNTHIA CARLA HUACANI PAJARITO,https://www.facebook.com/cynthia.huacanipajarito,no,,0,0,2025-08-04,post,https://www.facebook.com/share/v/1G45B7K7LH/,12,1,8,7,0,0,0,0,0,1,"Gracias de corazón a cada vecino del Vergel que confía en este proyecto. Su apoyo es el motor que nos impulsa a seguir trabajando por un futuro mejor para todos.
#LaFuerzaDelPueblo #JhonnyFernández #cynthiacarlahuacanipajarito #DiputadaUninominalC8"
CYNTHIA CARLA HUACANI PAJARITO,https://www.facebook.com/cynthia.huacanipajarito,no,,0,0,2025-08-04,post,https://www.facebook.com/share/v/19LhhMvnLU/,4,2,12,9,2,0,0,0,0,1,"@destacar
""¡Unidos por ellos! 
  actividad solidaria en beneficio de los perritos callejeros. Tu ayuda puede cambiarles la vida no nos olvidemos de ellos. 
 #AmorAnimal #AyudaPeluda""
#cynthiacarlahuacanipajarito #DiputadaUninominalC8 #LaFuerzaDelPueblo #JhonnyFernández #Presidente"
CYNTHIA CARLA HUACANI PAJARITO,https://www.facebook.com/cynthia.huacanipajarito,no,,0,0,2025-08-04,post,https://www.facebook.com/share/v/1G67NqUf9b/,2,0,9,0,0,0,0,0,0,0,"Junto a nuestros vecinos de Nueva Vida,
 escuchando sus peticiones, viendo la necesidades, junto a ellos saldremos adelanta
#cynthiacarlahuacanipajarito #DiputadaUninominalC8 #JhonnyFernández #LaFuerzaDelPueblo"
CYNTHIA CARLA HUACANI PAJARITO,https://www.facebook.com/cynthia.huacanipajarito,no,,0,0,2025-08-05,post,https://www.facebook.com/share/v/1CtA8BTZPG/,2,1,11,9,1,0,0,0,0,1,"Junto a nuestros vecinos del COMPLEJO LLOJETA.. 
#LaFuerzaDelPueblo #JhonnyFernández #cynthiacarlahuacanipajarito #DiputadaUninominalC8
#destacar"
CYNTHIA CARLA HUACANI PAJARITO,https://www.facebook.com/cynthia.huacanipajarito,no,,0,0,2025-08-05,post,https://www.facebook.com/share/v/15v2MGs7gW/,1,4,14,12,1,0,0,0,0,1,"@destacar 
Tu voz es mi causa. Tu lucha, mi compromiso Mi mayor promesa es trabajar con el corazón en la mano y los pies en la tierra. #lafuerzadelpueblo #cynthiacarlahuacanipajarito #DiputadaUninominalC8 #"
