nombre perfil,url perfil,candidato identificado,creación del perfil,seguidores,seguidos,fecha post,tipo de post,url post,comparticiones,comentarios,reacciones en total,me gusta,me encanta,me divierte,me entristece,me sorprende,me enoja,me importa,contenido
JACQUELINE CINTIA POVEDA FUENTES,https://www.facebook.com/cintia.poveda,no,,0,0,2025-06-23,post,https://www.facebook.com/share/p/1Q5qujmE33/,0,0,0,0,0,0,0,0,0,0,
JACQUELINE CINTIA POVEDA FUENTES,https://www.facebook.com/cintia.poveda,no,,0,0,2025-06-23,post,https://www.facebook.com/share/p/1Gfe7CRthz/,1,0,1,0,1,0,0,0,0,0,
JACQUELINE CINTIA POVEDA FUENTES,https://www.facebook.com/cintia.poveda,no,,0,0,2025-06-23,post,https://www.facebook.com/share/p/1Yiy7FHJp3/,0,0,1,1,0,0,0,0,0,0,Asi es.
JACQUELINE CINTIA POVEDA FUENTES,https://www.facebook.com/cintia.poveda,no,,0,0,2025-06-28,post,https://www.facebook.com/cintia.poveda/posts/pfbid02j9vq2zyw7gyjj9BLc3q55jgBs9RYn5LghWoEYVtqt6RggzNoScDmBJ5iezgv97FEl,0,0,0,0,0,0,0,0,0,0,
