nombre perfil,url perfil,candidato identificado,creación del perfil,seguidores,seguidos,fecha post,tipo de post,url post,comparticiones,comentarios,reacciones en total,me gusta,me encanta,me divierte,me entristece,me sorprende,me enoja,me importa,contenido
Cinthia Guidi,https://www.facebook.com/profile.php?id=100089615726605,no,,3475,0,2025-06-11,post,https://www.facebook.com/share/p/1EP8gdp2kn/,0,0,1,0,0,0,0,0,0,0,
Cinthia Guidi,https://www.facebook.com/profile.php?id=100089615726605,no,,3475,0,2025-06-11,post,https://www.facebook.com/share/p/15VcjZSs4C/,0,0,30,0,0,0,0,0,0,0,
Cinthia Guidi,https://www.facebook.com/profile.php?id=100089615726605,no,,3475,0,2025-06-11,post,https://www.facebook.com/share/p/1RJpVatxwA/,3,0,25,0,0,0,0,0,0,0,
Cinthia Guidi,https://www.facebook.com/profile.php?id=100089615726605,no,,3475,0,2025-06-11,post,https://www.facebook.com/share/p/157s7px1G3e/,7,0,32,0,0,0,0,0,0,0,
Cinthia Guidi,https://www.facebook.com/profile.php?id=100089615726605,no,,3475,0,2025-06-11,post,https://www.facebook.com/cinthya.sandi.321275/posts/pfbid0EnLj6JuQ3fG7xUPYbt8XqCPMrKP7r9vmPHRQU7QPxN7S3BebdAwL3DHw6ATLaz5al,3,0,8,0,0,0,0,0,0,0,
Cinthia Guidi,https://www.facebook.com/profile.php?id=100089615726605,no,,3475,0,2025-06-11,post,https://www.facebook.com/share/p/1C98Dmh9wy/,0,0,13,0,0,0,0,0,0,0,
Cinthia Guidi,https://www.facebook.com/profile.php?id=100089615726605,no,,3475,0,2025-06-11,post,https://www.facebook.com/share/p/16Yr4BViai/,9,1,29,0,0,0,0,0,0,0,
Cinthia Guidi,https://www.facebook.com/profile.php?id=100089615726605,no,,3475,0,2025-06-11,post,https://www.facebook.com/share/p/1C6NRkNVdm/,1,0,2,0,0,0,0,0,0,0,
Cinthia Guidi,https://www.facebook.com/profile.php?id=100089615726605,no,,3475,0,2025-06-11,post,https://www.facebook.com/share/p/1A85nXv8PX/,10,1,29,0,0,0,0,0,0,0,
