nombre perfil,url perfil,candidato identificado,creación del perfil,seguidores,seguidos,fecha post,tipo de post,url post,comparticiones,comentarios,reacciones en total,me gusta,me encanta,me divierte,me entristece,me sorprende,me enoja,me importa,contenido
YAMILA NUR REYES ORTEGA,https://www.facebook.com/profile.php?id=61572021665143,no,2025-01-17,112,0,2025-07-07,post,https://www.facebook.com/share/p/16nzuECbVb/,1,0,8,8,0,0,0,0,0,0,"#SamuelDoriaMedina  no va con discursos vacíos.
Hoy Samuel habló por cada madre que lucha, cada joven que busca oportunidades y cada familia que no se rinde. Tenemos un… Ver más"
YAMILA NUR REYES ORTEGA,https://www.facebook.com/profile.php?id=61572021665143,no,2025-01-17,112,0,2025-07-08,post,https://www.facebook.com/share/p/1EAEPoCbA5/,0,1,7,0,0,0,0,0,0,0,"ES HOY!!!
Cursos gratuitos de panadería en el Barrio El Gallito"
YAMILA NUR REYES ORTEGA,https://www.facebook.com/profile.php?id=61572021665143,no,2025-01-17,112,0,2025-07-09,post,https://www.facebook.com/share/p/1ApDHZZSVc/,0,0,7,5,2,0,0,0,0,0,"¡Hoy cursos de embutidos gratuitos! 
Estaremos en el barrio zafiro
… Ver más"
YAMILA NUR REYES ORTEGA,https://www.facebook.com/profile.php?id=61572021665143,no,2025-01-17,112,0,2025-07-10,post,https://www.facebook.com/share/p/1ZJv7UZL48/,2,3,14,9,5,0,0,0,0,0,"¡Vecinos del Distrito 12! 
… Ver más"
