nombre perfil,url perfil,candidato identificado,creación del perfil,seguidores,seguidos,fecha post,tipo de post,url post,comparticiones,comentarios,reacciones en total,me gusta,me encanta,me divierte,me entristece,me sorprende,me enoja,me importa,contenido
Mauro Landivar ,https://www.facebook.com/profile.php?id=61552708002190,no,2023-10-31,31000,181,2025-06-02,post,https://www.facebook.com/share/p/1GzP323S3u/,122,37,99,0,0,0,0,0,0,0,"La vieja política, nunca pudo conquistar un mayoritario voto del electorado boliviano.… Ver más"
Mauro Landivar ,https://www.facebook.com/profile.php?id=61552708002190,no,2023-10-31,31000,181,2025-06-03,post,https://www.facebook.com/share/p/1GJyn7evNB/,14,7,195,0,0,0,0,0,0,0,#ULTIMO Fiscalía cita a declarar a la concejal Gabriela Garzón por Acoso Político contra Mucarzel … Ver más
Mauro Landivar ,https://www.facebook.com/profile.php?id=61552708002190,no,2023-10-31,31000,181,2025-06-03,post,https://www.facebook.com/share/p/1AwqMriG44/,224,92,510,0,0,0,0,0,0,0,"Empresarios micreros con el respaldo de Jhonny Fernández, buscan nuevamente subir el pasaje de micro a 3bs, pese a que la anterior subida es ilegítima, y que además ni … Ver más"
Mauro Landivar ,https://www.facebook.com/profile.php?id=61552708002190,no,2023-10-31,31000,181,2025-06-04,post,https://www.facebook.com/share/p/1BsFskKsnn/,81,394,224,0,0,0,0,0,0,0,¿Quien de los candidatos opositores actuaría con dureza contra los cocaleros?… Ver más
Mauro Landivar ,https://www.facebook.com/profile.php?id=61552708002190,no,2023-10-31,31000,181,2025-06-04,post,https://www.facebook.com/share/v/18mXyZAr4b/,91,47,547,0,0,0,0,0,0,0,#ULTIMO |Explosiones cerca de sede del MAS en Cochabamba.… Ver más
Mauro Landivar ,https://www.facebook.com/profile.php?id=61552708002190,no,2023-10-31,31000,181,2025-06-05,post,https://www.facebook.com/share/p/16dAHbdtQ8/,235,23,259,0,0,0,0,0,0,0,Se vuelve a confirmar que Manfred Reyes Villa es un aliado del masismo.… Ver más
Mauro Landivar ,https://www.facebook.com/profile.php?id=61552708002190,no,2023-10-31,31000,181,2025-06-05,post,https://www.facebook.com/share/p/19TPd5G5Q5/,304,48,337,0,0,0,0,0,0,0,#URGENTE |PRECANDIDATOS DE OPOSICIÓN.… Ver más
Mauro Landivar ,https://www.facebook.com/profile.php?id=61552708002190,no,2023-10-31,31000,181,2025-06-05,post,https://www.facebook.com/share/p/14GASzzKJYf/,427,16,286,0,0,0,0,0,0,0,"Andrónico no es renovación, es la parte de la vieja politica (de los socialistas).… Ver más"
Mauro Landivar ,https://www.facebook.com/profile.php?id=61552708002190,no,2023-10-31,31000,181,2025-06-06,post,https://www.facebook.com/share/p/1BtnpZb7rp/,745,53,510,0,0,0,0,0,0,0,"#URGENTE |FEJUVE de El Alto, se desmarca del masismo.… Ver más"
Mauro Landivar ,https://www.facebook.com/profile.php?id=61552708002190,no,2023-10-31,31000,181,2025-06-06,post,https://www.facebook.com/share/p/16noX2w1DV/,10,24,351,0,0,0,0,0,0,0,"#ULTIMO Aprehenden a Enrique Mamani, el dirigente evista que amenazó a los vocales del TSE y sus familias, al igual que a otras autoridades nacionales."
Mauro Landivar ,https://www.facebook.com/profile.php?id=61552708002190,no,2023-10-31,31000,181,2025-06-06,post,https://www.facebook.com/permalink.php?story_fbid=pfbid0vo48pXk2DqK62L4PgriJvJA7G4j32cDP7rSgZV36RjiXAiV6nLECX9DRsqddQaaEl&id=61552708002190,124,114,496,0,0,0,0,0,0,0, ¡CONFIRMADO! Jaime Dunn será candidato de NGP.… Ver más
Mauro Landivar ,https://www.facebook.com/profile.php?id=61552708002190,no,2023-10-31,31000,181,2025-06-06,post,https://www.facebook.com/share/v/12FPTS4C6k6/,196,33,255,0,0,0,0,0,0,0,"Jaime Dunn propone en su programa de gobierno, declarar como t3rr0r¡st4$ a los n4rc0$.… Ver más"
Mauro Landivar ,https://www.facebook.com/profile.php?id=61552708002190,no,2023-10-31,31000,181,2025-06-06,post,https://www.facebook.com/share/v/19kuuFF3gm/,101,35,123,0,0,0,0,0,0,0,"#URGENTE |Hace 4 días, Manfred Reyes Villa culpó a la ALP de la crisis por no aprobar créditos. ¿En serio? ¡La Asamblea está haciendo lo correcto al no seguir endeudand… Ver más"
Mauro Landivar ,https://www.facebook.com/profile.php?id=61552708002190,no,2023-10-31,31000,181,2025-06-07,post,https://www.facebook.com/share/v/1ZSgWoA4UQ/,36,26,60,0,0,0,0,0,0,0,"Señor Samuel Doria Medina , ¿de verdad piensa asistir a la reunión convocada por Manfred Reyes Villa?… Ver más"
Mauro Landivar ,https://www.facebook.com/profile.php?id=61552708002190,no,2023-10-31,31000,181,2025-06-07,post,https://www.facebook.com/share/p/1A8bMhjMCp/,48,28,462,0,0,0,0,0,0,0,"Cada ""like"" es un año que este ped0fil0 debería pasar en la cárcel."
Mauro Landivar ,https://www.facebook.com/profile.php?id=61552708002190,no,2023-10-31,31000,181,2025-06-08,post,https://www.facebook.com/share/p/16KSHVmrqC/,102,78,127,0,0,0,0,0,0,0,¿Vos estás de acuerdo con que la asamblea apruebe más créditos y que estén a disposición de Luis Arce?… Ver más
Mauro Landivar ,https://www.facebook.com/profile.php?id=61552708002190,no,2023-10-31,31000,181,2025-06-08,post,https://www.facebook.com/share/p/1AqBmGMXSt/,21,29,249,0,0,0,0,0,0,0,"Gracias por reunirse en Cochabamba. Esto refuerza la frase que dijo Bukele: ‘No se pueden esperar resultados diferentes si seguimos votando por los mismos de siempre.’"""
Mauro Landivar ,https://www.facebook.com/profile.php?id=61552708002190,no,2023-10-31,31000,181,2025-06-08,post,https://www.facebook.com/share/p/16KPh3GR1t/,91,94,292,0,0,0,0,0,0,0,"Ahora Arce dice que ""siempre tuvo la razón"" al pedir la aprobación de créditos.… Ver más"
Mauro Landivar ,https://www.facebook.com/profile.php?id=61552708002190,no,2023-10-31,31000,181,2025-06-08,post,https://www.facebook.com/share/p/1C3m1ktpe4/,53,9,136,0,0,0,0,0,0,0,"Juntas vecinales de San Julián, rechazan el bloqueo evista en su población.… Ver más"
Mauro Landivar ,https://www.facebook.com/profile.php?id=61552708002190,no,2023-10-31,31000,181,2025-06-08,post,https://www.facebook.com/share/p/1GW3bKRqd6/,73,50,139,0,0,0,0,0,0,0,Mientras tanto en Cochabamba.......
Mauro Landivar ,https://www.facebook.com/profile.php?id=61552708002190,no,2023-10-31,31000,181,2025-06-09,post,https://www.facebook.com/share/p/19GGaAfHti/,43,25,452,0,0,0,0,0,0,0,"Como ciudadano cruceño, no me olvido.
Hubo un momento en el que nuestro pueblo estaba indefenso, nuestras instituciones estaban secuestradas por los MASISTAS… y mientra… Ver más"
Mauro Landivar ,https://www.facebook.com/profile.php?id=61552708002190,no,2023-10-31,31000,181,2025-06-09,post,https://www.facebook.com/share/v/1639CDGcKC/,213,48,318,0,0,0,0,0,0,0, No solo Jaime Dunn tiene ideas brillantes... ¡los Dunnistas también!… Ver más
