nombre perfil,url perfil,snapshot_date,creación del perfil,candidato identificado,seguidores,seguidos,fecha post,tipo de post,url post,comparticiones,comentarios,reacciones en total,me gusta,me encanta,me divierte,me entristece,me sorprende,me enoja,me importa,contenido
ROSARIO RANET RODRIGUEZ PERALES,https://www.facebook.com/rosario.rodriguezperales,2025-07-02,,no,0,0,2025-12-30,reel,/reel/3251514511735949/?s=single_unit&__cft__[0]=AZVdar7E8WU12JdWvRJebVsOlIUvwngHVU9uP9Cs5koJVG_f17qh1_HYjNWpHi1KN9fqnH35Vxl8snCoP7OBOyoCIg7amxdZ5M7tguHLVYEbP807XUg73xl2raHvIyY1euPPNY4HqwCz_wElwBauDJKupXfP9917xaWZNsSa69m8iA&__tn__=H-R,0,0,0,0,0,0,0,0,0,0,
ROSARIO RANET RODRIGUEZ PERALES,https://www.facebook.com/rosario.rodriguezperales,2025-07-15,,no,0,0,2025-12-30,reel,/reel/3251514511735949/?s=single_unit&__cft__[0]=AZV7ZY9AXckJQ92KhD_0SFPM4DeFOoiHdcXGf_QmU0BnGtH9XILYmVObtxoueUOdZhNVCW27LfTXa2Tg0eSFhBjjPUub4Jx8ynTBi4CjA4l2UAO54CZiUwJiPtratQm3OQT_iTbU4oURpnoHlouV1SKmLa742J_7E9JVrU_3sjfrcA&__tn__=H-R,4,9,21,21,0,0,0,0,0,0,
ROSARIO RANET RODRIGUEZ PERALES,https://www.facebook.com/rosario.rodriguezperales,2025-07-08,,no,0,0,2025-12-30,reel,/reel/3251514511735949/?s=single_unit&__cft__[0]=AZUk508DKbBVe3um1GEFBnihfCwG-v-utgJGxavon3Wiqatgk0Kix80d36N2tVkFtFBHjtWXiP7urtSvwKLM-uLsrjwidQ7hMWpOB7IFGZIURULnpReTZzfBzTQNjhe0tgAeT5qa4MS__Ql4L3GtXMKj13yb5qrwPlZw6mDKGqIO4g&__tn__=H-R,4,8,22,22,0,0,0,0,0,0,
ROSARIO RANET RODRIGUEZ PERALES,https://www.facebook.com/rosario.rodriguezperales,2025-06-24,,no,0,0,2025-12-30,reel,/reel/3251514511735949/?s=single_unit&__cft__[0]=AZV7P9oFAaUnTzUyakPvHPIt3ub23OF5ONHVfCtkkeo1qHJH6CI3Pi14yXLXwZvFy9Ne0qeSDFeszCiPkvDvto75Ier9wu5X2FT62HwbgcEBj3C0wmeJTfrpSqsIH32Q3-6OChhZk73mJdo_9mj_Aex8odCKiR-iel04BxYs1yZtGA&__tn__=H-R,0,0,0,0,0,0,0,0,0,0,
ROSARIO RANET RODRIGUEZ PERALES,https://www.facebook.com/rosario.rodriguezperales,2025-06-23,,no,0,0,2025-12-30,reel,/reel/3251514511735949/?s=single_unit&__cft__[0]=AZXjy11EL_X1WnY-_luT-BR-a8TKOiJXfOah0pI795AqL2ro_HE9nb1CGYESj5SrQ_mpJM0sbOoLF-G2p4lyVycmNdFrnXK4ybZwlpjmd_Dn-CtKpyU1K6IBn7aBi23edpOk9e0xvsckGVyhgjagugqbSalXlSmnIuRpLguPvPoRgA&__tn__=H-R,0,0,0,0,0,0,0,0,0,0,
