nombre perfil,url perfil,candidato identificado,creación del perfil,seguidores,seguidos,fecha post,tipo de post,url post,comparticiones,comentarios,reacciones en total,me gusta,me encanta,me divierte,me entristece,me sorprende,me enoja,me importa,contenido
SUSANA MONTAÑO,https://www.facebook.com/profile.php?id=61577615530574,no,2025-06-26,248,0,2025-07-16,post,https://www.facebook.com/share/p/16gimj5cqq/,6,1,19,16,2,0,0,0,0,1,"¡La llama sigue encendida! 
… Ver más"
SUSANA MONTAÑO,https://www.facebook.com/profile.php?id=61577615530574,no,2025-06-26,248,0,2025-07-17,post,https://www.facebook.com/share/p/12MNCCmS2BS/,18,0,23,15,5,0,0,0,0,3," GRAN RIFA!!
Realiza tus reservas al número de celular 77795785."
SUSANA MONTAÑO,https://www.facebook.com/profile.php?id=61577615530574,no,2025-06-26,248,0,2025-07-17,post,2025-07-17,0,2,45,43,0,0,0,0,0,2,"Años de ser contestaría, de estar siempre en la defensa de los intereses de mi región, de luchar en contra de la persecusión, hoy comprometida con ser la voz de mi Potosí, y luchar por mejores días para nuestras familias. porque es con Tuto Presidente,"
SUSANA MONTAÑO,https://www.facebook.com/profile.php?id=61577615530574,no,2025-06-26,248,0,2025-07-17,post,https://www.facebook.com/share/v/16xYRaufvf/,4,0,27,23,2,0,0,0,0,2," NO MAS INJUSTICIA, RACISMO, OPRESIÓN, EXPLOTACIÓN.... LIBERTAD!!!
#… Ver más"
SUSANA MONTAÑO,https://www.facebook.com/profile.php?id=61577615530574,no,2025-06-26,248,0,2025-07-17,post,https://www.facebook.com/share/v/19QWfjEJK8/,12,0,22,17,3,0,0,0,0,2,"Hoy a las 17:00 empezaremos a recorrer nuestros barrios y llevaremos nuestro buzos de esperanza, cada vecino será parte del proyecto de ley que ayudé a transformar y me… Ver más"
SUSANA MONTAÑO,https://www.facebook.com/profile.php?id=61577615530574,no,2025-06-26,248,0,2025-07-18,post,https://www.facebook.com/share/v/1GpSWuZr4c/,24,1,18,14,2,0,0,0,0,2,"Hoy a las 17:00 empezaremos a recorrer nuestros barrios y llevaremos nuestro buzos de esperanza, cada vecino será parte del proyecto de ley que ayudé a transformar y me… Ver más"
SUSANA MONTAÑO,https://www.facebook.com/profile.php?id=61577615530574,no,2025-06-26,248,0,2025-07-19,post,https://www.facebook.com/share/p/1AXpnQPiPD/,19,1,24,20,2,0,0,0,0,2,
SUSANA MONTAÑO,https://www.facebook.com/profile.php?id=61577615530574,no,2025-06-26,248,0,2025-07-19,post,https://www.facebook.com/share/v/1AhjrjKTcY/,30,0,34,27,4,0,0,1,0,2," ¡100 días, carajo!
Estamos más unidos que nunca, caminando con fe, con fuerza y Sin Miedo hacia un nuevo amanecer.… Ver más"
SUSANA MONTAÑO,https://www.facebook.com/profile.php?id=61577615530574,no,2025-06-26,248,0,2025-07-19,post,https://www.facebook.com/share/v/1LvjMP3Kve/,23,0,20,17,1,0,0,0,0,2,"¡100 días, caraj0, con fuerza y Sin Miedo!
Samuel, Juan y Susana, por el pueblo entero! 
 
 
#Su… Ver más"
SUSANA MONTAÑO,https://www.facebook.com/profile.php?id=61577615530574,no,2025-06-26,248,0,2025-07-20,post,https://www.facebook.com/share/v/16fPLGRS4Q/,3,1,18,13,3,1,0,0,0,1," ¡Con Susana, la Circunscripción 9 tiene voz y coraje!
#… Ver más"
SUSANA MONTAÑO,https://www.facebook.com/profile.php?id=61577615530574,no,2025-06-26,248,0,2025-07-21,post,https://www.facebook.com/share/p/19YJxFbkXU/,1,0,11,10,0,0,0,0,0,1,
SUSANA MONTAÑO,https://www.facebook.com/profile.php?id=61577615530574,no,2025-06-26,248,0,2025-07-21,post,https://www.facebook.com/share/v/19ZpF5Wp5F/,0,0,21,0,0,0,0,0,0,0," Estamos caminando con el corazón firme y la esperanza en alto, porque un nuevo tiempo para La Paz empieza con nosotr@s. 
¡Sin miedo, con fuerza y con amor al pueblo!… Ver más"
SUSANA MONTAÑO,https://www.facebook.com/profile.php?id=61577615530574,no,2025-06-26,248,0,2025-07-22,post,https://www.facebook.com/permalink.php?story_fbid=pfbid031nNimLxV49bygHvohMbLSKoyXnmgya1jSdRqhFr9LohXndH69UP1UVLFSZ3tZoU1l&id=61577615530574,15,0,17,11,2,0,0,0,0,4,Hoy estuve compartiendo mis propuestas en el programa #ImpulsandoLaMañana.
SUSANA MONTAÑO,https://www.facebook.com/profile.php?id=61577615530574,no,2025-06-26,248,0,2025-07-22,post,https://www.facebook.com/share/p/16szvoPj4u/,3,0,14,9,3,0,0,0,0,2,"HOY estaré regalando pancitos por el puente topater, calle Fortunato Pinto N° 1065.
A LAS 17:00, LOS ESPERO..."
SUSANA MONTAÑO,https://www.facebook.com/profile.php?id=61577615530574,no,2025-06-26,248,0,2025-07-22,post,https://www.facebook.com/61577615530574/videos/1469991604413950/,7,0,21,15,4,0,0,0,0,2,"ESTAMOS ALISTANDO PANCITO PARA ESTA TARDE, POR FAVOR PASEN POR EL PUENTE TOPATER A LA ALTURA DEL MERCADO SAGRADO CORAZÓN DE JESÚS. POR FAVOR LOS ESPERO... A LAS 17:00..!"
