nombre perfil,url perfil,snapshot_date,creación del perfil,candidato identificado,seguidores,seguidos,fecha post,url post,comparticiones,comentarios,reacciones en total,me gusta,me encanta,me divierte,me entristece,me sorprende,me enoja,me importa,contenido
Susana Bejarano,https://www.facebook.com/profile.php?id=772515640,2025-06-02,2007-02-23,no,7800,0,2025-05-30,https://www.facebook.com/share/p/1ADNYAuoyS/,0,8,0,0,0,0,0,0,0,0,Formalmente el domingo 1ro de junio se presenta la primera encuesta de la carrera electoral. No podrá ser comparada con las anteriores por algo básico: se basa en lista… Ver más
Susana Bejarano,https://www.facebook.com/profile.php?id=772515640,2025-06-02,2007-02-23,no,7800,0,2025-05-30,https://www.facebook.com/share/p/1N4SggmXiy/,7,17,0,0,0,0,0,0,0,0,"ACLARACIÓN NECESARIA: el TSE aún podría no proscribir al MTS, si la delcagda del partido presenta descargos en los próximos 5 días hábiles y estos son aceptados por el … Ver más"
Susana Bejarano,https://www.facebook.com/profile.php?id=772515640,2025-06-02,2007-02-23,no,7800,0,2025-05-31,https://www.facebook.com/share/p/15vQ8M8t9q/,80,54,0,0,0,0,0,0,0,0,"Ayer la viralización electoral fue la entrevista en POV de UNITEL, con la gran Natalia Aparicio, al candidato a vicepresidente de Tuto, Juan Pablo Velasco... 
Es una fa… Ver más"
Susana Bejarano,https://www.facebook.com/profile.php?id=772515640,2025-06-02,2007-02-23,no,7800,0,2025-06-01,https://www.facebook.com/share/p/1CLmJboRft/,13,27,0,0,0,0,0,0,0,0,Algunos datos relevantes de la encuesta presentada hoy en UNITEL:… Ver más
Susana Bejarano,https://www.facebook.com/profile.php?id=772515640,2025-06-02,2007-02-23,no,7800,0,2025-06-02,https://www.facebook.com/share/p/1YvMARiApd/,8,28,0,0,0,0,0,0,0,0,"El 2,3% del MAS producto no solo de la canibalización interna. También es producto de la realidad. No se puede sostener una proyecto político que hoy es considerado el … Ver más"
Susana Bejarano,https://www.facebook.com/profile.php?id=772515640,2025-06-02,2007-02-23,no,7800,0,2025-06-02,https://www.facebook.com/share/p/1Zyxxkkb8C/,1,5,0,0,0,0,0,0,0,0,"La carta de presentación de Manfred fue su capacidad de administrar el municipio de Cochabamba, una ciudad linda, limpia, asfaltada, etc. En el último mes, todas las te… Ver más"
