nombre perfil,url perfil,snapshot_date,creación del perfil,candidato identificado,seguidores,seguidos,fecha post,tipo de post,url post,comparticiones,comentarios,reacciones en total,me gusta,me encanta,me divierte,me entristece,me sorprende,me enoja,me importa,contenido
PAOLA ANDREA FERNANDEZ REA,https://www.facebook.com/profile.php?id=100095305101750,2025-07-23,2023-08-07,no,115000,0,2025-07-15,post,https://www.facebook.com/share/v/1QyXBvqXFo/,5,1,49,41,6,2,0,0,0,0,"Lo de ayer en el Plan 3000 fue para recordar siempre! Venimos trabajando en el territorio desde el 2023, sin descanso transformando vidas con pequeñas y grandes accione… Ver más"
PAOLA ANDREA FERNANDEZ REA,https://www.facebook.com/profile.php?id=100095305101750,2025-07-23,2023-08-07,no,115000,0,2025-07-17,post,https://www.facebook.com/share/p/1C2n77s3dU/,4,0,45,34,7,4,0,0,0,0,¡Los esperamos en nuestro cierre de curso!
PAOLA ANDREA FERNANDEZ REA,https://www.facebook.com/profile.php?id=100095305101750,2025-07-23,2023-08-07,no,115000,0,2025-07-18,post,https://www.facebook.com/share/p/1CmhS2LHTK/,5,6,49,0,0,0,0,0,0,0,Mañana nos vemos para la entrega de leche y pan gratuito para nuestro amado Plan 3000… Ver más
PAOLA ANDREA FERNANDEZ REA,https://www.facebook.com/profile.php?id=100095305101750,2025-07-23,2023-08-07,no,115000,0,2025-07-19,post,https://www.facebook.com/share/p/16icT8SCF6/,4,5,34,27,7,0,0,0,0,0,"¡Solidaridad que transforma! 
La senadora Paola Fernández, junto al diputado Milton Yepes y la diputada suplente Georgina, estuvieron presentes en la UV-150 del Plan… Ver más"
PAOLA ANDREA FERNANDEZ REA,https://www.facebook.com/profile.php?id=100095305101750,2025-07-23,2023-08-07,no,115000,0,2025-07-20,post,https://www.facebook.com/share/p/1FTE8FLWpd/,5,20,88,72,2,12,0,0,1,1,
PAOLA ANDREA FERNANDEZ REA,https://www.facebook.com/profile.php?id=100095305101750,2025-07-23,2023-08-07,no,115000,0,2025-07-21,post,https://www.facebook.com/share/v/1F3hRwMBhf/,2,1,16,7,8,1,0,0,0,0,"Un fin de semana dando amor! 
… Ver más"
PAOLA ANDREA FERNANDEZ REA,https://www.facebook.com/profile.php?id=100095305101750,2025-07-23,2023-08-07,no,115000,0,2025-07-21,post,https://www.facebook.com/share/p/163qw3PK3i/,8,8,42,32,10,0,0,0,0,0," ¡Inauguramos el Comedor Solidario en el Plan 3000!
Gracias a la iniciativa de Paola Fernández, hoy se hizo realidad este espacio de apoyo y solidaridad donde se sirvi… Ver más"
PAOLA ANDREA FERNANDEZ REA,https://www.facebook.com/profile.php?id=100095305101750,2025-07-29,2023-08-07,no,115000,0,2025-07-23,post,https://www.facebook.com/share/p/1MPieNeGg8/,7,14,72,55,14,1,0,0,0,2,"Cuatro mujeres representando el poder y empoderamiento femenino, lo que merece Bolivia, estamos presentes para encaminar Bolivia! 
… Ver más"
PAOLA ANDREA FERNANDEZ REA,https://www.facebook.com/profile.php?id=100095305101750,2025-07-29,2023-08-07,no,115000,0,2025-07-23,post,https://www.facebook.com/share/p/18ye4URx1V/,4,0,21,17,4,0,0,0,0,0,Conversatorio: Mujeres construyendo una mejor Bolivia.
PAOLA ANDREA FERNANDEZ REA,https://www.facebook.com/profile.php?id=100095305101750,2025-07-29,2023-08-07,no,115000,0,2025-07-23,post,https://www.facebook.com/share/p/1BxfQEfQ9x/,0,5,62,47,14,0,0,0,0,1,Gracias a la red DTV por la cobertura! Esta es la verdadera Fuerza del Pueblo! 
PAOLA ANDREA FERNANDEZ REA,https://www.facebook.com/profile.php?id=100095305101750,2025-07-29,2023-08-07,no,115000,0,2025-07-24,post,https://www.facebook.com/share/p/1EKn2FNDT9/,7,25,66,52,14,0,0,0,0,0," ¡Feliz Día de la Bandera Cruceña! 
No es solo un símbolo, es nuestra historia, nuestra lucha y nuestra identidad.
Que… Ver más"
PAOLA ANDREA FERNANDEZ REA,https://www.facebook.com/profile.php?id=100095305101750,2025-07-29,2023-08-07,no,115000,0,2025-07-25,post,https://www.facebook.com/share/p/1ZBvuujcwr/,10,68,88,72,15,0,0,0,0,1,"Barrio 15 de Septiembre, San Martin y 8 de Septiembre, nos vemos mañana para compartir una mañana llena de alegría y solidaridad. … Ver más"
PAOLA ANDREA FERNANDEZ REA,https://www.facebook.com/profile.php?id=100095305101750,2025-07-29,2023-08-07,no,115000,0,2025-07-25,post,https://www.facebook.com/share/v/1CQ1Bta1nY/,2,5,28,23,5,0,0,0,0,0,"¿Y vos?
Vení y disfrutá con nosotros del comedor solidario los lunes miércoles y viernes en nuestra casa de campaña del Plan 3000 sobre la avenida Paurito! … Ver más"
PAOLA ANDREA FERNANDEZ REA,https://www.facebook.com/profile.php?id=100095305101750,2025-07-29,2023-08-07,no,115000,0,2025-07-26,post,https://www.facebook.com/share/v/1XepwZR5CW/,3,3,47,44,3,0,0,0,0,0," Hoy vivimos un lindo amistoso con los chicos de Oriente Petrolero, un partido lleno de energía y buen fútbol en el corazón del Plan 3000 
S… Ver más"
PAOLA ANDREA FERNANDEZ REA,https://www.facebook.com/profile.php?id=100095305101750,2025-07-29,2023-08-07,no,115000,0,2025-07-26,post,https://www.facebook.com/share/p/1AqQMGKjS9/,10,44,106,85,21,0,0,0,0,0,"Entrega de leche para los barrios San Martin, 15 de Septiempre y 8 de Septiembre!… Ver más"
PAOLA ANDREA FERNANDEZ REA,https://www.facebook.com/profile.php?id=100095305101750,2025-07-29,2023-08-07,no,115000,0,2025-07-27,post,https://www.facebook.com/share/v/175uxF56pc/,6,9,60,47,11,1,0,0,0,1,"Que majao más rico! 
… Ver más"
PAOLA ANDREA FERNANDEZ REA,https://www.facebook.com/profile.php?id=100095305101750,2025-07-29,2023-08-07,no,115000,0,2025-07-27,post,https://www.facebook.com/share/p/1Byoi56He6/,8,8,63,49,14,0,0,0,0,0,Compartiendo un Domingo hermoso junto con nuestros vecinos del barrio Villa Gladys y barrio Minero una riquísima olla común.… Ver más
PAOLA ANDREA FERNANDEZ REA,https://www.facebook.com/profile.php?id=100095305101750,2025-07-29,2023-08-07,no,115000,0,2025-07-28,post,https://www.facebook.com/share/p/1GVFr1bqqU/,3,9,51,38,12,0,0,0,0,1,"¡Casa llena en el comedor solidario! 
… Ver más"
PAOLA ANDREA FERNANDEZ REA,https://www.facebook.com/profile.php?id=100095305101750,2025-07-29,2023-08-07,no,115000,0,2025-07-28,post,https://www.facebook.com/share/v/1Aaq5iYLLS/,4,14,48,40,8,0,0,0,0,0,"¡Es con recurso no con discurso! 
… Ver más"
PAOLA ANDREA FERNANDEZ REA,https://www.facebook.com/profile.php?id=100095305101750,2025-08-06,2023-08-07,no,115000,0,2025-07-29,post,https://www.facebook.com/share/v/19YCzutbVP/,3,6,56,43,10,3,0,0,0,0,"¡Perdonazo Tributario Nacional! 
 otra de nuestras propuestas.… Ver más"
PAOLA ANDREA FERNANDEZ REA,https://www.facebook.com/profile.php?id=100095305101750,2025-08-06,2023-08-07,no,115000,0,2025-07-30,post,https://www.facebook.com/share/p/1EXgJFhhtB/,5,18,122,94,28,0,0,0,0,0,#LafuerzadelPueblo #PaolaFernandez #Senadora
PAOLA ANDREA FERNANDEZ REA,https://www.facebook.com/profile.php?id=100095305101750,2025-08-06,2023-08-07,no,115000,0,2025-07-30,post,https://www.facebook.com/share/p/12MGQgRkndU/,128,76,104,76,26,1,0,0,0,1,¡Casa llena y el corazón contento! … Ver más
PAOLA ANDREA FERNANDEZ REA,https://www.facebook.com/profile.php?id=100095305101750,2025-08-06,2023-08-07,no,115000,0,2025-07-31,post,https://www.facebook.com/share/v/1B9BVEWZmi/,11,36,79,69,10,0,0,0,0,0,"Los esperamos todos los lunes miércoles y viernes en nuestro Comedor Solidario de la Fuerza del Pueblo! 
Seguimos transformando vidas con hechos! 
… Ver más"
PAOLA ANDREA FERNANDEZ REA,https://www.facebook.com/profile.php?id=100095305101750,2025-08-06,2023-08-07,no,115000,0,2025-07-31,post,https://www.facebook.com/share/p/1BvaSjnVuB/,7,2,47,41,6,0,0,0,0,0,"Los esperamos mañana en nuestra brigada de salud! 
Atención médica gratuita, alimentación complementaria y muchas otras sorpresas en el camellón principal del Plan 3000… Ver más"
PAOLA ANDREA FERNANDEZ REA,https://www.facebook.com/profile.php?id=100095305101750,2025-08-06,2023-08-07,no,115000,0,2025-08-01,post,https://www.facebook.com/share/v/16bfCBfP4p/,11,11,64,53,11,0,0,0,0,0,"Hoy viernes un delicioso Pollo al Jugo en nuestro comedor Solidario de la Fuerza del Pueblo! 
Los esperamos a todos sobre la avenida Paurito Plan 3000.… Ver más"
PAOLA ANDREA FERNANDEZ REA,https://www.facebook.com/profile.php?id=100095305101750,2025-08-06,2023-08-07,no,115000,0,2025-08-01,post,https://www.facebook.com/share/p/19dvca6XbF/,8,0,41,35,6,0,0,0,0,0,Más de 200 personas en nuestro comedor solidario!!!!… Ver más
PAOLA ANDREA FERNANDEZ REA,https://www.facebook.com/profile.php?id=100095305101750,2025-08-06,2023-08-07,no,115000,0,2025-08-02,post,https://www.facebook.com/share/v/1B3o3JW2To/,8,10,55,39,13,1,0,0,1,1,"¡La Fuerza del Pueblo! 
A… Ver más"
PAOLA ANDREA FERNANDEZ REA,https://www.facebook.com/profile.php?id=100095305101750,2025-08-06,2023-08-07,no,115000,0,2025-08-02,post,https://www.facebook.com/share/p/1CSjG9MrCW/,12,2,58,43,14,1,0,0,0,0,Más de 500 personas en el barrio San Luisito!… Ver más
PAOLA ANDREA FERNANDEZ REA,https://www.facebook.com/profile.php?id=100095305101750,2025-08-06,2023-08-07,no,115000,0,2025-08-03,post,https://www.facebook.com/share/p/17ADj1iBYm/,6,41,80,64,14,1,0,0,0,1,Un riquísimos guiso de fideo para este primer domingo de Agosto! … Ver más
PAOLA ANDREA FERNANDEZ REA,https://www.facebook.com/profile.php?id=100095305101750,2025-08-06,2023-08-07,no,115000,0,2025-08-04,post,https://www.facebook.com/share/p/19YaPfoqrW/,9,41,62,51,11,0,0,0,0,0, ¡Atención vecinos del Plan 3000!… Ver más
PAOLA ANDREA FERNANDEZ REA,https://www.facebook.com/profile.php?id=100095305101750,2025-08-06,2023-08-07,no,115000,0,2025-08-05,post,https://www.facebook.com/share/p/1VNmUYZjjk/,5,40,50,37,13,0,0,0,0,0,"Mañana 6 de Agosto día de la patria, los esperamos en el barrio Cupesí Terrado para degustar de una riquísima patasca! … Ver más"
PAOLA ANDREA FERNANDEZ REA,https://www.facebook.com/profile.php?id=100095305101750,2025-08-06,2023-08-07,no,115000,0,2025-08-06,post,https://www.facebook.com/share/p/1Ck6ch3rNn/,3,0,15,11,4,0,0,0,0,0," ¡Ya empezamos la repartición de la deliciosa patasca, chicha y gelatina en el barrio Cupesí Terrado del D8! 
Esta… Ver más"
