nombre perfil,url perfil,snapshot_date,creación del perfil,candidato identificado,seguidores,seguidos,fecha post,tipo de post,url post,comparticiones,comentarios,reacciones en total,me gusta,me encanta,me divierte,me entristece,me sorprende,me enoja,me importa,contenido
Paola Aguirre ,https://www.facebook.com/paolaaguirremelgar,2025-05-23,2021-01-06,no,56000,19,2025-05-16,post,https://www.facebook.com/share/p/19wnh4qPmH/,87,444,,0,0,0,0,0,0,0,"No olviden llevar cinturón de seguridad: tus valores y convicciones son tu cable a tierra.
Nunca se sabe cuando la vida te sorprende con fuertes e imprevistos sacudones… Ver más"
Paola Aguirre ,https://www.facebook.com/paolaaguirremelgar,2025-05-22,2021-01-06,no,56000,19,2025-05-17,post,https://www.facebook.com/share/p/15PzUdJjfS/,82,117,,0,0,0,0,0,0,0,Buenos días Santa Cruz 
Paola Aguirre ,https://www.facebook.com/paolaaguirremelgar,2025-05-22,2021-01-06,no,56000,19,2025-05-17,post,https://www.facebook.com/share/p/16ZMT4Foc8/,11,56,,0,0,0,0,0,0,0,"Hoy, 17 de mayo, se celebra el Día Departamental del Periodista Deportivo, en reconocimiento a aquellos profesionales de la comunicación social, dedicados a informar so… Ver más"
Paola Aguirre ,https://www.facebook.com/paolaaguirremelgar,2025-05-23,2021-01-06,no,56000,19,2025-05-17,post,https://www.facebook.com/share/p/1BbdZpTPis/,12,59,,332,17,0,0,0,0,3,"Hoy, 17 de mayo, se celebra el Día Departamental del Periodista Deportivo, en reconocimiento a aquellos profesionales de la comunicación social, dedicados a informar so… Ver más"
Paola Aguirre ,https://www.facebook.com/paolaaguirremelgar,2025-05-23,2021-01-06,no,56000,19,2025-05-17,post,https://www.facebook.com/share/p/1AbpPbA84L/,56,69,,0,0,0,0,0,0,0,"Evo marcha, Arce encarcela y Andronico reclama.
Los tres son parte de la misma trilogía: solo los distinguen las circunstancias más no así sus acciones y roles temporal… Ver más"
Paola Aguirre ,https://www.facebook.com/paolaaguirremelgar,2025-05-22,2021-01-06,no,56000,19,2025-05-18,post,https://www.facebook.com/share/p/16Fv59mRug/,75,183,,0,0,0,0,0,0,0,"Gracias a “El Deber” por la invitación a este espacio en el que compartí mi posición sobre democracia interna en las organizaciones políticas, legitimidad de la competi… Ver más"
Paola Aguirre ,https://www.facebook.com/paolaaguirremelgar,2025-05-23,2021-01-06,no,56000,19,2025-05-18,post,https://www.facebook.com/share/p/15Q3xGv9AS/,19,53,,0,0,0,0,0,0,0,
Paola Aguirre ,https://www.facebook.com/paolaaguirremelgar,2025-05-23,2021-01-06,no,56000,19,2025-05-18,post,https://www.facebook.com/share/p/197SPvWzZ7/,75,184,,0,0,0,0,0,0,0,"Gracias a “El Deber” por la invitación a este espacio en el que compartí mi posición sobre democracia interna en las organizaciones políticas, legitimidad de la competi… Ver más"
Paola Aguirre ,https://www.facebook.com/paolaaguirremelgar,2025-05-23,2021-01-06,no,56000,19,2025-05-20,post,https://www.facebook.com/share/p/19arAtMYwc/,18,60,,0,0,0,0,0,0,0,"Ni el propio masismo toma en serio esta candidatura.
Colocan de postulante al que es probablemente la figura más impopular del gobierno de Arce, en Santa Cruz (disputan… Ver más"
Paola Aguirre ,https://www.facebook.com/paolaaguirremelgar,2025-05-22,2021-01-06,no,56000,19,2025-05-20,post,https://www.facebook.com/share/p/1XXEroyzbg/,18,56,,0,0,0,0,0,0,0,"Ni el propio masismo toma en serio esta candidatura.
Colocan de postulante al que es probablemente la figura más impopular del gobierno de Arce, en Santa Cruz (disputan… Ver más"
Paola Aguirre ,https://www.facebook.com/paolaaguirremelgar,2025-06-03,2021-01-06,no,56000,19,2025-05-27,post,https://www.facebook.com/share/p/16QkHYqwfG/,24,104,1000,708,335,0,0,0,0,21,"Hoy 27 de mayo, celebramos al ser que Dios eligió para concebir y formar vida.
En este día especial quiero agradecer y bendecir la… Ver más"
Paola Aguirre ,https://www.facebook.com/paolaaguirremelgar,2025-06-03,2021-01-06,no,56000,19,2025-05-29,post,https://www.facebook.com/share/p/14TYB5vZ9q/,20,55,239,218,16,3,1,0,0,1,"La política bien practicada es un arte. Las improvisaciones no funcionan y en tiempos de crisis, ¡menos aún!"
Paola Aguirre ,https://www.facebook.com/paolaaguirremelgar,2025-06-03,2021-01-06,no,56000,19,2025-05-31,post,https://www.facebook.com/share/p/18zApL9p4E/,8,6,109,85,24,0,0,0,0,0,"Celebrando una de las labores humanas más nobles y trascendentes: la docencia Universitaria
Plantel de Profesores de la Carrera de Derecho-Universidad Católica Bolivian… Ver más"
Paola Aguirre ,https://www.facebook.com/paolaaguirremelgar,2025-06-03,2021-01-06,no,56000,19,2025-06-03,post,2025-06-03,11,14,138,110,27,1,0,0,0,0,
Paola Aguirre ,https://www.facebook.com/paolaaguirremelgar,2025-06-10,2021-01-06,no,56000,19,2025-06-03,post,2025-06-03,0,0,19,0,0,0,0,0,0,0,
Paola Aguirre ,https://www.facebook.com/paolaaguirremelgar,2025-06-10,2021-01-06,no,56000,19,2025-06-05,post,https://www.facebook.com/share/p/1G1jyUqkM3/,44,116,282,0,0,0,0,0,0,0,"Evo Morales, describiéndose a sí mismo y describiendo al gobierno que presidió y que, entre otras proezas del Estado Plurinacional, prostituyó la justicia a niveles de … Ver más"
Paola Aguirre ,https://www.facebook.com/paolaaguirremelgar,2025-06-10,2021-01-06,no,56000,19,2025-06-06,post,https://www.facebook.com/share/p/19GuvURTpF/,1,15,113,0,0,0,0,0,0,0,"¡Feliz día querido Maestro!
A quien me enseñó la ciencia del Derecho Penal con integridad y pasión. A quien me enseñó a enseñar. … Ver más"
Paola Aguirre ,https://www.facebook.com/paolaaguirremelgar,2025-06-10,2021-01-06,no,56000,19,2025-06-07,post,https://www.facebook.com/paolaaguirremelgar/posts/pfbid02AEbZHB3JvRuqx28AjWNVytm3Fpbqoq2SAHaqmDQLoXDukvmMts52vx2at9ThTWaFl,173,16,297,0,0,0,0,0,0,0,
Paola Aguirre ,https://www.facebook.com/paolaaguirremelgar,2025-06-10,2021-01-06,no,56000,19,2025-06-08,post,https://www.facebook.com/share/v/19YVxftACx/,13,163,1200,0,0,0,0,0,0,0,"¡Feliz cumpleaños feliz Flavita del alma mía!  
 
 
 
 Dios y la Virgen cuiden y guíen siempre tus pasos y te regalen amor, bienestar, salud, alegría y felicidad plena… Ver más"
