nombre perfil,url perfil,snapshot_date,creación del perfil,candidato identificado,seguidores,seguidos,fecha post,tipo de post,url post,comparticiones,comentarios,reacciones en total,me gusta,me encanta,me divierte,me entristece,me sorprende,me enoja,me importa,contenido
CINTIA MONICA PUERTA CAMPOS,https://www.facebook.com/cintiamonica.puertacampos,2025-07-23,,no,0,0,2025-07-16,reel,/reel/1413869046503131/?s=single_unit&__cft__[0]=AZWkYzzZpVE-jz9nfpFzCask_5lfIntimptt3rFvrBUQr6_gA2cg6hzX_Ef9l3SpPhE7Xop0bJyaA0mLbg4B6RnpcqE9sP4H6znWhIidlkp1NmVlcOZApEpfG-qj3oSVXP2T9ZCyNsrj7FmoxfJosFTqMJKcVTza5CKQVTrkFQJYUhaQNh5ANnTY6sildSUTXws&__tn__=H-R,0,0,0,0,0,0,0,0,0,0,
CINTIA MONICA PUERTA CAMPOS,https://www.facebook.com/cintiamonica.puertacampos,2025-07-23,,no,0,0,2025-07-17,post,https://www.facebook.com/share/v/18zYyHcHY6/,0,0,2,0,0,0,0,0,0,0,"Muy buena explicación, es nuestra mejor opción, votar por una Bolivia llena de bienestar para todos. Rodrigo Paz Pereira Presidente y Capitán Lara Vicepresidente una dupla del pueblo. Viva Bolivia!!! Y viva Pando!!!"
CINTIA MONICA PUERTA CAMPOS,https://www.facebook.com/cintiamonica.puertacampos,2025-07-23,,no,0,0,2025-07-17,post,https://www.facebook.com/share/p/1BUvSMQHfp/,0,1,11,6,4,0,0,0,0,1,"Ya apareció mi sobrina!!! Sana y salva, gracias a Dios!!!"
CINTIA MONICA PUERTA CAMPOS,https://www.facebook.com/cintiamonica.puertacampos,2025-07-23,,no,0,0,2025-07-17,post,https://www.facebook.com/share/p/1ArdosR8na/,12,0,17,8,0,0,9,0,0,0,"Ayudemos a compartir es mi sobrina!  Dios quiera que aparezca sana y salva, amén!"
CINTIA MONICA PUERTA CAMPOS,https://www.facebook.com/cintiamonica.puertacampos,2025-07-23,,no,0,0,2025-07-18,post,https://www.facebook.com/share/p/1EFvcWnCpf/,0,0,12,11,1,0,0,0,0,0,"Les presento a la señora Aidia Luz, candidata 2da diputada titular Plurinomimal de Pando  del PDC : Es una mujer guerrera, tiene la discapacidad visual, y pese a su condición salio profesional de Abogado de la Universidad Amazónica de Pando, es una madre ejemplar que saca sola a sus hijos adelante y con dignidad, ella representará como inclusión a los sectores vulnerables que son personas con discapacidad, con ella tendrán la vos de representación en el parlamento, trabajando… Ver más"
CINTIA MONICA PUERTA CAMPOS,https://www.facebook.com/cintiamonica.puertacampos,2025-07-23,,no,0,0,2025-07-21,post,https://www.facebook.com/share/p/1BzMDMpzN6/,2,6,22,0,0,0,0,0,0,0,"Desde el Viernes nos fuimos una avanzada al municipio de Filadelfia, llegamos hasta la comunidad El Chive, desde ai partimos hasta Cobija, nos faltó tiempo para ingresar a más  comunidades, regresaremos, gracias a quienes nos recibieron y nos escucharon las propuesta del Binomio del pueblo Rodrigo Paz Pereira Presidente y Edman Lara Montaño Vicepresidente, estamos seguros que ganaremos, sus votos serán por una Bolivia digna, sin corrupción, de bienestar y progreso para todos.… Ver más"
CINTIA MONICA PUERTA CAMPOS,https://www.facebook.com/cintiamonica.puertacampos,2025-07-23,,no,0,0,2025-07-22,post,https://www.facebook.com/share/v/1ARnfkax9N/,4,1,8,5,3,0,0,0,0,0,"Y más candidatos por nuestro Departamento Pando, gente comprometida que estaremos para levantar la mano por el  progreso y bienestar de todos. Rodrigo Paz Pereira Presidente Capitán Edman Lara Vicepresidente, unidos con el voto para vivir un cambio rotundo y nuestra Bolivia  vista internacionalmente sin corrupción. Viva Bolivia!!! y Viva Pando !!!!!"
CINTIA MONICA PUERTA CAMPOS,https://www.facebook.com/cintiamonica.puertacampos,2025-07-23,,no,0,0,2025-07-22,post,https://www.facebook.com/share/v/1Heqg3Peay/,4,5,11,7,4,0,0,0,0,0,"Aquí, gente nueva, con propósito de representar al Departamento Pando, con Rodrigo Paz Pereira  Presidente y Edman Lara Vicepresidente, Bolivia nos necesita!!! Viva Pando!!"
