nombre perfil,url perfil,candidato identificado,creación del perfil,seguidores,seguidos,fecha post,tipo de post,url post,comparticiones,comentarios,reacciones en total,me gusta,me encanta,me divierte,me entristece,me sorprende,me enoja,me importa,contenido
Rosario Callejas,https://www.facebook.com/RosarioCallejasConcejalGremial,no,2021-01-11,8400,83,2025-07-08,post,https://www.facebook.com/share/p/19h4AfueLy/,8,1,37,33,0,1,1,1,1,0,"No aceptamos una democracia sin pueblo, sin territorio, sin cultura y sin representación verdadera. … Ver más"
Rosario Callejas,https://www.facebook.com/RosarioCallejasConcejalGremial,no,2021-01-11,8400,83,2025-07-09,post,https://www.facebook.com/share/v/1B6i2cBTuH/,2,0,26,24,0,1,0,0,1,0,¡BASTA DE MENTIRAS Y MAL GOBIERNO!… Ver más
Rosario Callejas,https://www.facebook.com/RosarioCallejasConcejalGremial,no,2021-01-11,8400,83,2025-07-10,post,https://www.facebook.com/share/v/16iwqnG2ur/,164,53,485,0,0,0,0,0,0,0,"Evo representa la voz de los humildes, de los excluidos, de los que nunca fueron escuchados. … Ver más"
Rosario Callejas,https://www.facebook.com/RosarioCallejasConcejalGremial,no,2021-01-11,8400,83,2025-07-11,post,https://www.facebook.com/share/p/1AxTaV1fbP/,2,3,38,35,3,0,0,0,0,0,Este viernes llevamos adelante la lectura de correspondencia de la Comisión de Defensa Ciudadana … Ver más
Rosario Callejas,https://www.facebook.com/RosarioCallejasConcejalGremial,no,2021-01-11,8400,83,2025-07-12,post,https://www.facebook.com/share/v/15gfKi88vP/,0,0,23,20,3,0,0,0,0,0," ¡Feliz cumpleaños hermano Querido! 
hoy celebro tu vida con todo mi corazón. Gracias por estar siempre, por tu apoyo, tus consejos y ese cariño incondicional que s… Ver más"
Rosario Callejas,https://www.facebook.com/RosarioCallejasConcejalGremial,no,2021-01-11,8400,83,2025-07-14,post,https://www.facebook.com/share/p/1AzBvQt8bq/,6,5,42,33,2,6,0,0,0,1," Sin Evo, no hay elecciones libres
¡Democracia sí, exclusión no!… Ver más"
Rosario Callejas,https://www.facebook.com/RosarioCallejasConcejalGremial,no,2021-01-11,8400,83,2025-07-15,post,https://www.facebook.com/RosarioCallejasConcejalGremial/videos/1189600662936945/,6,1,13,8,1,0,3,0,1,0,"Bolivia atraviesa una profunda crisis económica provocada por la ineficiencia y mala gestión del gobierno de Luis Arce. 
La escasez de dólares, el alza de precios, la f… Ver más"
