nombre perfil,url perfil,creación del perfil,seguidores,seguidos,fecha post,url post,comparticiones,reacciones en total,me gusta,me encanta,me divierte,me entristece,me sorprende,me enoja,me importa,contenido
Ciberwarmis - Mujeres ayudando a mujeres,https://www.facebook.com/Ciberwarmis.bo,2020-04-21,11000,0,2025-05-16,not-found-post-url-77036,0,0,0,0,0,0,0,0,0,Entrega reconocimiento
Ciberwarmis - Mujeres ayudando a mujeres,https://www.facebook.com/Ciberwarmis.bo,2020-04-21,11000,0,2025-05-19,not-found-post-url-139481,0,0,0,0,0,0,0,0,0,"¡Se logró!
El Presidente Donald Trump Promulga ""Take It Down Act"".
¡E… Ver más"
