nombre perfil,url perfil,snapshot_date,creación del perfil,candidato identificado,seguidores,seguidos,fecha post,url post,comparticiones,comentarios,reacciones en total,me gusta,me encanta,me divierte,me entristece,me sorprende,me enoja,me importa,contenido
ROSS MARY BRAVO SALAZAR,https://www.facebook.com/RBSVGR/,2025-06-05,,sí,0,0,2025-01-03,https://www.facebook.com/share/v/1CcXqPGY7T/,0,0,4,4,0,0,0,0,0,0,
ROSS MARY BRAVO SALAZAR,https://www.facebook.com/RBSVGR/,2025-06-05,,sí,0,0,2025-01-04,/reel/1563121807673505/?s=single_unit&__cft__[0]=AZUVoG6-CuV5I8FeE5nU3iq5mh-m01L6jdXaYECzaFHKzE_-KWu3iTanjLDyK0tY6RmWdb8AiBw-zwsSeqpXTHOc44QpHqc9pduTvPIH0nNCBIL20-G3ORN5jZkkvw6kLMsDGiePKxh4QjKfS5wYVt7PGfRyDcEAi-ougQB_BDeUXdalr0kscmPP1cppy0i1UoI&__tn__=H-R,0,0,0,0,0,0,0,0,0,0,
ROSS MARY BRAVO SALAZAR,https://www.facebook.com/RBSVGR/,2025-06-05,,sí,0,0,2025-01-04,/reel/1238800123848046/?s=single_unit&__cft__[0]=AZUhy50tYIcp80iiW1uo93a5xTUjRl2lYGVS6aeOUilyTHz85WL7D2-k0yu4C0CL1SoaLOVCGKQcJQ7pd4pYW8OL_xmjYtgr8blaKZmXgzMdFzoYbPOn8sz6xVg4m5Tmx9QzzwSdZ2_0p6o4fEUgOmuYFu4kZtM41aG4SFUmZkAu6SEyIcYtKbVJf5fWCBGFux4&__tn__=H-R,0,0,0,0,0,0,0,0,0,0,
ROSS MARY BRAVO SALAZAR,https://www.facebook.com/RBSVGR/,2025-06-05,,sí,0,0,2025-01-05,/reel/1251788615883636/?s=single_unit&__cft__[0]=AZUivHTtNy4HMy90Qh8GuGkbvvVBI6mv58pXPxt74vtGwSmwoBQmLc1xfRqMTWaCD9vd_oLxiN80dpxzlkpN2MYai6fmxuOhIW5pgGlVTWGeDQ-nK4O6uNLHjX6GVRgyXfM5tYjEbNrEDuEFlsckZD0XsuurBV2fLRoIN8hykVOTeI1dpyDo7mq8E0YSTBUk9xM&__tn__=H-R,3,1,19,19,0,0,0,0,0,0,
ROSS MARY BRAVO SALAZAR,https://www.facebook.com/RBSVGR/,2025-06-05,,sí,0,0,2025-01-06,/reel/1118899886309681/?s=single_unit&__cft__[0]=AZWQWvqIpe82Uv5kpLdJcM8j0kGmsFL-Rp5NRMoxCRBFwu9ViS1_1WK6Nqvp4JHoaCbpoCNyFuzH6EN9_Tf1qh5AFJg_Dxc3vJ9dWUrgm7faiYrP168nHwtJSVCDbZpERZm4SzvLsdT-3V6X1rCOH-damCSDLVNJ85Gvip4UGzsvE077H74GQZuTpfaiULrtgVs&__tn__=H-R,1,1,56,56,0,0,0,0,0,0,
ROSS MARY BRAVO SALAZAR,https://www.facebook.com/RBSVGR/,2025-06-05,,sí,0,0,2025-01-06,https://www.facebook.com/share/p/16ZMm8vQ6o/,5,4,61,53,6,2,0,0,0,0,"#RossMaryBravo | | En la histórica Casa de la Libertad de nuestra capital del Estado, acompañamos a nuestro hermano presidente Lucho Arce, para una Reivindicación Histórica del Bicentenario, donde participaron también el vicepresidente del Estado Plurinacional, Jilata David Choquehuanca, la ministra Esperanza Guevara, el ministro Omar Veliz, gobernadores, alcaldes y concejales de diferentes departamentos del país. 
#2025BicentenarioDeBolivia
#SoñamosLuchamosYVencemos"
ROSS MARY BRAVO SALAZAR,https://www.facebook.com/RBSVGR/,2025-06-05,,sí,0,0,2025-01-11,https://www.facebook.com/share/p/15zRVSkvFj/,3,0,4,4,0,0,0,0,0,0,
ROSS MARY BRAVO SALAZAR,https://www.facebook.com/RBSVGR/,2025-06-05,,sí,0,0,2025-01-14,https://www.facebook.com/share/p/1C3GwmzkSu/,3,2,13,11,0,0,0,0,2,0,
ROSS MARY BRAVO SALAZAR,https://www.facebook.com/RBSVGR/,2025-06-05,,sí,0,0,2025-01-22,https://www.facebook.com/RBSVGR/posts/pfbid035YDtV5zd6fa1Ypq8nfTLDmv2exak2JY8mFmeP9w6XftAf7ZNWC6GsWSDq4krsM8xl,0,0,0,0,0,0,0,0,0,0,
ROSS MARY BRAVO SALAZAR,https://www.facebook.com/RBSVGR/,2025-06-05,,sí,0,0,2025-01-25,/reel/1766236020892217/?s=single_unit&__cft__[0]=AZWybui1lw5JnuZADkxOqdE-dzcTxQjfEaTYVFAL9SIz0R0fprlPOqjEoc5lr9t3MacwQmvlD-FRb8-7iSpj41l8rVM9wA1FQzyEOuix1wzIb3DcBZKOCDlMAdlM1hT1GwAlVaU4yrGwmesH0fbHftrgqFNt0iNxGrhyKEAUa24ckZ5dlAl2VOSra6cFABoer18&__tn__=H-R,0,0,8,8,0,0,0,0,0,0,
ROSS MARY BRAVO SALAZAR,https://www.facebook.com/RBSVGR/,2025-06-05,,sí,0,0,2025-01-28,https://www.facebook.com/share/p/1AczMjAZCD/,1,0,4,4,0,0,0,0,0,0,
ROSS MARY BRAVO SALAZAR,https://www.facebook.com/RBSVGR/,2025-06-05,,sí,0,0,2025-02-14,2025-02-14,0,0,5,5,0,0,0,0,0,0,
ROSS MARY BRAVO SALAZAR,https://www.facebook.com/RBSVGR/,2025-06-05,,sí,0,0,2025-02-19,https://www.facebook.com/share/p/1BTYb3bM4q/,0,0,2,2,0,0,0,0,0,0,
ROSS MARY BRAVO SALAZAR,https://www.facebook.com/RBSVGR/,2025-06-05,,sí,0,0,2025-02-27,https://www.facebook.com/share/p/1AcNdFxFZh/,0,0,2,2,0,0,0,0,0,0,
ROSS MARY BRAVO SALAZAR,https://www.facebook.com/RBSVGR/,2025-06-05,,sí,0,0,2025-03-05,/reel/980333054058153/?s=single_unit&__cft__[0]=AZUe4sMy0UPYYXu9HWU8Dt3D0tAjfqqzCHXE7O8tdMX0rT-cOUDzDQTDJg74XIDlP-aOJhxNl8bJBEPG5Gb5fvUQGvPub5XVTb_9tdcCLZLwj1uQfOoIp94SuLHAlbSjXQ8VnqW5C96Ie2GSYZt6M_sGXV8gVSVjynBCqC9excaPnmjfZVvkvP_nWSHazJvZ_Uc&__tn__=H-R,0,0,0,0,0,0,0,0,0,0,5 palabras que debes de decirle siempre a tus hijos ....
ROSS MARY BRAVO SALAZAR,https://www.facebook.com/RBSVGR/,2025-06-05,,sí,0,0,2025-03-12,/reel/645128788454874/?s=single_unit&__cft__[0]=AZUba8R5RzTU-epn122Jc9vGQwHJiiqRifLLy3-ZiPFi5G1bppuecSo0_NKRz-bLwGEYdGJ-WEvMhPZpi5PgHwtVWo12gxfg2Dvr499u30XieMjYkkdlF0A4ZXyoS0B3Y_7G0_4bTsVtn7Z7XCaziFdjRPRffPqSLmvVUIWIsABzzFr6qDtPecEUW0d0Ntjg7Ac&__tn__=H-R,0,0,0,0,0,0,0,0,0,0,Te amo mamá 🥺🙌🏼
ROSS MARY BRAVO SALAZAR,https://www.facebook.com/RBSVGR/,2025-06-05,,sí,0,0,2025-03-15,https://www.facebook.com/share/p/19XsHaN9ko/,1,0,4,3,0,0,0,0,0,1,
ROSS MARY BRAVO SALAZAR,https://www.facebook.com/RBSVGR/,2025-06-05,,sí,0,0,2025-03-16,https://www.facebook.com/share/p/18pKdnqDjS/,0,0,1,1,0,0,0,0,0,0,
ROSS MARY BRAVO SALAZAR,https://www.facebook.com/RBSVGR/,2025-06-05,,sí,0,0,2025-03-17,/reel/1187728819387168/?s=single_unit&__cft__[0]=AZVFFcS1hdVnwr19deHO9MeJZHhJQQiufizcMq20h46Te6SZl9ECoW45swyYC7jOJcEP19UXo_lZKQxq5jWMixaEpcg0XCAy5PUBBE9f6QNwIpQbfuzJ52SRUNEsxTvbqQLpe33IfA67WeaRCHcdI8I3ej1reVoPms0bRWqBsnhMuut5LVUPxEChX-2auY4WDDg&__tn__=H-R,0,0,0,0,0,0,0,0,0,0,
ROSS MARY BRAVO SALAZAR,https://www.facebook.com/RBSVGR/,2025-06-05,,sí,0,0,2025-03-26,https://www.facebook.com/share/p/1YdmVyyJfg/,0,0,6,6,0,0,0,0,0,0,
ROSS MARY BRAVO SALAZAR,https://www.facebook.com/RBSVGR/,2025-06-05,,sí,0,0,2025-03-28,https://www.facebook.com/share/p/16JV1YhuDk/,3,9,25,15,10,0,0,0,0,0,"#RossMaryBravo | | LA SECRETARIA GENERAL DE LA FEDERACION DEPARTAMENTAL BARTOLINA SISA DE CHUQUISACA PARTICIPA DEL ENCUENTRO DE LIDERES Y PROMOTORAS COMUNITARIAS EN SUCRE
La secretaría general de la Federación Departamental de Mujeres 'Bartolina Sisa' de Chuquisaca, Rossmery Bravo, participó en la ciudad de Sucre del Encuentro de Líderes con Incidencia Pública y Promotoras Comunitarias en Prevención de la Violencia, que contó con la participaron de más de 200 mujeres, además … Ver más"
ROSS MARY BRAVO SALAZAR,https://www.facebook.com/RBSVGR/,2025-06-05,,sí,0,0,2025-03-31,https://www.facebook.com/share/p/1ExHKZjhom/,0,0,12,12,0,0,0,0,0,0,
ROSS MARY BRAVO SALAZAR,https://www.facebook.com/RBSVGR/,2025-06-05,,sí,0,0,2025-04-08,https://www.facebook.com/share/p/1G3TgmnbLY/,2,0,6,6,0,0,0,0,0,0,
ROSS MARY BRAVO SALAZAR,https://www.facebook.com/RBSVGR/,2025-06-05,,sí,0,0,2025-04-08,https://www.facebook.com/share/p/16b7ZuHPmb/,0,0,3,3,0,0,0,0,0,0,
ROSS MARY BRAVO SALAZAR,https://www.facebook.com/RBSVGR/,2025-06-05,,sí,0,0,2025-04-24,https://www.facebook.com/share/p/1C9UdZ3jmh/,1,0,4,3,1,0,0,0,0,0,
ROSS MARY BRAVO SALAZAR,https://www.facebook.com/RBSVGR/,2025-06-05,,sí,0,0,2025-04-25,https://www.facebook.com/share/p/1BnMhwEKU2/,0,0,1,0,0,1,0,0,0,0,
ROSS MARY BRAVO SALAZAR,https://www.facebook.com/RBSVGR/,2025-06-05,,sí,0,0,2025-05-12,https://www.facebook.com/share/p/16DbRcbgW4/,1,4,13,12,0,0,0,1,0,0,
ROSS MARY BRAVO SALAZAR,https://www.facebook.com/RBSVGR/,2025-06-05,,sí,0,0,2025-05-13,2025-05-13,0,0,6,5,1,0,0,0,0,0,
ROSS MARY BRAVO SALAZAR,https://www.facebook.com/RBSVGR/,2025-06-05,,sí,0,0,2025-05-23,https://www.facebook.com/share/p/1CYcBovJCn/,0,0,1,1,0,0,0,0,0,0,
ROSS MARY BRAVO SALAZAR,https://www.facebook.com/RBSVGR/,2025-06-05,,sí,0,0,2025-05-24,https://www.facebook.com/share/p/16exHBPMan/,3,0,6,5,0,1,0,0,0,0,
ROSS MARY BRAVO SALAZAR,https://www.facebook.com/RBSVGR/,2025-06-05,,sí,0,0,2025-05-25,https://www.facebook.com/share/p/16XjSQf4PB/,0,0,5,4,0,0,0,0,1,0,
ROSS MARY BRAVO SALAZAR,https://www.facebook.com/RBSVGR/,2025-06-05,,sí,0,0,2025-05-28,/reel/2395896107446899/?s=single_unit&__cft__[0]=AZVknLEvJ48U97-ufCV8dUXgQpC2sjmNiSXPuSgKU8Kzo0EhRVNcggyZrXkpngH-hppvj6CJI3jtpobinhTi9C-JScFZoGi6plMXyb_klnMopwUXSQ_6ksaNP1iLYXxBZ1hANdEpY16Mrna5DDbzOl9A5aib1QuSIJHxWPngcIt_GejTbbSupxdBre1ZZ3QuGLU&__tn__=H-R,0,0,0,0,0,0,0,0,0,0,😉👇
ROSS MARY BRAVO SALAZAR,https://www.facebook.com/RBSVGR/,2025-06-02,,sí,0,0,2025-05-29,https://www.facebook.com/share/p/16TUWhN63u/,0,0,,1,0,0,0,0,0,0,
ROSS MARY BRAVO SALAZAR,https://www.facebook.com/RBSVGR/,2025-06-05,,sí,0,0,2025-05-29,https://www.facebook.com/share/p/16hMsKCn6T/,0,0,1,1,0,0,0,0,0,0,
ROSS MARY BRAVO SALAZAR,https://www.facebook.com/RBSVGR/,2025-06-02,,sí,0,0,2025-05-30,https://www.facebook.com/share/p/1XkR7e1nWJ/,0,1,,4,0,0,0,0,0,0,
ROSS MARY BRAVO SALAZAR,https://www.facebook.com/RBSVGR/,2025-06-05,,sí,0,0,2025-05-30,https://www.facebook.com/share/p/1F35LFRp7k/,0,1,5,5,0,0,0,0,0,0,
ROSS MARY BRAVO SALAZAR,https://www.facebook.com/RBSVGR/,2025-06-05,,sí,0,0,2025-05-31,https://www.facebook.com/share/p/19L335HTBo/,1,0,30,29,1,0,0,0,0,0,
ROSS MARY BRAVO SALAZAR,https://www.facebook.com/RBSVGR/,2025-06-02,,sí,0,0,2025-05-31,https://www.facebook.com/share/p/16afhGvkER/,1,0,,26,0,0,0,0,0,0,
ROSS MARY BRAVO SALAZAR,https://www.facebook.com/RBSVGR/,2025-06-05,,sí,0,0,2025-10-28,/reel/476147798776505/?s=single_unit&__cft__[0]=AZV2RbwelOns4j7aZgebaLY9k--UB4WY9fAM-O7iVhdheR6CeQJoCXCP-PpndTs5V-R7zGzA606Z1uHovreyDcoa67WP6bRHJ_U0LQ7g9Ck7w56SsyQUeKCjFMm5_MyGUsdqc3bG6dbPgg-NtkW8FYbU4IaZg6vCRtfIsrRFMDPRx7aK_OlACTyClus2rFRlSmo&__tn__=H-R,0,0,0,0,0,0,0,0,0,0,DENUNCIAN A CHOFER DE MICRO QUE EN FIN DE SEMANA NO ACEPTA COBRAR LA TARIFA ESCOLAR.
ROSS MARY BRAVO SALAZAR,https://www.facebook.com/RBSVGR/,2025-06-05,,sí,0,0,2025-12-27,/reel/2064867790623282/?s=single_unit&__cft__[0]=AZXYUbFbzKkoBAPkJ7yoZKUdMwFlqZ9kp_WxDoV7mDNzm7evaf2nQoqbQ93Lrfjzb1ZTPYVJhPcFI0rB7Q70CCF2_v21zPxv8ivZEceKg4-_VeskxQCD-ep0XZxBUFeJ6k1EDvbHgWK8wspojrFPC0iYoOHdoW7TcTwY2j5tYacOI49snt1wQpAsWp4hng9R2dY&__tn__=H-R,0,0,0,0,0,0,0,0,0,0,"Atención Sábados y domingos a partir de las 11:30 hrs. Estamos ubicados en Calle El Carmen #50 (Zona El Morro)
Pedidos y Reservas al 72867108"
