nombre perfil,url perfil,candidato identificado,creación del perfil,seguidores,seguidos,fecha post,tipo de post,url post,comparticiones,comentarios,reacciones en total,me gusta,me encanta,me divierte,me entristece,me sorprende,me enoja,me importa,contenido
Walaichas WASAS ,https://www.facebook.com/profile.php?id=100082900523964,no,2022-03-05,1700,18,2025-06-19,post,https://www.facebook.com/share/v/16LW5ghSLX/,8,0,50,22,28,0,0,0,0,0," Y al final... las locas y malas éramos las que sabíamos TODO
 
… Ver más"
Walaichas WASAS ,https://www.facebook.com/profile.php?id=100082900523964,no,2022-03-05,1700,18,2025-06-22,post,https://www.facebook.com/share/p/1C1mWoN3sd/,11,31,116,60,52,0,0,0,0,4," Warmi de Furia no llega suave, llega gritando...
… Ver más"
Walaichas WASAS ,https://www.facebook.com/profile.php?id=100082900523964,no,2022-03-05,1700,18,2025-06-23,post,https://www.facebook.com/share/p/1DV1ugjQZj/,0,0,8,3,0,0,5,0,0,0," Cuando una habla, muchas rompemos el silencio...
Nuestra compañera ha denunciado la violencia que vivió a manos de este agresor
 Le creemos, la cuidamos y la abrazam… Ver más"
Walaichas WASAS ,https://www.facebook.com/profile.php?id=100082900523964,no,2022-03-05,1700,18,2025-06-23,post,https://www.facebook.com/share/p/1CUt7C1NUt/,0,1,7,0,0,0,1,0,6,0," NO ES NORMAL TEMER POR NUESTRA VIDA
Nuestra compañera ha roto el silencio y ha denunciado públicamente las brutales agresiones que sufrió a manos de su ex pareja, R… Ver más"
