nombre perfil,url perfil,snapshot_date,creación del perfil,candidato identificado,seguidores,seguidos,fecha post,tipo de post,url post,comparticiones,comentarios,reacciones en total,me gusta,me encanta,me divierte,me entristece,me sorprende,me enoja,me importa,contenido
Jorge Copa,https://www.facebook.com/jorge.copa.716,2025-06-02,2017-04-27,no,3800,263,2025-05-27,post,https://www.facebook.com/share/p/1EGwjZfgmq/,0,0,0,0,0,0,0,0,0,0,
Jorge Copa,https://www.facebook.com/jorge.copa.716,2025-07-01,2017-04-27,no,3800,263,2025-06-26,post,https://www.facebook.com/share/p/1HxUj7vMnB/,0,0,1,1,0,0,0,0,0,0,
Jorge Copa,https://www.facebook.com/jorge.copa.716,2025-07-01,2017-04-27,no,3800,263,2025-06-30,post,https://www.facebook.com/share/p/19SqiRH9hv/,0,0,0,0,0,0,0,0,0,0,
Jorge Copa,https://www.facebook.com/jorge.copa.716,2025-07-08,2017-04-27,no,3800,263,2025-06-30,post,https://www.facebook.com/share/p/19HoToFiEW/,0,0,0,0,0,0,0,0,0,0,
