nombre perfil,url perfil,snapshot_date,creación del perfil,candidato identificado,seguidores,seguidos,fecha post,tipo de post,url post,comparticiones,comentarios,reacciones en total,me gusta,me encanta,me divierte,me entristece,me sorprende,me enoja,me importa,contenido
La Pesada Subversiva ,https://www.facebook.com/LaPesadaSubversiva,2025-06-11,2019-03-31,no,5200,0,2025-02-19,post,https://www.facebook.com/share/p/15iKQVnJim/,6,0,11,0,0,0,0,0,0,0,Seguimos cobrando lo que nos corresponde por derecho. Necesitamos el pago por los proyectos artísticos que realizamos de 2023 y 2024. … Ver más
La Pesada Subversiva ,https://www.facebook.com/LaPesadaSubversiva,2025-06-11,2019-03-31,no,5200,0,2025-03-06,post,https://www.facebook.com/share/p/18mrQGTUhF/,4,2,23,0,0,0,0,0,0,0,"Marcha del 8M este sábado 08 de marzo.
Santa Cruz de la Sierra … Ver más"
La Pesada Subversiva ,https://www.facebook.com/LaPesadaSubversiva,2025-06-11,2019-03-31,no,5200,0,2025-03-07,post,https://www.facebook.com/share/p/16rS5XXMYw/,1,0,1,0,0,0,0,0,0,0,Presentes en el 30° Aniversario del Colectivo Rebeldía 
La Pesada Subversiva ,https://www.facebook.com/LaPesadaSubversiva,2025-06-11,2019-03-31,no,5200,0,2025-03-10,post,https://www.facebook.com/share/v/198X3NNLqn/,10,0,43,0,0,0,0,0,0,0,Marcha del 8M Santa Cruz #Antipatriarcal #Feminismos #Diversidad #LuchaSocial #8M
La Pesada Subversiva ,https://www.facebook.com/LaPesadaSubversiva,2025-06-11,2019-03-31,no,5200,0,2025-03-11,post,https://www.facebook.com/share/p/1FP11Kcs9q/,24,2,67,0,0,0,0,0,0,0,"Manifiesto leído en la marcha del 8M 2025. Santa Cruz de la Sierra. 
La Pesada Subversiva. … Ver más"
La Pesada Subversiva ,https://www.facebook.com/LaPesadaSubversiva,2025-06-11,2019-03-31,no,5200,0,2025-04-02,post,https://www.facebook.com/share/p/1EKsaFM1MM/,9,0,16,0,0,0,0,0,0,0,"Convocatoria para el DRAGPALOOZA, rumbo a Revolución Orgullo 2025. 
.
.
.… Ver más"
La Pesada Subversiva ,https://www.facebook.com/LaPesadaSubversiva,2025-06-11,2019-03-31,no,5200,0,2025-05-17,post,https://www.facebook.com/share/p/1AkrBMFiZs/,12,0,29,0,0,0,0,0,0,0,"Hoy 17 de mayo, día mundial de lucha contra la homofobia, lesbofobia y transfobia, anunciamos con mucha emoción lo que será Revolución Orgullo 2025. Será una propuesta … Ver más"
La Pesada Subversiva ,https://www.facebook.com/LaPesadaSubversiva,2025-05-23,2019-03-31,no,5200,6,2025-05-17,post,not-found-post-url--149141,0,0,,0,0,0,0,0,0,0,"Hoy 17 de mayo, día mundial de lucha contra la homofobia, lesbofobia y transfobia, anunciamos con mucha emoción lo que será Revolución Orgullo 2025. Será una propuesta … Ver más"
La Pesada Subversiva ,https://www.facebook.com/LaPesadaSubversiva,2025-06-11,2019-03-31,no,5200,0,2025-05-28,post,https://www.facebook.com/share/p/1CCZe32ceg/,6,0,33,0,0,0,0,0,0,0,"Ya estamos trabajando en el Museo de Arte Contemporáneo de Santa Cruz de la Sierra, preparando todo para Revolución Orgullo 2025.… Ver más"
La Pesada Subversiva ,https://www.facebook.com/LaPesadaSubversiva,2025-06-02,2019-03-31,no,5200,0,2025-05-28,post,https://www.facebook.com/share/p/1EkVcs9Kw3/,6,0,,17,10,0,0,0,0,2,"Ya estamos trabajando en el Museo de Arte Contemporáneo de Santa Cruz de la Sierra, preparando todo para Revolución Orgullo 2025.… Ver más"
La Pesada Subversiva ,https://www.facebook.com/LaPesadaSubversiva,2025-06-02,2019-03-31,no,5200,0,2025-05-31,post,https://www.facebook.com/share/p/198Cx82VLx/,5,0,,10,7,0,0,0,0,3,"Revolución Orgullo, presente en la agenda de actividades culturales de la Secretaría Municipal de Cultura y Turismo de Santa Cruz de la Sierra. … Ver más"
La Pesada Subversiva ,https://www.facebook.com/LaPesadaSubversiva,2025-06-11,2019-03-31,no,5200,0,2025-06-02,post,https://www.facebook.com/share/p/16SicHdhhv/,52,0,97,0,0,0,0,0,0,0,"La esquina del Museo de Arte Contemporáneo de Santa Cruz de la Sierra, anuncia la pronta inauguración de la muestra de arte Revolución Orgullo, con un colorido paso de … Ver más"
La Pesada Subversiva ,https://www.facebook.com/LaPesadaSubversiva,2025-06-02,2019-03-31,no,5200,0,2025-06-02,post,https://www.facebook.com/share/p/192RPD4So2/,11,0,,15,13,0,0,0,0,2,"La esquina del Museo de Arte Contemporáneo de Santa Cruz de la Sierra, anuncia la pronta inauguración de la muestra de arte Revolución Orgullo, con un colorido paso de … Ver más"
La Pesada Subversiva ,https://www.facebook.com/LaPesadaSubversiva,2025-06-11,2019-03-31,no,5200,0,2025-06-03,post,https://www.facebook.com/LaPesadaSubversiva/posts/pfbid031Znvp6ys7j93NEqudURAtGf23W3LHyEnjEiaDgwtHhLy1DwUwhnB3KqZKrZRxymal,1,0,36,0,0,0,0,0,0,0,"Hermoso todo. Gracias El Deber, por la cobertura. "
La Pesada Subversiva ,https://www.facebook.com/LaPesadaSubversiva,2025-06-11,2019-03-31,no,5200,0,2025-06-03,post,https://www.facebook.com/share/v/1HENChodSw/,103,215,310,0,0,0,0,0,0,0,"No tenemos miedo. Vamos a seguir resistiendo.
.… Ver más"
La Pesada Subversiva ,https://www.facebook.com/LaPesadaSubversiva,2025-06-11,2019-03-31,no,5200,0,2025-06-03,post,https://www.facebook.com/share/v/12LSrPQoamx/,11,4,57,0,0,0,0,0,0,0,"Nos vemos en la inauguración de Revolución Orgullo. Sábado 7 de junio, 19:30 
Museo de Arte Contemporáneo.… Ver más"
La Pesada Subversiva ,https://www.facebook.com/LaPesadaSubversiva,2025-06-11,2019-03-31,no,5200,0,2025-06-04,post,https://www.facebook.com/share/p/16boSY6KsZ/,31,16,140,0,0,0,0,0,0,0,"Volveremos a pintar el paso de cebras color arcoiris con una acción colectiva este viernes 6 de junio a las 19 horas, en la víspera de la inauguración. Les esperamos.
.… Ver más"
La Pesada Subversiva ,https://www.facebook.com/LaPesadaSubversiva,2025-06-11,2019-03-31,no,5200,0,2025-06-05,post,https://www.facebook.com/share/v/1AdT2E1iCZ/,3,1,56,0,0,0,0,0,0,0,Defendiendo el paso de cebras arcoíris. Revolución Orgullo 2025.… Ver más
La Pesada Subversiva ,https://www.facebook.com/LaPesadaSubversiva,2025-06-11,2019-03-31,no,5200,0,2025-06-05,post,https://www.facebook.com/share/v/15ZUoawUsw/,10,8,59,0,0,0,0,0,0,0,"Nos vemos en el repintado de cebras. Viernes seis de junio, calle Sucre esquina Potosí. 19:00… Ver más"
La Pesada Subversiva ,https://www.facebook.com/LaPesadaSubversiva,2025-06-11,2019-03-31,no,5200,0,2025-06-05,post,https://www.facebook.com/share/p/15UMFKGNS2/,10,3,113,0,0,0,0,0,0,0,María Galindo interviene las cebras en Santa Cruz.
La Pesada Subversiva ,https://www.facebook.com/LaPesadaSubversiva,2025-06-11,2019-03-31,no,5200,0,2025-06-06,post,https://www.facebook.com/share/p/16KkzUqEib/,16,6,74,0,0,0,0,0,0,0,"Este sábado será la inauguración de Revolución Orgullo. La fuerza de nuestras luchas está en la resistencia colectiva. El odio no pasará, y si pasa, lo vamos a enfrenta… Ver más"
La Pesada Subversiva ,https://www.facebook.com/LaPesadaSubversiva,2025-06-11,2019-03-31,no,5200,0,2025-06-06,post,https://www.facebook.com/share/p/15oQKoSBcp/,1,1,26,0,0,0,0,0,0,0,
La Pesada Subversiva ,https://www.facebook.com/LaPesadaSubversiva,2025-06-11,2019-03-31,no,5200,0,2025-06-06,post,https://www.facebook.com/share/v/1VLXndoTcC/,10,30,83,0,0,0,0,0,0,0,"Seguimos en lucha. Nos vemos en Revolución Orgullo 2025, 7 de junio 19:30 Museo de Arte Contemporáneo, calle Sucre esquina Potosí.
.… Ver más"
La Pesada Subversiva ,https://www.facebook.com/LaPesadaSubversiva,2025-06-11,2019-03-31,no,5200,0,2025-06-07,post,https://www.facebook.com/share/p/19QgRkcDCe/,17,65,380,0,0,0,0,0,0,0,"Revolución Orgullo 2025. Nuestros colores más fuertes que nunca, nuestras luchas no se pueden borrar. 
.… Ver más"
La Pesada Subversiva ,https://www.facebook.com/LaPesadaSubversiva,2025-06-11,2019-03-31,no,5200,0,2025-06-07,post,https://www.facebook.com/share/p/1aLCAeEycL/,1,1,54,0,0,0,0,0,0,0,"La espera ha terminado. Hoy se inaugura REVOLUCIÓN ORGULLO 2025. Una mirada diversa y disidente sobre el Bicentenario de Bolivia. Sábado 7 de junio, 19:30. Museo de Art… Ver más"
La Pesada Subversiva ,https://www.facebook.com/LaPesadaSubversiva,2025-06-11,2019-03-31,no,5200,0,2025-06-09,post,https://www.facebook.com/share/p/15befxGVeQ/,16,6,154,0,0,0,0,0,0,0,"REVOLUCIÓN ORGULLO 2025, éxito ROTUNDO, aproximadamente 1200 personas en el evento de inauguración. Santa Cruz es LGBTIQ, plural, feminista y orgullosa de su diversidad… Ver más"
La Pesada Subversiva ,https://www.facebook.com/LaPesadaSubversiva,2025-06-11,2019-03-31,no,5200,0,2025-06-10,post,https://www.facebook.com/share/v/16mV27Whe8/,13,0,51,0,0,0,0,0,0,0,1200 personas en la inauguración de Revolución Orgullo. Queda demostrado que Santa Cruz elige el amor y la diversidad ante el odio y la violencia. Seguiremos resistiend… Ver más
