nombre perfil,url perfil,snapshot_date,creación del perfil,candidato identificado,seguidores,seguidos,fecha post,tipo de post,url post,comparticiones,comentarios,reacciones en total,me gusta,me encanta,me divierte,me entristece,me sorprende,me enoja,me importa,contenido
Carola Antezana,https://www.facebook.com/carola.a.pantoja,2025-06-17,,no,586,0,2025-02-14,post,https://www.facebook.com/share/p/16Qeq3HgPB/,0,5,17,3,1,0,6,5,1,1,Gripe maldita gripe!!!
Carola Antezana,https://www.facebook.com/carola.a.pantoja,2025-06-17,,no,586,0,2025-02-15,post,https://www.facebook.com/share/p/1HPaWjjQ6S/,0,36,69,37,26,0,0,0,0,6,"Feliz cumple Maaaaa
Eres la mejor del mundo mundial.
Dios te bendiga siempre mamita.
Te amamos con todo nuestro corazón"
Carola Antezana,https://www.facebook.com/carola.a.pantoja,2025-06-17,,no,586,0,2025-02-19,post,https://www.facebook.com/share/p/1CP2ZzPVYP/,0,1,25,22,3,0,0,0,0,0,Lindo verte Valeria Vega el tiempo no pasa.
Carola Antezana,https://www.facebook.com/carola.a.pantoja,2025-06-17,,no,586,0,2025-02-24,post,https://www.facebook.com/share/v/1BX9U9ojzy/,1,2,7,0,0,0,0,0,0,0,"Mañana hay esta convocatoria paceños basta de ser indiferentes
Estos HDP SON EL COLMO"
Carola Antezana,https://www.facebook.com/carola.a.pantoja,2025-06-17,,no,586,0,2025-02-25,post,https://www.facebook.com/share/p/1BzvDxqAp1/,0,0,0,0,0,0,0,0,0,0,
Carola Antezana,https://www.facebook.com/carola.a.pantoja,2025-06-17,,no,586,0,2025-02-25,post,https://www.facebook.com/share/p/1XVVxbvTgo/,1,0,4,1,0,0,1,0,1,1,Hasta cuando seguirá privado de libertad???
Carola Antezana,https://www.facebook.com/carola.a.pantoja,2025-06-17,,no,586,0,2025-03-02,post,https://www.facebook.com/share/p/1FiQ5Nym5D/,0,6,40,29,10,0,0,0,0,1,"Con el tiempo he aprendido que ser consecuente con lo que pienso y digo no es solo una cuestión de ideología, sino de carácter. La vida te pone constantemente en situaciones donde es más fácil ceder, callar o incluso traicionarte a ti mismo por conveniencia. Pero cada vez que lo haces, pierdes un poco de tu esencia.
No siempre es fácil. Ser firme en tus principios puede costarte amistades, oportunidades e incluso tranquilidad. Pero ta… Ver más"
Carola Antezana,https://www.facebook.com/carola.a.pantoja,2025-06-17,,no,586,0,2025-03-08,post,https://www.facebook.com/share/p/14FStff5jY1/,7,5,61,50,10,0,0,1,0,0,"8M??????
LA VERDAD no me importa el 8M porque creo que la verdadera lucha por los derechos de las mujeres debe centrarse en la autonomía, la libertad individual y el respeto por la vida. .
Para mí, el 8M se ha convertido en una fecha donde se promueven políticas estatistas y colectivistas que no empoderan a las mujeres, sino que las sitúan como víctimas dependientes del Estado. La verdadera liberación femenina se encuentra en la libertad de elección, pero esa elección debe re… Ver más"
Carola Antezana,https://www.facebook.com/carola.a.pantoja,2025-06-17,,no,586,0,2025-03-10,post,https://www.facebook.com/share/p/1HkNPHWy7P/,0,14,44,24,19,0,0,0,0,1,"Princesa de mi vida mil felicidades mi amor que Dios te bendiga siempre.
María Renee Antezana
Eres una estrella que nos da vida te amo!!!"
Carola Antezana,https://www.facebook.com/carola.a.pantoja,2025-06-17,,no,586,0,2025-03-13,post,https://www.facebook.com/share/v/1JSMk9XiF8/,1,40,76,26,40,0,0,0,0,10,"Mi vida, mi princesa, tan solo ayer te vi entre mis brazos, tan solo ayer empezaste a caminar agarrada de mi dedo, tan solo ayer te vi entrando al cole, tan solo ayer eras una bebé que llegó a mi vida para completar mi CÍRCULO, tan sólo ayer escuché la palabra Mamá 
Contigo empecé a escribir una historia mágica y que aún seguimos en la travesía de contar juntas historias maravillosas.
15 años juntas princesa
15 años riendo, llorando etc etc Juntas.
Doy gracias a Dios por hab… Ver más"
Carola Antezana,https://www.facebook.com/carola.a.pantoja,2025-06-17,,no,586,0,2025-03-14,post,https://www.facebook.com/share/p/19ha38i7cK/,1,5,38,13,17,0,0,0,0,8,"Mi vida fueron días maravillosos, gracias por hacer todo lo que estas haciendo te amo mi amor.
Hasta fin de año y toda mi vida te esperaré.
Te voy a extrañar pero se que pronto estaremos juntos luchando por la Paz Libre y Por Bolivia VLLC 
Vamos con todo Daniel Cisneros Ilijic Te amo"
Carola Antezana,https://www.facebook.com/carola.a.pantoja,2025-06-17,,no,586,0,2025-03-20,post,https://www.facebook.com/share/p/16fJEcHJAy/,0,4,12,3,8,0,0,0,0,1,"Un hermoso recuerdo amigas de la Vida, Aunque ahora tenemos un angelito que está en el cielo acompañándonos siempre recordándote Erika Jenny
Y ustedes parte de mi vida Katerina Poppe Claudia Columba Cabezas y Ximena Navarro-Claros"
Carola Antezana,https://www.facebook.com/carola.a.pantoja,2025-06-17,,no,586,0,2025-03-20,post,https://www.facebook.com/share/p/1Asnrt9eBQ/,0,15,43,28,7,8,0,0,0,0,Y así de simple 
Carola Antezana,https://www.facebook.com/carola.a.pantoja,2025-06-17,,no,586,0,2025-03-22,reel,/reel/1005985004927127/?s=single_unit&__cft__[0]=AZUFri7d_EjxSkQdAObWmkdQAf90tFibs0FrvlH4vfeHynCZYEY0VziF0W377knvmoc7jD9pVNm4zjYwnRzN2EibagbPLm82eYocQ_9RG6ztbzNyZPeXelBGte-gcW9RoWkbbXfRDDBLnCPkxSReyqlVNJAsgk3WDnWBv_WNjzvPxQSLZERmkPBd33W974YO7XA&__tn__=H-R,0,0,0,0,0,0,0,0,0,0,Has tu pedido
Carola Antezana,https://www.facebook.com/carola.a.pantoja,2025-06-17,,no,586,0,2025-03-27,post,https://www.facebook.com/share/p/1EWiT28HgL/,0,0,2,1,1,0,0,0,0,0,Atención Amigos
Carola Antezana,https://www.facebook.com/carola.a.pantoja,2025-06-17,,no,586,0,2025-04-03,post,https://www.facebook.com/share/p/1Hk7zXBQWe/,0,1,14,10,4,0,0,0,0,0,"XAVIER ALCALDE LIBERAL Libertario el primero en abrazar las ideas de la libertad y devolverle la dignidad al paceño y volvernos grandes nuevamente... por eso hagamos Nuevamente a La Paz Grande!!!
 No apostemos por los mismos de siempre o por aquellos que formaron partes de proyectos socialistas o como el movimiento al socialismo que destruyeron nuestra ciudad!!!
Fuimos testigos de la pésima gestión y creo que de la más mala que hubo desde hace unos 40 años, con los socialista… Ver más"
Carola Antezana,https://www.facebook.com/carola.a.pantoja,2025-06-17,,no,586,0,2025-04-03,post,https://www.facebook.com/share/p/1CVA6K8NRa/,0,0,1,1,0,0,0,0,0,0,Imperdible
Carola Antezana,https://www.facebook.com/carola.a.pantoja,2025-06-17,,no,586,0,2025-04-04,post,https://www.facebook.com/share/p/16XJKiCQZe/,2,1,24,17,7,0,0,0,0,0,Excelente Xavier Iturralde felicidades
Carola Antezana,https://www.facebook.com/carola.a.pantoja,2025-06-17,,no,586,0,2025-04-07,reel,/reel/649338304389055/?s=single_unit&__cft__[0]=AZWtGamMwnkJiEkIFrSQbcKk0pkyH9XRgFt9Gd9w9CTKbugW4puz7OFYJVek6SSmEJ2W-sQ-3Nvzvvq6x5_GcAMUK5Zz_zzNJnQYCiOklunuxjTp8ppfv5JyUgNRdyvRgQcyzZ1f9_j47q2DB1phIdWDLRdP7r_5ljqcDtrpsIp4OWVKj5au_JFles6VvFyxiX4&__tn__=H-R,0,0,0,0,0,0,0,0,0,0,
Carola Antezana,https://www.facebook.com/carola.a.pantoja,2025-06-11,,no,586,0,2025-04-09,post,https://www.facebook.com/share/p/1CMpu7G5hG/,0,2,2,0,0,0,0,0,0,0,"Hola Amigos..
Ayudaaaaaa
Alguien conoce un profesor que sea de química pero en alemán por favor urgente les pido referencias"
Carola Antezana,https://www.facebook.com/carola.a.pantoja,2025-06-17,,no,586,0,2025-04-09,post,https://www.facebook.com/share/p/1EGmvWjJrh/,0,2,2,2,0,0,0,0,0,0,"Hola Amigos..
Ayudaaaaaa
Alguien conoce un profesor que sea de química pero en alemán por favor urgente les pido referencias"
Carola Antezana,https://www.facebook.com/carola.a.pantoja,2025-06-11,,no,586,0,2025-04-12,post,https://www.facebook.com/share/p/14EpqetxmVW/,0,3,25,0,0,0,0,0,0,0,"Feliz día del niño a mis dos ángeles que me dieron vida.
Aunque ya no son niños siempre ante los ojos de una madre serán siempre siempre sus niños favoritos.
Los Amo!!! Su mamá"
Carola Antezana,https://www.facebook.com/carola.a.pantoja,2025-06-17,,no,586,0,2025-04-12,post,https://www.facebook.com/share/p/19LwfjnFRE/,0,3,25,15,10,0,0,0,0,0,"Feliz día del niño a mis dos ángeles que me dieron vida.
Aunque ya no son niños siempre ante los ojos de una madre serán siempre siempre sus niños favoritos.
Los Amo!!! Su mamá"
Carola Antezana,https://www.facebook.com/carola.a.pantoja,2025-06-17,,no,586,0,2025-04-12,reel,/reel/1011365327200795/?s=single_unit&__cft__[0]=AZU4-vQeP8al77b9Ic7ccIcduHeDbc-y1qSbgau1zZAgA2gqBLhnexzFRx7SCdVRCT37HB6J8WWkaR0WUHkbnRNXKXVcs4eccKeGOOpbAN88RyuICzDZTKj57cGlIOgjBrPyoSrN7sT2pdskGwDY_SYuIBmxWiroGSPIowUVydjoU4Xs8dpMGMZz3nsY6UZC0og&__tn__=H-R,0,0,0,0,0,0,0,0,0,0,Un hermoso viaje a NY tantos años ya pasaron love U Ximena Navarro-Claros
Carola Antezana,https://www.facebook.com/carola.a.pantoja,2025-06-17,,no,586,0,2025-04-14,reel,/reel/485317617998382/?s=single_unit&__cft__[0]=AZUgIoHXyLBm5gxTjd666G2EsniqGzjnm7p1OuGrSLkrkC2fiCSUhd1YxRTBDPkMLWtswpHRycYC9GBXOM2jQs0PEpVHV-jngPCJQbULL03BA5JEb8gFLqWg9uRAU-VokSOp8Bod-cyYjYMQL-eUsvAq2qEmH5hfC3grydgrInkC3vmS04-n8rLXuSou3XNrPLc&__tn__=H-R,0,0,0,0,0,0,0,0,0,0,
Carola Antezana,https://www.facebook.com/carola.a.pantoja,2025-06-17,,no,586,0,2025-04-16,post,https://www.facebook.com/share/p/1AraDxtmxF/,6,0,26,20,6,0,0,0,0,0,Vamos Xavier Iturralde
Carola Antezana,https://www.facebook.com/carola.a.pantoja,2025-06-11,,no,586,0,2025-04-16,post,https://www.facebook.com/share/p/19oZjgMJ8j/,6,0,26,0,0,0,0,0,0,0,Vamos Xavier Iturralde
Carola Antezana,https://www.facebook.com/carola.a.pantoja,2025-06-17,,no,586,0,2025-04-25,post,https://www.facebook.com/share/p/1AqXqdbKVh/,4,1,18,18,0,0,0,0,0,0,Grande Xavier Iturralde
Carola Antezana,https://www.facebook.com/carola.a.pantoja,2025-06-11,,no,586,0,2025-04-25,post,https://www.facebook.com/share/p/19Cup8KVdL/,2,0,13,0,0,0,0,0,0,0,Bolivia se va a la mierda perdón la expresión
Carola Antezana,https://www.facebook.com/carola.a.pantoja,2025-06-17,,no,586,0,2025-04-25,post,https://www.facebook.com/share/p/19eRweEuTr/,2,0,13,5,1,0,2,2,3,0,Bolivia se va a la mierda perdón la expresión
Carola Antezana,https://www.facebook.com/carola.a.pantoja,2025-06-11,,no,586,0,2025-04-25,post,https://www.facebook.com/share/p/1BwaK6xcwd/,4,1,17,0,0,0,0,0,0,0,Grande Xavier Iturralde
Carola Antezana,https://www.facebook.com/carola.a.pantoja,2025-06-17,,no,586,0,2025-04-26,post,https://www.facebook.com/share/p/1QrHk2494r/,0,0,0,0,0,0,0,0,0,0,Estamos jodidos
Carola Antezana,https://www.facebook.com/carola.a.pantoja,2025-06-11,,no,586,0,2025-04-26,post,https://www.facebook.com/share/p/1YYonxn2Ck/,0,0,0,0,0,0,0,0,0,0,Estamos jodidos
Carola Antezana,https://www.facebook.com/carola.a.pantoja,2025-06-11,,no,586,0,2025-05-01,post,https://www.facebook.com/share/v/199VuXuSUc/,0,1,21,0,0,0,0,0,0,0,"¡Felices 75 años a la Banda de Guerra del Colegio Alemán! Un honor celebrar este aniversario formando parte de esta historia, con el orgullo de ver a mi hija en la banda de este maravilloso colegio."
Carola Antezana,https://www.facebook.com/carola.a.pantoja,2025-06-17,,no,586,0,2025-05-01,post,https://www.facebook.com/share/v/16cJYoghcX/,0,1,21,14,6,0,0,0,0,1,"¡Felices 75 años a la Banda de Guerra del Colegio Alemán! Un honor celebrar este aniversario formando parte de esta historia, con el orgullo de ver a mi hija en la banda de este maravilloso colegio."
Carola Antezana,https://www.facebook.com/carola.a.pantoja,2025-06-11,,no,586,0,2025-05-03,post,2025-05-03,0,1,3,0,0,0,0,0,0,0,"Caro Macedo mira lo que me salió
Te mando un abrazo"
Carola Antezana,https://www.facebook.com/carola.a.pantoja,2025-06-17,,no,586,0,2025-05-03,post,2025-05-03,0,1,3,3,0,0,0,0,0,0,"Caro Macedo mira lo que me salió
Te mando un abrazo"
Carola Antezana,https://www.facebook.com/carola.a.pantoja,2025-06-17,,no,586,0,2025-05-19,post,2025-05-19,0,0,0,0,0,0,0,0,0,0,
Carola Antezana,https://www.facebook.com/carola.a.pantoja,2025-06-11,,no,586,0,2025-05-19,post,2025-05-19,0,0,0,0,0,0,0,0,0,0,
Carola Antezana,https://www.facebook.com/carola.a.pantoja,2025-06-17,,no,586,0,2025-05-20,post,https://www.facebook.com/share/p/1HUUPQzmv6/,2,1,3,3,0,0,0,0,0,0,Eso es una buena opción para regalar a mamá
Carola Antezana,https://www.facebook.com/carola.a.pantoja,2025-06-11,,no,586,0,2025-05-20,post,https://www.facebook.com/share/p/16SdqMXGXQ/,2,1,3,0,0,0,0,0,0,0,Eso es una buena opción para regalar a mamá
Carola Antezana,https://www.facebook.com/carola.a.pantoja,2025-06-11,,no,586,0,2025-05-21,post,https://www.facebook.com/share/p/1Ut46fs74p/,0,0,5,0,0,0,0,0,0,0,Vamos a lograr poner el estate quieta estoy segura Rita María Martínez
Carola Antezana,https://www.facebook.com/carola.a.pantoja,2025-06-11,,no,586,0,2025-05-22,post,https://www.facebook.com/share/p/16JLUNz1qN/,0,0,2,0,0,0,0,0,0,0,Plenamente de acuerdo
Carola Antezana,https://www.facebook.com/carola.a.pantoja,2025-06-17,,no,586,0,2025-05-22,post,https://www.facebook.com/share/p/1Fp2xuz8fi/,0,0,2,2,0,0,0,0,0,0,Plenamente de acuerdo
Carola Antezana,https://www.facebook.com/carola.a.pantoja,2025-06-17,,no,586,0,2025-05-24,post,https://www.facebook.com/share/p/1AvTu73bPv/,0,22,89,58,28,0,0,1,0,2,"Mi princesa hermosa en Sucre, lista para alzar la artillería y empezar a tocar por su colegio para El bicentenario de Bolivia.
Vamos Alemán."
Carola Antezana,https://www.facebook.com/carola.a.pantoja,2025-06-11,,no,586,0,2025-05-24,post,https://www.facebook.com/share/p/1BVAmBAQvf/,0,22,90,0,0,0,0,0,0,0,"Mi princesa hermosa en Sucre, lista para alzar la artillería y empezar a tocar por su colegio para El bicentenario de Bolivia.
Vamos Alemán."
Carola Antezana,https://www.facebook.com/carola.a.pantoja,2025-06-02,,no,586,0,2025-05-27,post,https://www.facebook.com/share/p/1JZdKsGs9e/,0,3,,22,14,0,0,0,0,3,Feliz día Ma. La mujer más buena y la mejor mamá del mundo.
Carola Antezana,https://www.facebook.com/carola.a.pantoja,2025-06-17,,no,586,0,2025-05-27,post,https://www.facebook.com/share/p/16dGoNzt9f/,0,3,39,22,14,0,0,0,0,3,Feliz día Ma. La mujer más buena y la mejor mamá del mundo.
Carola Antezana,https://www.facebook.com/carola.a.pantoja,2025-06-11,,no,586,0,2025-05-27,post,https://www.facebook.com/share/p/16dyVxytJR/,0,3,39,0,0,0,0,0,0,0,Feliz día Ma. La mujer más buena y la mejor mamá del mundo.
Carola Antezana,https://www.facebook.com/carola.a.pantoja,2025-06-11,,no,586,0,2025-05-30,post,https://www.facebook.com/share/p/1JZEFUCF82/,0,0,3,0,0,0,0,0,0,0,"Aun me acuerdo Ale Pozzo te amo hasta el infinito y más allá.
Y tb se lo dedico a mi mamita bella Ximena Pantoja"
Carola Antezana,https://www.facebook.com/carola.a.pantoja,2025-06-02,,no,586,0,2025-05-30,post,https://www.facebook.com/share/p/16hjACf5VF/,0,0,,0,0,0,0,0,0,0,"Aun me acuerdo Ale Pozzo te amo hasta el infinito y más allá.
Y tb se lo dedico a mi mamita bella Ximena Pantoja"
Carola Antezana,https://www.facebook.com/carola.a.pantoja,2025-06-17,,no,586,0,2025-05-30,post,https://www.facebook.com/share/p/1AhGcnt2yb/,0,0,3,0,0,0,0,0,0,0,"Aun me acuerdo Ale Pozzo te amo hasta el infinito y más allá.
Y tb se lo dedico a mi mamita bella Ximena Pantoja"
Carola Antezana,https://www.facebook.com/carola.a.pantoja,2025-06-17,,no,586,0,2025-05-31,post,2025-05-31,0,2,11,0,0,0,0,0,0,0,Un año ya de estar ahí con mi Frederick y mi flia
Carola Antezana,https://www.facebook.com/carola.a.pantoja,2025-06-02,,no,586,0,2025-05-31,post,2025-05-31,0,2,,0,0,0,0,0,0,0,Un año ya de estar ahí con mi Frederick y mi flia
Carola Antezana,https://www.facebook.com/carola.a.pantoja,2025-06-11,,no,586,0,2025-05-31,post,2025-05-31,0,2,11,0,0,0,0,0,0,0,Un año ya de estar ahí con mi Frederick y mi flia
Carola Antezana,https://www.facebook.com/carola.a.pantoja,2025-06-11,,no,586,0,2025-06-01,post,https://www.facebook.com/share/p/1AcNCXAqLP/,0,1,8,0,0,0,0,0,0,0,Jajaja
Carola Antezana,https://www.facebook.com/carola.a.pantoja,2025-06-02,,no,586,0,2025-06-01,post,https://www.facebook.com/share/p/16j6AQzywR/,0,6,,0,0,0,0,0,0,0,Las encuestas más truchas
Carola Antezana,https://www.facebook.com/carola.a.pantoja,2025-06-11,,no,586,0,2025-06-01,post,https://www.facebook.com/share/p/1Dpb7P3ctd/,0,6,7,0,0,0,0,0,0,0,Las encuestas más truchas
Carola Antezana,https://www.facebook.com/carola.a.pantoja,2025-06-17,,no,586,0,2025-06-01,post,https://www.facebook.com/share/p/192bNbyxsE/,0,1,9,4,0,6,0,0,0,0,Jajaja
Carola Antezana,https://www.facebook.com/carola.a.pantoja,2025-06-17,,no,586,0,2025-06-01,post,https://www.facebook.com/share/p/15vvp4BtaN/,0,6,7,6,0,1,0,0,0,0,Las encuestas más truchas
Carola Antezana,https://www.facebook.com/carola.a.pantoja,2025-06-02,,no,586,0,2025-06-01,post,https://www.facebook.com/share/p/12F2wi9p8n5/,0,1,,0,0,0,0,0,0,0,Jajaja
Carola Antezana,https://www.facebook.com/carola.a.pantoja,2025-06-10,,no,586,0,2025-06-06,post,https://www.facebook.com/share/p/12LW3uBbN8u/,1,0,8,0,0,0,0,0,0,0,No te quedes sin tu promo
Carola Antezana,https://www.facebook.com/carola.a.pantoja,2025-06-10,,no,586,0,2025-06-08,post,https://www.facebook.com/share/p/18VDzHaBKk/,0,0,17,0,0,0,0,0,0,0,Literal
Carola Antezana,https://www.facebook.com/carola.a.pantoja,2025-06-10,,no,586,0,2025-06-08,post,https://www.facebook.com/share/p/1AveqTL2Tc/,1,0,38,0,0,0,0,0,0,0,Me faltaban tres autos para cargar gasolina en Los Pinos y no cerraron la gasolinera gobierno hdp zurdos hdp
Carola Antezana,https://www.facebook.com/carola.a.pantoja,2025-06-11,,no,586,0,2025-06-08,post,https://www.facebook.com/share/p/158PCFV26B9/,1,0,37,0,0,0,0,0,0,0,Me faltaban tres autos para cargar gasolina en Los Pinos y no cerraron la gasolinera gobierno hdp zurdos hdp
Carola Antezana,https://www.facebook.com/carola.a.pantoja,2025-06-17,,no,586,0,2025-06-08,post,https://www.facebook.com/share/p/1XweiWd4bJ/,1,0,36,10,0,0,1,3,22,0,Me faltaban tres autos para cargar gasolina en Los Pinos y no cerraron la gasolinera gobierno hdp zurdos hdp
Carola Antezana,https://www.facebook.com/carola.a.pantoja,2025-06-11,,no,586,0,2025-06-10,post,https://www.facebook.com/share/p/197skDAzu5/,0,0,4,0,0,0,0,0,0,0,Quieres un buen catering Cinco Market
Carola Antezana,https://www.facebook.com/carola.a.pantoja,2025-06-17,,no,586,0,2025-06-10,post,https://www.facebook.com/share/p/1Ab5kKtLLC/,0,0,7,5,2,0,0,0,0,0,Quieres un buen catering Cinco Market
Carola Antezana,https://www.facebook.com/carola.a.pantoja,2025-06-24,,no,586,0,2025-06-23,post,https://www.facebook.com/carola.a.pantoja/posts/pfbid02YSr67K3ivT854Un16Z6u9KjHauFRfJbZS5XCUXCasoHRER6yKo7q5KXK42xCZb3Tl,3,2,8,3,0,1,3,1,0,0,Inadmisible y nadie grita violencia verdad???
Carola Antezana,https://www.facebook.com/carola.a.pantoja,2025-07-02,,no,586,0,2025-06-27,reel,/reel/1084881466893848/?s=single_unit&__cft__[0]=AZU9RfzXjBzu_11ANKXDi1ofcDxRT1i1IBrW87XzNMRfqGgt8JdIN2dM-LtOGUWK1J54jK4NNexb7JSMEV-wXfVOzPJPOJH6Mc8-JI7-oGua0KslerRpMXvt6zW2TXiqOiRBK-Pq3qLbC5AJzbF-MnHKLNUB2sFHf3ptXVCxGqwB2nUDwHWfld7P_DbOIT_fLVk&__tn__=H-R,0,0,0,0,0,0,0,0,0,0,
Carola Antezana,https://www.facebook.com/carola.a.pantoja,2025-07-02,,no,586,0,2025-06-28,post,https://www.facebook.com/share/p/16vPW19exc/,0,11,71,43,27,0,0,0,0,1,Momentos mágicos con la más bella de mi vida mi enana
Carola Antezana,https://www.facebook.com/carola.a.pantoja,2025-07-02,,no,586,0,2025-06-28,post,https://www.facebook.com/share/p/1CZX57JY4A/,19,20,91,76,13,1,0,0,1,0,"María Galindo, como una de las representantes más radicales del feminismo destructivo, no hace más que demostrar lo que muchos ya sabemos: su ideología no busca la igualdad, sino la división y la desintegración de los valores que sostienen a una sociedad libre. Su comentario, cargado de desprecio hacia un hombre y su esposa, refleja el odio profundo que el feminismo radical siembra, no solo hacia los hombres, sino también hacia la familia, el pilar fundamental de cualquier so… Ver más"
Carola Antezana,https://www.facebook.com/carola.a.pantoja,2025-07-02,,no,586,0,2025-06-29,reel,/reel/1092562623013747/?s=single_unit&__cft__[0]=AZVC0DnkvnYKAyGaw_59GKGQTduL_hRG6YbKIbz4AHZX0YwqooqKJ7Eh3qGd2HwihjS6QxCosdeLMRvBLaDECwzJhODBbGkfm1sqrmFW4u3GNaDuFwmT6ieecYz_Dy1BuFjl75MCouiNJPH0ol9J_eh2LzfO9yjxOwyf3NIpt1Q0Qrbt27GDrduFjvYCWoP7RmA&__tn__=H-R,0,0,0,0,0,0,0,0,0,0,
Carola Antezana,https://www.facebook.com/carola.a.pantoja,2025-07-08,,no,586,0,2025-07-06,post,https://www.facebook.com/share/p/14xL7k99oG/,0,3,5,0,0,5,0,0,0,0,Jajaja
Carola Antezana,https://www.facebook.com/carola.a.pantoja,2025-07-15,,no,586,0,2025-07-08,post,https://www.facebook.com/share/p/16MS3pMSwU/,1,3,11,11,0,0,0,0,0,0,Este señor que publica este contenido como típico tutista está más en contra de Jaime que del mismo masismo clarísimo no 
Carola Antezana,https://www.facebook.com/carola.a.pantoja,2025-07-23,,no,586,0,2025-07-16,reel,/reel/1263375585380419/?s=single_unit&__cft__[0]=AZWWdHlxZAkDb1Jz4Ur71Uo-sWVrplbIoESGFaByVSAIcmMQGknJ7vemxCxj_2YXzyE6kXn0u5-4VyqFa9evBuJEaYTna7QuVqPEt6VNOOiglXyiDr-wctcErra2JQTkSn-Er7j3csV9TzKDBxGHKsolS_7-iLsMUqkKjoVjPExteJ1SROaNDd2Es-FU4ouWu3o&__tn__=H-R,0,0,0,0,0,0,0,0,0,0,
Carola Antezana,https://www.facebook.com/carola.a.pantoja,2025-07-23,,no,586,0,2025-07-17,post,https://www.facebook.com/share/p/19Phh13v7H/,0,0,20,0,0,0,0,0,0,0,"Mi CHUQUIAGO MARKA GRACIAS POR TODO
FELICIDADES!"
Carola Antezana,https://www.facebook.com/carola.a.pantoja,2025-07-23,,no,586,0,2025-07-22,post,https://www.facebook.com/share/p/15sABBbxuM/,1,8,75,62,13,0,0,0,0,0,"Estimados amigos por si acaso decirles que estoy a Full con la empresa de gestión de medios,realización de eventos,estrategias de comunicación y manejo de redes quienes quieran algún tipo de servicios no duden en llamarme "
