nombre perfil,url perfil,snapshot_date,creación del perfil,candidato identificado,seguidores,seguidos,fecha post,tipo de post,url post,comparticiones,comentarios,reacciones en total,me gusta,me encanta,me divierte,me entristece,me sorprende,me enoja,me importa,contenido
Jhanisse V. Daza,https://www.facebook.com/jhanisse,2025-06-17,,no,9330,0,2025-02-11,post,https://www.facebook.com/share/p/1BvcSCnMzJ/,0,0,10,6,4,0,0,0,0,0,
Jhanisse V. Daza,https://www.facebook.com/jhanisse,2025-06-17,,no,9330,0,2025-02-11,post,https://www.facebook.com/share/p/1AW1Ft3myc/,9,0,87,64,21,1,0,0,0,1,"Muchísimas felicidades a @eldeber.com.bo en sus 72 años! Me sumo a las voces que celebramos la existencia de este medio que ha estado en primera línea junto con nosotros en tiempos de crisis, pandemia, incendios, deforestación, etc. Gracias a cada periodista por su trabajo y sacrificio, sobre todo en estos últimos años llenos de obstáculos para el periodismo independiente. Muchas felicidades! 
https://eldeber.com.bo/.../el-deber-72-anos.../...… Ver más"
Jhanisse V. Daza,https://www.facebook.com/jhanisse,2025-06-17,,no,9330,0,2025-02-11,post,https://www.facebook.com/share/p/16eZArx5QE/,1,0,3,1,0,0,1,0,1,0,
Jhanisse V. Daza,https://www.facebook.com/jhanisse,2025-06-17,,no,9330,0,2025-02-27,post,https://www.facebook.com/share/p/1BjBNxmGRo/,1,33,162,77,80,0,0,0,0,5,"I usually never post personal things but this birthday and this cake were too beautiful not to be shared with you all 
 I am so thankful to God for a new year alive, healthy and happy. And also I thank YOU for all your birthday wishes and thank my friends, family, Ríos de Pie members, colleagues and everyone who made yesterday such a special birthday. I promise to share all the love you pour on me with others in everything I do "
Jhanisse V. Daza,https://www.facebook.com/jhanisse,2025-06-17,,no,9330,0,2025-03-10,post,https://www.facebook.com/share/p/19P1qpT4g8/,1,0,0,0,0,0,0,0,0,0,
Jhanisse V. Daza,https://www.facebook.com/jhanisse,2025-06-17,,no,9330,0,2025-03-13,post,https://www.facebook.com/share/p/16Z2zCxg6L/,14,0,68,51,7,0,3,1,0,6,"Hoy se cumplen 4 años del injusto encarcelamiento de la ex presidenta constitucional de Bolivia @jeanineanez , a quien tuve el gusto de conocer en gestión. Pese a que muchos dudaron de reconocer su injusto encarcelamiento como persecución política el comienzo, he sido testigo de cómo su hija @carolina_riberaanez ha hecho un esfuerzo sobrehumano estos últimos 4 años para ser la voz de su madre y nuestra ex presidenta. La historia es innegable por mucho que la quieran maquillar… Ver más"
Jhanisse V. Daza,https://www.facebook.com/jhanisse,2025-06-17,,no,9330,0,2025-03-21,post,https://www.facebook.com/share/p/1CEyeo8SuU/,19,19,353,214,125,0,0,4,0,10,"Se vienen cositas 
 #2025 
 @riosdepie"
Jhanisse V. Daza,https://www.facebook.com/jhanisse,2025-06-17,,no,9330,0,2025-03-24,post,https://www.facebook.com/share/p/1BPuGLbX6N/,42,4,215,171,37,1,0,2,0,4,#Bolivia Voy a seguir protestando por la libertad de los presos políticos hasta que la logremos. Por más que siempre nos ataquen. Una vez más el gobierno de Arce censura e impide la protesta pacífica en Bolivia
Jhanisse V. Daza,https://www.facebook.com/jhanisse,2025-06-17,,no,9330,0,2025-03-27,post,https://www.facebook.com/share/p/1YVNN16GGX/,12,0,108,98,3,0,3,1,2,1,
Jhanisse V. Daza,https://www.facebook.com/jhanisse,2025-06-17,,no,9330,0,2025-03-27,reel,/reel/651546824184116/?s=single_unit&__cft__[0]=AZVw4CspOszSsD8EIUHQbmgPW5WcXflaKVJSesad9Cq2xKJZHQVNuYaLoRQmQihmlnXiDJUuvQ9hHDyJppiVdVnxwfQLxyZVq6zFW94mtIA_SYtgPdaBMv34a6l6S_gSNErRxn9aNU_pNvHvl9yRK2PLJessVZGj6HZkVOiRoDux3YR-YfGkw35aLHxdBov516o&__tn__=H-R,0,0,0,0,0,0,0,0,0,0,"Sabemos que hay ruido en redes sobre candidaturas de @jhanivd , así que lo dejamos claro:"
Jhanisse V. Daza,https://www.facebook.com/jhanisse,2025-06-17,,no,9330,0,2025-04-03,reel,/reel/1341073763809113/?s=single_unit&__cft__[0]=AZVuleu0Nx7GVvRfiFZu7TahBOSxo7A3K77votXPu5XwA_VOVb1rfzArEXZHHaJIbXPqzgoXkrtTx_646ZBXgTJH2JClqtcOATduNUWj1JmvLrhkZ509ktbVlJMaLIEfQja0_Jc9KKl_6oxZp8FZnD-iLJwaVoj2KkZsrZlkcwU2PP1XiG-NiOA3nxODy-C73Xo&__tn__=H-R,0,0,0,0,0,0,0,0,0,0,"El pasado 20 de marzo, miembros de Ríos de Pie visitamos a Fernando Hamdan, preso político del régimen de Luis Arce Catacora, en el Penal de San Pedro… Ver más"
Jhanisse V. Daza,https://www.facebook.com/jhanisse,2025-06-17,,no,9330,0,2025-04-04,post,https://www.facebook.com/share/p/1AfiFfTaHM/,5,0,11,5,1,0,1,2,2,0,
Jhanisse V. Daza,https://www.facebook.com/jhanisse,2025-06-17,,no,9330,0,2025-04-04,post,https://www.facebook.com/share/p/1BjdLFENh3/,0,0,6,0,0,0,0,0,0,0,
Jhanisse V. Daza,https://www.facebook.com/jhanisse,2025-06-17,,no,9330,0,2025-04-04,post,https://www.facebook.com/share/p/19nQjY3L2R/,203,11,318,301,13,3,0,0,0,1,"Estamos a punto de repetir otro error histórico pero esta vez las consecuencias serán peores. 
Desde Ríos de Pie venimos pidiendo unidad del bloque opositor desde las elecciones del 2019. No se dio. Aunque si hubo voto útil, igual fue una oportunidad perdida. Advertimos que el fraude era probable también. Se cumplió. 
Año siguiente, advertimos que si los candidatos no se unían el 2020 el MÁS volvía. Muchos estaban confiados que eso … Ver más"
Jhanisse V. Daza,https://www.facebook.com/jhanisse,2025-06-17,,no,9330,0,2025-04-09,post,https://www.facebook.com/share/p/15rEhuyBiu/,54,2,146,109,36,0,0,0,0,1,"Muchas noticias hoy sobre las candidaturas a las elecciones. Sé que muchos están (estamos) angustiados, preocupados o hasta enojados. 
Dos cositas que dijimos en los chats de Ríos de Pie que comparto para todos en caso les sea útil: 
Primero, que este año será un año de muchos días tensos como este y noticias preocupantes sobre la política del país. Por salud mental, hay que aprender a navegar este año con calma y sabiendo que nada … Ver más"
Jhanisse V. Daza,https://www.facebook.com/jhanisse,2025-06-17,,no,9330,0,2025-04-11,post,https://www.facebook.com/share/p/1A6aAJpzo8/,47,4,158,131,0,0,21,1,4,1,"Una ya no sabe en qué idioma hablar. La persecución política va a seguir incrementando, como lo está haciendo hoy, mientras no haya estado de derecho. No habrá estado de derecho si no hay una transición real hacia la democracia. Y no habrá esa transición si el MÁS gana las elecciones. ¿Y aún así no se pueden unir los que quieren ser candidatos/presidentes?"
Jhanisse V. Daza,https://www.facebook.com/jhanisse,2025-06-17,,no,9330,0,2025-04-11,post,https://www.facebook.com/share/p/1ArGe63RVV/,1,2,138,94,44,0,0,0,0,0,"My first time speaking in a panel in the UK! 
 Yesterday in London I was honored to participate in the launch of the Bitcoin Humanitarian Alliance, speaking of how many of us activists are using bitcoin in order to continue doing human rights and environmental work. I was also able to speak about its use in Bolivia, the current economic crises and the recurring environmental disaster of the government-encouraged Amazon fires in my country. Thank you to everyone in this allian… Ver más"
Jhanisse V. Daza,https://www.facebook.com/jhanisse,2025-06-17,,no,9330,0,2025-04-15,reel,/reel/1442702576894687/?s=single_unit&__cft__[0]=AZW6-7HTMCCihc2C6Ww6mv_fRNVL668ULGYy_MWH1Xv6BYYDYopei-yilJ7OkcwsK9eZ8De60c8tqvb2MsNZeOXCrU8UlWFg6ACe8pA_nD6X1sPqSYVwpH866rmzJfiIl8FDsyi8jlwAcF77CxSkHimJ-3Oljrb49BOFHOlYYxk_PgdibOt0VN-FuTO8wegoABs&__tn__=H-R,0,0,0,0,0,0,0,0,0,0,"#Rescate🚨| La madrugada de este lunes, nuestro equipo de bomberos voluntarios respondió a una llamada angustiante: 6 personas desaparecidas mientras p… Ver más"
Jhanisse V. Daza,https://www.facebook.com/jhanisse,2025-06-17,,no,9330,0,2025-04-15,post,https://www.facebook.com/jhanisse/posts/pfbid07y1ApXt44ppmJGaVhGijnqqiLy31SoF5D9JtwZcppFzeQd8Bp4iQ4tJRL4rAzwx3l,0,0,7,0,0,0,0,0,0,0,
Jhanisse V. Daza,https://www.facebook.com/jhanisse,2025-06-17,,no,9330,0,2025-04-15,post,https://www.facebook.com/share/p/15S3jZB5U8/,0,0,7,7,0,0,0,0,0,0,
Jhanisse V. Daza,https://www.facebook.com/jhanisse,2025-06-17,,no,9330,0,2025-04-15,reel,/reel/1442702576894687/?s=single_unit&__cft__[0]=AZUdL9Fi6QJDvXPdNa8WMknLN1QyS4nvzUxZcS17qna-toLC6hXhSw4jR07wWQHezINs6WaN4AZrYb-_ttc_WBb5XONbQDQtv2mJhXtM_lcDx3_tb3QZhHeC_DvBrBeHzmgtcFVdvKKJjwtFx2Bgtx0MdwQD0w9XdrFc7MPgbPP34QOTm81dLtAZWraOLj5Gm18&__tn__=H-R,0,0,0,0,0,0,0,0,0,0,"#Rescate🚨| La madrugada de este lunes, nuestro equipo de bomberos voluntarios respondió a una llamada angustiante: 6 personas desaparecidas mientras p… Ver más"
Jhanisse V. Daza,https://www.facebook.com/jhanisse,2025-06-13,,no,9330,0,2025-04-17,post,https://www.facebook.com/share/p/196kuiCjAp/,1,0,6,0,0,0,0,0,0,0,
Jhanisse V. Daza,https://www.facebook.com/jhanisse,2025-06-17,,no,9330,0,2025-04-17,post,https://www.facebook.com/share/p/1HH9HXvS4G/,1,0,6,6,0,0,0,0,0,0,
Jhanisse V. Daza,https://www.facebook.com/jhanisse,2025-06-17,,no,9330,0,2025-04-17,post,https://www.facebook.com/jhanisse/posts/pfbid034UrUJx4tnjYbJtTx1K4iRYWuusGdx2sneV39Mw3hgzP9iyNoUWn1doq3w9XcKjK9l,1,0,6,6,0,0,0,0,0,0,
Jhanisse V. Daza,https://www.facebook.com/jhanisse,2025-06-13,,no,9330,0,2025-04-22,post,https://www.facebook.com/share/p/14JEy6XJgnC/,12,0,24,0,0,0,0,0,0,0,
Jhanisse V. Daza,https://www.facebook.com/jhanisse,2025-06-17,,no,9330,0,2025-04-22,post,https://www.facebook.com/share/p/19UMH1jnMX/,12,0,24,19,0,0,0,4,1,0,
Jhanisse V. Daza,https://www.facebook.com/jhanisse,2025-06-17,,no,9330,0,2025-04-22,post,https://www.facebook.com/jhanisse/posts/pfbid02Sz2PgFodAcDYP95Ysn1BEzhqCkod4uCfXT5rZvPnEEfgfbWEbDhuDTBBrFedjqXwl,12,0,24,0,0,0,0,0,0,0,
Jhanisse V. Daza,https://www.facebook.com/jhanisse,2025-06-17,,no,9330,0,2025-04-24,post,https://www.facebook.com/jhanisse/posts/pfbid0ZexSzJ6ByDafyK5WXvrtF6qEX5SzPUeVnzCwiMjUN5NDtBCeAPzxiDj6qh4Pwp8Dl,3,0,17,0,0,0,0,0,0,0,
Jhanisse V. Daza,https://www.facebook.com/jhanisse,2025-06-13,,no,9330,0,2025-04-24,post,https://www.facebook.com/share/p/16vz3pw1xg/,3,0,17,0,0,0,0,0,0,0,
Jhanisse V. Daza,https://www.facebook.com/jhanisse,2025-06-17,,no,9330,0,2025-04-24,post,https://www.facebook.com/share/p/1AdxTugteE/,3,0,17,15,2,0,0,0,0,0,
Jhanisse V. Daza,https://www.facebook.com/jhanisse,2025-06-13,,no,9330,0,2025-05-01,post,https://www.facebook.com/share/p/1FK7GPjz6A/,1,0,9,0,0,0,0,0,0,0,
Jhanisse V. Daza,https://www.facebook.com/jhanisse,2025-06-17,,no,9330,0,2025-05-06,post,https://www.facebook.com/share/p/1Aqn3g8Hi6/,2,3,54,0,0,0,0,0,0,0,"Hoy fue un día de mucho, mucho trabajo, seguido de mi “tiempo libre” que fue todavía más trabajo 
 editando un ensayo de muchas páginas que se publicará pronto y por el cual estoy MUY emocionada, ya que creo que marcará un hito importante en una plataforma internacional de mucho prestigio 
. Es un trabajo escrito en inglés que relata el esfuerzo sobrehumano que hacemos los bolivianos y bolivianas por combatir los incendios y la destrucción de nuestro medio ambiente todos los … Ver más"
Jhanisse V. Daza,https://www.facebook.com/jhanisse,2025-06-17,,no,9330,0,2025-05-06,post,https://www.facebook.com/jhanisse/posts/pfbid02vtX2qnybbyJ7cv41nBQmJqmtVGByoNeeWxf2hogzSfWGY6trHPMcAguaNRAnXtDal,2,3,54,41,12,0,0,0,0,1,"Hoy fue un día de mucho, mucho trabajo, seguido de mi “tiempo libre” que fue todavía más trabajo 
 editando un ensayo de muchas páginas que se publicará pronto y por el cual estoy MUY emocionada, ya que creo que marcará un hito importante en una plataforma internacional de mucho prestigio 
. Es un trabajo escrito en inglés que relata el esfuerzo sobrehumano que hacemos los bolivianos y bolivianas por combatir los incendios y la destrucción de nuestro medio ambiente todos los … Ver más"
Jhanisse V. Daza,https://www.facebook.com/jhanisse,2025-06-13,,no,9330,0,2025-05-06,post,https://www.facebook.com/share/p/16jXSTjwkn/,2,3,54,0,0,0,0,0,0,0,"Hoy fue un día de mucho, mucho trabajo, seguido de mi “tiempo libre” que fue todavía más trabajo 
 editando un ensayo de muchas páginas que se publicará pronto y por el cual estoy MUY emocionada, ya que creo que marcará un hito importante en una plataforma internacional de mucho prestigio 
. Es un trabajo escrito en inglés que relata el esfuerzo sobrehumano que hacemos los bolivianos y bolivianas por combatir los incendios y la destrucción de nuestro medio ambiente todos los … Ver más"
Jhanisse V. Daza,https://www.facebook.com/jhanisse,2025-06-17,,no,9330,0,2025-05-06,post,https://www.facebook.com/share/p/1YQLA5Qzjk/,1,0,24,16,8,0,0,0,0,0,"Muy merecido premio a una periodista que es referente para muchos, yo incluida 
 nuestros bosques te deben mucho Silvana!!"
Jhanisse V. Daza,https://www.facebook.com/jhanisse,2025-06-17,,no,9330,0,2025-05-06,post,https://www.facebook.com/jhanisse/posts/pfbid02yuujdH5eZgzoRQWmxCYwUoeuYa5y8yMmNCRhfH8PgFh9H3gveVRo7Egft2kGVoC7l,1,0,24,0,0,0,0,0,0,0,"Muy merecido premio a una periodista que es referente para muchos, yo incluida 
 nuestros bosques te deben mucho Silvana!!"
Jhanisse V. Daza,https://www.facebook.com/jhanisse,2025-06-13,,no,9330,0,2025-05-06,post,https://www.facebook.com/share/p/1ARGXxnWYG/,1,0,24,0,0,0,0,0,0,0,"Muy merecido premio a una periodista que es referente para muchos, yo incluida 
 nuestros bosques te deben mucho Silvana!!"
Jhanisse V. Daza,https://www.facebook.com/jhanisse,2025-06-13,,no,9330,0,2025-05-07,post,https://www.facebook.com/share/p/1Bj1Meo4cb/,5,0,11,0,0,0,0,0,0,0,
Jhanisse V. Daza,https://www.facebook.com/jhanisse,2025-06-17,,no,9330,0,2025-05-07,post,https://www.facebook.com/share/p/1AiHmzw95R/,5,0,11,10,1,0,0,0,0,0,
Jhanisse V. Daza,https://www.facebook.com/jhanisse,2025-06-17,,no,9330,0,2025-05-07,post,https://www.facebook.com/jhanisse/posts/pfbid02yX5tcvLkY34HtDLgUZjdzFd8Fz9MDozvjWhbBrdqnqW6TfC9yBfNPmGHTFTf7wUzl,5,0,11,0,0,0,0,0,0,0,
Jhanisse V. Daza,https://www.facebook.com/jhanisse,2025-06-17,,no,9330,0,2025-05-11,post,https://www.facebook.com/share/p/1FbpConCjm/,0,0,13,0,0,0,0,0,0,0,
Jhanisse V. Daza,https://www.facebook.com/jhanisse,2025-06-17,,no,9330,0,2025-05-11,post,https://www.facebook.com/jhanisse/posts/pfbid022oDmYzEYG3AzZDWNQ6KXDBwdzsaTgm9Qt6DyGES35PR3fercFsLkptGgWvJe2JgUl,1,2,42,0,0,0,0,0,0,0,Esto es lo más sucrense del mundo y me encanta 
Jhanisse V. Daza,https://www.facebook.com/jhanisse,2025-06-17,,no,9330,0,2025-05-11,post,https://www.facebook.com/jhanisse/posts/pfbid01BJRov4XJ1pkpxYq7UKqNSoLJfqFRbLaMfsHhBgzbfebcftSwEJL2kbEdL95EzBvl,2,0,7,0,0,0,0,0,0,0,
Jhanisse V. Daza,https://www.facebook.com/jhanisse,2025-06-13,,no,9330,0,2025-05-11,post,https://www.facebook.com/share/p/1ApnZVHP47/,0,0,13,0,0,0,0,0,0,0,
Jhanisse V. Daza,https://www.facebook.com/jhanisse,2025-06-13,,no,9330,0,2025-05-11,post,https://www.facebook.com/share/p/1Ffxhf73Dk/,1,2,42,0,0,0,0,0,0,0,Esto es lo más sucrense del mundo y me encanta 
Jhanisse V. Daza,https://www.facebook.com/jhanisse,2025-06-17,,no,9330,0,2025-05-11,post,https://www.facebook.com/share/p/1UmuNwSEpL/,1,2,42,22,19,0,0,0,0,1,Esto es lo más sucrense del mundo y me encanta 
Jhanisse V. Daza,https://www.facebook.com/jhanisse,2025-06-17,,no,9330,0,2025-05-11,post,https://www.facebook.com/jhanisse/posts/pfbid02can5DTSfzZHSJn1xJHxc7cHevfGw6P7eagRYswDHSKEw9pAn9ARqS2K75z2vSwrUl,0,0,13,0,0,0,0,0,0,0,
Jhanisse V. Daza,https://www.facebook.com/jhanisse,2025-06-13,,no,9330,0,2025-05-11,post,https://www.facebook.com/share/p/1CcmgAVniP/,2,0,7,0,0,0,0,0,0,0,
Jhanisse V. Daza,https://www.facebook.com/jhanisse,2025-06-17,,no,9330,0,2025-05-11,post,https://www.facebook.com/share/p/1LAVyQkeMJ/,2,0,7,0,0,0,7,0,0,0,
Jhanisse V. Daza,https://www.facebook.com/jhanisse,2025-06-17,,no,9330,0,2025-05-15,post,https://www.facebook.com/share/p/16G8ejHSzM/,5,48,63,53,8,0,0,0,0,2,"Pregunta informal y no-oficial, pero por favor para la gente creativa y con viveza criolla: 
En el caso hipotético imaginario de que estuviesen armando un mega recontra súper control electoral a nivel nacional (y en el extranjero), ¿Qué nombre le pondrían? 
 que sea simple y pegue en redes
Tageen a sus amigos creativos para que dejen ideas por favor 
 gracias"
Jhanisse V. Daza,https://www.facebook.com/jhanisse,2025-06-13,,no,9330,0,2025-05-15,post,https://www.facebook.com/share/p/1Azfbag2eG/,5,48,63,0,0,0,0,0,0,0,"Pregunta informal y no-oficial, pero por favor para la gente creativa y con viveza criolla: 
En el caso hipotético imaginario de que estuviesen armando un mega recontra súper control electoral a nivel nacional (y en el extranjero), ¿Qué nombre le pondrían? 
 que sea simple y pegue en redes
Tageen a sus amigos creativos para que dejen ideas por favor 
 gracias"
Jhanisse V. Daza,https://www.facebook.com/jhanisse,2025-06-13,,no,9330,0,2025-05-15,post,https://www.facebook.com/share/p/1AyDVnx3kv/,15,2,37,0,0,0,0,0,0,0,"The Journal of Democracy is one of the most respected publications in the world on democratic theory and resistance. Heads of state, renowned scholars, and frontline activists write here to shape how the world understands the fight for freedom.
Now, Bolivia is part of that conversation.
My latest piece was just published there: a firsthand look at how authoritarianism in Bolivia is advancing, not with tanks, but with silence, fear, and fire. This is the story of our brave pe… Ver más"
Jhanisse V. Daza,https://www.facebook.com/jhanisse,2025-06-17,,no,9330,0,2025-05-15,post,https://www.facebook.com/share/p/1EYiizK6Qj/,15,2,37,18,11,0,7,0,0,1,"The Journal of Democracy is one of the most respected publications in the world on democratic theory and resistance. Heads of state, renowned scholars, and frontline activists write here to shape how the world understands the fight for freedom.
Now, Bolivia is part of that conversation.
My latest piece was just published there: a firsthand look at how authoritarianism in Bolivia is advancing, not with tanks, but with silence, fear, and fire. This is the story of our brave pe… Ver más"
Jhanisse V. Daza,https://www.facebook.com/jhanisse,2025-06-17,,no,9330,0,2025-05-15,post,https://www.facebook.com/jhanisse/posts/pfbid02zdJPi68ERB7pMJ9fHKUH3xmhUkMvpk9CJjBzGMRw3faVodiMP2TQn4Mvwg1XNYeLl,15,2,37,0,0,0,0,0,0,0,"The Journal of Democracy is one of the most respected publications in the world on democratic theory and resistance. Heads of state, renowned scholars, and frontline activists write here to shape how the world understands the fight for freedom.
Now, Bolivia is part of that conversation.
My latest piece was just published there: a firsthand look at how authoritarianism in Bolivia is advancing, not with tanks, but with silence, fear, and fire. This is the story of our brave pe… Ver más"
Jhanisse V. Daza,https://www.facebook.com/jhanisse,2025-06-17,,no,9330,0,2025-05-15,post,https://www.facebook.com/jhanisse/posts/pfbid08McM4V7QEgn3trsPJEhEyiPipU5BVP5EiZR9VYV7imLPwTKyMRFLqhfyvyasdRUkl,5,48,63,53,8,0,0,0,0,2,"Pregunta informal y no-oficial, pero por favor para la gente creativa y con viveza criolla: 
En el caso hipotético imaginario de que estuviesen armando un mega recontra súper control electoral a nivel nacional (y en el extranjero), ¿Qué nombre le pondrían? 
 que sea simple y pegue en redes
Tageen a sus amigos creativos para que dejen ideas por favor 
 gracias"
Jhanisse V. Daza,https://www.facebook.com/jhanisse,2025-06-17,,no,9330,0,2025-05-17,post,https://www.facebook.com/share/p/1DWh5r7p9U/,0,0,5,3,2,0,0,0,0,0,
Jhanisse V. Daza,https://www.facebook.com/jhanisse,2025-06-13,,no,9330,0,2025-05-17,post,https://www.facebook.com/jhanisse/posts/pfbid0EyNXdFQqVTkBdjFpHSPfjmgV7gHSsHbJ2csjZqVQNK5vV1XGXh4L7begkrTzgqGbl,0,0,5,0,0,0,0,0,0,0,
Jhanisse V. Daza,https://www.facebook.com/jhanisse,2025-06-13,,no,9330,0,2025-05-19,post,https://www.facebook.com/share/p/19KFez6VB4/,4,1,68,0,0,0,0,0,0,0,"Hoy tuve el honor de asistir a la presentación del cuarto informe del Panel de Expertos sobre Venezuela, organizado por la OEA.
Fue un evento muy especial ya que fue la última participación pública del Secretario General Luis Almagro junto al Panel durante su mandato. Y no pudo ser más contundente. Ver al Secretario General tan claro en su apoyo a las víctimas de violaciones a los derechos humanos en Venezuela fue inspirador. La defensa de los derechos humanos necesita de es… Ver más"
Jhanisse V. Daza,https://www.facebook.com/jhanisse,2025-06-17,,no,9330,0,2025-05-19,post,https://www.facebook.com/share/p/1EkthWfCs4/,4,1,68,49,17,0,0,0,0,2,"Hoy tuve el honor de asistir a la presentación del cuarto informe del Panel de Expertos sobre Venezuela, organizado por la OEA.
Fue un evento muy especial ya que fue la última participación pública del Secretario General Luis Almagro junto al Panel durante su mandato. Y no pudo ser más contundente. Ver al Secretario General tan claro en su apoyo a las víctimas de violaciones a los derechos humanos en Venezuela fue inspirador. La defensa de los derechos humanos necesita de es… Ver más"
Jhanisse V. Daza,https://www.facebook.com/jhanisse,2025-06-17,,no,9330,0,2025-05-19,post,https://www.facebook.com/jhanisse/posts/pfbid02vPFUFUhzoPE7kfiZQsG5qsbKBd49H1hmuYvBKqE1mQbp5NyzpDKt99vPsvftU7fpl,4,1,68,49,17,0,0,0,0,2,"Hoy tuve el honor de asistir a la presentación del cuarto informe del Panel de Expertos sobre Venezuela, organizado por la OEA.
Fue un evento muy especial ya que fue la última participación pública del Secretario General Luis Almagro junto al Panel durante su mandato. Y no pudo ser más contundente. Ver al Secretario General tan claro en su apoyo a las víctimas de violaciones a los derechos humanos en Venezuela fue inspirador. La defensa de los derechos humanos necesita de es… Ver más"
Jhanisse V. Daza,https://www.facebook.com/jhanisse,2025-06-13,,no,9330,0,2025-05-31,post,https://www.facebook.com/share/p/16fWkWYjh4/,0,0,0,0,0,0,0,0,0,0,
Jhanisse V. Daza,https://www.facebook.com/jhanisse,2025-06-02,,no,9330,0,2025-05-31,post,https://www.facebook.com/share/p/16YCzu5PMg/,0,0,0,0,0,0,0,0,0,0,
Jhanisse V. Daza,https://www.facebook.com/jhanisse,2025-06-17,,no,9330,0,2025-05-31,post,https://www.facebook.com/share/p/1GPuHYSjVJ/,0,0,0,0,0,0,0,0,0,0,
Jhanisse V. Daza,https://www.facebook.com/jhanisse,2025-06-17,,no,9330,0,2025-06-01,reel,/reel/2497111870624390/?s=single_unit&__cft__[0]=AZXSMPVWjcluvMqi-HcdRIdzQ0ICgjuIUOVT0oyrEg1SK9KjJeCXXttFA2xmj89PH31vYGvknjvgJ7EiRVS-MPxiJWi0-Ke5TIJ59_IfdDlLydgRkF_aLEc7BOMR-ivK1S1hAznXA7l5kVSQClT-zXvF8f07LRJ03_G4e8aActPgtczOADnOg2UMBI1xm9CNh0A&__tn__=H-R,0,0,0,0,0,0,0,0,0,0,La periodista Amalia Pando ha sido clara; estamos frente al avance de un prorroguismo encubierto.
Jhanisse V. Daza,https://www.facebook.com/jhanisse,2025-06-17,,no,9330,0,2025-06-01,reel,/reel/2497111870624390/?s=single_unit&__cft__[0]=AZW2KSMwQh-oQ5CdD1mg2F_m1YXETN7FIVtEiSi-bnUkD0ihdpkvdu5NGnfRQId6WPhCC4vp12iEep06TRaDjRiRTJQKU408UDOMpKqiNKZVYcTR6uhNOp2DLsjefngk_wz6GOeriDyYSJoGQPkcOW6vjhOMMbevfkXMRhzaVnqT_wRQYq1JK9IW7o5ONxOdCR8&__tn__=H-R,0,0,0,0,0,0,0,0,0,0,La periodista Amalia Pando ha sido clara; estamos frente al avance de un prorroguismo encubierto.
Jhanisse V. Daza,https://www.facebook.com/jhanisse,2025-06-17,,no,9330,0,2025-06-04,post,https://www.facebook.com/jhanisse/posts/pfbid0JxF9V6m16uVE7Sz5BWsHNegG9k87YeW5X4z8MiTmMt9LKGdqYghQtf5NtkMjQk5ul,3,2,27,0,0,0,0,0,0,0,
Jhanisse V. Daza,https://www.facebook.com/jhanisse,2025-06-17,,no,9330,0,2025-06-04,post,https://www.facebook.com/share/p/18p5judiQw/,3,2,27,14,0,1,11,0,0,1,
Jhanisse V. Daza,https://www.facebook.com/jhanisse,2025-06-10,,no,9330,0,2025-06-04,post,https://www.facebook.com/share/p/19Ek6HjPDE/,3,2,27,0,0,0,0,0,0,0,
Jhanisse V. Daza,https://www.facebook.com/jhanisse,2025-06-13,,no,9330,0,2025-06-04,post,https://www.facebook.com/share/p/16KCec5fxP/,3,2,27,0,0,0,0,0,0,0,
Jhanisse V. Daza,https://www.facebook.com/jhanisse,2025-06-17,,no,9330,0,2025-06-05,post,https://www.facebook.com/share/p/19E5Zv3GBi/,7,10,310,217,89,0,1,0,0,3,"Para defender la democracia hay que aprender de los que saben. Con el Presidente Electo de Venezuela, Edmundo González Urrutia, ganador de las elecciones del 28 de Julio de 2024. Un honor conocerlo en persona y transmitirle el apoyo de bolivianos y bolivianas que entendemos que la democracia en Venezuela está profundamente ligada a la democracia en nuestro país, y que en ambos países nadie se rinde. Me siento muy honrada de conocer y aprender de presidentes y líderes así en e… Ver más"
Jhanisse V. Daza,https://www.facebook.com/jhanisse,2025-06-17,,no,9330,0,2025-06-05,post,https://www.facebook.com/jhanisse/posts/pfbid02iqFEk7QfFYmotYFKMUFoYPbECRCYesQACyR9Lg4uFC9zJKCYo24ip31CMEBqtFztl,7,10,310,0,0,0,0,0,0,0,"Para defender la democracia hay que aprender de los que saben. Con el Presidente Electo de Venezuela, Edmundo González Urrutia, ganador de las elecciones del 28 de Julio de 2024. Un honor conocerlo en persona y transmitirle el apoyo de bolivianos y bolivianas que entendemos que la democracia en Venezuela está profundamente ligada a la democracia en nuestro país, y que en ambos países nadie se rinde. Me siento muy honrada de conocer y aprender de presidentes y líderes así en e… Ver más"
Jhanisse V. Daza,https://www.facebook.com/jhanisse,2025-06-17,,no,9330,0,2025-06-05,post,https://www.facebook.com/jhanisse/posts/pfbid028uiWhcTsuYVoiqRoEGhsfeTu8Z8vSQ7RS3uzXFr8MAkCzJpx2WkWTT34TZRXQdysl,0,0,5,4,0,0,1,0,0,0,
Jhanisse V. Daza,https://www.facebook.com/jhanisse,2025-06-17,,no,9330,0,2025-06-05,post,https://www.facebook.com/share/p/16gGFWSExm/,0,0,5,4,0,0,1,0,0,0,
Jhanisse V. Daza,https://www.facebook.com/jhanisse,2025-06-10,,no,9330,0,2025-06-05,post,https://www.facebook.com/share/p/1Agc8QfYWG/,7,10,308,0,0,0,0,0,0,0,"Para defender la democracia hay que aprender de los que saben. Con el Presidente Electo de Venezuela, Edmundo González Urrutia, ganador de las elecciones del 28 de Julio de 2024. Un honor conocerlo en persona y transmitirle el apoyo de bolivianos y bolivianas que entendemos que la democracia en Venezuela está profundamente ligada a la democracia en nuestro país, y que en ambos países nadie se rinde. Me siento muy honrada de conocer y aprender de presidentes y líderes así en e… Ver más"
Jhanisse V. Daza,https://www.facebook.com/jhanisse,2025-06-10,,no,9330,0,2025-06-05,post,https://www.facebook.com/share/p/14F6ejSmqaW/,0,0,5,0,0,0,0,0,0,0,
Jhanisse V. Daza,https://www.facebook.com/jhanisse,2025-06-13,,no,9330,0,2025-06-05,post,https://www.facebook.com/share/p/16ieJ3eqeh/,0,0,5,0,0,0,0,0,0,0,
Jhanisse V. Daza,https://www.facebook.com/jhanisse,2025-06-13,,no,9330,0,2025-06-05,post,https://www.facebook.com/share/p/1F99Mw69JF/,7,10,310,0,0,0,0,0,0,0,"Para defender la democracia hay que aprender de los que saben. Con el Presidente Electo de Venezuela, Edmundo González Urrutia, ganador de las elecciones del 28 de Julio de 2024. Un honor conocerlo en persona y transmitirle el apoyo de bolivianos y bolivianas que entendemos que la democracia en Venezuela está profundamente ligada a la democracia en nuestro país, y que en ambos países nadie se rinde. Me siento muy honrada de conocer y aprender de presidentes y líderes así en e… Ver más"
Jhanisse V. Daza,https://www.facebook.com/jhanisse,2025-06-17,,no,9330,0,2025-06-07,reel,/reel/1450495736086702/?s=single_unit&__cft__[0]=AZVIaI_K4kX5y0vhLrjw0u_ge2TmmcwRscEbFJVjX8ESUpGFJiAZI07V9bdEKF2-xneDOLk3XuqP82s-3lKbwNkQdYX05WvoKkHFv1CPniDgsdJwgjFLGbC0Ic7VppG2_Zake4RSNfVGpE_romqk1RZaiWmRRZUc7z7lqMOC0C4tD1pfRV11oycNh5yMXAa4V1A&__tn__=H-R,0,0,0,0,0,0,0,0,0,0,Nos llena de orgullo contarles que estuvimos en la Feria de Medioambiente de la Facultad de Humanidades de la Gabriel.
Jhanisse V. Daza,https://www.facebook.com/jhanisse,2025-06-17,,no,9330,0,2025-06-07,reel,/reel/1450495736086702/?s=single_unit&__cft__[0]=AZW8EK8dzvfFZ07SZ2X1PvdEhx0CSrOfv4CgPEaU4DlNJuqBAy1szpgeFUmGph5rnA_D4HTLGAMP8W7qQAvmJ5H5NtP8MfneRv3-k8Qqw90AJngUh6o4u9HL0vfjvuGG2ULHNKUSR_nj-iLxyYpRdZybj9LqciK_nZQXgobWo3lERLSZ33M42ZtLJAaJEnnm0-U&__tn__=H-R,0,0,0,0,0,0,0,0,0,0,Nos llena de orgullo contarles que estuvimos en la Feria de Medioambiente de la Facultad de Humanidades de la Gabriel.
Jhanisse V. Daza,https://www.facebook.com/jhanisse,2025-06-17,,no,9330,0,2025-06-08,post,https://www.facebook.com/share/p/1AisrrcvBC/,9,1,22,17,5,0,0,0,0,0,
Jhanisse V. Daza,https://www.facebook.com/jhanisse,2025-06-10,,no,9330,0,2025-06-08,post,https://www.facebook.com/share/p/1AqjTaFQo7/,9,1,22,0,0,0,0,0,0,0,
Jhanisse V. Daza,https://www.facebook.com/jhanisse,2025-06-13,,no,9330,0,2025-06-08,post,https://www.facebook.com/share/p/1EtXoBio2b/,9,1,22,0,0,0,0,0,0,0,
Jhanisse V. Daza,https://www.facebook.com/jhanisse,2025-06-17,,no,9330,0,2025-06-08,post,https://www.facebook.com/jhanisse/posts/pfbid02YU9rMPi1faPBMGmMSK3wYudwnwh4NuzDDN2g477ffPyjbAskfNbw314fkbVvtx45l,9,1,22,17,5,0,0,0,0,0,
Jhanisse V. Daza,https://www.facebook.com/jhanisse,2025-06-13,,no,9330,0,2025-06-10,post,https://www.facebook.com/share/p/1CT4beHVip/,3,0,16,0,0,0,0,0,0,0,
Jhanisse V. Daza,https://www.facebook.com/jhanisse,2025-06-17,,no,9330,0,2025-06-10,post,https://www.facebook.com/jhanisse/posts/pfbid0LLQR2d6UgdwxTUcExoTZK7DN9tzvkoyPeKZ1916A5e6szgZVwqtkjNRDvaWLRHtrl,3,0,17,11,5,0,0,0,0,1,
Jhanisse V. Daza,https://www.facebook.com/jhanisse,2025-06-17,,no,9330,0,2025-06-10,post,https://www.facebook.com/share/p/1Be7ZMk9dD/,3,0,17,11,5,0,0,0,0,1,
Jhanisse V. Daza,https://www.facebook.com/jhanisse,2025-06-13,,no,9330,0,2025-06-12,post,https://www.facebook.com/jhanisse/posts/pfbid0MiTE1mUg9KqeF8AXMWXPfqGWxsWdiwxZMdnzRXmniP8UoWW3wnHMK34ytZemGM4Al,0,0,6,0,0,0,0,0,0,0,
Jhanisse V. Daza,https://www.facebook.com/jhanisse,2025-06-17,,no,9330,0,2025-06-12,post,https://www.facebook.com/jhanisse/posts/pfbid0MN9DRUwCW4CG254nUNGQPg3pPctpY8Ju6q3yUrKkLyaCAQamXhCC7qjjTwtnSQM8l,0,0,7,0,0,0,0,0,0,0,
Jhanisse V. Daza,https://www.facebook.com/jhanisse,2025-06-23,,no,9330,0,2025-06-17,post,https://www.facebook.com/share/p/1A1rM4fqgf/,8,0,58,45,13,0,0,0,0,0,
Jhanisse V. Daza,https://www.facebook.com/jhanisse,2025-06-23,,no,9330,0,2025-06-17,post,https://www.facebook.com/share/p/16mCLngbZ1/,3,0,19,16,3,0,0,0,0,0,
Jhanisse V. Daza,https://www.facebook.com/jhanisse,2025-06-23,,no,9330,0,2025-06-17,post,https://www.facebook.com/share/p/19BrRdnogW/,16,3,166,116,48,0,0,0,0,2,"Hoy desperté con el corazón lleno de gratitud, emoción y orgullo. 
Formar parte de Cuidemos el Voto 2025 no es solo un compromiso ciudadano, es una declaración de amor por Bolivia.
Una apuesta por la unidad, más allá de colores e ideologías. Una convicción profunda de que sí es posible defender la democracia con organización, con tecnología, pero sobre todo, con personas.… Ver más"
Jhanisse V. Daza,https://www.facebook.com/jhanisse,2025-06-17,,no,9330,0,2025-06-17,post,https://www.facebook.com/jhanisse/posts/pfbid0NFueJnKUPVnKcV9rLudfizgPiKirwjTDqEmcwAj8XLVRsZhqyDKfnhHNukwf19v1l,0,0,5,5,0,0,0,0,0,0,
Jhanisse V. Daza,https://www.facebook.com/jhanisse,2025-06-23,,no,9330,0,2025-06-18,post,https://www.facebook.com/share/p/1RbQUwGAvB/,3,0,26,20,5,0,0,0,0,1,
Jhanisse V. Daza,https://www.facebook.com/jhanisse,2025-06-23,,no,9330,0,2025-06-21,post,https://www.facebook.com/share/p/1GBrNU3qit/,0,0,8,8,0,0,0,0,0,0,
Jhanisse V. Daza,https://www.facebook.com/jhanisse,2025-06-23,,no,9330,0,2025-06-23,post,https://www.facebook.com/share/p/1FbrrCYXF5/,1,0,8,6,2,0,0,0,0,0,
Jhanisse V. Daza,https://www.facebook.com/jhanisse,2025-06-23,,no,9330,0,2025-06-23,post,https://www.facebook.com/share/p/1AyasA9YQ4/,0,0,1,1,0,0,0,0,0,0,
Jhanisse V. Daza,https://www.facebook.com/jhanisse,2025-07-02,,no,9330,0,2025-06-26,post,https://www.facebook.com/share/p/1LDBzEBAJd/,1,0,47,34,13,0,0,0,0,0,
Jhanisse V. Daza,https://www.facebook.com/jhanisse,2025-07-02,,no,9330,0,2025-06-26,post,https://www.facebook.com/share/v/19TYrunXQn/,30,5,154,121,33,0,0,0,0,0,"¡Confirmamos el control electoral en las provincias del país! 
Desde los centros urbanos hasta los rincones más alejados, Bolivia está despertando.
Gracias a un acuerdo con los Comités Cívicos Provinciales, Cuidemos el Voto llegará también al área rural, tantas veces olvidada y hoy protagonista. 
�
Po… Ver más"
Jhanisse V. Daza,https://www.facebook.com/jhanisse,2025-07-02,,no,9330,0,2025-06-26,post,https://www.facebook.com/share/p/1AZWxy7zsJ/,2,0,11,11,0,0,0,0,0,0,
Jhanisse V. Daza,https://www.facebook.com/jhanisse,2025-07-02,,no,9330,0,2025-06-26,post,https://www.facebook.com/share/p/1AciBiYko9/,2,1,65,56,9,0,0,0,0,0,
Jhanisse V. Daza,https://www.facebook.com/jhanisse,2025-07-08,,no,9330,0,2025-07-03,post,https://www.facebook.com/share/p/1Es1Wzt891/,2,1,19,15,3,0,0,0,0,1,
Jhanisse V. Daza,https://www.facebook.com/jhanisse,2025-07-15,,no,9330,0,2025-07-12,post,https://www.facebook.com/share/p/14HAhDBaX9f/,2,0,12,10,2,0,0,0,0,0,
Jhanisse V. Daza,https://www.facebook.com/jhanisse,2025-07-15,,no,9330,0,2025-07-15,post,https://www.facebook.com/share/p/1AbkFL23Qw/,13,0,20,15,3,0,0,0,0,2," Gente linda de Sucre: Estamos buscando organizaciones, facultades, agrupaciones, plataformas, grupo universitarios, o cualquier grupo que quiera sumarse al control e… Ver más"
