nombre perfil,url perfil,creación del perfil,seguidores,seguidos,fecha post,url post,comparticiones,reacciones en total,me gusta,me encanta,me divierte,me entristece,me sorprende,me enoja,me importa,contenido
PAULA PAXI SUXO,https://www.facebook.com/profile.php?id=100076489905888,,165,0,2025-05-26,https://www.facebook.com/share/p/1AAkeri5WU/,1,,1,0,2,0,1,0,0,
PAULA PAXI SUXO,https://www.facebook.com/profile.php?id=100076489905888,,165,0,2025-05-26,https://www.facebook.com/share/p/1FqdWZwe3V/,0,,0,0,0,0,0,0,0,
PAULA PAXI SUXO,https://www.facebook.com/profile.php?id=100076489905888,,165,0,2025-05-26,https://www.facebook.com/share/p/1Hwg3544q5/,0,,0,0,0,0,0,0,0,
PAULA PAXI SUXO,https://www.facebook.com/profile.php?id=100076489905888,,165,0,2025-05-26,https://www.facebook.com/share/p/1FzXeGiTcC/,0,,3,0,0,0,0,0,0,
PAULA PAXI SUXO,https://www.facebook.com/profile.php?id=100076489905888,,165,0,2025-05-27,https://www.facebook.com/share/p/19Bhy5om61/,0,,1,0,0,0,0,0,0,
PAULA PAXI SUXO,https://www.facebook.com/profile.php?id=100076489905888,,165,0,2025-05-27,https://www.facebook.com/share/p/1JCAPEJD3H/,2,,4,0,0,0,0,0,0,
PAULA PAXI SUXO,https://www.facebook.com/profile.php?id=100076489905888,,165,0,2025-05-27,https://www.facebook.com/share/p/14FSjngtEs6/,0,,1,0,0,0,0,0,0,
PAULA PAXI SUXO,https://www.facebook.com/profile.php?id=100076489905888,,165,0,2025-05-27,https://www.facebook.com/share/p/18wGa6KA8b/,0,,2,0,0,0,0,0,0,
PAULA PAXI SUXO,https://www.facebook.com/profile.php?id=100076489905888,,165,0,2025-05-27,https://www.facebook.com/share/p/16MaXdvsmi/,0,,0,0,0,0,0,0,0,
PAULA PAXI SUXO,https://www.facebook.com/profile.php?id=100076489905888,,165,0,2025-05-27,https://www.facebook.com/share/p/16X9gyxVer/,0,,0,0,0,0,0,0,0,
PAULA PAXI SUXO,https://www.facebook.com/profile.php?id=100076489905888,,165,0,2025-05-29,https://www.facebook.com/share/p/19AKyMvQ7X/,0,,0,0,0,0,0,0,0,
PAULA PAXI SUXO,https://www.facebook.com/profile.php?id=100076489905888,,165,0,2025-05-29,https://www.facebook.com/share/p/1A6KXg5bPe/,0,,0,0,0,0,0,0,0,
PAULA PAXI SUXO,https://www.facebook.com/profile.php?id=100076489905888,,165,0,2025-05-29,https://www.facebook.com/share/p/196KZQdHf6/,0,,4,0,0,0,0,0,0,
PAULA PAXI SUXO,https://www.facebook.com/profile.php?id=100076489905888,,165,0,2025-06-01,https://www.facebook.com/share/p/1AfCCtQnum/,0,,0,0,0,0,0,0,0,
PAULA PAXI SUXO,https://www.facebook.com/profile.php?id=100076489905888,,165,0,2025-06-01,https://www.facebook.com/share/p/1BvGC6r8vq/,0,,0,0,0,0,0,0,0,
PAULA PAXI SUXO,https://www.facebook.com/profile.php?id=100076489905888,,165,0,2025-06-02,https://www.facebook.com/share/p/16TSGzikJz/,0,,1,0,0,0,0,0,0,
