nombre perfil,url perfil,candidato identificado,creación del perfil,seguidores,seguidos,fecha post,tipo de post,url post,comparticiones,comentarios,reacciones en total,me gusta,me encanta,me divierte,me entristece,me sorprende,me enoja,me importa,contenido
Cinthia Guidi,https://www.facebook.com/profile.php?id=100089615726605,no,,3475,0,2025-06-07,post,https://www.facebook.com/share/p/16hxubxKUv/,1,0,7,6,0,1,0,0,0,0,
Cinthia Guidi,https://www.facebook.com/profile.php?id=100089615726605,no,,3475,0,2025-06-07,post,https://www.facebook.com/share/v/195oYk8eet/,67,2,98,85,11,0,0,0,0,2,
Cinthia Guidi,https://www.facebook.com/profile.php?id=100089615726605,no,,3475,0,2025-06-07,post,https://www.facebook.com/share/v/1abmWrcG1W/,112,0,89,85,2,1,0,0,1,0,
Cinthia Guidi,https://www.facebook.com/profile.php?id=100089615726605,no,,3475,0,2025-06-07,post,https://www.facebook.com/cinthya.sandi.321275/posts/pfbid0fXFXTTSvNeYGUgwBLqDeaFbA6DTLfx2NjT5cvdwCsgy3cfaK8diJGZaTNrU4iK8wl,8,0,46,16,0,2,12,1,15,0,
Cinthia Guidi,https://www.facebook.com/profile.php?id=100089615726605,no,,3475,0,2025-06-07,post,https://www.facebook.com/share/p/1CUSxH9fk7/,3,0,41,36,3,2,0,0,0,0,
Cinthia Guidi,https://www.facebook.com/profile.php?id=100089615726605,no,,3475,0,2025-06-07,post,https://www.facebook.com/share/p/19DShsm1fa/,7,0,39,37,1,1,0,0,0,0,
Cinthia Guidi,https://www.facebook.com/profile.php?id=100089615726605,no,,3475,0,2025-06-07,post,https://www.facebook.com/cinthya.sandi.321275/posts/pfbid0ukLKyr7L3cYUdyyAX8n5dDhmFC8gTHGqsn18rvixFUuy9YbW6h2DMJ5S3Ks7nq3Hl,2,1,54,48,4,2,0,0,0,0,
Cinthia Guidi,https://www.facebook.com/profile.php?id=100089615726605,no,,3475,0,2025-06-07,post,https://www.facebook.com/cinthya.sandi.321275/posts/pfbid02iD6MFSZ9j4fUy98XeUaXoANBxnG2L4kEwkbqGBeLvUVGPBW222A5BEYPULYYcYH6l,6,1,47,43,1,2,0,0,1,0,
Cinthia Guidi,https://www.facebook.com/profile.php?id=100089615726605,no,,3475,0,2025-06-07,post,https://www.facebook.com/share/p/1FoKdwWnAL/,3,0,26,25,1,0,0,0,0,0,
Cinthia Guidi,https://www.facebook.com/profile.php?id=100089615726605,no,,3475,0,2025-06-07,reel,/reel/1897315221093393/?s=single_unit&__cft__[0]=AZUolGX7lm1bjZktJhMDRMHpkwY7GdF2b2dG_vNWxmQpS-nw66xJEjjbEzrvjiPm6N98xoGiiN4x73e265OI7wxpksGSWw6IQAps_DtDP2pQiYux73xA_5sEGDj-jJ3Qi7lSBoMyQuntdSAiT2t_zacAb4euken9ti8G7Ewl6AbrW3E7R2foYEjjE_sMh7n16pI&__tn__=H-R,0,0,0,0,0,0,0,0,0,0,#Cbba #EvoPueblo || Las 16 provincias y los distritos de Cochabamba toman la sede de los campesinos que es del pueblo y no del gobierno traidor y su d… Ver más
Cinthia Guidi,https://www.facebook.com/profile.php?id=100089615726605,no,,3475,0,2025-06-07,reel,/reel/719269064014020/?s=single_unit&__cft__[0]=AZWYP6z5JtB6mmeTjnyt-ay5y3FyGLYzsF-4zsFyUDR5FYAMwa4FhrjdD4EbgOGwhFq2olm-Ae0g9JvkiMajZZ2meGZ518omG4UG6X0RdwtFRUHEqz3sXjf8qT5biBs9oJ-5h_iqJfiB2cDbMuyWv3XjkAhrwQ3BNMW0auO6UWruTVkauByR62GUQEnBtauDoq4&__tn__=H-R,0,0,0,0,0,0,0,0,0,0,
Cinthia Guidi,https://www.facebook.com/profile.php?id=100089615726605,no,,3475,0,2025-06-07,reel,/reel/1402922230752831/?s=single_unit&__cft__[0]=AZWrar057qqoJIL70U1Gln-cEh2N1CF4NK4jxLe44N7IEgKIBssDX-Uk5enkUiAPNXzWAnkbujOsazfm_h2nPNaBTI_OWCvS07o5PnJ6g5l0feCoXhrlMgIr4lHiG0-oeHB5dC72BLTIMRkVTr4NiDIgSVjocnaKrR-v7Vy5jeSGpmoBIusC6X_ujbIDAD3Wet0&__tn__=H-R,0,0,0,0,0,0,0,0,0,0,Represión es la única respuesta del cobarde ratacora
Cinthia Guidi,https://www.facebook.com/profile.php?id=100089615726605,no,,3475,0,2025-06-07,post,https://www.facebook.com/share/p/16T68BjDca/,0,0,34,29,1,2,0,0,1,1,
Cinthia Guidi,https://www.facebook.com/profile.php?id=100089615726605,no,,3475,0,2025-06-07,post,https://www.facebook.com/share/p/1BoHVDQ73Q/,3,0,28,23,0,2,3,0,0,0,Renuncia ratacora
Cinthia Guidi,https://www.facebook.com/profile.php?id=100089615726605,no,,3475,0,2025-06-07,post,https://www.facebook.com/share/p/19Beh2xwrW/,3,0,23,20,1,1,0,0,1,0,
Cinthia Guidi,https://www.facebook.com/profile.php?id=100089615726605,no,,3475,0,2025-06-08,reel,/reel/634051816354423/?s=single_unit&__cft__[0]=AZVhFCeH3n9FHhik4CWjo5UkLwf0hvO3i0rKaSoynQFKk41JZSAh0XodHwXD8Wzv4XYzgTO6umEdDBmXRuxGpVlhVrZkMKwzb5Cq4_E2JwxUeNTXsKez2JFztdxD-ivE_9UGuPmpSlK7920emrsbq0G901NeqMKH6AyKgYDW3MOxln0WBPw5kaOhs-MdKIUxVv8&__tn__=H-R,0,0,0,0,0,0,0,0,0,0,"Trinidad , bloquean en protesta por la falta de diesel y gasolina ,se acabó el combustible hasta nuevo aviso según los dueños de surtidores . Renuncia… Ver más"
Cinthia Guidi,https://www.facebook.com/profile.php?id=100089615726605,no,,3475,0,2025-06-08,post,https://www.facebook.com/share/v/19PqXmsffd/,240,2,371,345,10,12,0,1,2,1,
Cinthia Guidi,https://www.facebook.com/profile.php?id=100089615726605,no,,3475,0,2025-06-08,post,https://www.facebook.com/share/p/19QDxCrtdg/,14,0,60,46,9,3,0,0,0,2,Viva Bolivia!!
Cinthia Guidi,https://www.facebook.com/profile.php?id=100089615726605,no,,3475,0,2025-06-08,post,https://www.facebook.com/cinthya.sandi.321275/posts/pfbid0i9VQXDBrMtMP7Md6KGiEiuzjnfkWwqV2YXm2NNV6vd5gZpiQXn3Mt5D6TNdAd3ngl,9,0,36,30,1,2,2,0,0,1,
Cinthia Guidi,https://www.facebook.com/profile.php?id=100089615726605,no,,3475,0,2025-06-08,reel,/reel/694803470062947/?s=single_unit&__cft__[0]=AZWzZBd-nAc9ibKKw78OVKc-nrcRfQCXbNsa_AItBEFpV9g41n3TIT8BnHfQYtSqYi5IgZsjt4TSjwDSNhdpfyiIkuHzlKz5fC7wcg2y10SrylgwoH6ZU9t0Ux1BLNHHM4joSl6NzZbA2HhLjoHY2pPY5JhR2qsN_gWtg2bQpYItTlHcGZiDdqeh-AFp-CI0Upw&__tn__=H-R,0,0,0,0,0,0,0,0,0,0,
Cinthia Guidi,https://www.facebook.com/profile.php?id=100089615726605,no,,3475,0,2025-06-08,post,https://www.facebook.com/share/p/1EH79eHVo3/,0,0,17,11,0,6,0,0,0,0,
Cinthia Guidi,https://www.facebook.com/profile.php?id=100089615726605,no,,3475,0,2025-06-08,post,https://www.facebook.com/share/p/18vaieQqDR/,6,0,22,6,0,2,0,5,9,0,
Cinthia Guidi,https://www.facebook.com/profile.php?id=100089615726605,no,,3475,0,2025-06-09,post,https://www.facebook.com/share/p/197pVr815i/,4,0,16,14,0,2,0,0,0,0,
Cinthia Guidi,https://www.facebook.com/profile.php?id=100089615726605,no,,3475,0,2025-06-09,reel,/reel/1220639549117429/?s=single_unit&__cft__[0]=AZXaobOeg9KXM4BVP-cwgxiq_ocNUoB3OE_7OCZmOyqQ6ynvGprv_d5Jk7_hBEQAlAeuWfYMnj7uGxtzx0KVtjvBGLa-FoKFcrhn3JOFvDitU5rXoHh5ZMKKuxxuZncbBGJE7TJNYyly9xIdfYYY0uhmjt4dJdqX1xEk7rztpvQVVpdaR5zHmvdNocYGsqqcIN0&__tn__=H-R,0,0,0,0,0,0,0,0,0,0,
