nombre perfil,url perfil,candidato identificado,creación del perfil,seguidores,seguidos,fecha post,tipo de post,url post,comparticiones,comentarios,reacciones en total,me gusta,me encanta,me divierte,me entristece,me sorprende,me enoja,me importa,contenido
TORIBIA LERO QUISPE,https://www.facebook.com/toribia.leroquispe,sí,,190,0,2025-07-21,post,2025-07-21,3,3,38,28,10,0,0,0,0,0,"Caminata por la UNIDAD 
Hoy en Cercado – Cochabamba, recorrimos por la Avenida Aroma, San Martin, Heroinas y Ayacucho, para socializar el programa de gobierno, Samuel… Ver más"
TORIBIA LERO QUISPE,https://www.facebook.com/toribia.leroquispe,sí,,190,0,2025-07-22,post,https://www.facebook.com/share/p/16bUpbEuu1/,7,1,35,26,9,0,0,0,0,0,"Inicia el Diálogo Nacional con candidatos a la vicepresidencia sobre Crisis Ambiental, organizado por la Plataforma por la Transparencia  y la Honestidad, en Cochabamba… Ver más"
TORIBIA LERO QUISPE,https://www.facebook.com/toribia.leroquispe,sí,,190,0,2025-07-23,post,https://www.facebook.com/share/p/16uZjJME7t/,2,1,17,14,3,0,0,0,0,0,"Hermanas  y hermanos en entrevista en el programa Perfil Político de SCM TV HD (canal 32.1)
Sígueme s enlace: … Ver más"
TORIBIA LERO QUISPE,https://www.facebook.com/toribia.leroquispe,sí,,190,0,2025-07-23,post,https://www.facebook.com/share/p/1QhXxP6fij/,2,0,6,5,0,0,0,0,1,0,
TORIBIA LERO QUISPE,https://www.facebook.com/toribia.leroquispe,sí,,190,0,2025-07-23,post,https://www.facebook.com/share/r/1B4nbbNXfq/,1,2,30,24,5,0,0,0,1,0,"Hoy, realizando la campaña en la Universidad Mayor de San Simón. ¡En 100 días es posible salir de la crisis económica! Con propuestas claras y acciones concretas, vamos… Ver más"
TORIBIA LERO QUISPE,https://www.facebook.com/toribia.leroquispe,sí,,190,0,2025-07-24,post,https://www.facebook.com/share/p/1CWqTztC35/,4,0,19,17,0,1,0,0,0,1,"Hermanas y hermanos, estoy en entrevista en el programa “Decidamos juntos” por Tele C Streaming. Les invito a seguir la transmisión.
… Ver más"
TORIBIA LERO QUISPE,https://www.facebook.com/toribia.leroquispe,sí,,190,0,2025-07-24,post,https://www.facebook.com/share/p/1FG6vHuqz6/,1,1,28,22,6,0,0,0,0,0,"Agradecida con los Dioses por tanta belleza, por el reencuentro con líderes y lideresas defensores de la memoria histórica, del Ayllu.
Como lo hicimos a fines se los añ… Ver más"
TORIBIA LERO QUISPE,https://www.facebook.com/toribia.leroquispe,sí,,190,0,2025-07-25,post,https://www.facebook.com/share/p/174nz9ztLi/,3,1,33,27,3,3,0,0,0,0,"Socializando el programa de gobierno Samuel presidente, Lupo vicepresidente!! La juventud, nuestros jovenes me dijeron que se horrorizan a veces cuando saben que van a … Ver más"
TORIBIA LERO QUISPE,https://www.facebook.com/toribia.leroquispe,sí,,190,0,2025-07-25,post,https://www.facebook.com/share/p/1Dz73HdWZ5/,0,3,12,4,0,0,8,0,0,0,"""Pilcomayo, río que daba vida, hoy agoniza"""
TORIBIA LERO QUISPE,https://www.facebook.com/toribia.leroquispe,sí,,190,0,2025-07-26,post,https://www.facebook.com/share/p/1EpLiNVu2F/,5,21,81,65,13,3,0,0,0,0,
TORIBIA LERO QUISPE,https://www.facebook.com/toribia.leroquispe,sí,,190,0,2025-07-27,post,https://www.facebook.com/share/p/16mRmd6den/,58,16,52,37,8,5,0,1,0,1,"Junto a Samuel Doria Medina, estamos en Buenos Aires -Argentina, recorriendo los mercados para dialogar con nuestros compatriotas, dar a conocer las propuestas de gobie… Ver más"
TORIBIA LERO QUISPE,https://www.facebook.com/toribia.leroquispe,sí,,190,0,2025-07-27,post,https://www.facebook.com/share/p/1GDWuBgCvB/,2,2,25,19,4,2,0,0,0,0,"En entrevista con Radio Líder, Argentina."
TORIBIA LERO QUISPE,https://www.facebook.com/toribia.leroquispe,sí,,190,0,2025-07-29,post,https://www.facebook.com/permalink.php?story_fbid=pfbid0LbVvDm51pG3pBGwnZjgVC82NGir6FKvGQ3tpYZnWSrzNeK1vB8RQLrrMS5jWg6L8l&id=100058274370517,0,0,1,1,0,0,0,0,0,0,"A los largo se los ultimos años, los ríos amazonicos en particular estan siendo contaminados con mercurio, que conlleva a la extincion de varios pueblos indigenas. Que … Ver más"
TORIBIA LERO QUISPE,https://www.facebook.com/toribia.leroquispe,sí,,190,0,2025-07-29,post,https://www.facebook.com/share/p/1BVwzuadmE/,3,5,17,15,0,2,0,0,0,0,"Evo Morales está boicoteando las Elecciones Generales porque solo le importa su candidatura ilegal.
Es parte de su naturaleza antidemocrática, no olvidemos que Morales … Ver más"
TORIBIA LERO QUISPE,https://www.facebook.com/toribia.leroquispe,sí,,190,0,2025-07-29,post,https://www.facebook.com/share/p/1LQtAiUve3/,1,6,8,7,0,0,0,1,0,0,"Pronunciamiento ante las declaraciones de la Presidenta del Perú, Dina Boluarte.
#BoliviaNoEsUnEstadoFallido"
