nombre perfil,url perfil,candidato identificado,creación del perfil,seguidores,seguidos,fecha post,tipo de post,url post,comparticiones,comentarios,reacciones en total,me gusta,me encanta,me divierte,me entristece,me sorprende,me enoja,me importa,contenido
Andrea Cabrera Zambrana ,https://www.facebook.com/andrea.cabrera.1023611,no,,11000,1500,2025-06-30,post,https://www.facebook.com/share/p/19SdaF9q51/,0,2,29,13,1,2,1,10,2,0,Malditos masistas
Andrea Cabrera Zambrana ,https://www.facebook.com/andrea.cabrera.1023611,no,,11000,1500,2025-06-30,post,https://www.facebook.com/share/p/1Us6WfMgGS/,0,0,3,3,0,0,0,0,0,0,
Andrea Cabrera Zambrana ,https://www.facebook.com/andrea.cabrera.1023611,no,,11000,1500,2025-06-30,post,https://www.facebook.com/share/p/15v4zz9NYt/,0,0,2,2,0,0,0,0,0,0,
Andrea Cabrera Zambrana ,https://www.facebook.com/andrea.cabrera.1023611,no,,11000,1500,2025-07-01,post,https://www.facebook.com/share/p/1A95JYog8r/,0,2,3,2,0,0,0,0,0,1,
Andrea Cabrera Zambrana ,https://www.facebook.com/andrea.cabrera.1023611,no,,11000,1500,2025-07-01,post,https://www.facebook.com/share/p/1AuV36bbAJ/,60,11,27,15,1,3,0,2,6,0,Decite vos elayyyyyyyy!!!
