nombre perfil,url perfil,snapshot_date,creación del perfil,candidato identificado,seguidores,seguidos,fecha post,tipo de post,url post,comparticiones,comentarios,reacciones en total,me gusta,me encanta,me divierte,me entristece,me sorprende,me enoja,me importa,contenido
Batalla Cultural.Bo,https://www.facebook.com/profile.php?id=61574943372897,2025-06-03,2025-04-12,no,6900,0,2025-05-30,post,https://www.facebook.com/share/v/1Bc7NP5teN/,160,22,92,84,0,3,0,3,2,0,#NoMasSocialismo #Bolivia #ORGANIZACIONCRIMINAL
Batalla Cultural.Bo,https://www.facebook.com/profile.php?id=61574943372897,2025-06-03,2025-04-12,no,6900,0,2025-05-31,post,https://www.facebook.com/share/p/19Ux8Hc1eQ/,0,0,9,9,0,0,0,0,0,0,
Batalla Cultural.Bo,https://www.facebook.com/profile.php?id=61574943372897,2025-06-03,2025-04-12,no,6900,0,2025-05-31,post,https://www.facebook.com/share/v/16eDC33eoq/,249,158,667,626,23,12,0,2,1,3,#JaimeDunn #NoMasSocialismo #ElFuturoEsLiberal #Bolivia
Batalla Cultural.Bo,https://www.facebook.com/profile.php?id=61574943372897,2025-06-03,2025-04-12,no,6900,0,2025-05-31,post,https://www.facebook.com/share/v/19C6VEkjYB/,109,58,369,361,3,4,0,0,1,0,#JaimeDunn #NoMasSocialismo #ElFuturoEsLiberal #bolivia
Batalla Cultural.Bo,https://www.facebook.com/profile.php?id=61574943372897,2025-06-03,2025-04-12,no,6900,0,2025-06-01,post,https://www.facebook.com/share/v/1Aa4hF3kAf/,97,22,324,309,10,5,0,0,0,0,#JaimeDunn #NoMasSocialismo #ElFuturoEsLiberal #Bolivia
Batalla Cultural.Bo,https://www.facebook.com/profile.php?id=61574943372897,2025-06-03,2025-04-12,no,6900,0,2025-06-01,post,https://www.facebook.com/share/v/1CA1xzvKr2/,82,30,231,226,5,0,0,0,0,0,#JaimeDunn #NoMasSocialismo #ElFuturoEsLiberal #Bolivia
Batalla Cultural.Bo,https://www.facebook.com/profile.php?id=61574943372897,2025-06-03,2025-04-12,no,6900,0,2025-06-01,post,https://www.facebook.com/share/p/16YXLrfmuc/,0,0,3,3,0,0,0,0,0,0,
Batalla Cultural.Bo,https://www.facebook.com/profile.php?id=61574943372897,2025-06-03,2025-04-12,no,6900,0,2025-06-01,post,https://www.facebook.com/share/v/1CNZspQoCm/,320,66,617,590,12,8,0,5,2,0,#carcelparaevomorales #NoMasSocialismo #Bolivia
Batalla Cultural.Bo,https://www.facebook.com/profile.php?id=61574943372897,2025-06-03,2025-04-12,no,6900,0,2025-06-02,post,https://www.facebook.com/share/v/18L9G493wd/,9,2,8,8,0,0,0,0,0,0,#carcelparaevomorales #NoMasSocialismo #Bolivia #terroristas
