nombre perfil,url perfil,snapshot_date,creación del perfil,candidato identificado,seguidores,seguidos,fecha post,tipo de post,url post,comparticiones,comentarios,reacciones en total,me gusta,me encanta,me divierte,me entristece,me sorprende,me enoja,me importa,contenido
Roxana Pérez,https://www.facebook.com/RoxanaPerezDelCastillo,2025-05-22,2021-01-04,no,19000,0,2025-05-16,post,https://www.facebook.com/share/p/15EJyBPUvS/,0,3,,0,0,0,0,0,0,0,
Roxana Pérez,https://www.facebook.com/RoxanaPerezDelCastillo,2025-05-22,2021-01-04,no,19000,0,2025-05-16,post,https://www.facebook.com/share/p/12DM62yBcaQ/,0,4,,20,1,0,0,1,0,1,
Roxana Pérez,https://www.facebook.com/RoxanaPerezDelCastillo,2025-05-22,2021-01-04,no,19000,0,2025-05-17,post,https://www.facebook.com/share/p/12KUEfxf2hy/,0,3,,0,0,0,0,0,0,0,"En el Día Mundial del Internet,conminamos al alcalde #IvanArias cumplir de manera inmediata y urgente con la ""LEY DE IMPLEMENTACIÓN DE INTERNET GRATUITO A ESTUDIANTES E… Ver más"
Roxana Pérez,https://www.facebook.com/RoxanaPerezDelCastillo,2025-05-22,2021-01-04,no,19000,0,2025-05-18,post,https://www.facebook.com/share/p/18iyLtDeZK/,21,5,,14,4,1,0,0,0,0,"Todas las semanas estaré visitando el municipio, barrio por barrio, para abrazarnos, reencontrarnos y sobre todo trabajar por la #LaPazQueSoñamos.… Ver más"
Roxana Pérez,https://www.facebook.com/RoxanaPerezDelCastillo,2025-05-22,2021-01-04,no,19000,0,2025-05-18,post,not-found-post-url-93634,0,2,,0,0,0,0,0,0,0,
Roxana Pérez,https://www.facebook.com/RoxanaPerezDelCastillo,2025-05-22,2021-01-04,no,19000,0,2025-05-19,post,not-found-post-url--344409,0,0,,8,0,0,0,0,0,0,Hermosa semana para todos y todas
Roxana Pérez,https://www.facebook.com/RoxanaPerezDelCastillo,2025-05-22,2021-01-04,no,19000,0,2025-05-20,post,https://www.facebook.com/RoxanaPerezDelCastillo/posts/pfbid0283McSBnMPAxVeyDywwTdUmgBQapdBbpXx5xaLaX6qjXK9QW7hpTvLrVshGRL16kEl,0,21,,45,6,0,0,0,0,4,"Cuando el reconocimiento viene del pueblo, tiene un valor profundo. Gracias a la Junta de Vecinos de Santiago de Munaypata por este gesto que refuerza nuestro compromis… Ver más"
Roxana Pérez,https://www.facebook.com/RoxanaPerezDelCastillo,2025-05-23,2021-01-04,no,19000,0,2025-05-20,post,https://www.facebook.com/share/p/1Eth1F9TQd/,0,22,,53,8,2,0,0,0,4,"Cuando el reconocimiento viene del pueblo, tiene un valor profundo. Gracias a la Junta de Vecinos de Santiago de Munaypata por este gesto que refuerza nuestro compromis… Ver más"
Roxana Pérez,https://www.facebook.com/RoxanaPerezDelCastillo,2025-05-22,2021-01-04,no,19000,0,2025-05-21,post,not-found-post-url-475249,0,0,,0,0,0,0,0,0,0,
Roxana Pérez,https://www.facebook.com/RoxanaPerezDelCastillo,2025-05-23,2021-01-04,no,19000,0,2025-05-21,post,not-found-post-url-22197,0,0,,0,0,0,0,0,0,0,
Roxana Pérez,https://www.facebook.com/RoxanaPerezDelCastillo,2025-05-23,2021-01-04,no,19000,0,2025-05-22,post,https://www.facebook.com/share/p/18wuGEUzpn/,6,9,,18,3,1,0,0,0,3,"Todas las semanas estaré visitando el municipio, barrio por barrio, para abrazarnos, reencontrarnos y sobre todo trabajar por la #LaPazQueSoñamos.… Ver más"
Roxana Pérez,https://www.facebook.com/RoxanaPerezDelCastillo,2025-05-23,2021-01-04,no,19000,0,2025-05-23,post,https://www.facebook.com/share/p/1AYHcmBwco/,0,1,,0,0,0,0,0,0,0,
Roxana Pérez,https://www.facebook.com/RoxanaPerezDelCastillo,2025-05-23,2021-01-04,no,19000,0,2025-05-23,post,not-found-post-url-185975,0,9,,0,0,2,0,0,0,1,
Roxana Pérez,https://www.facebook.com/RoxanaPerezDelCastillo,2025-06-02,2021-01-04,no,19000,274,2025-05-26,post,https://www.facebook.com/share/p/16K818gwM3/,1,8,24,22,2,0,0,0,0,0,"La Paz sufre las consecuencias de una gestión municipal desorganizada: trámites estancados, obras paralizadas y decisiones sin rumbo. Esta columna refleja con claridad … Ver más"
Roxana Pérez,https://www.facebook.com/RoxanaPerezDelCastillo,2025-06-02,2021-01-04,no,19000,274,2025-05-27,post,https://www.facebook.com/share/p/1Lg44xCzhy/,0,10,19,18,1,0,0,0,0,0,En el  Día de las Heroínas de la Coronilla celebramos a mujeres valientes que defendieron su tierra con coraje y sacrificio. Su lucha no fue sólo contra un enemigo exte… Ver más
Roxana Pérez,https://www.facebook.com/RoxanaPerezDelCastillo,2025-06-02,2021-01-04,no,19000,274,2025-05-27,post,https://www.facebook.com/share/p/16GaSvV9Yc/,0,11,22,17,3,0,0,0,0,2,"Hoy celebramos a todas las mamás valientes, esas heroínas silenciosas que con amor infinito sostienen familias y transforman vidas. Su entrega y sacrificio diario hacen… Ver más"
Roxana Pérez,https://www.facebook.com/RoxanaPerezDelCastillo,2025-06-02,2021-01-04,no,19000,274,2025-05-29,post,https://www.facebook.com/share/p/1EmmjhJRdZ/,0,13,22,18,4,0,0,0,0,0,"Todas las semanas estaré visitando el municipio, barrio por barrio, para abrazarnos, reencontrarnos y sobre todo trabajar por la #LaPazQueSoñamos.… Ver más"
Roxana Pérez,https://www.facebook.com/RoxanaPerezDelCastillo,2025-06-02,2021-01-04,no,19000,274,2025-05-30,post,https://www.facebook.com/share/p/1c3qXkSnk1/,0,1,8,7,0,0,0,1,0,0,¿Porqué la alcaldía y subalcaldía de San Antonio está realizando ingerencia hacia las instancias cívicas de nuestro Municipio? … Ver más
Roxana Pérez,https://www.facebook.com/RoxanaPerezDelCastillo,2025-06-02,2021-01-04,no,19000,274,2025-05-30,post,https://www.facebook.com/RoxanaPerezDelCastillo/posts/pfbid0MGZhdgHnCshAVU5TsMKXFSbVyuRuKu4CcohyWLGvnBAUMqzqWSjguZAPjxFH5wDjl,1,0,6,6,0,0,0,0,0,0,
Roxana Pérez,https://www.facebook.com/RoxanaPerezDelCastillo,2025-06-02,2021-01-04,no,19000,274,2025-05-31,post,https://www.facebook.com/RoxanaPerezDelCastillo/posts/pfbid0NceeLavdzQu3Y1G1LDGD6RaoYDdr5U3rzXcNLAy6XrXMPt5jq3KRoECTe5ahyf4pl,0,0,2,2,0,0,0,0,0,0,
Roxana Pérez,https://www.facebook.com/RoxanaPerezDelCastillo,2025-06-02,2021-01-04,no,19000,274,2025-06-01,post,https://www.facebook.com/share/p/15egHFbHbm/,0,2,18,11,0,0,3,0,4,0,Los animales son seres vivos SUJETOS DE DERECHO. Su atención y rescate no pueden esperar la burocracia. Es INACEPTABLE que esto suceda con tanta ligereza y tan poca empatía
Roxana Pérez,https://www.facebook.com/RoxanaPerezDelCastillo,2025-06-02,2021-01-04,no,19000,274,2025-06-01,post,https://www.facebook.com/share/p/19AuGYNWJD/,20,5,22,17,2,0,0,0,0,3,"El #GobiernoAutónomoMunicipalDeLaPaz demuestra una vez más su falta de respeto y compromiso con nuestra gente. En Alto Villa Victoria, las áreas verdes están totalmente… Ver más"
Roxana Pérez,https://www.facebook.com/RoxanaPerezDelCastillo,2025-06-02,2021-01-04,no,19000,274,2025-06-02,post,https://www.facebook.com/share/p/1GpamjgphR/,0,2,8,4,0,0,4,0,0,0,"Nos adherimos al dolor de la familia y seres queridos por la partida de Elvia Moya, periodista de extensa trayectoria y compromiso con los sectores más vulnerables. Su … Ver más"
Roxana Pérez,https://www.facebook.com/RoxanaPerezDelCastillo,2025-06-02,2021-01-04,no,19000,274,2025-06-02,post,https://www.facebook.com/share/v/12MFXfvuEtA/,35,11,29,28,0,0,0,0,0,1,¡La Paz no se gobierna con mentiras!… Ver más
Roxana Pérez,https://www.facebook.com/RoxanaPerezDelCastillo,2025-06-02,2021-01-04,no,19000,274,2025-06-02,post,https://www.facebook.com/share/p/1E174daRNr/,34,15,16,9,0,0,0,2,5,0,¡SAQUEO MUNICIPAL EN ALTO VILLA VICTORIA!… Ver más
Roxana Pérez,https://www.facebook.com/RoxanaPerezDelCastillo,2025-06-10,2021-01-04,no,19000,0,2025-06-02,post,https://www.facebook.com/share/p/1Es9xNnAK7/,2,9,24,0,0,0,0,0,0,0,"Un día como hoy, la historia creyó que podía poner punto final a la vida de Adela Zamudio. Pero su pensamiento insurgente, su pluma valiente y su lucha por la justicia … Ver más"
Roxana Pérez,https://www.facebook.com/RoxanaPerezDelCastillo,2025-06-10,2021-01-04,no,19000,0,2025-06-02,post,https://www.facebook.com/share/p/1SGsXmyu34/,3,15,33,0,0,0,0,0,0,0,"La falta de empatía escudada en burocracia no sólo significa falta de atención y negligencia, es una señal de alerta para La Paz. La vulneración de los derechos tiene u… Ver más"
Roxana Pérez,https://www.facebook.com/RoxanaPerezDelCastillo,2025-06-10,2021-01-04,no,19000,0,2025-06-02,post,https://www.facebook.com/share/p/16U9rciRih/,0,8,26,0,0,0,0,0,0,0,"Nos adherimos al dolor de la familia y seres queridos por la partida de Elvia Moya, periodista de extensa trayectoria y compromiso con los sectores más vulnerables. Su … Ver más"
Roxana Pérez,https://www.facebook.com/RoxanaPerezDelCastillo,2025-06-10,2021-01-04,no,19000,0,2025-06-03,post,https://www.facebook.com/share/p/15wNQmzjo7/,1,17,54,0,0,0,0,0,0,0,"En las calles donde pocos se detienen, hay trabajo honesto, esfuerzo y sacrificio que sostienen vidas y familias. Reconocer y respetar a quienes con su labor silenciosa… Ver más"
Roxana Pérez,https://www.facebook.com/RoxanaPerezDelCastillo,2025-06-10,2021-01-04,no,19000,0,2025-06-04,post,https://www.facebook.com/share/p/15TrH8KbnT/,50,41,45,0,0,0,0,0,0,0,¿Nunca? Incluso con el mismo tono ...
Roxana Pérez,https://www.facebook.com/RoxanaPerezDelCastillo,2025-06-10,2021-01-04,no,19000,0,2025-06-04,post,https://www.facebook.com/share/p/1AagQKLkqk/,0,15,26,0,0,0,0,0,0,0,"En el eco vibrante de la historia resuena Antonio José de Sucre, faro de libertad y coraje inquebrantable. Su vida fue un fuego que iluminó el camino de la justicia y l… Ver más"
Roxana Pérez,https://www.facebook.com/RoxanaPerezDelCastillo,2025-06-10,2021-01-04,no,19000,0,2025-06-04,post,https://www.facebook.com/share/p/16hQe9ktFt/,1,12,30,0,0,0,0,0,0,0,"Por favor, se necesita más aerolíneas en nuestro país. El turismo como motor económico de La Paz se debe recuperar, recomponer y potenciar. Somos una ciudad de servicio… Ver más"
Roxana Pérez,https://www.facebook.com/RoxanaPerezDelCastillo,2025-06-10,2021-01-04,no,19000,0,2025-06-06,post,https://www.facebook.com/share/p/16gWpT2Vyu/,2,6,18,0,0,0,0,0,0,0,"TODOS HABLAN, DISCUTEN Y ANALIZAN A LOS POLÍTICOS, HOY, COMO LOS PRINCIPALES TRANSGRESORES DE LA PAZ SOCIAL. A veces pienso que la memoria colectiva no es selectiva, si… Ver más"
Roxana Pérez,https://www.facebook.com/RoxanaPerezDelCastillo,2025-06-10,2021-01-04,no,19000,0,2025-06-07,post,https://www.facebook.com/RoxanaPerezDelCastillo/posts/pfbid02yKwaf8bqHbdSxFKLuv3t8D2Uc3K5JH1HrMdJsAcgcVqFLiRt728Wy6G1TLgtYnUrl,0,0,9,0,0,0,0,0,0,0,
Roxana Pérez,https://www.facebook.com/RoxanaPerezDelCastillo,2025-06-10,2021-01-04,no,19000,0,2025-06-07,post,https://www.facebook.com/share/p/19CBhYTEu7/,0,1,21,0,0,0,0,0,0,0,
Roxana Pérez,https://www.facebook.com/RoxanaPerezDelCastillo,2025-06-10,2021-01-04,no,19000,0,2025-06-07,post,https://www.facebook.com/share/p/1DqZJwjdkq/,0,0,16,0,0,0,0,0,0,0,
Roxana Pérez,https://www.facebook.com/RoxanaPerezDelCastillo,2025-06-10,2021-01-04,no,19000,0,2025-06-07,post,https://www.facebook.com/share/p/1GKoptgem8/,0,1,13,0,0,0,0,0,0,0,
Roxana Pérez,https://www.facebook.com/RoxanaPerezDelCastillo,2025-06-10,2021-01-04,no,19000,0,2025-06-08,post,https://www.facebook.com/share/v/16XuhXF23f/,153,26,59,0,0,0,0,0,0,0," ¡Se llevaron todo y dejaron un Centro de Salud VACÍO!
¡… Ver más"
Roxana Pérez,https://www.facebook.com/RoxanaPerezDelCastillo,2025-06-10,2021-01-04,no,19000,0,2025-06-10,post,2025-06-10,2,15,16,0,0,0,0,0,0,0,
Roxana Pérez,https://www.facebook.com/RoxanaPerezDelCastillo,2025-06-10,2021-01-04,no,19000,0,2025-06-10,post,https://www.facebook.com/share/p/1BoS7Ei5QP/,0,5,84,0,0,0,0,0,0,0,"“La verdad es que yo sí quiero una historia bonita para contar, que alguien me pregunte cuando tenga sesenta o setenta años sobre el amor de mi vida y poder contarles q… Ver más"
