nombre perfil,url perfil,snapshot_date,creación del perfil,candidato identificado,seguidores,seguidos,fecha post,tipo de post,url post,comparticiones,comentarios,reacciones en total,me gusta,me encanta,me divierte,me entristece,me sorprende,me enoja,me importa,contenido
Sara Andrea,https://www.facebook.com/sarahandreabolivia,2025-06-13,2021-11-09,no,144000,5,2025-02-09,post,https://www.facebook.com/sarahandreabolivia/videos/657479733369111/,21,26,317,0,0,0,0,0,0,0,Examen de ingreso a la Universidad #bolivia #universidad #estudiantes
Sara Andrea,https://www.facebook.com/sarahandreabolivia,2025-06-13,2021-11-09,no,144000,5,2025-02-10,post,https://www.facebook.com/share/v/19FAqM8Bjh/,76,126,898,0,0,0,0,0,0,0,Cosas que escuchas en Bolivia… Ver más
Sara Andrea,https://www.facebook.com/sarahandreabolivia,2025-06-13,2021-11-09,no,144000,5,2025-02-11,post,https://www.facebook.com/sarahandreabolivia/videos/1686357165251277/,1300,446,5700,0,0,0,0,0,0,0,Historia de la diablada #bolivia
Sara Andrea,https://www.facebook.com/sarahandreabolivia,2025-06-13,2021-11-09,no,144000,5,2025-02-12,post,https://www.facebook.com/share/v/1EutpHdm23/,37,89,966,0,0,0,0,0,0,0,El novio de mi prima parte 1 #humor #comedia #chistes #bolivia
Sara Andrea,https://www.facebook.com/sarahandreabolivia,2025-06-13,2021-11-09,no,144000,5,2025-02-13,post,https://www.facebook.com/share/v/16Rmap4MJm/,72,32,503,0,0,0,0,0,0,0,Historia del Caporal #bolivia
Sara Andrea,https://www.facebook.com/sarahandreabolivia,2025-06-13,2021-11-09,no,144000,5,2025-02-13,post,https://www.facebook.com/share/v/16nTSQLbsu/,33,57,961,0,0,0,0,0,0,0,El novio de mi prima parte 2 #humor #comedia #chistes #bolivia
Sara Andrea,https://www.facebook.com/sarahandreabolivia,2025-06-13,2021-11-09,no,144000,5,2025-02-17,post,https://www.facebook.com/share/v/14pZscz7tw/,108,81,1400,0,0,0,0,0,0,0,Sport Carnaval de Oruro de Pizzas don Marco #bolivia
Sara Andrea,https://www.facebook.com/sarahandreabolivia,2025-06-13,2021-11-09,no,144000,5,2025-02-17,post,https://www.facebook.com/share/v/1HZPGNJEqt/,540,412,6000,0,0,0,0,0,0,0,Viva el carnaval de Oruro #bolivia
Sara Andrea,https://www.facebook.com/sarahandreabolivia,2025-06-13,2021-11-09,no,144000,5,2025-02-27,post,https://www.facebook.com/share/v/16UrbZMGVd/,466,323,4700,0,0,0,0,0,0,0,Curiosidades del Carnaval de Oruro #bolivia
Sara Andrea,https://www.facebook.com/sarahandreabolivia,2025-06-13,2021-11-09,no,144000,5,2025-03-09,post,https://www.facebook.com/share/v/14G1DL8JmtE/,172,64,1200,0,0,0,0,0,0,0,La primera Fraternidad de Morenada del Mundo. Morenada Zona Norte #Bolivia
Sara Andrea,https://www.facebook.com/sarahandreabolivia,2025-06-13,2021-11-09,no,144000,5,2025-03-17,post,https://www.facebook.com/share/v/1NKrVz3vPx/,904,479,3800,0,0,0,0,0,0,0,Vehículos que no tengan registro propietario no podrán cargar combustible #news #noticias #bolivia
Sara Andrea,https://www.facebook.com/sarahandreabolivia,2025-06-13,2021-11-09,no,144000,5,2025-03-17,post,https://www.facebook.com/share/v/1JgwvhscmY/,28,44,689,0,0,0,0,0,0,0,Fue a hacer colar para cargar gasolina y su esposa le era infiel #humor #comedia #chistes #bolivia
Sara Andrea,https://www.facebook.com/sarahandreabolivia,2025-06-13,2021-11-09,no,144000,5,2025-03-19,post,https://www.facebook.com/sarahandreabolivia/videos/634832509170755/,468,229,2800,0,0,0,0,0,0,0,Dia del Padre en los colegios #humor #comedia #chistes #bolivia
Sara Andrea,https://www.facebook.com/sarahandreabolivia,2025-06-13,2021-11-09,no,144000,5,2025-04-02,post,https://www.facebook.com/share/v/16tTUXBXkD/,22,35,692,0,0,0,0,0,0,0,San Antonio le gana a Olimpia en Libertadores #bolivia #paraguay #futbol
Sara Andrea,https://www.facebook.com/sarahandreabolivia,2025-06-13,2021-11-09,no,144000,5,2025-04-03,post,https://www.facebook.com/share/v/1AWw9KGjzt/,72,80,1200,0,0,0,0,0,0,0,Jugos clásicos en Cochabamba #blog #storytime #bolivia
Sara Andrea,https://www.facebook.com/sarahandreabolivia,2025-06-13,2021-11-09,no,144000,5,2025-04-06,post,https://www.facebook.com/share/v/16oP1ej1Z6/,93,54,909,0,0,0,0,0,0,0,Ful de la Umss se autoprorroga un año más  #news #noticias #storytime #bolivia #universidad #estudiantes
Sara Andrea,https://www.facebook.com/sarahandreabolivia,2025-06-13,2021-11-09,no,144000,5,2025-04-07,post,https://www.facebook.com/share/v/19Xp9175bW/,32,28,366,0,0,0,0,0,0,0,Cuando el padre quiere un hijo futbolista #humor #comedia #chistes #bolivia
Sara Andrea,https://www.facebook.com/sarahandreabolivia,2025-06-13,2021-11-09,no,144000,5,2025-04-17,post,https://www.facebook.com/share/v/16c9KYkEZT/,11,35,224,0,0,0,0,0,0,0,Amparo Ballivian denuncia que Samuel Doria Medina no mostró encuestas #news #noticias #bolivia
Sara Andrea,https://www.facebook.com/sarahandreabolivia,2025-06-13,2021-11-09,no,144000,5,2025-04-18,post,https://www.facebook.com/sarahandreabolivia/videos/1176335090653970/,180,119,1700,0,0,0,0,0,0,0,Verdad a Medias no es Verdad #bolivia
Sara Andrea,https://www.facebook.com/sarahandreabolivia,2025-06-13,2021-11-09,no,144000,5,2025-04-19,post,https://www.facebook.com/share/v/1AuF5VBLC5/,57,90,759,0,0,0,0,0,0,0,Partidos políticos se inscribieron para las elecciones Presidenciales #news #noticias #bolivia
Sara Andrea,https://www.facebook.com/sarahandreabolivia,2025-06-13,2021-11-09,no,144000,5,2025-04-22,post,https://www.facebook.com/sarahandreabolivia/videos/513190815061085/,8,175,419,0,0,0,0,0,0,0,Cuando no te baja #humor #comedia #chistes #bolivia
Sara Andrea,https://www.facebook.com/sarahandreabolivia,2025-06-13,2021-11-09,no,144000,5,2025-04-22,post,https://www.facebook.com/share/v/18r5njDW27/,4,85,224,0,0,0,0,0,0,0,Alguien uso Honor? #bolivia #storytime
Sara Andrea,https://www.facebook.com/sarahandreabolivia,2025-06-13,2021-11-09,no,144000,5,2025-04-24,post,https://www.facebook.com/share/p/1BerbpqnXU/,126,38,702,0,0,0,0,0,0,0,C pasan 
Sara Andrea,https://www.facebook.com/sarahandreabolivia,2025-06-13,2021-11-09,no,144000,5,2025-04-25,post,https://www.facebook.com/share/v/15ZhrcXBbf/,39,49,487,0,0,0,0,0,0,0,Gente de Samuel Doria Medina impugna alianza de Tuto Quiroga #news #noticias #bolivia
Sara Andrea,https://www.facebook.com/sarahandreabolivia,2025-06-13,2021-11-09,no,144000,5,2025-04-28,post,https://www.facebook.com/sarahandreabolivia/videos/3854402738148068/,920,177,2700,0,0,0,0,0,0,0,Buenas noticias para los Ex Presidentes #bolivia
Sara Andrea,https://www.facebook.com/sarahandreabolivia,2025-06-13,2021-11-09,no,144000,5,2025-04-29,post,https://www.facebook.com/share/v/16eD2abPPU/,85,424,1000,0,0,0,0,0,0,0,Magisterio rechaza el incremento Salarial. Lo llamaron Miserable  #news #noticias #bolivia
Sara Andrea,https://www.facebook.com/sarahandreabolivia,2025-06-13,2021-11-09,no,144000,5,2025-05-06,post,https://www.facebook.com/share/v/12LFAKq6Zr3/,223,144,1600,0,0,0,0,0,0,0,Funcionario de La Paz es atropellado #news #noticias #bolivia
Sara Andrea,https://www.facebook.com/sarahandreabolivia,2025-06-13,2021-11-09,no,144000,5,2025-05-06,post,https://www.facebook.com/share/v/16PmPUCsQL/,45,151,822,0,0,0,0,0,0,0,División en el Trópico de Cochabamba #news #noticias #bolivia
Sara Andrea,https://www.facebook.com/sarahandreabolivia,2025-06-13,2021-11-09,no,144000,5,2025-05-07,post,https://www.facebook.com/share/p/1F84iv12Ft/,47,155,1300,0,0,0,0,0,0,0,"Cuando me gusta bromear 
 
 
 "
Sara Andrea,https://www.facebook.com/sarahandreabolivia,2025-06-13,2021-11-09,no,144000,5,2025-05-08,post,https://www.facebook.com/share/p/12LeXLN1FWu/,1,27,103,0,0,0,0,0,0,0,"No sigan... Me lo wa creer.. Y me wa volver politiquera 
 
 
 
 "
Sara Andrea,https://www.facebook.com/sarahandreabolivia,2025-06-13,2021-11-09,no,144000,5,2025-05-11,post,https://www.facebook.com/share/v/16SUaN9dAD/,174,97,1200,0,0,0,0,0,0,0,Jaime Dunn y Edgar Uriona #humor #comedia #chistes #bolivia
Sara Andrea,https://www.facebook.com/sarahandreabolivia,2025-06-13,2021-11-09,no,144000,5,2025-05-11,post,https://www.facebook.com/share/p/16Goz4RMY9/,4,24,108,0,0,0,0,0,0,0,Esa necesidad constante de la gente  de menospreciar a las nuevas generaciones. Es siempre paso y siempre pasará 
Sara Andrea,https://www.facebook.com/sarahandreabolivia,2025-06-13,2021-11-09,no,144000,5,2025-05-12,post,https://www.facebook.com/share/p/1AcKJEoWzc/,11,17,247,0,0,0,0,0,0,0,"Mentira no es 
 
 
 "
Sara Andrea,https://www.facebook.com/sarahandreabolivia,2025-06-13,2021-11-09,no,144000,5,2025-05-13,post,https://www.facebook.com/share/v/16cCv3P6fQ/,50,269,1200,0,0,0,0,0,0,0,Luis Arce declina su candidatura #news #noticias #storytime
Sara Andrea,https://www.facebook.com/sarahandreabolivia,2025-06-13,2021-11-09,no,144000,5,2025-05-13,post,https://www.facebook.com/share/v/14zEbqvYLZ/,225,92,1500,0,0,0,0,0,0,0,Mientras tanto Samuel Doria Medina y Camacho  #humor #comedia #chistes #bolivia
Sara Andrea,https://www.facebook.com/sarahandreabolivia,2025-06-13,2021-11-09,no,144000,5,2025-05-16,post,https://www.facebook.com/share/v/16XMu8jJt4/,447,915,7000,0,0,0,0,0,0,0,Así fue Aprehendido Ponciano Santos #news #noticias #bolivia
Sara Andrea,https://www.facebook.com/sarahandreabolivia,2025-06-13,2021-11-09,no,144000,5,2025-05-16,post,https://www.facebook.com/sarahandreabolivia/videos/1898363421002087/,6,33,231,0,0,0,0,0,0,0,Por qué todos están hablando del HONOR 400 Lite HONOR Bolivia   #honor400lite #UnclickIA #humor #comedia #chistes #bolivia
Sara Andrea,https://www.facebook.com/sarahandreabolivia,2025-06-13,2021-11-09,no,144000,5,2025-05-19,post,https://www.facebook.com/sarahandreabolivia/videos/1035546248087515/,278,133,2000,0,0,0,0,0,0,0,Así se maneja las cosas en Bolivia #news #noticias #bolivia
Sara Andrea,https://www.facebook.com/sarahandreabolivia,2025-06-13,2021-11-09,no,144000,5,2025-05-20,post,https://www.facebook.com/sarahandreabolivia/videos/691989053425594/,57,132,815,0,0,0,0,0,0,0,Candidatos inscritos para las Elecciones #news #noticias #bolivia
Sara Andrea,https://www.facebook.com/sarahandreabolivia,2025-06-13,2021-11-09,no,144000,5,2025-05-23,post,https://www.facebook.com/sarahandreabolivia/videos/1261230868896357/,248,120,2100,0,0,0,0,0,0,0,Mientras tanto Andronico Rodriguez #humor #comedia #chistes #bolivia
Sara Andrea,https://www.facebook.com/sarahandreabolivia,2025-06-13,2021-11-09,no,144000,5,2025-05-24,post,https://www.facebook.com/share/p/19KN5jv7cz/,214,329,2200,0,0,0,0,0,0,0,"Me vale la vida privada de los políticos. Si tienen fotos ""casuales"" con alguien polémico, etc., por eso no hago videos sobre eso.
Pero algo que nunca, JAMÁS voy a pasar por alto —y que de verdad me enerva— es la discriminación.
Lo que pasa en el partido de Tuto Quiroga es vergonzoso.
Una lástima que haya gente que siga pensando así… ¿O sea, no queremos collas, pero sí queremos los votos de los collas?… Ver más"
Sara Andrea,https://www.facebook.com/sarahandreabolivia,2025-06-13,2021-11-09,no,144000,5,2025-05-26,post,https://www.facebook.com/share/v/16bb8n7b2D/,380,100,2700,0,0,0,0,0,0,0,En algunos mercados de Bolivia #humor #comedia #chistes #bolivia
Sara Andrea,https://www.facebook.com/sarahandreabolivia,2025-06-03,2021-11-09,no,144000,5,2025-05-27,post,https://www.facebook.com/share/p/1Gdumqsd3U/,17,164,2400,1600,742,21,0,13,0,26,Mami estoy entre los 100 periodistas más influyentes de América Latina en Tik Tok
Sara Andrea,https://www.facebook.com/sarahandreabolivia,2025-06-03,2021-11-09,no,144000,5,2025-05-27,post,https://www.facebook.com/share/v/16k7fi11bL/,52,298,3500,2900,514,62,0,10,2,26,Muchas Gracias #Bolivia
Sara Andrea,https://www.facebook.com/sarahandreabolivia,2025-06-13,2021-11-09,no,144000,5,2025-05-27,post,https://www.facebook.com/sarahandreabolivia/videos/1028582336006376/,54,312,3800,0,0,0,0,0,0,0,Muchas Gracias #Bolivia
Sara Andrea,https://www.facebook.com/sarahandreabolivia,2025-06-13,2021-11-09,no,144000,5,2025-05-27,post,https://www.facebook.com/sarahandreabolivia/posts/pfbid0tUjBiBydgbSEdxGVPbN81wkRDCPhH6wtrG6WTpYwQhanCYU7wzt4VC9cQAhnxNMBl,17,163,2400,0,0,0,0,0,0,0,Mami estoy entre los 100 periodistas más influyentes de América Latina en Tik Tok
Sara Andrea,https://www.facebook.com/sarahandreabolivia,2025-06-13,2021-11-09,no,144000,5,2025-05-28,post,https://www.facebook.com/share/v/1Bnihv7uRg/,679,182,3400,0,0,0,0,0,0,0,Así estamos en Bolivia #humor #comedia #chistes #bolivia
Sara Andrea,https://www.facebook.com/sarahandreabolivia,2025-06-03,2021-11-09,no,144000,5,2025-05-28,post,https://www.facebook.com/share/v/1HYsSLHw7E/,665,174,3300,2500,58,182,437,21,1,10,Así estamos en Bolivia #humor #comedia #chistes #bolivia
Sara Andrea,https://www.facebook.com/sarahandreabolivia,2025-06-03,2021-11-09,no,144000,5,2025-05-30,post,https://www.facebook.com/share/v/15hAfnHHQH/,221,171,1700,1100,23,537,6,13,4,2,El candidato a vicepresidente más inteligente #humor #comedia #chistes #bolivia
Sara Andrea,https://www.facebook.com/sarahandreabolivia,2025-06-13,2021-11-09,no,144000,5,2025-05-30,post,https://www.facebook.com/sarahandreabolivia/videos/9987722531314537/,233,178,1800,0,0,0,0,0,0,0,El candidato a vicepresidente más inteligente #humor #comedia #chistes #bolivia
Sara Andrea,https://www.facebook.com/sarahandreabolivia,2025-06-03,2021-11-09,no,144000,5,2025-05-30,post,https://www.facebook.com/share/p/12Ktqp9WQYY/,15,13,291,46,7,237,0,0,1,0,Mientras tanto algún candidato a la Vicepresidencia 
Sara Andrea,https://www.facebook.com/sarahandreabolivia,2025-06-13,2021-11-09,no,144000,5,2025-05-30,post,https://www.facebook.com/share/p/1BzTr69PRZ/,15,15,299,0,0,0,0,0,0,0,Mientras tanto algún candidato a la Vicepresidencia 
Sara Andrea,https://www.facebook.com/sarahandreabolivia,2025-06-10,2021-11-09,no,144000,5,2025-06-02,post,https://www.facebook.com/share/p/1AZ7ZCKrKp/,11,21,221,0,0,0,0,0,0,0,Empezó Junio 
Sara Andrea,https://www.facebook.com/sarahandreabolivia,2025-06-03,2021-11-09,no,144000,5,2025-06-02,post,https://www.facebook.com/share/p/19RuK2E7Lz/,10,18,200,37,8,154,0,0,0,1,Empezó Junio 
Sara Andrea,https://www.facebook.com/sarahandreabolivia,2025-06-13,2021-11-09,no,144000,5,2025-06-02,post,https://www.facebook.com/sarahandreabolivia/videos/1019034646986038/,312,39,1500,0,0,0,0,0,0,0,Centro de acogida para niños con discapacidad en Bolivia #bolivia #niños #cochabamba
Sara Andrea,https://www.facebook.com/sarahandreabolivia,2025-06-13,2021-11-09,no,144000,5,2025-06-02,post,https://www.facebook.com/share/p/1Dk785WdMS/,11,21,221,0,0,0,0,0,0,0,Empezó Junio 
Sara Andrea,https://www.facebook.com/sarahandreabolivia,2025-06-03,2021-11-09,no,144000,5,2025-06-02,post,https://www.facebook.com/share/v/19jFu77HcG/,222,27,1100,920,174,0,20,1,0,21,Centro de acogida para niños con discapacidad en Bolivia #bolivia #niños #cochabamba
Sara Andrea,https://www.facebook.com/sarahandreabolivia,2025-06-10,2021-11-09,no,144000,5,2025-06-02,post,https://www.facebook.com/sarahandreabolivia/videos/1019034646986038/,311,39,1500,0,0,0,0,0,0,0,Centro de acogida para niños con discapacidad en Bolivia #bolivia #niños #cochabamba
Sara Andrea,https://www.facebook.com/sarahandreabolivia,2025-06-10,2021-11-09,no,144000,5,2025-06-04,post,https://www.facebook.com/share/v/1Fy8z5spZ7/,19,116,548,0,0,0,0,0,0,0,"Paso de cebra con Bandera LGBT 
 O Bandera Cruceña 
 #news #noticias #bolivia"
Sara Andrea,https://www.facebook.com/sarahandreabolivia,2025-06-10,2021-11-09,no,144000,5,2025-06-04,post,https://www.facebook.com/sarahandreabolivia/videos/1923192291750387/,223,118,1000,0,0,0,0,0,0,0,No puden renunciar los Vocales del Tribunal Supremo electoral #news #noticias #bolivia
Sara Andrea,https://www.facebook.com/sarahandreabolivia,2025-06-13,2021-11-09,no,144000,5,2025-06-04,post,https://www.facebook.com/share/v/1DxNvnFsZH/,227,122,1000,0,0,0,0,0,0,0,No puden renunciar los Vocales del Tribunal Supremo electoral #news #noticias #bolivia
Sara Andrea,https://www.facebook.com/sarahandreabolivia,2025-06-13,2021-11-09,no,144000,5,2025-06-04,post,https://www.facebook.com/share/v/16E6WMDC4a/,19,117,553,0,0,0,0,0,0,0,"Paso de cebra con Bandera LGBT 
 O Bandera Cruceña 
 #news #noticias #bolivia"
Sara Andrea,https://www.facebook.com/sarahandreabolivia,2025-06-10,2021-11-09,no,144000,5,2025-06-05,post,https://www.facebook.com/sarahandreabolivia/videos/1261145145631460/,9,17,253,0,0,0,0,0,0,0,Ganas de unas vacaciones #humor #comedia #chistes #bolivia
Sara Andrea,https://www.facebook.com/sarahandreabolivia,2025-06-10,2021-11-09,no,144000,5,2025-06-05,post,https://www.facebook.com/sarahandreabolivia/videos/2214374785687872/,4,11,198,0,0,0,0,0,0,0,La inteligencia artificial es asombrosa HONOR Bolivia   #humor #comedia #chistes #bolivia #HONOR400Lite #UnclickIA #UnclickyYa #BorradorIA
Sara Andrea,https://www.facebook.com/sarahandreabolivia,2025-06-13,2021-11-09,no,144000,5,2025-06-05,post,https://www.facebook.com/sarahandreabolivia/videos/2214374785687872/,4,11,200,0,0,0,0,0,0,0,La inteligencia artificial es asombrosa HONOR Bolivia   #humor #comedia #chistes #bolivia #HONOR400Lite #UnclickIA #UnclickyYa #BorradorIA
Sara Andrea,https://www.facebook.com/sarahandreabolivia,2025-06-13,2021-11-09,no,144000,5,2025-06-05,post,https://www.facebook.com/share/v/1AwFL5XvzQ/,9,17,258,0,0,0,0,0,0,0,Ganas de unas vacaciones #humor #comedia #chistes #bolivia
Sara Andrea,https://www.facebook.com/sarahandreabolivia,2025-06-13,2021-11-09,no,144000,5,2025-06-06,post,https://www.facebook.com/sarahandreabolivia/posts/pfbid036tXisWtwJ6upTiULDdETe1zG3LKHEMfXYd5kRmMqZ3j8jidM5szWk4uZcccwxgvul,63,74,451,0,0,0,0,0,0,0,Una duda.. Cual somos nosotros? 
Sara Andrea,https://www.facebook.com/sarahandreabolivia,2025-06-10,2021-11-09,no,144000,5,2025-06-06,post,https://www.facebook.com/sarahandreabolivia/posts/pfbid036ajCc1bUJ5yQrQcYUGg3ncunvwEJ8efdaTtViLNboCaVK9yXkx7esty3JfK2aiV8l,63,74,452,0,0,0,0,0,0,0,Una duda.. Cual somos nosotros? 
Sara Andrea,https://www.facebook.com/sarahandreabolivia,2025-06-10,2021-11-09,no,144000,5,2025-06-09,post,https://www.facebook.com/share/v/158xSrXfTJ/,310,178,1300,0,0,0,0,0,0,0,Chóferes denuncian que no les dejan comprar comida #bolivia
Sara Andrea,https://www.facebook.com/sarahandreabolivia,2025-06-13,2021-11-09,no,144000,5,2025-06-09,post,https://www.facebook.com/share/v/1C7XcYwy5C/,435,241,1800,0,0,0,0,0,0,0,Chóferes denuncian que no les dejan comprar comida #bolivia
