nombre perfil,url perfil,candidato identificado,creación del perfil,seguidores,seguidos,fecha post,tipo de post,url post,comparticiones,comentarios,reacciones en total,me gusta,me encanta,me divierte,me entristece,me sorprende,me enoja,me importa,contenido
Erika J. Rivera,https://www.facebook.com/erikajimena.riveravargas,no,,5300,335,2025-07-01,post,https://www.facebook.com/share/p/1HdedTmBys/,2,0,3,2,0,0,0,0,0,1,
Erika J. Rivera,https://www.facebook.com/erikajimena.riveravargas,no,,5300,335,2025-07-02,post,https://www.facebook.com/share/p/16gSpYBEQ1/,0,0,4,3,1,0,0,0,0,0,
Erika J. Rivera,https://www.facebook.com/erikajimena.riveravargas,no,,5300,335,2025-07-05,post,https://www.facebook.com/share/p/14EqtZKo371/,1,0,3,3,0,0,0,0,0,0,
Erika J. Rivera,https://www.facebook.com/erikajimena.riveravargas,no,,5300,335,2025-07-07,post,https://www.facebook.com/share/p/1CKYMHPwMf/,0,0,1,0,1,0,0,0,0,0,
Erika J. Rivera,https://www.facebook.com/erikajimena.riveravargas,no,,5300,335,2025-07-08,post,https://www.facebook.com/share/p/19Na2qtRLD/,0,0,1,0,1,0,0,0,0,0,
