nombre perfil,url perfil,snapshot_date,creación del perfil,candidato identificado,seguidores,seguidos,fecha post,tipo de post,url post,comparticiones,comentarios,reacciones en total,me gusta,me encanta,me divierte,me entristece,me sorprende,me enoja,me importa,contenido
MARY ISABEL DEL LLANO ARCHONDO,https://www.facebook.com/mary.delllano,2025-06-05,,sí,0,0,2025-01-13,post,https://www.facebook.com/share/12Kywydxboo/,0,11,73,39,32,0,0,0,0,2,
MARY ISABEL DEL LLANO ARCHONDO,https://www.facebook.com/mary.delllano,2025-06-05,,sí,0,0,2025-01-13,post,https://www.facebook.com/share/15WPmyprdM/,1,6,54,28,24,0,0,0,0,2,
MARY ISABEL DEL LLANO ARCHONDO,https://www.facebook.com/mary.delllano,2025-06-05,,sí,0,0,2025-03-15,post,https://www.facebook.com/share/p/1GCJuj5goH/,0,0,1,1,0,0,0,0,0,0,
MARY ISABEL DEL LLANO ARCHONDO,https://www.facebook.com/mary.delllano,2025-06-05,,sí,0,0,2025-03-16,post,https://www.facebook.com/share/p/19CUswbMwn/,0,0,4,0,3,0,0,0,0,1,
