nombre perfil,url perfil,snapshot_date,creación del perfil,candidato identificado,seguidores,seguidos,fecha post,tipo de post,url post,comparticiones,comentarios,reacciones en total,me gusta,me encanta,me divierte,me entristece,me sorprende,me enoja,me importa,contenido
Carla Sandy Claure ,https://www.facebook.com/carla.sandy.007,2025-06-02,2009-01-13,no,10000,0,2025-05-27,post,https://www.facebook.com/share/p/1Ff8TFF4sa/,1,6,,0,0,0,0,0,0,0,"Ella me sana con una palabra ,
Ella me reprende cuando es necesario,… Ver más"
Carla Sandy Claure ,https://www.facebook.com/carla.sandy.007,2025-06-02,2009-01-13,no,10000,0,2025-05-27,post,https://www.facebook.com/share/p/1QhmsYpaoc/,0,2,,2,0,0,0,1,1,0,"Sigan soñando ……
Mientras la Ley de Proclusion  no sea aprobada en Senadores ; la elección de agosto está en RIESGO y nadie se da cuenta."
Carla Sandy Claure ,https://www.facebook.com/carla.sandy.007,2025-06-02,2009-01-13,no,10000,0,2025-05-28,post,https://www.facebook.com/share/p/1BWz6uXbKs/,7,2,,47,1,0,0,0,0,0,
Carla Sandy Claure ,https://www.facebook.com/carla.sandy.007,2025-06-02,2009-01-13,no,10000,0,2025-05-28,post,https://www.facebook.com/share/p/1AftvVJNjR/,3,29,,11,0,38,0,4,13,0,
Carla Sandy Claure ,https://www.facebook.com/carla.sandy.007,2025-06-02,2009-01-13,no,10000,0,2025-05-29,post,https://www.facebook.com/share/p/16foz9KTjU/,4,2,,0,0,0,0,0,0,0,Que gran verdad 
Carla Sandy Claure ,https://www.facebook.com/carla.sandy.007,2025-06-02,2009-01-13,no,10000,0,2025-05-30,post,https://www.facebook.com/share/v/1LgE2X6DGD/,4,22,,6,1,20,1,6,2,0,Yo creyendo que debemos debatir y proponer como candidato a vicepresidente como salir de la crisis política y económica en la que está sumida Bolivia y el vice de Tuto … Ver más
Carla Sandy Claure ,https://www.facebook.com/carla.sandy.007,2025-06-02,2009-01-13,no,10000,0,2025-05-31,post,https://www.facebook.com/share/p/1HZ6RLb2T7/,0,4,,0,0,0,0,0,0,2,"""Somos lo que nadie ve...una colección de historias, recuerdos, dolores, alegrías , tragedias, bondades, éxitos, fracasos, pensamientos, pasiones, sentimientos y emocio… Ver más"
Carla Sandy Claure ,https://www.facebook.com/carla.sandy.007,2025-06-02,2009-01-13,no,10000,0,2025-06-01,post,https://www.facebook.com/share/p/1BdkkrG15v/,5,41,,0,0,0,0,0,0,0,"Ahora TUTO respetará la encuesta y al ser segundo bajará su candidatura ? 
O seguirá con su capricho de niño malcriado  queriendo hacer creer que es el primero ?… Ver más"
Carla Sandy Claure ,https://www.facebook.com/carla.sandy.007,2025-06-11,2009-01-13,no,10000,0,2025-06-05,post,https://www.facebook.com/share/p/1EoKTRc1vP/,3,31,58,0,0,0,0,0,0,0,"Justo el día que se queda de Presidente Interino el TCP le devuelve la personeria a Andronico .
Que casualidad no ? … Ver más"
Carla Sandy Claure ,https://www.facebook.com/carla.sandy.007,2025-06-11,2009-01-13,no,10000,0,2025-06-05,post,https://www.facebook.com/share/p/1AffNoGU8Q/,0,4,15,0,0,0,0,0,0,0,"Mi Jesús, el precio en la cruz El pago,
Su sangre mi alma lavo …
Y El sufrió por nuestros dolores sufrió,
Herido por cada quebranto de mi corazón..… Ver más"
Carla Sandy Claure ,https://www.facebook.com/carla.sandy.007,2025-06-11,2009-01-13,no,10000,0,2025-06-07,post,https://www.facebook.com/share/p/1ERBNu5gA9/,0,0,16,0,0,0,0,0,0,0,
Carla Sandy Claure ,https://www.facebook.com/carla.sandy.007,2025-06-11,2009-01-13,no,10000,0,2025-06-07,post,https://www.facebook.com/carla.sandy.007/posts/pfbid0WP38FD8QfB9Wzc2LZhsVSMYPBHsMczts4ksurZCoNk9QrpEQkhgbgsFMvBJj66Ekl,5,8,40,0,0,0,0,0,0,0,"Solo en Bolivia 
 
Una ambulancia atacada , ni en tiempos de guerra …."
Carla Sandy Claure ,https://www.facebook.com/carla.sandy.007,2025-06-11,2009-01-13,no,10000,0,2025-06-08,post,https://www.facebook.com/share/p/18e69iGsVy/,4,29,42,0,0,0,0,0,0,0," RESULTADOS DE ESTA REUNIÓN:
- En resumen: CADA UNO IRÁ POR SU LADO .… Ver más"
Carla Sandy Claure ,https://www.facebook.com/carla.sandy.007,2025-06-11,2009-01-13,no,10000,0,2025-06-09,post,https://www.facebook.com/share/p/16azn3ykNQ/,45,6,50,0,0,0,0,0,0,0," La Franja Roja es lo que los EVISTAS denominan ""EL PUEBLO BOLIVIANO"" los últimos años. 
Ese es ""El Pueblo"" que le pidió incumplir el 21F. … Ver más"
Carla Sandy Claure ,https://www.facebook.com/carla.sandy.007,2025-06-11,2009-01-13,no,10000,0,2025-06-09,post,https://www.facebook.com/share/p/18ek6JtaCH/,4,7,26,0,0,0,0,0,0,0,"Bolivia está en su crisis más profunda .
El Chapare vive con sus propias normas y nadie puede ingresar a poner orden .… Ver más"
Carla Sandy Claure ,https://www.facebook.com/carla.sandy.007,2025-06-11,2009-01-13,no,10000,0,2025-06-10,post,https://www.facebook.com/share/p/1B4oei449B/,3,0,25,0,0,0,0,0,0,0,"El hombre que come con calma es el hombre que controla su vida. Comer lento no es una moda, es un acto de dominio y autocontrol. No hay prisa cuando sabes que cada boca… Ver más"
Carla Sandy Claure ,https://www.facebook.com/carla.sandy.007,2025-06-11,2009-01-13,no,10000,0,2025-06-11,post,https://www.facebook.com/share/p/19DrkX5vTn/,3,20,25,0,0,0,0,0,0,0,"En su gobierno se implementa el SUBSIDIO a los HIDROCARBUROS, uno de los motivos por el cual hoy nuestra economía está en agonia .
Responsable de haberlo sacado del paí… Ver más"
Carla Sandy Claure ,https://www.facebook.com/carla.sandy.007,2025-06-11,2009-01-13,no,10000,0,2025-06-11,post,https://www.facebook.com/share/p/1Ehz3kRmwR/,12,3,25,0,0,0,0,0,0,0,Oramos por Llallagua 
Carla Sandy Claure ,https://www.facebook.com/carla.sandy.007,2025-06-11,2009-01-13,no,10000,0,2025-06-11,post,https://www.facebook.com/share/p/16W3p1JUNT/,6,4,40,0,0,0,0,0,0,0,"Con el terrorismo no se NEGOCIA nunca .
Que Dios nos haga JUSTICIA .… Ver más"
Carla Sandy Claure ,https://www.facebook.com/carla.sandy.007,2025-06-11,2009-01-13,no,10000,0,2025-06-11,post,https://www.facebook.com/share/p/1AauvNZBdD/,3,7,25,0,0,0,0,0,0,0,"El LOBO vestido de OVEJA .
El que bloqueo todos los créditos en la Asamblea Legislativa por órdenes de Evo Morales , su gestión completamente deficiente .… Ver más"
Carla Sandy Claure ,https://www.facebook.com/carla.sandy.007,2025-06-11,2009-01-13,no,10000,0,2025-06-11,post,https://www.facebook.com/share/p/12M2328a8eS/,3,12,62,0,0,0,0,0,0,0,"El peor error  de Jeanine Añez Chavez y su gobierno NO FUE , ANULAR  LA SIGLA DEL MAS DESPUÉS DEL FRAUDE de Octubre del 2019, era el único mandato que tenía y llamar a elecciones , se emborrachó con el poder y hoy son las consecuencias . 
Hoy no estaríamos viviendo frente al amedrentamiento , saqueó y enfrentamiento entre Bolivianos.
La historia se repite una vez más .… Ver más"
Carla Sandy Claure ,https://www.facebook.com/carla.sandy.007,2025-06-11,2009-01-13,no,10000,0,2025-06-11,post,https://www.facebook.com/share/p/1AX7sp4p2w/,4,6,9,0,0,0,0,0,0,0,"Como Ministro de Planificación, vendió todas las empresas del Estado con el objetivo de recuperar la economía . … Ver más"
Carla Sandy Claure ,https://www.facebook.com/carla.sandy.007,2025-06-11,2009-01-13,no,10000,0,2025-06-11,post,https://www.facebook.com/share/p/16PJeWX36E/,6,8,37,0,0,0,0,0,0,0,Oramos por ti Bolivia 
Carla Sandy Claure ,https://www.facebook.com/carla.sandy.007,2025-06-23,2009-01-13,no,10000,0,2025-06-15,post,https://www.facebook.com/share/p/19PFagZt2H/,5,2,44,42,1,0,1,0,0,0,
Carla Sandy Claure ,https://www.facebook.com/carla.sandy.007,2025-06-23,2009-01-13,no,10000,0,2025-06-15,post,https://www.facebook.com/share/p/1FY76fx4R9/,0,1,19,3,0,0,16,0,0,0,"Santiago 4:13-14 RVR1960
¡Vamos ahora! los que decís: Hoy y mañana iremos a tal ciudad, y estaremos allá un año, y traficaremos, y ganaremos; cuando no sabéis lo que se… Ver más"
Carla Sandy Claure ,https://www.facebook.com/carla.sandy.007,2025-06-23,2009-01-13,no,10000,0,2025-06-15,post,https://www.facebook.com/share/p/19TEQMqZqz/,3,22,53,49,1,0,1,1,0,1,POR FIN !!!!!
Carla Sandy Claure ,https://www.facebook.com/carla.sandy.007,2025-06-23,2009-01-13,no,10000,0,2025-06-18,post,https://www.facebook.com/share/p/16UFJMVTkx/,0,0,3,3,0,0,0,0,0,0,Tomen en cuenta 
Carla Sandy Claure ,https://www.facebook.com/carla.sandy.007,2025-06-23,2009-01-13,no,10000,0,2025-06-19,post,https://www.facebook.com/share/p/1AgharfpVP/,0,0,12,7,2,2,1,0,0,0,"¿Quien ganará, David o Goliat?… Ver más"
Carla Sandy Claure ,https://www.facebook.com/carla.sandy.007,2025-06-23,2009-01-13,no,10000,0,2025-06-19,post,https://www.facebook.com/share/v/15uGcDRTJm/,1,5,13,9,4,0,0,0,0,0,Esta vez no será como ustedes quieren será como Dios lo decida . Bolivia 
Carla Sandy Claure ,https://www.facebook.com/carla.sandy.007,2025-06-23,2009-01-13,no,10000,0,2025-06-21,post,https://www.facebook.com/share/p/1CCdKvXAin/,1,24,22,8,0,12,0,1,1,0,Cual la diferencia ?
Carla Sandy Claure ,https://www.facebook.com/carla.sandy.007,2025-06-23,2009-01-13,no,10000,0,2025-06-21,post,https://www.facebook.com/share/p/16bdvG7yDA/,3,3,52,45,7,0,0,0,0,0,"¿Y SI FUERA TU HIJA? ¿SI FUERAS VOS?
Grave violación a la intimidad de Anabel Angus y Marco Antelo sacude a Bolivia
Un nuevo escándalo digital ha remecido la conciencia colectiva de los bolivianos. Esta vez no se trata de rumores, ni de ficción, ni de una producción planeada: se trata de la intimidad violada de dos personas públicas, dos seres humanos con rostro, con historia, con familia. La periodista y ex reina de belleza Anabel A… Ver más"
Carla Sandy Claure ,https://www.facebook.com/carla.sandy.007,2025-06-23,2009-01-13,no,10000,0,2025-06-21,post,https://www.facebook.com/share/p/1AyV73y8JE/,7,18,43,26,11,6,0,0,0,0,"Nota mental para mí 
 … Ver más"
Carla Sandy Claure ,https://www.facebook.com/carla.sandy.007,2025-06-23,2009-01-13,no,10000,0,2025-06-21,post,https://www.facebook.com/share/p/1Ai8mFSnit/,3,0,40,37,2,1,0,0,0,0,
Carla Sandy Claure ,https://www.facebook.com/carla.sandy.007,2025-07-01,2009-01-13,no,10000,0,2025-06-25,post,https://www.facebook.com/share/p/19KAAuX1Dd/,2,0,24,22,2,0,0,0,0,0,
Carla Sandy Claure ,https://www.facebook.com/carla.sandy.007,2025-07-01,2009-01-13,no,10000,0,2025-06-25,post,https://www.facebook.com/share/p/1C5dPn9XYQ/,0,1,24,20,4,0,0,0,0,0,
Carla Sandy Claure ,https://www.facebook.com/carla.sandy.007,2025-07-01,2009-01-13,no,10000,0,2025-06-27,post,https://www.facebook.com/share/p/1CAGkmJQHb/,1,0,27,26,1,0,0,0,0,0,
Carla Sandy Claure ,https://www.facebook.com/carla.sandy.007,2025-07-01,2009-01-13,no,10000,0,2025-07-01,post,https://www.facebook.com/share/p/15V7J3XjbH/,5,1,20,15,4,0,0,0,0,1,"En la cultura japonesa cuando un objeto se rompe, es reparado con resina y polvo de oro, plata o platino. Esta técnica de arte japonés se llama 𝐊𝐢𝐧𝐭𝐬𝐮𝐠𝐢. No ocultan el … Ver más"
Carla Sandy Claure ,https://www.facebook.com/carla.sandy.007,2025-07-08,2009-01-13,no,10000,0,2025-07-01,post,https://www.facebook.com/share/p/1CLzU4uwvR/,7,1,23,18,4,0,0,0,0,1,"En la cultura japonesa cuando un objeto se rompe, es reparado con resina y polvo de oro, plata o platino. Esta técnica de arte japonés se llama 𝐊𝐢𝐧𝐭𝐬𝐮𝐠𝐢. No ocultan el … Ver más"
Carla Sandy Claure ,https://www.facebook.com/carla.sandy.007,2025-07-08,2009-01-13,no,10000,0,2025-07-06,post,https://www.facebook.com/share/p/162RK7k42x/,1,0,19,17,2,0,0,0,0,0,
Carla Sandy Claure ,https://www.facebook.com/carla.sandy.007,2025-07-08,2009-01-13,no,10000,0,2025-07-07,post,https://www.facebook.com/share/16VLpPgZpQ/,0,39,118,79,36,0,0,0,0,3,"Bienvenidos 46 !
Recibo este nuevo año de la mano de Dios.… Ver más"
Carla Sandy Claure ,https://www.facebook.com/carla.sandy.007,2025-07-08,2009-01-13,no,10000,0,2025-07-07,post,https://www.facebook.com/share/p/19TmphPTcp/,0,60,130,87,37,0,0,1,0,5,"Celebrar un año más de vida es un privilegio y cumplirlo el mismo día con mi papá y hermano es una hermosa triple bendicion.
Bendigo sus vidas,  los amo ."
Carla Sandy Claure ,https://www.facebook.com/carla.sandy.007,2025-07-15,2009-01-13,no,10000,0,2025-07-08,post,https://www.facebook.com/share/p/1Auembs7wD/,0,1,12,7,3,0,0,0,0,2,"GRACIAS ….
Por cada palabra , 
Por cada abrazo ,
Por cada mensaje ,… Ver más"
Carla Sandy Claure ,https://www.facebook.com/carla.sandy.007,2025-07-15,2009-01-13,no,10000,0,2025-07-09,post,https://www.facebook.com/share/p/19ajgUVmTu/,8,3,38,36,2,0,0,0,0,0,
Carla Sandy Claure ,https://www.facebook.com/carla.sandy.007,2025-07-15,2009-01-13,no,10000,0,2025-07-13,post,https://www.facebook.com/share/p/15x2PuJ2FT/,2,0,14,12,2,0,0,0,0,0,Rumbo al #17A
Carla Sandy Claure ,https://www.facebook.com/carla.sandy.007,2025-07-15,2009-01-13,no,10000,0,2025-07-14,post,https://www.facebook.com/share/p/1FHmwWrDaH/,1,9,5,0,0,1,0,1,3,0,
