nombre perfil,url perfil,candidato identificado,creación del perfil,seguidores,seguidos,fecha post,tipo de post,url post,comparticiones,comentarios,reacciones en total,me gusta,me encanta,me divierte,me entristece,me sorprende,me enoja,me importa,contenido
SHIRLEY MALDONADO ALVAREZ,https://www.facebook.com/profile.php?id=61576562194155,sí,,0,0,2025-06-30,post,https://www.facebook.com/share/v/1Dx8tCnKcv/,21,26,99,83,9,7,0,0,0,0," ¡Este viernes 4 de julio a las 18:00 hrs!
Inauguramos la Casa de Campaña C-57 en Montero.
 Rifa y música en vivo 
 Final Av. Bariento (Calle 5 y 6)
¡Te esperamos!"
SHIRLEY MALDONADO ALVAREZ,https://www.facebook.com/profile.php?id=61576562194155,sí,,0,0,2025-07-03,post,https://www.facebook.com/share/v/15rZ6YkqsE/,8,10,75,62,13,0,0,0,0,0,"¡Seguimos avanzando con el pueblo!
Hoy en Buena Vista, sostuvimos una importante reunión con dirigentes, comunidades y distritos, organizando nuestra campaña con unidad, compromiso y esperanza.
Gracias por el respaldo y la confianza. Vamos junto al pueblo, con fuerza y corazón.… Ver más"
SHIRLEY MALDONADO ALVAREZ,https://www.facebook.com/profile.php?id=61576562194155,sí,,0,0,2025-07-05,post,https://www.facebook.com/share/v/1Ftiz4fJpn/,7,9,83,70,12,0,0,1,0,0,"¡Una noche inolvidable!
Anoche inauguramos con gran alegría nuestra Casa de Campaña, un espacio que desde hoy será el corazón de nuestra lucha, el punto de encuentro de la esperanza, la unidad y el compromiso con nuestro pueblo.
Gracias de todo corazón a los dirigentes, instituciones, organizaciones sociales, juventudes, militantes, vecinos de los diferentes distritos y, de manera especial, a los mototaxistas que nos acompañaron con firmeza y convicción.… Ver más"
