nombre perfil,url perfil,candidato identificado,creación del perfil,seguidores,seguidos,fecha post,tipo de post,url post,comparticiones,comentarios,reacciones en total,me gusta,me encanta,me divierte,me entristece,me sorprende,me enoja,me importa,contenido
Mauro Landivar ,https://www.facebook.com/profile.php?id=61552708002190,no,2023-10-31,31000,181,2025-06-24,post,https://www.facebook.com/share/p/16pHDArjWP/,77,114,257,73,0,26,8,32,118,0,#ÚLTIMO | Circulan denuncias sobre injerencia en el proceso de solvencia de Jaime Dunn.… Ver más
Mauro Landivar ,https://www.facebook.com/profile.php?id=61552708002190,no,2023-10-31,31000,181,2025-06-24,post,https://www.facebook.com/share/p/1CVKFNmWnU/,514,130,496,413,53,23,0,1,0,6,"La vieja política, ¡tienen miedo al verdadero cambio!.… Ver más"
Mauro Landivar ,https://www.facebook.com/profile.php?id=61552708002190,no,2023-10-31,31000,181,2025-06-25,post,https://www.facebook.com/share/p/15Yymxss8c/,122,66,475,320,138,10,0,2,0,5,"#ULTIMO |Después de días de espera. Jaime Dunn  obtuvo su solvencia fiscal, era el único documento que le faltaba para poder inscribirse.… Ver más"
Mauro Landivar ,https://www.facebook.com/profile.php?id=61552708002190,no,2023-10-31,31000,181,2025-06-26,post,https://www.facebook.com/share/v/15hTHExX3U/,37,49,132,80,1,10,1,38,2,0,¿DÓNDE ESTÁN LOS LIBROS DEL REVOCATORIO?… Ver más
Mauro Landivar ,https://www.facebook.com/profile.php?id=61552708002190,no,2023-10-31,31000,181,2025-06-26,post,https://www.facebook.com/share/p/16diPDc9Zz/,90,92,419,325,79,9,0,1,0,5,"#ULTIMO La Contraloría General del Estado, emite un comunicado, aclarando que es la única institución encargada y autorizada de emitir certificados de solvencias fiscal… Ver más"
Mauro Landivar ,https://www.facebook.com/profile.php?id=61552708002190,no,2023-10-31,31000,181,2025-06-27,post,https://www.facebook.com/share/p/1CcAsSm9Kx/,145,106,364,288,7,47,2,13,6,1,Dunn vs los grupos de poder.… Ver más
Mauro Landivar ,https://www.facebook.com/profile.php?id=61552708002190,no,2023-10-31,31000,181,2025-06-29,post,https://www.facebook.com/share/p/1BxsDiYZ9Q/,206,229,781,533,75,163,0,4,2,4,"Y el ganador de la última encuesta es: ""Los que se cansaron de la vieja política""… Ver más"
Mauro Landivar ,https://www.facebook.com/profile.php?id=61552708002190,no,2023-10-31,31000,181,2025-06-30,post,https://www.facebook.com/share/p/1B7MeBhKTX/,1500,381,941,683,4,35,5,72,138,4,#URGENTE Esto es muy grave… Ver más
Mauro Landivar ,https://www.facebook.com/profile.php?id=61552708002190,no,2023-10-31,31000,181,2025-07-01,post,https://www.facebook.com/share/v/1X2kLFL149/,75,15,76,69,2,1,0,3,1,0,#URGENTE |Las elecciones presidenciales no serán transparentes.… Ver más
