nombre perfil,url perfil,creación del perfil,seguidores,seguidos,fecha post,url post,comparticiones,reacciones en total,me gusta,me encanta,me divierte,me entristece,me sorprende,me enoja,me importa,contenido
MARINA ISABEL CACHAMBI ALVAREZ,https://www.facebook.com/profile.php?id=100063933884078,2021-01-08,618,14,2025-05-27,https://www.facebook.com/share/v/1BojjDqp9U/,86,342,296,36,9,0,0,0,1,"No nací para callar.
Nací para cuidar, para sostener, para luchar.… Ver más"
MARINA ISABEL CACHAMBI ALVAREZ,https://www.facebook.com/profile.php?id=100063933884078,2021-01-08,618,14,2025-05-27,https://www.facebook.com/share/v/1H4CKQzoLr/,86,365,320,39,3,0,0,0,3,"A las que sonríen con el alma rota. A las que hacen milagros con lo que hay.
Este Día de la Madre es para ustedes: las que luchan, cuidan y sostienen el mundo en silenc… Ver más"
