nombre perfil,url perfil,candidato identificado,creación del perfil,seguidores,seguidos,fecha post,tipo de post,url post,comparticiones,comentarios,reacciones en total,me gusta,me encanta,me divierte,me entristece,me sorprende,me enoja,me importa,contenido
Jhanisse V. Daza,https://www.facebook.com/jhanisse,no,,9330,0,2025-06-17,post,https://www.facebook.com/share/p/16mCLngbZ1/,3,0,19,16,3,0,0,0,0,0,
Jhanisse V. Daza,https://www.facebook.com/jhanisse,no,,9330,0,2025-06-17,post,https://www.facebook.com/share/p/1A1rM4fqgf/,8,0,58,45,13,0,0,0,0,0,
Jhanisse V. Daza,https://www.facebook.com/jhanisse,no,,9330,0,2025-06-17,post,https://www.facebook.com/share/p/19BrRdnogW/,16,3,166,116,48,0,0,0,0,2,"Hoy desperté con el corazón lleno de gratitud, emoción y orgullo. 
Formar parte de Cuidemos el Voto 2025 no es solo un compromiso ciudadano, es una declaración de amor por Bolivia.
Una apuesta por la unidad, más allá de colores e ideologías. Una convicción profunda de que sí es posible defender la democracia con organización, con tecnología, pero sobre todo, con personas.… Ver más"
Jhanisse V. Daza,https://www.facebook.com/jhanisse,no,,9330,0,2025-06-18,post,https://www.facebook.com/share/p/1RbQUwGAvB/,3,0,26,20,5,0,0,0,0,1,
Jhanisse V. Daza,https://www.facebook.com/jhanisse,no,,9330,0,2025-06-21,post,https://www.facebook.com/share/p/1GBrNU3qit/,0,0,8,8,0,0,0,0,0,0,
Jhanisse V. Daza,https://www.facebook.com/jhanisse,no,,9330,0,2025-06-23,post,https://www.facebook.com/share/p/1FbrrCYXF5/,1,0,8,6,2,0,0,0,0,0,
Jhanisse V. Daza,https://www.facebook.com/jhanisse,no,,9330,0,2025-06-23,post,https://www.facebook.com/share/p/1AyasA9YQ4/,0,0,1,1,0,0,0,0,0,0,
