nombre perfil,url perfil,candidato identificado,creación del perfil,seguidores,seguidos,fecha post,tipo de post,url post,comparticiones,comentarios,reacciones en total,me gusta,me encanta,me divierte,me entristece,me sorprende,me enoja,me importa,contenido
SILVIA MOLLER CHOQUE,https://www.facebook.com/silvia.mollerchoque,sí,,0,0,2025-06-26,reel,/reel/616403248153378/?s=single_unit&__cft__[0]=AZWiT2WvvfQP4XVG-0PLubAnyWa_njtuhKTDzKN7De3C4NtdgjZViuN2Nj3gggoqTkPWzkwcInCslcD8XWIF9DeoylkP-PxcynziCjIpuX5pNRrkrs9BotU9yhac2OvJjCMLes-PRvh25nURq4Vxrv0N1-Zr9MLPWns9i3M9K9CGsOKudlVBlmgb2NRVR8qgqUk&__tn__=H-R,0,0,0,0,0,0,0,0,0,0,"Dicen que Bolivia se apaga. Pero hay una generación que resiste.
Vamos a encender el país, porque todavía estamos a tiempo.
… Ver más"
SILVIA MOLLER CHOQUE,https://www.facebook.com/silvia.mollerchoque,sí,,0,0,2025-06-30,reel,/reel/1552519289055091/?s=single_unit&__cft__[0]=AZUtHK2YuKf81U3aE5AN1fTAX10wK0wTB4nOO07NdP52YdXmYlTEx9f2vxMFFmIAVMOePRl4Y9E5BF7vuy62vehg2zk6BEwWQ7Mf1F3I93G0fjFxfCksQWeZgbJ1aYnQ0cZSeiz9YM8nCZXaROqaaH6t5m-O793reTtBdzFE4AeWIfhBGJrevyBUQLangFKQqwg&__tn__=H-R,0,0,0,0,0,0,0,0,0,0,"🌟 ¡FALTAN SOLO 4 DÍAS! 🌟
Oruro recibirá la visita de Tuto Quiroga y JP.
¡Una jornada histórica de unidad, esperanza y compromiso por el cambio que Bol… Ver más"
SILVIA MOLLER CHOQUE,https://www.facebook.com/silvia.mollerchoque,sí,,0,0,2025-07-01,post,https://www.facebook.com/share/p/19UTufwdiR/,1,0,5,5,0,0,0,0,0,0,
SILVIA MOLLER CHOQUE,https://www.facebook.com/silvia.mollerchoque,sí,,0,0,2025-07-01,post,https://www.facebook.com/share/p/1ZDEqZWxZg/,0,0,1,1,0,0,0,0,0,0,
SILVIA MOLLER CHOQUE,https://www.facebook.com/silvia.mollerchoque,sí,,0,0,2025-07-01,post,https://www.facebook.com/share/p/19PTCVpMz5/,0,0,1,1,0,0,0,0,0,0,
