nombre perfil,url perfil,snapshot_date,creación del perfil,candidato identificado,seguidores,seguidos,fecha post,tipo de post,url post,comparticiones,comentarios,reacciones en total,me gusta,me encanta,me divierte,me entristece,me sorprende,me enoja,me importa,contenido
GLADYS HIDALGO GALINDO,https://www.facebook.com/gladyshidalgo.galindo,2025-06-23,2019-04-02,no,6100,529,2025-06-17,post,https://www.facebook.com/share/p/16TDko7L6a/,1,0,5,5,0,0,0,0,0,0,
GLADYS HIDALGO GALINDO,https://www.facebook.com/gladyshidalgo.galindo,2025-06-23,2019-04-02,no,6100,529,2025-06-19,post,https://www.facebook.com/share/p/16kxEfKNTE/,0,0,0,0,0,0,0,0,0,0,
GLADYS HIDALGO GALINDO,https://www.facebook.com/gladyshidalgo.galindo,2025-06-23,2019-04-02,no,6100,529,2025-06-23,post,https://www.facebook.com/share/p/197hHVbJk3/,0,0,1,1,0,0,0,0,0,0,Lo más hermoso
GLADYS HIDALGO GALINDO,https://www.facebook.com/gladyshidalgo.galindo,2025-07-02,2019-04-02,no,6100,529,2025-06-25,post,https://www.facebook.com/share/1AkKERStMH/,0,6,41,23,13,0,0,0,0,5,"LA VIDA ES DEMASIADO CORTA, COMO PARA NO SONREÍR
D… Ver más"
GLADYS HIDALGO GALINDO,https://www.facebook.com/gladyshidalgo.galindo,2025-07-02,2019-04-02,no,6100,529,2025-06-29,post,https://www.facebook.com/share/1FTSc5Qnpz/,0,1,27,16,7,0,0,0,0,4,
GLADYS HIDALGO GALINDO,https://www.facebook.com/gladyshidalgo.galindo,2025-07-02,2019-04-02,no,6100,529,2025-06-29,post,https://www.facebook.com/share/p/16aGys11b1/,4,0,157,112,38,0,0,0,0,7,"“Haz de cada día una obra maestra”
Feliz Domingo
#… Ver más"
GLADYS HIDALGO GALINDO,https://www.facebook.com/gladyshidalgo.galindo,2025-07-08,2019-04-02,no,6100,529,2025-07-04,post,https://www.facebook.com/share/p/1AeQvoPFga/,0,0,2,1,1,0,0,0,0,0,
GLADYS HIDALGO GALINDO,https://www.facebook.com/gladyshidalgo.galindo,2025-07-15,2019-04-02,no,6100,529,2025-07-07,post,https://www.facebook.com/share/p/1JYoneq2qo/,0,4,49,37,11,0,0,0,0,1,"""El éxito no es la clave de la felicidad. La felicidad es la clave del éxito. Si amas lo que haces, tendrás éxito."" #feliziniciodesemanalaboral. 
#CochabambaBolivia #trabajo #detalles"
GLADYS HIDALGO GALINDO,https://www.facebook.com/gladyshidalgo.galindo,2025-07-08,2019-04-02,no,6100,529,2025-07-07,post,https://www.facebook.com/share/p/16fTa39jr1/,0,4,41,30,10,0,0,0,0,1,"""El éxito no es la clave de la felicidad. La felicidad es la clave del éxito. Si amas lo que haces, tendrás éxito."" #feliziniciodesemanalaboral. 
#CochabambaBolivia #trabajo #detalles"
