nombre perfil,url perfil,candidato identificado,creación del perfil,seguidores,seguidos,fecha post,tipo de post,url post,comparticiones,comentarios,reacciones en total,me gusta,me encanta,me divierte,me entristece,me sorprende,me enoja,me importa,contenido
Capiguara Libertaria,https://www.facebook.com/luisita.balbian,no,,15023,0,2025-04-26,post,https://www.facebook.com/share/p/14GEK3fj1oP/,0,0,0,0,0,0,0,0,0,0,La fruta madre Mbappe.  ¿Cada final tenés que hacerme sufrir así? Qué gustarte empatar y arruinarle a uno la felicidad 
Capiguara Libertaria,https://www.facebook.com/luisita.balbian,no,,15023,0,2025-04-26,post,https://www.facebook.com/share/p/1Eok5Q2M7D/,0,1,18,10,8,0,0,0,0,0,"¡BARCELONA CAMPEÓN!
"
Capiguara Libertaria,https://www.facebook.com/luisita.balbian,no,,15023,0,2025-04-26,post,https://www.facebook.com/share/p/16tk15JT7o/,0,0,4,2,0,2,0,0,0,0,
Capiguara Libertaria,https://www.facebook.com/luisita.balbian,no,,15023,0,2025-04-26,post,https://www.facebook.com/share/p/15TtFpZUHJ/,0,0,2,1,0,0,0,0,0,1,
Capiguara Libertaria,https://www.facebook.com/luisita.balbian,no,,15023,0,2025-04-26,post,https://www.facebook.com/share/p/1AwY3i6g8f/,0,0,1,1,0,0,0,0,0,0,
Capiguara Libertaria,https://www.facebook.com/luisita.balbian,no,,15023,0,2025-04-27,post,https://www.facebook.com/luisita.balbian/posts/pfbid0mva1LswfEDZtpKBsaWkikSZopJCjK7xe2HReg1J8heXvAHNFAVP5QvXDDb9HNhKHl,3,0,13,13,0,0,0,0,0,0,"Candidato de unidad es si hubiera uno que claramente no hay, son varios y lo sabemos todos. Dejen de usar esa narrativa forzada para conseguir votos. No mientan de entrada par favaaar."
Capiguara Libertaria,https://www.facebook.com/luisita.balbian,no,,15023,0,2025-04-28,post,https://www.facebook.com/share/p/1AhQRANeVo/,7,1,25,3,0,0,15,2,5,0,"""HOSPITAL DE NIÑOS. REPORTAN MUERTES POR HACINAMIENTO""
""SATURACIÓN EN HOSPITAL DE NIÑOS. REPORTAN DOS MUERTES"""
Capiguara Libertaria,https://www.facebook.com/luisita.balbian,no,,15023,0,2025-04-28,post,https://www.facebook.com/share/p/1EBC4EFE3s/,5,5,24,24,0,0,0,0,0,0,"Digamos que hubiera existido el aluvión, entonces los 23 millones de bs deberían ser para atender esa emergencia ¿correcto? Si ese fuera el caso ¿por qué esos recursos se van a utilizar para pavimentar calles que ya tenían planificado pavimentar antes del desastre? ¿Por qué insisten en justificar lo injustificable? Peor aún ¿por qué insisten en justificar un delito?"
Capiguara Libertaria,https://www.facebook.com/luisita.balbian,no,,15023,0,2025-04-28,post,https://www.facebook.com/share/p/1742RovY7U/,6,11,38,12,0,22,0,3,1,0,"Insisten che. Bueno, vayan y métanle pavimento rígido al Mamoré pa' resolver el aluvión entonces así como hicieron con las calles de Trini."
Capiguara Libertaria,https://www.facebook.com/luisita.balbian,no,,15023,0,2025-04-28,post,https://www.facebook.com/share/p/1CBF4dFot8/,2,0,11,3,0,7,0,1,0,0,"¿Le llegó un aluvión en el llano? ¡No se preocupe! ¡Nosotros tenemos la solución! ¡Pavimento rígido en las calles y resuelto el asunto!
Ref. Alcaldía de Trinidad. Precio: 23 millones de bs por emergencia."
Capiguara Libertaria,https://www.facebook.com/luisita.balbian,no,,15023,0,2025-04-28,post,https://www.facebook.com/share/p/16Nez91QK2/,1,1,6,6,0,0,0,0,0,0,"El decreto habla de EMERGENCIA POR ALUVIÓN, pero el GASTO es PLANIFICADO como proyecto de obra pública.
En emergencias VERDADERAS, se hacen obras de mitigación inmediatas, no grandes proyectos de pavimentación."
Capiguara Libertaria,https://www.facebook.com/luisita.balbian,no,,15023,0,2025-04-28,post,https://www.facebook.com/share/p/192yFLMX78/,1,0,10,1,0,9,0,0,0,0,
Capiguara Libertaria,https://www.facebook.com/luisita.balbian,no,,15023,0,2025-04-28,post,https://www.facebook.com/share/p/1CBPKBmD9R/,2,0,3,3,0,0,0,0,0,0,"1. Manipulación del concepto de ""aluvión""
El término ""aluvión"" aplicado a comunidades ribereñas (como Puerto Geralda, Ballivián, Loma Suárez) no justifica que se declare emergencia urbana en Trinidad.
Puerto Geralda y otras comunidades están fuera del área urbana: son zonas ribereñas vulnerables a inundaciones o erosión, no a aluviones típicos de montaña ni a aluviones urbanos.
La destrucción de barrancos y pérdida de suelo es un proceso de erosión fluvial, no un aluvión.… Ver más"
Capiguara Libertaria,https://www.facebook.com/luisita.balbian,no,,15023,0,2025-04-28,post,https://www.facebook.com/share/p/1G3mfZzHuD/,4,1,15,15,0,0,0,0,0,0,"Viejo, llamalo aluvión, inundación o tsunami si te da la gana, USAR RECURSOS PÚBLICOS DESTINADOS A UNA EMERGENCIA PARA PAVIMENTAR CALLES ES DELITO."
Capiguara Libertaria,https://www.facebook.com/luisita.balbian,no,,15023,0,2025-04-28,post,https://www.facebook.com/share/p/12McfGYunp5/,1,2,10,8,0,2,0,0,0,0,"Viejo, el que está usando y manoseando la desgracia de la inundación sos vos. Llamalo tsunami si querés, inventate un huracán si te da la gana, pero la verdad es que solo declaraste emergencia para meter mano a los recursos públicos sin más trámite que tu firma. ¿Por qué no les contás a esos damnificados que usás de escenografía en tu conferencia y la decena de videítos que se mandaron ahora en tu página que los 23 millones de bolivianos que pediste ""por ellos"" no son para su… Ver más"
Capiguara Libertaria,https://www.facebook.com/luisita.balbian,no,,15023,0,2025-04-28,post,https://www.facebook.com/share/p/1665cSSVKx/,4,5,24,21,0,0,0,0,3,0,"Cámara en resumen:
""Como no me aprobaron los 167 millones para mis 500 cuadras, me invento un aluvión y así me gasto recursos públicos en lo que me de la gana y no le rindo cuentas a nadie.""
NO PODÉS USAR RECURSOS DESTINADOS A MITIGAR LOS EFECTOS INMEDIATOS DE UN DESASTRE NATURAL EN CONSTRUÍR CUADRAS. 
""Lo que pasa es que esos concejales no tienen empatía como yo.""… Ver más"
Capiguara Libertaria,https://www.facebook.com/luisita.balbian,no,,15023,0,2025-04-29,post,https://www.facebook.com/share/1HZo1Ee2Si/,0,8,96,52,39,0,0,0,0,5,
Capiguara Libertaria,https://www.facebook.com/luisita.balbian,no,,15023,0,2025-04-29,post,https://www.facebook.com/share/p/1At2qHVoq1/,1,3,26,9,14,0,0,0,0,3,Ok pero cómo pone sus patitas 
Capiguara Libertaria,https://www.facebook.com/luisita.balbian,no,,15023,0,2025-05-02,post,https://www.facebook.com/share/p/16boAotEyF/,0,10,31,20,6,0,0,0,0,5,
Capiguara Libertaria,https://www.facebook.com/luisita.balbian,no,,15023,0,2025-05-02,post,https://www.facebook.com/share/p/1ALfp7MS2h/,0,0,9,8,1,0,0,0,0,0,
Capiguara Libertaria,https://www.facebook.com/luisita.balbian,no,,15023,0,2025-05-02,post,https://www.facebook.com/share/p/1Bjwt9Lje3/,108,6,85,56,4,0,24,0,1,0,"No es presupuesto, es una prueba de supervivencia.
Si llegás a fin de mes con la situación como está, ya deberías tener título en economía doméstica con mención en malabares. Acá van unos consejos con los pies en la tierra, no sacados de discurso de ministro que nunca pisó un mercado:
1. Comé como tus abuelos, no como influencer.… Ver más"
Capiguara Libertaria,https://www.facebook.com/luisita.balbian,no,,15023,0,2025-05-03,post,https://www.facebook.com/share/p/19VgJEApsW/,2,21,68,30,1,23,1,7,6,0,"Ahhhh yaaaa....
Evo vs. Andrónico: Dos brotes de la misma raíz…
Ambos vienen del mismo árbol: el socialismo cocalero chapareño, con sus discursos antiimperialistas, su desconfianza al libre mercado y su fe en el ""Estado fuerte"". Evo es la semilla que creció y se adueñó del bosque; Andrónico, la rama que se estira queriendo luz propia sin derribar el árbol.… Ver más"
Capiguara Libertaria,https://www.facebook.com/luisita.balbian,no,,15023,0,2025-05-03,post,https://www.facebook.com/share/p/15p1E5KJrp/,8,1,38,37,1,0,0,0,0,0,La solidaridad de la sociedad civil llegó primero. Cruzaron el yomomal a punta de machete y humanidad. La burocracia estatal apareció después para la foto.
Capiguara Libertaria,https://www.facebook.com/luisita.balbian,no,,15023,0,2025-05-03,post,https://www.facebook.com/share/p/1Ek3vF4SxW/,3,2,36,24,10,0,0,0,0,2,"VALENTÍA ANÓNIMA EN LA SELVA BENIANA: EL RESCATE DE PEDRO IGNACIO MUIBA
En medio de la atención nacional y los operativos oficiales, la verdadera acción llegó desde el corazón del Beni. Fue el pueblo de Pedro Ignacio Muiba quien, lejos de cámaras y discursos, actuó primero.
Pescadores de esta comunidad se internaron más de 10 horas en la espesa selva beniana, con machetes, remos y una sola misión: hallar a los desaparecidos. Entre barro, calor y mosquitos, lograron localiza… Ver más"
Capiguara Libertaria,https://www.facebook.com/luisita.balbian,no,,15023,0,2025-05-03,post,https://www.facebook.com/share/p/198JuYqFTP/,257,40,441,247,185,0,0,0,0,9,"No es casual que esta hazaña haya nacido en una comunidad que lleva el nombre de Pedro Ignacio Muiba, aquel líder moxeño que se levantó contra el abuso y defendió su pueblo con coraje. Hoy, dos siglos después, su espíritu vuelve a remar entre el yomomal, en manos de sus herederos.
Una avioneta cae en el monte con cinco personas a bordo. Dos días atrapadas entre barro, mosquitos, caimanes, calor de infierno y burocracia.
¿Quién fue? … Ver más"
Capiguara Libertaria,https://www.facebook.com/luisita.balbian,no,,15023,0,2025-05-03,post,https://www.facebook.com/share/p/16rv1MNi5d/,10,12,151,149,2,0,0,0,0,0,"No Marcelito, Andrónico no es alternativa al masismo, es su continuación con otra sigla."
Capiguara Libertaria,https://www.facebook.com/luisita.balbian,no,,15023,0,2025-05-04,post,https://www.facebook.com/share/p/1Dik7EMBx3/,3,1,13,10,0,0,0,0,3,0,"Una sola persona, equipos obsoletos, si no era porque la voluntaria llamó a la Embajada en Washington y luego a Bolivia, en Houston no se iba a empadronar nadie. Terrible el asunto, casi pareciera que el gobierno quiere evitar el voto en el exterior no mandando recursos y/o poniendo trabas "
Capiguara Libertaria,https://www.facebook.com/luisita.balbian,no,,15023,0,2025-05-04,post,https://www.facebook.com/share/p/1F7Edon9qY/,3,1,12,9,0,0,0,3,0,0,
Capiguara Libertaria,https://www.facebook.com/luisita.balbian,no,,15023,0,2025-05-04,post,https://www.facebook.com/share/p/1RoA15YeAV/,4,7,113,112,0,1,0,0,0,0,JHONNY FERNANDEZ SOS UN DELINCUENTE
Capiguara Libertaria,https://www.facebook.com/luisita.balbian,no,,15023,0,2025-05-04,post,https://www.facebook.com/share/p/1DhFxsKhEp/,2,2,35,33,0,1,1,0,0,0,"Capaz si tocaban la campana de la catedral, el CpSC escuchaba el pedido de auxilio. Así se hace en los pueblos. Cuando el MAS tomó la Gobernación del Beni el 2011, tocamos la campana y la gente salió. Eso debe ser. Como son una institución histórica, los llamados por teléfono o redes no funcionan. Sí, eso es, por eso en lugar de ir a ayudar a defender la institucionalidad, se mandaron un comunicado indignadísimo pero inútil. Por eso l… Ver más"
Capiguara Libertaria,https://www.facebook.com/luisita.balbian,no,,15023,0,2025-05-04,post,https://www.facebook.com/share/p/1ByYJZLJaf/,0,0,41,41,0,0,0,0,0,0,"No, no era obligación del CpSC, ni de la UJC, ni de nadie más que la policía auxiliar a los concejales. Ahora bien, tal vez por civismo debieron presentarse a defender la institucionalidad y no mandarse un comunicado o anunciar un junte después de pero bueno. Quienes NO CUMPLIERON CON SU DEBER DE ACUERDO A LEY FUE LA POLICÍA y van a tener que asumir las consecuencias junto con el instigador de todo esto que es JHONNY FERNANDEZ."
Capiguara Libertaria,https://www.facebook.com/luisita.balbian,no,,15023,0,2025-05-05,post,https://www.facebook.com/share/p/15jhmmTr5P/,7,6,35,20,0,1,0,2,12,0,La UTOP estaba ahí y se mandaron cambiar. Así de claro el asunto. ¿Quién dió la orden de que se retiren? ¿Quién dió la orden de no prestar auxilio a los Concejales y proteger los bienes públicos? ¿A qué fueron si no iban a hacer nada?
Capiguara Libertaria,https://www.facebook.com/luisita.balbian,no,,15023,0,2025-05-05,post,https://www.facebook.com/share/p/1a2o9hroML/,0,0,0,0,0,0,0,0,0,0,
Capiguara Libertaria,https://www.facebook.com/luisita.balbian,no,,15023,0,2025-05-05,post,https://www.facebook.com/share/p/16euFRR4sf/,3,2,15,8,0,1,0,1,5,0,"¿Un corte de luz local y una lluvia bastan para paralizar el sistema nacional de pasaportes durante casi una semana? ¿No hay backups, servidores de contingencia, protocolos mínimos? Esto no es una fotocopiadora, es la Dirección General de Migración de un país entero.
¿Y si llueve otra vez el 7? ¿Suspenderán hasta navidad?
Una muestra MÁS de lo frágil, centralizado y mal gestionado que está el Estado central en áreas críticas."
Capiguara Libertaria,https://www.facebook.com/luisita.balbian,no,,15023,0,2025-05-05,post,https://www.facebook.com/share/p/19kax88MYC/,0,5,25,22,0,0,0,1,2,0,"Ahhh ya, Tongo sale en conferencia para calificar de ilegal la sesión del Concejo por ser extraordinaria y cambiar de lugar pero ni menciona los actos vandálicos de sus funcionarios y seguidores que forzaron ese cambio. Bien che. Básicamente avala y justifica la violencia y busca impunidad."
Capiguara Libertaria,https://www.facebook.com/luisita.balbian,no,,15023,0,2025-05-05,post,https://www.facebook.com/share/p/1D9L25iHW2/,4,0,31,31,0,0,0,0,0,0,"A ver masistas, juez natural se refiere a que donde se cometió el supuesto delito, se juzga; no a que se juzga donde naturalmente le da la gana al poder. Idiotas abusivos."
Capiguara Libertaria,https://www.facebook.com/luisita.balbian,no,,15023,0,2025-05-06,post,https://www.facebook.com/share/p/1CL2orXRWx/,0,0,17,0,0,0,0,0,0,0,"Bien, ¿ahora será que se pueden concentrar en las comunidades del TIPNIS que los vecinos del otro lado llaman su territorio para sembrar coca o vamos a seguir de busca pleito entre patujuses? El polígono 7 del Isiboro Sécure está literalmente tomado hace años por el narcotráfico, es rehén del Chapare al igual que cerca de 40 comunidades indígenas del Beni."
Capiguara Libertaria,https://www.facebook.com/luisita.balbian,no,,15023,0,2025-05-06,post,https://www.facebook.com/share/v/12KtxgjxoAR/,102,1,70,37,29,0,0,1,0,3,"Desde Moxos hasta Madrid 
El Ensamble Moxos nos regaló el alma del Mamoré rugiendo en Europa.
Los macheteros, símbolo vivo del temple moxeño, estremecieron al público con su fuerza.
Música barroca interpretada por jóvenes indígenas amazónicos.
Me… Ver más"
Capiguara Libertaria,https://www.facebook.com/luisita.balbian,no,,15023,0,2025-05-06,post,https://www.facebook.com/share/p/1DWmCtYGYs/,191,39,188,136,1,44,3,1,3,0,"Les presento a Humberto Arandia, Director del INE circunstancialmente y burro eternamente. Este especímen de ignorante estatal, se mandó joyitas como esta: ""¿acaso el precio del pasto está en dólares para que suba de precio la carne?"". 
¿Opa o cojudo? Si no tenés idea de ganadería, no te metás pues a opinar pedazo de bestia."
Capiguara Libertaria,https://www.facebook.com/luisita.balbian,no,,15023,0,2025-05-06,post,https://www.facebook.com/share/p/1AKXNhkMK4/,0,1,15,1,0,14,0,0,0,0,"Como cuando Facebook te recuerda que hiciste un almohadón en vez de cuñapés 
. Hasta el día de hoy sigo sin entender por qué decidieron unirse así....¡Ah la pinta! Me acabo de dar cuenta que mis cuñapés le pegan al bloque de unidad "
Capiguara Libertaria,https://www.facebook.com/luisita.balbian,no,,15023,0,2025-05-07,post,https://www.facebook.com/share/p/19FGhkY2P4/,3,0,17,12,2,0,0,0,0,3,
Capiguara Libertaria,https://www.facebook.com/luisita.balbian,no,,15023,0,2025-05-08,post,https://www.facebook.com/share/p/1XxkNyUJWb/,0,1,4,3,0,1,0,0,0,0,
Capiguara Libertaria,https://www.facebook.com/luisita.balbian,no,,15023,0,2025-05-09,post,https://www.facebook.com/share/p/19g5Kb4VA4/,5,5,29,25,4,0,0,0,0,0,"Lindo fuera esa misma fuerza y gritos para defender el Amboró, por ejemplo, del narcotráfico, los avasalladores interculturales y los pirómanos que queman todos los años o del otro lado el Tipnis donde pasa lo mismo. Parecen dos vecinas peleando los cms más a un lado o al otro de la barda compartida y su timing una bellezura che, faltan 100 días para que el MAS renueve su propiedad sobre Bolivia mientras se jalan las pichicas al rábano."
Capiguara Libertaria,https://www.facebook.com/luisita.balbian,no,,15023,0,2025-05-09,reel,/reel/597443606001106/?s=single_unit&__cft__[0]=AZVB2axsJrS5Tx83_Bk8CZfzuexnTFgmWr6AaAu4dgHOdiD4lsDPKHGkf69paOMEqKtxodlBoQFvw13e6It7Ym7dvzFVe7r1s7FBTeMroQ3bTTM9zsy-SZgKkliN0EB4JpPoQ7MOmHAtfj4cUp_ks_SI8fKhWYe_hSxnr7XserxgBNZa6Fb5XovOJNkVpKc8P4k&__tn__=H-R,0,0,0,0,0,0,0,0,0,0,Hoy encontré un lugarcito con DESAYUNO BENIANO! 😮‍💨🤤📍El Movima- Av. Alemana antes del 3er anillo externo 📲733.52.944#bolivia
Capiguara Libertaria,https://www.facebook.com/luisita.balbian,no,,15023,0,2025-05-09,post,https://www.facebook.com/share/p/1A3fnCRExS/,7,19,60,56,1,1,1,1,0,0,"¿Tan difícil es entender que el MAS hace 20 AÑOS que gana todo? No es solo la presidencia: tienen Asamblea Plurinacional, alcaldías, gobernaciones, sindicatos, jueces, y hasta al loro del vecino repitiendo su discurso. Son poder. Punto.
Y mientras tanto, nosotros... peleando entre patujuses por un pedazo de territorio que hoy se disputa entre Beni y Santa Cruz, pero que mañana seguramente terminará en el baúl de las polémicas inútile… Ver más"
Capiguara Libertaria,https://www.facebook.com/luisita.balbian,no,,15023,0,2025-05-10,post,https://www.facebook.com/share/p/1bH3WSj2hp/,1,0,10,5,4,0,0,0,0,1,
Capiguara Libertaria,https://www.facebook.com/luisita.balbian,no,,15023,0,2025-05-11,post,https://www.facebook.com/share/p/16hYo7TJey/,0,5,27,11,0,12,0,3,0,1,"Ayer, sin querer, descubrí algo inquietante sobre el gato.
Estaba viendo Goodfellas y, como corresponde a toda persona civilizada que necesita grasa y sal para procesar el crimen organizado, me serví un platito de aceitunas verdes.
Todo bien hasta ahí. De pronto Tony, como siempre, apareció a reclamar su lugar en mi pecho. Se acomoda, cierra los ojos como quien firma propiedad horizontal, y yo sigo en lo mío.… Ver más"
Capiguara Libertaria,https://www.facebook.com/luisita.balbian,no,,15023,0,2025-05-12,post,https://www.facebook.com/share/p/1952TNKb3R/,3,0,14,12,0,0,0,2,0,0,¿No que no había lista negra? ¿No que guerra sucia de los tutistas contra Samuco y Camachín? Ja ja ja...
Capiguara Libertaria,https://www.facebook.com/luisita.balbian,no,,15023,0,2025-05-12,post,https://www.facebook.com/share/p/15TTubr2Hh/,9,9,46,33,0,11,0,0,2,0,"¡Guerra sucia! ¡No es cuoteo! ¡No hay lista negra!...3 doritos después proceden a justificar el cuoteo y la falta de ""merecimientos"" de los integrantes de la lista que no existe..."
Capiguara Libertaria,https://www.facebook.com/luisita.balbian,no,,15023,0,2025-05-12,post,https://www.facebook.com/share/p/16SQMYWzH1/,0,2,21,8,0,13,0,0,0,0,Del dicho al desdicho hay mucho veto...¿o cómo era? 
Capiguara Libertaria,https://www.facebook.com/luisita.balbian,no,,15023,0,2025-05-12,post,https://www.facebook.com/share/p/16pGHkSCds/,13,13,86,73,8,0,0,2,0,3,"¿Quién gane en agosto cambiará algo en Bolivia? Spoiler: no.
Escenario 1: Gana el MAS otra vez.
Más represión, más deuda, más centralismo, más control del poder por el poder. Arce, Andrónico o cualquier invento nuevo será lo mismo: un gobierno sin autocrítica, abusivo, con un modelo agotado pero sostenido a punta de cuentos y recursos públicos.… Ver más"
Capiguara Libertaria,https://www.facebook.com/luisita.balbian,no,,15023,0,2025-05-12,reel,/reel/1795230877861067/?s=single_unit&__cft__[0]=AZWxmxLYBeJsYKVhcNfePUwLHIiukTl210sxjA8xWKi5wlfe7yK6P1HxhP8mXISilBYE_SkUuD65PorH0e-xNCDcfG6uhtvuw1l8qi3FdoDi7o4biIi69XxNS5o7aFQS43c-xElTAG-7f4EDtLc0dEAohFmPA9srhiZRAWgOBh3nkWGIKQAdJwXSpgO0JADEoeA&__tn__=H-R,0,0,0,0,0,0,0,0,0,0,
Capiguara Libertaria,https://www.facebook.com/luisita.balbian,no,,15023,0,2025-05-12,post,https://www.facebook.com/share/p/1Hg4EGTRE9/,24,38,101,61,2,33,2,1,1,1,"Empezaron 6 y ahora hay 2. ¿En serio van a insistir en llamarse ¿Bloque de Unidad'? Más parecen 'Dúo División"" 
..."
Capiguara Libertaria,https://www.facebook.com/luisita.balbian,no,,15023,0,2025-05-12,post,https://www.facebook.com/share/p/16iyJ9hMf9/,6,0,27,27,0,0,0,0,0,0,"Obvio que hay listas y cupos limitados.
Y si hay lista y cupos limitados, hay descarte.
Y si hay descarte, hay veto.
Y si hay veto, hay lista negra y lista de habemus candidatos pa’ inscribir en el TSE.
Así funciona el asunto y lo sabemos.… Ver más"
Capiguara Libertaria,https://www.facebook.com/luisita.balbian,no,,15023,0,2025-05-12,post,https://www.facebook.com/share/p/19FujmbsUx/,1,0,33,23,0,9,1,0,0,0,"Dijeron que no existía tal lista negra, que era 'guerra sucia' de Tuto. Ahora, como ya salieron a hablar los vetados, mil a un guineo a que pa' justificarse ya no lo van a atacar a Tuto por conspirador sino por pata e' lana. "
Capiguara Libertaria,https://www.facebook.com/luisita.balbian,no,,15023,0,2025-05-12,post,https://www.facebook.com/share/p/1C1nZARVPN/,4,17,60,39,2,10,8,1,0,0,"Cuando lo único que queda es reírse de la situación 
#Sátira #Último || EL BLOQUE DE UNIDAD ADMITE QUE SÍ HUBO LISTA, PERO LA LLAMAN “PROCESO DE PURIFICACIÓN POLÍTICA”
Primero dijeron que no había lista.
Lu… Ver más"
Capiguara Libertaria,https://www.facebook.com/luisita.balbian,no,,15023,0,2025-05-12,post,https://www.facebook.com/share/p/193MbvfZ9F/,4,3,39,39,0,0,0,0,0,0,"Sí, sí, sí, guerra sucia, guerra sucia entre ellos. Ajá. Sigan peleando candidaturas esperancitos. Sigan. Sus listas de candidatos de hoy, son las listas de culpables de que el MAS gane de nuevo de mañana. Memoria cortita son."
Capiguara Libertaria,https://www.facebook.com/luisita.balbian,no,,15023,0,2025-05-12,post,https://www.facebook.com/share/p/1FEpEUKe2E/,3,1,10,10,0,0,0,0,0,0,"Ja ja ja ¿Y ahora qué van a decir? ¿A ella también la van a descalificar llamándola Tutista, masista y etcs?"
Capiguara Libertaria,https://www.facebook.com/luisita.balbian,no,,15023,0,2025-05-13,post,https://www.facebook.com/share/p/19QX7YSuur/,19,24,58,52,0,1,1,4,0,0,No encuentro fallas en su lógica...
Capiguara Libertaria,https://www.facebook.com/luisita.balbian,no,,15023,0,2025-05-13,post,https://www.facebook.com/share/p/1FtjrBLWoB/,5,6,33,9,0,24,0,0,0,0,
Capiguara Libertaria,https://www.facebook.com/luisita.balbian,no,,15023,0,2025-05-13,post,https://www.facebook.com/share/p/1FBGjW7JgG/,14,10,103,60,4,0,28,0,1,10," Murió Pepe Mujica. No era de los míos: fue hombre de izquierda, sí, pero de esos que ya no quedan. No vivía del discurso, sino que lo encarnaba. Austeridad real, convicciones firmes, coherencia brutal. No se llenó los bolsillos, no se acomodó, no traicionó sus ideas para escalar, no fue un oportunista de la ideología por conveniencia.
Y aunque no comparto muchas de sus posturas, lo respeto profundamente. Porque no se trata de pensar igual, sino de vivir con principios.
Y M… Ver más"
Capiguara Libertaria,https://www.facebook.com/luisita.balbian,no,,15023,0,2025-05-13,post,https://www.facebook.com/share/p/1CEzkp2ywv/,4,8,73,68,3,0,1,0,0,1,"Cómo añoro el #21F. No votamos por un candidato, votamos por un principio: la limitación del poder. Y ganamos, no gracias a partidos políticos, sino porque la sociedad civil se organizó y se plantó. Si hoy pudiéramos repetir eso —ponernos de acuerdo entre nosotros, ya que estos idiotas no piensan hacerlo— otro gallo cantaría. En fin, soña choca, y andá sacándote la ciudadanía en Kailasa..."
Capiguara Libertaria,https://www.facebook.com/luisita.balbian,no,,15023,0,2025-05-13,post,https://www.facebook.com/share/p/1ArPtDRFXX/,12,13,26,15,0,8,0,0,3,0,Ese es el cambalache. Arce le da a Andrónico la sigla del MAS y el aparato estatal para las elecciones y Andrónico gestiona que la Asamblea apruebe los créditos. Win-Win para el MAS y se quedan en el poder 5 años más. 
Capiguara Libertaria,https://www.facebook.com/luisita.balbian,no,,15023,0,2025-05-13,post,https://www.facebook.com/share/p/1BschFYd6z/,0,2,33,31,2,0,0,0,0,0,"Mis respetos por Luciana Campero. No se deja, no se calla, no es instrumento de nadie. ¡Bien ahí!"
Capiguara Libertaria,https://www.facebook.com/luisita.balbian,no,,15023,0,2025-05-13,post,https://www.facebook.com/share/p/1AjFb2M43W/,2,3,57,52,4,1,0,0,0,0,"Camachistas, no me brinquen, no me piacce discutir con uds. al rábano. No estoy negando la injusticia de que el Gobernador esté preso o echándole tierra a Zvonko. 
Camacho, en su carta desde Chonchocoro, defiende que los asambleístas de Creemos deben quedarse hasta 2026 porque “tienen un mandato del pueblo”. En principio, suena bien. Pero también es válido preguntarse: ¿por qué ese criterio no aplicó cuando Zvonko renunció al Senado … Ver más"
Capiguara Libertaria,https://www.facebook.com/luisita.balbian,no,,15023,0,2025-05-14,post,https://www.facebook.com/share/p/1Q4aCpxiVQ/,14,12,76,75,0,0,0,0,0,1,"Amable recordatorio: En 2019 no hubo candidato único. Había nueve en la papeleta. Aun así, Mesa forzó segunda vuelta.
¿Por qué? Porque la sociedad civil concentró el voto. No fue mérito de los candidatos, fue cálculo ciudadano. Mesa fue el voto útil, no el favorito ni el de consenso en un ficticio bloque de unidad.
En 2020, con menos dispersión en teoría, la oposición tenía el camino más claro. ¿Y qué pasó? Ganó el MAS. En primera vu… Ver más"
Capiguara Libertaria,https://www.facebook.com/luisita.balbian,no,,15023,0,2025-05-14,post,https://www.facebook.com/share/p/16h1b9PBJ1/,22,14,68,62,0,0,5,0,1,0,"Samuel, Tuto y Manfred se turnaron durante casi dos décadas para enfrentarse al mismo rival: Evo Morales. ¿Resultado? Derrota tras derrota. Cambian los slogans, cambian los partidos, pero el final siempre fue el mismo: Evo ganando... y ellos dando conferencias para explicar por qué no fue culpa suya.
2005: Tuto vs. Evo. Resultado: Evo presidente. Tuto, segundo. Samuel, tercero.
2009: Manfred vs. Evo. Resultado: Evo reelegido. Manfred… Ver más"
Capiguara Libertaria,https://www.facebook.com/luisita.balbian,no,,15023,0,2025-05-14,post,https://www.facebook.com/share/p/198Wug56BG/,0,12,60,47,9,2,0,2,0,0,"El TCP por unanimidad le dijo NO. Así como nosotros el 2016 y después ese mismo TCP lo habilitó por su derecho humano. Mismo TCP que primero dijo que lo de Jeanine era sucesión constitucional y luego se hicieron los boludos. No nos engañemos, cambian los actores pero el MAS sigue manejando todo. Este no es un final triste o final feliz, es un final y ya...no de Evo o el MAS, el nuestro..."
Capiguara Libertaria,https://www.facebook.com/luisita.balbian,no,,15023,0,2025-05-14,post,https://www.facebook.com/share/p/1AJ3qKKnqD/,3,2,22,21,0,0,0,0,0,1,"¿El MAS está dividido? Sí. ¿Está muerto? Ni cerca.
Lo que estamos viendo no es una discusión ideológica ni una transición generacional, es una guerra de poder en su etapa más descarnada. Y el campo de batalla es la candidatura presidencial del 2025.
Evo Morales sigue obsesionado con volver. Inhabilitado por el TCP, aislado de buena parte de las organizaciones sociales y cada vez más desgastado, aún se presenta como el único líder leg… Ver más"
Capiguara Libertaria,https://www.facebook.com/luisita.balbian,no,,15023,0,2025-05-14,post,https://www.facebook.com/share/p/19t3QHfNkc/,2,9,24,22,0,2,0,0,0,0,"Doria Medina celebra como si ya hubiera ganado las elecciones. Dice que con la salida de Arce, el MAS no tiene chances y que él tiene “la moral, el conocimiento y el plan” (mesías autoproclamado).
Minimiza al MAS, como si no tuviera base movilizada ni capacidad de reagrupamiento. Subestima al adversario y se vende como el único con soluciones, cuando lleva 20 años intentando sin éxito llegar al poder.
Más que una lectura del momento, es marketing electoral puro. Y aunque te… Ver más"
Capiguara Libertaria,https://www.facebook.com/luisita.balbian,no,,15023,0,2025-05-15,post,https://www.facebook.com/share/p/15juz3uHog/,6,25,24,20,1,1,0,2,0,0,"¿Quién tiene mejor historial electoral: Samuel o Tuto? Veamos los datos:
𝟐𝟎𝟎𝟓
𝐒𝐚𝐦𝐮𝐞𝐥 𝐃𝐨𝐫𝐢𝐚 𝐌𝐞𝐝𝐢𝐧𝐚: con Unidad Nacional (UN). Sacó 7.8%. Quedó 3º. Su vice: Carlos Dabdoub.
𝐓𝐮𝐭𝐨 𝐐𝐮𝐢𝐫𝐨𝐠𝐚: con l… Ver más"
Capiguara Libertaria,https://www.facebook.com/luisita.balbian,no,,15023,0,2025-05-15,post,https://www.facebook.com/share/p/1AxgehoJP8/,0,11,65,36,0,28,0,1,0,0,"Me convencieron, Lupo es un buenardo. Ahora que Samuco se ponga de vice y él de presi. "
Capiguara Libertaria,https://www.facebook.com/luisita.balbian,no,,15023,0,2025-05-15,post,https://www.facebook.com/share/p/16dFfWLnFR/,9,12,100,86,10,2,0,0,0,2,"Que digan que la presentación de Velasco parecía una charla TED no es crítica, es autoexposición. Lo que les molesta no es el formato, es que alguien hable con ideas claras, sin gritar, sin victimismo, sin el tono tribunero al que están tan malacostumbrados.
Una charla TED es estructura, visión, contenido, no “camaradas” ni promesas recicladas. Si eso les parece un problema, el problema no es el candidato. Es el ecosistema político q… Ver más"
Capiguara Libertaria,https://www.facebook.com/luisita.balbian,no,,15023,0,2025-05-15,post,2025-05-15,0,0,0,0,0,0,0,0,0,0,
Capiguara Libertaria,https://www.facebook.com/luisita.balbian,no,,15023,0,2025-05-15,post,https://www.facebook.com/share/p/15U7KiDKwW/,1,3,26,16,0,10,0,0,0,0,"Pucha Samuelito, de polémica en polémica, parece TikToker y no candidato a presi. Solo espero que su plan de gobierno no lo presente como miniserie de Netflix o alguna vaina de ese estilo 
."
Capiguara Libertaria,https://www.facebook.com/luisita.balbian,no,,15023,0,2025-05-15,post,https://www.facebook.com/share/p/1EQZLyiXdi/,2,2,15,15,0,0,0,0,0,0,Hablando del aporte desde el conocimiento y experiencia en tecnología de Velasco. Correcta la observación.
Capiguara Libertaria,https://www.facebook.com/luisita.balbian,no,,15023,0,2025-05-15,post,https://www.facebook.com/share/p/18t77pNtQ3/,12,37,75,68,7,0,0,0,0,0,"Juan Pablo Velasco le aporta mucho más a Tuto que Lupo a Samuel.
Velasco amplía territorio (Oriente), generación (millennials/gen Z) y narrativa (innovación).
Lupo solo refuerza una base que Samuel ya tenía… y no necesariamente más grande que la de Tuto.
En términos de captar votos nuevos y ampliar base, gana Velasco."
Capiguara Libertaria,https://www.facebook.com/luisita.balbian,no,,15023,0,2025-05-15,post,https://www.facebook.com/share/p/19fH1yqVTo/,0,1,5,4,1,0,0,0,0,0,"¿𝗜𝗻𝗳𝗹𝘂𝘆𝗼́ 𝗾𝘂𝗶𝗲́𝗻 𝗶𝗯𝗮 𝗱𝗲 𝘃𝗶𝗰𝗲𝗽𝗿𝗲𝘀𝗶𝗱𝗲𝗻𝘁𝗲 𝗰𝘂𝗮𝗻𝗱𝗼 𝗧𝘂𝘁𝗼 𝘆 𝗦𝗮𝗺𝘂𝗲𝗹 𝗹𝗼𝗴𝗿𝗮𝗿𝗼𝗻 𝘀𝘂𝘀 𝗺𝗲𝗷𝗼𝗿𝗲𝘀 𝗿𝗲𝘀𝘂𝗹𝘁𝗮𝗱𝗼𝘀
Sí, pero de forma distinta en cada caso.
𝗧𝗨𝗧𝗢 𝟮𝟬𝟬𝟱 – 𝗠𝗔𝗥𝗜́𝗔 𝗥𝗘𝗡𝗘́ 𝗗𝗨𝗖𝗛𝗘́𝗡
𝐎𝐫𝐢𝐠𝐞𝐧: La Paz, con ascendencia cruceña por parte materna.
𝐏𝐞𝐫𝐟𝐢𝐥: Periodista y presentadora de … Ver más"
Capiguara Libertaria,https://www.facebook.com/luisita.balbian,no,,15023,0,2025-05-15,post,https://www.facebook.com/share/p/1Cw9zHPMvG/,0,5,11,10,1,0,0,0,0,0,"¿𝗖𝗼́𝗺𝗼 𝗹𝗼𝗴𝗿𝗮𝗿𝗼𝗻 𝗧𝘂𝘁𝗼 𝘆 𝗦𝗮𝗺𝘂𝗲𝗹 𝘀𝘂𝘀 𝗺𝗲𝗷𝗼𝗿𝗲𝘀 𝗿𝗲𝘀𝘂𝗹𝘁𝗮𝗱𝗼𝘀 𝗲𝗹𝗲𝗰𝘁𝗼𝗿𝗮𝗹𝗲𝘀
 ¿𝗤𝘂𝗲́ 𝘁𝗲𝗻𝗶́𝗮𝗻 𝗲𝘀𝗮𝘀 𝗮𝗹𝗶𝗮𝗻𝘇𝗮𝘀 𝗾𝘂𝗲 𝗹𝗼𝘀 𝗹𝗹𝗲𝘃𝗮𝗿𝗼𝗻 𝗮𝗹 𝘀𝗲𝗴𝘂𝗻𝗱𝗼 𝗹𝘂𝗴𝗮𝗿
Acá los datos:
𝐓𝐔𝐓𝐎 𝐐𝐔𝐈𝐑𝐎𝐆𝐀 – 𝐄𝐥𝐞𝐜𝐜𝐢𝐨𝐧𝐞𝐬 𝟐𝟎𝟎𝟓
𝐀𝐥𝐢𝐚𝐧𝐳𝐚: 𝐏𝐎𝐃𝐄𝐌𝐎𝐒 (ADN + PDC + sectores independientes)
𝐑𝐞𝐬𝐮𝐥𝐭𝐚𝐝𝐨: 28.6% – Segundo lugar
𝐕𝐢𝐜𝐞𝐩𝐫𝐞𝐬𝐢𝐝𝐞𝐧𝐭𝐚: María René Duchén
𝐁𝐚𝐬𝐞 𝐞𝐥𝐞𝐜𝐭𝐨𝐫𝐚𝐥: Oriente (Santa Cruz, Beni, Pando) + clases medias urban… Ver más"
Capiguara Libertaria,https://www.facebook.com/luisita.balbian,no,,15023,0,2025-05-16,post,https://www.facebook.com/share/p/15TzGtX2R3/,0,0,0,0,0,0,0,0,0,0,
Capiguara Libertaria,https://www.facebook.com/luisita.balbian,no,,15023,0,2025-05-16,post,https://www.facebook.com/share/p/1YDVDNaXX4/,1,19,33,22,1,7,0,1,2,0,"“La izquierda no sabe crear riqueza, y la derecha no la quiere compartir. El Estado tiene que regular para que haya redistribución”.
Suena equilibrado...equilibradamente paternalista. La pregunta es simple: ¿quién produce mientras el Estado reparte? ¿El ministerio de la abundancia? ¿Se busca regular, redistribuir y confiar en el Estado centralista como árbitro económico o atraer inversión, reducir trabas y empoderar al ciudadano desde la libertad de mercado?"
Capiguara Libertaria,https://www.facebook.com/luisita.balbian,no,,15023,0,2025-05-16,post,https://www.facebook.com/share/p/1ALKbUrH19/,7,20,78,65,8,4,0,0,0,1,"Juan Pablo, ""salvar Bolivia y la economía"" suena épico pero también demagógico y no es tu desafío, es un slogan.
Como emprendedor, viviste en carne propia lo que significa que la macroeconomía esté hecha pedazos: dólar paralelo, inflación, trabas, incertidumbre. Pero también tuviste que lidiar con lo micro: impuestos absurdos, trámites medievales, regulaciones que asfixian en vez de ayudar.
Y a pesar de eso, generaste empresa, impulsaste soluciones tecnológicas, buscaste si… Ver más"
Capiguara Libertaria,https://www.facebook.com/luisita.balbian,no,,15023,0,2025-05-16,post,https://www.facebook.com/share/p/1Ed69ePYyT/,0,3,9,3,0,6,0,0,0,0,
Capiguara Libertaria,https://www.facebook.com/luisita.balbian,no,,15023,0,2025-05-16,post,https://www.facebook.com/share/p/19QPBP6JH1/,1,0,23,23,0,0,0,0,0,0,El próximo alcalde de Santa Cruz.
Capiguara Libertaria,https://www.facebook.com/luisita.balbian,no,,15023,0,2025-05-16,post,https://www.facebook.com/share/v/1B8A8x46SL/,265,26,176,115,2,46,0,5,8,0,"Actualización: ¿Rambito es el candidato a Presi del MAS? 
La marcha evista me recordó al 2019. No se confundan, desde el Chapare, desde la calle o desde palacio, el MAS SIEMPRE VA A GENERAR VIOLENCIA A CONVENIENCIA PARA SOSTENER EL PODER A CUALQUIER PRECIO."
Capiguara Libertaria,https://www.facebook.com/luisita.balbian,no,,15023,0,2025-05-16,post,https://www.facebook.com/share/p/1DxQwthoNv/,8,6,80,75,1,1,0,3,0,0,"Gentil recordatorio: El MTS, la sigla que usaría Andrónico para postularse, es la misma que usaron el alcalde de Trinidad y el Gobernador del Beni el 2021. Correcto amiguitos desmemoriados, el MTS es el MAS pero con T en vez de A. Esa es la única diferencia. Después son tojos, churiquis, mopris, broderes."
Capiguara Libertaria,https://www.facebook.com/luisita.balbian,no,,15023,0,2025-05-16,post,https://www.facebook.com/share/p/1AjMFjAtDS/,0,5,11,8,0,1,0,1,1,0,¿Será?
Capiguara Libertaria,https://www.facebook.com/luisita.balbian,no,,15023,0,2025-05-16,post,https://www.facebook.com/share/p/1AUBvjZimG/,0,0,8,8,0,0,0,0,0,0,"Yo le pondría ""Contame"". 
Contá tu voto, contá tu experiencia, contás vos. "
Capiguara Libertaria,https://www.facebook.com/luisita.balbian,no,,15023,0,2025-05-17,post,https://www.facebook.com/share/p/1Asyth76R4/,0,0,14,11,0,0,1,0,0,2,"Vladimir Peña Virhuez es un buen hombre, un buen amigo, un tipo correcto. Ayudémoslo a enfrentar esta batalla tan dura."
Capiguara Libertaria,https://www.facebook.com/luisita.balbian,no,,15023,0,2025-05-17,post,https://www.facebook.com/share/p/19FZfazBjy/,3,0,16,11,0,0,4,0,0,1,
Capiguara Libertaria,https://www.facebook.com/luisita.balbian,no,,15023,0,2025-05-17,post,https://www.facebook.com/share/v/14E8gTdPPvZ/,18,3,70,29,29,0,1,0,0,11,"No hay palabras que alcancen para contar esta historia, porque no nació de la razón, sino del amor más profundo.
Alejandra Ortiz Barron fundó Asociación de Ayuda a niños y niñas ADANI porque su hijo, Adrián, le enseñó que incluso en el cuerpo más frágil puede habitar la fuerza más poderosa.
Adrián vino a cambiarlo todo.… Ver más"
Capiguara Libertaria,https://www.facebook.com/luisita.balbian,no,,15023,0,2025-05-17,post,https://www.facebook.com/luisita.balbian/posts/pfbid05hJ6HePemipueKM34LuP28PfqVc8g5WfUKbVbBB7XFNFkADZ5mf6rX2fUWpmJSVvl,0,0,8,8,0,0,0,0,0,0,
Capiguara Libertaria,https://www.facebook.com/luisita.balbian,no,,15023,0,2025-05-17,post,https://www.facebook.com/share/p/19AGbBtwo3/,0,0,1,1,0,0,0,0,0,0,
Capiguara Libertaria,https://www.facebook.com/luisita.balbian,no,,15023,0,2025-05-18,post,https://www.facebook.com/share/p/19W3293ERz/,9,10,51,50,1,0,0,0,0,0,"Por cierto, veo a varios diputados y senadores actuales desmereciendo a Velasco por su “falta de experiencia política”, especialmente porque el VP debe presidir la Asamblea. Y me pregunto: ¿ustedes, los que llegaron al Legislativo vendiéndose como “ciudadanos apolíticos pero esperanzados”, qué hacían antes de estar ahí?"
Capiguara Libertaria,https://www.facebook.com/luisita.balbian,no,,15023,0,2025-05-18,post,https://www.facebook.com/share/p/19Mx5V5zTM/,0,0,2,1,1,0,0,0,0,0,"www.bit.ly/conel25
Control electoral ciudadano, 1er ensayo "
Capiguara Libertaria,https://www.facebook.com/luisita.balbian,no,,15023,0,2025-05-19,post,https://www.facebook.com/share/p/18Hj4x2K6V/,10,29,48,21,0,11,0,11,5,0," ¿O sea que Beckhauser se mandó las inhabilitaciones (o intentos) por encargo de Samuelito pa' que después Samuelito lo inhabilite de sus listas a él?
(""Me dejaste solo cobarde de mierd*, traidor"", de Beckhauser a Sami. Jodido)."
Capiguara Libertaria,https://www.facebook.com/luisita.balbian,no,,15023,0,2025-05-19,post,https://www.facebook.com/share/p/196ozBTwrZ/,0,0,4,1,0,3,0,0,0,0,
Capiguara Libertaria,https://www.facebook.com/luisita.balbian,no,,15023,0,2025-05-19,post,https://www.facebook.com/share/p/16SCseAAvA/,9,6,36,31,0,0,0,2,2,1,"Hola, les presento el artículo 108 de la Ley 026. Esto dice:
Las sustituciones de candidaturas pueden hacerse:  
-- Por renuncia, hasta 45 días antes de la elección.
-- Por inhabilitación, fallecimiento, impedimento permanente o incapacidad total, hasta 3 días antes de la votación.… Ver más"
Capiguara Libertaria,https://www.facebook.com/luisita.balbian,no,,15023,0,2025-05-19,post,https://www.facebook.com/share/p/19WqcrPW6v/,0,15,41,22,0,18,0,0,1,0,¿Si Tongo es candidato entonces hoy presentó su renuncia formal como Alcalde al Concejo de Santa Cruz de la Sierra?
Capiguara Libertaria,https://www.facebook.com/luisita.balbian,no,,15023,0,2025-05-20,post,https://www.facebook.com/share/p/1XYRJ2KXYj/,7,0,33,33,0,0,0,0,0,0,"Tengo 3 alcaldes, pa' divertirme en este carnaval...
Tres alcaldes en ejercicio han decidido postularse a la Presidencia.
Uno desde Cochabamba, otro desde Santa Cruz de la Sierra, y una desde El Alto.
No… Ver más"
Capiguara Libertaria,https://www.facebook.com/luisita.balbian,no,,15023,0,2025-05-20,post,https://www.facebook.com/share/p/1Eh8tB9Y1P/,0,18,30,28,0,1,1,0,0,0,"A ver, la Ley 026 dice que hasta 45 días antes de la elección, un candidato puede renunciar y la org. política sustituirlo. Tongo sabe que no tiene esperanza de ganar ni la junta vecinal de Cachipere, ¿qué pasa si la jugadita es que si no se puede inscribir Andrónico ahora, lo haga como sustituto de Tongo después?"
Capiguara Libertaria,https://www.facebook.com/luisita.balbian,no,,15023,0,2025-05-20,post,https://www.facebook.com/share/16TBgPnjXG/,2,3,37,29,7,0,0,0,0,1,
Capiguara Libertaria,https://www.facebook.com/luisita.balbian,no,,15023,0,2025-05-20,post,https://www.facebook.com/share/p/1D7KUDbwKm/,25,4,35,12,0,0,0,3,20,0,"EL HIJO DEL PRESIDENTE: EL PEQUEÑO TERRATENIENTE 
Hace pocos días, Luis Arce Catacora anunció que no buscará la candidatura del MAS, dejando el camino libre para su ex ministro de Gobierno, Eduardo del Castillo, quien será el abanderado oficialista en las próximas elecciones presidenciales. Y, sinceramente, me alegra. ¿Por qué? Porque así Catacora y su hijo tendrán más tiempo para explicarnos lo siguiente.
Hoy, 20 de mayo, es primicia este reportaje: ""Las tierras del hijo d… Ver más"
Capiguara Libertaria,https://www.facebook.com/luisita.balbian,no,,15023,0,2025-05-20,post,https://www.facebook.com/share/p/1EhqzyGkiz/,19,1,85,6,1,76,0,1,0,1,
Capiguara Libertaria,https://www.facebook.com/luisita.balbian,no,,15023,0,2025-05-20,post,https://www.facebook.com/share/p/16dwCbgEKi/,2,3,33,33,0,0,0,0,0,0,Ahora que Tongo ya llevó sus listas de candidatos a La Paz ¿será que puede concentrarse en las listas de niños que necesitan el desayuno escolar o eso va a seguir esperando en su lisra de prioridades?
Capiguara Libertaria,https://www.facebook.com/luisita.balbian,no,,15023,0,2025-05-20,post,https://www.facebook.com/share/p/1BkJjChrZU/,1,20,37,12,1,13,2,9,0,0,Esteee...
Capiguara Libertaria,https://www.facebook.com/luisita.balbian,no,,15023,0,2025-05-20,post,https://www.facebook.com/share/p/15389svGcZ3/,2,11,30,6,0,23,0,1,0,0,¿Está borracho el community manager de la alcaldía de La Paz? 
Capiguara Libertaria,https://www.facebook.com/luisita.balbian,no,,15023,0,2025-05-20,post,https://www.facebook.com/share/p/1AyYsGQTdk/,1,6,74,20,0,54,0,0,0,0,"Querido Evo:
Debo dejarte.
Por qué, no puedo decirlo.
A dónde iré, no puedes saberlo.… Ver más"
Capiguara Libertaria,https://www.facebook.com/luisita.balbian,no,,15023,0,2025-05-20,post,https://www.facebook.com/share/p/19aZaBsCa1/,1,1,48,2,0,45,1,0,0,0,Ríanse amargadetes 
Capiguara Libertaria,https://www.facebook.com/luisita.balbian,no,,15023,0,2025-05-21,post,https://www.facebook.com/share/p/16JjhWznbf/,0,2,15,13,0,2,0,0,0,0,De lo que te perdiste por incapaz...o cómplice Rambito 
Capiguara Libertaria,https://www.facebook.com/luisita.balbian,no,,15023,0,2025-05-21,post,https://www.facebook.com/share/p/1EYQHACEwJ/,10,0,13,8,0,0,0,0,5,0,"LOS 6 PUNTOS DE “LAS TIERRAS DEL HIJO DEL PRESIDENTE”
1. COMPRA MILLONARIA DEL PREDIO
En noviembre de 2021, RAFAEL ARCE MOSQUEIRA (hijo menor del presidente Arce) compró el predio “ADÁN Y EVA” en Santa Cruz: 2.187,8 HECTÁREAS POR 3,3 MILLONES DE DÓLARES.
La compra fue “A CRÉDITO”, pese a que hasta entonces solo había sido FUNCIONARIO PÚBLICO DE RANGO MEDIO.… Ver más"
Capiguara Libertaria,https://www.facebook.com/luisita.balbian,no,,15023,0,2025-05-21,post,https://www.facebook.com/share/p/1BUepG5fQs/,2,0,14,14,0,0,0,0,0,0,
Capiguara Libertaria,https://www.facebook.com/luisita.balbian,no,,15023,0,2025-05-21,post,https://www.facebook.com/share/p/1FbRYUcoxU/,12,1,23,6,0,0,10,1,6,0,"Bolivia, potencia mundial en... DEFORESTACIÓN.
Mientras otros países pelean por liderar en innovación, salud o educación, nosotros vamos directo al podio… de la destrucción del medio ambiente.
Porque aquí talar y quemar no es crimen, es “desarrollo”. Porque mientras se llenan la boca con discursos verdes, desde el ejecutivo se autorizan desmontes y quemas y desde el legislativo se los legaliza.… Ver más"
Capiguara Libertaria,https://www.facebook.com/luisita.balbian,no,,15023,0,2025-05-22,post,https://www.facebook.com/share/p/1EyeXisxZh/,0,0,0,0,0,0,0,0,0,0,
Capiguara Libertaria,https://www.facebook.com/luisita.balbian,no,,15023,0,2025-05-22,post,https://www.facebook.com/share/p/1Bk4fVqea4/,4,9,78,40,0,13,6,11,8,0,"35 bs el cuarto de pollito Joel por tu culpa zurdito incapaz.
¡CATACORAAA! "
Capiguara Libertaria,https://www.facebook.com/luisita.balbian,no,,15023,0,2025-05-22,post,https://www.facebook.com/share/p/15pAn9M3y3/,4,2,18,12,0,2,1,0,3,0,"Lo que estamos viendo es una reedición más perversa de lo que pasó en el Beni en 2015. Hoy es lo mismo, pero con más alcance y más cinismo.
Beckhauser abrió una caja de Pandora peligrosa. Judicializar el proceso se volvió la nueva forma de “competir”: en vez de convencer al electorado, se busca anular al rival con demandas. Y lo más grave es que el poder judicial no es independiente, es servil.
Esto ya no es solo una estrategia del oficialismo. Hay fuego cruzado desde todos… Ver más"
Capiguara Libertaria,https://www.facebook.com/luisita.balbian,no,,15023,0,2025-05-22,post,https://www.facebook.com/share/p/15amNmqjSf/,0,0,0,0,0,0,0,0,0,0,
Capiguara Libertaria,https://www.facebook.com/luisita.balbian,no,,15023,0,2025-05-22,post,https://www.facebook.com/share/p/19Gr6AucXj/,12,4,27,11,0,0,8,0,8,0,"NO HAY FUTURO POSIBLE EN UN PAÍS SIN SELVAS VIVAS
El bosque primario es un ecosistema antiguo, intacto y sin intervención humana significativa. Es el tipo de bosque más valioso del planeta. Allí viven especies únicas, muchas de ellas endémicas, que no pueden sobrevivir en ningún otro lugar.
La pérdida de 1.5 millones de hectáreas de bosque primario en Bolivia no es solo un dato, es una tragedia ambiental. Porque a diferencia de otros bosques, la complejidad ecológica de un … Ver más"
Capiguara Libertaria,https://www.facebook.com/luisita.balbian,no,,15023,0,2025-05-22,post,https://www.facebook.com/share/p/15a6t9jY69/,0,25,76,5,0,71,0,0,0,0,"Edu dijqué 
 
. Su foto de sombrero parece de catálogo de jueves de gancho de only fans y la de los lentes de cumbiero de bajo presupuesto en kermesse de campaña."
Capiguara Libertaria,https://www.facebook.com/luisita.balbian,no,,15023,0,2025-05-23,post,https://www.facebook.com/share/v/1GGs79uU49/,7,0,29,18,0,9,0,0,1,1,"¡No normalicen la crisis! 
 
Este chat es oro puro "
Capiguara Libertaria,https://www.facebook.com/luisita.balbian,no,,15023,0,2025-05-24,post,https://www.facebook.com/share/p/16o8S96hhJ/,10,3,43,42,1,0,0,0,0,0,Por Piso Firme se trenzaron entre patujuses que da calambre pero ni siquiera un comunicado he visto por las tierras del hijo del poder que eran bosque protegido y Catacora Junior las hizo su chaco.
Capiguara Libertaria,https://www.facebook.com/luisita.balbian,no,,15023,0,2025-05-24,post,https://www.facebook.com/share/v/1AYrmPeDah/,2,1,12,2,0,10,0,0,0,0,"""Y acá el amigo como es metiche. Va a disculpar pero es verdad""...
 
Yo hablando de Beckhauser Patty "
Capiguara Libertaria,https://www.facebook.com/luisita.balbian,no,,15023,0,2025-05-26,post,https://www.facebook.com/share/p/1CbQgbqjQz/,14,1,78,60,15,0,1,0,0,2,"Miguelito tiene claro que la política no es para figurar, es para asumir responsabilidades y servir.
No le tiembla la voz al defender sus principios.
No necesita disfrazarse para representar a su pueblo.… Ver más"
Capiguara Libertaria,https://www.facebook.com/luisita.balbian,no,,15023,0,2025-05-26,post,https://www.facebook.com/share/p/1AmZ2ndpgb/,1,2,33,31,0,2,0,0,0,0,"Ahhh, el glorioso mercado de las siglas taxi en este paisito de fantasía…
Hoy te cancelan una, mañana rehabilitan otra, y así las que finalmente quedan duplican su valor en el mercado negro de la democracia.
No para que las adquiera el mejor candidato, sino el más astuto postor. Pagadas con dólares, pegas y contratos millonarios.
Porque aquí las siglas no representan ideas, representan oportunidades: de negocio, de chantaje, de acomod… Ver más"
Capiguara Libertaria,https://www.facebook.com/luisita.balbian,no,,15023,0,2025-05-26,post,https://www.facebook.com/luisita.balbian/posts/pfbid02E1M9xEXo1C1RLrbCP1G59Ud9jghajhJbkyVjJktCTAiYNSK83twvhfKo4gMrVwZBl,3,5,84,80,2,1,0,0,0,1,"Aunque habiliten a PAN-BOL, Evo NO VA A SER CANDIDATO. Puede estar en alguna lista pero el TSE lo va a inhabilitar igual."
Capiguara Libertaria,https://www.facebook.com/luisita.balbian,no,,15023,0,2025-05-26,post,https://www.facebook.com/share/p/1AxrwDj1Yu/,1,2,26,25,1,0,0,0,0,0,"No se justifica el autoritarismo en nombre de la libertad. No se combate el colectivismo con pensamiento único. Restringir ideas desde el poder es fascismo institucionalizado. El pensamiento contrario se confronta con argumentos, no con censura."
Capiguara Libertaria,https://www.facebook.com/luisita.balbian,no,,15023,0,2025-05-27,post,https://www.facebook.com/share/p/15jsCzNqqo/,11,1,55,40,0,1,0,5,9,0,Era que hagan su reunión en las tierras del hijo del presidente que quemó bosque protegido con permiso del gobierno en plena pausa ambiental.
Capiguara Libertaria,https://www.facebook.com/luisita.balbian,no,,15023,0,2025-05-27,post,https://www.facebook.com/share/p/1Ej3uZgUEF/,0,9,27,8,15,0,0,0,0,4,"Mi mamá tiene magia.
No es un decir, no es exageración. Es real.
Ella siente cuando algo me pasa, aunque no se lo diga.
Sabe si estoy triste, si estoy cansada, si algo me pesa. A veces ni yo me entiendo, pero ella sí. Ella siempre.… Ver más"
Capiguara Libertaria,https://www.facebook.com/luisita.balbian,no,,15023,0,2025-05-27,post,https://www.facebook.com/share/p/16ccVt2zLr/,0,3,19,16,3,0,0,0,0,0,"Las tenistas mojeñas mirando al tenista mojeño en el Roland Garros. 
Hugo Dellien Tigre de Moxos "
Capiguara Libertaria,https://www.facebook.com/luisita.balbian,no,,15023,0,2025-05-28,post,https://www.facebook.com/share/p/1Ec7GWauf5/,41,38,180,51,0,0,1,21,107,0,"""Va a leer o no señora, no tengo todo el día..."", así le respondió el ""oficial"" cuando la sra. Zaira pidió que le digan por qué se querían entrar a su casa. 
Casi UNA DOCENA DE POLICÍAS en la casa del gral. Shriqui contra una mujer de la tercera edad que estaba SOLA y el paco a cargo encima le grita prepotente. No respetan nada con su excusa de cumplir órdenes. SON UNOS ABUSIVOS."
Capiguara Libertaria,https://www.facebook.com/luisita.balbian,no,,15023,0,2025-05-28,post,https://www.facebook.com/share/p/1DybqJxB3N/,0,1,6,1,0,5,0,0,0,0,
Capiguara Libertaria,https://www.facebook.com/luisita.balbian,no,,15023,0,2025-05-28,post,https://www.facebook.com/share/p/16TMzpz4gc/,2,1,23,12,0,11,0,0,0,0,"Ring, ring, ring 
- Buenos días, Fábrica de Trampolines ""El beniano ausente'. ¿Cómo le podemos ayudar?
- ¿Fábrica de trampolines? ¿No es este el número de teléfono del Comité Cívico del Beni?
- Sí pero cambiamos de rubro..."
Capiguara Libertaria,https://www.facebook.com/luisita.balbian,no,,15023,0,2025-05-28,post,https://www.facebook.com/share/p/1FcfqAZwjE/,0,5,19,16,0,0,2,1,0,0,"¿Sigue existiendo el Comité Cívico del Beni o me soñé que teníamos?
(Mirá vos, me acabo de dar cuenta que hace años me pregunto lo mismo. FB me recuerda un post mío del 2021, sigo sin respuesta...
)"
Capiguara Libertaria,https://www.facebook.com/luisita.balbian,no,,15023,0,2025-05-28,post,https://www.facebook.com/share/p/19GJPHfHgV/,4,0,8,8,0,0,0,0,0,0,Jochi con cola 
Capiguara Libertaria,https://www.facebook.com/luisita.balbian,no,,15023,0,2025-05-28,post,https://www.facebook.com/share/p/1C1ZnfvuBK/,0,0,1,1,0,0,0,0,0,0,
Capiguara Libertaria,https://www.facebook.com/luisita.balbian,no,,15023,0,2025-05-30,post,https://www.facebook.com/share/p/1Fomggv6eJ/,0,10,37,9,0,27,0,0,1,0,"¿O sea que bajar la inflación sería un movimiento sexy?
"
Capiguara Libertaria,https://www.facebook.com/luisita.balbian,no,,15023,0,2025-05-30,post,https://www.facebook.com/share/p/1BjeJPqvAE/,0,0,40,12,0,28,0,0,0,0,
Capiguara Libertaria,https://www.facebook.com/luisita.balbian,no,,15023,0,2025-05-30,post,https://www.facebook.com/share/p/16KY89t1iJ/,1,2,46,17,0,29,0,0,0,0,
Capiguara Libertaria,https://www.facebook.com/luisita.balbian,no,,15023,0,2025-05-30,post,https://www.facebook.com/share/p/1AYZi2S26a/,4,2,25,22,0,0,1,2,0,0,"México está por cometer el mismo error que Bolivia: elegir jueces por voto popular.
En un país devastado por el narcotráfico, donde la justicia ya está fracturada y los cárteles ejercen un poder real de control, este tipo de reformas no fortalecen al Estado: lo entregan.
Entre los postulantes hay casos alarmantes:… Ver más"
Capiguara Libertaria,https://www.facebook.com/luisita.balbian,no,,15023,0,2025-05-31,post,https://www.facebook.com/share/p/1Y26Mi6C5a/,4,1,52,26,21,0,0,0,0,5,"Quería que gane el Inter pero...
— LUIS ENRIQUE (EN ENERO DEL 2025): ""Yo tengo un recuerdo increíble, porque a mi hija le gustaban mucho las fiestas. Y estoy seguro que donde está, sigue haciendo fiestas. Recuerdo una foto que tengo con ella increíble, en la final de la Champions, en Berlín, después de ganar la Champions, clavando una bandera del Barca en el campo. Tengo el deseo de poder hacer lo mismo con el PSG. No estará mi hija físicamente, pero estará espiritualmente. … Ver más"
Capiguara Libertaria,https://www.facebook.com/luisita.balbian,no,,15023,0,2025-05-31,post,https://www.facebook.com/share/p/1At3hSXpQT/,1,4,12,11,1,0,0,0,0,0,"Aprender en el camino no es improvisar: es parte del oficio político
Se ha vuelto tendencia burlarse de un candidato a vicepresidente por haber dicho que “va a aprender en el camino” y emitir un par de desafortunadas respuestas que claramente demuestran desconocimiento de la materia en la que se lo cuestionaba (y no, no me voy a referir a lo de Estado sexy, frente a lo coloquial está el mensaje que se quiere transmitir y no veo mal u… Ver más"
Capiguara Libertaria,https://www.facebook.com/luisita.balbian,no,,15023,0,2025-05-31,post,https://www.facebook.com/share/p/14EePgpJQz5/,3,23,29,26,2,1,0,0,0,0,¿De verdad es tan escandaloso admitir que hay un proceso de aprendizaje en el ejercicio del poder?
Capiguara Libertaria,https://www.facebook.com/luisita.balbian,no,,15023,0,2025-05-31,post,https://www.facebook.com/share/p/19Che2FY72/,0,0,11,8,3,0,0,0,0,0,Eso 
Capiguara Libertaria,https://www.facebook.com/luisita.balbian,no,,15023,0,2025-06-01,post,https://www.facebook.com/share/p/1JgjBLkoyG/,0,16,49,34,2,13,0,0,0,0,"Je je je je, anda de cizañero Junior Arias "
Capiguara Libertaria,https://www.facebook.com/luisita.balbian,no,,15023,0,2025-06-01,post,https://www.facebook.com/share/p/1HfyTXrE9a/,0,7,19,16,2,1,0,0,0,0,"+/- 2 de margen de error amiguitos. Con una diferencia de 0.7 entre el primero y el segundo, no da pa gritar: ¿Ven que Samuelito siempre estuvo primero?, ni ¡Encuesta trucha.Tuto forever!"
Capiguara Libertaria,https://www.facebook.com/luisita.balbian,no,,15023,0,2025-06-01,post,https://www.facebook.com/share/p/1C2drDu5rt/,23,6,93,79,10,1,0,0,0,3,"Lo importante es que el mapa ya no es azul. Este año, en agosto, es nuestra oportunidad de que la hegemonía del MAS nunca más."
Capiguara Libertaria,https://www.facebook.com/luisita.balbian,no,,15023,0,2025-06-01,post,https://www.facebook.com/share/p/16ZFG8tSfg/,8,6,81,39,8,33,0,0,0,1,"Para mí este es el dato más importante de la encuesta de hoy:
No vas a ser senador Tilín "
Capiguara Libertaria,https://www.facebook.com/luisita.balbian,no,,15023,0,2025-06-01,post,https://www.facebook.com/share/p/1CEDxTptna/,0,2,19,2,0,15,0,2,0,0,"Elay, Evo lo tumbó de su sindicato a Andrónico 
. El Estado independiente de El Chapare tiene dueño vitalicio 
."
Capiguara Libertaria,https://www.facebook.com/luisita.balbian,no,,15023,0,2025-06-01,post,2025-06-01,0,0,0,0,0,0,0,0,0,0,
Capiguara Libertaria,https://www.facebook.com/luisita.balbian,no,,15023,0,2025-06-02,post,https://www.facebook.com/share/p/19UJRvdZXY/,3,3,7,7,0,0,0,0,0,0,"Del Estado y otros males:
 ¿Quién quiere achicar el Estado?
 
 Libre – liberal, con propuestas operativas.
 Plantea achicar el Estado con reformas.… Ver más"
Capiguara Libertaria,https://www.facebook.com/luisita.balbian,no,,15023,0,2025-06-02,post,https://www.facebook.com/share/p/1Fkk9Q32nG/,81,13,81,75,6,0,0,0,0,0," Los 5 temas que NADIE se atreve a tocar
Leí todos los planes de gobierno. TODOS.
¿Y sabés qué? Todos callan sobre lo que de verdad nos está jodiendo como país.
Acá van 5 bombas de tiempo que ningún partido –ni de izquierda, ni de derecha– quiere desactivar 
… Ver más"
Capiguara Libertaria,https://www.facebook.com/luisita.balbian,no,,15023,0,2025-06-02,post,https://www.facebook.com/luisita.balbian/posts/pfbid02f2eA3VCp74Zb4H4HNLPfM5PQGxYkJ3Rpz6rAqyrFwiuy9v8z8PFezYbgRwDATkf5l,3,1,37,23,0,13,0,1,0,0,"Elay, quien le va a quitar su personería al MAS...va a ser el MAS por su pejivoto de menos de 3%.
"
Capiguara Libertaria,https://www.facebook.com/luisita.balbian,no,,15023,0,2025-06-02,post,https://www.facebook.com/share/p/1BRMTTNZtx/,0,3,11,6,0,5,0,0,0,0,Como va la cosa ¿ya no vamos a tener que esperar a que lleguen los votos del campo? 
Capiguara Libertaria,https://www.facebook.com/luisita.balbian,no,,15023,0,2025-06-03,post,https://www.facebook.com/share/p/19FA1cbocJ/,2,0,4,4,0,0,0,0,0,0,
Capiguara Libertaria,https://www.facebook.com/luisita.balbian,no,,15023,0,2025-06-03,post,https://www.facebook.com/share/p/19fBjoQ7Ew/,2,6,31,12,0,19,0,0,0,0,Torquemada un piojo tuerto a lau de Beckhauser 
Capiguara Libertaria,https://www.facebook.com/luisita.balbian,no,,15023,0,2025-06-03,post,2025-06-03,4,11,82,79,2,1,0,0,0,0,
Capiguara Libertaria,https://www.facebook.com/luisita.balbian,no,,15023,0,2025-06-06,post,https://www.facebook.com/share/p/1CAiEECmBD/,1,1,17,6,0,10,1,0,0,0,"¿Vizcarra es la oposición boliviana?...
"
Capiguara Libertaria,https://www.facebook.com/luisita.balbian,no,,15023,0,2025-06-06,post,https://www.facebook.com/share/p/16LQQrGCgt/,1,8,39,8,0,31,0,0,0,0,En pocas palabras la candidatura de Dunn es el gato en la caja de Schrödinger 
Capiguara Libertaria,https://www.facebook.com/luisita.balbian,no,,15023,0,2025-06-06,post,https://www.facebook.com/share/p/1Abbjizp6N/,0,6,6,5,0,0,0,0,1,0,"Los 10 binomios habilitados para las elecciones confirmados por el TSE:
 Alianza Popular (AP): Andrónico Rodríguez – Mariana Prado
 Unidad: Samuel Doria Medina – José Luis Lupo
 Libre: Jorge ""Tuto"" Quiroga – Juan Pablo Velasco… Ver más"
Capiguara Libertaria,https://www.facebook.com/luisita.balbian,no,,15023,0,2025-06-07,post,https://www.facebook.com/share/v/1Ar631FeRb/,39,22,52,21,0,11,1,15,4,0,
Capiguara Libertaria,https://www.facebook.com/luisita.balbian,no,,15023,0,2025-06-07,post,https://www.facebook.com/share/p/16mnxpeE1F/,1100,266,6300,5200,893,149,0,0,3,35,Poesía urbana motorizada...
Capiguara Libertaria,https://www.facebook.com/luisita.balbian,no,,15023,0,2025-06-07,post,https://www.facebook.com/share/p/16mNNdb3nm/,0,1,23,12,11,0,0,0,0,0,"Campeón 
 #TigreDeMoxos "
Capiguara Libertaria,https://www.facebook.com/luisita.balbian,no,,15023,0,2025-06-07,post,https://www.facebook.com/share/p/1FrEbTVo6B/,0,0,12,8,3,0,0,1,0,0,
Capiguara Libertaria,https://www.facebook.com/luisita.balbian,no,,15023,0,2025-06-08,post,https://www.facebook.com/share/p/1Enyxf6jTp/,0,2,30,29,1,0,0,0,0,0,"¿Tas tiste Grabois? ¿Tas tiste y encerradito por delincuente o cómo?
"
Capiguara Libertaria,https://www.facebook.com/luisita.balbian,no,,15023,0,2025-06-09,post,https://www.facebook.com/share/p/1Gh9u37rqx/,0,0,11,10,0,1,0,0,0,0,"Encuestitis selectiva: Afección común entre ciertos analistas que juzgan la “confiabilidad” de las encuestas según qué tan arriba esté el candidato que les financia la lucidez 
."
Capiguara Libertaria,https://www.facebook.com/luisita.balbian,no,,15023,0,2025-06-09,post,https://www.facebook.com/share/p/16PijNpLNR/,1,0,10,6,2,0,0,0,0,2,
Capiguara Libertaria,https://www.facebook.com/luisita.balbian,no,,15023,0,2025-06-10,post,https://www.facebook.com/share/p/18SAFjj84F/,0,2,28,20,5,0,0,0,0,3,"Y este es un juego que sólo hay que jugar
Te puede ir bien, te puede ir mal..."
Capiguara Libertaria,https://www.facebook.com/luisita.balbian,no,,15023,0,2025-06-10,post,https://www.facebook.com/share/p/1WtPCRoTBr/,0,0,1,0,0,0,0,0,0,0,
Capiguara Libertaria,https://www.facebook.com/luisita.balbian,no,,15023,0,2025-06-11,post,https://www.facebook.com/share/p/16LwwkNVBX/,114,48,123,35,0,13,1,1,73,0,"Mientras Bolivia se hunde en la violencia por culpa de Evo Morales, Andrónico no solo calla: lo justifica, lo avala. Dice que los bloqueos son “con justa razón” por la incapacidad del Gobierno. ¿Justo asesinar policías? ¿Justo tener sitiado al país? ¿Justo hacer campaña con cadáveres en la espalda?
Eso no es opinión política. Es complicidad. Es alineamiento total con el plan de Morales para desestabilizar y volver por la fuerza.
Andrónico no es un simple parlamentario despis… Ver más"
Capiguara Libertaria,https://www.facebook.com/luisita.balbian,no,,15023,0,2025-06-11,post,https://www.facebook.com/share/p/1A845jusV7/,15,10,65,32,1,0,11,1,20,0,"Ya van 2 civiles y 2 policías, cuatro seres humanos MUERTOS cortesía de EVO MORALES EL TERRORISTA ¿será que ahora sí lo van a meter preso a ese delincuente que es el que está generando toda esta violencia o aparte de incapaz sos un cobarde Luis Arce?"
Capiguara Libertaria,https://www.facebook.com/luisita.balbian,no,,15023,0,2025-06-11,post,https://www.facebook.com/share/p/16iiEBNEpj/,1,2,47,10,0,0,32,0,5,0,
Capiguara Libertaria,https://www.facebook.com/luisita.balbian,no,,15023,0,2025-06-11,post,https://www.facebook.com/share/p/16WEdxm3GP/,1,0,1,1,0,0,0,0,0,0,
Capiguara Libertaria,https://www.facebook.com/luisita.balbian,no,,15023,0,2025-06-11,post,https://www.facebook.com/share/p/1EzdyiCQCK/,8,41,104,22,0,69,1,0,12,0,"Según Del Castillo, si fuera presidente, ordenaría la aprehensión de Evo Morales en su primera semana.
¿Y por qué no lo hizo cuando era Ministro de Gobierno? ¿No tenía poder entonces?
Claro, ahora que quiere votos recién piensa en pasar de la amenaza a la acción. Es un oportunista y su cobardía de ayer, se traduce en los muertos de hoy."
Capiguara Libertaria,https://www.facebook.com/luisita.balbian,no,,15023,0,2025-06-11,post,https://www.facebook.com/share/p/1YZd49uFvt/,63,10,86,13,0,1,50,1,21,0,Ya son 4 los policías asesinad*s por la guerrilla de Evo Morales.
Capiguara Libertaria,https://www.facebook.com/luisita.balbian,no,,15023,0,2025-06-12,post,https://www.facebook.com/share/p/16jCnfvhT7/,111,15,102,93,2,1,1,2,3,0,"Mapa de sangre, poder y cálculo: la Bolivia bloqueada de Evo
¿Por qué Parotani y no El Alto? ¿Por qué Llallagua y no Yapacaní? ¿Por qué el Chapare, por qué ahora?
Porque esto no es una protesta. Es un mapa de presión política cuidadosamente diseñado por Evo Morales y ejecutado por su maquinaria territorial.… Ver más"
Capiguara Libertaria,https://www.facebook.com/luisita.balbian,no,,15023,0,2025-06-13,post,https://www.facebook.com/share/p/196gbTfpy2/,0,0,4,3,0,0,0,1,0,0,
Capiguara Libertaria,https://www.facebook.com/luisita.balbian,no,,15023,0,2025-06-14,post,https://www.facebook.com/luisita.balbian/videos/9930513273727854/,5,1,35,4,0,29,0,1,1,0,"Ya saben, cuidadito con su voto o no hay pollito "
Capiguara Libertaria,https://www.facebook.com/luisita.balbian,no,,15023,0,2025-06-14,post,https://www.facebook.com/share/p/1ATDtUX5FH/,0,0,2,1,1,0,0,0,0,0,
Capiguara Libertaria,https://www.facebook.com/luisita.balbian,no,,15023,0,2025-06-15,post,https://www.facebook.com/share/p/1Be84ny1mu/,1,0,41,28,12,0,0,0,0,1,"Mi tierra es la gran tierra de los Moxos 

¡VIVA TRINIDAD!"
Capiguara Libertaria,https://www.facebook.com/luisita.balbian,no,,15023,0,2025-06-15,post,https://www.facebook.com/share/p/16KAXH7c6J/,0,0,2,0,0,2,0,0,0,0,"Llorones
"
Capiguara Libertaria,https://www.facebook.com/luisita.balbian,no,,15023,0,2025-06-16,post,https://www.facebook.com/share/p/1CG7X2iGmv/,1,0,6,6,0,0,0,0,0,0,"Honestamente, me parecen más importantes las ideas debajo de la gorrita.
Si evaluamos las tres que andan hechas las influencers: una anglonizó un slogan de campaña y lo adaptó a una frase espontánea de su candidato en una entrevista —cero contexto el asuntico—; otra hizo un acrónimo de un apodo puesto por un narco a un alto funcionario de gobierno (peligrosa jugada y bastante tonta, porque afirma el nexo, pero buej); y la tercera prom… Ver más"
Capiguara Libertaria,https://www.facebook.com/luisita.balbian,no,,15023,0,2025-06-16,post,https://www.facebook.com/share/p/16qdZTStvq/,0,0,0,0,0,0,0,0,0,0,
