nombre perfil,url perfil,snapshot_date,creación del perfil,candidato identificado,seguidores,seguidos,fecha post,tipo de post,url post,comparticiones,comentarios,reacciones en total,me gusta,me encanta,me divierte,me entristece,me sorprende,me enoja,me importa,contenido
XIMENA ARISPE BERNABE,https://www.facebook.com/ximena.daniela.arispe/,2025-07-29,2024-12-31,no,664,202,2025-07-21,post,https://www.facebook.com/ximena.daniela.arispe/posts/pfbid0PMiAo5GPjXpkUijvpuQqFVVLZnReQpBvnoHCNfaW5XeTFKH2dVQnHGZJsyzkSEEwl,3,0,15,12,3,0,0,0,0,0,
XIMENA ARISPE BERNABE,https://www.facebook.com/ximena.daniela.arispe/,2025-07-29,2024-12-31,no,664,202,2025-07-22,post,https://www.facebook.com/share/v/1F8cxzPi8z/,7,1,41,40,1,0,0,0,0,0,Con tu apoyo lo lograremos la unica candidata mujer de la C-29  Ximena Arispe Diputada C - 29 Oruro
XIMENA ARISPE BERNABE,https://www.facebook.com/ximena.daniela.arispe/,2025-07-29,2024-12-31,no,664,202,2025-07-23,post,https://www.facebook.com/share/r/173rxyvhrd/,13,0,34,33,1,0,0,0,0,0,Ximena Arispe Diputada C - 29 Oruro
XIMENA ARISPE BERNABE,https://www.facebook.com/ximena.daniela.arispe/,2025-07-29,2024-12-31,no,664,202,2025-07-25,post,https://www.facebook.com/share/p/1JRXC6fH6j/,1,2,12,12,0,0,0,0,0,0,Valoro mucho la amistad Oscar Elias Choque  eres un gran amigo un gran lider y sobre todo un gran Ejecutivo de la Federacion de Gremiales Wiñay Pacha dios te guie siemp… Ver más
XIMENA ARISPE BERNABE,https://www.facebook.com/ximena.daniela.arispe/,2025-07-29,2024-12-31,no,664,202,2025-07-25,post,https://www.facebook.com/share/r/1C5A15KyAB/,29,7,50,44,6,0,0,0,0,0,"La mejor desicion es solo tuya el binomio
Rodrigo Paz  Cap.LARA… Ver más"
XIMENA ARISPE BERNABE,https://www.facebook.com/ximena.daniela.arispe/,2025-07-29,2024-12-31,no,664,202,2025-07-25,post,https://www.facebook.com/share/r/19RoPgnxoc/,7,2,41,36,5,0,0,0,0,0,Este 17 de agosto marca la casilla 10 la estrella ganadora Ximena Arispe Diputada C - 29 Oruro
XIMENA ARISPE BERNABE,https://www.facebook.com/ximena.daniela.arispe/,2025-08-06,2024-12-31,no,664,202,2025-07-29,post,https://www.facebook.com/share/p/1ZtgqGgUcC/,0,0,5,5,0,0,0,0,0,0,
XIMENA ARISPE BERNABE,https://www.facebook.com/ximena.daniela.arispe/,2025-07-29,2024-12-31,no,664,202,2025-07-29,post,https://www.facebook.com/share/p/1WMDpgK23q/,0,0,3,3,0,0,0,0,0,0,
XIMENA ARISPE BERNABE,https://www.facebook.com/ximena.daniela.arispe/,2025-08-06,2024-12-31,no,664,202,2025-07-30,post,https://www.facebook.com/share/p/1A76sbWExG/,2,0,13,11,2,0,0,0,0,0,"Con la Fortaleza de Dios 
 de mi familia
 amigos transporte 
 vecinos profesionales vamos juntos mas fortalecidos hasta la meta gracias por el apoyo.
Una muj… Ver más"
XIMENA ARISPE BERNABE,https://www.facebook.com/ximena.daniela.arispe/,2025-08-06,2024-12-31,no,664,202,2025-07-31,post,https://www.facebook.com/ximena.daniela.arispe/posts/pfbid02hLzs3XPMFe4AjkcJQnkoeeioo8CkXE2UtxiP8dLTAWc51NncTUN3UKUKdP5kKttzl,5,0,16,13,3,0,0,0,0,0,El 17 de Agosto ls decision es tuya la vos de Oruro el cambio y progreso esta en Ximena Arispe Diputada C - 29 Oruro
XIMENA ARISPE BERNABE,https://www.facebook.com/ximena.daniela.arispe/,2025-08-06,2024-12-31,no,664,202,2025-07-31,post,https://www.facebook.com/share/v/1AyLCfcBy1/,29,19,64,61,2,0,0,1,0,0,"La representacion de Oruro la voz esta en esta mujer y la fuerza son toda la representacion de Oruro se vienen tiempos mejores.
Evaluen quien va trabajar por Oruro."
XIMENA ARISPE BERNABE,https://www.facebook.com/ximena.daniela.arispe/,2025-08-06,2024-12-31,no,664,202,2025-08-01,post,https://www.facebook.com/share/p/1B1yDrn6mS/,3,4,34,30,4,0,0,0,0,0,"Muchas Felicidades por un año más de vida Asociación de Comerciantes Minoristas en Artículos Varios ""CENTRAL ALCOCHE"" en hora buena "
XIMENA ARISPE BERNABE,https://www.facebook.com/ximena.daniela.arispe/,2025-08-06,2024-12-31,no,664,202,2025-08-03,post,https://www.facebook.com/share/p/1CGAomvAi6/,8,0,29,24,4,0,0,0,0,1,
XIMENA ARISPE BERNABE,https://www.facebook.com/ximena.daniela.arispe/,2025-08-06,2024-12-31,no,664,202,2025-08-03,post,https://www.facebook.com/share/p/1BbEpcEimP/,2,0,7,7,0,0,0,0,0,0,Marca en la casilla 10 tu voto por Rodrigo Paz. Ximena Arispe Diputada C - 29 Oruro
XIMENA ARISPE BERNABE,https://www.facebook.com/ximena.daniela.arispe/,2025-08-06,2024-12-31,no,664,202,2025-08-03,post,https://www.facebook.com/share/p/1ACncJbKCt/,3,0,15,14,1,0,0,0,0,0,"Rodrigo Paz Pereira es ese Lider que necesita Bolivia quien sabe ESCUCHAR y recoger las necesidades de Bolivia 
 con el habra cambio este 17 de Agosto marcaca en la ca… Ver más"
XIMENA ARISPE BERNABE,https://www.facebook.com/ximena.daniela.arispe/,2025-08-06,2024-12-31,no,664,202,2025-08-05,post,https://www.facebook.com/share/p/16vd4fUD24/,14,2,31,28,3,0,0,0,0,0,La familia Gremial del Alto apoya a Rodrigo Paz Pereira junto a Oscar Elias Choque y Ximena Arispe Diputada C - 29 Oruro este 17 de Agosto apoya con tu voto por un cambio para Bolivia 
XIMENA ARISPE BERNABE,https://www.facebook.com/ximena.daniela.arispe/,2025-08-06,2024-12-31,no,664,202,2025-08-06,post,https://www.facebook.com/share/r/14FxQK6bNHN/,3,4,38,32,6,0,0,0,0,0,
XIMENA ARISPE BERNABE,https://www.facebook.com/ximena.daniela.arispe/,2025-08-06,2024-12-31,no,664,202,2025-08-06,post,https://www.facebook.com/share/p/1Bzpcqiump/,5,2,25,25,0,0,0,0,0,0,"Mercado SATELITE zona de Vinto con Ximena Arispe Diputada C - 29 Oruro este 17 de Agosto tu voto es por 
El Binomio Del Pueblo Rodrigo Paz Pereira"
