nombre perfil,url perfil,candidato identificado,creación del perfil,seguidores,seguidos,fecha post,tipo de post,url post,comparticiones,comentarios,reacciones en total,me gusta,me encanta,me divierte,me entristece,me sorprende,me enoja,me importa,contenido
JAEL VELASQUEZ HUANCA,https://www.facebook.com/jael.velasquez.16,no,,0,0,2025-07-30,reel,/reel/1750023915610252/?s=single_unit&__cft__[0]=AZXH2DB5wTfsb0TqNovQFGgkN4bAivpMwS61nMyhJiu0yfnTehEu5YIAcqcoOSNvHA-56J43G0EGlyhU0XoC8uMvQL0-eIdVJzEVBt3Rtj3QY5LwCelaXBqx6gdqO9gFqU_y5vfBhbUMr8BVm8RM867jQDLeNch45U1jzKWu1ejYrY4-auW_tVe6FLZNMxId-TE&__tn__=H-R,0,0,0,0,0,0,0,0,0,0,ETERNAMENTE AGRADECIDO. SEGUIMOS EL LUCHA ✊🏽🇧🇴
JAEL VELASQUEZ HUANCA,https://www.facebook.com/jael.velasquez.16,no,,0,0,2025-07-31,post,https://www.facebook.com/share/p/16y9EQApou/,0,0,10,10,0,0,0,0,0,0,
JAEL VELASQUEZ HUANCA,https://www.facebook.com/jael.velasquez.16,no,,0,0,2025-08-01,post,https://www.facebook.com/share/p/19jEU2CHaV/,26,1,3,2,0,0,0,0,1,0,
JAEL VELASQUEZ HUANCA,https://www.facebook.com/jael.velasquez.16,no,,0,0,2025-08-01,post,https://www.facebook.com/share/p/15nEpJJUU3/,4,0,13,10,3,0,0,0,0,0,
JAEL VELASQUEZ HUANCA,https://www.facebook.com/jael.velasquez.16,no,,0,0,2025-08-01,post,https://www.facebook.com/jael.velasquez.16/posts/pfbid0YD7RiAfvPm5RqiqRfwk5izNWPYBmBeHaSLU3Nwm2EHT6hSe83v2hpFbwxjfhD8N4l,0,0,1,1,0,0,0,0,0,0,
JAEL VELASQUEZ HUANCA,https://www.facebook.com/jael.velasquez.16,no,,0,0,2025-08-02,post,https://www.facebook.com/share/p/167BqCKif9/,0,2,13,9,0,2,2,0,0,0,
JAEL VELASQUEZ HUANCA,https://www.facebook.com/jael.velasquez.16,no,,0,0,2025-08-02,reel,/reel/3722982741333613/?s=single_unit&__cft__[0]=AZX0_gDolj_tS2ilP6gFBBjkMVNuNG0kjNPEPKTNtQW8QpdK1SatN3eJuTF_JkuBeJNdr_g5cWfBVNnHZNYdNTELScup9G7kxOVcqca5MGj0VJDmRw0IOLERzWYpmFm5AQ69AlRMKOJ6J-59BvR7TvXQwKxZSrhAU-mZfZtHdzlIcAtF8t8smy0fnlI1kdgSvzI&__tn__=H-R,0,0,0,0,0,0,0,0,0,0,
JAEL VELASQUEZ HUANCA,https://www.facebook.com/jael.velasquez.16,no,,0,0,2025-08-03,reel,/reel/716931728006585/?s=single_unit&__cft__[0]=AZXZE0MSDmJFYQjcg57nS_e1dhctXDCEdC30pCLjzwgkQUk4jBfl56gAIot-Tamv2Publ8o50Wue4UypOPqDxUt_mVyMp7LRyfdJwS72f23iUVVLy48Lntl2k2Dxi7IUD8972NIZ5DVDGGN8XE8DtzrDODfofWfW8SDWr630FpAzmbZSGO34YYimqbOwcrJvvIQ&__tn__=H-R,0,0,0,0,0,0,0,0,0,0,"Llegamos al estadio Evo Morales en Ivirgarzama, hoy clausuramos el encuentro del RUNASUR que tuvo como participantes a 9 naciones de America Latina"
JAEL VELASQUEZ HUANCA,https://www.facebook.com/jael.velasquez.16,no,,0,0,2025-08-04,post,https://www.facebook.com/share/p/1CZKNGPSJe/,2,1,13,9,1,1,0,0,0,2,
JAEL VELASQUEZ HUANCA,https://www.facebook.com/jael.velasquez.16,no,,0,0,2025-08-05,reel,/reel/1294830575701084/?s=single_unit&__cft__[0]=AZWpdH8BUmDCemKg1ICBza9c_Xb4SjrZI41zxZcqK9uSb_pZl-aVwLIfDjOznzQJfhY5hmY2Q3qy01RLG1n4lZg_RPYfF0Ym5nssJm5XzRovC1KCvJS_-jIDtBfqnHQYYNGkVwpQJ0LKHSVXJhSkp8YmVtj_gvlreXDm61rKPV4BbIeb2q-QiuenTMGQrkOry2k&__tn__=H-R,0,0,0,0,0,0,0,0,0,0,Siempre junto a mi pueblo
JAEL VELASQUEZ HUANCA,https://www.facebook.com/jael.velasquez.16,no,,0,0,2025-08-05,post,https://www.facebook.com/share/p/16etmPCmmb/,0,2,1,1,0,0,0,0,0,0,
JAEL VELASQUEZ HUANCA,https://www.facebook.com/jael.velasquez.16,no,,0,0,2025-08-05,post,https://www.facebook.com/share/p/179ktZu9Wj/,0,0,7,4,2,1,0,0,0,0,
JAEL VELASQUEZ HUANCA,https://www.facebook.com/jael.velasquez.16,no,,0,0,2025-08-06,post,https://www.facebook.com/share/p/1D1Nin5N1f/,0,0,2,0,0,0,0,2,0,0,
JAEL VELASQUEZ HUANCA,https://www.facebook.com/jael.velasquez.16,no,,0,0,2025-08-06,post,https://www.facebook.com/share/p/1A26n3Qqp6/,0,0,1,1,0,0,0,0,0,0,
JAEL VELASQUEZ HUANCA,https://www.facebook.com/jael.velasquez.16,no,,0,0,2025-08-06,post,https://www.facebook.com/share/p/167s6VJBK5/,0,0,1,1,0,0,0,0,0,0,
