nombre perfil,url perfil,candidato identificado,creación del perfil,seguidores,seguidos,fecha post,tipo de post,url post,comparticiones,comentarios,reacciones en total,me gusta,me encanta,me divierte,me entristece,me sorprende,me enoja,me importa,contenido
Nadia Beller,https://www.facebook.com/nadia.beller.5,no,2009-03-01,22000,0,2025-06-24,post,https://www.facebook.com/share/p/1AsSNLmrbX/,433,18,4300,3100,1000,63,8,2,3,27,"A veces la gente se muestra fuerte… solo para tapar lo que le duele.
No soy de las personas que consumen programas de farándula ni sigo contenidos que giran en torno a … Ver más"
Nadia Beller,https://www.facebook.com/nadia.beller.5,no,2009-03-01,22000,0,2025-06-24,post,https://www.facebook.com/share/p/12LZL6BPbbB/,4,14,403,303,7,89,0,3,0,1,"Ahora que salen estas peleas, me entero que hay 800000 streaming que no miro ni por si acaso y así pienso seguir "
Nadia Beller,https://www.facebook.com/nadia.beller.5,no,2009-03-01,22000,0,2025-06-25,post,https://www.facebook.com/share/p/1CEfyKPuBC/,7,1,85,14,0,15,0,13,43,0,Evo Morales está negociando con Morena -el partido de Eva Copa- con el patrocinio de Richter. Está metiendo candidatos y posiblemente vaya él de Diputado
Nadia Beller,https://www.facebook.com/nadia.beller.5,no,2009-03-01,22000,0,2025-06-26,post,https://www.facebook.com/share/p/1DH3Y5cjmu/,65,36,371,161,2,91,1,106,10,0,"Tanto hablar para “Tilín”, don Agustín Zambrana… y resulta que el banco de su suegro (Banco Ganadero) le prestó 3 millones de dólares al hijo de Arce para la compra de la propiedad.
Las vueltas de la vida."
Nadia Beller,https://www.facebook.com/nadia.beller.5,no,2009-03-01,22000,0,2025-06-27,post,https://www.facebook.com/share/p/1KWPyYuZKq/,3,8,84,35,39,0,0,0,0,10,"Para que se resguarden del frío los michis abandonados.
Gracias a la señora M.E. por toda su ayuda y amor por los gatitos… Ver más"
Nadia Beller,https://www.facebook.com/nadia.beller.5,no,2009-03-01,22000,0,2025-06-28,post,https://www.facebook.com/share/p/16RePkazMb/,1,5,153,119,26,5,0,1,0,2,"¡Cómo se mueren de miedo l@s biocidas de pensar de que yo pueda llegar al parlamento! Utilizan sus páginas alternas para difundir el rumor, lo hicieron cuando se armaban las listas y lo vuelven a hacer ahora. Tiemble mamita, así me gusta"
Nadia Beller,https://www.facebook.com/nadia.beller.5,no,2009-03-01,22000,0,2025-06-28,post,https://www.facebook.com/share/p/15agvEvKHS/,14,13,150,123,15,5,2,3,2,0,"El verdadero problema no es el hacker, somos nosotros… Ver más"
Nadia Beller,https://www.facebook.com/nadia.beller.5,no,2009-03-01,22000,0,2025-06-29,post,https://www.facebook.com/share/v/1CDP1BNBc7/,7,3,107,55,3,46,0,3,0,0,No fué Dios pero sí la Pachamama 
Nadia Beller,https://www.facebook.com/nadia.beller.5,no,2009-03-01,22000,0,2025-06-29,post,https://www.facebook.com/share/p/18np5ecBnE/,18,8,92,55,1,23,1,8,4,0,"La gente de Jaime Dunn está haciendo circular un audio que le atribuyen a Samuel, donde supuestamente reniega porque le estarían pidiendo dinero desde Red Uno por las e… Ver más"
Nadia Beller,https://www.facebook.com/nadia.beller.5,no,2009-03-01,22000,0,2025-06-29,post,https://www.facebook.com/share/p/1AmX2drv6B/,5,7,119,78,2,33,1,3,0,2,"Breve análisis de la encuesta de Red Uno:
• Doria Medina lidera en casi todas las encuestas, con proyección de crecimiento lento pero constante. … Ver más"
Nadia Beller,https://www.facebook.com/nadia.beller.5,no,2009-03-01,22000,0,2025-06-30,post,https://www.facebook.com/share/p/16j8i4tW2w/,2,6,41,22,0,3,1,3,12,0,"Pari sería el nuevo candidato de Evo Morales a acomodar en alguna dupla presidencial, las negociaciones más adelantadas estarían con Morena (partido de Eva Copa)"
Nadia Beller,https://www.facebook.com/nadia.beller.5,no,2009-03-01,22000,0,2025-06-30,post,https://www.facebook.com/share/p/19z2CeAQ7c/,2,3,30,17,0,3,1,6,3,0,"El gobernador de Chuquisaca sigue delicado de salud. Arcistas y Evistas, aprovechando esta situación, se aliaron para darle un golpe a la democracia y poner un sustituto de su línea política"
Nadia Beller,https://www.facebook.com/nadia.beller.5,no,2009-03-01,22000,0,2025-06-30,post,https://www.facebook.com/share/p/16mT2grC19/,1600,10,1600,1200,329,23,4,7,1,13,¿Te das cuenta que la nueva miss Bolivia es más preparada que el 98% de los candidatos a parlamentarios del país?… Ver más
Nadia Beller,https://www.facebook.com/nadia.beller.5,no,2009-03-01,22000,0,2025-07-01,post,https://www.facebook.com/share/p/1G3U3F8ktX/,20,19,191,25,0,158,0,5,4,0,#Dunn dice que si no lo habilitan paralizará las elecciones
Nadia Beller,https://www.facebook.com/nadia.beller.5,no,2009-03-01,22000,0,2025-07-01,post,https://www.facebook.com/share/p/16rMNkfTY7/,1,0,46,37,0,9,0,0,0,0,Creo que queda clarísimo quien está abusando de la IA. Ya quítenles el internet a esos niños fanáticos.
Nadia Beller,https://www.facebook.com/nadia.beller.5,no,2009-03-01,22000,0,2025-07-01,post,https://www.facebook.com/share/p/1FudL2xAum/,17,1,106,54,42,0,1,0,0,9,"Más casitas para michitos abandonados 
… Ver más"
