nombre perfil,url perfil,candidato identificado,creación del perfil,seguidores,seguidos,fecha post,tipo de post,url post,comparticiones,comentarios,reacciones en total,me gusta,me encanta,me divierte,me entristece,me sorprende,me enoja,me importa,contenido
Nadia Montaño,https://www.facebook.com/nadiamontanortiz,no,,13000,1900,2025-07-25,post,https://www.facebook.com/share/p/19DEyq7UhP/,0,0,1,1,0,0,0,0,0,0,
Nadia Montaño,https://www.facebook.com/nadiamontanortiz,no,,13000,1900,2025-07-25,post,https://www.facebook.com/share/p/18WuGFwQRD/,4,8,66,62,4,0,0,0,0,0,Santa Ana de Yacuma y es el Beni lleno de Cambas y nuestro Arte Amazonico boliviano 
Nadia Montaño,https://www.facebook.com/nadiamontanortiz,no,,13000,1900,2025-07-25,post,https://www.facebook.com/share/p/18yMWioB4Z/,1,0,19,16,2,0,0,0,0,1,Obtuve más de 1.000 reacciones en mis publicaciones la semana pasada. ¡Gracias a todos por el apoyo! 
Nadia Montaño,https://www.facebook.com/nadiamontanortiz,no,,13000,1900,2025-07-26,post,https://www.facebook.com/share/p/16sEcJotcm/,0,0,1,1,0,0,0,0,0,0,
Nadia Montaño,https://www.facebook.com/nadiamontanortiz,no,,13000,1900,2025-07-27,post,2025-07-27,1,0,13,11,2,0,0,0,0,0,Mere'e Piesta Mowima 
Nadia Montaño,https://www.facebook.com/nadiamontanortiz,no,,13000,1900,2025-07-27,post,https://www.facebook.com/share/p/19YzePXwrD/,0,0,3,3,0,0,0,0,0,0,
Nadia Montaño,https://www.facebook.com/nadiamontanortiz,no,,13000,1900,2025-07-27,post,https://www.facebook.com/share/p/1Amhyadof6/,0,0,2,2,0,0,0,0,0,0,
Nadia Montaño,https://www.facebook.com/nadiamontanortiz,no,,13000,1900,2025-07-27,post,https://www.facebook.com/share/p/19hZYdfjMg/,1,0,1,1,0,0,0,0,0,0,
Nadia Montaño,https://www.facebook.com/nadiamontanortiz,no,,13000,1900,2025-07-28,post,https://www.facebook.com/share/p/1CboWahoVu/,0,0,0,0,0,0,0,0,0,0,Para nuestro señor todo poderoso nada es imposible 
Nadia Montaño,https://www.facebook.com/nadiamontanortiz,no,,13000,1900,2025-07-28,post,https://www.facebook.com/share/p/1A5BWSY3dP/,0,0,0,0,0,0,0,0,0,0,
Nadia Montaño,https://www.facebook.com/nadiamontanortiz,no,,13000,1900,2025-07-28,post,https://www.facebook.com/share/p/1C2JouTA4y/,0,0,8,8,0,0,0,0,0,0,
Nadia Montaño,https://www.facebook.com/nadiamontanortiz,no,,13000,1900,2025-07-28,post,https://www.facebook.com/share/p/1GKpieXJ5p/,27,2,19,17,2,0,0,0,0,0," ¡Llévate un pedacito de la Amazonía contigo! 
Desde Santa Ana del Yacuma, Beni — Bolivia 
Un sombre… Ver más"
Nadia Montaño,https://www.facebook.com/nadiamontanortiz,no,,13000,1900,2025-07-28,post,https://www.facebook.com/share/p/174H8HfuKU/,0,3,19,16,3,0,0,0,0,0,Santa Ana del Yacuma paraíso terrenal
Nadia Montaño,https://www.facebook.com/nadiamontanortiz,no,,13000,1900,2025-07-28,post,https://www.facebook.com/share/p/16q91Kqrbf/,0,0,3,3,0,0,0,0,0,0,
Nadia Montaño,https://www.facebook.com/nadiamontanortiz,no,,13000,1900,2025-07-29,post,https://www.facebook.com/share/p/1AeP4fQbqn/,1,0,5,4,0,0,0,0,1,0,En nuestro país Bolivia porque la gente normaliza el nepotismo un padre Alcalde una hija Senadora y un hijo concejal
Nadia Montaño,https://www.facebook.com/nadiamontanortiz,no,,13000,1900,2025-07-29,post,2025-07-29,0,0,19,18,0,1,0,0,0,0,En el Puerto Junín
Nadia Montaño,https://www.facebook.com/nadiamontanortiz,no,,13000,1900,2025-07-29,post,https://www.facebook.com/share/p/1CkpecrS5c/,0,0,0,0,0,0,0,0,0,0,
Nadia Montaño,https://www.facebook.com/nadiamontanortiz,no,,13000,1900,2025-07-30,post,https://www.facebook.com/share/p/1CeCiVYPsr/,0,0,0,0,0,0,0,0,0,0,
