nombre perfil,url perfil,snapshot_date,creación del perfil,candidato identificado,seguidores,seguidos,fecha post,tipo de post,url post,comparticiones,comentarios,reacciones en total,me gusta,me encanta,me divierte,me entristece,me sorprende,me enoja,me importa,contenido
FELIPA YALILY MONTENEGRO MONTAÑO,https://www.facebook.com/profile.php?id=100075078369212,2025-07-22,,sí,0,0,2025-07-15,post,https://www.facebook.com/permalink.php?story_fbid=pfbid02y5Dpuhto8XUi1x3KKMrJTMdnLv9thAfztt3P6p8XtKSQJsygoZW42ndfxqAP9Xvrl&id=61577661964992,7,0,9,6,3,0,0,0,0,0," Estuvimos presentes en la Rueda de Negocios 2025 del Algodón en Bolivia 
Participamos con orgullo en la Rueda de Negocios del Proyecto de Fortalecimiento a la Produc… Ver más"
FELIPA YALILY MONTENEGRO MONTAÑO,https://www.facebook.com/profile.php?id=100075078369212,2025-07-22,,sí,0,0,2025-07-16,post,https://www.facebook.com/share/v/16ytStRKc3/,2,0,11,6,5,0,0,0,0,0,"👩🏽‍🧼
 Cuando las mujeres se unen, el cambio comienza.
Así vivimos nuestros talleres de jabón, donde no solo aprendemos una nueva habilidad, también fortalecemos nuestra… Ver más"
FELIPA YALILY MONTENEGRO MONTAÑO,https://www.facebook.com/profile.php?id=100075078369212,2025-07-22,,sí,0,0,2025-07-18,post,https://www.facebook.com/61577661964992/videos/1298230511902480/,5,1,12,10,2,0,0,0,0,0,"¡Mairana se une al proyecto del pueblo! 
Con alegría y mucha participación abrimos nuestra Casa de Campaña. 
Es… Ver más"
FELIPA YALILY MONTENEGRO MONTAÑO,https://www.facebook.com/profile.php?id=100075078369212,2025-07-22,,sí,0,0,2025-07-18,post,https://www.facebook.com/share/p/1CEBZNZznY/,13,1,23,19,4,0,0,0,0,0,"¡Mairana ya palpita el cambio! 
Abrimos las puertas de nuestra Casa de Campaña con fuerza, compromiso y esperanza, junto a nuestra candidata a diputada por la circunsc… Ver más"
FELIPA YALILY MONTENEGRO MONTAÑO,https://www.facebook.com/profile.php?id=100075078369212,2025-07-22,,sí,0,0,2025-07-22,post,https://www.facebook.com/share/v/14ExAtXui64/,1,0,3,3,0,0,0,0,0,0," ""No se ama lo que no se defiende…""
Desde las montañas hasta el Chaco, Bolivia avanza en reafirmar su soberanía territorial.… Ver más"
FELIPA YALILY MONTENEGRO MONTAÑO,https://www.facebook.com/profile.php?id=100075078369212,2025-07-22,,sí,0,0,2025-07-22,post,https://www.facebook.com/share/v/1AoijH6qSN/,1,0,5,3,2,0,0,0,0,0,"¡Ya basta de divisiones!
Es hora de unirnos y defender lo nuestro.… Ver más"
FELIPA YALILY MONTENEGRO MONTAÑO,https://www.facebook.com/profile.php?id=100075078369212,2025-07-30,,sí,0,0,2025-07-22,post,https://www.facebook.com/share/v/1EUMs3nmDL/,4,0,97,96,1,0,0,0,0,0," Este miercoles 23 de julio a las 18:00 hrs. abrimos las puertas de nuestra casa de campaña en Pailón.
Un lugar donde nace la esperanza, donde el pueblo se organiza y… Ver más"
FELIPA YALILY MONTENEGRO MONTAÑO,https://www.facebook.com/profile.php?id=100075078369212,2025-07-30,,sí,0,0,2025-07-22,post,https://www.facebook.com/share/v/1QS2scvXyF/,4,0,10,7,3,0,0,0,0,0,"¡Ya basta de divisiones!
Es hora de unirnos y defender lo nuestro.… Ver más"
FELIPA YALILY MONTENEGRO MONTAÑO,https://www.facebook.com/profile.php?id=100075078369212,2025-07-30,,sí,0,0,2025-07-23,post,https://www.facebook.com/share/v/15BiZcHrGTS/,2,0,99,98,1,0,0,0,0,0," ¡San José se suma con fuerza a este gran movimiento!
Este jueves 24 de julio abrimos las puertas de nuestra casa de campaña y vos estás invitado.… Ver más"
FELIPA YALILY MONTENEGRO MONTAÑO,https://www.facebook.com/profile.php?id=100075078369212,2025-07-30,,sí,0,0,2025-07-23,post,https://www.facebook.com/share/p/1Ezdwd7LTh/,12,2,101,97,4,0,0,0,0,0,"La verdadera amistad también se construye luchando juntos por una Bolivia más justa.
Gracias a quienes, con cariño y compromiso, siguen construyendo un país con dignida… Ver más"
FELIPA YALILY MONTENEGRO MONTAÑO,https://www.facebook.com/profile.php?id=100075078369212,2025-07-30,,sí,0,0,2025-07-24,post,https://www.facebook.com/share/p/1B3cr7vJ4j/,8,0,105,98,7,0,0,0,0,0,"Seguimos recorriendo Santa Cruz, Gracias por tanto apoyo! Juntos hasta la victoria! "
FELIPA YALILY MONTENEGRO MONTAÑO,https://www.facebook.com/profile.php?id=100075078369212,2025-07-30,,sí,0,0,2025-07-26,post,https://www.facebook.com/share/p/1F9j3xUdgz/,1,0,113,110,3,0,0,0,0,0," ¡Inauguramos nuestra Casa de Campaña en San Jose de Chiquitos!
Un nuevo espacio donde las ideas se convierten en acción.… Ver más"
FELIPA YALILY MONTENEGRO MONTAÑO,https://www.facebook.com/profile.php?id=100075078369212,2025-07-30,,sí,0,0,2025-07-29,post,https://www.facebook.com/share/p/165Y8JsFaT/,2,1,13,8,4,0,0,0,0,1," ¡Juntos por el cambio!
Fuimos testigos de un momento importante: la proclamación de Eduardo y Milán, dos líderes con compromiso, convicción y una visión clara para el… Ver más"
FELIPA YALILY MONTENEGRO MONTAÑO,https://www.facebook.com/profile.php?id=100075078369212,2025-08-06,,sí,0,0,2025-07-29,post,https://www.facebook.com/share/p/1B5aAPDPQD/,11,1,22,15,6,0,0,0,0,1," ¡Juntos por el cambio!
Fuimos testigos de un momento importante: la proclamación de Eduardo y Milán, dos líderes con compromiso, convicción y una visión clara para el… Ver más"
FELIPA YALILY MONTENEGRO MONTAÑO,https://www.facebook.com/profile.php?id=100075078369212,2025-07-30,,sí,0,0,2025-07-29,post,https://www.facebook.com/share/v/1CVFKWejzi/,1,0,104,101,3,0,0,0,0,0," “Cuando el pueblo es la prioridad, los logros se hacen realidad.”
Aquí te hablamos y se destacan avances importantes como el Seguro Universal de Salud, más centros mé… Ver más"
FELIPA YALILY MONTENEGRO MONTAÑO,https://www.facebook.com/profile.php?id=100075078369212,2025-08-06,,sí,0,0,2025-07-29,post,https://www.facebook.com/share/v/1HycJrUc7y/,1,0,107,103,4,0,0,0,0,0," “Cuando el pueblo es la prioridad, los logros se hacen realidad.”
Aquí te hablamos y se destacan avances importantes como el Seguro Universal de Salud, más centros mé… Ver más"
FELIPA YALILY MONTENEGRO MONTAÑO,https://www.facebook.com/profile.php?id=100075078369212,2025-08-06,,sí,0,0,2025-07-30,post,https://www.facebook.com/share/v/1G2yis9ziQ/,14,6,39,32,3,2,0,0,2,0,"La Wiphala no es solo una bandera. Es historia, lucha, memoria y resistencia.
Hoy se alza con fuerza como símbolo patrio de todos los bolivianos.… Ver más"
FELIPA YALILY MONTENEGRO MONTAÑO,https://www.facebook.com/profile.php?id=100075078369212,2025-08-06,,sí,0,0,2025-07-30,post,https://www.facebook.com/share/p/19fn7ALw4v/,7,3,24,19,4,1,0,0,0,0," San Ignacio de Velasco nos recibió con cariño y esperanza.
Seguimos recorriendo cada rincón de Santa Cruz, escuchando, compartiendo y construyendo propuestas con la g… Ver más"
FELIPA YALILY MONTENEGRO MONTAÑO,https://www.facebook.com/profile.php?id=100075078369212,2025-08-06,,sí,0,0,2025-08-01,post,https://www.facebook.com/share/p/17DUH6rhaw/,8,0,23,19,4,0,0,0,0,0,"Hoy acompañamos con orgullo a nuestro candidato a presidente Eduardo del Castillo  en el gran debate.
 ¡Su voz representa la esperanza, la dignidad y el futuro que todo… Ver más"
FELIPA YALILY MONTENEGRO MONTAÑO,https://www.facebook.com/profile.php?id=100075078369212,2025-08-06,,sí,0,0,2025-08-01,post,https://www.facebook.com/share/v/1AtFuzbAAE/,4,1,24,21,3,0,0,0,0,0,"Acompañamos a nuestro candidato a presidente en el debate presidencial, donde demostró con claridad que tiene la visión, la fuerza y el compromiso que Bolivia necesita.… Ver más"
FELIPA YALILY MONTENEGRO MONTAÑO,https://www.facebook.com/profile.php?id=100075078369212,2025-08-06,,sí,0,0,2025-08-05,post,https://www.facebook.com/share/p/164vpdZNZs/,1,2,17,9,8,0,0,0,0,0,"Colores, alegría y mucha identidad 
Así se vivimos el desfile cívico en Pailón por los 200 años de Bolivia.
… Ver más"
FELIPA YALILY MONTENEGRO MONTAÑO,https://www.facebook.com/profile.php?id=100075078369212,2025-08-06,,sí,0,0,2025-08-05,post,https://www.facebook.com/share/v/16k9vYNNu9/,2,0,12,7,5,0,0,0,0,0,"Desde la comunidad 2 de Agosto, alzamos la voz por la defensa del territorio.
Con convicción y compromiso, habló sobre los desafíos enfrentados y los logros alcanzados … Ver más"
