nombre perfil,url perfil,candidato identificado,creación del perfil,seguidores,seguidos,fecha post,tipo de post,url post,comparticiones,comentarios,reacciones en total,me gusta,me encanta,me divierte,me entristece,me sorprende,me enoja,me importa,contenido
Carla Sandy Claure ,https://www.facebook.com/carla.sandy.007,no,2009-01-13,10000,0,2025-07-08,post,https://www.facebook.com/share/p/1Auembs7wD/,0,1,12,7,3,0,0,0,0,2,"GRACIAS ….
Por cada palabra , 
Por cada abrazo ,
Por cada mensaje ,… Ver más"
Carla Sandy Claure ,https://www.facebook.com/carla.sandy.007,no,2009-01-13,10000,0,2025-07-09,post,https://www.facebook.com/share/p/19ajgUVmTu/,8,3,38,36,2,0,0,0,0,0,
Carla Sandy Claure ,https://www.facebook.com/carla.sandy.007,no,2009-01-13,10000,0,2025-07-13,post,https://www.facebook.com/share/p/15x2PuJ2FT/,2,0,14,12,2,0,0,0,0,0,Rumbo al #17A
Carla Sandy Claure ,https://www.facebook.com/carla.sandy.007,no,2009-01-13,10000,0,2025-07-14,post,https://www.facebook.com/share/p/1FHmwWrDaH/,1,9,5,0,0,1,0,1,3,0,
