nombre perfil,url perfil,snapshot_date,creación del perfil,candidato identificado,seguidores,seguidos,fecha post,tipo de post,url post,comparticiones,comentarios,reacciones en total,me gusta,me encanta,me divierte,me entristece,me sorprende,me enoja,me importa,contenido
Melisa Ibarra,https://www.facebook.com/melisa.ibarrarosario.5,2025-06-11,,no,58316,0,2025-06-08,post,https://www.facebook.com/share/p/172zCm47Fu/,3,25,155,0,0,0,0,0,0,0,Sería lo más patriótico que puede hacer Manfred. Pasaría de villano a héroe 
Melisa Ibarra,https://www.facebook.com/melisa.ibarrarosario.5,2025-06-11,,no,58316,0,2025-06-08,post,https://www.facebook.com/share/p/15NFG4SffX/,28,48,117,0,0,0,0,0,0,0," Y LA UNIDAD QUÉ?
Qué pasó aquí? 
Bolivia está esperando UNIDAD, no actos ""protocolares"" de buenas intenciones. 
No hay mayor certeza en este momento que anunciar una ALIANZA DE UNIDAD POR BOLIVIA. … Ver más"
Melisa Ibarra,https://www.facebook.com/melisa.ibarrarosario.5,2025-06-11,,no,58316,0,2025-06-08,post,https://www.facebook.com/share/p/16dfLk4mfP/,0,1,3,0,0,0,0,0,0,0,
Melisa Ibarra,https://www.facebook.com/melisa.ibarrarosario.5,2025-06-11,,no,58316,0,2025-06-08,post,https://www.facebook.com/share/p/1E8c2xR85q/,5,12,56,0,0,0,0,0,0,0," BOLIVIA SOPORTA TRES DICTADURAS:
Dictadura de Arce
Dictadura de Evo
Dictadura partidaria… Ver más"
Melisa Ibarra,https://www.facebook.com/melisa.ibarrarosario.5,2025-06-11,,no,58316,0,2025-06-08,post,https://www.facebook.com/share/p/1H3sZ6QHQc/,2,22,63,0,0,0,0,0,0,0,Sería genial que se baje Manfred y se una el resto 
Melisa Ibarra,https://www.facebook.com/melisa.ibarrarosario.5,2025-06-11,,no,58316,0,2025-06-09,post,https://www.facebook.com/share/p/16fhDY8wSA/,1,10,28,0,0,0,0,0,0,0,
Melisa Ibarra,https://www.facebook.com/melisa.ibarrarosario.5,2025-06-11,,no,58316,0,2025-06-09,post,https://www.facebook.com/share/p/1C7YBY884U/,1,8,19,0,0,0,0,0,0,0,
Melisa Ibarra,https://www.facebook.com/melisa.ibarrarosario.5,2025-06-11,,no,58316,0,2025-06-09,post,https://www.facebook.com/share/p/19UNge8APe/,6,26,46,0,0,0,0,0,0,0,"AMLO : ""Abrazos y no balazos"" (con el narcotráfico)
Samuel: “...Los productores de coca del Chapare no tienen por qué ser tratados como delincuentes en nuestro país”...(Erbol)
No querrá cantarles el We Are The World ó el ""te quiero yo y tu a mi de Barny...""?
 … Ver más"
Melisa Ibarra,https://www.facebook.com/melisa.ibarrarosario.5,2025-06-11,,no,58316,0,2025-06-09,post,https://www.facebook.com/share/p/1DiiVdQHM9/,0,2,6,0,0,0,0,0,0,0,Cuándo Manfred ?
Melisa Ibarra,https://www.facebook.com/melisa.ibarrarosario.5,2025-06-11,,no,58316,0,2025-06-09,post,https://www.facebook.com/share/p/16rJAaZTWf/,0,0,8,0,0,0,0,0,0,0,
Melisa Ibarra,https://www.facebook.com/melisa.ibarrarosario.5,2025-06-11,,no,58316,0,2025-06-09,post,https://www.facebook.com/share/p/19eoMva2eU/,2,26,153,0,0,0,0,0,0,0,
Melisa Ibarra,https://www.facebook.com/melisa.ibarrarosario.5,2025-06-11,,no,58316,0,2025-06-09,post,https://www.facebook.com/share/p/1EZz9Nvqoi/,1,13,39,0,0,0,0,0,0,0,
Melisa Ibarra,https://www.facebook.com/melisa.ibarrarosario.5,2025-06-11,,no,58316,0,2025-06-09,post,https://www.facebook.com/share/p/15yMfEaq7E/,7,38,144,0,0,0,0,0,0,0,
Melisa Ibarra,https://www.facebook.com/melisa.ibarrarosario.5,2025-06-11,,no,58316,0,2025-06-09,post,https://www.facebook.com/share/p/1663NgrHN7/,29,23,447,0,0,0,0,0,0,0,"EXPERIENCIA MATA INEXPERIENCIA
Prefiero al que condonó la deuda externa en su corta gestión, quien realizó la mayor erradicación de coca cuando fue presidente, al que tumbó la intensión de Evo Morales de reelegirse por ""derecho humano"", al que está bien relacionado en el exterior. Prefiero al que alertó sobre la crisis en Bolivia desde hace años, a quien les dijo a los argentinos en su propio país que para salir de la crisis debían recurrir al FMI y es precisamente lo que hi… Ver más"
Melisa Ibarra,https://www.facebook.com/melisa.ibarrarosario.5,2025-06-11,,no,58316,0,2025-06-10,post,https://www.facebook.com/melisa.ibarrarosario.5/posts/pfbid02b5QXVSYAaiURQtLmqL92KKrzFDjuNkABb9Jq3HAKDnKam5skP5pwdbpGnTfceQgWl,1,0,36,0,0,0,0,0,0,0,
Melisa Ibarra,https://www.facebook.com/melisa.ibarrarosario.5,2025-06-11,,no,58316,0,2025-06-10,post,https://www.facebook.com/share/p/1ZXtCpAnyG/,1,11,29,0,0,0,0,0,0,0,Tengo tanta tanta tanta desconfianza en el improvisado.
Melisa Ibarra,https://www.facebook.com/melisa.ibarrarosario.5,2025-06-11,,no,58316,0,2025-06-10,post,https://www.facebook.com/share/p/1JsSu5zSAg/,5,31,36,0,0,0,0,0,0,0,Que falta de seriedad
Melisa Ibarra,https://www.facebook.com/melisa.ibarrarosario.5,2025-06-11,,no,58316,0,2025-06-10,post,https://www.facebook.com/share/p/16cTFhTizH/,2,2,42,0,0,0,0,0,0,0,"La tiranía de Arce está dispuesto a no enfrentar la tiranía de Evo. 
Busca que la población realice el trabajo que él debería ejecutar."
Melisa Ibarra,https://www.facebook.com/melisa.ibarrarosario.5,2025-06-11,,no,58316,0,2025-06-10,post,https://www.facebook.com/share/p/19QvPWpS6L/,1,2,14,0,0,0,0,0,0,0,
Melisa Ibarra,https://www.facebook.com/melisa.ibarrarosario.5,2025-06-11,,no,58316,0,2025-06-10,post,https://www.facebook.com/share/p/1DxJo3VByu/,5,18,78,0,0,0,0,0,0,0,"Jimena Costa sobre Tuto:
""Es ex mandatario, no es poca cosa. Es el candidato con mayor experiencia. Ha sido un gran gestor público"""
Melisa Ibarra,https://www.facebook.com/melisa.ibarrarosario.5,2025-06-11,,no,58316,0,2025-06-10,post,https://www.facebook.com/share/p/19tXuX7Aqj/,2,14,183,0,0,0,0,0,0,0, Mi solidaridad profunda 
Melisa Ibarra,https://www.facebook.com/melisa.ibarrarosario.5,2025-06-11,,no,58316,0,2025-06-10,post,https://www.facebook.com/share/p/16edQHLiwi/,7,0,10,0,0,0,0,0,0,0,"Un gran mensaje que deberíamos repasarlo hoy... 
Paciencia con sus papis mayores por favor "
Melisa Ibarra,https://www.facebook.com/melisa.ibarrarosario.5,2025-06-11,,no,58316,0,2025-06-11,post,https://www.facebook.com/melisa.ibarrarosario.5/posts/pfbid0311Mg7upoPYpoae6QCTayf1XwV3btcMy47Y8J12bJ44r5AFw3FDm1AqebkrKLX12dl,4,20,71,0,0,0,0,0,0,0,"Recuerdan el bloqueo en plena pandemia en el gobierno de Añez?
Qué nos sorprende? 
Convivimos con el terrorismo de Estado y el narco terrorismo desde hace 20 años. 
Y hoy los candidatos no se unen para hacerles frente por cuánto todos quieren ser ""presidentes"". … Ver más"
Melisa Ibarra,https://www.facebook.com/melisa.ibarrarosario.5,2025-06-11,,no,58316,0,2025-06-11,post,https://www.facebook.com/share/p/196kDCExn7/,0,1,1,0,0,0,0,0,0,0,Tenemos una deuda con los animales 
Melisa Ibarra,https://www.facebook.com/melisa.ibarrarosario.5,2025-06-11,,no,58316,0,2025-06-11,post,https://www.facebook.com/share/p/1AR1ChFVaD/,4,5,16,0,0,0,0,0,0,0,"Sí y la peor noticia que el dictador Arce lo permite y lo seguirá permitiendo. Así, por todos los frentes Bolivia está SECUESTRADA por estos dos tiranos , ah! Y también estamos de rehenes de los políticos que no se unen y le regalarán las elecciones otra vez a los terroristas por cuanto NADIE alcanza ni al 20%. Repito, les regalarán las elecciones, lo advierto y lo seguiré diciendo de manera clara y tácita. 
Así de atroz, así de terrible, así de inhumano, así de insufrible..."
Melisa Ibarra,https://www.facebook.com/melisa.ibarrarosario.5,2025-06-11,,no,58316,0,2025-06-11,post,https://www.facebook.com/share/p/1Z5n28ypDo/,5,32,81,0,0,0,0,0,0,0,"Ah! A propósito de esto, me acordé de algo:
Samuel: “...Los productores de coca del Chapare no tienen por qué ser tratados como delincuentes en nuestro país”...(Erbol, 8 de junio )
Ahora aplicarlo al resto de sectores."
Melisa Ibarra,https://www.facebook.com/melisa.ibarrarosario.5,2025-06-11,,no,58316,0,2025-06-11,post,https://www.facebook.com/share/p/16PE1bD6fE/,1,2,19,0,0,0,0,0,0,0,"- FASCISMO: lo que perpetra Evo Morales. 
- TERRORISMO DE ESTADO: el permisismo de Arce. 
- ABUSO DE PODER POLÍTICO: lo que hacen los candidatos al no unirse.
-VÍCTIMA: Bolivia"
Melisa Ibarra,https://www.facebook.com/melisa.ibarrarosario.5,2025-06-11,,no,58316,0,2025-06-11,post,https://www.facebook.com/share/p/15mEuwHtDT/,6,0,7,0,0,0,0,0,0,0,"Sabemos que pagan a los bloqueadores, de dónde sale el dinero? Del narcotráfico. 
Conclusión: narco terrorismo.
Proyección: un candidato CON HUEVOS que le haga frente. 
Se dan cuenta que no vivimos exclusivamente una crisis económica? En consecuencia: las entrevistas a los candidatos debe incluir el plan que tienen para acabar con el narco terrorismo instalado desde hace 20 años cuyo cuartel es el Chapare."
Melisa Ibarra,https://www.facebook.com/melisa.ibarrarosario.5,2025-06-11,,no,58316,0,2025-06-11,post,https://www.facebook.com/share/p/1HLUtcZLYN/,15,2,19,0,0,0,0,0,0,0,Correcto. El carnicero Juan Ramón Quintana está detrás de todo esto.
Melisa Ibarra,https://www.facebook.com/melisa.ibarrarosario.5,2025-06-24,,no,58316,0,2025-06-20,reel,/reel/704284752356231/?s=single_unit&__cft__[0]=AZU3XGJcFhZlwP3Kyr5pgnzLbQYLF0gRW1bj6k3ZsMf30vJKc8wxJKj-ZpFHQJ9KbucxM9fka9j9cLOCe0JTox9Sq837PvGR_DBVxVQ4tkMrU-XHO55A0SkN6KGhVhIt-iKoPAmRWnr8eHCIF354TK6svtcjGpivgoslVmdyP3ELVOl3VByrlcWJX1XKBLdIpOw&__tn__=H-R,0,0,0,0,0,0,0,0,0,0,
Melisa Ibarra,https://www.facebook.com/melisa.ibarrarosario.5,2025-06-24,,no,58316,0,2025-06-21,post,https://www.facebook.com/share/p/18yi4u34RB/,0,0,2,0,0,0,0,0,0,0,
Melisa Ibarra,https://www.facebook.com/melisa.ibarrarosario.5,2025-06-24,,no,58316,0,2025-06-21,post,https://www.facebook.com/share/p/19Tc5Vm8by/,4,11,37,35,1,1,0,0,0,0,"Nada más alejado de la verdad creer que haya una posible segunda vuelta entre dos opositores. 
El MAS tiene 20% más su 20% de fraude = 40% (si no es más).
Ningún opositor llega al 20% y debes tener una diferencia menor que el 10% con el primero para ir a segunda vuelta. … Ver más"
Melisa Ibarra,https://www.facebook.com/melisa.ibarrarosario.5,2025-06-24,,no,58316,0,2025-06-21,post,https://www.facebook.com/share/p/1DvuPnX5u8/,2,0,3,2,0,0,0,0,0,1,
Melisa Ibarra,https://www.facebook.com/melisa.ibarrarosario.5,2025-06-24,,no,58316,0,2025-06-21,reel,/reel/572753115883519/?s=single_unit&__cft__[0]=AZW_wrgUhczLo6D7MCIJZX_YIAWwDU2LKa7QXOQoyPI9hCcLScxOQJfOKa7fflGkjAKcVCuOHu56pK-pxEsyFhUNjoFsXhEzIzQ4z7-eagGK60bqebB0gV7aTjt9MtU2jeU6Z86diCNqFl9iiV9J1sTk3atScAQZ_CSr4QOOvTdg9XXMrTzb8hjd6k1skSlbbeI&__tn__=H-R,0,0,0,0,0,0,0,0,0,0,"VENGANZA NO, DINERO ROBADO DEVUELTO SÍ "
Melisa Ibarra,https://www.facebook.com/melisa.ibarrarosario.5,2025-06-24,,no,58316,0,2025-06-21,post,https://www.facebook.com/share/p/1Gb666jSPs/,9,36,46,18,1,19,0,2,6,0,"Los únicos que ""celebraron el año nuevo"" fueron Samuel y Arce. 
No hubo bandera boliviana, sí la Wiphala. No es la bandera en sí, es la utilización de ese símbolo por el MAS para reemplazar la República de Bolivia, perpetuarse en el poder, oprimir a un país y encarcelar a centenares de disidentes. 
Símbolo con el cual el narco Socialismo adoctrinó 20 años haciéndoles creer en la conspiración de la derecha, el imperio y los neoliberales. 
La Wiphala es el MAS y Pachamamismo o… Ver más"
Melisa Ibarra,https://www.facebook.com/melisa.ibarrarosario.5,2025-06-24,,no,58316,0,2025-06-21,post,https://www.facebook.com/share/p/16dDxYNkkL/,2,28,34,7,1,23,0,0,3,0,
Melisa Ibarra,https://www.facebook.com/melisa.ibarrarosario.5,2025-06-24,,no,58316,0,2025-06-21,post,https://www.facebook.com/share/p/1CPuMLN5Vo/,0,19,48,33,2,13,0,0,0,0," RETO PARA EL BÚNKER
Primarias solo entre Tuto, Samuel y Dunn (si lo habilitan) 
Bolivia necesita certeza y la necesita ya. 
MASfred no es primero, lo saben. Basta de forzar la historia de Bolivia y pisotear la verdadera voluntad de la mayoría."
Melisa Ibarra,https://www.facebook.com/melisa.ibarrarosario.5,2025-06-24,,no,58316,0,2025-06-21,post,https://www.facebook.com/share/p/1Apz8jXTtb/,1,7,17,12,0,5,0,0,0,0,
Melisa Ibarra,https://www.facebook.com/melisa.ibarrarosario.5,2025-06-24,,no,58316,0,2025-06-21,post,https://www.facebook.com/share/p/1C2UT1drYZ/,3,5,43,23,0,6,1,9,4,0,"Nos van a matar, deben irse en primera vuelta"
Melisa Ibarra,https://www.facebook.com/melisa.ibarrarosario.5,2025-06-24,,no,58316,0,2025-06-21,reel,/reel/2446143859103586/?s=single_unit&__cft__[0]=AZXe0M5L9Dr8hTZmwabxnRm8Mf6YakN2rFJpAUuq9ce2dBwxv3q3Gzs57Me9jizkFbplVKBMXvyx3kIALgq9_DT-3vBZvxlKQMEcWwaK-NyaIIATQzH1b5qEtyD0_qnH4Rn1vDdW0fKuWS7btNFYchbrQLO90v2UcG4vvomNAeQ8fAT09-Z7pjdOwj8vy-F2nrI&__tn__=H-R,0,0,0,0,0,0,0,0,0,0,
Melisa Ibarra,https://www.facebook.com/melisa.ibarrarosario.5,2025-06-24,,no,58316,0,2025-06-21,post,https://www.facebook.com/melisa.ibarrarosario.5/posts/pfbid02gfmUpMyX7ZeTjdzPFXw9Au22tKnJXhLdUohvk8Nfpr2JXL8Sb1RUNhBw94yA9yqTl,3,33,45,28,2,15,0,0,0,0,Correcto
Melisa Ibarra,https://www.facebook.com/melisa.ibarrarosario.5,2025-06-24,,no,58316,0,2025-06-21,post,https://www.facebook.com/share/p/19iXaERDrP/,10,52,92,52,3,36,1,0,0,0," Esta es la interpretación más cercana de la realidad. 
Tuto es nuevamente el ganador indiscutible de las Primarias del Búnker, como las tres anteriores.
De Manfred no vale la pena hablar. Es voto funcionario público, alcaldía, Api, etc. Es el gran margen de error de las Primarias.  
E… Ver más"
Melisa Ibarra,https://www.facebook.com/melisa.ibarrarosario.5,2025-06-24,,no,58316,0,2025-06-22,post,https://www.facebook.com/share/p/15ogxWVjmE/,6,9,32,19,0,12,0,1,0,0,
Melisa Ibarra,https://www.facebook.com/melisa.ibarrarosario.5,2025-06-24,,no,58316,0,2025-06-22,post,https://www.facebook.com/share/p/16sF14izuN/,4,15,14,9,0,2,2,1,0,0,
Melisa Ibarra,https://www.facebook.com/melisa.ibarrarosario.5,2025-06-24,,no,58316,0,2025-06-22,reel,/reel/759387303419702/?s=single_unit&__cft__[0]=AZU04X0agEeWWHHzCtO4suWDZ-Pb40cS9IsXrsG4hYb0p66z_-H4LQpASi0f_1TJvWwKsrrqPO1nvAqLerurynk86EH7b6UOueLud9zCxuPHTgtnDE3C8vhPXyP21kdVL7Uz-LtTR9hElIsBSco5UAS6SP8QzSKv-hOERxHrNkwRga5-pgLKwtrl_u8UvDdxRAM&__tn__=H-R,0,0,0,0,0,0,0,0,0,0,El TUTO no es Q'ENCHA 🤭
Melisa Ibarra,https://www.facebook.com/melisa.ibarrarosario.5,2025-06-24,,no,58316,0,2025-06-22,reel,/reel/1279240773635712/?s=single_unit&__cft__[0]=AZV_oUnYvkVoIXuywsEokSZIp39nZeOm1eifmG7cL24EnvEMZYwmtOzSnArbLdW0HD8ygywAmJuqX5elScuIIi6F5AXOGpigD7EFarC7QfWB3IWvHmPnmteJi1PDpCiaTqIJDj2KKdcONUDY5M9ONydwd1YlPMBmNdo69yiiWI_1jU9-C0VmmBsdCDBJu4HBrF4&__tn__=H-R,0,0,0,0,0,0,0,0,0,0,"Con TUTO QUIROGA se acabarán las visitas de los grupos de Narcotráfico 
Pues volverán las empresas internacionales a invertir en BOLIVIA. 
VOTA INTELI… Ver más"
Melisa Ibarra,https://www.facebook.com/melisa.ibarrarosario.5,2025-06-24,,no,58316,0,2025-06-22,reel,/reel/2529459210726101/?s=single_unit&__cft__[0]=AZX23FroWDHu0XNLPhh797qo86wfw0dHsbl38WUZrH0QqjmUfMRDh0iVRZZcdh_72I3pgreATOAVUWkLZ1-taprAYS-4QtcYbM-19k49tNCGT7ZytumcQ4LXhjuVAUILfeomklV3Ukhrgpuor-UudwbM7NYatSTBThoPVC41WzxgK_SDKr4c5Lp-1WE6UHmjThk&__tn__=H-R,0,0,0,0,0,0,0,0,0,0,"Sí no se hubiera ventilado el caso, la candidata no hubiera renunciado. No es poca cosa en un país narco-socialista. "
Melisa Ibarra,https://www.facebook.com/melisa.ibarrarosario.5,2025-06-24,,no,58316,0,2025-06-22,post,https://www.facebook.com/melisa.ibarrarosario.5/posts/pfbid032BWepcHyokVcjkiS4sn1ctP7Ydkr7nLzbgYWxzZBqGo4pLpLDtopRSxkLom6PMRzl,1,11,21,16,0,3,0,2,0,0,Samuel debe explicaciones a Bolivia.
Melisa Ibarra,https://www.facebook.com/melisa.ibarrarosario.5,2025-06-24,,no,58316,0,2025-06-22,post,https://www.facebook.com/share/p/19dVkagYCC/,7,74,89,46,0,24,0,16,3,0,"HIJA DE UN NARCOTRAFICANTE PRESO CANDIDATA DE UNIDAD NACIONAL. 
Si no se hubiera revelado, seguiría de candidata. 
Por qué una hija de un narco preso en EEUU con Samuel Doria Medina?… Ver más"
Melisa Ibarra,https://www.facebook.com/melisa.ibarrarosario.5,2025-06-24,,no,58316,0,2025-06-22,post,https://www.facebook.com/share/p/1ZekGKJc19/,10,69,67,28,1,2,0,30,6,0,"Cómo explicarán que la hija de un narcotraficante preso era candidata de Samuel Doria Medina ? 
Listitas negras ? Yo no fuí, fue Camacho ?"
Melisa Ibarra,https://www.facebook.com/melisa.ibarrarosario.5,2025-06-24,,no,58316,0,2025-06-22,post,https://www.facebook.com/share/p/19GMzgof4k/,0,2,14,7,0,7,0,0,0,0,
Melisa Ibarra,https://www.facebook.com/melisa.ibarrarosario.5,2025-06-24,,no,58316,0,2025-06-22,post,https://www.facebook.com/share/p/1ESDBCt36u/,1,15,26,17,1,6,0,2,0,0,Sí le resta ...
Melisa Ibarra,https://www.facebook.com/melisa.ibarrarosario.5,2025-06-24,,no,58316,0,2025-06-22,post,https://www.facebook.com/share/19x4BQ7uKv/,2,0,7,7,0,0,0,0,0,0,"El MAS tiene el 20% de voto duro y 20% de fraude, si no es más. 
Su fraude es a través de servidores exteriores. 
La ingerencia venezolana y cubana están dentro porque sus tiranías también se sostienen de la dictadura de Bolivia y viceversa.  
Los que aseguran irresponsablemente que habrá segunda vuelta entre opositores no van a estar en primera línea cuando declaren ganador al MAS y tengamos que luchar en las calles contra el fraude. Ni siquiera van a salir a las calles. Lo… Ver más"
Melisa Ibarra,https://www.facebook.com/melisa.ibarrarosario.5,2025-06-24,,no,58316,0,2025-06-22,post,https://www.facebook.com/share/p/1BrNhVwVMc/,17,84,176,130,0,30,9,5,2,0,"NO HABRÁ SEGUNDA VUELTA ENTRE OPOSITORES.
EL MAS TIENE 40% ASEGURADOS. 20% VOTO DURO, 20% FRAUDE.
NO LE MIENTAN A LA GENTE."
Melisa Ibarra,https://www.facebook.com/melisa.ibarrarosario.5,2025-06-24,,no,58316,0,2025-06-22,post,https://www.facebook.com/share/p/1P7yyfQrcN/,3,25,41,23,0,15,0,0,3,0,"Los únicos que ""celebraron el año nuevo"" fueron Samuel y Arce. 
No hubo bandera boliviana, sí la Wiphala. No es la bandera en sí, es la utilización de ese símbolo por el MAS para reemplazar la República de Bolivia, perpetuarse en el poder, oprimir a un país y encarcelar a centenares de disidentes. 
Símbolo con el cual el narco Socialismo adoctrinó 20 años haciéndoles creer en la conspiración de la derecha, el imperio y los neoliberales. 
La Wiphala es el MAS y Pachamamismo o… Ver más"
Melisa Ibarra,https://www.facebook.com/melisa.ibarrarosario.5,2025-06-24,,no,58316,0,2025-06-22,post,https://www.facebook.com/share/p/1CFRnwfD4v/,2,26,36,36,0,0,0,0,0,0," ES UNA TRAGEDIA de proporciones inimaginables no tener mediciones serias y confiables rumbo a las elecciones. Todas apuntan a intereses. Bolivia pierde. 
Tomarlas en cuenta sí , pero están lejos de marcar el rumbo del voto. Bolivia pierde. 
Las principales universidades tuvieron que realizar las encuestas más serias, transparentes e INCORRUPTIBLES de toda la historia pero ahí lo ven. 
Bolivia pierde. 
Un debate, o dos podría ayudar a este nefasto empate que nos puede devol… Ver más"
Melisa Ibarra,https://www.facebook.com/melisa.ibarrarosario.5,2025-06-24,,no,58316,0,2025-06-22,post,https://www.facebook.com/share/p/1Ay1C74se5/,10,4,8,2,1,0,5,0,0,0,
Melisa Ibarra,https://www.facebook.com/melisa.ibarrarosario.5,2025-06-24,,no,58316,0,2025-06-22,post,https://www.facebook.com/share/p/1CH2KcB4pK/,0,8,17,9,1,7,0,0,0,0,
Melisa Ibarra,https://www.facebook.com/melisa.ibarrarosario.5,2025-06-24,,no,58316,0,2025-06-23,post,https://www.facebook.com/melisa.ibarrarosario.5/posts/pfbid02VSsjJTkk2bSUXm9CcXi6XYi4MzqwFsbDimwQPtP2d1ZUnBcPDQLuCnScQuxybqpbl,2,9,25,15,0,5,1,1,3,0,"Un millón de lealtad, cero convicción. 
Nuevamente Camacho dividirá el voto. 
Para los entendidos."
Melisa Ibarra,https://www.facebook.com/melisa.ibarrarosario.5,2025-06-24,,no,58316,0,2025-06-23,post,https://www.facebook.com/share/p/16G51vJGPo/,13,1,9,1,0,0,8,0,0,0,
Melisa Ibarra,https://www.facebook.com/melisa.ibarrarosario.5,2025-06-24,,no,58316,0,2025-06-23,post,https://www.facebook.com/share/p/1G3fNUi2PU/,4,1,19,9,4,0,6,0,0,0,
Melisa Ibarra,https://www.facebook.com/melisa.ibarrarosario.5,2025-06-24,,no,58316,0,2025-06-23,post,https://www.facebook.com/share/p/1EoR6zQ8Dj/,9,6,30,30,0,0,0,0,0,0,Libertad para Guanipa !!!
Melisa Ibarra,https://www.facebook.com/melisa.ibarrarosario.5,2025-06-24,,no,58316,0,2025-06-23,post,https://www.facebook.com/share/p/16XJVUKkc3/,1,15,11,4,0,5,0,2,0,0,"Se podrá comprender desde este escándalo la BILLONARIA campaña?
Y nuevamente el silencio cunde como en las listas negras. 
Solo envía a voceros y asesoras a explicar lo inexplicable. 
Es la actitud de un primer mandatario no dar la cara? 
Qué es esto? "
Melisa Ibarra,https://www.facebook.com/melisa.ibarrarosario.5,2025-06-24,,no,58316,0,2025-06-23,post,https://www.facebook.com/share/p/1Er9hS2gtd/,0,0,2,0,0,0,0,0,0,0,
Melisa Ibarra,https://www.facebook.com/melisa.ibarrarosario.5,2025-06-24,,no,58316,0,2025-06-24,post,https://www.facebook.com/share/p/19N47SbYBa/,3,5,39,37,1,1,0,0,0,0,"Pumari nos salió más hábil cognitivamente que otros.
Por supuesto que por la ley de la causalidad el que menos errores comete es el que debería llevar el proceso de la transformación de Bolivia. Sin embargo quien ha cometido más errores, los sigue cometiendo y quien es el centro de los mayores escándalos morales es el ligeramente sobrepasa al segundo con todo el poder económico a su favor. 
No tiene lógica,.menos el principio de causa-efecto. 
Se está comprando la voluntad de… Ver más"
Melisa Ibarra,https://www.facebook.com/melisa.ibarrarosario.5,2025-06-24,,no,58316,0,2025-06-24,post,https://www.facebook.com/share/p/162XXrtB8P/,1,3,8,7,1,0,0,0,0,0,"Mientras no haya encuestas transparentes no habrá un solo candidato y se dividirá el voto. Ellos no se van a unir, debemos luchar por una sola candidatura.  Por qué las universidades no lo realizan? Por qué en el momento histórico más importante de Bolivia del último siglo las casas de estudios superiores y sus sectores no lo proponen? Por qué no lo solicitamos masivamente? 
Se viene la gran Camacho nuevamente. Se conforman ?"
Melisa Ibarra,https://www.facebook.com/melisa.ibarrarosario.5,2025-06-24,,no,58316,0,2025-06-24,post,https://www.facebook.com/share/p/1Aqxooo94V/,0,8,16,8,1,7,0,0,0,0,
Melisa Ibarra,https://www.facebook.com/melisa.ibarrarosario.5,2025-07-01,,no,58316,0,2025-06-24,reel,/reel/1453052039055171/?s=single_unit&__cft__[0]=AZVPYdenrrIETEuoIKBbpahaJ2L0mD9fumHcvw3PzrK5QsHPXBIzkVdWAB0ZlapudrhPul34opmOJ5tQVCx7HSZVRZUidvbqt8m3IMqKMMcbAkoSWZWwDN4rCsxTCWU40hbHN4z4r9fQ0MrbrIjl69noHbxpd09C64OENVOJO7EwowVy3ykgCIxZE8rfJAX-60U&__tn__=H-R,0,0,0,0,0,0,0,0,0,0,
Melisa Ibarra,https://www.facebook.com/melisa.ibarrarosario.5,2025-07-01,,no,58316,0,2025-06-27,reel,/reel/2243305276128347/?s=single_unit&__cft__[0]=AZXcdw9arGvqo7amOqaN-RYc3R4VtytFg2XJZz7W-98LhACHZc6trtb2Ky7U5IWV0QwOmdwrloosSbreJfe41qufklPnox6KwUHNiKYEJWTvHrqYHL1rgssPoudpHkpdLcRfcBHHB09hDfXqxiR6Sb8mO7N3vty3QeB-4cqGSVaZkNURmnyODN3wBv8377ln6tg&__tn__=H-R,0,0,0,0,0,0,0,0,0,0,
Melisa Ibarra,https://www.facebook.com/melisa.ibarrarosario.5,2025-07-01,,no,58316,0,2025-06-27,reel,/reel/1010021417621453/?s=single_unit&__cft__[0]=AZWXuxBQlVTWhDuyKcVs_0b8ZqBVPhTMgYpBvCa0sqNLaMaM2kS5NBc7x7j4Fd6y9DQnOPrz0L4cdTbx16uQ2cgOnGbdAIIvQk-3JVKZgO1YHghdmTa-PfZ5kKlLF8A7cv3p3U01hzeH1U97X62NrpvKB7j-K2p1Zej6kLMCw0TrHPUDygAcHXN1gt2lU9PWNfE&__tn__=H-R,0,0,0,0,0,0,0,0,0,0,
Melisa Ibarra,https://www.facebook.com/melisa.ibarrarosario.5,2025-07-01,,no,58316,0,2025-06-28,post,https://www.facebook.com/melisa.ibarrarosario.5/posts/pfbid07K1KSEkJ6wCFufKkCv8GMFdA2zmbX51edgn6YE8VgMe9fxjiAjvWhmFAiqCVCAsbl,3,20,126,80,11,36,0,0,0,0,
Melisa Ibarra,https://www.facebook.com/melisa.ibarrarosario.5,2025-07-01,,no,58316,0,2025-06-28,post,https://www.facebook.com/melisa.ibarrarosario.5/posts/pfbid02DgF9EEc9VTxW18RXz3HSQfpDNuKdrbn66dVV21jeyjHNKW9xNTK9ta9Gr3Mq1LNjl,0,0,7,0,0,0,0,0,0,0, Autonomía plena para Santa Cruz con Tuto Quiroga
Melisa Ibarra,https://www.facebook.com/melisa.ibarrarosario.5,2025-07-01,,no,58316,0,2025-06-28,post,https://www.facebook.com/melisa.ibarrarosario.5/posts/pfbid05Z1Btwpo1QU2LcaBiNywXApGEDJ5g3NySqTjMZtDXkBnJ6rJjDtph7zWUscZmY5Vl,10,56,102,68,1,29,0,3,1,0,
Melisa Ibarra,https://www.facebook.com/melisa.ibarrarosario.5,2025-07-01,,no,58316,0,2025-06-28,reel,/reel/1393662011747381/?s=single_unit&__cft__[0]=AZXBojmzRa-LK8cryT8AqZqlF91F4MnHW029UFQ0JFzlD-3HzzvjUVfPQsxc_uzS4PSn9nU9tkKhT1QuDbrUyQUaIu78vSujB0_tgyEnHM89sn1twvhMnrgs8alsv1aX8U5OZnjLHV70LnkdonM6r5WQTF3CHjr22ZTAgWOV2ODjmKuXV7j0theaAOhSFfT-X98&__tn__=H-R,0,0,0,0,0,0,0,0,0,0,"Presentes en El Alto, recibiendo el cariño y la fuerza del pueblo de Senkata. ¡Se viene el #CambioRadical junto a Tuto!"
Melisa Ibarra,https://www.facebook.com/melisa.ibarrarosario.5,2025-07-01,,no,58316,0,2025-06-28,post,https://www.facebook.com/melisa.ibarrarosario.5/posts/pfbid0DRW626cjbDuxWuqKtCopRgKbNSjcHjQEXKnJWoY4qEkQCGUPRzDzyhMJyMaSTuB6l,6,3,26,0,0,4,0,0,0,0,"  Esta es la mejor explicación.  
Tuto didáctico, de profe, en facilito."
Melisa Ibarra,https://www.facebook.com/melisa.ibarrarosario.5,2025-07-01,,no,58316,0,2025-06-30,post,https://www.facebook.com/share/p/1HiuUxm84X/,2,22,27,24,1,1,0,0,0,1,"Lo único que deben saber es que el MAS vuelve si van dos o tres candidatos de la oposición. A llorar al río señores, es una gran mentira la segunda vuelta entre opositores. La peor falacia como en el 2020. El que mínimamente repasó algo de historia de Cuba, Nicaragua y Venezuela sabe perfectamente que eso es imposible. 
Arriesgar a un país para jugar al cacho con el MAS, venezolanos, cubanos y toda su estructura fraudulenta desarrollada en 20 años es por demás irresponsable."
Melisa Ibarra,https://www.facebook.com/melisa.ibarrarosario.5,2025-07-01,,no,58316,0,2025-06-30,post,https://www.facebook.com/share/p/14DW2U5Ay3G/,1,7,27,22,0,5,0,0,0,0,
Melisa Ibarra,https://www.facebook.com/melisa.ibarrarosario.5,2025-07-01,,no,58316,0,2025-06-30,post,https://www.facebook.com/share/p/1ByRpxKjBN/,0,0,1,1,0,0,0,0,0,0,
Melisa Ibarra,https://www.facebook.com/melisa.ibarrarosario.5,2025-07-01,,no,58316,0,2025-06-30,post,https://www.facebook.com/share/p/14DbCRv5XLQ/,3,17,25,23,1,0,1,0,0,0," Muere la verdad en Bolivia, muere la única posibilidad de libertad. 
La manipulación de la intención del voto en todas las mediciones sepultará la única oportunidad que tenemos para liberarnos del MAS, la única. 
Otra vez los políticos rifarán a Bolivia si lo permitimos."
Melisa Ibarra,https://www.facebook.com/melisa.ibarrarosario.5,2025-07-01,,no,58316,0,2025-06-30,post,https://www.facebook.com/share/p/1EkBQSLTeF/,2,19,25,24,0,1,0,0,0,0,"Están subestimando el voto oculto del MAS, el voto fraude, el voto identidad, el voto oveja, el voto adoctrinamiento. 
Repito, están subestimando."
Melisa Ibarra,https://www.facebook.com/melisa.ibarrarosario.5,2025-07-01,,no,58316,0,2025-07-01,post,https://www.facebook.com/share/p/1Awrts9PaG/,9,4,9,8,0,1,0,0,0,0,"Muy muy grave, gravísimo...
Y yo que casi me creo las encuestas y estaba a punto de pedir el voto para él. 
I N A D M I S I B L E"
Melisa Ibarra,https://www.facebook.com/melisa.ibarrarosario.5,2025-07-01,,no,58316,0,2025-07-01,post,https://www.facebook.com/share/p/1CHaMYqyK3/,8,1,19,12,0,5,0,1,1,0," Décimo tercer error garrafal y luego es primero en las encuestas? 
.
Aquí está pasando algo muy muy grave alejado de la rectitud."
Melisa Ibarra,https://www.facebook.com/melisa.ibarrarosario.5,2025-07-01,,no,58316,0,2025-07-01,post,https://www.facebook.com/share/p/16u7sJXmnm/,15,7,34,14,1,14,0,4,1,0,Esto sería muy muy grave...
Melisa Ibarra,https://www.facebook.com/melisa.ibarrarosario.5,2025-07-01,,no,58316,0,2025-07-01,post,https://www.facebook.com/share/p/15pLxXPo6s/,0,0,1,1,0,0,0,0,0,0,"Su lugar seguro de los perritos es con nosotros y con todo el cariño que les podemos dar 
.
Adopta, no compres "
Melisa Ibarra,https://www.facebook.com/melisa.ibarrarosario.5,2025-07-01,,no,58316,0,2025-07-01,post,https://www.facebook.com/share/p/16Cdfk5hRV/,23,13,11,10,0,1,0,0,0,0,"Pregunta para los defensores de las encuestas. 
 Primera pregunta:
En qué país del mundo en los últimos 50 años ha ganado por -elecciones presidenciales- la izquierda ""moderada"" a la izquierda radical después de 20 años de autoritarismo y crisis generalizada económica?… Ver más"
Melisa Ibarra,https://www.facebook.com/melisa.ibarrarosario.5,2025-07-01,,no,58316,0,2025-07-01,post,https://www.facebook.com/share/p/19Bq6DduVn/,0,14,42,14,0,24,1,2,1,0,"Rodrigo Paz Pereira 
DIVIDIR EL VOTO, UN GRAN NEGOCIO
Conseguir dos o cuatro miserables diputadillos para mercantilizarlos comercializarlos a cuan mejor postor con el objetivo de aprobar una determinada ley. … Ver más"
Melisa Ibarra,https://www.facebook.com/melisa.ibarrarosario.5,2025-07-01,,no,58316,0,2025-07-01,post,https://www.facebook.com/share/p/199hBuMW4P/,0,9,18,15,3,0,0,0,0,0," Pregunta:
Fuera que lo habiliten o no. 
Sí Dunn fuese de izquierda ""moderada"", tendría el apoyo que tiene actualmente? 
Qué opinas?"
Melisa Ibarra,https://www.facebook.com/melisa.ibarrarosario.5,2025-07-01,,no,58316,0,2025-07-01,post,https://www.facebook.com/share/p/16kQCRFoLZ/,1,36,42,23,1,17,0,0,1,0,"PODER ECONÓMICO TE POSESIONA COMO TENDENCIA, NO COMO CERTEZA NI CONVICCIÓN
Con las decenas de millones, millones, millones invertidos, Samuel solo logra el 3% de margen sobre el segundo, es preocupante. 
La encuesta tuvo un margen de error del 2,2% . Es decir estamos hablando de un ligerísima ventaja de aproximadamente del 0,8% en números más reales para no decir empate técnico y en virtud a una muestra de 2500 consultados el 8% significaría 20 personas.… Ver más"
Melisa Ibarra,https://www.facebook.com/melisa.ibarrarosario.5,2025-07-01,,no,58316,0,2025-07-01,post,https://www.facebook.com/share/p/16Y6JnJnvG/,0,14,22,14,0,8,0,0,0,0,
Melisa Ibarra,https://www.facebook.com/melisa.ibarrarosario.5,2025-07-08,,no,58316,0,2025-07-07,post,https://www.facebook.com/share/p/1S7yTnpB2r/,2,2,12,5,0,4,0,1,2,0,
Melisa Ibarra,https://www.facebook.com/melisa.ibarrarosario.5,2025-07-15,,no,58316,0,2025-07-08,reel,/reel/1626198128058411/?s=single_unit&__cft__[0]=AZXvfxtTdUfcXLs_mU_Wu2Mqf8M2vdqlmcdLbRM3nwPrbpNMPUCWEmtypGNWeb8uSs6QAHN77l9vmMAz2Wl85V_MmT5MDYbERUYfBjzZ-Jw8A2XYbqgJk48JMKDo0obMYqQ6bwMFWY9duyDFdbtw_s0tx44kFODfv2liLob19dAlxeJ2_zzDVApka0lPJ3pePr4&__tn__=H-R,0,0,0,0,0,0,0,0,0,0,
Melisa Ibarra,https://www.facebook.com/melisa.ibarrarosario.5,2025-07-15,,no,58316,0,2025-07-10,reel,/reel/536924699413690/?s=single_unit&__cft__[0]=AZW4zFcJQ8LFEwQMKNvPIxGGeTLi_EohXSuandWZlnGFw4uSFCRetWKOJtMIXRQXpAtJpEOza56eTsNQCzDvySvOO67ySAFakUe41NfcAX2d7f5cge4aT0KMOWh2XkywxFCadfJKvqKPSlFIBVmHgPI30t-bXz-kCMrybKpjTEZHdV4zwooCF11A_MymWJgfqw8&__tn__=H-R,0,0,0,0,0,0,0,0,0,0,"""Cuidemos el Voto es una iniciativa ciudadana. Debemos apoyarla. Sin trampas, sin cuentos. Únete como voluntario.  Edgar Villegas."
Melisa Ibarra,https://www.facebook.com/melisa.ibarrarosario.5,2025-07-15,,no,58316,0,2025-07-10,reel,/reel/1386770119287692/?s=single_unit&__cft__[0]=AZVjRY31k0qTp71_-_9hHjjITof0A-0590hqK4Wp1YWp3w995I0cWsPMb2XB7KsjNlPnABALupacOM41cm0H5xEQW0vz9GkanXzFwaM0sk3GZB0Qh4Hj3n2AbY2ryiqMHbjW0f6Kci7N68XJFpPamkbYKVwnHlNxsJRa8KKtiEQivdj2VOyR9euBpW9pPRm-eEs&__tn__=H-R,0,0,0,0,0,0,0,0,0,0,
Melisa Ibarra,https://www.facebook.com/melisa.ibarrarosario.5,2025-07-15,,no,58316,0,2025-07-10,post,https://www.facebook.com/share/p/1AQh8M8bPt/,9,1,23,14,1,4,0,4,0,0,"La socialdemocracia está más cerca a la izquierda radical que a un centro derecha. 
Bachelet, socialdemócrata, cuando dijo algo sobre Maduro? Luego en un puesto jerárquico en la OEA, su informe sobre Maduro insuficiente ante los centenares de asesinatos el 2017? 
Lula Da Silva, socialdemócrata,  no tiene presos políticos, socio de Maduro, financió su campaña, tomó un pelín de distancia en las últimas elecciones. 
Pedro Sánchez, presidente de España, socio de Maduro, nunca rec… Ver más"
Melisa Ibarra,https://www.facebook.com/melisa.ibarrarosario.5,2025-07-15,,no,58316,0,2025-07-10,post,https://www.facebook.com/share/p/16p8kGZX81/,0,7,4,3,0,1,0,0,0,0,El Che Guevara: Zvonko eres tú?
Melisa Ibarra,https://www.facebook.com/melisa.ibarrarosario.5,2025-07-15,,no,58316,0,2025-07-10,post,https://www.facebook.com/share/p/1AuDfSdXyr/,0,5,8,7,0,1,0,0,0,0,"Socialismo ligth?
Cuchi caca !"
Melisa Ibarra,https://www.facebook.com/melisa.ibarrarosario.5,2025-07-15,,no,58316,0,2025-07-10,post,https://www.facebook.com/share/p/1FNsNysaT4/,1,6,20,17,0,3,0,0,0,0,"Por Sayuri Loza
""
 Molina, conocido racistólogo, asesor del qhinchha, Power Ranger de la cooperación (chiste para entendidos), rostro plasmado del achachi de la morenada, al que sólo le falta la pipa, ha caído en desgracia ante el líder supremo. Ay! Las cosas que pasan cuando queremos usar labia con nuestros amores.
Lección política 1: si vas a jugar a ser doble agente ten cuidado porque una mala jugada te hará caer en desgracia… Ver más"
Melisa Ibarra,https://www.facebook.com/melisa.ibarrarosario.5,2025-07-15,,no,58316,0,2025-07-10,post,https://www.facebook.com/share/p/1B5Vkhq4m5/,3,0,1,1,0,0,0,0,0,0,"José Luis Lupo confirma que el zurdo disfrazado de ""analista"" Fernando Molina fue parte del comando de campaña de Samuel hasta cuando retiraron a Lupo, es decir, sigue de asesor de Doria Medina, sí, el mismo, el esposo de Susana Bejarano, la candidata de Andrónico, el hijo de Evo. 
Aquél que decía entre líneas que fue golpe, no fraude. 
Molina-Samuel-Bejarano-Andrónico. 
La izquierda ligth con la izquierda radical de la mano, empanadeando.… Ver más"
Melisa Ibarra,https://www.facebook.com/melisa.ibarrarosario.5,2025-07-15,,no,58316,0,2025-07-10,post,https://www.facebook.com/share/p/1AxNDS6phQ/,7,0,14,4,0,0,0,1,9,0,"Mazistas ladrones. 
EL MAS NUNCA MAS !!!"
Melisa Ibarra,https://www.facebook.com/melisa.ibarrarosario.5,2025-07-15,,no,58316,0,2025-07-10,post,https://www.facebook.com/share/p/1HE3uCBDqt/,0,0,2,2,0,0,0,0,0,0,
Melisa Ibarra,https://www.facebook.com/melisa.ibarrarosario.5,2025-07-15,,no,58316,0,2025-07-11,post,https://www.facebook.com/share/p/1A8bSs2TZ2/,10,58,53,50,2,1,0,0,0,0," Si se unen Copa, Narcónico, Fernández y Castillo, la oposición deberá unirse si o sí o bajarse. No tenemos otra alternativa, repito no hay otra alternativa. 
Vayan asimilando esa posibilidad que puede ser de manera intempestiva desde ahora, no es desproporcionada, ni conspiranoica, es realista. 
Lo tendrán que hacer, es un imperativo, no tienen otra alternativa, sino TODOS NOS HUNDIMOS."
Melisa Ibarra,https://www.facebook.com/melisa.ibarrarosario.5,2025-07-15,,no,58316,0,2025-07-11,post,https://www.facebook.com/share/p/16aQNxYy5t/,0,1,25,22,3,0,0,0,0,0,
Melisa Ibarra,https://www.facebook.com/melisa.ibarrarosario.5,2025-07-15,,no,58316,0,2025-07-11,post,https://www.facebook.com/share/p/1X9PQu1ZY6/,3,1,9,8,0,1,0,0,0,0," No podemos quedar en silencio y en el confort. Nos jugamos Bolivia. A tomar partido con todo el costo y beneficio que implica, es nuestra última oportunidad."
Melisa Ibarra,https://www.facebook.com/melisa.ibarrarosario.5,2025-07-15,,no,58316,0,2025-07-11,post,https://www.facebook.com/share/p/1CWdrAygv7/,0,3,6,6,0,0,0,0,0,0,
Melisa Ibarra,https://www.facebook.com/melisa.ibarrarosario.5,2025-07-15,,no,58316,0,2025-07-11,post,https://www.facebook.com/share/p/1Aapb4NEvm/,0,8,26,22,0,4,0,0,0,0,"Sí y no. 
Dunn es de derecha liberal, no de izquierda. Sus seguidores reconocen la diferencia y saben por donde ir. Lo dejó claro y subrayado."
Melisa Ibarra,https://www.facebook.com/melisa.ibarrarosario.5,2025-07-15,,no,58316,0,2025-07-11,post,https://www.facebook.com/share/p/176Xg2HDkz/,0,0,3,2,0,0,1,0,0,0,
Melisa Ibarra,https://www.facebook.com/melisa.ibarrarosario.5,2025-07-15,,no,58316,0,2025-07-11,post,https://www.facebook.com/share/p/16Z3BC68K9/,32,44,109,78,1,12,5,10,3,0,"#Urgente
UN FACTO QUE INCOMODA
El MAS se unirá días antes de las elecciones, más su estafa electoral, tienen todas las de ganar.
Y si no se juntan estos zurdos, pues dejarán a un solo candidato, es lo mismo. … Ver más"
Melisa Ibarra,https://www.facebook.com/melisa.ibarrarosario.5,2025-07-15,,no,58316,0,2025-07-11,post,https://www.facebook.com/share/v/16vnjiASqz/,52,76,214,172,5,29,2,5,0,1,"#Urgente
#BoliviaEnEmergencia
Se unirán una semana antes, lo más cerca a la fecha y ganarán en primera vuelta porq la oposición está dividida. 
Si no se unen se bajan todos y dejan al más presidenciable, es lo mismo. … Ver más"
Melisa Ibarra,https://www.facebook.com/melisa.ibarrarosario.5,2025-07-15,,no,58316,0,2025-07-11,post,https://www.facebook.com/share/p/14DdYtU5MYL/,3,0,6,0,0,0,0,1,5,0,
Melisa Ibarra,https://www.facebook.com/melisa.ibarrarosario.5,2025-07-15,,no,58316,0,2025-07-11,post,https://www.facebook.com/share/p/1GmcxW6EMe/,3,1,13,11,0,2,0,0,0,0," Tuto quiere mirar al futuro, el resto sigue en el pasado. 
Tuto quiere levantar a Bolivia."
Melisa Ibarra,https://www.facebook.com/melisa.ibarrarosario.5,2025-07-15,,no,58316,0,2025-07-11,post,https://www.facebook.com/share/p/16mqWqCnem/,11,26,99,81,2,15,0,0,1,0,
Melisa Ibarra,https://www.facebook.com/melisa.ibarrarosario.5,2025-07-15,,no,58316,0,2025-07-11,post,https://www.facebook.com/share/p/1Bi925RAEs/,0,19,35,20,2,13,0,0,0,0,"  SI EL MAS VUELVE POR OMISIÓN?
Dunn y Manfred deben tomar posición. Únanse a cualquiera de los punteros para que este desastre termine. 
Aquí no estamos para medias tintas, para tibios o para jugar a la  supuesta ronda de la ""libertad individual"".
Nos guardemos retóricas para luego, primero recuperemos Bolivia.  … Ver más"
Melisa Ibarra,https://www.facebook.com/melisa.ibarrarosario.5,2025-07-15,,no,58316,0,2025-07-11,post,https://www.facebook.com/share/p/16e1iVJzeC/,29,8,50,45,0,0,1,0,4,0,
Melisa Ibarra,https://www.facebook.com/melisa.ibarrarosario.5,2025-07-15,,no,58316,0,2025-07-12,post,https://www.facebook.com/share/p/19Sz2WUv9z/,1,2,13,13,0,0,0,0,0,0," Los principales candidatos de la oposición deben estar preparados para:
-Ganar
-Perder o
-Retirarse 
 Bolivia es primero"
Melisa Ibarra,https://www.facebook.com/melisa.ibarrarosario.5,2025-07-15,,no,58316,0,2025-07-12,post,https://www.facebook.com/share/p/1Apzy2z7nP/,0,22,14,5,0,9,0,0,0,0,"Las encuestas de mañana se realizaron antes de la inhabilitación de Dunn, cierto ?"
Melisa Ibarra,https://www.facebook.com/melisa.ibarrarosario.5,2025-07-15,,no,58316,0,2025-07-12,post,https://www.facebook.com/share/p/15mmdFBUod/,4,13,14,10,0,0,0,1,3,0,"ESTÁN CONMINADOS A UNIRSE...
No alcanzan solos y el voto útil a estas alturas tal vez no se pueda consolidar en tan poco tiempo, además, entre otras razones, porque los religiosos seguidores de sus candidatos preferirán al MAS, el niño o blanco que votar por el otro. 
BOLIVIA ESTÁ EN PELIGRO. 
Debemos exigir que se unan, estamos a tiempo."
Melisa Ibarra,https://www.facebook.com/melisa.ibarrarosario.5,2025-07-15,,no,58316,0,2025-07-12,reel,/reel/1079972317399190/?s=single_unit&__cft__[0]=AZX1lWi9DQcL39yNBaD5WmQG0GLKx_MO6mls8eXnlXn1qYtlAumRzV9wTkL0X2wJ5t04NFK51zxuNL2dBEYdOFRy2V22uNaFys2D0-aRvruhKsks5JNKkTExjukiOT14Wjn0Mfevt79ORN6yWMiFwBezk1a8a--IftLWDNL-B9iXot7eYRQr4YlmjMQpNvBLe8I&__tn__=H-R,0,0,0,0,0,0,0,0,0,0,
Melisa Ibarra,https://www.facebook.com/melisa.ibarrarosario.5,2025-07-15,,no,58316,0,2025-07-12,reel,/reel/1055881266225683/?s=single_unit&__cft__[0]=AZV34KlvlcMsM_So4wO9VQfQQNNAeo6uM-FNAkNBXbZlA6yh1IivKLALp1fd8oi6TDJmKV6Wd1QTSRc0z92uBs5gme0wUgMqliARnA08T4rQlXpGrgPVkmPGj6q9pCnzk36Bngp3fyg_9DACMHpDm2ikI2hh_jfhs_hcclUJZO6aFrepkLGp_mCPpORTrXGj5r0&__tn__=H-R,0,0,0,0,0,0,0,0,0,0,
Melisa Ibarra,https://www.facebook.com/melisa.ibarrarosario.5,2025-07-15,,no,58316,0,2025-07-12,post,https://www.facebook.com/share/p/19gxdQ3nA1/,7,18,19,11,0,5,0,0,3,0,"EL MAS SIN EVO TIENEN VOTO DURO Y SE UNIRÁN EN TORNO A UN SOLO CANDIDATO O SE BAJARÁN 
Pueden sin bajarse incluso si no lo permite las normativas electorales consolidar su único candidato a través de una campaña masiva a través de su aparato paraestatal, medios comprados y 400 radios comunitarias q siguen funcionando. 
Quieren arriesgar a Bolivia? Quieren arriesgar a su familia? A sus hijos? Padres?  
Estamos para hacer apuestas o lanzar los dados pa ver si salen todos 6?… Ver más"
Melisa Ibarra,https://www.facebook.com/melisa.ibarrarosario.5,2025-07-15,,no,58316,0,2025-07-12,reel,/reel/704453465731182/?s=single_unit&__cft__[0]=AZUmQm-WqGEguNwatIw7RhYRVNYkVY6vqcvwVDA34Z2T6w62bxa82GHZoOEtOXmNJSVl7zYbHW68dAQ8Owf1zOjaUClHjfa9bpZ-b6fvN_QuMGVOjY1_sXl5LfxngMTuawWD74oA8uY2yz-WpdoeSzoC8AmBSnUl94k2HoyoEQajBmWDhiAZ95agIxEHnxn1PH4&__tn__=H-R,0,0,0,0,0,0,0,0,0,0,
Melisa Ibarra,https://www.facebook.com/melisa.ibarrarosario.5,2025-07-15,,no,58316,0,2025-07-12,post,https://www.facebook.com/melisa.ibarrarosario.5/posts/pfbid0Cu9dRzKCcriDxxLa9MQZ2W8RPFSHAe1fRqsjUXdQXGsS6usfAfW9ZCh4fuxZErSPl,32,34,176,129,16,30,0,0,0,1," Tuto Quiroga dede dar golazo de media cancha en los próximos días, repito en los próximos días y espero que las encuestas lo refleje.
Es con Tuto amigos. 
Tenemos pocos días. En agosto debemos tener un solo candidato sino vuelve el MAS. 
Desde la conciencia y convicción él es el mejor, o el menos peor si lo quieren ver de esa manera. 
E… Ver más"
Melisa Ibarra,https://www.facebook.com/melisa.ibarrarosario.5,2025-07-15,,no,58316,0,2025-07-12,post,https://www.facebook.com/share/p/18A9WNr93j/,2,39,78,21,0,37,1,2,17,0,"#BoliviaEnEmergencia
Se viene la Unidad de la izquierda. 
Basta con se bajen todos y dejen al que más jala. 
Estamos arruinados. … Ver más"
Melisa Ibarra,https://www.facebook.com/melisa.ibarrarosario.5,2025-07-15,,no,58316,0,2025-07-12,post,https://www.facebook.com/share/p/199XgoSeZq/,3,51,67,45,5,16,0,0,0,1,"Luis Fernando Camacho apoyará a Jorge Tuto Quiroga si el se consolida primero. 
No lo duden ni siquiera un instante. 
Información de adentro y es un asunto de supervivencia. 
El resto de los presos,.lo propio."
Melisa Ibarra,https://www.facebook.com/melisa.ibarrarosario.5,2025-07-15,,no,58316,0,2025-07-12,post,https://www.facebook.com/share/p/16uc64jM4C/,66,105,195,157,19,14,0,1,3,1,"Señor Jaime Dunn:
Muy honorable y consecuente con el liberalismo dejar ""libertad"" a sus seguidores para que decidan por quién votar. Hermoso hasta ahí. 
Quiere formar su partido miras a las departamentales? Más hermoso, lindo, legítimo, lo aplaudo. … Ver más"
Melisa Ibarra,https://www.facebook.com/melisa.ibarrarosario.5,2025-07-15,,no,58316,0,2025-07-12,post,https://www.facebook.com/share/p/15hBMohKTu/,0,0,5,5,0,0,0,0,0,0,"Puede venir el Papa de observador, VAN HACER FRAUDE, ENTIÉNDANLO, VAN HACER FRAUDE"
Melisa Ibarra,https://www.facebook.com/melisa.ibarrarosario.5,2025-07-15,,no,58316,0,2025-07-12,post,https://www.facebook.com/share/p/1At2jruTai/,12,29,88,28,0,50,0,1,9,0,"SI EVO HABLA DE FRAUDE ES PORQUE SABE DE QUE HABLA 
La voz de la experiencia. 
Hasta el infeliz pederasta nos está advirtiendo del fraude, solo los opositores se hacen a los opas. 
El MAS tiene todas las de ganar y luego tendremos que poner nuestras vidas y la vida de nuestros hijos a la represión para defender a los opositores que no se unieron? … Ver más"
Melisa Ibarra,https://www.facebook.com/melisa.ibarrarosario.5,2025-07-15,,no,58316,0,2025-07-13,post,https://www.facebook.com/share/p/1T336K5c4G/,7,0,12,11,1,0,0,0,0,0,
Melisa Ibarra,https://www.facebook.com/melisa.ibarrarosario.5,2025-07-15,,no,58316,0,2025-07-13,post,https://www.facebook.com/share/p/1HRfeRVUSp/,10,5,75,68,0,7,0,0,0,0,"Historia y criterio matan relato.
Si Evo se quedaba el 2019 seguiría en el poder como lo hizo Hugo Chávez en Venezuela. 
Tuto en vez de quedarse en su casa viendo Netflix viabilizó la sucesión constitucional permitiendo la salida de Evo Morales fuera del país de lo contrario seguía siendo presidente. Repito, no salía y seguía siendo presidente porque eso indican las leyes para la aceptación de una renuncia. … Ver más"
Melisa Ibarra,https://www.facebook.com/melisa.ibarrarosario.5,2025-07-15,,no,58316,0,2025-07-13,post,https://www.facebook.com/share/p/1AwD1mjdhE/,122,111,448,326,44,77,0,0,0,1," NOS LIBRAMOS DE EVO GRACIAS A TUTO QUIROGA. 
 Camacho, Pumari y Bolivia derrotaron a Evo.
 Tuto viabilizó la salida de Morales para concretar la sucesión constitucional. 
 Evo desde afuera designó a Arce. 
 Ar… Ver más"
Melisa Ibarra,https://www.facebook.com/melisa.ibarrarosario.5,2025-07-15,,no,58316,0,2025-07-13,post,https://www.facebook.com/share/p/19VbE4MfBH/,9,17,73,67,1,0,0,1,0,4,"Relaciones casuales, cuerpos de consumo.
Qué opinan? 
Aplica a los hombres también, digo yo. 
""Subiste una foto provocativa…… Ver más"
Melisa Ibarra,https://www.facebook.com/melisa.ibarrarosario.5,2025-07-15,,no,58316,0,2025-07-13,post,https://www.facebook.com/share/p/16eETBZQpG/,0,33,36,20,0,16,0,0,0,0,"Que lamentable que las encuestas de hoy no se las realizaron con Jaime Dunn inhabilitado. 
Sería muy diferente una medición tras el fenómeno Dunn que determina sin duda alguna la verdadera preferencia de la mayoría de los bolivianos.
A esperar la siguiente."
Melisa Ibarra,https://www.facebook.com/melisa.ibarrarosario.5,2025-07-15,,no,58316,0,2025-07-13,post,https://www.facebook.com/share/p/14zKeUCCSx/,0,0,2,2,0,0,0,0,0,0,
Melisa Ibarra,https://www.facebook.com/melisa.ibarrarosario.5,2025-07-15,,no,58316,0,2025-07-13,post,https://www.facebook.com/share/p/16ib6QW5pN/,1,4,2,0,0,1,0,0,1,0,
Melisa Ibarra,https://www.facebook.com/melisa.ibarrarosario.5,2025-07-15,,no,58316,0,2025-07-14,post,https://www.facebook.com/share/p/1Le8jtvDqo/,2,27,43,43,0,0,0,0,0,0,"Me da miedo que lo único que no hayamos aprendido de la historia, es la historia misma.
"
Melisa Ibarra,https://www.facebook.com/melisa.ibarrarosario.5,2025-07-15,,no,58316,0,2025-07-14,post,https://www.facebook.com/share/p/15i3b3mC1j/,1,1,2,2,0,0,0,0,0,0,"Por más socialismo, pues no."
Melisa Ibarra,https://www.facebook.com/melisa.ibarrarosario.5,2025-07-15,,no,58316,0,2025-07-14,post,https://www.facebook.com/share/p/1Cmdt3U2kP/,1,38,76,50,1,25,0,0,0,0,"Empate y sin el voto DUNN..
Tuto la está rompiendo. 
La gente no quiere Socialismo de ningún tipo."
Melisa Ibarra,https://www.facebook.com/melisa.ibarrarosario.5,2025-07-15,,no,58316,0,2025-07-14,post,https://www.facebook.com/share/p/1FdZQqkgAp/,6,21,92,69,0,22,0,1,0,0,"Tuto se acerca a Samuel con la centésima parte de inversión económica y sin el voto DUNN aún. Lo que significa, en otras palabras, que Tuto podría ser primero ! 
Señores, es con Tuto  sin duda alguna. La.gente NO QUIERE SOCIALISMO DE NINGÚN TIPO."
Melisa Ibarra,https://www.facebook.com/melisa.ibarrarosario.5,2025-07-15,,no,58316,0,2025-07-14,post,https://www.facebook.com/share/p/1PQR6kERzF/,20,34,114,80,9,25,0,0,0,0," TUTO a un milímetro de consolidar el voto útil, que a su vez es: voto consciente, inteligente y antisocialista. 
Por qué? 
1) Porque la medición se la realizó el 5 al 7 de julio, ANTES  de la inhabilitación oficial de Dunn. La mayoría de sus seguidores lo apoyaron por representar a la derecha liberal. Tuto los representa ideológicamente. 
2… Ver más"
Melisa Ibarra,https://www.facebook.com/melisa.ibarrarosario.5,2025-07-15,,no,58316,0,2025-07-14,post,https://www.facebook.com/share/p/1FZ9bJBaML/,7,12,17,16,0,1,0,0,0,0,"NO QUIEREN A LA OPOSICIÓN PERO ES LO QUE HAY 
Así de frustrante, así de terrible. Realismo mata  escenarios ideales. 
O siguen lamentándose o toman postura POR SOBREVIVENCIA Y SUPERVIVENCIA o a comer de la basura e irse del país si favorecen al MAS con su voto nulo o blanco. 
Dunn ya marcó el camino desde su posición de derecha liberal. Hay un candidato no perfecto pero no socialista que le sigue. … Ver más"
Melisa Ibarra,https://www.facebook.com/melisa.ibarrarosario.5,2025-07-15,,no,58316,0,2025-07-14,post,https://www.facebook.com/share/p/1LD1C6Trhy/,5,10,49,40,1,8,0,0,0,0,"Señores, no nos equivoquemos, es por la derecha.
 #EsConTuto"
Melisa Ibarra,https://www.facebook.com/melisa.ibarrarosario.5,2025-07-15,,no,58316,0,2025-07-14,post,https://www.facebook.com/share/p/1ArhzzJ2gT/,0,6,12,12,0,0,0,0,0,0," SEÑORES NULOS, BLANCOS E INDECISOS
 Es terriblemente  frustrante tener a los políticos que tenemos. Es una catástrofe, pero es lo que hay. Que hermoso hubiese sido tener un Mandela, una María Corina, etc, pues no los hay. 
Realismo mata, pensamiento mágico. 
A veces también soñamos con una pareja ideal y no la que tenemos pero es lo que hay. Lo tomas o lo dejas. Pero dejándolo (a) no arruina tu vida, en cambio si permites que el MAS continúe en el poder despídete de Boli… Ver más"
Melisa Ibarra,https://www.facebook.com/melisa.ibarrarosario.5,2025-07-15,,no,58316,0,2025-07-14,post,https://www.facebook.com/share/p/16cAR818XB/,9,4,30,28,1,0,1,0,0,0," No estoy tan segura de ello y es un riesgo enorme. 
El MAS se unirá o dejarán un solo candidato. 
No seamos exitistas, deben unirse o bajarse porque están empatados. 
Si no lo hacen debemos unificar el voto. 
No pongamos en juego a un país por favor, por favor, por favor. … Ver más"
Melisa Ibarra,https://www.facebook.com/melisa.ibarrarosario.5,2025-07-15,,no,58316,0,2025-07-14,post,https://www.facebook.com/share/p/1CToiFiM5H/,2,2,13,10,0,3,0,0,0,0,
Melisa Ibarra,https://www.facebook.com/melisa.ibarrarosario.5,2025-07-15,,no,58316,0,2025-07-14,post,https://www.facebook.com/share/p/19ZM9LW2oT/,0,4,15,11,0,4,0,0,0,0,
Melisa Ibarra,https://www.facebook.com/melisa.ibarrarosario.5,2025-07-15,,no,58316,0,2025-07-14,post,https://www.facebook.com/share/p/16aTxJMBSf/,4,63,95,59,1,34,0,1,0,0,"* Tuto casi primero, Samuel casi segundo. Empate técnico.  
* Samuel bajó ligeramente, Tuto subió ligeramente. 
Empate técnico.… Ver más"
Melisa Ibarra,https://www.facebook.com/melisa.ibarrarosario.5,2025-07-15,,no,58316,0,2025-07-14,post,https://www.facebook.com/share/p/1B9EbQSWgX/,6,59,76,51,3,22,0,0,0,0,"VERDADES INCÓMODAS 
 Las encuestas las compra el medio de comunicación que las emite con el dinero que recibe por publicidad. 
 Hoy en día qué empresa o candidato es el que tiene la mayor pauta en medios de comunicación?… Ver más"
Melisa Ibarra,https://www.facebook.com/melisa.ibarrarosario.5,2025-07-15,,no,58316,0,2025-07-14,post,https://www.facebook.com/share/p/12JptR73pr9/,2,16,39,33,0,6,0,0,0,0,Entren a esta publicación de Tito Lante y lean los comentarios.
Melisa Ibarra,https://www.facebook.com/melisa.ibarrarosario.5,2025-07-15,,no,58316,0,2025-07-14,post,https://www.facebook.com/share/p/16yZcLRzW6/,8,21,187,152,8,27,0,0,0,0,
Melisa Ibarra,https://www.facebook.com/melisa.ibarrarosario.5,2025-07-15,,no,58316,0,2025-07-14,post,https://www.facebook.com/share/p/1ZLWzhjMoo/,0,0,2,0,2,0,0,0,0,0,
Melisa Ibarra,https://www.facebook.com/melisa.ibarrarosario.5,2025-07-15,,no,58316,0,2025-07-14,post,https://www.facebook.com/share/p/16jGV9JKmg/,0,0,3,3,0,0,0,0,0,0,
Melisa Ibarra,https://www.facebook.com/melisa.ibarrarosario.5,2025-07-15,,no,58316,0,2025-07-14,post,https://www.facebook.com/share/p/19P2n7FzQQ/,1,0,6,2,1,3,0,0,0,0,Autonomías plenas y Branko se lo exigirá.
Melisa Ibarra,https://www.facebook.com/melisa.ibarrarosario.5,2025-07-15,,no,58316,0,2025-07-14,post,https://www.facebook.com/share/p/19Ui6W6WKe/,0,3,34,26,3,5,0,0,0,0,
Melisa Ibarra,https://www.facebook.com/melisa.ibarrarosario.5,2025-07-15,,no,58316,0,2025-07-14,reel,/reel/1463017165150009/?s=single_unit&__cft__[0]=AZV2J4iBFSNxeL-bWDSz2pjAgC334wJpWgUkMTKfz8YfRXoULhf7Zzh1ACtg893np-WWQwj_6QnEOwU8AGdei2j6RNSPCCuHRnU4C0oC5GPOgImi6h5we3CXv0b3RmFPvxj-70-IhAEMEl72j9CScSEMl53GSodp-hkmyJ7WirzoBPBJbqbtlGCw7BxYum-1ejM&__tn__=H-R,0,0,0,0,0,0,0,0,0,0, LIBRE POR TODA BOLIVIA !!!
Melisa Ibarra,https://www.facebook.com/melisa.ibarrarosario.5,2025-07-15,,no,58316,0,2025-07-14,post,https://www.facebook.com/share/p/1CS4MohYHz/,3,3,13,9,0,4,0,0,0,0,
Melisa Ibarra,https://www.facebook.com/melisa.ibarrarosario.5,2025-07-15,,no,58316,0,2025-07-14,post,https://www.facebook.com/share/p/1EL83KzDMH/,3,10,10,9,1,0,0,0,0,0,"""Verdades incómodas que pocos se atreven a decir: Las encuestas no son oráculos imparciales; son instrumentos financiados por quienes pagan publicidad en los medios que las difunden. Y como en toda relación comercial, quien paga, influye...
Preguntémonos con honestidad: Quién invierte hoy millones en medios, incluso en plena crisis económica...??? Quién sostiene a canales y radios con recursos abultados...??? Es evidente que los intereses políticos también compran narrativa. … Ver más"
Melisa Ibarra,https://www.facebook.com/melisa.ibarrarosario.5,2025-07-15,,no,58316,0,2025-07-14,post,https://www.facebook.com/share/p/1AoKvsDyzq/,1,0,1,1,0,0,0,0,0,0,
Melisa Ibarra,https://www.facebook.com/melisa.ibarrarosario.5,2025-07-15,,no,58316,0,2025-07-15,post,2025-07-15,0,0,0,0,0,0,0,0,0,0,
Melisa Ibarra,https://www.facebook.com/melisa.ibarrarosario.5,2025-07-15,,no,58316,0,2025-07-15,post,https://www.facebook.com/share/p/16tB3KJNEU/,3,3,21,21,0,0,0,0,0,0,
Melisa Ibarra,https://www.facebook.com/melisa.ibarrarosario.5,2025-07-15,,no,58316,0,2025-07-15,post,https://www.facebook.com/share/p/1WUs8gsCfS/,4,3,34,31,2,0,0,1,0,0,
Melisa Ibarra,https://www.facebook.com/melisa.ibarrarosario.5,2025-07-15,,no,58316,0,2025-07-15,post,https://www.facebook.com/share/p/177gmfKFbL/,0,0,0,0,0,0,0,0,0,0,"A quién apoye ROBACUSI, ahí no es..."
Melisa Ibarra,https://www.facebook.com/melisa.ibarrarosario.5,2025-07-15,,no,58316,0,2025-07-15,post,https://www.facebook.com/share/p/1FA6uxjH4B/,0,1,9,8,0,1,0,0,0,0,
Melisa Ibarra,https://www.facebook.com/melisa.ibarrarosario.5,2025-07-15,,no,58316,0,2025-07-15,post,https://www.facebook.com/share/p/19M2Rxepvh/,2,4,38,31,0,1,0,0,4,2,"PEPE ROBACUSI, LA LAURA EN AMERICA BOLIVIANO !
Si quieres provocarte arcadas por si ingeriste malos alimentos, puedes simplemente leer las publicaciones estilo ""Laura en América"" del seudo periodista sin escrúpulos Pepe Chantacusi y su clara intención de mellar la candidatura de Tuto Quiroga. 
Observen lo que dijo Branko y la sub normal interpretación de un sub normal comunicador de crónica roja, sí, ese, el falso periodista, el favorito de Evo Morales y Arce Catacora que ho… Ver más"
Melisa Ibarra,https://www.facebook.com/melisa.ibarrarosario.5,2025-07-15,,no,58316,0,2025-07-15,post,https://www.facebook.com/share/p/1EgnDuhRsS/,0,27,43,20,0,8,0,10,4,1,"Si Juan del Granado considera que fue masacre las muertes en Senkata y Sacaba y no autoatentado, qué hace como candidato del aliado de la supuesta ""masacradora Añez""?
Y yo que respetaba al ex alcalde. 
Ya pues che 
 !!!"
Melisa Ibarra,https://www.facebook.com/melisa.ibarrarosario.5,2025-07-15,,no,58316,0,2025-07-15,post,https://www.facebook.com/share/p/1D7GvdCesP/,15,49,174,120,17,35,0,0,0,2," El MAS no quiere de ninguna manera a Tuto como presidente, por tanto amigos míos, es ahí, es con él. 
 Tuto es el candidato que tiene más procesos en su contra por parte de la dictadura,  por tanto amigos míos, es ahí, es con él . 
#EsConTuto"
Melisa Ibarra,https://www.facebook.com/melisa.ibarrarosario.5,2025-07-15,,no,58316,0,2025-07-15,post,https://www.facebook.com/share/p/1D7CPkB5PM/,5,7,39,32,1,6,0,0,0,0,"Analista Fernando Cerimedo:
""El voto de Dunn no tiene a otro lugar donde ir que no sea Tuto. Samuel no representa ese espacio""."
Melisa Ibarra,https://www.facebook.com/melisa.ibarrarosario.5,2025-07-15,,no,58316,0,2025-07-15,post,https://www.facebook.com/share/p/15ssj4prEB/,10,10,33,25,2,0,0,2,4,0,"FERNANDO MOLINA, UN MAZISTA QUE DEFIENDE LA GRAN MENTIRA DEL MAS:"" EL GOLPE DE ESTADO""
Hechos del 2020  matan relato.
(Leer todo el artículo)"
Melisa Ibarra,https://www.facebook.com/melisa.ibarrarosario.5,2025-07-15,,no,58316,0,2025-07-15,post,https://www.facebook.com/share/p/18fVziw1m8/,3,0,5,5,0,0,0,0,0,0,
Melisa Ibarra,https://www.facebook.com/melisa.ibarrarosario.5,2025-07-15,,no,58316,0,2025-07-15,post,https://www.facebook.com/share/p/1ArJd4kfUm/,1,0,1,1,0,0,0,0,0,0,
Melisa Ibarra,https://www.facebook.com/melisa.ibarrarosario.5,2025-07-23,,no,58316,0,2025-07-17,reel,/reel/1422041845802860/?s=single_unit&__cft__[0]=AZVo7blnJ1lBb6b73pbSdxUB5POqIAzEcYK5yol512pwyD3uUIQe-4f9nKZkBmNAHG9xQixkEACDQsRurpfDtPQ8FEW1mnvsfDkkoO4i2VSOGjkFdSi9LcPk1AcObHIRLCXc4SWxMGfkbGdPsv-igVGJ_gf_bOJ1xKDEHo69ejfGVyrdu9dzmjk10C18Vmaevx4&__tn__=H-R,0,0,0,0,0,0,0,0,0,0,
Melisa Ibarra,https://www.facebook.com/melisa.ibarrarosario.5,2025-07-23,,no,58316,0,2025-07-20,reel,/reel/24014740108166956/?s=single_unit&__cft__[0]=AZWWIivsazEJQbVkWHxysLAZ7gphA_UejBIQAWWL6pvCD6cGAIhXVI25raRPvWhfRDV7do-PgbsPF95nrUlbGV4-I36c0lU0sXGqiXlgj-OWzq8aEeLDE7sVVkd_oX1BYgc3E0U2bvP5G9FdiFh1qGwEMFpMs38BCM6JSiv8tEusWw9OwvFxSTybzpkdYypr5mQ&__tn__=H-R,0,0,0,0,0,0,0,0,0,0,
Melisa Ibarra,https://www.facebook.com/melisa.ibarrarosario.5,2025-07-23,,no,58316,0,2025-07-21,post,https://www.facebook.com/share/p/1CbZ9sLzry/,5,13,99,81,4,13,1,0,0,0," Hay 300 presos políticos por liberar entre ellos a militares y policías.
Que vuelva la democracia "
Melisa Ibarra,https://www.facebook.com/melisa.ibarrarosario.5,2025-07-23,,no,58316,0,2025-07-21,post,https://www.facebook.com/share/p/1Ad4SeWAfL/,4,10,84,62,5,16,0,0,0,1,"Es con Kiko, kinkin, Tuto, Tutín"
Melisa Ibarra,https://www.facebook.com/melisa.ibarrarosario.5,2025-07-23,,no,58316,0,2025-07-21,reel,/reel/1378358219903433/?s=single_unit&__cft__[0]=AZXpmA7U9gYmPVLTNa5OfYhzVU1RLeGgVV5i0ZHZV_8vXtrKnUTtDWohFaix3K6yVW-OhBx-yJVqTOSJcqNffD3jyontH-ifefEdVwb6jmgu2dFq2mX_jo2vzs3iUa2l_-4iwlHroN29xbFDb-Qnf7-6Bs_SfVyDMWX6Z4CuaKFT2T2hlFQeSLl3CqHdZzHSy4E&__tn__=H-R,0,0,0,0,0,0,0,0,0,0,
Melisa Ibarra,https://www.facebook.com/melisa.ibarrarosario.5,2025-07-23,,no,58316,0,2025-07-21,reel,/reel/1927597914709908/?s=single_unit&__cft__[0]=AZXpiNxuyYZGczTXQTdHbSI5Mry9CkNMYmz_Ap-ctuU14HkoSI9cXNggQvmWdtFKK9Qpqrz1QWk8DN45KhlrVkurjF8QaJ--6Mve84hTe727lCORC55Tq3MfTknaxxgCllQsKfz7KpEAfYSGmJIYR34aM01Tq4iculhfr5iZS_vim3tgJ6aCENl-ymKyvyzz5Sw&__tn__=H-R,0,0,0,0,0,0,0,0,0,0,
Melisa Ibarra,https://www.facebook.com/melisa.ibarrarosario.5,2025-07-23,,no,58316,0,2025-07-21,reel,/reel/30540450985603015/?s=single_unit&__cft__[0]=AZUvjQvKJff09HD0yu18W_YlJSeAkaSKtn-o2-bqdGodO9c58ob3lzKGbI5AL0lq7KkOWNUeFis-TCXCOeddZkPO9MU56G-uKemmKLPVe7UhHRq6ICKSbhJg9VuLNWImmLbV9hr5mYGeJFl5_0Nf-JD1HKHYL1qqMf6J36Bqnz25_UvvUtUVA0hlW1td0Ahkkzw&__tn__=H-R,0,0,0,0,0,0,0,0,0,0,
Melisa Ibarra,https://www.facebook.com/melisa.ibarrarosario.5,2025-07-23,,no,58316,0,2025-07-21,post,2025-07-21,0,0,0,0,0,0,0,0,0,0,
Melisa Ibarra,https://www.facebook.com/melisa.ibarrarosario.5,2025-07-23,,no,58316,0,2025-07-21,post,https://www.facebook.com/share/p/172nb7nfM9/,2,8,48,34,1,13,0,0,0,0,
Melisa Ibarra,https://www.facebook.com/melisa.ibarrarosario.5,2025-07-23,,no,58316,0,2025-07-22,post,https://www.facebook.com/share/p/1K91xuoeWW/,8,50,42,42,0,0,0,0,0,0," Para los que dicen:
1) ""El verdadero enemigo es el MAS""
2) ""Estás quemándote tú"", ellos se abrazarán al final. 
El número 1) como slogan es hermoso, trabajé un tiempo en ello, lo comparto, pero la realidad es otra: … Ver más"
Melisa Ibarra,https://www.facebook.com/melisa.ibarrarosario.5,2025-07-23,,no,58316,0,2025-07-22,post,https://www.facebook.com/share/p/1Axs8eRLZ5/,1,0,5,3,2,0,0,0,0,0,
Melisa Ibarra,https://www.facebook.com/melisa.ibarrarosario.5,2025-07-23,,no,58316,0,2025-07-22,post,https://www.facebook.com/share/p/1Aui4D78xr/,10,12,78,61,7,10,0,0,0,0, Lo hará Tuto.
Melisa Ibarra,https://www.facebook.com/melisa.ibarrarosario.5,2025-07-23,,no,58316,0,2025-07-22,reel,/reel/1038940351744206/?s=single_unit&__cft__[0]=AZU55j5ieLFcGLhmrLDKqj-oCcpOrRErnSb2OlORhp08_30PV6_lfd6aZd3Fiy-UkvgYKo0pKBArFZaImj3vZGAQ54e8r4KJiiN-YgfmGbQ0x0_uPhdQxXRPx-5ZsYiorMJyGYdAekQYizsxtjs_UMOpZkKB5wd-SFWTzge60juEqUPsXxexbcCoDNasJLenl5k&__tn__=H-R,0,0,0,0,0,0,0,0,0,0,
Melisa Ibarra,https://www.facebook.com/melisa.ibarrarosario.5,2025-07-23,,no,58316,0,2025-07-22,post,https://www.facebook.com/share/p/16zc7oHVrC/,5,22,94,75,2,16,0,0,1,0,"  QUE RENUNCIE MANFRED 
A Manfred Reyes Villa 
le queda una opción:
Declinar su candidatura. … Ver más"
Melisa Ibarra,https://www.facebook.com/melisa.ibarrarosario.5,2025-07-23,,no,58316,0,2025-07-22,post,https://www.facebook.com/share/p/16m9fWyn95/,1,7,17,12,1,2,2,0,0,0,Libérenla !
Melisa Ibarra,https://www.facebook.com/melisa.ibarrarosario.5,2025-07-23,,no,58316,0,2025-07-22,post,https://www.facebook.com/share/p/16Y7sByQg8/,3,26,74,57,0,16,0,1,0,0,"Silencien a Marcelo Claure por favor!
No digas nada, basta de arruinarnos. No tienes el mínimo olfato político, nos vas a perjudicar. 
Por lo menos no te refieras al MAS ni a ninguno de sus candidatos que puedes traernos un efecto contrario. 
Sigue con tus escándalos si quieres pero no te refieras a los azules "
Melisa Ibarra,https://www.facebook.com/melisa.ibarrarosario.5,2025-07-23,,no,58316,0,2025-07-22,post,https://www.facebook.com/share/p/1F9VfrYjAB/,39,4,17,3,0,3,0,10,1,0,Por lo cual necesitamos un presidente con pantalones dispuesto a combatir el narcotráfico.
Melisa Ibarra,https://www.facebook.com/melisa.ibarrarosario.5,2025-07-23,,no,58316,0,2025-07-22,post,https://www.facebook.com/share/p/1Fgm9ew4tc/,2,7,16,13,0,3,0,0,0,0,"Opinión 
¿quién ganó el debate presidencial?
BOLIVIA YA NO QUIERE CUENTOS, NI MESÍAS, 
NI SLOGANS VACÍOS
Romer F Villarroel.… Ver más"
Melisa Ibarra,https://www.facebook.com/melisa.ibarrarosario.5,2025-07-23,,no,58316,0,2025-07-22,post,https://www.facebook.com/share/p/16X8GjdcKj/,16,24,52,26,1,24,0,0,1,0,"SOCIALISMO LIBERAL ?
Seamos serios por favor y no jueguen con nuestra inteligencia. 
La desesperación está acabando con su coherencia. 
Dunn fue claro: entrego mi propuesta a candidatos NO SOCIALISTAS, eso no incluye a UN puesto que su propuesta está ligado al centralismo, a los bonos y a más ministerios como lo anunció en la CAO y en la entrevista con el Deber. … Ver más"
Melisa Ibarra,https://www.facebook.com/melisa.ibarrarosario.5,2025-07-23,,no,58316,0,2025-07-22,post,https://www.facebook.com/share/p/197Npustb2/,6,28,78,68,1,9,0,0,0,0," La única forma de sacar al Socialismo es sin más SOCIALISMO.
Simple."
Melisa Ibarra,https://www.facebook.com/melisa.ibarrarosario.5,2025-07-23,,no,58316,0,2025-07-22,post,https://www.facebook.com/share/p/19Pzsb6Tui/,1,10,23,15,0,8,0,0,0,0,"Agustín Zambrana en el Comité Pro Santa Cruz 
Con carajxs no lograremos nada estimado Agustín. Aquí se requiere ser realista y valiente. 
1) Cada vez hay más errores políticos y escándalos por parte de un candidato que raya en la inmoralidad y en lo mitómano.  … Ver más"
Melisa Ibarra,https://www.facebook.com/melisa.ibarrarosario.5,2025-07-23,,no,58316,0,2025-07-22,post,https://www.facebook.com/share/p/16sUbyZG8G/,0,7,10,5,0,5,0,0,0,0,"Por Dainika- Boliviano silencioso
""¡Atención, votantes indecisos! Hoy no venimos con encuestas compradas ni con jingles pegajosos. Hoy venimos con lo que a la gente le encanta: el chisme político con sustancia, las verdades que todos conocen pero que los medios callan, y que nosotros, como buenos ciudadanos hastiados de tanto show, nos animamos a contar.
Porque si de elegir se trata… ¡por lo menos que elijan al que tiene menos mugre… Ver más"
Melisa Ibarra,https://www.facebook.com/melisa.ibarrarosario.5,2025-07-23,,no,58316,0,2025-07-22,post,https://www.facebook.com/share/p/1Fah8Pzyot/,3,1,18,15,0,3,0,0,0,0,"Gracias Fabio Bascopé por tu TEMPLANZA Y VALENTÍA
Siendo un ex preso político de la dictadura te atreves a tomar partido mientras otros tiemblan detrás de su teléfono. 
Me encanta la gente con huevos y ovarios que comprende el momento histórico que estamos viviendo:… Ver más"
Melisa Ibarra,https://www.facebook.com/melisa.ibarrarosario.5,2025-07-23,,no,58316,0,2025-07-22,post,https://www.facebook.com/share/p/1BauhUW5Ne/,1,0,3,1,0,0,2,0,0,0,
Melisa Ibarra,https://www.facebook.com/melisa.ibarrarosario.5,2025-07-23,,no,58316,0,2025-07-22,post,https://www.facebook.com/share/p/15AC7mLbBH/,0,0,3,1,0,0,2,0,0,0,
Melisa Ibarra,https://www.facebook.com/melisa.ibarrarosario.5,2025-07-23,,no,58316,0,2025-07-22,post,https://www.facebook.com/share/p/16qqiR1N27/,3,0,18,15,0,3,0,0,0,0,
Melisa Ibarra,https://www.facebook.com/melisa.ibarrarosario.5,2025-07-23,,no,58316,0,2025-07-22,post,https://www.facebook.com/share/p/1C7UEsTruC/,0,0,3,2,1,0,0,0,0,0,
Melisa Ibarra,https://www.facebook.com/melisa.ibarrarosario.5,2025-07-23,,no,58316,0,2025-07-22,post,https://www.facebook.com/share/p/1CMznjHnMn/,1,16,52,40,0,10,0,1,1,0,
Melisa Ibarra,https://www.facebook.com/melisa.ibarrarosario.5,2025-07-30,,no,58316,0,2025-07-25,post,https://www.facebook.com/share/p/1UoQRKsRpD/,62,56,123,95,8,18,0,0,0,2,"  EVO NO ES PRESIDENTE GRACIAS A TUTO. 
(En facilito)
 Camacho, Pumari y Bolivia derrotaron a Evo.
 La policía se acuarteló. 
 M… Ver más"
Melisa Ibarra,https://www.facebook.com/melisa.ibarrarosario.5,2025-07-30,,no,58316,0,2025-07-25,post,https://www.facebook.com/share/p/17JHMkhffb/,6,6,56,42,9,5,0,0,0,0," Eso Gary Añez !!! 
Vamos con todo y con Tuto "
Melisa Ibarra,https://www.facebook.com/melisa.ibarrarosario.5,2025-07-30,,no,58316,0,2025-07-25,post,https://www.facebook.com/share/v/1CSDghJQuZ/,15,50,155,111,16,21,0,2,2,3," 3 razones para elegir al -único candidato-  desde lo real y no desde lo abstracto. 
1) Que sea el que menos errores políticos haya tenido en todo este proceso electoral. 
2) El que haya tenido la menor cantidad de escándalos políticos.  
3) El que tiene mayor coherencia ideológica y el que haya mentido menos, repito el que vaya mentido menos. 
… Ver más"
Melisa Ibarra,https://www.facebook.com/melisa.ibarrarosario.5,2025-07-30,,no,58316,0,2025-07-25,post,https://www.facebook.com/share/p/1CYXZ3T2VV/,0,0,5,1,4,0,0,0,0,0,
Melisa Ibarra,https://www.facebook.com/melisa.ibarrarosario.5,2025-07-30,,no,58316,0,2025-07-25,post,https://www.facebook.com/share/p/1B8KABBnAa/,0,2,14,14,0,0,0,0,0,0,"Por quien se inclina ROBACUSI, por ahí no es. 
A quién le da más palo ROBACUSI, ahí es. "
Melisa Ibarra,https://www.facebook.com/melisa.ibarrarosario.5,2025-07-30,,no,58316,0,2025-07-25,post,https://www.facebook.com/share/p/1EDVJ1gGZq/,28,47,508,364,75,60,1,3,1,4," Destino? Coincidencia? Azar? Aletoriedad ? Señales ? 
Es por la derecha, #EsConTuto"
Melisa Ibarra,https://www.facebook.com/melisa.ibarrarosario.5,2025-07-30,,no,58316,0,2025-07-26,post,https://www.facebook.com/share/p/1CuEiWhPFq/,27,47,318,266,12,39,0,0,0,1," Desde que Marco Pumari, semanas atrás señaló que el próximo presidente de Bolivia será -el que menos se equivoque-, sabía que se refería al ing. Jorge Quiroga. 
Qué diferencia entre Pumari y Camacho, quién diría no? 
El que lo filmó y le tendió una trampa apoya al candidato socialista y Pumari al de derecha democrática.  
El potosino muy de valores, escrúpulos, principios y sentido común a todo nivel.
L… Ver más"
Melisa Ibarra,https://www.facebook.com/melisa.ibarrarosario.5,2025-07-30,,no,58316,0,2025-07-26,post,https://www.facebook.com/share/p/19AXEJ3gdB/,8,16,48,33,1,14,0,0,0,0,"Que manera de levantar polvo Marcelo Claure. A más posts, más repercusiones, más viralización 
.
Por Capiguara Libertaria. 
Claure dice que es libertario, pero...… Ver más"
Melisa Ibarra,https://www.facebook.com/melisa.ibarrarosario.5,2025-07-30,,no,58316,0,2025-07-26,post,https://www.facebook.com/share/p/19XmDmtxkY/,10,6,96,84,8,2,0,0,0,2,
Melisa Ibarra,https://www.facebook.com/melisa.ibarrarosario.5,2025-07-30,,no,58316,0,2025-07-26,post,https://www.facebook.com/share/p/1JBsfyFs23/,3,10,51,38,5,6,1,0,1,0,Libertad para Jeanine y todos los presos políticos!
Melisa Ibarra,https://www.facebook.com/melisa.ibarrarosario.5,2025-07-30,,no,58316,0,2025-07-26,post,https://www.facebook.com/share/v/19H65QbEkQ/,2,20,72,46,9,15,0,1,0,1," Pregunta Socrática para lograr pensamiento crítico:
(Imaginario)
 Yo Melisa Ibarra estoy postulando para ser presidenta y mamá de la Asociación de los perritos de la calle de Bolivia. 
Logré estar el 0,7%, 1% y 2% por encima de la que me sigue, resultados de encuestas cuyo margen de error va entre el 2% y 3 %.
Yo… Ver más"
Melisa Ibarra,https://www.facebook.com/melisa.ibarrarosario.5,2025-07-30,,no,58316,0,2025-07-26,post,https://www.facebook.com/share/p/19XTHxtiv8/,0,0,7,5,0,0,2,0,0,0,Hola Koalas 
Melisa Ibarra,https://www.facebook.com/melisa.ibarrarosario.5,2025-07-30,,no,58316,0,2025-07-26,post,https://www.facebook.com/share/p/1G1TsCPmD9/,1,36,32,23,0,9,0,0,0,0," Cuál es candidato que tiene la mayor cantidad de procesos judiciales del MAS?.
Ahí es."
Melisa Ibarra,https://www.facebook.com/melisa.ibarrarosario.5,2025-07-30,,no,58316,0,2025-07-26,post,https://www.facebook.com/share/p/14F65Z99vTd/,4,4,58,48,4,6,0,0,0,0,"Tuto aplicará:
* La de- construcción del zurdaje en los colegios. 
* Es decir, el des adoctrinamiento, la des cubanización.
* Se acabaron los dioses marxistas en el sistema educativo, se acabó el -Evito pedofilito- como el vergonzoso ""modelo de valores"". … Ver más"
Melisa Ibarra,https://www.facebook.com/melisa.ibarrarosario.5,2025-07-30,,no,58316,0,2025-07-26,post,https://www.facebook.com/share/p/1EX3NRkKXQ/,2,0,5,2,0,3,0,0,0,0,"No creas NADA de lo que te dicen los Tutistas, date un tiempo y escúchalo tú mismo.
Que NADIE te la charle, que nadie sobrepase tu inteligencia ni manipule tu instinto."
Melisa Ibarra,https://www.facebook.com/melisa.ibarrarosario.5,2025-07-30,,no,58316,0,2025-07-26,post,https://www.facebook.com/share/p/1E2zGkHE1x/,0,0,2,2,0,0,0,0,0,0,
Melisa Ibarra,https://www.facebook.com/melisa.ibarrarosario.5,2025-07-30,,no,58316,0,2025-07-27,post,https://www.facebook.com/share/p/1CgFtxSx2P/,12,45,171,110,17,43,0,1,0,0," Qué diferencia un CEO empresarial de un CEO político ?
 Que el CEO político sabe que no es el manda más, que los gobernados no son sus empleados, que no tiene la última palabra. 
 Un CEO político es conciente que debe operar en un entorno de constante negociación, crítica, tensión, divergencias y consenso. 
 … Ver más"
Melisa Ibarra,https://www.facebook.com/melisa.ibarrarosario.5,2025-07-30,,no,58316,0,2025-07-27,post,https://www.facebook.com/share/p/1AgzKCAK8D/,9,29,73,55,1,13,1,3,0,0,"Efecto Claure. 
Y después dicen que les hacen guerra sucia cuando ellos mismos se hacen guerra sucia 
. Un desastre, error tras error, cero tacto."
Melisa Ibarra,https://www.facebook.com/melisa.ibarrarosario.5,2025-07-30,,no,58316,0,2025-07-27,post,https://www.facebook.com/share/p/1CUPsMPJ3g/,0,0,8,8,0,0,0,0,0,0,
Melisa Ibarra,https://www.facebook.com/melisa.ibarrarosario.5,2025-07-30,,no,58316,0,2025-07-27,post,https://www.facebook.com/share/p/174GJXMni6/,0,0,0,0,0,0,0,0,0,0,"Para las solas y solos. 
Somos millones, recuérdalo 
.
El primer video es simplemente genial."
Melisa Ibarra,https://www.facebook.com/melisa.ibarrarosario.5,2025-07-30,,no,58316,0,2025-07-27,post,https://www.facebook.com/share/p/1CdL27wJ7P/,41,69,292,223,46,21,0,0,0,2,"PUMARI SÍ LA VÍO
""Marco Pumari, el líder que junto a su homónimo cruceño, LF Camacho, lideró el paro que terminó con la renuncia de Evo Morales, ha tomado la decisión de apoyar a Tuto Quiroga. Pumari ""la vio"", me dijo un amigo, al comentarme la noticia. 
¿Qué vio Pumari desde su secuestro que LF Camacho no pudo ver desde su también injusto encierro? La respuesta es más simple: Marco Antonio Pumari sabe que un nuevo gobierno que no solucione la brutal crisis será presa fácil… Ver más"
Melisa Ibarra,https://www.facebook.com/melisa.ibarrarosario.5,2025-07-30,,no,58316,0,2025-07-27,post,https://www.facebook.com/share/p/1JEfm3csCk/,10,34,63,51,8,3,0,0,0,1,"Por Orlando Pacheco 
""Durante más de dos décadas, el régimen masista ha degradado el sistema judicial boliviano, convirtiéndolo en un instrumento de represión política. La justicia, en lugar de ser garante del Estado de derecho, ha sido pervertida para silenciar disidencias, encarcelar adversarios y perpetuar una narrativa de poder basada en el miedo y la manipulación. Casos emblemáticos como los de Luis Fernando Camacho, Marco Pumari, la expresidenta Jeanine Añez, y decenas… Ver más"
Melisa Ibarra,https://www.facebook.com/melisa.ibarrarosario.5,2025-07-30,,no,58316,0,2025-07-27,post,https://www.facebook.com/share/p/1A4FEuAakL/,48,72,390,282,42,60,0,2,1,3,"  EVO NO ES PRESIDENTE GRACIAS A TUTO. 
Historia mata campaña sucia.
(En facilito)
 Camacho, Pumari y Bolivia derrotaron a Evo.
 … Ver más"
Melisa Ibarra,https://www.facebook.com/melisa.ibarrarosario.5,2025-07-30,,no,58316,0,2025-07-27,post,https://www.facebook.com/share/p/1EhXRAgB28/,16,19,89,73,6,10,0,0,0,0," TUTO TIENE HONESTIDAD IDEOLOGICA E  INTELECTUAL 
 Tuto no es vicepresidente de la Internacional Socialista, los socios de Maduro.  No propone una ""Derecha Socialista"" para ganar o recuperar votos. 
 No cambia de ideología. Es derecha democrática seducido por el Liberalismo. 
 No… Ver más"
Melisa Ibarra,https://www.facebook.com/melisa.ibarrarosario.5,2025-07-30,,no,58316,0,2025-07-27,post,https://www.facebook.com/share/p/16tQ2U4mUr/,2,0,17,14,0,2,0,1,0,0,"Samuel no deja de hacerse guerra sucia 
.  Es una tras otra "
Melisa Ibarra,https://www.facebook.com/melisa.ibarrarosario.5,2025-07-30,,no,58316,0,2025-07-28,post,https://www.facebook.com/share/p/16jhzkDbR3/,4,33,48,41,4,3,0,0,0,0,"Por Dainika, Boliviano Silencioso
""Anoche UNITEL organizó lo que algunos ingenuos todavía llaman debate vicepresidencial. Un evento que prometía luces, ideas y propuestas… y nos entregó más silencios incómodos, ataques reciclados y sonrisas falsas que un bingo político en domingo. Pero ojo, no todo fue tan predecible: hubo un detalle que incomodó a varios, sobre todo a quienes llegaron al set creyéndose dueños del escenario.
Los candidatos se acomodaron de izquierda a derec… Ver más"
Melisa Ibarra,https://www.facebook.com/melisa.ibarrarosario.5,2025-07-30,,no,58316,0,2025-07-28,post,https://www.facebook.com/share/p/1CjRHtYjVr/,5,126,264,155,9,100,0,0,0,0," Prefiero a un inexperto que adquirirá experiencia a quienes negociaron Litio, a quienes niegan a Añez y a listas negras."
Melisa Ibarra,https://www.facebook.com/melisa.ibarrarosario.5,2025-07-30,,no,58316,0,2025-07-28,post,https://www.facebook.com/share/p/19MBGmiKLt/,0,0,8,6,0,2,0,0,0,0,
Melisa Ibarra,https://www.facebook.com/melisa.ibarrarosario.5,2025-07-30,,no,58316,0,2025-07-28,post,https://www.facebook.com/share/p/1Ax1vaqFim/,1,0,12,10,0,2,0,0,0,0,
Melisa Ibarra,https://www.facebook.com/melisa.ibarrarosario.5,2025-07-30,,no,58316,0,2025-07-28,post,https://www.facebook.com/share/p/1EcaBqQ1Qd/,0,0,7,6,0,1,0,0,0,0,
Melisa Ibarra,https://www.facebook.com/melisa.ibarrarosario.5,2025-07-30,,no,58316,0,2025-07-28,post,https://www.facebook.com/share/p/1MxkY4KBGD/,0,0,11,7,1,3,0,0,0,0,
Melisa Ibarra,https://www.facebook.com/melisa.ibarrarosario.5,2025-07-30,,no,58316,0,2025-07-28,post,https://www.facebook.com/share/p/16cJpM2z6s/,0,3,23,14,0,9,0,0,0,0,
Melisa Ibarra,https://www.facebook.com/melisa.ibarrarosario.5,2025-07-30,,no,58316,0,2025-07-28,post,https://www.facebook.com/share/p/19ZFTnWAWF/,3,52,148,84,21,39,0,1,1,2,"Miechi que JP no se dejó eh 
Bien che 
La selfie es más comentada sin duda. 
Gol JP "
Melisa Ibarra,https://www.facebook.com/melisa.ibarrarosario.5,2025-07-30,,no,58316,0,2025-07-28,post,https://www.facebook.com/share/p/19wnmnkgHp/,0,0,3,3,0,0,0,0,0,0,
Melisa Ibarra,https://www.facebook.com/melisa.ibarrarosario.5,2025-07-30,,no,58316,0,2025-07-28,post,https://www.facebook.com/share/p/1B5QdwCQ8x/,4,7,34,28,1,5,0,0,0,0,
Melisa Ibarra,https://www.facebook.com/melisa.ibarrarosario.5,2025-07-30,,no,58316,0,2025-07-28,post,https://www.facebook.com/share/p/1AgNHr4eFX/,1,10,33,22,1,10,0,0,0,0,
Melisa Ibarra,https://www.facebook.com/melisa.ibarrarosario.5,2025-07-30,,no,58316,0,2025-07-28,post,https://www.facebook.com/share/p/1DyuYk7mXq/,1,2,4,4,0,0,0,0,0,0,
Melisa Ibarra,https://www.facebook.com/melisa.ibarrarosario.5,2025-07-30,,no,58316,0,2025-07-28,post,https://www.facebook.com/share/p/16LwJKp1N5/,1,13,24,18,4,2,0,0,0,0,
Melisa Ibarra,https://www.facebook.com/melisa.ibarrarosario.5,2025-07-30,,no,58316,0,2025-07-28,post,https://www.facebook.com/share/p/16dHQX53da/,14,115,267,147,22,97,0,0,0,1," Al final, Socialistas y no socialistas con la ""L"" de Libre 
Basta por favor."
Melisa Ibarra,https://www.facebook.com/melisa.ibarrarosario.5,2025-07-30,,no,58316,0,2025-07-28,post,https://www.facebook.com/share/p/1G1D6yrqfR/,3,18,61,44,1,16,0,0,0,0," Palabra registrada. 
Shirley Franco, una de las mejores mujeres políticas del país se inclina por la inteligencia y coherencia de Tuto "
Melisa Ibarra,https://www.facebook.com/melisa.ibarrarosario.5,2025-07-30,,no,58316,0,2025-07-28,post,https://www.facebook.com/share/p/1BEUHYmYdQ/,2,13,43,23,0,20,0,0,0,0,
Melisa Ibarra,https://www.facebook.com/melisa.ibarrarosario.5,2025-07-30,,no,58316,0,2025-07-28,post,https://www.facebook.com/share/p/176FogzQKo/,1,0,4,4,0,0,0,0,0,0,
Melisa Ibarra,https://www.facebook.com/melisa.ibarrarosario.5,2025-07-30,,no,58316,0,2025-07-28,post,https://www.facebook.com/share/p/1CcKuSRBH7/,3,5,14,8,0,4,0,2,0,0,
Melisa Ibarra,https://www.facebook.com/melisa.ibarrarosario.5,2025-07-30,,no,58316,0,2025-07-28,post,https://www.facebook.com/share/p/16jWzK5eUn/,0,3,6,6,0,0,0,0,0,0,
Melisa Ibarra,https://www.facebook.com/melisa.ibarrarosario.5,2025-07-30,,no,58316,0,2025-07-28,post,https://www.facebook.com/share/p/16qWefBC3p/,0,6,19,0,0,0,0,0,0,0,
Melisa Ibarra,https://www.facebook.com/melisa.ibarrarosario.5,2025-07-30,,no,58316,0,2025-07-28,post,https://www.facebook.com/share/p/19U6MBsVFJ/,45,74,350,282,48,19,0,1,0,0," Con Tuto vuelve la DEA. 
Tiemblen narcos y amiguis de narcos. 
Es con Tuto, es con huevos "
Melisa Ibarra,https://www.facebook.com/melisa.ibarrarosario.5,2025-07-30,,no,58316,0,2025-07-28,post,https://www.facebook.com/share/p/19JNq9riMJ/,4,35,93,81,2,10,0,0,0,0,"Sí señor  
 Es con huevos, es con Tuto"
Melisa Ibarra,https://www.facebook.com/melisa.ibarrarosario.5,2025-07-30,,no,58316,0,2025-07-29,post,https://www.facebook.com/share/p/15j9XqKrQR/,2,0,8,0,0,0,0,0,0,0,
Melisa Ibarra,https://www.facebook.com/melisa.ibarrarosario.5,2025-07-30,,no,58316,0,2025-07-29,post,https://www.facebook.com/share/p/197WJ5NJuv/,11,4,30,6,0,0,0,4,20,0,Denuncia
Melisa Ibarra,https://www.facebook.com/melisa.ibarrarosario.5,2025-07-30,,no,58316,0,2025-07-29,post,https://www.facebook.com/share/p/1AhsdLcJwm/,1,0,6,3,0,0,0,3,0,0,Extraordinario! 
Melisa Ibarra,https://www.facebook.com/melisa.ibarrarosario.5,2025-07-30,,no,58316,0,2025-07-29,post,https://www.facebook.com/share/p/1VcbTsakav/,4,0,4,1,0,3,0,0,0,0,
Melisa Ibarra,https://www.facebook.com/melisa.ibarrarosario.5,2025-07-30,,no,58316,0,2025-07-29,post,https://www.facebook.com/share/p/1EECwQCeCe/,1,1,2,2,0,0,0,0,0,0,
Melisa Ibarra,https://www.facebook.com/melisa.ibarrarosario.5,2025-07-30,,no,58316,0,2025-07-29,post,https://www.facebook.com/share/p/19WHxgARTu/,21,17,198,0,0,0,0,0,0,0, Sí señor
Melisa Ibarra,https://www.facebook.com/melisa.ibarrarosario.5,2025-07-30,,no,58316,0,2025-07-29,post,https://www.facebook.com/share/p/19uWTTE3sS/,4,9,77,59,7,11,0,0,0,0," Industrializar el Litio, NO NEGOCIARLOS en almuerzos bufette a espaldas de Bolivia."
Melisa Ibarra,https://www.facebook.com/melisa.ibarrarosario.5,2025-07-30,,no,58316,0,2025-07-29,post,https://www.facebook.com/share/p/17K8nZxXgo/,9,0,21,19,0,2,0,0,0,0,"Más que ""país fallido"" es un gobierno fallido con consecuencias fallidas, lo cual dejó un país fallido, es lo mismo. 
Innecesario debate. 
Les recuerdo que Evo Morales preparó la incursión del Narco Socialismo en Perú hace dos años. 
Instaló sus oficinas en Puno y Arequipa. Operó su gente junto a cubanos y venezolanos serviles a los régimenes criminales.… Ver más"
Melisa Ibarra,https://www.facebook.com/melisa.ibarrarosario.5,2025-07-30,,no,58316,0,2025-07-30,post,2025-07-30,0,0,0,0,0,0,0,0,0,0,"Se acuerdan de la selfie de un funcionario de la corte electoral de Venezuela donde se evidenció que Maduro estaba perdiendo y luego se lo declaró victorioso? 
Bueno pues, así opera el narco Socialismo. 
Dejar de subestimar a la mafia"
Melisa Ibarra,https://www.facebook.com/melisa.ibarrarosario.5,2025-07-30,,no,58316,0,2025-07-30,post,https://www.facebook.com/share/p/16h8hkFoAe/,0,0,1,1,0,0,0,0,0,0,"EL AMOR DE MI VIDA
Llegó sucio, herido,
con la mirada rota y el alma colgando de un hilo.
No sabía jugar,… Ver más"
Melisa Ibarra,https://www.facebook.com/melisa.ibarrarosario.5,2025-07-30,,no,58316,0,2025-07-30,post,https://www.facebook.com/share/p/1MJFhH8fE2/,1,1,7,7,0,0,0,0,0,0,
