nombre perfil,url perfil,candidato identificado,creación del perfil,seguidores,seguidos,fecha post,tipo de post,url post,comparticiones,comentarios,reacciones en total,me gusta,me encanta,me divierte,me entristece,me sorprende,me enoja,me importa,contenido
María Patricia Arce,https://www.facebook.com/PatriciaArceSitioOficial,no,2020-03-24,32000,17,2025-06-18,post,https://www.facebook.com/share/v/19FTEgeW82/,6,10,59,47,3,8,0,1,0,0,"En la sesión ordinaria 141 de la Cámara de Senadores, manifesté mi más enérgico repudio ante el uso político y arbitrario del sistema de justicia en nuestro país. La ju… Ver más"
María Patricia Arce,https://www.facebook.com/PatriciaArceSitioOficial,no,2020-03-24,32000,17,2025-06-19,post,https://www.facebook.com/share/v/1BoFxonhPR/,2,5,13,10,1,2,0,0,0,0,"En la 141° Sesión Ordinaria, la Cámara de Senadores aprobó importantes normas en beneficio del pueblo boliviano: declaramos Patrimonio Cultural e Inmaterial la festivid… Ver más"
María Patricia Arce,https://www.facebook.com/PatriciaArceSitioOficial,no,2020-03-24,32000,17,2025-06-20,post,https://www.facebook.com/share/v/1DvRtRXSjD/,1,0,29,22,6,1,0,0,0,0,"Con mucha fe, alegría y devoción, he cumplido mi primera promesa rumbo a la Festividad de la Virgen de Urkupiña. … Ver más"
María Patricia Arce,https://www.facebook.com/PatriciaArceSitioOficial,no,2020-03-24,32000,17,2025-06-21,post,https://www.facebook.com/share/p/1BqgcdZdJS/,0,0,15,14,1,0,0,0,0,0,"Jallalla Bolivia.
En este Año Nuevo Andino, Amazónico y del Chaco 5533, saludo con profundo respeto y esperanza a toda las familias bolivianas. Que el regreso del Sol r… Ver más"
