name,posts publicados,seguidores,siguiendo,comentarios obtenidos,posts compartidos,me gusta,me encanta,me divierte,me entristece,me enoja,me sorprende,me importa,reacciones en total,candidato identificado,url del perfil,creación de perfil
Miguel Calderon,37,915,2200,1,7,69,3,2,0,0,0,0,94,no,https://www.facebook.com/miguel.calderongalindo,2025-06-03
Andrea Cabrera Zambrana ,36,12000,1500,51,122,373,40,221,10,17,1,3,665,no,https://www.facebook.com/andrea.cabrera.1023611,2025-06-01
Cinthia Guidi,31,7600,0,31,1463,2319,132,91,4,84,37,7,3914,no,https://www.facebook.com/profile.php?id=100089615726605,2025-06-02
Rolando Schrupp,30,10000,1900,221,356,1478,87,588,10,4,14,7,2188,no,https://www.facebook.com/RolandoSchrupp,2025-06-02
MARILU EUGENIA RAMOS MAMANI,29,0,0,0,0,1,1,1,0,0,0,0,3,sí,https://www.facebook.com/maria.eugenia.ramos.mamani.2025,2025-05-27
Jaime Dunn - Santa Cruz,29,3800,171,309,1071,4351,291,34,7,15,6,27,4954,no,https://www.facebook.com/ActivismoLibertario,2025-05-27
ROSA TATIANA AÑEZ CARRASCO,26,4200,0,32,149,477,41,4,0,4,8,5,539,sí,https://www.facebook.com/tatiana.anez.92,2025-05-28
CAROLINA ALIZON CHINO NICOLAS,24,6600,0,36,558,1031,8,3,2,0,2,1,1047,sí,https://www.facebook.com/carolinaalizon.chinonicolas/,2025-05-27
Coordinadora de la Mujer - Observatorio de Género BO,22,22000,190,172,303,328,78,1,0,0,0,6,454,no,https://www.facebook.com/CoordinadoraBO,2025-05-19
Batalla Cultural.Bo,21,13000,0,794,4946,12003,176,25,9,34,9,15,12332,no,https://www.facebook.com/profile.php?id=61574943372897,2025-05-29
PAULA PAXI SUXO,21,2300,265,0,17,74,2,7,0,1,0,0,84,sí,https://www.facebook.com/profile.php?id=100076489905888,2025-05-30
Lilibeth Coimbra ,20,63000,0,540,442,1423,166,981,276,116,47,16,3025,no,https://www.facebook.com/LilibethCoimbra1,2025-05-27
PATRICIA MAGIN ARANCIBIA IBAÑEZ,19,2900,506,147,383,950,143,0,0,0,0,13,1180,sí,https://www.facebook.com/patriciamagin.arancibiaibanez,2025-05-28
MARIA ESTHER GONGORA MIRANDA,19,1400,0,3,13,65,5,1,0,0,0,1,72,sí,https://www.facebook.com/mariaestherasambleista,2025-05-27
SILVIA MOLLER CHOQUE,18,0,0,4,2,45,1,0,0,0,0,0,46,sí,https://www.facebook.com/silvia.mollerchoque,2025-05-27
Rubi Garcia,17,15000,0,89,159,282,17,12,1,31,25,5,420,no,https://www.facebook.com/rubi.garcia.360686/,2025-05-27
EVA LUZ HUMEREZ ALVEZ,16,6000,3500,7,10,98,42,30,0,0,1,2,176,sí,https://www.facebook.com/eva.luz.humerez/,2025-05-28
Roxana Pérez,16,19000,268,181,52,316,55,100,3,8,3,8,558,no,https://www.facebook.com/RoxanaPerezDelCastillo,2025-05-19
VALENTINA VERONICA LLANOS BARRON,16,1100,461,0,2,13,7,0,0,0,0,0,20,sí,https://www.facebook.com/valentinaveronica.llanosbarron.3/,2025-05-28
ERICKA CHAVEZ AGUILERA,15,649,59,97,65,317,62,0,0,0,0,20,488,sí,https://www.facebook.com/erickachavezc45,2025-05-28
Maria Galindo,15,238000,0,136,145,933,217,74,0,3,2,19,1533,no,https://www.facebook.com/profile.php?id=100008591051800,2025-05-28
MARIA BERTHA GUTIERREZ MENDOZA,15,0,0,32,48,230,22,4,0,3,3,3,265,sí,https://www.facebook.com/mariabertha.gutierrezmendoza,2025-06-02
Andres Ortega,14,6300,0,15,29,142,4,5,4,3,2,0,160,no,https://www.facebook.com/pensardiferente,2025-05-28
YENNY NADYA CLADERA SAENZ,14,3600,596,28,71,214,18,3,1,3,1,5,245,sí,https://www.facebook.com/yenny.claderasaenz/,2025-05-27
Silvana Mucarzel,13,9900,102,85,130,669,135,16,0,1,1,6,828,no,https://www.facebook.com/silvanamucarzelconcejal,2025-05-19
LEINA SUELY LAVADENZ ROCA,13,0,0,1,2,6,1,0,0,0,1,0,8,no,https://www.facebook.com/leinasuely.lavadenzroca,2025-05-29
NIRVATH MARITZA VILLENA CARDOZO,13,2000,500,36,80,318,114,0,0,0,0,8,435,no,https://www.facebook.com/nirvathmaritza.villenacardozodelopez,2025-05-28
Nadia Beller,13,22000,0,91,1968,2061,566,840,14,17,25,38,3639,no,https://www.facebook.com/nadia.beller.5,2025-05-30
Roxana Duchên,12,63000,0,2301,4601,6818,1157,4184,17,35,45,94,34159,no,https://www.facebook.com/RoxanaDuchenn,2025-05-27
Sayuri Loza,12,56000,0,45,249,349,44,1643,83,0,19,10,2146,no,https://www.facebook.com/sayuri.loza,2025-05-30
SILVANA MUCARZEL DEMETRY,11,9900,102,35,58,219,38,6,0,1,0,1,450,sí,https://www.facebook.com/silvanamucarzelconcejal/,2025-06-01
Maria Rene Alvarez ,10,22000,266,30,155,399,37,2,0,45,6,1,490,no,https://www.facebook.com/MReneAlvarezScz,2025-05-15
Ciberwarmis - Mujeres ayudando a mujeres,10,11000,348,0,27,63,29,1,2,0,0,2,97,no,https://www.facebook.com/Ciberwarmis.bo,2025-05-23
Dimelza Rodriguez Quinsamolle,10,3000,18,324,453,1503,4,3,0,5,2,0,1517,no,https://www.facebook.com/profile.php?id=61570121371268,2025-05-27
Andrea Barrientos,9,20000,82,89,76,303,11,34,1,0,0,2,383,no,https://www.facebook.com/AndreaBarrientosCC,2025-05-15
MARIANA LOPEZ SAAVEDRA,9,565,0,4,0,2,2,7,0,0,0,0,13,no,https://www.facebook.com/mariana.lopezsaavedra.5,2025-05-27
Mauro Landivar ,9,32000,182,1183,3599,3488,354,321,87,188,107,26,4501,no,https://www.facebook.com/profile.php?id=61552708002190,2025-05-28
Sara Andrea,9,148000,6,666,1344,8381,12,132,45,6,5,5,9361,no,https://www.facebook.com/sarahandreabolivia,2025-05-28
AZUCENA ALEJANDRA FUERTES MAMANI,9,9700,0,16,17,159,7,6,13,0,2,2,189,sí,https://www.facebook.com/AzucenaFuertesPotosi,2025-05-29
ANDREA BRUNA BARRIENTOS SAHONERO,9,20000,82,89,76,323,13,45,1,1,0,2,385,sí,https://www.facebook.com/AndreaBarrientosCC,2025-06-01
MARIA KHALINE MORENO CARDENAS,8,20000,182,84,50,506,65,68,0,7,0,7,653,sí,https://www.facebook.com/profile.php?id=100048470096823,2025-06-02
Mamás Sororas de Bolivia ,7,13000,0,0,7,18,2,0,0,0,0,0,20,no,https://www.facebook.com/MamasSororasBolivia,2025-05-19
Sofi Rocha,6,8000,2000,43,44,248,36,40,1,15,1,6,347,no,https://www.facebook.com/sofi.rocha.12,2025-05-27
Andrea Vaca Barbery ,6,38000,49,186,250,1346,250,5,0,0,0,5,1606,no,https://www.facebook.com/andreavacabarbery,2025-05-27
Natalia Aparicio,6,7500,0,59,58,750,43,29,4,2,6,1,835,no,https://www.facebook.com/la.aparicioooo,2025-05-28
CARMEN SOLEDAD CHAPETON TANCARA,6,6000,475,69,28,111,13,0,0,0,0,0,365,sí,https://www.facebook.com/soledad.chapetontancara,2025-05-29
MARINA ISABEL CACHAMBI ALVAREZ,6,825,14,588,671,680,136,2,0,0,0,7,974,sí,https://www.facebook.com/profile.php?id=100063933884078,2025-05-27
YAMILA NUR REYES ORTEGA,5,157,9,0,5,33,4,0,0,0,0,0,37,no,https://www.facebook.com/profile.php?id=61572021665143,2025-05-29
Erika J. Rivera,5,5300,337,0,3,8,3,0,0,0,0,1,12,no,https://www.facebook.com/erikajimena.riveravargas,2025-05-28
Mueres Creando,5,63000,67,6,24,93,40,1,0,0,0,0,134,no,https://www.facebook.com/MUJERESCREANDO1,2025-05-19
CECILIA ISABEL REQUENA ZARATE,5,4500,162,0,11,45,1,0,1,0,1,5,63,sí,https://www.facebook.com/CeciliaRequenaZarate,2025-05-30
AMALIA APAZA MAMANI,5,0,0,2,9,18,0,0,0,0,0,0,18,no,https://www.facebook.com/amalia.apazamamani,2025-05-28
Feminismo Comunitario Antipatriarcal,5,35000,124,6,1503,1325,877,1,37,0,1,134,2433,no,https://www.facebook.com/feminismo.comunitario.Antipatriarcal,2025-05-19
Laura Luisa Nayar,5,39000,107,409,3189,4070,249,23,9,81,70,20,4580,no,https://www.facebook.com/luisanayars,2025-05-15
KARINA PATRICIA LIEBERS CACERES,4,310,0,205,73,580,282,2,0,0,0,28,892,sí,https://www.facebook.com/karinalc3,2025-05-27
Joshua Bellot,4,6800,1700,18,8,93,0,2,1,2,0,1,99,no,https://www.facebook.com/joshua.bellott,2025-05-28
Juventudes Liberales Bolivia ,4,2400,176,0,9,15,1,0,0,0,0,0,16,no,https://www.facebook.com/juventudliberalbolivia,2025-05-28
Carla Sandy Claure ,4,11000,0,100,8,201,79,0,0,0,1,9,290,no,https://www.facebook.com/carla.sandy.007,2025-05-28
GABRIELA MIROSLAVA GONZALES MACHICADO,4,7000,0,12,12,92,1,0,0,0,0,0,93,no,https://www.facebook.com/ggonzalesmachicado,2025-05-29
Melania Torrico,4,20000,2800,11,14,81,0,0,23,1,0,0,121,no,https://www.facebook.com/melania.pericon,2025-05-27
Susana Bejarano,4,7900,0,129,35,543,207,88,6,3,6,90,942,no,https://www.facebook.com/profile.php?id=772515640,2025-05-29
NATHALY TOVIAS CLAURE,4,5600,0,34,63,303,13,1,0,0,0,1,318,no,https://www.facebook.com/nathaly.toviasclaure,2025-06-01
LUCIANA MICHELLE CAMPERO CHAVEZ,4,11000,0,269,751,1237,215,11,40,34,3,13,1553,sí,https://www.facebook.com/lu.camperochavez,2025-06-02
Luciana Campero,4,11000,0,268,751,1232,213,11,40,34,3,12,1545,no,https://www.facebook.com/lu.camperochavez,2025-05-15
ROSS MARY BRAVO SALAZAR,3,5200,1500,0,0,5,0,0,0,0,0,0,5,sí,https://www.facebook.com/RBSVGR/,2025-05-28
Por la vida de las mujeres,3,16000,123,0,8,9,8,0,6,0,0,0,23,no,https://www.facebook.com/Porlavidadelasmujeres.Bolivia,2025-05-19
SHIRLEY MALDONADO ALVAREZ,3,0,0,45,36,215,34,7,0,0,1,0,257,sí,https://www.facebook.com/profile.php?id=61576562194155,2025-05-28
Omarth Luna,3,4700,0,3,6,48,10,1,0,0,0,0,59,no,https://www.facebook.com/OmarthLuna/,2025-05-27
Yessica Villarroel Caraballo,3,3700,0,0,0,4,0,0,0,0,0,0,4,no,https://www.facebook.com/yessica.villaroelcaraballo,2025-06-02
YESENIA YARHUI ALBINO,3,12000,234,79,390,412,21,8,1,2,1,3,448,sí,https://www.facebook.com/yarhuiyesenia,2025-05-28
ROCIO RIVERA CALLE,3,3400,2200,18,1,99,130,0,0,0,0,0,229,no,https://www.facebook.com/rocio.riveracalle,2025-05-27
Quya Reyna ,3,9300,0,450,220,787,129,358,3,1,10,8,1293,no,https://www.facebook.com/quya.reyna,2025-05-28
LORENA ANAIZ PEREZ DAVALOS,3,6900,0,2,1,10,2,2,0,0,0,0,14,sí,https://www.facebook.com/lorena.a.davalos,2025-05-27
Pan y Rosas Bolivia,2,10000,257,1,30,21,9,0,0,0,0,3,33,no,https://www.facebook.com/panyrosasdebolivia,2025-05-19
DIANA ROCIO ROSALES MAMANI,2,707,0,1,0,1,1,0,0,0,0,0,2,sí,https://www.facebook.com/diana.mamani.967,2025-05-28
GLADYS HIDALGO GALINDO,2,6100,517,4,0,31,11,0,0,0,0,1,43,no,https://www.facebook.com/gladyshidalgo.galindo,2025-05-27
NASSIA JHOSELIN SALVADOR PALACIOS,2,3900,6800,0,5,19,7,0,0,0,0,0,26,no,https://www.facebook.com/nassiasalvado,2025-06-24
Nelly Flores,2,0,0,0,0,0,0,0,0,0,0,0,0,no,https://www.facebook.com/profile.php?id=100049763891374,2025-06-02
Frente LIBRE ,1,1300,84,0,1,2,0,0,0,0,0,0,2,no,https://www.facebook.com/FrenteLiberalRepublicano,2025-06-02
CLAUDIA ALIDA SALAS TAMBARE,1,54,0,0,10,1,0,0,0,0,0,0,1,sí,https://www.facebook.com/claudiaalida.salastambare,2025-05-28
Jhanisse V. Daza,1,9323,0,1,2,15,3,0,0,0,0,1,19,no,https://www.facebook.com/jhanisse,2025-06-02
ROSARIO RANET RODRIGUEZ PERALES,1,0,0,8,4,22,0,0,0,0,0,0,22,no,https://www.facebook.com/rosario.rodriguezperales,2025-06-23
Jorge Copa,1,3800,282,0,0,0,0,0,0,0,0,0,0,no,https://www.facebook.com/jorge.copa.716,2025-05-27
DIANA PATRICIA PAPUTSAKIS BURGOS,1,5900,0,0,0,23,3,0,0,0,0,0,26,sí,https://www.facebook.com/patricia.paputsakisburgos,2025-06-02
Ana Lucía Velasco,1,2000,0,5,1,15,0,2,4,1,0,0,22,no,https://www.facebook.com/anavelascou,2025-05-29
MARCELA ORELLANA BEJARANO,1,0,0,0,0,0,0,0,0,0,0,0,0,no,https://www.facebook.com/marcela.orellanabejarano,2025-05-29
CARMEN ROSA SANDOVAL CASTRO,1,1700,0,0,0,0,0,0,0,0,0,0,0,no,https://www.facebook.com/carmenrosa.sandovalcastro,2025-06-24
Melisa Ibarra,1,58149,0,2,2,5,0,4,0,2,1,0,12,no,https://www.facebook.com/melisa.ibarrarosario.5,2025-06-11
LUCILA MENDIETA PEREZ,1,2400,111,0,0,3,0,0,0,0,0,0,3,sí,https://www.facebook.com/lucila.mendietaperez,2025-05-28
Nadia Montaño,1,13000,1900,26,13,162,31,0,0,0,0,2,195,no,https://www.facebook.com/nadiamontanortiz,2025-05-29
Carola Antezana,1,0,0,3,0,0,0,5,0,0,0,0,5,no,https://www.facebook.com/carola.a.pantoja,2025-05-29
Víctimas de Feminicidio e Infanticidio Bolivia ,1,15000,61,0,0,0,0,0,0,0,0,0,0,no,https://www.facebook.com/profile.php?id=100064532303161,2025-05-19
TOMASA YARHUI JACOME,1,2100,65,2,0,10,0,0,0,0,0,0,10,sí,https://www.facebook.com/TomasaYarhuiJ,2025-05-30
YAMELLY ROSMERY CALLE CONDORI,1,0,0,0,0,0,0,0,0,0,0,0,0,no,https://www.facebook.com/yameli.callecondori,2025-05-28
JESSICA ANNE JORDAN BURTON,1,0,0,3,0,0,0,0,17,0,0,0,17,sí,https://www.facebook.com/jessicajordanb,2025-06-01
YHISSEL MARISOL DAVALO LANCEA,1,2800,631,23,56,90,21,4,0,0,0,3,118,sí,https://www.facebook.com/nenita.savedra.7,2025-06-02
Paola Aguirre ,1,56000,21,2,3,29,0,0,0,0,0,0,29,no,https://www.facebook.com/paolaaguirremelgar,2025-05-19
ELIANA RINA ACOSTA QUISPE,1,0,0,1,0,8,1,2,0,0,0,0,11,sí,https://www.facebook.com/eliana.acosta.3150,2025-05-27
Capiguara Libertaria,1,0,0,0,0,0,0,0,0,0,0,0,0,no,https://www.facebook.com/luisita.balbian,2025-06-02
