name,posts publicados,seguidores,siguiendo,comentarios obtenidos,posts compartidos,me gusta,me encanta,me divierte,me entristece,me enoja,me sorprende,me importa,reacciones en total,candidato identificado,url del perfil,creación de perfil
Maria Galindo,444,238000,0,14489,14733,49535,10071,4910,199,1971,1749,670,117779,no,https://www.facebook.com/profile.php?id=100008591051800,2025-05-28
Nadia Beller,404,22000,0,3821,29762,27094,4919,7913,2173,2677,1576,728,81196,no,https://www.facebook.com/nadia.beller.5,2025-05-30
Sayuri Loza,338,56000,0,3178,9566,31708,8505,16704,7313,4184,1997,1034,96187,no,https://www.facebook.com/sayuri.loza,2025-05-30
Andrea Cabrera Zambrana ,312,12000,1500,506,674,2935,513,727,96,125,92,54,4750,no,https://www.facebook.com/andrea.cabrera.1023611,2025-06-01
Lilibeth Coimbra ,287,63000,0,14630,11744,46992,5902,14198,3527,1612,2168,433,91735,no,https://www.facebook.com/LilibethCoimbra1,2025-05-27
Mamás Sororas de Bolivia ,284,13000,0,930,6930,4024,700,466,395,403,91,84,8185,no,https://www.facebook.com/MamasSororasBolivia,2025-05-19
Capiguara Libertaria,262,0,0,2120,4452,12528,1790,1668,260,502,195,158,21331,no,https://www.facebook.com/luisita.balbian,2025-06-02
Coordinadora de la Mujer - Observatorio de Género BO,242,22000,190,512,2047,4650,769,35,5,4,8,62,6526,no,https://www.facebook.com/CoordinadoraBO,2025-05-19
Sara Andrea,220,148000,6,17983,24675,73606,6456,16558,1718,1009,1448,459,196368,no,https://www.facebook.com/sarahandreabolivia,2025-05-28
Roxana Duchên,216,63000,0,50298,139906,133787,17950,286966,1162,653,2075,1633,741125,no,https://www.facebook.com/RoxanaDuchenn,2025-05-27
Erika J. Rivera,205,5300,337,91,232,478,84,3,6,12,4,4,1075,no,https://www.facebook.com/erikajimena.riveravargas,2025-05-28
Jimena Antelo,204,354000,125,12357,2227,11382,1228,6859,176,1392,369,95,31981,no,https://www.facebook.com/JimenaAnteloOficial,2025-05-27
Melania Torrico,191,20000,2800,1671,420,1646,210,1460,157,258,103,24,5279,no,https://www.facebook.com/melania.pericon,2025-05-27
Cinthia Guidi,190,7600,0,178,16632,23926,900,1136,323,544,458,97,28756,no,https://www.facebook.com/profile.php?id=100089615726605,2025-06-02
Nelly Flores,168,0,0,87,20,143,13,3,0,0,1,1,184,no,https://www.facebook.com/profile.php?id=100049763891374,2025-06-02
ROSA TATIANA AÑEZ CARRASCO,165,4200,0,171,810,2476,332,15,8,4,9,23,3111,sí,https://www.facebook.com/tatiana.anez.92,2025-05-28
Susana Bejarano,161,7900,0,4620,2250,7272,900,903,629,307,418,264,18820,no,https://www.facebook.com/profile.php?id=772515640,2025-05-29
Quya Reyna ,145,9300,0,6692,9827,11538,2867,2863,292,393,247,367,37704,no,https://www.facebook.com/quya.reyna,2025-05-28
EVA LUZ HUMEREZ ALVEZ,133,6000,3500,179,85,1109,527,102,38,15,4,29,1962,sí,https://www.facebook.com/eva.luz.humerez/,2025-05-28
Rolando Schrupp,126,10000,1900,799,1760,4446,160,1241,113,96,49,27,8077,no,https://www.facebook.com/RolandoSchrupp,2025-06-02
Miguel Calderon,126,915,2200,46,36,242,20,36,2,3,2,0,361,no,https://www.facebook.com/miguel.calderongalindo,2025-06-03
Natalia Aparicio,121,7500,0,655,569,2857,498,146,41,34,32,45,5654,no,https://www.facebook.com/la.aparicioooo,2025-05-28
Sofi Rocha,120,8000,2000,1772,3626,4631,1014,366,87,245,73,75,8476,no,https://www.facebook.com/sofi.rocha.12,2025-05-27
Jaime Dunn - Santa Cruz,118,3800,171,801,2754,9702,897,54,12,16,11,67,11146,no,https://www.facebook.com/ActivismoLibertario,2025-05-27
Ana Lucía Velasco,105,2000,0,720,294,769,240,136,85,30,54,23,3047,no,https://www.facebook.com/anavelascou,2025-05-29
PATRICIA MAGIN ARANCIBIA IBAÑEZ,104,2900,506,352,794,1910,257,16,0,2,0,23,2385,sí,https://www.facebook.com/patriciamagin.arancibiaibanez,2025-05-28
VALENTINA VERONICA LLANOS BARRON,102,1100,461,7,18,50,11,0,0,1,1,0,63,sí,https://www.facebook.com/valentinaveronica.llanosbarron.3/,2025-05-28
Jhanisse V. Daza,101,9323,0,305,716,2438,714,6,57,10,15,51,5018,no,https://www.facebook.com/jhanisse,2025-06-02
Dimelza Rodriguez Quinsamolle,100,3000,18,693,1192,2242,99,123,11,33,6,12,2978,no,https://www.facebook.com/profile.php?id=61570121371268,2025-05-27
MARILU EUGENIA RAMOS MAMANI,100,0,0,0,0,2,1,5,0,0,0,0,8,sí,https://www.facebook.com/maria.eugenia.ramos.mamani.2025,2025-05-27
Jeanine Añez,99,380000,39,30249,10798,34919,4459,5019,4270,1936,398,844,103580,no,https://www.facebook.com/jeanineanezc,2025-05-30
SILVIA MOLLER CHOQUE,96,0,0,18,13,119,5,2,0,0,0,4,144,sí,https://www.facebook.com/silvia.mollerchoque,2025-05-27
PAOLA LORENA BARRIGA MACHICAO,93,9700,0,356,1334,2608,698,41,273,207,138,146,4228,sí,https://www.facebook.com/paola.barriga.104,2025-05-28
Por la vida de las mujeres,92,16000,123,71,323,862,245,46,137,95,12,37,1706,no,https://www.facebook.com/Porlavidadelasmujeres.Bolivia,2025-05-19
Roxana Pérez,90,19000,268,850,789,1323,197,121,72,116,40,47,2287,no,https://www.facebook.com/RoxanaPerezDelCastillo,2025-05-19
Melisa Ibarra,90,58149,0,1219,359,1028,40,394,35,37,82,2,3576,no,https://www.facebook.com/melisa.ibarrarosario.5,2025-06-11
PAULA PAXI SUXO,89,2300,265,11,30,172,8,11,0,1,2,0,174,sí,https://www.facebook.com/profile.php?id=100076489905888,2025-05-30
AZUCENA ALEJANDRA FUERTES MAMANI,87,9700,0,678,213,2180,320,192,45,40,14,248,3042,sí,https://www.facebook.com/AzucenaFuertesPotosi,2025-05-29
MARIA ESTHER GONGORA MIRANDA,82,1400,0,54,53,328,44,1,9,3,0,4,414,sí,https://www.facebook.com/mariaestherasambleista,2025-05-27
CARMEN SOLEDAD CHAPETON TANCARA,80,6000,475,244,306,1015,155,20,23,10,11,14,1495,sí,https://www.facebook.com/soledad.chapetontancara,2025-05-29
Rubi Garcia,79,15000,0,595,2216,1628,86,72,66,144,112,12,3034,no,https://www.facebook.com/rubi.garcia.360686/,2025-05-27
MARIA BERTHA GUTIERREZ MENDOZA,78,0,0,132,116,948,149,29,42,17,8,66,1280,sí,https://www.facebook.com/mariabertha.gutierrezmendoza,2025-06-02
SILVANA MUCARZEL DEMETRY,78,9900,102,896,1218,5175,1022,55,11,169,116,57,6940,sí,https://www.facebook.com/silvanamucarzelconcejal/,2025-06-01
ERICKA CHAVEZ AGUILERA,78,649,59,394,639,1284,280,1,0,0,1,65,1988,sí,https://www.facebook.com/erickachavezc45,2025-05-28
MAGDALENA MOGRO LACUNZA,77,1000,2200,49,12,108,25,0,2,1,0,0,137,sí,https://www.facebook.com/magda.mogrolacunza,2025-05-30
Víctimas de Feminicidio e Infanticidio Bolivia ,76,15000,61,725,2914,1110,43,9,1750,1554,177,9,7551,no,https://www.facebook.com/profile.php?id=100064532303161,2025-05-19
CAROLINA ALIZON CHINO NICOLAS,74,6600,0,48,567,1093,48,9,2,0,3,5,1170,sí,https://www.facebook.com/carolinaalizon.chinonicolas/,2025-05-27
Carola Antezana,74,0,0,269,67,596,274,22,13,28,13,39,1345,no,https://www.facebook.com/carola.a.pantoja,2025-05-29
Mauro Landivar ,73,32000,182,7821,18371,14277,1737,6452,185,1501,787,92,31336,no,https://www.facebook.com/profile.php?id=61552708002190,2025-05-28
LUCIANA MICHELLE CAMPERO CHAVEZ,73,11000,0,2151,4065,9662,1856,127,119,877,242,133,12769,sí,https://www.facebook.com/lu.camperochavez,2025-06-02
ANDREA BRUNA BARRIENTOS SAHONERO,71,20000,82,1042,769,2912,299,931,359,184,45,25,5087,sí,https://www.facebook.com/AndreaBarrientosCC,2025-06-01
Ciberwarmis - Mujeres ayudando a mujeres,71,11000,348,59,428,280,152,1,2,0,0,21,1273,no,https://www.facebook.com/Ciberwarmis.bo,2025-05-23
Andres Ortega,65,6300,0,96,172,900,53,37,5,6,9,3,1016,no,https://www.facebook.com/pensardiferente,2025-05-28
Feminismo Comunitario Antipatriarcal,61,35000,124,35,2308,1908,1138,6,52,1,4,213,3621,no,https://www.facebook.com/feminismo.comunitario.Antipatriarcal,2025-05-19
Justicia Por Las Niñas ,61,7100,3300,1281,6859,3565,402,32,2053,3009,392,138,9969,no,https://www.facebook.com/justicia.ninos,2025-05-19
DIANA PATRICIA PAPUTSAKIS BURGOS,59,5900,0,81,60,616,120,2,14,0,0,7,910,sí,https://www.facebook.com/patricia.paputsakisburgos,2025-06-02
LORENA ANAIZ PEREZ DAVALOS,59,6900,0,38,92,213,77,13,5,6,4,2,317,sí,https://www.facebook.com/lorena.a.davalos,2025-05-27
CECILIA ISABEL REQUENA ZARATE,58,4500,162,79,967,1219,70,2,45,128,17,44,1637,sí,https://www.facebook.com/CeciliaRequenaZarate,2025-05-30
El Confesionario UCB ,57,29000,76,402,96,766,52,370,33,33,268,5,2177,no,https://www.facebook.com/profile.php?id=100063830662612,2025-05-19
Silvana Mucarzel,56,9900,102,593,742,1917,295,40,6,20,41,25,2015,no,https://www.facebook.com/silvanamucarzelconcejal,2025-05-19
DANIELA CABRERA GUILLEN,55,7000,100,2691,5421,16619,151,146,61,27,46,19,17082,sí,https://www.facebook.com/DanielaCabreraConcejal,2025-05-27
Mueres Creando,55,63000,67,75,249,719,125,11,7,2,3,16,725,no,https://www.facebook.com/MUJERESCREANDO1,2025-05-19
Nadia Montaño,54,13000,1900,372,202,352,66,4,0,0,1,4,2789,no,https://www.facebook.com/nadiamontanortiz,2025-05-29
MARIA KHALINE MORENO CARDENAS,53,20000,182,323,414,1819,452,140,6,22,0,36,2610,sí,https://www.facebook.com/profile.php?id=100048470096823,2025-06-02
La Pesada Subversiva ,53,5400,6,647,708,851,512,81,4,9,3,73,3368,no,https://www.facebook.com/LaPesadaSubversiva,2025-05-19
Rosario Callejas,50,9500,82,385,880,2869,204,122,22,27,14,29,1314,no,https://www.facebook.com/RosarioCallejasConcejalGremial,2025-05-15
YENNY NADYA CLADERA SAENZ,49,3600,596,304,431,885,123,17,5,15,11,19,1363,sí,https://www.facebook.com/yenny.claderasaenz/,2025-05-27
Batalla Cultural.Bo,47,13000,0,1699,9355,19717,448,111,13,48,28,46,20403,no,https://www.facebook.com/profile.php?id=61574943372897,2025-05-29
Juventudes Liberales Bolivia ,47,2400,176,21,38,151,10,27,10,3,1,0,223,no,https://www.facebook.com/juventudliberalbolivia,2025-05-28
ROSS MARY BRAVO SALAZAR,45,5200,1500,23,29,317,21,4,0,3,1,1,316,sí,https://www.facebook.com/RBSVGR/,2025-05-28
NIRVATH MARITZA VILLENA CARDOZO,41,2000,500,258,423,1277,558,3,0,0,2,23,1857,no,https://www.facebook.com/nirvathmaritza.villenacardozodelopez,2025-05-28
Carla Sandy Claure ,41,11000,0,430,164,579,120,79,20,17,14,13,1181,no,https://www.facebook.com/carla.sandy.007,2025-05-28
Angirü Bolivia ,37,4900,0,4,19,45,0,0,0,0,0,1,152,no,https://www.facebook.com/ColectivoAngiru,2025-05-19
YESENIA YARHUI ALBINO,37,12000,234,14510,64041,50793,1840,2072,184,1658,493,117,55533,sí,https://www.facebook.com/yarhuiyesenia,2025-05-28
Maria Rene Alvarez ,36,22000,266,178,742,1329,218,5,10,124,44,17,1834,no,https://www.facebook.com/MReneAlvarezScz,2025-05-15
Andrea Vaca Barbery ,36,38000,49,317,653,2521,560,8,3,0,0,25,3549,no,https://www.facebook.com/andreavacabarbery,2025-05-27
Andrea Barrientos,33,20000,82,577,319,1292,132,397,282,21,7,11,2163,no,https://www.facebook.com/AndreaBarrientosCC,2025-05-15
MARLENE FERNANDEZ MEJIAS,32,59,3,4,39,34,10,0,1,0,0,0,46,sí,https://www.facebook.com/profile.php?id=61570246115119,2025-05-27
YHISSEL MARISOL DAVALO LANCEA,31,2800,631,165,133,560,190,16,79,1,1,13,836,sí,https://www.facebook.com/nenita.savedra.7,2025-06-02
Paola Aguirre ,30,56000,21,2697,2785,6607,1597,32,26,21,15,127,10845,no,https://www.facebook.com/paolaaguirremelgar,2025-05-19
FABIOLA SIRPA LLUSCO,30,3000,0,4,5,17,0,13,0,0,0,0,30,sí,https://www.facebook.com/fabiola.sirpallusco,2025-05-28
ELIANA RINA ACOSTA QUISPE,29,0,0,81,38,285,58,11,0,0,1,3,374,sí,https://www.facebook.com/eliana.acosta.3150,2025-05-27
Walaichas WASAS ,28,1700,18,449,1962,842,667,120,226,29,2,28,3618,no,https://www.facebook.com/profile.php?id=100082900523964,2025-05-19
Laura Luisa Nayar,28,39000,107,943,3958,6672,694,64,23,114,84,63,8357,no,https://www.facebook.com/luisanayars,2025-05-15
María Patricia Arce,26,31000,16,140,92,536,49,45,75,16,18,3,477,no,https://www.facebook.com/PatriciaArceSitioOficial,2025-05-15
Pan y Rosas Bolivia,26,10000,257,85,380,72,39,1,0,0,0,11,795,no,https://www.facebook.com/panyrosasdebolivia,2025-05-19
MARINA ISABEL CACHAMBI ALVAREZ,25,825,14,1519,1728,3002,573,32,0,0,0,25,3781,sí,https://www.facebook.com/profile.php?id=100063933884078,2025-05-27
Wikimedistas de Bolivia,24,4300,0,1,47,5,0,0,0,0,0,0,96,no,https://www.facebook.com/wikimedistasdebolivia,2025-05-19
Salvaginas ,23,9500,431,0,29,26,1,0,0,0,0,1,56,no,https://www.facebook.com/ecofeministasBolivia,2025-05-19
Articulación Feminista Wañuchun Machocracia ,22,5600,29,7,84,0,0,0,0,0,0,0,190,no,https://www.facebook.com/articulacionfeministacochabamba,2025-05-19
LEINA SUELY LAVADENZ ROCA,20,0,0,1,2,7,1,0,0,0,1,0,9,no,https://www.facebook.com/leinasuely.lavadenzroca,2025-05-29
MARIANA LOPEZ SAAVEDRA,19,565,0,6,2,5,3,15,0,0,0,0,25,no,https://www.facebook.com/mariana.lopezsaavedra.5,2025-05-27
KARINA PATRICIA LIEBERS CACERES,19,310,0,484,158,1320,620,6,0,0,0,51,1920,sí,https://www.facebook.com/karinalc3,2025-05-27
Clau Pami'sh Rzy ,18,4100,0,350,399,498,78,64,2,50,8,17,935,no,https://www.facebook.com/pamizapatachu/,2025-05-27
LUCILA MENDIETA PEREZ,17,2400,111,0,10,17,0,0,2,0,0,2,21,sí,https://www.facebook.com/lucila.mendietaperez,2025-05-28
Yessica Villarroel Caraballo,17,3700,0,0,4,12,0,3,0,0,0,0,55,no,https://www.facebook.com/yessica.villaroelcaraballo,2025-06-02
NATTY ELIZABETH FLORES VERASTEGUI,17,5100,0,56,2,533,157,0,12,0,12,23,809,sí,https://www.facebook.com/natty.floresverastegi,2025-05-27
YAMILA NUR REYES ORTEGA,17,157,9,42,25,201,100,1,0,0,0,4,306,no,https://www.facebook.com/profile.php?id=61572021665143,2025-05-29
TOMASA YARHUI JACOME,16,2100,65,9,4,93,10,2,0,0,0,1,125,sí,https://www.facebook.com/TomasaYarhuiJ,2025-05-30
Cunumis Feministas ,16,1800,0,8,16,22,10,0,0,0,0,0,65,no,https://www.facebook.com/profile.php?id=100064855967374#,2025-05-19
Luciana Campero,15,11000,0,686,971,1894,343,14,46,96,53,18,3442,no,https://www.facebook.com/lu.camperochavez,2025-05-15
DIANA ROCIO ROSALES MAMANI,14,707,0,1,0,6,7,2,0,0,0,0,15,sí,https://www.facebook.com/diana.mamani.967,2025-05-28
Joshua Bellot,14,6800,1700,68,53,277,18,9,1,11,4,3,350,no,https://www.facebook.com/joshua.bellott,2025-05-28
ROCIO RIVERA CALLE,13,3400,2200,57,10,290,306,25,0,2,0,1,624,no,https://www.facebook.com/rocio.riveracalle,2025-05-27
Mochas Copleras,13,5200,96,2,45,0,0,0,0,0,0,0,163,no,https://www.facebook.com/mochas.copleras,2025-05-19
SHIRLEY MALDONADO ALVAREZ,13,0,0,125,99,488,78,16,0,1,1,1,823,sí,https://www.facebook.com/profile.php?id=61576562194155,2025-05-28
GABRIELA MIROSLAVA GONZALES MACHICADO,12,7000,0,47,46,178,7,1,3,27,5,4,236,no,https://www.facebook.com/ggonzalesmachicado,2025-05-29
JESSICA ANNE JORDAN BURTON,12,0,0,155,12,214,127,7,19,0,0,67,434,sí,https://www.facebook.com/jessicajordanb,2025-06-01
CLAUDIA MALLON VARGAS,12,5000,58,9,7,16,4,1,0,0,0,0,25,sí,https://www.facebook.com/ClauMallon/,2025-06-02
JACQUELINE CINTIA POVEDA FUENTES,11,0,0,0,1,3,1,0,0,0,0,0,4,no,https://www.facebook.com/cintia.poveda,2025-05-28
Red LB Bol ,11,3900,92,3,12,50,30,0,0,0,0,4,112,no,https://www.facebook.com/red.lbbol,2025-05-19
Warmi Pachakuti ,10,336,0,8,59,88,41,0,0,1,0,5,249,no,https://www.facebook.com/warmi.pachakuti,2025-05-27
Omarth Luna,9,4700,0,22,15,114,21,33,0,0,1,0,126,no,https://www.facebook.com/OmarthLuna/,2025-05-27
TORIBIA LERO QUISPE,8,3700,0,41,59,73,4,0,39,5,2,4,133,sí,https://www.facebook.com/toribia.leroquispe,2025-05-27
Adriana Salvatierra,8,242000,4,3645,816,1013,246,258,37,10,5,67,14885,no,https://www.facebook.com/Adriana1989sa,2025-05-27
GLADYS HIDALGO GALINDO,8,6100,517,11,5,188,69,0,0,0,0,17,274,no,https://www.facebook.com/gladyshidalgo.galindo,2025-05-27
CLAUDIA ALIDA SALAS TAMBARE,6,54,0,53,23,164,59,0,0,0,0,2,319,sí,https://www.facebook.com/claudiaalida.salastambare,2025-05-28
Daniela Cabrera,5,7000,100,0,0,9,1,1,0,0,0,0,24,no,https://www.facebook.com/DanielaCabreraConcejal,2025-05-15
Lourdes Chambilla,5,3200,611,8,3,22,1,5,0,0,0,0,53,no,https://www.facebook.com/LuliChambilla,2025-05-19
AMALIA APAZA MAMANI,5,0,0,2,9,18,0,0,0,0,0,0,18,no,https://www.facebook.com/amalia.apazamamani,2025-05-28
FELIPA RAMOS MAMANI,5,0,0,26,0,10,0,0,1,0,2,0,13,sí,https://www.facebook.com/felipa.ramosmamani.9,2025-05-28
CARMEN ROSA SANDOVAL CASTRO,5,1700,0,0,0,0,1,0,0,0,0,0,1,no,https://www.facebook.com/carmenrosa.sandovalcastro,2025-06-24
NATHALY TOVIAS CLAURE,4,5600,0,34,63,303,13,1,0,0,0,1,318,no,https://www.facebook.com/nathaly.toviasclaure,2025-06-01
ROSARIO RANET RODRIGUEZ PERALES,4,0,0,8,4,22,0,0,0,0,0,0,22,no,https://www.facebook.com/rosario.rodriguezperales,2025-06-23
Revuelta Malcriada,4,6900,41,4,9,27,0,2,0,1,1,0,36,no,https://www.facebook.com/ninasmalcriadasbolivia,2025-05-19
Jorge Copa,4,3800,282,0,0,1,0,0,0,0,0,0,1,no,https://www.facebook.com/jorge.copa.716,2025-05-27
MARY ISABEL DEL LLANO ARCHONDO,4,0,0,17,1,68,59,0,0,0,0,5,132,sí,https://www.facebook.com/mary.delllano,2025-06-01
Frente LIBRE ,4,1300,84,0,2,4,0,0,0,0,0,0,4,no,https://www.facebook.com/FrenteLiberalRepublicano,2025-06-02
Sonia Montaño,3,0,0,36,1,104,65,0,0,0,0,18,187,no,https://www.facebook.com/sonia.montano.2016,2025-05-27
YOLANDA YHARSINA RENGIFO MUR,3,603,55,0,0,5,4,0,0,0,0,0,9,sí,https://www.facebook.com/people/Yharsina-Rengifo-Diputada-por-Chuquisaca/100064235523785/,2025-05-28
Sofi Rojas,2,0,0,0,0,0,0,0,0,0,0,0,0,no,https://www.facebook.com/sofi.rojas99,2025-06-02
ASUNTA FLORES SUAREZ,2,988,0,0,0,0,0,0,0,0,0,0,0,no,https://www.facebook.com/asunta.floressuarez.5,2025-05-28
NOELIA QUECAÑO OQUENDO,2,2000,283,1,0,19,20,0,0,0,0,0,39,no,https://www.facebook.com/noelia.oquendo.96,2025-05-28
YAMELLY ROSMERY CALLE CONDORI,2,0,0,0,0,0,0,0,0,0,0,0,0,no,https://www.facebook.com/yameli.callecondori,2025-05-28
NASSIA JHOSELIN SALVADOR PALACIOS,2,3900,6800,0,5,19,7,0,0,0,0,0,26,no,https://www.facebook.com/nassiasalvado,2025-06-24
MARCELA ORELLANA BEJARANO,2,0,0,0,1,0,0,0,0,0,0,0,0,no,https://www.facebook.com/marcela.orellanabejarano,2025-05-29
Avanza Libertad Bolivia ,1,374,5,0,7,13,2,0,0,0,0,0,15,no,https://www.facebook.com/profile.php?id=61554129437310,2025-06-02
Allele,1,942,19,0,5,0,0,0,0,0,0,0,24,no,https://www.facebook.com/AleleenBolivia,2025-05-27
YESSICA PRISILA DANTES ESCALANTE,1,5500,1700,7,1,84,31,0,0,0,0,1,116,no,https://www.facebook.com/prisila.dantesescalante,2025-05-27
AVIGAIL MOLINA MARISCAL,1,0,0,0,0,0,0,0,0,0,0,0,3,no,https://www.facebook.com/avigail.mariscalmolina,2025-05-27
CLAUDIA SALGUERO GONZALES,1,6400,0,2,0,3,0,0,0,0,0,0,3,no,https://www.facebook.com/claudia.salguerogonzales.9,2025-06-24
MILDRET YAÑEZ INOFUENTES,1,1700,0,0,0,0,0,0,0,0,0,0,0,no,https://www.facebook.com/mildret.inofuentes,2025-05-28
EMPERATRIZ JHOSELIN GUTIERREZ ESPINOZA,1,3000,34,15,0,84,34,0,0,0,1,11,130,no,https://www.facebook.com/emperatriz.gutierrez.espinoza,2025-05-27
SALMA TOBIAS PAZ,1,4200,628,0,0,0,0,0,0,0,0,0,0,no,https://www.facebook.com/salma.tobias,2025-06-01
BETTY NANCY GARCIA MARTINEZ,1,236,363,0,0,4,0,0,0,0,0,0,4,no,https://www.facebook.com/bettynancy.garciamartinez/,2025-05-29
