nombre perfil,url perfil,candidato identificado,creación del perfil,seguidores,seguidos,fecha post,tipo de post,url post,comparticiones,comentarios,reacciones en total,me gusta,me encanta,me divierte,me entristece,me sorprende,me enoja,me importa,contenido
MARGOTH CERVANTES ALVAREZ,https://www.facebook.com/profile.php?id=61577777165669,no,2025-06-28,88,1,2025-07-14,post,https://www.facebook.com/share/v/16sisqYuih/,1,0,8,6,2,0,0,0,0,0,Nuestro Gobernador Luis Fernando Camacho apoya a Samuel Doria Medina Presidente
MARGOTH CERVANTES ALVAREZ,https://www.facebook.com/profile.php?id=61577777165669,no,2025-06-28,88,1,2025-07-15,post,https://www.facebook.com/share/p/16xm5CpnNM/,5,2,5,3,2,0,0,0,0,0,"IMPULSAR LAS DANZAS CULTURALES DE TODO GÉNERO EN LA C56
Los jóvenes son el impulso de la herencia cultural a través de las diferentes expresiones culturales, es por eso… Ver más"
MARGOTH CERVANTES ALVAREZ,https://www.facebook.com/profile.php?id=61577777165669,no,2025-06-28,88,1,2025-07-15,post,https://www.facebook.com/share/v/16xF2BxPxo/,2,1,6,4,1,0,0,0,0,1,"Dn Cachari un destacado y eminente dirigente vecinal del Distrito 4 nos da su respaldo como DIPUTADA para la gestion 2025-2030, siempre hemos sido parte de las Juntas V… Ver más"
MARGOTH CERVANTES ALVAREZ,https://www.facebook.com/profile.php?id=61577777165669,no,2025-06-28,88,1,2025-07-15,post,https://www.facebook.com/share/v/1ESaeRTsEV/,11,6,18,12,5,0,0,0,0,1,"Soy Margoth Cervantes candidata a Diputada por la C56 en Alianza Unidad nacimos de las bases, de las luchas cívicas de las Juntas Vecinales, una vez le ganamos la elecc… Ver más"
MARGOTH CERVANTES ALVAREZ,https://www.facebook.com/profile.php?id=61577777165669,no,2025-06-28,88,1,2025-07-16,post,https://www.facebook.com/share/p/1AieNZKP2y/,6,0,10,8,2,0,0,0,0,0,Este 17 de agosto el cambio en Bolivia es por la renovación y la gobernabilidad de nuestro futuro presidente.
MARGOTH CERVANTES ALVAREZ,https://www.facebook.com/profile.php?id=61577777165669,no,2025-06-28,88,1,2025-07-16,post,https://www.facebook.com/share/v/1E3UD3Y8QT/,8,0,11,7,2,0,0,0,0,2,GRACIAS POR LA INVITACIÓN AL BARRIO CUMBRE FASE 4 EN LA GUARDIA… Ver más
MARGOTH CERVANTES ALVAREZ,https://www.facebook.com/profile.php?id=61577777165669,no,2025-06-28,88,1,2025-07-16,post,https://www.facebook.com/share/v/1RYufoQFv6/,10,2,6,3,2,0,0,0,0,1,"LAS COMUNIDADES SÍ NOS IMPORTA
Nues… Ver más"
MARGOTH CERVANTES ALVAREZ,https://www.facebook.com/profile.php?id=61577777165669,no,2025-06-28,88,1,2025-07-16,post,https://www.facebook.com/share/p/14HLaq5pJok/,2,0,6,4,2,0,0,0,0,0,Muchas felicidades al Barrio El Carmen del Km9 doblevia La Guardia. Compuesto por hombres y mujeres valientes.
MARGOTH CERVANTES ALVAREZ,https://www.facebook.com/profile.php?id=61577777165669,no,2025-06-28,88,1,2025-07-16,post,https://www.facebook.com/share/v/14MmfGh2c5w/,6,1,8,6,1,0,0,0,0,1,"PRESENTAMOS NUESTRAS PROPUESTAS A VECINOS DE MAPAIZO SUR EN LA GUARDIA
Seguimos con la socialización de los compromisos con nuestra gente de La Guardia.… Ver más"
MARGOTH CERVANTES ALVAREZ,https://www.facebook.com/profile.php?id=61577777165669,no,2025-06-28,88,1,2025-07-16,post,2025-07-16,1,0,28,26,2,0,0,0,0,0,
MARGOTH CERVANTES ALVAREZ,https://www.facebook.com/profile.php?id=61577777165669,no,2025-06-28,88,1,2025-07-16,post,https://www.facebook.com/permalink.php?story_fbid=pfbid02x6eiciwYEcmVqJr2UhZfhEGZiRetc97dPf7hgWsGR7wGaECeLSjaNVRSV4hDzMoDl&id=61577777165669,1,0,2,2,0,0,0,0,0,0,
MARGOTH CERVANTES ALVAREZ,https://www.facebook.com/profile.php?id=61577777165669,no,2025-06-28,88,1,2025-07-17,post,https://www.facebook.com/share/p/1GB86xeFLa/,0,0,0,0,0,0,0,0,0,0,
MARGOTH CERVANTES ALVAREZ,https://www.facebook.com/profile.php?id=61577777165669,no,2025-06-28,88,1,2025-07-18,post,https://www.facebook.com/share/p/1789AXSX7Z/,6,1,8,7,1,0,0,0,0,0,"*BRIGADAS MÉDICAS EN EL KM9*
La candidata a Diputada Dra. MARGOTH invita a toda la familia a la brigada médica.… Ver más"
MARGOTH CERVANTES ALVAREZ,https://www.facebook.com/profile.php?id=61577777165669,no,2025-06-28,88,1,2025-07-19,post,https://www.facebook.com/share/p/174qwr2aMR/,0,0,2,2,0,0,0,0,0,0,
MARGOTH CERVANTES ALVAREZ,https://www.facebook.com/profile.php?id=61577777165669,no,2025-06-28,88,1,2025-07-20,post,https://www.facebook.com/share/p/1EMdbwvjfe/,5,1,4,3,1,0,0,0,0,0,"Revisa si eres jurado electoral
y no te quedes con la duda"
MARGOTH CERVANTES ALVAREZ,https://www.facebook.com/profile.php?id=61577777165669,no,2025-06-28,88,1,2025-07-20,post,https://www.facebook.com/permalink.php?story_fbid=pfbid02bU33E6Jx6HTgRhpZZmMwFVtkjpzkEghTUsB7V72wpymHmpGMpAX3gP4Ci34SURDvl&id=61577777165669,5,0,6,4,2,0,0,0,0,0,"QUEBRADA SECA ESTÁ EN Alianza Unidad 
Gracias a la invitación de los vecinos de la comunidad de Quebrada Seca en La Guardia presentamos nuestras propuestas y compromiso… Ver más"
MARGOTH CERVANTES ALVAREZ,https://www.facebook.com/profile.php?id=61577777165669,no,2025-06-28,88,1,2025-07-20,post,https://www.facebook.com/share/p/1FmueYFfeh/,3,0,9,8,1,0,0,0,0,0,"Apoyando a nuestro futuro presidente Samuel Doria Medina de Alianza Unidad 
#margothdiputadac56 #LaGuardia #porongo #colpabelgica #ElTorno #camachoconsamuel #SamuelPresidente"
MARGOTH CERVANTES ALVAREZ,https://www.facebook.com/profile.php?id=61577777165669,no,2025-06-28,88,1,2025-07-20,post,https://www.facebook.com/share/p/1QzxfU3y1n/,3,0,6,4,1,0,0,0,0,1,En Unitel apoyando a SAMUEL EMPRESARIO EXITOSO
MARGOTH CERVANTES ALVAREZ,https://www.facebook.com/profile.php?id=61577777165669,no,2025-06-28,88,1,2025-07-20,post,https://www.facebook.com/share/p/16g3n251z7/,5,0,2,0,1,0,0,0,0,1,"EL DEPORTE ES SALUD 
Es por eso que dentro de nuestro compromiso es fomentar la actividad deportiva en los jóvenes con el objetivo de una formación integral en los adol… Ver más"
MARGOTH CERVANTES ALVAREZ,https://www.facebook.com/profile.php?id=61577777165669,no,2025-06-28,88,1,2025-07-21,post,https://www.facebook.com/share/p/1GD5qYFsJ4/,0,1,3,3,0,0,0,0,0,0,
MARGOTH CERVANTES ALVAREZ,https://www.facebook.com/profile.php?id=61577777165669,no,2025-06-28,88,1,2025-07-21,post,https://www.facebook.com/share/p/1E5oXvdiGq/,6,0,4,2,2,0,0,0,0,0,"APOYAMOS EL EMPRENDIMIENTO DE LAS MUJERES EN TEREBINTO PORONGO
Dentro de nuestro Plan es de fortalecer el emprendedurismo en las mujeres y jóvenes para que se puedan pr… Ver más"
MARGOTH CERVANTES ALVAREZ,https://www.facebook.com/profile.php?id=61577777165669,no,2025-06-28,88,1,2025-07-21,post,https://www.facebook.com/share/p/1SVcwMuKpz/,2,0,7,4,3,0,0,0,0,0,"FELIZ ANIVERSARIO COMUNIDAD SOMBRERITO DE PORONGO
Felicitamos al pueblo noble y pujante de sombrerito, una comunidad de hombres fuertes y mujeres valientes de Porongo.… Ver más"
MARGOTH CERVANTES ALVAREZ,https://www.facebook.com/profile.php?id=61577777165669,no,2025-06-28,88,1,2025-07-21,post,https://www.facebook.com/share/p/15bt5VaUfM/,0,1,2,2,0,0,0,0,0,0,
MARGOTH CERVANTES ALVAREZ,https://www.facebook.com/profile.php?id=61577777165669,no,2025-06-28,88,1,2025-07-22,post,https://www.facebook.com/share/p/19Ss9hQFs8/,3,0,8,6,2,0,0,0,0,0,"MUCHAS GRACIAS BARRIO LA FUENTE POR EL CALIDO RECIBIMIENTO
Agradecemos a los vecinos del barrio La Fuente por la bienvenida, nos comprometemos a trabajar de puertas abi… Ver más"
