nombre perfil,url perfil,candidato identificado,creación del perfil,seguidores,seguidos,fecha post,tipo de post,url post,comparticiones,comentarios,reacciones en total,me gusta,me encanta,me divierte,me entristece,me sorprende,me enoja,me importa,contenido
MARIA ESTHER GONGORA MIRANDA,https://www.facebook.com/mariaestherasambleista,sí,2021-01-03,1400,0,2025-07-29,post,https://www.facebook.com/share/p/1CmsJqmjNF/,0,0,6,5,1,0,0,0,0,0,ESTA ES LA FORMA CORRECTA DE VOTAR… Ver más
MARIA ESTHER GONGORA MIRANDA,https://www.facebook.com/mariaestherasambleista,sí,2021-01-03,1400,0,2025-07-30,post,https://www.facebook.com/share/p/1Bz1Cz5WjA/,0,0,0,0,0,0,0,0,0,0,
MARIA ESTHER GONGORA MIRANDA,https://www.facebook.com/mariaestherasambleista,sí,2021-01-03,1400,0,2025-07-30,post,https://www.facebook.com/share/19UVgtDAL3/,0,8,46,38,5,2,0,1,0,0,
MARIA ESTHER GONGORA MIRANDA,https://www.facebook.com/mariaestherasambleista,sí,2021-01-03,1400,0,2025-08-03,post,https://www.facebook.com/share/p/1Ee9K6CBRx/,4,2,12,10,2,0,0,0,0,0,"𝐏𝐑𝐎𝐍𝐔𝐍𝐂𝐈𝐀𝐌𝐈𝐄𝐍𝐓𝐎
Como primera c… Ver más"
MARIA ESTHER GONGORA MIRANDA,https://www.facebook.com/mariaestherasambleista,sí,2021-01-03,1400,0,2025-08-03,post,https://www.facebook.com/share/v/1Avo3QATdt/,1,1,11,7,3,0,0,0,0,1,"GRACIAS POR EL CARIÑO RECIBIDO GUANAY 
 
 
 
 
#Ma… Ver más"
MARIA ESTHER GONGORA MIRANDA,https://www.facebook.com/mariaestherasambleista,sí,2021-01-03,1400,0,2025-08-03,post,https://www.facebook.com/share/p/1MGAZeuugX/,1,1,15,11,4,0,0,0,0,0,"Junto al segundo diputado por APB SUMATE William Bascope.
Trabajaremos de la mano para TRANSFORMAR BOLIVIA porque la población boliviana merece un cambio radical y prof… Ver más"
MARIA ESTHER GONGORA MIRANDA,https://www.facebook.com/mariaestherasambleista,sí,2021-01-03,1400,0,2025-08-03,post,https://www.facebook.com/share/v/179FTWTnT2/,0,0,4,3,1,0,0,0,0,0," 
 
 
 
#Ma… Ver más"
MARIA ESTHER GONGORA MIRANDA,https://www.facebook.com/mariaestherasambleista,sí,2021-01-03,1400,0,2025-08-04,post,https://www.facebook.com/share/p/1BwZfyBBR7/,3,1,16,12,3,1,0,0,0,0,"SÚMATE A NOSOTROS, VOTA MORADO PARA TRANSFORMAR BOLIVIA. … Ver más"
MARIA ESTHER GONGORA MIRANDA,https://www.facebook.com/mariaestherasambleista,sí,2021-01-03,1400,0,2025-08-04,post,https://www.facebook.com/share/p/1AvVYr1nAd/,0,0,2,1,0,1,0,0,0,0,
MARIA ESTHER GONGORA MIRANDA,https://www.facebook.com/mariaestherasambleista,sí,2021-01-03,1400,0,2025-08-05,post,https://www.facebook.com/share/p/16oWKPqPSY/,0,0,0,0,0,0,0,0,0,0,
