nombre perfil,url perfil,candidato identificado,creación del perfil,seguidores,seguidos,fecha post,tipo de post,url post,comparticiones,comentarios,reacciones en total,me gusta,me encanta,me divierte,me entristece,me sorprende,me enoja,me importa,contenido
Carola Antezana,https://www.facebook.com/carola.a.pantoja,no,,586,0,2025-06-27,reel,/reel/1084881466893848/?s=single_unit&__cft__[0]=AZU9RfzXjBzu_11ANKXDi1ofcDxRT1i1IBrW87XzNMRfqGgt8JdIN2dM-LtOGUWK1J54jK4NNexb7JSMEV-wXfVOzPJPOJH6Mc8-JI7-oGua0KslerRpMXvt6zW2TXiqOiRBK-Pq3qLbC5AJzbF-MnHKLNUB2sFHf3ptXVCxGqwB2nUDwHWfld7P_DbOIT_fLVk&__tn__=H-R,0,0,0,0,0,0,0,0,0,0,
Carola Antezana,https://www.facebook.com/carola.a.pantoja,no,,586,0,2025-06-28,post,https://www.facebook.com/share/p/16vPW19exc/,0,11,71,43,27,0,0,0,0,1,Momentos mágicos con la más bella de mi vida mi enana
Carola Antezana,https://www.facebook.com/carola.a.pantoja,no,,586,0,2025-06-28,post,https://www.facebook.com/share/p/1CZX57JY4A/,19,20,91,76,13,1,0,0,1,0,"María Galindo, como una de las representantes más radicales del feminismo destructivo, no hace más que demostrar lo que muchos ya sabemos: su ideología no busca la igualdad, sino la división y la desintegración de los valores que sostienen a una sociedad libre. Su comentario, cargado de desprecio hacia un hombre y su esposa, refleja el odio profundo que el feminismo radical siembra, no solo hacia los hombres, sino también hacia la familia, el pilar fundamental de cualquier so… Ver más"
Carola Antezana,https://www.facebook.com/carola.a.pantoja,no,,586,0,2025-06-29,reel,/reel/1092562623013747/?s=single_unit&__cft__[0]=AZVC0DnkvnYKAyGaw_59GKGQTduL_hRG6YbKIbz4AHZX0YwqooqKJ7Eh3qGd2HwihjS6QxCosdeLMRvBLaDECwzJhODBbGkfm1sqrmFW4u3GNaDuFwmT6ieecYz_Dy1BuFjl75MCouiNJPH0ol9J_eh2LzfO9yjxOwyf3NIpt1Q0Qrbt27GDrduFjvYCWoP7RmA&__tn__=H-R,0,0,0,0,0,0,0,0,0,0,
