nombre perfil,url perfil,snapshot_date,creación del perfil,candidato identificado,seguidores,seguidos,fecha post,url post,comparticiones,comentarios,reacciones en total,me gusta,me encanta,me divierte,me entristece,me sorprende,me enoja,me importa,contenido
FELIPA RAMOS MAMANI,https://www.facebook.com/felipa.ramosmamani.9,2025-06-05,,sí,0,0,2025-05-23,https://www.facebook.com/share/p/16fCmFEDxx/,0,0,2,2,0,0,0,0,0,0,
FELIPA RAMOS MAMANI,https://www.facebook.com/felipa.ramosmamani.9,2025-06-05,,sí,0,0,2025-05-24,https://www.facebook.com/share/p/1Bu2Bfnp5V/,0,26,11,8,0,0,1,2,0,0,TENER MUCHO CUIDADO POR ESTOS ESTAFADORES JAQUEARON MI CUENTA
FELIPA RAMOS MAMANI,https://www.facebook.com/felipa.ramosmamani.9,2025-06-05,,sí,0,0,2025-05-29,https://www.facebook.com/share/p/16QUBfwn76/,0,0,0,0,0,0,0,0,0,0,
FELIPA RAMOS MAMANI,https://www.facebook.com/felipa.ramosmamani.9,2025-06-02,,sí,0,0,2025-05-29,https://www.facebook.com/share/p/1Gk8abT9E1/,0,0,0,0,0,0,0,0,0,0,
FELIPA RAMOS MAMANI,https://www.facebook.com/felipa.ramosmamani.9,2025-06-02,,sí,0,0,2025-05-29,https://www.facebook.com/share/p/18tYrH8956/,0,0,0,0,0,0,0,0,0,0,
