nombre perfil,url perfil,snapshot_date,creación del perfil,candidato identificado,seguidores,seguidos,fecha post,tipo de post,url post,comparticiones,comentarios,reacciones en total,me gusta,me encanta,me divierte,me entristece,me sorprende,me enoja,me importa,contenido
MAISSIE CAROLINE VELASQUEZ VILLARROEL,https://www.facebook.com/bce.bce.854576,2025-07-30,,no,0,0,2025-07-23,post,https://www.facebook.com/share/v/1AFs2ZJFJR/,26,11,38,31,7,0,0,0,0,0,
MAISSIE CAROLINE VELASQUEZ VILLARROEL,https://www.facebook.com/bce.bce.854576,2025-07-30,,no,0,0,2025-07-25,post,https://www.facebook.com/share/1EzXEeFhbb/,19,6,32,29,3,0,0,0,0,0,
MAISSIE CAROLINE VELASQUEZ VILLARROEL,https://www.facebook.com/bce.bce.854576,2025-07-30,,no,0,0,2025-07-27,post,https://www.facebook.com/share/v/156ALTabX4/,17,3,28,25,3,0,0,0,0,0,#bolivar #santacruz #C47 #gabrielrenemoreno
MAISSIE CAROLINE VELASQUEZ VILLARROEL,https://www.facebook.com/bce.bce.854576,2025-08-06,,no,0,0,2025-07-29,reel,/reel/719653397605954/?s=single_unit&__cft__[0]=AZVcnU_GtySMlhlKgpuqL275Igjg0G-ZxPD13ycsF2cNriw4ySZfQNdfBfNZdGUiGXk0Fgcw_lw8yVYN1q7S23plbl3DlsGozuYMZjhowGzxIZo1s4C4hxRBo7krV0QZUzHeTr9Kzx8iVwLvzU6owpDIqzhJjkmAzLuZTVigw9aR4A&__tn__=H-R,4,3,11,11,0,0,0,0,0,0,"Elección de REY Y REYNA 
Adulto mayor ☺️❤️
 #bolivianosporelmundo #Sant #Bolivia #SantaCruz #gabrielrenemoreno #C47 #bolivianos"
MAISSIE CAROLINE VELASQUEZ VILLARROEL,https://www.facebook.com/bce.bce.854576,2025-08-06,,no,0,0,2025-08-01,reel,/reel/1067395332248956/?s=single_unit&__cft__[0]=AZXIbWgrVQAXyZu3_DalXaVtaY_m_NU1Wj-rDMZHuZF8FAPsW-b-9rIkNs0JpyO9n7UTTRm0sQzkwDl44PtX2G1c81NA6Edbtxra5TudQTIxNkUXFlRp3JANqfVkgI5hTquGgdUoAGdbKjS-tRvkXcPWqB1prxvuQF3J_Q4vXo5qSg&__tn__=H-R,6,6,17,17,0,0,0,0,0,0,"YA ES HORA DE UN CAMBIO DE VERDAD!!
 #bolivianosporelmundo #SantaCruz #Bolivia #bolivianos #gabrielrenemoreno #C47"
MAISSIE CAROLINE VELASQUEZ VILLARROEL,https://www.facebook.com/bce.bce.854576,2025-08-06,,no,0,0,2025-08-01,reel,/reel/1418638572735701/?s=single_unit&__cft__[0]=AZWFxA-la2ROOyhVsT_AlWb9THWckUrIt0olKAOf9XVEkjW6t1gv5nc9ilsjlH5R0JY_FMin99bPumHuax8_SFowdFUyW2v1D58rYzy8nVL_PIFG0Nl-ap0p7Zvcf4yrr0UHdmoZ7VIdNGOvIt_FI8nU63uXKjfZ7RJLpmvJSOqdHg&__tn__=H-R,1,3,8,8,0,0,0,0,0,0,"CAROLINE DIPUTADA C47
 #BOLIVAR #bolivianosporelmundo #SantaCruz #Bolivia #gabrielrenemoreno #C47 #bolivianos"
MAISSIE CAROLINE VELASQUEZ VILLARROEL,https://www.facebook.com/bce.bce.854576,2025-08-06,,no,0,0,2025-08-05,post,https://www.facebook.com/share/v/15uFydzwtn/,3,1,14,13,1,0,0,0,0,0,"PROPUESTA ADULTOS MAYORES
#bolivianosporelmundo #SantaCruz #Bolivia #gabrielrenemoreno #C47 #Villa1roDeMayo #Cotoca #PUERTOPAILAS"
MAISSIE CAROLINE VELASQUEZ VILLARROEL,https://www.facebook.com/bce.bce.854576,2025-08-06,,no,0,0,2025-08-05,post,https://www.facebook.com/share/p/19MxA1qtoG/,7,1,16,14,2,0,0,0,0,0,"CAROLINE DIPUTADA C47 
San Miguel II. Fue un honor poder compartir con los vecinos, escuchar sus preocupaciones y contarles mis propuestas. Seguimos adelante con más fuerza, por un verdadero cambio. "
MAISSIE CAROLINE VELASQUEZ VILLARROEL,https://www.facebook.com/bce.bce.854576,2025-08-06,,no,0,0,2025-08-06,post,https://www.facebook.com/share/p/16rdhTbUwV/,1,0,2,2,0,0,0,0,0,0,"BOLIVIA Bicentenario 
#Villa1roDeMayo #bolivianosporelmundo #SantaCruz #PUERTOPAILAS #bolivia #gabrielrenemoreno #C47 #bolivianos @destacar #monteroyo"
