nombre perfil,url perfil,candidato identificado,creación del perfil,seguidores,seguidos,fecha post,tipo de post,url post,comparticiones,comentarios,reacciones en total,me gusta,me encanta,me divierte,me entristece,me sorprende,me enoja,me importa,contenido
MARILU EUGENIA RAMOS MAMANI,https://www.facebook.com/maria.eugenia.ramos.mamani.2025,sí,,0,0,2025-06-18,post,https://www.facebook.com/share/p/1EDgHrLQCJ/,0,0,0,0,0,0,0,0,0,0,
MARILU EUGENIA RAMOS MAMANI,https://www.facebook.com/maria.eugenia.ramos.mamani.2025,sí,,0,0,2025-06-19,post,https://www.facebook.com/share/p/1J7nJY316a/,0,0,0,0,0,0,0,0,0,0,
MARILU EUGENIA RAMOS MAMANI,https://www.facebook.com/maria.eugenia.ramos.mamani.2025,sí,,0,0,2025-06-19,post,https://www.facebook.com/share/p/1CRjrbgiwL/,0,0,0,0,0,0,0,0,0,0,
MARILU EUGENIA RAMOS MAMANI,https://www.facebook.com/maria.eugenia.ramos.mamani.2025,sí,,0,0,2025-06-21,post,https://www.facebook.com/share/p/1BtNiJHTQn/,0,0,0,0,0,0,0,0,0,0,
MARILU EUGENIA RAMOS MAMANI,https://www.facebook.com/maria.eugenia.ramos.mamani.2025,sí,,0,0,2025-06-22,post,https://www.facebook.com/maria.eugenia.ramos.mamani.2025/posts/pfbid02Gukh9s6B71krkdMobe4J9UPv6fMCv91QzDb28ap7SdNzYFjQsR8ke8oRKEEgeEv9l,0,0,0,0,0,0,0,0,0,0,
MARILU EUGENIA RAMOS MAMANI,https://www.facebook.com/maria.eugenia.ramos.mamani.2025,sí,,0,0,2025-06-22,post,https://www.facebook.com/share/p/1L36deQcFy/,0,0,0,0,0,0,0,0,0,0,
MARILU EUGENIA RAMOS MAMANI,https://www.facebook.com/maria.eugenia.ramos.mamani.2025,sí,,0,0,2025-06-23,post,https://www.facebook.com/share/p/19FYUnMQJ6/,0,0,0,0,0,0,0,0,0,0,
MARILU EUGENIA RAMOS MAMANI,https://www.facebook.com/maria.eugenia.ramos.mamani.2025,sí,,0,0,2025-06-23,post,https://www.facebook.com/share/p/1AzJEmoqwH/,0,0,0,0,0,0,0,0,0,0,
MARILU EUGENIA RAMOS MAMANI,https://www.facebook.com/maria.eugenia.ramos.mamani.2025,sí,,0,0,2025-06-23,post,https://www.facebook.com/share/p/1CFhbWQrts/,0,0,1,0,0,1,0,0,0,0,
MARILU EUGENIA RAMOS MAMANI,https://www.facebook.com/maria.eugenia.ramos.mamani.2025,sí,,0,0,2025-06-23,post,https://www.facebook.com/share/p/1ApC5qKDma/,0,0,0,0,0,0,0,0,0,0,
MARILU EUGENIA RAMOS MAMANI,https://www.facebook.com/maria.eugenia.ramos.mamani.2025,sí,,0,0,2025-06-23,post,https://www.facebook.com/share/p/1CCMpDh71W/,0,0,0,0,0,0,0,0,0,0,
