nombre perfil,url perfil,candidato identificado,creación del perfil,seguidores,seguidos,fecha post,tipo de post,url post,comparticiones,comentarios,reacciones en total,me gusta,me encanta,me divierte,me entristece,me sorprende,me enoja,me importa,contenido
ELIANA RINA ACOSTA QUISPE,https://www.facebook.com/eliana.acosta.3150,sí,,0,0,2025-06-16,reel,/reel/710338448274133/?s=single_unit&__cft__[0]=AZXg-phWPzbY4rl46m_Jv9MU3n39u-e2hwI54Keq2XVE1QgkIF0jje5AVUm56dcNfrYzG-BhykPi4kkFrfOHkfMGB-Lx13rZOkJnLwLgKJR9v1YMSXuEzc6vCsPEDS9lGGPqOzRSJgi8fwqZuDNRe_CUWxRMWBGGbnothvCus-qh2EhrEmGcGoQT27kPmP3pPs8&__tn__=H-R,0,0,0,0,0,0,0,0,0,0,
ELIANA RINA ACOSTA QUISPE,https://www.facebook.com/eliana.acosta.3150,sí,,0,0,2025-06-16,reel,/reel/1085468460160821/?s=single_unit&__cft__[0]=AZVOpgF8kXJov_L2-oIqsQuMTIaZPhNNRPKYjwhidfJ7MZzuUVraD0WhsSWQ00LNHjaNlrI8yC_9gIHP7l7Uno3wPbALFjUdlBl8jIQZ5gz6s0iD__uGnadxTUukgAGj61bELe_ko6aQfMoc6TzSVl8vF5JKUytOyxW0OKouKggHDanz8Df9B5oktkdVwyKmuHw&__tn__=H-R,0,0,0,0,0,0,0,0,0,0,
ELIANA RINA ACOSTA QUISPE,https://www.facebook.com/eliana.acosta.3150,sí,,0,0,2025-06-18,post,https://www.facebook.com/eliana.acosta.3150/posts/pfbid02L4F7pXFaQsaMNLhox6D3cpBdy6eAWQcUx6buAerR5DeBM1hAcGunuUyP9PYHma2fl,1,0,15,14,1,0,0,0,0,0,"Para salir de está CRISIS, ES CON PROPUESTAS CLARAS Y EQUIPO CON CAPACIDAD Y EXPERIENCIA, SAMUEL Y JOSE LUÍS LUPO, EL BINOMIO QUE SABE DE ECONOMÍA, SOLIDO Y CAPAZ, APOYEMOS ESTA TRANSFORMACIÓN #100diascarajo"
ELIANA RINA ACOSTA QUISPE,https://www.facebook.com/eliana.acosta.3150,sí,,0,0,2025-06-23,post,https://www.facebook.com/share/p/16hMKMrwKT/,1,1,12,12,0,0,0,0,0,0,"Proveerse de lo básico se volvió un vía crucis para mucha gente, el encarecimiento de los artículos de la canasta familiar preocupa a cientos de personas y llevar las PROPUESTAS DE SOLUCIÓN A ESTA CRISIS genera esperanza y espectativa en miles, recorrimos  la feria del Mdo. Abasto y mucha GENTE CONFÍA EN LA CAPACIDAD, SOLIDEZ Y EXPERIENCIA DE SAMUEL Y JOSE LUIS LUPO para salir de esta crisis, pongamosle fin este 17 de agosto APOYANDO A SAMUEL DORIA MEDINA #100diascarajo"
