nombre perfil,url perfil,candidato identificado,creación del perfil,seguidores,seguidos,fecha post,tipo de post,url post,comparticiones,comentarios,reacciones en total,me gusta,me encanta,me divierte,me entristece,me sorprende,me enoja,me importa,contenido
MARIA ESTHER GONGORA MIRANDA,https://www.facebook.com/mariaestherasambleista,sí,2021-01-03,1400,0,2025-07-16,post,https://www.facebook.com/share/p/1ELE65Wacm/,0,0,1,1,0,0,0,0,0,0,"MIL FELICIDADES  EN  ESTE  DIA PARA TODOS LOS PACEÑOS. LES DESEA DE TODO CORAZON .
MA. ESTHER GONGORA M.… Ver más"
MARIA ESTHER GONGORA MIRANDA,https://www.facebook.com/mariaestherasambleista,sí,2021-01-03,1400,0,2025-07-16,post,https://www.facebook.com/share/r/1563hh3vsCq/,1,0,9,8,1,0,0,0,0,0,"Caminando por mi querida ciudad de La Paz, visitaremos cada zona, calle paceña llevando nuestro mensaje de TRANSFORMACIÓN PARA BOLIVIA.… Ver más"
MARIA ESTHER GONGORA MIRANDA,https://www.facebook.com/mariaestherasambleista,sí,2021-01-03,1400,0,2025-07-16,post,https://www.facebook.com/share/p/1DtqutxF7X/,0,0,14,12,2,0,0,0,0,0,"Dando el homenaje que se merece mi querida ciudad de La Paz, muchas gracias por todo el cariño recibido en el desfile de teas. 
Seguiremos trabajando e impulsando el de… Ver más"
MARIA ESTHER GONGORA MIRANDA,https://www.facebook.com/mariaestherasambleista,sí,2021-01-03,1400,0,2025-07-17,post,https://www.facebook.com/share/p/19oS2PQ348/,1,1,15,8,5,1,0,0,1,0,"Sumate a nosotros, vamos a transformar Bolivia y llegaremos a cada lugar junto a nuestro Capitán Manfred Reyes Villa. 
Para que la población boliviana nos conozca y con… Ver más"
MARIA ESTHER GONGORA MIRANDA,https://www.facebook.com/mariaestherasambleista,sí,2021-01-03,1400,0,2025-07-17,post,https://www.facebook.com/share/r/1AkxgbhSJd/,1,0,6,4,2,0,0,0,0,0,"De esta manera, estuvimos presentes en el desfile de teas por los 216 aniversarios de la ciudad de La Paz.… Ver más"
MARIA ESTHER GONGORA MIRANDA,https://www.facebook.com/mariaestherasambleista,sí,2021-01-03,1400,0,2025-07-19,post,https://www.facebook.com/mariaestherasambleista/posts/pfbid02GSo7ZycmYJ6vWakHtpaaHXMiuXd3BFKxLztqGGg8Qp6KFwd9uEnzE3VG1htiMCfUl,0,0,0,0,0,0,0,0,0,0,"AHORA ES CUANDO TRANSFORMACIÓN PROFUNDA PARA BOLIVIA 
#ManfredPresidente … Ver más"
MARIA ESTHER GONGORA MIRANDA,https://www.facebook.com/mariaestherasambleista,sí,2021-01-03,1400,0,2025-07-19,post,https://www.facebook.com/share/p/1CRAqnL6Aq/,0,0,0,0,0,0,0,0,0,0,MUY CIERTO#MANFRED PRESIDENTE 
MARIA ESTHER GONGORA MIRANDA,https://www.facebook.com/mariaestherasambleista,sí,2021-01-03,1400,0,2025-07-19,post,https://www.facebook.com/share/p/19NW4W6sS1/,0,0,1,1,0,0,0,0,0,0,
MARIA ESTHER GONGORA MIRANDA,https://www.facebook.com/mariaestherasambleista,sí,2021-01-03,1400,0,2025-07-19,post,https://www.facebook.com/share/v/16hG9Kqjee/,2,3,32,21,10,1,0,0,0,0,"Entrevista con UNITEL en el programa ""Asi decidimos"" en donde les comparto como empezó mi trayectoria en la política y la TRANSFORMACIÓN que hara APB SUMATE para BOLIVI… Ver más"
MARIA ESTHER GONGORA MIRANDA,https://www.facebook.com/mariaestherasambleista,sí,2021-01-03,1400,0,2025-07-20,post,https://www.facebook.com/share/p/19tXtmDh2c/,0,0,4,4,0,0,0,0,0,0,"#ManfredPresidente
#MedranoVicepresidente… Ver más"
MARIA ESTHER GONGORA MIRANDA,https://www.facebook.com/mariaestherasambleista,sí,2021-01-03,1400,0,2025-07-21,post,https://www.facebook.com/share/p/16dYimfrdR/,0,1,13,11,1,1,0,0,0,0,"INAUGURACIÓN DE LA CASA DE CAMPAÑA, VAMOS POR LA TRANSFORMACIÓN PARA BOLIVIA… Ver más"
MARIA ESTHER GONGORA MIRANDA,https://www.facebook.com/mariaestherasambleista,sí,2021-01-03,1400,0,2025-07-22,post,https://www.facebook.com/share/p/15dX8AGC9Y/,0,1,15,12,3,0,0,0,0,0,"Participando en la caminata e inaguración de la  casa de campaña, junto a nuestro Capitán Manfred Reyes Villa recorrimos desde la plaza Eguino hasta llegar a San Pedro.… Ver más"
