nombre perfil,url perfil,candidato identificado,creación del perfil,seguidores,seguidos,fecha post,tipo de post,url post,comparticiones,comentarios,reacciones en total,me gusta,me encanta,me divierte,me entristece,me sorprende,me enoja,me importa,contenido
Luciana Campero,https://www.facebook.com/lu.camperochavez,no,2008-12-01,10000,0,2025-07-02,post,https://www.facebook.com/share/v/1ZDf98nm2G/,89,62,382,334,46,0,0,1,1,0,"En días recientes, he sido blanco de comentarios infundados en un medio de comunicación que dirige el periodista José Pomacusi. Lamento profundamente que una persona co… Ver más"
Luciana Campero,https://www.facebook.com/lu.camperochavez,no,2008-12-01,10000,0,2025-07-02,post,https://www.facebook.com/share/p/16wshJhpez/,615,146,476,375,16,7,40,2,33,3,"Lo viejo, lo nuevo y las mañas del sistema que debemos cambiar. … Ver más"
Luciana Campero,https://www.facebook.com/lu.camperochavez,no,2008-12-01,10000,0,2025-07-04,post,https://www.facebook.com/share/p/1Aa9Tiv3FT/,26,13,181,130,50,0,0,0,0,1,"Feliz aniversario, tierra querida! Hoy Tarija cumple 451 años de historia, lucha y tradición.… Ver más"
Luciana Campero,https://www.facebook.com/lu.camperochavez,no,2008-12-01,10000,0,2025-07-04,post,https://www.facebook.com/share/p/1CTcmLiJEV/,21,47,506,393,101,4,0,0,0,8,"Nos vamos a las calles a defender la democracia!!!
Hoy en Tarija junto a los líderes cruceños Teyo Cochamanidis Garcés y Walter Agustin Zambrana Arze, festejando el 4 d… Ver más"
