nombre perfil,url perfil,candidato identificado,creación del perfil,seguidores,seguidos,fecha post,tipo de post,url post,comparticiones,comentarios,reacciones en total,me gusta,me encanta,me divierte,me entristece,me sorprende,me enoja,me importa,contenido
MINERVA WARA RUEDA LOPEZ,https://www.facebook.com/WaraRuedaDiputadaC32,no,2025-01-20,123,1,2025-07-21,post,https://www.facebook.com/share/p/1XP4wcXKH9/,0,0,4,4,0,0,0,0,0,0,
MINERVA WARA RUEDA LOPEZ,https://www.facebook.com/WaraRuedaDiputadaC32,no,2025-01-20,123,1,2025-07-22,post,2025-07-22,23,8,46,45,1,0,0,0,0,0,
MINERVA WARA RUEDA LOPEZ,https://www.facebook.com/WaraRuedaDiputadaC32,no,2025-01-20,123,1,2025-07-22,post,https://www.facebook.com/share/p/1Cd8GDj8KL/,4,0,20,20,0,0,0,0,0,0,seguimos avanzando
MINERVA WARA RUEDA LOPEZ,https://www.facebook.com/WaraRuedaDiputadaC32,no,2025-01-20,123,1,2025-07-22,post,https://www.facebook.com/share/p/16z9MzR4iy/,1,0,6,5,0,0,0,0,0,1,
MINERVA WARA RUEDA LOPEZ,https://www.facebook.com/WaraRuedaDiputadaC32,no,2025-01-20,123,1,2025-07-23,post,https://www.facebook.com/share/p/1Lxy4SwsUR/,2,0,22,22,0,0,0,0,0,0,
MINERVA WARA RUEDA LOPEZ,https://www.facebook.com/WaraRuedaDiputadaC32,no,2025-01-20,123,1,2025-07-25,post,https://www.facebook.com/share/p/18HkfjZKgF/,4,1,24,24,0,0,0,0,0,0,
MINERVA WARA RUEDA LOPEZ,https://www.facebook.com/WaraRuedaDiputadaC32,no,2025-01-20,123,1,2025-07-25,post,https://www.facebook.com/share/p/1723P6e4T9/,6,0,18,17,0,1,0,0,0,0," ¡Con mucha alegría seguimos avanzando! 
Hoy… Ver más"
MINERVA WARA RUEDA LOPEZ,https://www.facebook.com/WaraRuedaDiputadaC32,no,2025-01-20,123,1,2025-07-25,post,https://www.facebook.com/share/p/15jR8po8W5/,24,4,40,38,2,0,0,0,0,0," Sentimos el calor de la gente 
… Ver más"
MINERVA WARA RUEDA LOPEZ,https://www.facebook.com/WaraRuedaDiputadaC32,no,2025-01-20,123,1,2025-07-26,post,https://www.facebook.com/share/p/1683jWMFDq/,2,0,5,5,0,0,0,0,0,0,
MINERVA WARA RUEDA LOPEZ,https://www.facebook.com/WaraRuedaDiputadaC32,no,2025-01-20,123,1,2025-07-26,post,https://www.facebook.com/share/v/18W1r7LwsW/,16,4,49,41,5,3,0,0,0,0," Wara, mujer joven con vocación de servicio 
C… Ver más"
