nombre perfil,url perfil,candidato identificado,creación del perfil,seguidores,seguidos,fecha post,tipo de post,url post,comparticiones,comentarios,reacciones en total,me gusta,me encanta,me divierte,me entristece,me sorprende,me enoja,me importa,contenido
Jhanisse V. Daza,https://www.facebook.com/jhanisse,no,,9330,0,2025-06-26,post,https://www.facebook.com/share/p/1AciBiYko9/,2,1,65,56,9,0,0,0,0,0,
Jhanisse V. Daza,https://www.facebook.com/jhanisse,no,,9330,0,2025-06-26,post,https://www.facebook.com/share/v/19TYrunXQn/,30,5,154,121,33,0,0,0,0,0,"¡Confirmamos el control electoral en las provincias del país! 
Desde los centros urbanos hasta los rincones más alejados, Bolivia está despertando.
Gracias a un acuerdo con los Comités Cívicos Provinciales, Cuidemos el Voto llegará también al área rural, tantas veces olvidada y hoy protagonista. 
�
Po… Ver más"
Jhanisse V. Daza,https://www.facebook.com/jhanisse,no,,9330,0,2025-06-26,post,https://www.facebook.com/share/p/1AZWxy7zsJ/,2,0,11,11,0,0,0,0,0,0,
Jhanisse V. Daza,https://www.facebook.com/jhanisse,no,,9330,0,2025-06-26,post,https://www.facebook.com/share/p/1LDBzEBAJd/,1,0,47,34,13,0,0,0,0,0,
