nombre perfil,url perfil,candidato identificado,creación del perfil,seguidores,seguidos,fecha post,tipo de post,url post,comparticiones,comentarios,reacciones en total,me gusta,me encanta,me divierte,me entristece,me sorprende,me enoja,me importa,contenido
Jhanisse V. Daza,https://www.facebook.com/jhanisse,no,,9330,0,2025-04-17,post,https://www.facebook.com/share/p/196kuiCjAp/,1,0,6,0,0,0,0,0,0,0,
Jhanisse V. Daza,https://www.facebook.com/jhanisse,no,,9330,0,2025-04-22,post,https://www.facebook.com/share/p/14JEy6XJgnC/,12,0,24,0,0,0,0,0,0,0,
Jhanisse V. Daza,https://www.facebook.com/jhanisse,no,,9330,0,2025-04-24,post,https://www.facebook.com/share/p/16vz3pw1xg/,3,0,17,0,0,0,0,0,0,0,
Jhanisse V. Daza,https://www.facebook.com/jhanisse,no,,9330,0,2025-05-01,post,https://www.facebook.com/share/p/1FK7GPjz6A/,1,0,9,0,0,0,0,0,0,0,
Jhanisse V. Daza,https://www.facebook.com/jhanisse,no,,9330,0,2025-05-06,post,https://www.facebook.com/share/p/1ARGXxnWYG/,1,0,24,0,0,0,0,0,0,0,"Muy merecido premio a una periodista que es referente para muchos, yo incluida 
 nuestros bosques te deben mucho Silvana!!"
Jhanisse V. Daza,https://www.facebook.com/jhanisse,no,,9330,0,2025-05-06,post,https://www.facebook.com/share/p/16jXSTjwkn/,2,3,54,0,0,0,0,0,0,0,"Hoy fue un día de mucho, mucho trabajo, seguido de mi “tiempo libre” que fue todavía más trabajo 
 editando un ensayo de muchas páginas que se publicará pronto y por el cual estoy MUY emocionada, ya que creo que marcará un hito importante en una plataforma internacional de mucho prestigio 
. Es un trabajo escrito en inglés que relata el esfuerzo sobrehumano que hacemos los bolivianos y bolivianas por combatir los incendios y la destrucción de nuestro medio ambiente todos los … Ver más"
Jhanisse V. Daza,https://www.facebook.com/jhanisse,no,,9330,0,2025-05-07,post,https://www.facebook.com/share/p/1Bj1Meo4cb/,5,0,11,0,0,0,0,0,0,0,
Jhanisse V. Daza,https://www.facebook.com/jhanisse,no,,9330,0,2025-05-11,post,https://www.facebook.com/share/p/1Ffxhf73Dk/,1,2,42,0,0,0,0,0,0,0,Esto es lo más sucrense del mundo y me encanta 
Jhanisse V. Daza,https://www.facebook.com/jhanisse,no,,9330,0,2025-05-11,post,https://www.facebook.com/share/p/1ApnZVHP47/,0,0,13,0,0,0,0,0,0,0,
Jhanisse V. Daza,https://www.facebook.com/jhanisse,no,,9330,0,2025-05-11,post,https://www.facebook.com/share/p/1CcmgAVniP/,2,0,7,0,0,0,0,0,0,0,
Jhanisse V. Daza,https://www.facebook.com/jhanisse,no,,9330,0,2025-05-15,post,https://www.facebook.com/share/p/1AyDVnx3kv/,15,2,37,0,0,0,0,0,0,0,"The Journal of Democracy is one of the most respected publications in the world on democratic theory and resistance. Heads of state, renowned scholars, and frontline activists write here to shape how the world understands the fight for freedom.
Now, Bolivia is part of that conversation.
My latest piece was just published there: a firsthand look at how authoritarianism in Bolivia is advancing, not with tanks, but with silence, fear, and fire. This is the story of our brave pe… Ver más"
Jhanisse V. Daza,https://www.facebook.com/jhanisse,no,,9330,0,2025-05-15,post,https://www.facebook.com/share/p/1Azfbag2eG/,5,48,63,0,0,0,0,0,0,0,"Pregunta informal y no-oficial, pero por favor para la gente creativa y con viveza criolla: 
En el caso hipotético imaginario de que estuviesen armando un mega recontra súper control electoral a nivel nacional (y en el extranjero), ¿Qué nombre le pondrían? 
 que sea simple y pegue en redes
Tageen a sus amigos creativos para que dejen ideas por favor 
 gracias"
Jhanisse V. Daza,https://www.facebook.com/jhanisse,no,,9330,0,2025-05-17,post,https://www.facebook.com/jhanisse/posts/pfbid0EyNXdFQqVTkBdjFpHSPfjmgV7gHSsHbJ2csjZqVQNK5vV1XGXh4L7begkrTzgqGbl,0,0,5,0,0,0,0,0,0,0,
Jhanisse V. Daza,https://www.facebook.com/jhanisse,no,,9330,0,2025-05-19,post,https://www.facebook.com/share/p/19KFez6VB4/,4,1,68,0,0,0,0,0,0,0,"Hoy tuve el honor de asistir a la presentación del cuarto informe del Panel de Expertos sobre Venezuela, organizado por la OEA.
Fue un evento muy especial ya que fue la última participación pública del Secretario General Luis Almagro junto al Panel durante su mandato. Y no pudo ser más contundente. Ver al Secretario General tan claro en su apoyo a las víctimas de violaciones a los derechos humanos en Venezuela fue inspirador. La defensa de los derechos humanos necesita de es… Ver más"
Jhanisse V. Daza,https://www.facebook.com/jhanisse,no,,9330,0,2025-05-31,post,https://www.facebook.com/share/p/16fWkWYjh4/,0,0,0,0,0,0,0,0,0,0,
Jhanisse V. Daza,https://www.facebook.com/jhanisse,no,,9330,0,2025-06-04,post,https://www.facebook.com/share/p/16KCec5fxP/,3,2,27,0,0,0,0,0,0,0,
Jhanisse V. Daza,https://www.facebook.com/jhanisse,no,,9330,0,2025-06-05,post,https://www.facebook.com/share/p/16ieJ3eqeh/,0,0,5,0,0,0,0,0,0,0,
Jhanisse V. Daza,https://www.facebook.com/jhanisse,no,,9330,0,2025-06-05,post,https://www.facebook.com/share/p/1F99Mw69JF/,7,10,310,0,0,0,0,0,0,0,"Para defender la democracia hay que aprender de los que saben. Con el Presidente Electo de Venezuela, Edmundo González Urrutia, ganador de las elecciones del 28 de Julio de 2024. Un honor conocerlo en persona y transmitirle el apoyo de bolivianos y bolivianas que entendemos que la democracia en Venezuela está profundamente ligada a la democracia en nuestro país, y que en ambos países nadie se rinde. Me siento muy honrada de conocer y aprender de presidentes y líderes así en e… Ver más"
Jhanisse V. Daza,https://www.facebook.com/jhanisse,no,,9330,0,2025-06-08,post,https://www.facebook.com/share/p/1EtXoBio2b/,9,1,22,0,0,0,0,0,0,0,
Jhanisse V. Daza,https://www.facebook.com/jhanisse,no,,9330,0,2025-06-10,post,https://www.facebook.com/share/p/1CT4beHVip/,3,0,16,0,0,0,0,0,0,0,
Jhanisse V. Daza,https://www.facebook.com/jhanisse,no,,9330,0,2025-06-12,post,https://www.facebook.com/jhanisse/posts/pfbid0MiTE1mUg9KqeF8AXMWXPfqGWxsWdiwxZMdnzRXmniP8UoWW3wnHMK34ytZemGM4Al,0,0,6,0,0,0,0,0,0,0,
