nombre perfil,url perfil,candidato identificado,creación del perfil,seguidores,seguidos,fecha post,tipo de post,url post,comparticiones,comentarios,reacciones en total,me gusta,me encanta,me divierte,me entristece,me sorprende,me enoja,me importa,contenido
MARILU EUGENIA RAMOS MAMANI,https://www.facebook.com/maria.eugenia.ramos.mamani.2025,sí,,0,0,2025-06-26,post,https://www.facebook.com/share/p/1CEUWHNMA8/,0,0,0,0,0,0,0,0,0,0,
MARILU EUGENIA RAMOS MAMANI,https://www.facebook.com/maria.eugenia.ramos.mamani.2025,sí,,0,0,2025-06-26,post,https://www.facebook.com/share/p/1MHAUBaera/,0,0,0,0,0,0,0,0,0,0,
MARILU EUGENIA RAMOS MAMANI,https://www.facebook.com/maria.eugenia.ramos.mamani.2025,sí,,0,0,2025-06-26,post,https://www.facebook.com/maria.eugenia.ramos.mamani.2025/posts/pfbid0qhSDBjE2UNtRuW9aFK5VMmtQEXYmUrxKACqcBufqJFpMUWjgt2NqmvfRsoFStG63l,0,0,0,0,0,0,0,0,0,0,
MARILU EUGENIA RAMOS MAMANI,https://www.facebook.com/maria.eugenia.ramos.mamani.2025,sí,,0,0,2025-06-27,post,https://www.facebook.com/share/p/1GLxrNUfFf/,0,0,0,0,0,0,0,0,0,0,
MARILU EUGENIA RAMOS MAMANI,https://www.facebook.com/maria.eugenia.ramos.mamani.2025,sí,,0,0,2025-06-27,post,https://www.facebook.com/share/p/1FM55vqXBi/,0,0,0,0,0,0,0,0,0,0,
MARILU EUGENIA RAMOS MAMANI,https://www.facebook.com/maria.eugenia.ramos.mamani.2025,sí,,0,0,2025-06-27,reel,/reel/1666151820753833/?s=single_unit&__cft__[0]=AZVkR7pmFs_1ZpZ53e1jEuT4XgX-r8fVrd7a1yGj3P25dV1aWZdB9u5oM8zfN56xojsvrfu2qkDcywbJOAXSOCqdsP5myVSiMIbuNywsRYFOa6XvbVfpyJdvXP2GKVdHl9gq-dQDweqP559oJO_2n-0ejeHEvg8auXLTxV3I256YEVA1r3OAOp60aI0b33nINNE&__tn__=H-R,0,0,0,0,0,0,0,0,0,0,"Karma Chameleon
Song by Culture Club ‧ 1983
- Synth-pop… Ver más"
MARILU EUGENIA RAMOS MAMANI,https://www.facebook.com/maria.eugenia.ramos.mamani.2025,sí,,0,0,2025-06-27,post,https://www.facebook.com/share/p/1ApvZJ8CCA/,0,0,0,0,0,0,0,0,0,0,
MARILU EUGENIA RAMOS MAMANI,https://www.facebook.com/maria.eugenia.ramos.mamani.2025,sí,,0,0,2025-06-27,post,https://www.facebook.com/share/p/15Vm3sxasJ/,0,0,1,0,0,1,0,0,0,0,
MARILU EUGENIA RAMOS MAMANI,https://www.facebook.com/maria.eugenia.ramos.mamani.2025,sí,,0,0,2025-06-27,post,https://www.facebook.com/share/p/1BzdXjbfhT/,0,0,0,0,0,0,0,0,0,0,
MARILU EUGENIA RAMOS MAMANI,https://www.facebook.com/maria.eugenia.ramos.mamani.2025,sí,,0,0,2025-06-28,post,https://www.facebook.com/maria.eugenia.ramos.mamani.2025/posts/pfbid02TTE5GBtRHNynW9f6pgsFJuoh6toDX7aDHKLasHoAgK4fffWnMbcD34HMGa6Q6Ug4l,0,0,0,0,0,0,0,0,0,0,
MARILU EUGENIA RAMOS MAMANI,https://www.facebook.com/maria.eugenia.ramos.mamani.2025,sí,,0,0,2025-06-28,post,https://www.facebook.com/maria.eugenia.ramos.mamani.2025/posts/pfbid01ADXp82b856iGBS876VVqQpqzygsNFmciGoF52SgQLHpeTi7hbuyAZ7bePaEnnubl,0,0,0,0,0,0,0,0,0,0,
MARILU EUGENIA RAMOS MAMANI,https://www.facebook.com/maria.eugenia.ramos.mamani.2025,sí,,0,0,2025-06-28,post,https://www.facebook.com/share/p/16rQ25HszJ/,0,0,1,0,0,1,0,0,0,0,
MARILU EUGENIA RAMOS MAMANI,https://www.facebook.com/maria.eugenia.ramos.mamani.2025,sí,,0,0,2025-06-30,post,https://www.facebook.com/share/p/1RrfqTbNyy/,0,0,0,0,0,0,0,0,0,0,
MARILU EUGENIA RAMOS MAMANI,https://www.facebook.com/maria.eugenia.ramos.mamani.2025,sí,,0,0,2025-06-30,post,https://www.facebook.com/share/p/195UkV18V6/,0,0,0,0,0,0,0,0,0,0,
MARILU EUGENIA RAMOS MAMANI,https://www.facebook.com/maria.eugenia.ramos.mamani.2025,sí,,0,0,2025-06-30,post,https://www.facebook.com/share/p/15rRoReGJm/,0,0,1,0,0,1,0,0,0,0,
MARILU EUGENIA RAMOS MAMANI,https://www.facebook.com/maria.eugenia.ramos.mamani.2025,sí,,0,0,2025-06-30,post,https://www.facebook.com/share/p/19T6C5rjoo/,0,0,0,0,0,0,0,0,0,0,
MARILU EUGENIA RAMOS MAMANI,https://www.facebook.com/maria.eugenia.ramos.mamani.2025,sí,,0,0,2025-06-30,post,https://www.facebook.com/share/p/19RmwGjzrK/,0,0,0,0,0,0,0,0,0,0,
MARILU EUGENIA RAMOS MAMANI,https://www.facebook.com/maria.eugenia.ramos.mamani.2025,sí,,0,0,2025-06-30,post,https://www.facebook.com/share/p/1Aet4zQDDE/,0,0,0,0,0,0,0,0,0,0,
