name,posts publicados,seguidores,siguiendo,comentarios obtenidos,posts compartidos,me gusta,me encanta,me divierte,me entristece,me enoja,me sorprende,me importa,reacciones en total,candidato identificado,url del perfil,creación de perfil
Cinthia Guidi,41,7300,0,45,5288,7097,297,423,24,231,193,29,8292,no,https://www.facebook.com/profile.php?id=100089615726605,2025-06-02
Jaime Dunn - Santa Cruz,41,3200,167,378,1081,4380,498,13,1,0,2,34,4946,no,https://www.facebook.com/ActivismoLibertario,2025-05-27
ROSA TATIANA AÑEZ CARRASCO,35,4200,0,66,232,853,140,9,3,0,1,12,1018,sí,https://www.facebook.com/tatiana.anez.92,2025-05-28
Rolando Schrupp,30,10000,1900,203,198,1174,16,290,90,46,24,14,1654,no,https://www.facebook.com/RolandoSchrupp,2025-06-02
EVA LUZ HUMEREZ ALVEZ,28,6000,3500,42,11,162,86,9,0,1,0,9,400,sí,https://www.facebook.com/eva.luz.humerez/,2025-05-28
Sayuri Loza,26,56000,0,184,191,2453,406,1424,40,22,61,37,4523,no,https://www.facebook.com/sayuri.loza,2025-05-30
Melisa Ibarra,22,58187,0,242,83,353,19,146,2,5,10,1,564,no,https://www.facebook.com/melisa.ibarrarosario.5,2025-06-11
NIRVATH MARITZA VILLENA CARDOZO,21,1900,500,118,279,582,258,3,0,0,0,8,851,no,https://www.facebook.com/nirvathmaritza.villenacardozodelopez,2025-05-28
Coordinadora de la Mujer - Observatorio de Género BO,19,22000,190,42,134,550,142,1,2,3,1,9,708,no,https://www.facebook.com/CoordinadoraBO,2025-05-19
MARILU EUGENIA RAMOS MAMANI,18,0,0,0,0,0,0,3,0,0,0,0,3,sí,https://www.facebook.com/maria.eugenia.ramos.mamani.2025,2025-05-27
Roxana Pérez,18,19000,268,196,167,385,53,8,14,82,12,17,571,no,https://www.facebook.com/RoxanaPerezDelCastillo,2025-05-19
Silvana Mucarzel,18,9800,101,94,123,589,45,15,3,14,22,5,690,no,https://www.facebook.com/silvanamucarzelconcejal,2025-05-19
Roxana Duchên,17,63000,0,6564,23910,16245,1277,125119,67,68,404,241,164020,no,https://www.facebook.com/RoxanaDuchenn,2025-05-27
ERICKA CHAVEZ AGUILERA,17,624,59,85,119,419,74,1,0,0,0,18,512,sí,https://www.facebook.com/erickachavezc45,2025-05-28
Nadia Beller,16,22000,0,152,2199,5398,1466,566,20,82,163,64,7878,no,https://www.facebook.com/nadia.beller.5,2025-05-30
SILVANA MUCARZEL DEMETRY,16,9800,101,91,132,603,43,7,3,14,21,6,697,sí,https://www.facebook.com/silvanamucarzelconcejal/,2025-06-01
Andres Ortega,13,6300,0,22,30,212,20,3,0,0,2,1,241,no,https://www.facebook.com/pensardiferente,2025-05-28
Juventudes Liberales Bolivia ,12,2400,170,3,13,57,2,3,3,0,0,0,65,no,https://www.facebook.com/juventudliberalbolivia,2025-05-28
PAOLA LORENA BARRIGA MACHICAO,12,9700,0,49,99,186,23,0,147,28,30,16,506,sí,https://www.facebook.com/paola.barriga.104,2025-05-28
Melania Torrico,10,20000,2800,116,2,37,1,79,4,12,2,0,253,no,https://www.facebook.com/melania.pericon,2025-05-27
ANDREA BRUNA BARRIENTOS SAHONERO,10,20000,82,160,131,486,52,105,277,4,3,4,931,sí,https://www.facebook.com/AndreaBarrientosCC,2025-06-01
Andrea Barrientos,10,20000,82,171,131,497,53,113,277,4,3,4,951,no,https://www.facebook.com/AndreaBarrientosCC,2025-05-15
Dimelza Rodriguez Quinsamolle,10,2900,17,35,17,143,23,9,2,1,0,4,181,no,https://www.facebook.com/profile.php?id=61570121371268,2025-05-27
YENNY NADYA CLADERA SAENZ,10,3500,595,42,36,103,11,8,1,7,0,1,132,sí,https://www.facebook.com/yenny.claderasaenz/,2025-05-27
Mauro Landivar ,9,31000,182,1182,2766,2784,359,324,16,267,166,25,3941,no,https://www.facebook.com/profile.php?id=61552708002190,2025-05-28
Sara Andrea,9,148000,5,457,176,1009,116,899,11,29,24,6,2055,no,https://www.facebook.com/sarahandreabolivia,2025-05-28
LORENA ANAIZ PEREZ DAVALOS,9,6900,0,24,67,56,6,2,1,5,1,1,72,sí,https://www.facebook.com/lorena.a.davalos,2025-05-27
Mueres Creando,9,63000,67,6,8,8,4,0,0,0,0,1,78,no,https://www.facebook.com/MUJERESCREANDO1,2025-05-19
MARIA ESTHER GONGORA MIRANDA,8,1400,0,7,1,33,5,0,0,0,0,1,39,sí,https://www.facebook.com/mariaestherasambleista,2025-05-27
SHIRLEY MALDONADO ALVAREZ,8,0,0,78,62,229,34,9,0,1,0,1,512,sí,https://www.facebook.com/profile.php?id=61576562194155,2025-05-28
Maria Rene Alvarez ,7,22000,266,37,160,371,61,0,7,14,21,3,477,no,https://www.facebook.com/MReneAlvarezScz,2025-05-15
ROCIO RIVERA CALLE,7,3300,2200,23,5,117,129,13,0,2,0,0,261,no,https://www.facebook.com/rocio.riveracalle,2025-05-27
Natalia Aparicio,7,7400,0,37,74,378,90,2,0,0,2,9,481,no,https://www.facebook.com/la.aparicioooo,2025-05-28
Maria Galindo,7,238000,0,231,193,1943,193,231,3,2,8,12,2390,no,https://www.facebook.com/profile.php?id=100008591051800,2025-05-28
Paola Aguirre ,7,56000,21,783,1868,4624,1103,19,24,19,15,87,6132,no,https://www.facebook.com/paolaaguirremelgar,2025-05-19
CARMEN SOLEDAD CHAPETON TANCARA,6,6000,474,22,25,142,23,9,0,0,0,1,175,sí,https://www.facebook.com/soledad.chapetontancara,2025-05-29
PATRICIA MAGIN ARANCIBIA IBAÑEZ,6,2700,506,52,145,250,37,0,0,0,0,5,357,sí,https://www.facebook.com/patriciamagin.arancibiaibanez,2025-05-28
CECILIA ISABEL REQUENA ZARATE,6,4500,162,15,81,172,3,1,18,2,2,9,207,sí,https://www.facebook.com/CeciliaRequenaZarate,2025-05-30
MARIANA LOPEZ SAAVEDRA,6,565,0,2,2,2,1,8,0,0,0,0,11,no,https://www.facebook.com/mariana.lopezsaavedra.5,2025-05-27
NATTY ELIZABETH FLORES VERASTEGUI,5,5100,0,3,0,22,7,0,1,0,11,0,41,sí,https://www.facebook.com/natty.floresverastegi,2025-05-27
Andrea Cabrera Zambrana ,5,12000,1500,15,60,35,2,5,1,8,12,1,64,no,https://www.facebook.com/andrea.cabrera.1023611,2025-06-01
MARIA BERTHA GUTIERREZ MENDOZA,5,0,0,16,2,128,17,0,0,0,0,3,148,sí,https://www.facebook.com/mariabertha.gutierrezmendoza,2025-06-02
Laura Luisa Nayar,5,38000,107,159,252,1341,234,16,2,19,11,21,1634,no,https://www.facebook.com/luisanayars,2025-05-15
SILVIA MOLLER CHOQUE,5,0,0,0,1,7,0,0,0,0,0,0,7,sí,https://www.facebook.com/silvia.mollerchoque,2025-05-27
YAMILA NUR REYES ORTEGA,4,146,9,28,6,81,50,1,0,0,0,4,136,no,https://www.facebook.com/profile.php?id=61572021665143,2025-05-29
María Patricia Arce,4,31000,16,10,2,88,23,7,0,1,0,3,122,no,https://www.facebook.com/PatriciaArceSitioOficial,2025-05-15
Luciana Campero,4,11000,0,122,65,319,52,1,4,34,23,2,435,no,https://www.facebook.com/lu.camperochavez,2025-05-15
Por la vida de las mujeres,4,16000,123,0,32,47,26,0,24,5,0,6,108,no,https://www.facebook.com/Porlavidadelasmujeres.Bolivia,2025-05-19
Víctimas de Feminicidio e Infanticidio Bolivia ,4,15000,61,0,9,11,0,0,27,17,3,0,58,no,https://www.facebook.com/profile.php?id=100064532303161,2025-05-19
MARINA ISABEL CACHAMBI ALVAREZ,4,791,14,220,219,338,96,2,0,0,0,2,438,sí,https://www.facebook.com/profile.php?id=100063933884078,2025-05-27
Joshua Bellot,4,6800,1700,26,30,53,2,1,0,9,4,1,126,no,https://www.facebook.com/joshua.bellott,2025-05-28
Carla Sandy Claure ,4,11000,0,2,8,83,11,0,0,0,0,1,95,no,https://www.facebook.com/carla.sandy.007,2025-05-28
JACQUELINE CINTIA POVEDA FUENTES,4,0,0,0,1,1,1,0,0,0,0,0,2,no,https://www.facebook.com/cintia.poveda,2025-05-28
GABRIELA MIROSLAVA GONZALES MACHICADO,4,7000,0,27,31,61,2,1,3,27,5,1,100,no,https://www.facebook.com/ggonzalesmachicado,2025-05-29
AZUCENA ALEJANDRA FUERTES MAMANI,4,9700,0,20,14,110,7,1,0,0,0,4,122,sí,https://www.facebook.com/AzucenaFuertesPotosi,2025-05-29
Carola Antezana,4,576,0,31,19,119,40,1,0,1,0,1,162,no,https://www.facebook.com/carola.a.pantoja,2025-05-29
Nelly Flores,4,0,0,0,2,2,0,0,0,0,0,0,2,no,https://www.facebook.com/profile.php?id=100049763891374,2025-06-02
LUCIANA MICHELLE CAMPERO CHAVEZ,4,11000,0,184,86,565,80,1,4,34,23,2,709,sí,https://www.facebook.com/lu.camperochavez,2025-06-02
Jhanisse V. Daza,4,9330,0,6,35,222,55,0,0,0,0,0,277,no,https://www.facebook.com/jhanisse,2025-06-02
Miguel Calderon,4,902,2200,0,1,5,0,0,0,0,0,0,5,no,https://www.facebook.com/miguel.calderongalindo,2025-06-03
Ciberwarmis - Mujeres ayudando a mujeres,3,11000,348,0,10,39,31,0,0,0,0,2,72,no,https://www.facebook.com/Ciberwarmis.bo,2025-05-23
GLADYS HIDALGO GALINDO,3,6100,516,7,4,151,58,0,0,0,0,16,225,no,https://www.facebook.com/gladyshidalgo.galindo,2025-05-27
Susana Bejarano,3,7900,0,273,10,33,1,14,60,0,0,23,423,no,https://www.facebook.com/profile.php?id=772515640,2025-05-29
LEINA SUELY LAVADENZ ROCA,3,0,0,0,0,0,0,0,0,0,0,0,0,no,https://www.facebook.com/leinasuely.lavadenzroca,2025-05-29
Yessica Villarroel Caraballo,3,3700,0,0,0,2,0,1,0,0,0,0,3,no,https://www.facebook.com/yessica.villaroelcaraballo,2025-06-02
Rosario Callejas,3,9500,82,20,38,204,24,9,0,2,1,2,242,no,https://www.facebook.com/RosarioCallejasConcejalGremial,2025-05-15
Quya Reyna ,3,9200,0,22,17,55,14,217,61,6,4,5,361,no,https://www.facebook.com/quya.reyna,2025-05-28
ELIANA RINA ACOSTA QUISPE,3,0,0,3,4,21,5,0,0,0,0,1,27,sí,https://www.facebook.com/eliana.acosta.3150,2025-05-27
MAGDALENA MOGRO LACUNZA,3,1000,2200,3,1,7,1,0,0,0,0,0,8,sí,https://www.facebook.com/magda.mogrolacunza,2025-05-30
LUCILA MENDIETA PEREZ,2,2400,111,0,2,7,0,0,0,0,0,0,7,sí,https://www.facebook.com/lucila.mendietaperez,2025-05-28
MARLENE FERNANDEZ MEJIAS,2,59,3,0,3,1,0,0,0,0,0,0,1,sí,https://www.facebook.com/profile.php?id=61570246115119,2025-05-27
Omarth Luna,2,4700,0,16,4,52,8,6,0,0,1,0,67,no,https://www.facebook.com/OmarthLuna/,2025-05-27
Jorge Copa,2,3800,281,0,0,1,0,0,0,0,0,0,1,no,https://www.facebook.com/jorge.copa.716,2025-05-27
Sofi Rocha,2,8000,2000,8,1,35,15,6,0,0,1,0,57,no,https://www.facebook.com/sofi.rocha.12,2025-05-27
Feminismo Comunitario Antipatriarcal,2,35000,124,1,471,336,221,0,11,0,1,57,626,no,https://www.facebook.com/feminismo.comunitario.Antipatriarcal,2025-05-19
Pan y Rosas Bolivia,2,10000,257,1,31,27,10,1,0,0,0,6,44,no,https://www.facebook.com/panyrosasdebolivia,2025-05-19
YHISSEL MARISOL DAVALO LANCEA,2,2700,631,48,68,186,65,6,0,0,0,3,260,sí,https://www.facebook.com/nenita.savedra.7,2025-06-02
Walaichas WASAS ,2,1700,18,1,1,7,0,0,11,11,0,0,29,no,https://www.facebook.com/profile.php?id=100082900523964,2025-05-19
Capiguara Libertaria,2,0,0,0,0,0,0,0,0,0,0,0,0,no,https://www.facebook.com/luisita.balbian,2025-06-02
KARINA PATRICIA LIEBERS CACERES,2,279,0,168,64,354,157,2,0,0,0,9,522,sí,https://www.facebook.com/karinalc3,2025-05-27
CAROLINA ALIZON CHINO NICOLAS,2,6600,0,0,0,0,0,0,0,0,0,0,0,sí,https://www.facebook.com/carolinaalizon.chinonicolas/,2025-05-27
Mamás Sororas de Bolivia ,1,13000,0,0,0,5,0,0,0,0,0,0,5,no,https://www.facebook.com/MamasSororasBolivia,2025-05-19
Erika J. Rivera,1,5300,332,0,2,2,0,0,0,0,0,1,3,no,https://www.facebook.com/erikajimena.riveravargas,2025-05-28
Clau Pami'sh Rzy ,1,4100,0,18,5,33,12,2,0,0,0,1,48,no,https://www.facebook.com/pamizapatachu/,2025-05-27
ASUNTA FLORES SUAREZ,1,987,0,0,0,0,0,0,0,0,0,0,0,no,https://www.facebook.com/asunta.floressuarez.5,2025-05-28
ROSS MARY BRAVO SALAZAR,1,5200,1500,0,0,2,2,0,0,0,0,0,4,sí,https://www.facebook.com/RBSVGR/,2025-05-28
Daniela Cabrera,1,7000,100,0,0,0,0,0,0,0,0,0,0,no,https://www.facebook.com/DanielaCabreraConcejal,2025-05-15
Lourdes Chambilla,1,3200,611,2,0,7,0,3,0,0,0,0,10,no,https://www.facebook.com/LuliChambilla,2025-05-19
ROSARIO RANET RODRIGUEZ PERALES,1,0,0,0,0,0,0,0,0,0,0,0,0,no,https://www.facebook.com/rosario.rodriguezperales,2025-06-23
Frente LIBRE ,1,1300,84,0,0,0,0,0,0,0,0,0,0,no,https://www.facebook.com/FrenteLiberalRepublicano,2025-06-02
YESENIA YARHUI ALBINO,1,12000,235,39,221,256,18,2,1,1,0,2,280,sí,https://www.facebook.com/yarhuiyesenia,2025-05-28
DANIELA CABRERA GUILLEN,1,7000,100,0,0,0,0,0,0,0,0,0,0,sí,https://www.facebook.com/DanielaCabreraConcejal,2025-05-27
DIANA PATRICIA PAPUTSAKIS BURGOS,1,5900,0,2,2,39,4,0,0,0,0,1,44,sí,https://www.facebook.com/patricia.paputsakisburgos,2025-06-02
BETTY NANCY GARCIA MARTINEZ,1,236,363,0,0,4,0,0,0,0,0,0,4,no,https://www.facebook.com/bettynancy.garciamartinez/,2025-05-29
Ana Lucía Velasco,1,2000,0,2,1,17,2,2,0,0,0,2,23,no,https://www.facebook.com/anavelascou,2025-05-29
CLAUDIA SALGUERO GONZALES,1,6400,0,2,0,3,0,0,0,0,0,0,3,no,https://www.facebook.com/claudia.salguerogonzales.9,2025-06-24
TORIBIA LERO QUISPE,1,3700,0,5,1,0,0,0,16,0,0,0,22,sí,https://www.facebook.com/toribia.leroquispe,2025-05-27
CARMEN ROSA SANDOVAL CASTRO,1,1700,0,0,0,0,0,0,0,0,0,0,0,no,https://www.facebook.com/carmenrosa.sandovalcastro,2025-06-24
Revuelta Malcriada,1,6900,41,4,3,16,0,0,0,0,1,0,17,no,https://www.facebook.com/ninasmalcriadasbolivia,2025-05-19
Rubi Garcia,1,15000,0,0,0,6,0,0,0,0,0,0,6,no,https://www.facebook.com/rubi.garcia.360686/,2025-05-27
