name,posts publicados,seguidores,siguiendo,comentarios obtenidos,posts compartidos,me gusta,me encanta,me divierte,me entristece,me enoja,me sorprende,me importa,reacciones en total,candidato identificado,url del perfil,creación de perfil
Maria Galindo,429,238000,0,14353,14588,48602,9854,4836,199,1968,1747,651,116246,no,https://www.facebook.com/profile.php?id=100008591051800,2025-05-28
Nadia Beller,391,22000,0,3730,27794,25033,4353,7073,2159,2660,1551,690,77557,no,https://www.facebook.com/nadia.beller.5,2025-05-30
Sayuri Loza,326,56000,0,3133,9317,31359,8461,15061,7230,4184,1978,1024,94041,no,https://www.facebook.com/sayuri.loza,2025-05-30
Mamás Sororas de Bolivia ,277,13000,0,930,6923,4006,698,466,395,403,91,84,8165,no,https://www.facebook.com/MamasSororasBolivia,2025-05-19
Andrea Cabrera Zambrana ,276,12000,1500,455,552,2562,473,506,86,108,91,51,4085,no,https://www.facebook.com/andrea.cabrera.1023611,2025-06-01
Lilibeth Coimbra ,267,63000,0,14090,11302,45569,5736,13217,3251,1496,2121,417,88710,no,https://www.facebook.com/LilibethCoimbra1,2025-05-27
Capiguara Libertaria,261,0,0,2120,4452,12528,1790,1668,260,502,195,158,21331,no,https://www.facebook.com/luisita.balbian,2025-06-02
Coordinadora de la Mujer - Observatorio de Género BO,220,22000,190,340,1744,4322,691,34,5,4,8,56,6072,no,https://www.facebook.com/CoordinadoraBO,2025-05-19
Sara Andrea,211,148000,5,17317,23331,65225,6444,16426,1673,1003,1443,454,187007,no,https://www.facebook.com/sarahandreabolivia,2025-05-28
Jimena Antelo,204,354000,125,12357,2227,11382,1228,6859,176,1392,369,95,31981,no,https://www.facebook.com/JimenaAnteloOficial,2025-05-27
Roxana Duchên,204,63000,0,47997,135305,126969,16793,282782,1145,618,2030,1539,706966,no,https://www.facebook.com/RoxanaDuchenn,2025-05-27
Erika J. Rivera,200,5300,332,91,229,470,81,3,6,12,4,3,1063,no,https://www.facebook.com/erikajimena.riveravargas,2025-05-28
Melania Torrico,187,20000,2800,1660,406,1565,210,1460,134,257,103,24,5158,no,https://www.facebook.com/melania.pericon,2025-05-27
Nelly Flores,166,0,0,87,20,143,13,3,0,0,1,1,184,no,https://www.facebook.com/profile.php?id=100049763891374,2025-06-02
Cinthia Guidi,159,7300,0,147,15169,21607,768,1045,319,460,421,90,24842,no,https://www.facebook.com/profile.php?id=100089615726605,2025-06-02
Susana Bejarano,157,7900,0,4491,2215,6729,693,815,623,304,412,174,17878,no,https://www.facebook.com/profile.php?id=772515640,2025-05-29
Quya Reyna ,142,9200,0,6242,9607,10751,2738,2505,289,392,237,359,36411,no,https://www.facebook.com/quya.reyna,2025-05-28
ROSA TATIANA AÑEZ CARRASCO,139,4200,0,139,661,1999,291,11,8,0,1,18,2572,sí,https://www.facebook.com/tatiana.anez.92,2025-05-28
EVA LUZ HUMEREZ ALVEZ,117,6000,3500,172,75,1011,485,72,38,15,3,27,1786,sí,https://www.facebook.com/eva.luz.humerez/,2025-05-28
Natalia Aparicio,115,7400,0,596,511,2107,455,117,37,32,26,44,4819,no,https://www.facebook.com/la.aparicioooo,2025-05-28
Sofi Rocha,114,8000,2000,1729,3582,4383,978,326,86,230,72,69,8129,no,https://www.facebook.com/sofi.rocha.12,2025-05-27
Ana Lucía Velasco,104,2000,0,715,293,754,240,134,81,29,54,23,3025,no,https://www.facebook.com/anavelascou,2025-05-29
Jhanisse V. Daza,100,9330,0,304,714,2423,711,6,57,10,15,50,4999,no,https://www.facebook.com/jhanisse,2025-06-02
Jeanine Añez,99,380000,39,30249,10798,34919,4459,5019,4270,1936,398,844,103580,no,https://www.facebook.com/jeanineanezc,2025-05-30
Rolando Schrupp,96,10000,1900,578,1404,2968,73,653,103,92,35,20,5889,no,https://www.facebook.com/RolandoSchrupp,2025-06-02
PAOLA LORENA BARRIGA MACHICAO,93,9700,0,356,1334,2608,698,41,273,207,138,146,4228,sí,https://www.facebook.com/paola.barriga.104,2025-05-28
Dimelza Rodriguez Quinsamolle,90,2900,17,369,739,739,95,120,11,28,4,12,1461,no,https://www.facebook.com/profile.php?id=61570121371268,2025-05-27
Miguel Calderon,89,902,2200,45,29,173,17,34,2,3,2,0,267,no,https://www.facebook.com/miguel.calderongalindo,2025-06-03
Jaime Dunn - Santa Cruz,89,3200,167,492,1683,5351,606,20,5,1,5,40,6192,no,https://www.facebook.com/ActivismoLibertario,2025-05-27
Melisa Ibarra,89,58187,0,1217,357,1023,40,390,35,35,81,2,3564,no,https://www.facebook.com/melisa.ibarrarosario.5,2025-06-11
Por la vida de las mujeres,89,16000,123,71,315,853,237,46,131,95,12,37,1683,no,https://www.facebook.com/Porlavidadelasmujeres.Bolivia,2025-05-19
VALENTINA VERONICA LLANOS BARRON,86,1100,461,7,16,37,4,0,0,1,1,0,43,sí,https://www.facebook.com/valentinaveronica.llanosbarron.3/,2025-05-28
PATRICIA MAGIN ARANCIBIA IBAÑEZ,85,2700,506,205,411,960,114,16,0,2,0,10,1205,sí,https://www.facebook.com/patriciamagin.arancibiaibanez,2025-05-28
AZUCENA ALEJANDRA FUERTES MAMANI,78,9700,0,662,196,2021,313,186,32,40,12,246,2853,sí,https://www.facebook.com/AzucenaFuertesPotosi,2025-05-29
SILVIA MOLLER CHOQUE,78,0,0,14,11,74,4,2,0,0,0,4,98,sí,https://www.facebook.com/silvia.mollerchoque,2025-05-27
MAGDALENA MOGRO LACUNZA,77,1000,2200,49,12,108,25,0,2,1,0,0,137,sí,https://www.facebook.com/magda.mogrolacunza,2025-05-30
Víctimas de Feminicidio e Infanticidio Bolivia ,75,15000,61,725,2914,1110,43,9,1750,1554,177,9,7551,no,https://www.facebook.com/profile.php?id=100064532303161,2025-05-19
CARMEN SOLEDAD CHAPETON TANCARA,74,6000,474,175,278,904,142,20,23,10,11,14,1130,sí,https://www.facebook.com/soledad.chapetontancara,2025-05-29
Roxana Pérez,74,19000,268,669,737,1007,142,21,69,108,37,39,1729,no,https://www.facebook.com/RoxanaPerezDelCastillo,2025-05-19
Carola Antezana,73,576,0,266,67,596,274,17,13,28,13,39,1340,no,https://www.facebook.com/carola.a.pantoja,2025-05-29
MARILU EUGENIA RAMOS MAMANI,71,0,0,0,0,1,0,4,0,0,0,0,5,sí,https://www.facebook.com/maria.eugenia.ramos.mamani.2025,2025-05-27
LUCIANA MICHELLE CAMPERO CHAVEZ,69,11000,0,1882,3314,8425,1641,116,79,843,239,120,11216,sí,https://www.facebook.com/lu.camperochavez,2025-06-02
PAULA PAXI SUXO,68,2300,265,11,13,98,6,4,0,0,2,0,90,sí,https://www.facebook.com/profile.php?id=100076489905888,2025-05-30
SILVANA MUCARZEL DEMETRY,67,9800,101,861,1160,4956,984,49,11,168,116,56,6490,sí,https://www.facebook.com/silvanamucarzelconcejal/,2025-06-01
Mauro Landivar ,64,31000,182,6638,14772,10789,1383,6131,98,1313,680,66,26835,no,https://www.facebook.com/profile.php?id=61552708002190,2025-05-28
ERICKA CHAVEZ AGUILERA,63,624,59,297,574,967,218,1,0,0,1,45,1500,sí,https://www.facebook.com/erickachavezc45,2025-05-28
MARIA ESTHER GONGORA MIRANDA,63,1400,0,51,40,263,39,0,9,3,0,3,342,sí,https://www.facebook.com/mariaestherasambleista,2025-05-27
MARIA BERTHA GUTIERREZ MENDOZA,63,0,0,100,68,718,127,25,42,14,5,63,1015,sí,https://www.facebook.com/mariabertha.gutierrezmendoza,2025-06-02
ANDREA BRUNA BARRIENTOS SAHONERO,62,20000,82,953,693,2589,286,886,358,183,45,23,4702,sí,https://www.facebook.com/AndreaBarrientosCC,2025-06-01
Rubi Garcia,62,15000,0,506,2057,1346,69,60,65,113,87,7,2614,no,https://www.facebook.com/rubi.garcia.360686/,2025-05-27
Justicia Por Las Niñas ,61,7100,3300,1281,6859,3565,402,32,2053,3009,392,138,9969,no,https://www.facebook.com/justicia.ninos,2025-05-19
Ciberwarmis - Mujeres ayudando a mujeres,61,11000,348,59,401,217,123,0,0,0,0,19,1176,no,https://www.facebook.com/Ciberwarmis.bo,2025-05-23
DIANA PATRICIA PAPUTSAKIS BURGOS,58,5900,0,81,60,593,117,2,14,0,0,7,884,sí,https://www.facebook.com/patricia.paputsakisburgos,2025-06-02
El Confesionario UCB ,57,29000,76,402,96,766,52,370,33,33,268,5,2177,no,https://www.facebook.com/profile.php?id=100063830662612,2025-05-19
LORENA ANAIZ PEREZ DAVALOS,56,6900,0,36,91,203,75,11,5,6,4,2,303,sí,https://www.facebook.com/lorena.a.davalos,2025-05-27
Feminismo Comunitario Antipatriarcal,56,35000,124,29,805,583,261,5,15,1,3,79,1188,no,https://www.facebook.com/feminismo.comunitario.Antipatriarcal,2025-05-19
DANIELA CABRERA GUILLEN,55,7000,100,2691,5421,16619,151,146,61,27,46,19,17082,sí,https://www.facebook.com/DanielaCabreraConcejal,2025-05-27
La Pesada Subversiva ,53,5400,6,647,708,851,512,81,4,9,3,73,3368,no,https://www.facebook.com/LaPesadaSubversiva,2025-05-19
Nadia Montaño,53,13000,1900,346,189,190,35,4,0,0,1,2,2594,no,https://www.facebook.com/nadiamontanortiz,2025-05-29
CECILIA ISABEL REQUENA ZARATE,53,4500,162,79,956,1174,69,2,44,128,16,39,1574,sí,https://www.facebook.com/CeciliaRequenaZarate,2025-05-30
Andres Ortega,51,6300,0,81,143,758,49,32,1,3,7,3,856,no,https://www.facebook.com/pensardiferente,2025-05-28
Rosario Callejas,50,9500,82,385,880,2869,204,122,22,27,14,29,1314,no,https://www.facebook.com/RosarioCallejasConcejalGremial,2025-05-15
CAROLINA ALIZON CHINO NICOLAS,50,6600,0,12,9,62,40,6,0,0,1,4,123,sí,https://www.facebook.com/carolinaalizon.chinonicolas/,2025-05-27
Mueres Creando,50,63000,67,69,225,626,85,10,7,2,3,16,591,no,https://www.facebook.com/MUJERESCREANDO1,2025-05-19
MARIA KHALINE MORENO CARDENAS,45,20000,182,239,364,1313,387,72,6,15,0,29,1957,sí,https://www.facebook.com/profile.php?id=100048470096823,2025-06-02
Juventudes Liberales Bolivia ,43,2400,170,21,29,136,9,27,10,3,1,0,207,no,https://www.facebook.com/juventudliberalbolivia,2025-05-28
Silvana Mucarzel,43,9800,101,508,612,1248,160,24,6,19,40,19,1187,no,https://www.facebook.com/silvanamucarzelconcejal,2025-05-19
ROSS MARY BRAVO SALAZAR,42,5200,1500,23,29,312,21,4,0,3,1,1,311,sí,https://www.facebook.com/RBSVGR/,2025-05-28
Carla Sandy Claure ,37,11000,0,330,156,378,41,79,20,17,13,4,891,no,https://www.facebook.com/carla.sandy.007,2025-05-28
Angirü Bolivia ,37,4900,0,4,19,45,0,0,0,0,0,1,152,no,https://www.facebook.com/ColectivoAngiru,2025-05-19
YENNY NADYA CLADERA SAENZ,35,3500,595,276,360,671,105,14,4,12,10,14,1118,sí,https://www.facebook.com/yenny.claderasaenz/,2025-05-27
YESENIA YARHUI ALBINO,34,12000,235,14431,63651,50381,1819,2064,183,1656,492,114,55085,sí,https://www.facebook.com/yarhuiyesenia,2025-05-28
MARLENE FERNANDEZ MEJIAS,32,59,3,4,39,34,10,0,1,0,0,0,46,sí,https://www.facebook.com/profile.php?id=61570246115119,2025-05-27
FABIOLA SIRPA LLUSCO,30,3000,0,4,5,17,0,13,0,0,0,0,30,sí,https://www.facebook.com/fabiola.sirpallusco,2025-05-28
YHISSEL MARISOL DAVALO LANCEA,30,2700,631,142,77,470,169,12,79,1,1,10,718,sí,https://www.facebook.com/nenita.savedra.7,2025-06-02
Andrea Vaca Barbery ,30,38000,49,131,403,1175,310,3,3,0,0,20,1943,no,https://www.facebook.com/andreavacabarbery,2025-05-27
Paola Aguirre ,29,56000,21,2695,2782,6578,1597,32,26,21,15,127,10816,no,https://www.facebook.com/paolaaguirremelgar,2025-05-19
ELIANA RINA ACOSTA QUISPE,28,0,0,80,38,277,57,9,0,0,1,3,363,sí,https://www.facebook.com/eliana.acosta.3150,2025-05-27
NIRVATH MARITZA VILLENA CARDOZO,28,1900,500,222,343,959,444,3,0,0,2,15,1422,no,https://www.facebook.com/nirvathmaritza.villenacardozodelopez,2025-05-28
Walaichas WASAS ,28,1700,18,449,1962,842,667,120,226,29,2,28,3618,no,https://www.facebook.com/profile.php?id=100082900523964,2025-05-19
Maria Rene Alvarez ,26,22000,266,148,587,930,181,3,10,79,38,16,1344,no,https://www.facebook.com/MReneAlvarezScz,2025-05-15
María Patricia Arce,26,31000,16,140,92,536,49,45,75,16,18,3,477,no,https://www.facebook.com/PatriciaArceSitioOficial,2025-05-15
Batalla Cultural.Bo,26,12000,0,905,4409,7714,272,86,4,14,19,31,8071,no,https://www.facebook.com/profile.php?id=61574943372897,2025-05-29
Pan y Rosas Bolivia,24,10000,257,84,350,51,30,1,0,0,0,8,762,no,https://www.facebook.com/panyrosasdebolivia,2025-05-19
Andrea Barrientos,24,20000,82,488,243,989,121,363,281,21,7,9,1780,no,https://www.facebook.com/AndreaBarrientosCC,2025-05-15
Wikimedistas de Bolivia,24,4300,0,1,47,5,0,0,0,0,0,0,96,no,https://www.facebook.com/wikimedistasdebolivia,2025-05-19
Laura Luisa Nayar,23,38000,107,534,769,2602,445,41,14,33,14,43,3777,no,https://www.facebook.com/luisanayars,2025-05-15
Salvaginas ,23,9500,431,0,29,26,1,0,0,0,0,1,56,no,https://www.facebook.com/ecofeministasBolivia,2025-05-19
Articulación Feminista Wañuchun Machocracia ,22,5600,29,7,84,0,0,0,0,0,0,0,190,no,https://www.facebook.com/articulacionfeministacochabamba,2025-05-19
MARINA ISABEL CACHAMBI ALVAREZ,19,791,14,931,1057,2322,437,30,0,0,0,18,2807,sí,https://www.facebook.com/profile.php?id=100063933884078,2025-05-27
Clau Pami'sh Rzy ,18,4100,0,350,399,498,78,64,2,50,8,17,935,no,https://www.facebook.com/pamizapatachu/,2025-05-27
NATTY ELIZABETH FLORES VERASTEGUI,17,5100,0,56,2,533,157,0,12,0,12,23,809,sí,https://www.facebook.com/natty.floresverastegi,2025-05-27
LUCILA MENDIETA PEREZ,16,2400,111,0,10,14,0,0,2,0,0,2,18,sí,https://www.facebook.com/lucila.mendietaperez,2025-05-28
Cunumis Feministas ,16,1800,0,8,16,22,10,0,0,0,0,0,65,no,https://www.facebook.com/profile.php?id=100064855967374#,2025-05-19
TOMASA YARHUI JACOME,15,2100,65,7,4,83,10,2,0,0,0,1,115,sí,https://www.facebook.com/TomasaYarhuiJ,2025-05-30
KARINA PATRICIA LIEBERS CACERES,15,279,0,279,85,740,338,4,0,0,0,23,1028,sí,https://www.facebook.com/karinalc3,2025-05-27
Yessica Villarroel Caraballo,14,3700,0,0,4,8,0,3,0,0,0,0,51,no,https://www.facebook.com/yessica.villaroelcaraballo,2025-06-02
Mochas Copleras,13,5200,96,2,45,0,0,0,0,0,0,0,163,no,https://www.facebook.com/mochas.copleras,2025-05-19
DIANA ROCIO ROSALES MAMANI,12,707,0,0,0,5,6,2,0,0,0,0,13,sí,https://www.facebook.com/diana.mamani.967,2025-05-28
YAMILA NUR REYES ORTEGA,12,146,9,42,20,168,96,1,0,0,0,4,269,no,https://www.facebook.com/profile.php?id=61572021665143,2025-05-29
CLAUDIA MALLON VARGAS,12,5000,58,9,7,16,4,1,0,0,0,0,25,sí,https://www.facebook.com/ClauMallon/,2025-06-02
JESSICA ANNE JORDAN BURTON,11,0,0,152,12,214,127,7,2,0,0,67,417,sí,https://www.facebook.com/jessicajordanb,2025-06-01
Luciana Campero,11,11000,0,418,220,662,130,3,6,62,50,6,1897,no,https://www.facebook.com/lu.camperochavez,2025-05-15
Red LB Bol ,11,3900,92,3,12,50,30,0,0,0,0,4,112,no,https://www.facebook.com/red.lbbol,2025-05-19
JACQUELINE CINTIA POVEDA FUENTES,11,0,0,0,1,3,1,0,0,0,0,0,4,no,https://www.facebook.com/cintia.poveda,2025-05-28
MARIANA LOPEZ SAAVEDRA,10,565,0,2,2,3,1,8,0,0,0,0,12,no,https://www.facebook.com/mariana.lopezsaavedra.5,2025-05-27
Warmi Pachakuti ,10,347,0,8,59,88,41,0,0,1,0,5,249,no,https://www.facebook.com/warmi.pachakuti,2025-05-27
SHIRLEY MALDONADO ALVAREZ,10,0,0,80,63,273,44,9,0,1,0,1,566,sí,https://www.facebook.com/profile.php?id=61576562194155,2025-05-28
ROCIO RIVERA CALLE,10,3300,2200,39,9,191,176,25,0,2,0,1,395,no,https://www.facebook.com/rocio.riveracalle,2025-05-27
Joshua Bellot,10,6800,1700,50,45,184,18,7,0,9,4,2,251,no,https://www.facebook.com/joshua.bellott,2025-05-28
GABRIELA MIROSLAVA GONZALES MACHICADO,8,7000,0,35,34,86,6,1,3,27,5,4,143,no,https://www.facebook.com/ggonzalesmachicado,2025-05-29
TORIBIA LERO QUISPE,8,3700,0,41,59,73,4,0,39,5,2,4,133,sí,https://www.facebook.com/toribia.leroquispe,2025-05-27
Adriana Salvatierra,8,242000,4,3645,816,1013,246,258,37,10,5,67,14885,no,https://www.facebook.com/Adriana1989sa,2025-05-27
LEINA SUELY LAVADENZ ROCA,7,0,0,0,0,1,0,0,0,0,0,0,1,no,https://www.facebook.com/leinasuely.lavadenzroca,2025-05-29
GLADYS HIDALGO GALINDO,6,6100,516,7,5,157,58,0,0,0,0,16,231,no,https://www.facebook.com/gladyshidalgo.galindo,2025-05-27
Omarth Luna,6,4700,0,19,9,66,11,32,0,0,1,0,67,no,https://www.facebook.com/OmarthLuna/,2025-05-27
Lourdes Chambilla,5,3200,611,8,3,22,1,5,0,0,0,0,53,no,https://www.facebook.com/LuliChambilla,2025-05-19
FELIPA RAMOS MAMANI,5,0,0,26,0,10,0,0,1,0,2,0,13,sí,https://www.facebook.com/felipa.ramosmamani.9,2025-05-28
Daniela Cabrera,5,7000,100,0,0,9,1,1,0,0,0,0,24,no,https://www.facebook.com/DanielaCabreraConcejal,2025-05-15
CLAUDIA ALIDA SALAS TAMBARE,5,51,0,53,13,163,59,0,0,0,0,2,318,sí,https://www.facebook.com/claudiaalida.salastambare,2025-05-28
Revuelta Malcriada,4,6900,41,4,9,27,0,2,0,1,1,0,36,no,https://www.facebook.com/ninasmalcriadasbolivia,2025-05-19
MARY ISABEL DEL LLANO ARCHONDO,4,0,0,17,1,68,59,0,0,0,0,5,132,sí,https://www.facebook.com/mary.delllano,2025-06-01
CARMEN ROSA SANDOVAL CASTRO,4,1700,0,0,0,0,1,0,0,0,0,0,1,no,https://www.facebook.com/carmenrosa.sandovalcastro,2025-06-24
Jorge Copa,3,3800,281,0,0,1,0,0,0,0,0,0,1,no,https://www.facebook.com/jorge.copa.716,2025-05-27
YOLANDA YHARSINA RENGIFO MUR,3,603,55,0,0,5,4,0,0,0,0,0,9,sí,https://www.facebook.com/people/Yharsina-Rengifo-Diputada-por-Chuquisaca/100064235523785/,2025-05-28
Sonia Montaño,3,0,0,36,1,104,65,0,0,0,0,18,187,no,https://www.facebook.com/sonia.montano.2016,2025-05-27
ROSARIO RANET RODRIGUEZ PERALES,3,0,0,0,0,0,0,0,0,0,0,0,0,no,https://www.facebook.com/rosario.rodriguezperales,2025-06-23
Frente LIBRE ,3,1300,84,0,1,2,0,0,0,0,0,0,2,no,https://www.facebook.com/FrenteLiberalRepublicano,2025-06-02
NOELIA QUECAÑO OQUENDO,2,2000,284,1,0,19,20,0,0,0,0,0,39,no,https://www.facebook.com/noelia.oquendo.96,2025-05-28
ASUNTA FLORES SUAREZ,2,987,0,0,0,0,0,0,0,0,0,0,0,no,https://www.facebook.com/asunta.floressuarez.5,2025-05-28
Sofi Rojas,2,0,0,0,0,0,0,0,0,0,0,0,0,no,https://www.facebook.com/sofi.rojas99,2025-06-02
MILDRET YAÑEZ INOFUENTES,1,1700,0,0,0,0,0,0,0,0,0,0,0,no,https://www.facebook.com/mildret.inofuentes,2025-05-28
CLAUDIA SALGUERO GONZALES,1,6400,0,2,0,3,0,0,0,0,0,0,3,no,https://www.facebook.com/claudia.salguerogonzales.9,2025-06-24
EMPERATRIZ JHOSELIN GUTIERREZ ESPINOZA,1,3000,34,15,0,84,34,0,0,0,1,11,130,no,https://www.facebook.com/emperatriz.gutierrez.espinoza,2025-05-27
SALMA TOBIAS PAZ,1,4200,627,0,0,0,0,0,0,0,0,0,0,no,https://www.facebook.com/salma.tobias,2025-06-01
BETTY NANCY GARCIA MARTINEZ,1,236,363,0,0,4,0,0,0,0,0,0,4,no,https://www.facebook.com/bettynancy.garciamartinez/,2025-05-29
MARCELA ORELLANA BEJARANO,1,0,0,0,1,0,0,0,0,0,0,0,0,no,https://www.facebook.com/marcela.orellanabejarano,2025-05-29
Allele,1,938,19,0,5,0,0,0,0,0,0,0,24,no,https://www.facebook.com/AleleenBolivia,2025-05-27
YESSICA PRISILA DANTES ESCALANTE,1,5400,1700,7,1,84,31,0,0,0,0,1,116,no,https://www.facebook.com/prisila.dantesescalante,2025-05-27
Avanza Libertad Bolivia ,1,371,5,0,7,13,2,0,0,0,0,0,15,no,https://www.facebook.com/profile.php?id=61554129437310,2025-06-02
AVIGAIL MOLINA MARISCAL,1,0,0,0,0,0,0,0,0,0,0,0,3,no,https://www.facebook.com/avigail.mariscalmolina,2025-05-27
YAMELLY ROSMERY CALLE CONDORI,1,0,0,0,0,0,0,0,0,0,0,0,0,no,https://www.facebook.com/yameli.callecondori,2025-05-28
