nombre perfil,url perfil,snapshot_date,creación del perfil,candidato identificado,seguidores,seguidos,fecha post,tipo de post,url post,comparticiones,comentarios,reacciones en total,me gusta,me encanta,me divierte,me entristece,me sorprende,me enoja,me importa,contenido
TORIBIA LERO QUISPE,https://www.facebook.com/toribia.leroquispe,2025-06-05,,sí,191,0,2025-04-16,post,https://www.facebook.com/share/14FmiHYuKU3/,0,0,0,0,0,0,0,0,0,0,Kaymanta ñaypajman allin jamusqa Kachun qampaj.
TORIBIA LERO QUISPE,https://www.facebook.com/toribia.leroquispe,2025-06-05,,sí,191,0,2025-05-05,post,https://www.facebook.com/share/p/1AvzBqE8ts/,58,31,101,65,4,0,23,2,3,4,"Tata Felix Becerra, él fué un verdadero lider que defendió a nuestra organizacion CONAMAQ, en represalia el regimen MASISTA lo encarceló por 2 años, sin debido proceso, ni una misera defensa, no tenia ni un abogado que lo defienda porque todos tenian miedo, pero el acusado de pedofilia del Chapare tiene 200 abogados que trabajan en su defensa, esa es la diferencia de gozar de poder y el ser un perseguido politico. 
#Pueblosindigenas
#derechosindigenas 
#Democracia"
TORIBIA LERO QUISPE,https://www.facebook.com/toribia.leroquispe,2025-06-05,,sí,191,0,2025-05-05,post,https://www.facebook.com/share/p/1E1xmpmiHX/,0,1,8,8,0,0,0,0,0,0,
TORIBIA LERO QUISPE,https://www.facebook.com/toribia.leroquispe,2025-06-03,,sí,190,0,2025-05-30,post,https://www.facebook.com/share/p/1Z8sUbcEbA/,0,2,1,0,0,0,0,0,1,0,
TORIBIA LERO QUISPE,https://www.facebook.com/toribia.leroquispe,2025-06-05,,sí,191,0,2025-05-30,post,https://www.facebook.com/share/p/16Tmv7m3MN/,0,2,1,0,0,0,0,0,1,0,
TORIBIA LERO QUISPE,https://www.facebook.com/toribia.leroquispe,2025-06-09,,sí,190,0,2025-06-08,post,https://www.facebook.com/toribia.leroquispe/posts/pfbid0CXcda1ZsGapAb1kNnGWpWGAoWmHA6GigDKsyErrKoLqk5xF33jHwf3LpvxYUU8gHl,0,0,0,0,0,0,0,0,0,0,
TORIBIA LERO QUISPE,https://www.facebook.com/toribia.leroquispe,2025-07-01,,sí,190,0,2025-06-29,post,https://www.facebook.com/toribia.leroquispe/posts/pfbid0KB92VFLDm7V7ivEConAQ2N3t6LaZ8HvycQovafE7LL1UJcFN3HaUSRU1oAWejyhjl,1,5,22,0,0,0,16,0,0,0,"Querida prima Silvia Castro Cruz, siento mucho tu partida, queda en mi corazon lo buena que fuiste conmigo y mis wawas, fuiste la prima en la que me apoyé para salir ad… Ver más"
TORIBIA LERO QUISPE,https://www.facebook.com/toribia.leroquispe,2025-07-23,,sí,190,0,2025-07-15,post,https://www.facebook.com/share/v/1Z2Wzas2qV/,169,133,545,0,0,0,0,0,0,0,"Hermanos y hermanas les comparto la conferencia de prensa que realice en relación a las nefastas declaraciones de Ruth Nina, exijo al Presidente del OEP, Dr. Óscar Hass… Ver más"
TORIBIA LERO QUISPE,https://www.facebook.com/toribia.leroquispe,2025-07-23,,sí,190,0,2025-07-16,post,2025-07-16,0,0,10,10,0,0,0,0,0,0,
TORIBIA LERO QUISPE,https://www.facebook.com/toribia.leroquispe,2025-07-23,,sí,190,0,2025-07-18,post,https://www.facebook.com/share/r/1QoK7cu8Rm/,6,6,39,29,7,2,0,0,1,0,"Cochabamba es multiétnica, es plural, es diversidad. ¡Vamos a defender los derechos de los pueblos indígenas, porque con Samuel es posible!"
TORIBIA LERO QUISPE,https://www.facebook.com/toribia.leroquispe,2025-07-23,,sí,190,0,2025-07-18,post,https://www.facebook.com/share/p/19WqZaPyee/,0,0,1,1,0,0,0,0,0,0,"Es posible construir un mejor pais, un pais Qamiro!!"
TORIBIA LERO QUISPE,https://www.facebook.com/toribia.leroquispe,2025-07-23,,sí,190,0,2025-07-18,post,https://www.facebook.com/share/v/1CG89SggsB/,9,11,61,0,0,0,0,0,0,0,Son 18 las Naciones y Pueblos Indígenas que se encuentran en situación de alta vulnerabilidad. El campo legislativo es el espacio donde las luchas deben ser escuchadas.… Ver más
TORIBIA LERO QUISPE,https://www.facebook.com/toribia.leroquispe,2025-07-23,,sí,190,0,2025-07-19,post,https://www.facebook.com/share/p/16fn6k3uZV/,0,0,5,4,0,1,0,0,0,0,"Esta tarde, nuevamente estaremos en un panel"
TORIBIA LERO QUISPE,https://www.facebook.com/toribia.leroquispe,2025-07-23,,sí,190,0,2025-07-19,post,https://www.facebook.com/share/p/16cg6gPiVS/,1,16,23,16,0,6,0,0,1,0,"Andronico, el pais te reclama lo flojo e inutil que fuiste durante tus 5 años de presidente del Senado, el pueblo boliviano te reclama porque nada hiciste por el pais, … Ver más"
TORIBIA LERO QUISPE,https://www.facebook.com/toribia.leroquispe,2025-07-23,,sí,190,0,2025-07-20,post,https://www.facebook.com/share/p/19WahMLfCz/,2,5,47,40,8,0,0,0,0,0,"Pernoctamos en Oruro, nos fue muy bien, excelente!! Varias hermanas me reconocieron
-  es la hermana Toribia, antes venía por aquí- ella es- imainalla, chincapunki- kut… Ver más"
TORIBIA LERO QUISPE,https://www.facebook.com/toribia.leroquispe,2025-07-23,,sí,190,0,2025-07-20,post,https://www.facebook.com/share/p/16X6Y22Bzf/,7,2,31,26,4,1,0,0,0,0,"Sobre el litio.
El apoyo del empresario boliviano Marcelo Claure a la candidatura de Samuel Doria Medina a generado un sin fin de reacciones en los adversarios politico… Ver más"
TORIBIA LERO QUISPE,https://www.facebook.com/toribia.leroquispe,2025-07-23,,sí,190,0,2025-07-20,post,https://www.facebook.com/share/p/19PBMuu1Bx/,3,6,29,17,2,9,0,0,1,0,"Rechazamos absolutamente que el apoyo del empresario Marcelo  Claure haya sido condicionado a cambio de algo.
Súmate y Manfred Reyes Villa están tratando de aprovechar un tema tan sencible para difundir una noticia falsa sobre un “pacto secreto” sobre el litio. 
No existe tal pacto ni existió reunión para transar  la entrega de nuestros recursos naturales.
Samuel se ha reunido con múltiples empresarios nacionales e internacionales, en… Ver más"
TORIBIA LERO QUISPE,https://www.facebook.com/toribia.leroquispe,2025-07-23,,sí,190,0,2025-07-20,post,https://www.facebook.com/share/p/14J4wQfHAgL/,1,2,31,23,6,2,0,0,0,0,"De retorno a la llaqta... increiblemente, mucho que decir, jallalla Ayllus de Cochabamba!!
#JallallaPueblosOriginarios… Ver más"
TORIBIA LERO QUISPE,https://www.facebook.com/toribia.leroquispe,2025-07-29,,sí,190,0,2025-07-21,post,2025-07-21,3,3,38,28,10,0,0,0,0,0,"Caminata por la UNIDAD 
Hoy en Cercado – Cochabamba, recorrimos por la Avenida Aroma, San Martin, Heroinas y Ayacucho, para socializar el programa de gobierno, Samuel… Ver más"
TORIBIA LERO QUISPE,https://www.facebook.com/toribia.leroquispe,2025-07-23,,sí,190,0,2025-07-22,post,https://www.facebook.com/share/p/1CU9ogqLu9/,6,1,30,24,6,0,0,0,0,0,"Inicia el Diálogo Nacional con candidatos a la vicepresidencia sobre Crisis Ambiental, organizado por la Plataforma por la Transparencia  y la Honestidad, en Cochabamba… Ver más"
TORIBIA LERO QUISPE,https://www.facebook.com/toribia.leroquispe,2025-07-23,,sí,190,0,2025-07-22,post,https://www.facebook.com/share/p/1Bh7HBHmMR/,3,4,54,42,8,3,0,0,0,1,"Acompañé a nuestro futuro presidente Samuel Doria Medina al encuentro con los productores en Maica Central, ubicada en el Distrito 9 de Cochabamba. Donde las familias s… Ver más"
TORIBIA LERO QUISPE,https://www.facebook.com/toribia.leroquispe,2025-07-29,,sí,190,0,2025-07-22,post,https://www.facebook.com/share/p/16bUpbEuu1/,7,1,35,26,9,0,0,0,0,0,"Inicia el Diálogo Nacional con candidatos a la vicepresidencia sobre Crisis Ambiental, organizado por la Plataforma por la Transparencia  y la Honestidad, en Cochabamba… Ver más"
TORIBIA LERO QUISPE,https://www.facebook.com/toribia.leroquispe,2025-07-29,,sí,190,0,2025-07-23,post,https://www.facebook.com/share/p/16uZjJME7t/,2,1,17,14,3,0,0,0,0,0,"Hermanas  y hermanos en entrevista en el programa Perfil Político de SCM TV HD (canal 32.1)
Sígueme s enlace: … Ver más"
TORIBIA LERO QUISPE,https://www.facebook.com/toribia.leroquispe,2025-07-29,,sí,190,0,2025-07-23,post,https://www.facebook.com/share/r/1B4nbbNXfq/,1,2,30,24,5,0,0,0,1,0,"Hoy, realizando la campaña en la Universidad Mayor de San Simón. ¡En 100 días es posible salir de la crisis económica! Con propuestas claras y acciones concretas, vamos… Ver más"
TORIBIA LERO QUISPE,https://www.facebook.com/toribia.leroquispe,2025-07-29,,sí,190,0,2025-07-23,post,https://www.facebook.com/share/p/1QhXxP6fij/,2,0,6,5,0,0,0,0,1,0,
TORIBIA LERO QUISPE,https://www.facebook.com/toribia.leroquispe,2025-07-29,,sí,190,0,2025-07-24,post,https://www.facebook.com/share/p/1FG6vHuqz6/,1,1,28,22,6,0,0,0,0,0,"Agradecida con los Dioses por tanta belleza, por el reencuentro con líderes y lideresas defensores de la memoria histórica, del Ayllu.
Como lo hicimos a fines se los añ… Ver más"
TORIBIA LERO QUISPE,https://www.facebook.com/toribia.leroquispe,2025-07-29,,sí,190,0,2025-07-24,post,https://www.facebook.com/share/p/1CWqTztC35/,4,0,19,17,0,1,0,0,0,1,"Hermanas y hermanos, estoy en entrevista en el programa “Decidamos juntos” por Tele C Streaming. Les invito a seguir la transmisión.
… Ver más"
TORIBIA LERO QUISPE,https://www.facebook.com/toribia.leroquispe,2025-07-29,,sí,190,0,2025-07-25,post,https://www.facebook.com/share/p/174nz9ztLi/,3,1,33,27,3,3,0,0,0,0,"Socializando el programa de gobierno Samuel presidente, Lupo vicepresidente!! La juventud, nuestros jovenes me dijeron que se horrorizan a veces cuando saben que van a … Ver más"
TORIBIA LERO QUISPE,https://www.facebook.com/toribia.leroquispe,2025-07-29,,sí,190,0,2025-07-25,post,https://www.facebook.com/share/p/1Dz73HdWZ5/,0,3,12,4,0,0,8,0,0,0,"""Pilcomayo, río que daba vida, hoy agoniza"""
TORIBIA LERO QUISPE,https://www.facebook.com/toribia.leroquispe,2025-07-29,,sí,190,0,2025-07-26,post,https://www.facebook.com/share/p/1EpLiNVu2F/,5,21,81,65,13,3,0,0,0,0,
TORIBIA LERO QUISPE,https://www.facebook.com/toribia.leroquispe,2025-07-29,,sí,190,0,2025-07-27,post,https://www.facebook.com/share/p/1GDWuBgCvB/,2,2,25,19,4,2,0,0,0,0,"En entrevista con Radio Líder, Argentina."
TORIBIA LERO QUISPE,https://www.facebook.com/toribia.leroquispe,2025-07-29,,sí,190,0,2025-07-27,post,https://www.facebook.com/share/p/16mRmd6den/,58,16,52,37,8,5,0,1,0,1,"Junto a Samuel Doria Medina, estamos en Buenos Aires -Argentina, recorriendo los mercados para dialogar con nuestros compatriotas, dar a conocer las propuestas de gobie… Ver más"
TORIBIA LERO QUISPE,https://www.facebook.com/toribia.leroquispe,2025-07-29,,sí,190,0,2025-07-29,post,https://www.facebook.com/share/p/1BVwzuadmE/,3,5,17,15,0,2,0,0,0,0,"Evo Morales está boicoteando las Elecciones Generales porque solo le importa su candidatura ilegal.
Es parte de su naturaleza antidemocrática, no olvidemos que Morales … Ver más"
TORIBIA LERO QUISPE,https://www.facebook.com/toribia.leroquispe,2025-07-29,,sí,190,0,2025-07-29,post,https://www.facebook.com/permalink.php?story_fbid=pfbid0LbVvDm51pG3pBGwnZjgVC82NGir6FKvGQ3tpYZnWSrzNeK1vB8RQLrrMS5jWg6L8l&id=100058274370517,0,0,1,1,0,0,0,0,0,0,"A los largo se los ultimos años, los ríos amazonicos en particular estan siendo contaminados con mercurio, que conlleva a la extincion de varios pueblos indigenas. Que … Ver más"
TORIBIA LERO QUISPE,https://www.facebook.com/toribia.leroquispe,2025-07-29,,sí,190,0,2025-07-29,post,https://www.facebook.com/share/p/1LQtAiUve3/,1,6,8,7,0,0,0,1,0,0,"Pronunciamiento ante las declaraciones de la Presidenta del Perú, Dina Boluarte.
#BoliviaNoEsUnEstadoFallido"
TORIBIA LERO QUISPE,https://www.facebook.com/toribia.leroquispe,2025-06-05,,sí,191,0,2025-12-31,reel,/reel/940014931527534/?s=single_unit&__cft__[0]=AZVdI663tVm9Y3LGiBBc5B9FgrU9In7NtAxaHtWVd29w4f5eq8230TZSejfJmZlz6NooIOIM2QHDL1rWvV0Ml24NpRPVsmRAhj0KdDDouhhLpBgSpGjq-ycHJIvczCYoHw1NXMaXeworCrH8wCKXUWKdgj0qu6lbzNWVxRIfDoCJLudtN2e9rkBrHV9oi_IuRQs&__tn__=H-R,0,0,0,0,0,0,0,0,0,0,🇧🇴🇧🇴
