name,posts publicados,seguidores,siguiendo,comentarios obtenidos,posts compartidos,me gusta,me encanta,me divierte,me entristece,me enoja,me sorprende,me importa,reacciones en total,candidato identificado,url del perfil,creación de perfil
Maria Galindo,539,240000,0,17291,20259,80816,13654,6594,1050,2113,1972,883,156526,no,https://www.facebook.com/profile.php?id=100008591051800,2025-05-28
Sayuri Loza,471,57000,0,4227,12889,47524,10574,28866,10503,5660,2936,1341,133163,no,https://www.facebook.com/sayuri.loza,2025-05-30
Nadia Beller,455,22000,0,4275,31846,31939,5101,10791,2351,3280,1816,754,90147,no,https://www.facebook.com/nadia.beller.5,2025-05-30
Andrea Cabrera Zambrana ,455,12000,1500,754,1096,4651,740,1276,112,160,118,81,7349,no,https://www.facebook.com/andrea.cabrera.1023611,2025-06-01
Lilibeth Coimbra ,376,63000,0,17283,15016,61711,6971,16222,4578,3168,2674,527,113785,no,https://www.facebook.com/LilibethCoimbra1,2025-05-27
Mamás Sororas de Bolivia ,335,13000,0,1033,7154,4993,877,511,505,437,105,118,9572,no,https://www.facebook.com/MamasSororasBolivia,2025-05-19
Cinthia Guidi,301,9200,0,322,23992,39915,1620,1713,404,956,758,149,46901,no,https://www.facebook.com/profile.php?id=100089615726605,2025-06-02
Coordinadora de la Mujer - Observatorio de Género BO,289,22000,192,571,2361,5920,917,36,5,4,8,78,7961,no,https://www.facebook.com/CoordinadoraBO,2025-05-19
Capiguara Libertaria,284,19000,0,2216,4491,13009,1828,1703,263,503,203,163,21905,no,https://www.facebook.com/luisita.balbian,2025-06-02
Melisa Ibarra,254,57980,0,3764,1485,7223,612,1844,58,137,160,39,12256,no,https://www.facebook.com/melisa.ibarrarosario.5,2025-06-11
Rubi Garcia,243,16000,0,3219,9759,12048,675,691,178,585,398,67,16615,no,https://www.facebook.com/rubi.garcia.360686/,2025-05-27
Sara Andrea,232,148000,6,18842,27029,83126,6471,17265,1718,1012,1454,461,206522,no,https://www.facebook.com/sarahandreabolivia,2025-05-28
Melania Torrico,225,20000,2800,1956,442,1874,245,1876,161,269,107,28,6116,no,https://www.facebook.com/melania.pericon,2025-05-27
Erika J. Rivera,222,5300,340,105,235,514,95,3,6,12,5,4,1123,no,https://www.facebook.com/erikajimena.riveravargas,2025-05-28
Roxana Duchên,222,63000,0,51406,141441,142646,20766,287563,1166,654,2090,1782,755256,no,https://www.facebook.com/RoxanaDuchenn,2025-05-27
ROSA TATIANA AÑEZ CARRASCO,211,3500,160,249,1435,3611,504,25,8,15,10,42,4536,sí,https://www.facebook.com/tatiana.anez.92,2025-05-28
Jimena Antelo,204,354000,125,12357,2227,11382,1228,6859,176,1392,369,95,31981,no,https://www.facebook.com/JimenaAnteloOficial,2025-05-27
SILVIA MOLLER CHOQUE,191,0,0,35,58,322,11,5,2,0,0,6,361,sí,https://www.facebook.com/silvia.mollerchoque,2025-05-27
Rolando Schrupp,191,10000,1900,1304,2137,6673,233,2264,128,141,74,32,11777,no,https://www.facebook.com/RolandoSchrupp,2025-06-02
Nelly Flores,179,0,0,91,20,143,13,3,0,0,1,1,184,no,https://www.facebook.com/profile.php?id=100049763891374,2025-06-02
Susana Bejarano,165,8000,0,4754,2279,7662,934,996,630,316,421,272,19358,no,https://www.facebook.com/profile.php?id=772515640,2025-05-29
PATRICIA MAGIN ARANCIBIA IBAÑEZ,164,3700,508,879,1804,5100,788,157,0,12,1,64,6276,sí,https://www.facebook.com/patriciamagin.arancibiaibanez,2025-05-28
Natalia Aparicio,153,8600,0,765,1759,6816,1175,174,42,39,35,94,10742,no,https://www.facebook.com/la.aparicioooo,2025-05-28
Quya Reyna ,148,9300,0,6856,9854,12075,3037,2870,296,393,253,392,38559,no,https://www.facebook.com/quya.reyna,2025-05-28
Miguel Calderon,142,919,2200,53,66,290,20,38,7,3,2,0,416,no,https://www.facebook.com/miguel.calderongalindo,2025-06-03
EVA LUZ HUMEREZ ALVEZ,140,6000,3400,186,86,1147,535,106,38,15,4,29,2012,sí,https://www.facebook.com/eva.luz.humerez/,2025-05-28
AZUCENA ALEJANDRA FUERTES MAMANI,126,9800,0,997,305,2951,497,233,90,48,17,289,4168,sí,https://www.facebook.com/AzucenaFuertesPotosi,2025-05-29
Sofi Rocha,126,8000,2000,1801,3635,4813,1047,388,87,245,73,79,8717,no,https://www.facebook.com/sofi.rocha.12,2025-05-27
Jaime Dunn - Santa Cruz,120,3800,171,806,2821,9760,911,54,14,16,11,67,11220,no,https://www.facebook.com/ActivismoLibertario,2025-05-27
MARIA BERTHA GUTIERREZ MENDOZA,119,4000,4000,219,289,1892,264,41,42,18,12,84,2385,sí,https://www.facebook.com/mariabertha.gutierrezmendoza,2025-06-02
SILVANA MUCARZEL DEMETRY,118,10000,107,1106,1432,6977,1503,82,14,170,121,79,9281,sí,https://www.facebook.com/silvanamucarzelconcejal/,2025-06-01
Dimelza Rodriguez Quinsamolle,113,3200,19,849,1374,3092,137,174,11,39,10,16,3931,no,https://www.facebook.com/profile.php?id=61570121371268,2025-05-27
MARIA ESTHER GONGORA MIRANDA,113,1500,0,107,83,602,111,8,9,4,0,6,799,sí,https://www.facebook.com/mariaestherasambleista,2025-05-27
Ana Lucía Velasco,110,2000,0,813,300,892,255,167,90,31,55,23,3223,no,https://www.facebook.com/anavelascou,2025-05-29
PAOLA LORENA BARRIGA MACHICAO,109,10000,0,450,1373,2796,766,41,329,207,142,156,4554,sí,https://www.facebook.com/paola.barriga.104,2025-05-28
Jhanisse V. Daza,109,11000,0,306,760,2531,733,6,57,10,15,56,5135,no,https://www.facebook.com/jhanisse,2025-06-02
PAULA PAXI SUXO,108,2400,268,11,41,239,14,21,0,6,2,0,262,sí,https://www.facebook.com/profile.php?id=100076489905888,2025-05-30
MARILU EUGENIA RAMOS MAMANI,108,0,0,0,0,2,1,5,0,0,0,0,8,sí,https://www.facebook.com/maria.eugenia.ramos.mamani.2025,2025-05-27
Nadia Montaño,107,14000,2000,415,274,1065,198,7,0,1,2,15,3650,no,https://www.facebook.com/nadiamontanortiz,2025-05-29
VALENTINA VERONICA LLANOS BARRON,107,1100,461,8,18,50,11,0,0,1,1,0,63,sí,https://www.facebook.com/valentinaveronica.llanosbarron.3/,2025-05-28
Ciberwarmis - Mujeres ayudando a mujeres,101,12000,351,65,577,616,248,2,2,0,0,25,1710,no,https://www.facebook.com/Ciberwarmis.bo,2025-05-23
Roxana Pérez,101,19000,270,950,940,1679,231,124,110,117,41,49,2721,no,https://www.facebook.com/RoxanaPerezDelCastillo,2025-05-19
ANDREA BRUNA BARRIENTOS SAHONERO,101,20000,82,1733,1057,4559,405,1281,360,189,47,27,7200,sí,https://www.facebook.com/AndreaBarrientosCC,2025-06-01
Jeanine Añez,99,380000,39,30249,10798,34919,4459,5019,4270,1936,398,844,103580,no,https://www.facebook.com/jeanineanezc,2025-05-30
Por la vida de las mujeres,97,16000,124,71,330,876,252,46,140,96,12,37,1731,no,https://www.facebook.com/Porlavidadelasmujeres.Bolivia,2025-05-19
CARMEN SOLEDAD CHAPETON TANCARA,95,6100,476,358,393,1438,237,31,25,10,11,18,2017,sí,https://www.facebook.com/soledad.chapetontancara,2025-05-29
ERICKA CHAVEZ AGUILERA,94,662,60,479,699,1633,348,1,0,0,1,73,2413,sí,https://www.facebook.com/erickachavezc45,2025-05-28
NORMA GUTIERREZ AGUILAR,92,1600,0,2071,2858,6483,434,33,0,2,0,3,7020,no,https://www.facebook.com/norma.aguilar.42052/friends,2025-05-27
Batalla Cultural.Bo,90,14000,0,4482,20025,37784,577,161,61,217,91,56,38878,no,https://www.facebook.com/profile.php?id=61574943372897,2025-05-29
LORENA ANAIZ PEREZ DAVALOS,89,6900,0,40,106,294,88,16,9,6,4,2,416,sí,https://www.facebook.com/lorena.a.davalos,2025-05-27
MAGDALENA MOGRO LACUNZA,87,1000,2200,49,12,108,25,0,3,1,0,0,138,sí,https://www.facebook.com/magda.mogrolacunza,2025-05-30
Mauro Landivar ,85,32000,182,9454,20751,16940,2018,7006,348,1778,1048,116,35559,no,https://www.facebook.com/profile.php?id=61552708002190,2025-05-28
MARIA KHALINE MORENO CARDENAS,80,20000,184,417,565,2894,605,153,6,26,1,51,3883,sí,https://www.facebook.com/profile.php?id=100048470096823,2025-06-02
Carola Antezana,79,580,0,288,70,737,304,22,13,28,13,39,1536,no,https://www.facebook.com/carola.a.pantoja,2025-05-29
Feminismo Comunitario Antipatriarcal,79,35000,124,48,2334,1979,1157,17,63,7,5,224,3751,no,https://www.facebook.com/feminismo.comunitario.Antipatriarcal,2025-05-19
LUCIANA MICHELLE CAMPERO CHAVEZ,78,11000,0,2385,4426,11409,2230,130,121,878,246,152,14919,sí,https://www.facebook.com/lu.camperochavez,2025-06-02
Víctimas de Feminicidio e Infanticidio Bolivia ,77,15000,61,727,2915,1114,44,10,1750,1554,177,9,7557,no,https://www.facebook.com/profile.php?id=100064532303161,2025-05-19
CAROLINA ALIZON CHINO NICOLAS,77,6600,0,48,568,1093,48,12,2,0,3,5,1173,sí,https://www.facebook.com/carolinaalizon.chinonicolas/,2025-05-27
Andres Ortega,76,6300,0,128,216,1078,60,66,5,6,10,5,1233,no,https://www.facebook.com/pensardiferente,2025-05-28
Silvana Mucarzel,66,10000,104,608,768,2108,319,41,6,20,41,25,2305,no,https://www.facebook.com/silvanamucarzelconcejal,2025-05-19
NIRVATH MARITZA VILLENA CARDOZO,65,2600,508,435,588,1910,824,4,0,0,2,45,2779,no,https://www.facebook.com/nirvathmaritza.villenacardozodelopez,2025-05-28
CECILIA ISABEL REQUENA ZARATE,65,4500,163,88,1052,1400,85,2,62,138,20,55,1874,sí,https://www.facebook.com/CeciliaRequenaZarate,2025-05-30
PALMENIA YESINA VILLEGAS FLORES,65,0,0,5,14,61,2,5,0,0,0,0,68,no,https://www.facebook.com/palmenia.villegasflores,2025-07-22
MARIBEL AVALOS PADILLA,63,0,0,35,16,108,8,59,0,2,0,2,189,no,https://www.facebook.com/maribel.avalos.370,2025-07-23
Juventudes Liberales Bolivia ,63,2400,180,21,38,163,10,27,10,3,1,0,235,no,https://www.facebook.com/juventudliberalbolivia,2025-05-28
Mueres Creando,62,63000,68,77,259,795,141,11,7,3,4,21,824,no,https://www.facebook.com/MUJERESCREANDO1,2025-05-19
Justicia Por Las Niñas ,61,7100,3300,1281,6859,3565,402,32,2053,3009,392,138,9969,no,https://www.facebook.com/justicia.ninos,2025-05-19
DIANA PATRICIA PAPUTSAKIS BURGOS,60,6000,0,81,63,663,120,2,14,0,0,7,957,sí,https://www.facebook.com/patricia.paputsakisburgos,2025-06-02
Rosario Callejas,57,9600,82,448,1068,3022,213,130,26,30,15,30,1978,no,https://www.facebook.com/RosarioCallejasConcejalGremial,2025-05-15
El Confesionario UCB ,57,29000,76,402,96,766,52,370,33,33,268,5,2177,no,https://www.facebook.com/profile.php?id=100063830662612,2025-05-19
DANIELA CABRERA GUILLEN,55,7000,100,2691,5421,16619,151,146,61,27,46,19,17082,sí,https://www.facebook.com/DanielaCabreraConcejal,2025-05-27
YENNY NADYA CLADERA SAENZ,55,3700,598,334,445,1030,166,17,8,15,20,24,1568,sí,https://www.facebook.com/yenny.claderasaenz/,2025-05-27
BLANCA TUEROS SUAREZ,55,174,127,8,466,234,37,0,0,0,0,1,295,no,https://www.facebook.com/BlancaTuerosDiputadac49,2025-07-23
Carla Sandy Claure ,54,11000,0,483,189,733,142,119,45,29,19,18,1444,no,https://www.facebook.com/carla.sandy.007,2025-05-28
La Pesada Subversiva ,53,5400,6,647,708,851,512,81,4,9,3,73,3368,no,https://www.facebook.com/LaPesadaSubversiva,2025-05-19
YHISSEL MARISOL DAVALO LANCEA,49,2900,633,404,359,1555,402,36,79,4,1,20,2161,sí,https://www.facebook.com/nenita.savedra.7,2025-06-02
Maria Rene Alvarez ,48,22000,267,235,1017,1878,285,7,18,267,78,19,2639,no,https://www.facebook.com/MReneAlvarezScz,2025-05-15
ROSS MARY BRAVO SALAZAR,47,5200,1500,23,29,326,21,4,0,3,1,1,325,sí,https://www.facebook.com/RBSVGR/,2025-05-28
MARGOTH CERVANTES ALVAREZ,46,94,1,21,171,225,55,0,0,0,0,8,288,no,https://www.facebook.com/profile.php?id=61577777165669,2025-07-22
Andrea Vaca Barbery ,46,39000,51,624,1159,5453,929,11,3,0,0,34,6862,no,https://www.facebook.com/andreavacabarbery,2025-05-27
Andrea Barrientos,41,20000,82,703,391,1613,144,425,282,22,7,12,2526,no,https://www.facebook.com/AndreaBarrientosCC,2025-05-15
YESENIA YARHUI ALBINO,40,12000,233,15135,66161,52916,1917,2300,186,1694,505,120,58017,sí,https://www.facebook.com/yarhuiyesenia,2025-05-28
DIANA ROCIO ROSALES MAMANI,39,1500,59,103,806,1056,82,61,0,2,2,29,1232,sí,https://www.facebook.com/diana.mamani.967,2025-05-28
SUSANA MONTAÑO,37,260,0,18,410,590,85,2,1,0,1,75,775,no,https://www.facebook.com/profile.php?id=61577615530574,2025-07-22
Angirü Bolivia ,37,4900,0,4,19,45,0,0,0,0,0,1,152,no,https://www.facebook.com/ColectivoAngiru,2025-05-19
TORIBIA LERO QUISPE,36,6600,814,289,358,616,106,40,47,10,4,7,1441,sí,https://www.facebook.com/toribia.leroquispe,2025-05-27
MARINA ISABEL CACHAMBI ALVAREZ,34,933,14,2460,3108,4330,821,36,0,0,0,28,5364,sí,https://www.facebook.com/profile.php?id=100063933884078,2025-05-27
Paola Aguirre ,34,57000,21,3072,3210,8966,2260,36,30,45,90,192,14035,no,https://www.facebook.com/paolaaguirremelgar,2025-05-19
Laura Luisa Nayar,33,39000,107,2077,5345,15150,1586,214,31,154,105,92,18080,no,https://www.facebook.com/luisanayars,2025-05-15
YOLA SUXO MAMANI,33,47,0,18,341,589,28,1,0,0,0,12,630,no,https://www.facebook.com/profile.php?id=61578456866344,2025-07-23
MARLENE FERNANDEZ MEJIAS,32,25,0,4,39,34,10,0,1,0,0,0,46,sí,https://www.facebook.com/profile.php?id=61570246115119,2025-05-27
NATHALY TOVIAS CLAURE,32,5600,0,634,1141,9042,1184,222,4,12,11,51,10569,no,https://www.facebook.com/nathaly.toviasclaure,2025-06-01
CATHERINE PINTO VENEROS,32,611,13,8,196,238,30,0,0,0,0,6,295,no,https://www.facebook.com/CatherinePintoV,2025-07-22
SALMA TOBIAS PAZ,31,238,19,27,187,364,102,0,0,0,0,7,588,no,https://www.facebook.com/salma.tobias,2025-06-01
FABIOLA SIRPA LLUSCO,30,3000,0,4,5,17,0,13,0,0,0,0,30,sí,https://www.facebook.com/fabiola.sirpallusco,2025-05-28
ELBA ACEITUNO ZARATE,30,2600,394,42,38,257,29,25,0,0,1,1,313,no,https://www.facebook.com/elba.aceitunozarate,2025-07-22
WANDA XIMENA MEDRANO HERVAS,30,375,1,126,234,537,127,3,0,0,1,30,718,no,https://www.facebook.com/wanda.medranohervas,2025-05-29
SHIRLEY MALDONADO ALVAREZ,29,276,4,168,145,792,128,21,0,1,1,2,1254,sí,https://www.facebook.com/profile.php?id=61576562194155,2025-05-28
ELIANA RINA ACOSTA QUISPE,29,0,0,81,38,285,58,11,0,0,1,3,374,sí,https://www.facebook.com/eliana.acosta.3150,2025-05-27
KELLY ANDREA VELARDE ARANCIBIA,29,1300,7,1774,3613,4869,1590,2,0,0,0,21,7561,no,https://www.facebook.com/KellyVelardeBO,2025-07-22
Walaichas WASAS ,29,1700,18,450,1963,847,683,120,226,29,2,28,3639,no,https://www.facebook.com/profile.php?id=100082900523964,2025-05-19
FLAVIA BARBERY RAMOS,28,26000,19,85,663,642,236,4,0,0,0,5,898,no,https://www.facebook.com/flavia.barberyramos,2025-05-30
Pan y Rosas Bolivia,28,10000,257,86,383,102,55,1,0,0,0,17,847,no,https://www.facebook.com/panyrosasdebolivia,2025-05-19
INDIRA YAMBAR YAJAHIRA DESTRE ANTELO,28,1200,36,153,335,1135,346,0,0,0,8,26,1684,no,https://www.facebook.com/profile.php?id=61576638942004,2025-07-22
María Patricia Arce,27,31000,16,145,110,559,51,45,75,16,18,3,501,no,https://www.facebook.com/PatriciaArceSitioOficial,2025-05-15
Yessica Villarroel Caraballo,26,3700,0,0,4,14,0,3,0,0,0,0,57,no,https://www.facebook.com/yessica.villaroelcaraballo,2025-06-02
Salvaginas ,25,9500,431,0,29,26,1,0,0,0,0,1,56,no,https://www.facebook.com/ecofeministasBolivia,2025-05-19
Wikimedistas de Bolivia,24,4300,0,1,47,5,0,0,0,0,0,0,96,no,https://www.facebook.com/wikimedistasdebolivia,2025-05-19
MINERVA WARA RUEDA LOPEZ,23,153,1,31,173,411,18,19,0,0,0,2,492,no,https://www.facebook.com/WaraRuedaDiputadaC32,2025-07-22
LIDIA JANETH PIZARRO CHUQUICHAMBI,23,1200,16,41,563,642,32,25,0,3,3,6,711,no,https://www.facebook.com/JanethPizarroChuquichambi,2025-07-23
MILKA ROJAS GRAGEDA,23,363,12,0,7,46,4,0,0,0,0,0,50,no,https://www.facebook.com/MilkaRojasGrageda,2025-07-22
LUCILA MENDIETA PEREZ,22,2400,111,1,13,24,0,0,2,0,0,2,28,sí,https://www.facebook.com/lucila.mendietaperez,2025-05-28
DALVA LORGIA CESAR REYES,22,6900,0,32,199,280,18,0,0,0,0,6,304,no,https://www.facebook.com/dalva.cesar.reyes,2025-07-22
Articulación Feminista Wañuchun Machocracia ,22,5500,29,7,84,0,0,0,0,0,0,0,190,no,https://www.facebook.com/articulacionfeministacochabamba,2025-05-19
LEINA SUELY LAVADENZ ROCA,22,0,0,1,2,7,1,0,0,0,1,0,9,no,https://www.facebook.com/leinasuely.lavadenzroca,2025-05-29
YAMILA NUR REYES ORTEGA,22,177,9,46,28,223,107,1,8,0,0,4,350,no,https://www.facebook.com/profile.php?id=61572021665143,2025-05-29
Clau Pami'sh Rzy ,20,4100,0,429,399,506,84,64,2,50,8,18,950,no,https://www.facebook.com/pamizapatachu/,2025-05-27
KARINA PATRICIA LIEBERS CACERES,20,333,0,484,158,1320,620,6,0,0,0,51,1920,sí,https://www.facebook.com/karinalc3,2025-05-27
LITZIE NADIR ORELLANA ARCIENEGA,20,376,7,32,378,430,202,1,2,0,0,4,692,no,https://www.facebook.com/profile.php?id=100086632991153,2025-07-23
Luciana Campero,20,11000,0,925,1481,3190,621,14,49,213,61,32,5484,no,https://www.facebook.com/lu.camperochavez,2025-05-15
FATHME NANEYDA RONCAL MICHEL,20,448,27,21,113,323,80,0,0,0,0,1,404,no,https://www.facebook.com/profile.php?id=61578010611181,2025-07-23
TIRZA SUAREZ HINOJOSA,19,32000,38,7,21,42,1,0,0,0,0,0,43,no,https://www.facebook.com/people/Nacional-Seguros-Agente-V%C3%ADctor-Hugo-Garc%C3%ADa/61563091755163/,2025-07-22
MARIANA LOPEZ SAAVEDRA,19,2200,2000,6,2,5,3,15,0,0,0,0,25,no,https://www.facebook.com/mariana.lopezsaavedra.5,2025-05-27
PAMELA CAYAYA SALDIVAR,19,323,0,50,105,297,50,0,1,0,0,6,354,no,https://www.facebook.com/profile.php?id=61577218509056,2025-07-22
TOMASA YARHUI JACOME,19,2100,65,14,7,126,10,2,0,0,0,1,158,sí,https://www.facebook.com/TomasaYarhuiJ,2025-05-30
JAEL VELASQUEZ HUANCA,19,0,0,11,57,155,24,44,1,1,0,2,226,no,https://www.facebook.com/jael.velasquez.16,2025-07-23
PAOLA ANDREA FERNANDEZ REA,19,115000,0,245,97,782,175,21,0,1,0,7,1035,no,https://www.facebook.com/profile.php?id=100095305101750,2025-07-23
Cunumis Feministas ,18,1800,0,11,20,27,11,0,0,0,0,0,71,no,https://www.facebook.com/profile.php?id=100064855967374#,2025-05-19
NATTY ELIZABETH FLORES VERASTEGUI,17,5100,0,56,2,533,157,0,12,0,12,23,809,sí,https://www.facebook.com/natty.floresverastegi,2025-05-27
ROSMERY SUSI GABRIEL QUENTA,16,68,1,2,38,130,12,2,0,0,0,0,158,no,https://www.facebook.com/rosmerysusi.gabrielquenta.1,2025-06-23
JENNY GABRIELA ORELLANA PICCOLOMINI,16,699,34,12,40,231,35,0,0,0,1,0,267,no,https://www.facebook.com/profile.php?id=100063858108926,2025-07-23
Joshua Bellot,16,6800,1700,99,57,399,20,9,1,11,4,3,474,no,https://www.facebook.com/joshua.bellott,2025-05-28
GABRIELA MIROSLAVA GONZALES MACHICADO,16,7000,0,50,50,248,8,1,3,27,5,4,307,no,https://www.facebook.com/ggonzalesmachicado,2025-05-29
JACQUELINE CINTIA POVEDA FUENTES,15,0,0,0,1,5,1,0,0,0,0,0,6,no,https://www.facebook.com/cintia.poveda,2025-05-28
ELIANE MORENO RAMOS,15,5500,618,133,565,1815,237,4,0,0,0,12,2068,no,https://www.facebook.com/eliane.moreno.9843,2025-07-23
ROCIO RIVERA CALLE,15,3400,2200,61,13,292,306,47,0,2,0,1,648,no,https://www.facebook.com/rocio.riveracalle,2025-05-27
ESTHER SALVATIERRA LANDIVAR,15,240,7,16,86,188,26,1,0,0,0,0,215,no,https://www.facebook.com/esther.salvatierralandivar,2025-05-28
BETTSY SHIRLEY SAUCEDO AGUADA,15,0,0,8,17,68,17,8,0,0,0,1,120,no,https://www.facebook.com/betsy.saucedo.18,2025-07-22
GABRIELA MAEVA DURAN POZO,14,1400,22,4,21,91,34,1,0,0,0,0,127,no,https://www.facebook.com/maeshezidduran,2025-07-22
FELIPA YALILY MONTENEGRO MONTAÑO,14,5700,0,5,63,662,42,0,0,0,0,1,705,sí,https://www.facebook.com/profile.php?id=100075078369212,2025-05-29
CLAUDIA ALIDA SALAS TAMBARE,13,0,0,96,150,477,103,0,0,0,0,4,678,sí,https://www.facebook.com/claudiaalida.salastambare,2025-05-28
YAMILKA SOFIA SADUD BANZER,13,158,6,15,19,94,32,1,0,0,0,0,127,no,https://www.facebook.com/yamilka.sadudbanzer,2025-05-28
Mochas Copleras,13,5200,95,2,45,0,0,0,0,0,0,0,163,no,https://www.facebook.com/mochas.copleras,2025-05-19
CLAUDIA MALLON VARGAS,12,5000,58,9,7,16,4,1,0,0,0,0,25,sí,https://www.facebook.com/ClauMallon/,2025-06-02
JESSICA ANNE JORDAN BURTON,12,0,0,155,12,214,127,7,19,0,0,67,434,sí,https://www.facebook.com/jessicajordanb,2025-06-01
CYNTHIA CARLA HUACANI PAJARITO,12,0,0,15,88,55,12,0,0,0,0,10,77,no,https://www.facebook.com/cynthia.huacanipajarito,2025-05-27
YOVANA TERRAZAS POLANCO,12,0,0,112,130,247,54,2,0,0,1,3,307,no,https://www.facebook.com/yovana.terrazaspolanco,2025-07-22
Quya Reyna,12,9400,0,482,259,1347,439,316,56,7,41,59,2668,no,https://www.facebook.com/quya.reyna,2025-07-22
GRISELDA FABIANA GUTIERREZ OSORIO,11,181,0,2,22,158,20,0,3,0,0,4,199,no,https://www.facebook.com/profile.php?id=61576875537258,2025-07-22
Omarth Luna,11,4700,0,23,20,124,24,33,0,0,2,0,144,no,https://www.facebook.com/OmarthLuna/,2025-05-27
SONIA AGUILAR URAPIÑA,11,0,0,2,16,75,31,0,0,0,0,0,106,no,https://www.facebook.com/profile.php?id=61578179799533,2025-07-23
CINTIA MONICA PUERTA CAMPOS,11,0,0,20,37,63,24,0,9,0,0,1,121,no,https://www.facebook.com/cintiamonica.puertacampos,2025-07-23
Red LB Bol ,11,3900,92,3,12,50,30,0,0,0,0,4,112,no,https://www.facebook.com/red.lbbol,2025-05-19
MIRIAM JIMENA MICHEL LLANOS,11,200,0,11,120,61,50,3,0,0,1,6,121,no,https://www.facebook.com/miriam.michelllanos,2025-05-28
Warmi Pachakuti ,10,4400,87,8,59,88,41,0,0,1,0,5,249,no,https://www.facebook.com/warmi.pachakuti,2025-05-27
Lourdes Chambilla,10,3200,612,22,7,60,1,9,0,0,3,0,98,no,https://www.facebook.com/LuliChambilla,2025-05-19
GLADYS HIDALGO GALINDO,9,6200,516,15,5,225,80,0,0,0,0,18,323,no,https://www.facebook.com/gladyshidalgo.galindo,2025-05-27
KATHIUSKA GUZMAN ORELLANA,9,1200,153,13,33,229,14,0,0,0,1,0,244,no,https://www.facebook.com/walter.a.sanchez.50,2025-05-29
DANIELA COVARRUBIAS BEDOYA,8,4800,0,0,3,8,0,0,5,0,2,0,15,no,https://www.facebook.com/daniela.covarrubiasbedoya,2025-07-23
Adriana Salvatierra,8,242000,4,3645,816,1013,246,258,37,10,5,67,14885,no,https://www.facebook.com/Adriana1989sa,2025-05-27
NAYRA VASQUEZ LOBO,8,888,449,18,8,86,87,1,1,0,2,7,184,no,https://www.facebook.com/Nay.Vasquez.Lobo,2025-07-23
XIMENA ARISPE BERNABE,7,664,202,12,60,180,16,0,0,0,0,0,196,no,https://www.facebook.com/ximena.daniela.arispe/,2025-07-29
YOLANDA YHARSINA RENGIFO MUR,7,603,55,0,0,5,4,0,0,0,0,0,9,sí,https://www.facebook.com/people/Yharsina-Rengifo-Diputada-por-Chuquisaca/100064235523785/,2025-05-28
DANDY BAUER DORADO,7,134,1,1,65,31,6,1,0,0,0,0,38,no,https://www.facebook.com/profile.php?id=61578261328878,2025-07-22
LUCERO CELESTE JUSTINIANO OROPEZA,7,6400,1100,23,33,92,40,0,0,0,0,2,134,no,https://www.facebook.com/lucero.justiniano.1,2025-07-23
FRANCIS ELIDA PRIMINTELA MERINO,7,36,7,4,5,57,0,2,0,0,0,0,59,no,https://www.facebook.com/profile.php?id=61578113848785,2025-07-23
CARMEN ROSA SANDOVAL CASTRO,6,1700,0,0,0,0,1,0,0,0,0,0,1,no,https://www.facebook.com/carmenrosa.sandovalcastro,2025-06-24
FELIPA RAMOS MAMANI,6,0,0,26,0,10,0,0,1,0,2,0,13,sí,https://www.facebook.com/felipa.ramosmamani.9,2025-05-28
Revuelta Malcriada,6,6900,42,6,93,161,3,3,0,1,2,2,177,no,https://www.facebook.com/ninasmalcriadasbolivia,2025-05-19
MARY ISABEL DEL LLANO ARCHONDO,6,0,0,21,1,111,77,0,0,0,0,7,203,sí,https://www.facebook.com/mary.delllano,2025-06-01
LECCY OLVEA SALINAS,6,28,2,2,48,39,3,0,0,0,0,0,42,no,https://www.facebook.com/profile.php?id=61578376469637,2025-07-22
MONICA EVA COPA MURGA,6,164000,0,128,93,730,35,445,1,72,3,4,1290,no,https://www.facebook.com/EvaCopaBO,2025-07-23
KATERINE JULIANA BARROBE ORDOÑEZ,6,66,12,1,40,27,13,0,0,0,0,1,41,no,https://www.facebook.com/profile.php?id=61577903163817,2025-07-23
MARISELVA POLANCO VENTURA,6,2100,226,2,13,79,15,0,0,0,0,5,99,no,https://www.facebook.com/mariselva.polancoventura.1,2025-07-23
NAIR STIVEN SANCHEZ OROZCO,5,195,0,4,4,26,13,0,0,0,0,2,41,no,https://www.facebook.com/nair.stiven.sanchez.orozco,2025-05-28
Daniela Cabrera,5,7000,100,0,0,9,1,1,0,0,0,0,24,no,https://www.facebook.com/DanielaCabreraConcejal,2025-05-15
Frente LIBRE ,5,1300,84,0,3,6,0,0,0,0,0,0,6,no,https://www.facebook.com/FrenteLiberalRepublicano,2025-06-02
AMALIA APAZA MAMANI,5,0,0,2,9,18,0,0,0,0,0,0,18,no,https://www.facebook.com/amalia.apazamamani,2025-05-28
YESSICA PRISILA DANTES ESCALANTE,5,5500,1700,35,5,236,95,0,6,0,0,1,443,no,https://www.facebook.com/prisila.dantesescalante,2025-05-27
ROSARIO RANET RODRIGUEZ PERALES,5,0,0,17,8,43,0,0,0,0,0,0,43,no,https://www.facebook.com/rosario.rodriguezperales,2025-06-23
Fernando Untoja,4,0,0,33,14,67,2,5,0,0,0,0,85,no,https://www.facebook.com/fuchitonano,2025-05-28
Jorge Copa,4,3800,291,0,0,1,0,0,0,0,0,0,1,no,https://www.facebook.com/jorge.copa.716,2025-05-27
ASUNTA FLORES SUAREZ,3,3000,254,4,4,34,9,0,0,0,0,0,43,no,https://www.facebook.com/asunta.floressuarez.5,2025-05-28
NASSIA JHOSELIN SALVADOR PALACIOS,3,3900,6800,0,8,36,18,0,0,0,0,0,54,no,https://www.facebook.com/nassiasalvado,2025-06-24
GLENDA MARLENE AGUILERA PADILLA,3,2300,118,6,2,53,13,0,0,0,0,1,67,no,https://www.facebook.com/marlene.aguilerapadilla,2025-06-23
Sonia Montaño,3,0,0,36,1,104,65,0,0,0,0,18,187,no,https://www.facebook.com/sonia.montano.2016,2025-05-27
VERONICA LAFUENTE VASQUEZ,3,637,0,10,17,49,3,0,0,0,0,0,52,no,https://www.facebook.com/veronica.lafuentevasquez,2025-07-22
BETTY NANCY GARCIA MARTINEZ,3,249,365,0,1,11,0,0,0,0,0,0,11,no,https://www.facebook.com/bettynancy.garciamartinez/,2025-05-29
ANAHI NAYELY ROCHA RODAS,3,1500,0,3,9,20,4,0,0,0,0,0,24,no,https://www.facebook.com/nayeli.rocha.902,2025-07-23
YAMELLY ROSMERY CALLE CONDORI,3,0,0,0,0,0,0,0,0,0,0,0,0,no,https://www.facebook.com/yameli.callecondori,2025-05-28
MAISSIE CAROLINE VELASQUEZ VILLARROEL,3,0,0,20,62,85,13,0,0,0,0,0,98,no,https://www.facebook.com/bce.bce.854576,2025-07-22
ZELMA MORALES REVOLLO,3,0,0,22,3,67,8,0,0,0,0,0,75,no,https://www.facebook.com/zelma.morales.73,2025-07-22
MARCELA ORELLANA BEJARANO,2,0,0,0,1,0,0,0,0,0,0,0,0,no,https://www.facebook.com/marcela.orellanabejarano,2025-05-29
MARIA DANIELA ARISPE POZO,2,1800,11,6,22,41,11,1,0,0,0,2,55,sí,https://www.facebook.com/maria.bozo.7393,2025-05-27
Avanza Libertad Bolivia ,2,375,5,0,20,31,7,0,0,0,1,0,39,no,https://www.facebook.com/profile.php?id=61554129437310,2025-06-02
Evaliz Morales,2,75000,12,135,41,292,59,329,0,2,6,7,695,no,https://www.facebook.com/evalizmoralesalvaradoOficial,2025-06-02
Sofi Rojas,2,0,0,0,0,0,0,0,0,0,0,0,0,no,https://www.facebook.com/sofi.rojas99,2025-06-02
JENNY GUARAYO MONTAÑO,2,2,0,0,0,0,0,0,0,0,0,0,0,no,https://www.facebook.com/profile.php?id=61578156539719,2025-07-22
KATTIA JUVENILA ARANDO SANDOVAL,2,0,0,2,5,50,9,0,0,0,0,0,59,no,https://www.facebook.com/kattia.arando.sandoval,2025-07-22
NOELIA QUECAÑO OQUENDO,2,2000,283,1,0,19,20,0,0,0,0,0,39,no,https://www.facebook.com/noelia.oquendo.96,2025-05-28
HJOVANNA MAGALY ALARCON DURAN,2,0,0,65,9,243,55,2,0,0,2,9,311,sí,https://www.facebook.com/hjovanna.alarconduran,2025-05-27
MAGALY MARGOT ICHAZO CHOQUE,1,0,0,42,0,50,19,0,0,0,0,4,73,no,https://www.facebook.com/magalymargot.ichazochoque.98,2025-05-27
Allele,1,941,19,0,5,0,0,0,0,0,0,0,24,no,https://www.facebook.com/AleleenBolivia,2025-05-27
EMPERATRIZ JHOSELIN GUTIERREZ ESPINOZA,1,3000,34,15,0,84,34,0,0,0,1,11,130,no,https://www.facebook.com/emperatriz.gutierrez.espinoza,2025-05-27
MILDRET YAÑEZ INOFUENTES,1,1700,0,0,0,0,0,0,0,0,0,0,0,no,https://www.facebook.com/mildret.inofuentes,2025-05-28
LUZ MARY ZELAYA VIDAURRE,1,172,3,2,0,0,0,0,0,0,0,0,0,no,https://www.facebook.com/luzmary.zelaya,2025-05-28
CLAUDIA SALGUERO GONZALES,1,6400,0,2,0,3,0,0,0,0,0,0,3,no,https://www.facebook.com/claudia.salguerogonzales.9,2025-06-24
AVIGAIL MOLINA MARISCAL,1,0,0,0,0,0,0,0,0,0,0,0,3,no,https://www.facebook.com/avigail.mariscalmolina,2025-05-27
CYNTHIA MARIA BURGOS SEGOVIA,1,109,2,0,0,0,0,0,0,0,0,0,2,no,https://www.facebook.com/profile.php?id=61577598027651,2025-07-22
FABIOLA ALBA SUAREZ,1,4100,0,2,0,4,0,0,0,0,0,0,4,no,https://www.facebook.com/fabiola.alba.suarez.2025,2025-05-28
