nombre perfil,url perfil,candidato identificado,creación del perfil,seguidores,seguidos,fecha post,tipo de post,url post,comparticiones,comentarios,reacciones en total,me gusta,me encanta,me divierte,me entristece,me sorprende,me enoja,me importa,contenido
MARIA BERTHA GUTIERREZ MENDOZA,https://www.facebook.com/mariabertha.gutierrezmendoza,sí,,0,0,2025-07-12,post,https://www.facebook.com/share/p/16ui6P61kH/,7,15,107,87,17,2,0,0,0,1,"Siempre gracias a todos por el apoyo!! Vamos por la C-33 Soy BERTHA GUTIÉRREZ orgullosa de ser potosina!!!
 Tuto Presidente!!!!"
MARIA BERTHA GUTIERREZ MENDOZA,https://www.facebook.com/mariabertha.gutierrezmendoza,sí,,0,0,2025-07-12,post,https://www.facebook.com/share/p/19qmbW8mvY/,4,0,32,32,0,0,0,0,0,0,"Libre Potosí, presente!!! Bolivia Libre"
MARIA BERTHA GUTIERREZ MENDOZA,https://www.facebook.com/mariabertha.gutierrezmendoza,sí,,0,0,2025-07-12,post,https://www.facebook.com/share/p/15wz3rkLry/,3,4,41,35,4,0,0,0,0,2,
MARIA BERTHA GUTIERREZ MENDOZA,https://www.facebook.com/mariabertha.gutierrezmendoza,sí,,0,0,2025-07-12,reel,/reel/581057531550741/?s=single_unit&__cft__[0]=AZUU1zG_Aa832QAAml9JA8vzqOCI90lL7WNrQX2PkuK-78KwYjY7CPFuvlV47F4peVNBneyUjwHZi5H_OA-SomTFr3tCO-tNCsBVBPSWcgyEVXEAkvPlNs9Pv8PyGjuNMCyNFJ9oBFOJM-E2Va41i2R-80KSoX0Dh71FO-rP1IVO8zfEdiT04VwAcaYvpXSY9ls&__tn__=H-R,0,0,0,0,0,0,0,0,0,0,
MARIA BERTHA GUTIERREZ MENDOZA,https://www.facebook.com/mariabertha.gutierrezmendoza,sí,,0,0,2025-07-13,post,https://www.facebook.com/mariabertha.gutierrezmendoza/posts/pfbid02adm5gAKZMdhiXyu6uXFLd4J6VF6AUAfMQvWABTUwhNzJQqgbCjS1dWiuLC3hj4Sgl,1,0,6,6,0,0,0,0,0,0,
MARIA BERTHA GUTIERREZ MENDOZA,https://www.facebook.com/mariabertha.gutierrezmendoza,sí,,0,0,2025-07-14,post,https://www.facebook.com/share/p/15kLcGTKrj/,0,0,3,3,0,0,0,0,0,0,"Feliz cumpleaños Christian Mendez, jefe Departamental de Libre Potosí, gracias por el bonito almuerzo que Dios te cuide."
MARIA BERTHA GUTIERREZ MENDOZA,https://www.facebook.com/mariabertha.gutierrezmendoza,sí,,0,0,2025-07-14,post,https://www.facebook.com/share/v/16iqQUfnRd/,4,1,15,14,0,0,0,0,0,1,Les esperamos!!!
MARIA BERTHA GUTIERREZ MENDOZA,https://www.facebook.com/mariabertha.gutierrezmendoza,sí,,0,0,2025-07-14,post,https://www.facebook.com/share/v/16XMC453QY/,9,6,40,31,5,1,0,1,0,2,
MARIA BERTHA GUTIERREZ MENDOZA,https://www.facebook.com/mariabertha.gutierrezmendoza,sí,,0,0,2025-07-14,post,https://www.facebook.com/share/p/1HvqecJuFk/,3,14,128,106,20,0,0,0,0,2,"BUEN DÍA, LISTOS PARA COMENZAR UNA NUEVA SEMANA!!! EXITOS PARA TODOS"
MARIA BERTHA GUTIERREZ MENDOZA,https://www.facebook.com/mariabertha.gutierrezmendoza,sí,,0,0,2025-07-14,post,2025-07-14,0,0,0,0,0,0,0,0,0,0,
