nombre perfil,url perfil,snapshot_date,creación del perfil,candidato identificado,seguidores,seguidos,fecha post,tipo de post,url post,comparticiones,comentarios,reacciones en total,me gusta,me encanta,me divierte,me entristece,me sorprende,me enoja,me importa,contenido
Jaime Dunn - Santa Cruz,https://www.facebook.com/ActivismoLibertario,2025-06-03,2016-09-16,no,1000,0,2025-06-02,post,https://www.facebook.com/share/p/16dvLoGPzM/,84,7,34,26,8,0,0,0,0,0,𝐂𝐎𝐍𝐎𝐂𝐄 𝐋𝐎𝐒 𝐏𝐔𝐍𝐓𝐎𝐒 𝐌𝐀́𝐒 𝐈𝐌𝐏𝐎𝐑𝐓𝐀𝐍𝐓𝐄 𝐃𝐄𝐋 𝐏𝐋𝐀𝐍 𝐃𝐄 𝐆𝐎𝐁𝐈𝐄𝐑𝐍𝐎 𝐃𝐄 𝐉𝐀𝐈𝐌𝐄 𝐃𝐔𝐍𝐍
Jaime Dunn - Santa Cruz,https://www.facebook.com/ActivismoLibertario,2025-06-03,2016-09-16,no,1000,0,2025-06-03,post,https://www.facebook.com/share/p/19EWAaEcaa/,0,0,3,3,0,0,0,0,0,0,¿De qué hablaron Jaime Dunn y Juan Pablo Velasco en su encuentro en EEUU? 
Jaime Dunn - Santa Cruz,https://www.facebook.com/ActivismoLibertario,2025-06-03,2016-09-16,no,1000,0,2025-06-03,post,https://www.facebook.com/share/p/1ZtEbrzqXB/,1,0,4,4,0,0,0,0,0,0,
Jaime Dunn - Santa Cruz,https://www.facebook.com/ActivismoLibertario,2025-06-10,2016-09-16,no,1000,0,2025-06-07,post,https://www.facebook.com/share/p/1AdepTSmWg/,2,0,9,0,0,0,0,0,0,0," *Comunidad, necesitamos su ayuda* … Ver más"
Jaime Dunn - Santa Cruz,https://www.facebook.com/ActivismoLibertario,2025-06-10,2016-09-16,no,1000,0,2025-06-07,post,https://www.facebook.com/ActivismoLibertario/posts/pfbid02cAxyQvWoDNvVt8HduvvuAQbvbRvsLPMZy6mPdf998inZojeNJ2gxui8XnSacWH53l,1,1,13,0,0,0,0,0,0,0,"COMUNIDAD DE JAIME DUNN 
CLICK AQUÍ "
Jaime Dunn - Santa Cruz,https://www.facebook.com/ActivismoLibertario,2025-06-10,2016-09-16,no,1000,0,2025-06-07,post,https://www.facebook.com/share/p/1Bwax76WXv/,11,0,18,0,0,0,0,0,0,0,#Comunicado #JaimeDunn
Jaime Dunn - Santa Cruz,https://www.facebook.com/ActivismoLibertario,2025-06-10,2016-09-16,no,1000,0,2025-06-07,post,https://www.facebook.com/share/p/19JiSxcH8E/,16,3,19,0,0,0,0,0,0,0,"𝐂𝐎𝐍𝐄𝐂𝐓𝐀𝐓𝐄 𝐂𝐎𝐍 𝐋𝐀𝐒 𝐑𝐄𝐃𝐄𝐒 𝐃𝐄 𝐉𝐀𝐈𝐌𝐄 𝐃𝐔𝐍𝐍 𝐄𝐍 𝐔𝐍 𝐒𝐎𝐋𝐎 𝐋𝐔𝐆𝐀𝐑
 Este link lleva a todas las redes oficial… Ver más"
Jaime Dunn - Santa Cruz,https://www.facebook.com/ActivismoLibertario,2025-06-10,2016-09-16,no,1000,0,2025-06-08,post,https://www.facebook.com/share/p/1CCxoeKMes/,3,2,15,0,0,0,0,0,0,0,"Roger Mario Castellón, primer candidato Plurinacional por Santa Cruz"
Jaime Dunn - Santa Cruz,https://www.facebook.com/ActivismoLibertario,2025-06-10,2016-09-16,no,1000,0,2025-06-09,post,https://www.facebook.com/share/p/15Xan8Q31g/,0,0,7,0,0,0,0,0,0,0,
Jaime Dunn - Santa Cruz,https://www.facebook.com/ActivismoLibertario,2025-06-10,2016-09-16,no,1000,0,2025-06-09,post,https://www.facebook.com/share/p/1BDyLSHEwz/,0,0,3,0,0,0,0,0,0,0,
Jaime Dunn - Santa Cruz,https://www.facebook.com/ActivismoLibertario,2025-06-10,2016-09-16,no,1000,0,2025-06-09,post,https://www.facebook.com/share/p/19BruJWwzJ/,0,0,7,0,0,0,0,0,0,0,
Jaime Dunn - Santa Cruz,https://www.facebook.com/ActivismoLibertario,2025-06-10,2016-09-16,no,1000,0,2025-06-09,post,https://www.facebook.com/ActivismoLibertario/posts/pfbid02Q9sryJ3MRzV1MLQBHeVJiXTgZmipPnGCLXBNJUCoi5V3NcphEoGKoaE6gR2tAQtFl,1,0,7,0,0,0,0,0,0,0,
Jaime Dunn - Santa Cruz,https://www.facebook.com/ActivismoLibertario,2025-06-10,2016-09-16,no,1000,0,2025-06-09,post,https://www.facebook.com/ActivismoLibertario/posts/pfbid023Cb381MJXstmRLcE4RNeiPKmaZBsszNaQKn3eDfmbChghVnyREfM738naC9fTn7al,0,2,6,0,0,0,0,0,0,0,
Jaime Dunn - Santa Cruz,https://www.facebook.com/ActivismoLibertario,2025-06-10,2016-09-16,no,1000,0,2025-06-09,post,https://www.facebook.com/share/p/1CxsMgsgKt/,4,0,19,0,0,0,0,0,0,0,
Jaime Dunn - Santa Cruz,https://www.facebook.com/ActivismoLibertario,2025-06-10,2016-09-16,no,1000,0,2025-06-09,post,https://www.facebook.com/share/p/16dpCnz8tE/,1,1,14,0,0,0,0,0,0,0,
Jaime Dunn - Santa Cruz,https://www.facebook.com/ActivismoLibertario,2025-06-10,2016-09-16,no,1000,0,2025-06-09,post,https://www.facebook.com/share/p/1VHWEWdCH8/,0,0,7,0,0,0,0,0,0,0,
Jaime Dunn - Santa Cruz,https://www.facebook.com/ActivismoLibertario,2025-06-10,2016-09-16,no,1000,0,2025-06-09,post,https://www.facebook.com/share/p/15PFQzCHRE/,1,0,3,0,0,0,0,0,0,0,
