nombre perfil,url perfil,candidato identificado,creación del perfil,seguidores,seguidos,fecha post,tipo de post,url post,comparticiones,comentarios,reacciones en total,me gusta,me encanta,me divierte,me entristece,me sorprende,me enoja,me importa,contenido
DIANA ROCIO ROSALES MAMANI,https://www.facebook.com/diana.mamani.967,sí,,711,0,2025-07-21,post,https://www.facebook.com/share/p/16k5iuyApP/,28,4,59,43,4,9,0,0,0,3,"#EDUARDOYMILAN
#DIANAROSALESSENADORAPORORURO… Ver más"
DIANA ROCIO ROSALES MAMANI,https://www.facebook.com/diana.mamani.967,sí,,711,0,2025-07-21,post,https://www.facebook.com/share/r/1FuM58McoM/,27,5,69,60,7,0,0,0,0,2,"Seguimos trabajando por el Departamento de Oruro.
#EduardoyMilan… Ver más"
DIANA ROCIO ROSALES MAMANI,https://www.facebook.com/diana.mamani.967,sí,,711,0,2025-07-22,post,https://www.facebook.com/share/p/16ms2kWkQ4/,72,10,94,78,5,9,0,0,0,2,"#EduardoyMilan
#DianaRosalesSenadoraPorOruro… Ver más"
DIANA ROCIO ROSALES MAMANI,https://www.facebook.com/diana.mamani.967,sí,,711,0,2025-07-22,post,https://www.facebook.com/share/p/1Aq8kgjCA1/,61,7,80,67,9,2,0,0,0,2,"#EDUARDOYMILAN
#DIANAROSALESSENADORAPORORURO… Ver más"
DIANA ROCIO ROSALES MAMANI,https://www.facebook.com/diana.mamani.967,sí,,711,0,2025-07-24,post,https://www.facebook.com/share/p/16wq9183bC/,1,0,23,22,1,0,0,0,0,0,"Hoy conmemoramos el nacimiento del Libertador Simón Bolívar, figura fundamental en la historia de América Latina. Nacido un 24 de julio de 1783, su lucha incansable por… Ver más"
DIANA ROCIO ROSALES MAMANI,https://www.facebook.com/diana.mamani.967,sí,,711,0,2025-07-26,post,https://www.facebook.com/share/p/1C9pkq6gPD/,30,9,73,64,5,3,0,0,0,1,"#EDUARDOYMILAN
#DIANAROSALESSENADORAPORORURO… Ver más"
DIANA ROCIO ROSALES MAMANI,https://www.facebook.com/diana.mamani.967,sí,,711,0,2025-07-26,post,https://www.facebook.com/share/p/15gNrAgdws/,49,3,64,55,2,6,0,0,0,1,"Muy feliz de participar de la Gran Apertura de Casa de Campaña, muchas alegria y Unidad de nuestros hnos. candidatos y  militantes. 
#jallalla Instrumento MAS IPSP… Ver más"
DIANA ROCIO ROSALES MAMANI,https://www.facebook.com/diana.mamani.967,sí,,711,0,2025-07-27,post,https://www.facebook.com/share/p/19nzNhJ4Z5/,7,5,53,48,4,0,0,0,1,0,"Con mucha alegría y esperanza, participé en la apertura de nuestra Casa de Campaña en Oruro, junto a nuestro hermano y candidato a la Vicepresidencia, Milán Berna, y to… Ver más"
DIANA ROCIO ROSALES MAMANI,https://www.facebook.com/diana.mamani.967,sí,,711,0,2025-07-28,post,https://www.facebook.com/share/r/1AzJYhaahp/,49,0,29,28,0,0,0,0,0,1,"Nuestro candidato a la Presidencia Eduardo del Castillo  realiza un  compromiso ""crear hospitales veterinarios públicos para mascotas y garantizar los cuidados que llen… Ver más"
DIANA ROCIO ROSALES MAMANI,https://www.facebook.com/diana.mamani.967,sí,,711,0,2025-07-29,post,https://www.facebook.com/share/p/15ksyqBTaR/,78,1,58,53,3,2,0,0,0,0,"EDUARDO DEL CASTILLO 
"" Protegeremos los derechos de los profesionales, clase trabajadora, titulación de tierras""… Ver más"
DIANA ROCIO ROSALES MAMANI,https://www.facebook.com/diana.mamani.967,sí,,711,0,2025-07-29,post,https://www.facebook.com/share/p/1EGMZ8FLAi/,16,2,17,14,0,2,0,1,0,0,"¡Porque BOLIVIA ES PRIMERO! 
#EduardoyMilan
#… Ver más"
