nombre perfil,url perfil,candidato identificado,creación del perfil,seguidores,seguidos,fecha post,tipo de post,url post,comparticiones,comentarios,reacciones en total,me gusta,me encanta,me divierte,me entristece,me sorprende,me enoja,me importa,contenido
CECILIA ISABEL REQUENA ZARATE,https://www.facebook.com/CeciliaRequenaZarate,sí,,4500,158,2025-07-17,post,https://www.facebook.com/share/p/1C47VnCHwz/,7,2,29,22,1,0,3,0,0,3,"Recordamos a las víctimas de las dictaduras militares y honramos a quienes, como Marcelo Quiroga Santa Cruz, dieron su vida por la democracia. Reafirmamos nuestro deber… Ver más"
CECILIA ISABEL REQUENA ZARATE,https://www.facebook.com/CeciliaRequenaZarate,sí,,4500,158,2025-07-17,post,https://www.facebook.com/share/p/16exciaJ4H/,10,0,43,38,3,0,0,0,0,2,"Un gusto estar con María René Duchén en De Primera Mano por Radio FM La Paz.
Hoy hablamos de una emergencia que se repite cada año y no puede seguir siendo normalizada:… Ver más"
CECILIA ISABEL REQUENA ZARATE,https://www.facebook.com/CeciliaRequenaZarate,sí,,4500,158,2025-07-19,post,https://www.facebook.com/share/p/196SoLpk2c/,3,0,12,10,1,0,0,0,0,1,"¡Ya estamos al aire! 
Acompáñame en este diálogo clave sobre el medio ambiente junto a  Teresa Ossio,  Paulino Guarachi y Toribia Lero.… Ver más"
