nombre perfil,url perfil,snapshot_date,creación del perfil,candidato identificado,seguidores,seguidos,fecha post,url post,comparticiones,comentarios,reacciones en total,me gusta,me encanta,me divierte,me entristece,me sorprende,me enoja,me importa,contenido
Roxana Pérez,https://www.facebook.com/RoxanaPerezDelCastillo,2025-05-22,2021-01-04,no,19000,0,2025-05-16,https://www.facebook.com/share/p/12DM62yBcaQ/,0,4,,20,1,0,0,1,0,1,
Roxana Pérez,https://www.facebook.com/RoxanaPerezDelCastillo,2025-05-22,2021-01-04,no,19000,0,2025-05-16,https://www.facebook.com/share/p/15EJyBPUvS/,0,3,,0,0,0,0,0,0,0,
Roxana Pérez,https://www.facebook.com/RoxanaPerezDelCastillo,2025-05-22,2021-01-04,no,19000,0,2025-05-17,https://www.facebook.com/share/p/12KUEfxf2hy/,0,3,,0,0,0,0,0,0,0,"En el Día Mundial del Internet,conminamos al alcalde #IvanArias cumplir de manera inmediata y urgente con la ""LEY DE IMPLEMENTACIÓN DE INTERNET GRATUITO A ESTUDIANTES E… Ver más"
Roxana Pérez,https://www.facebook.com/RoxanaPerezDelCastillo,2025-05-22,2021-01-04,no,19000,0,2025-05-18,https://www.facebook.com/share/p/18iyLtDeZK/,21,5,,14,4,1,0,0,0,0,"Todas las semanas estaré visitando el municipio, barrio por barrio, para abrazarnos, reencontrarnos y sobre todo trabajar por la #LaPazQueSoñamos.… Ver más"
Roxana Pérez,https://www.facebook.com/RoxanaPerezDelCastillo,2025-05-22,2021-01-04,no,19000,0,2025-05-18,not-found-post-url-93634,0,2,,0,0,0,0,0,0,0,
Roxana Pérez,https://www.facebook.com/RoxanaPerezDelCastillo,2025-05-22,2021-01-04,no,19000,0,2025-05-19,not-found-post-url--344409,0,0,,8,0,0,0,0,0,0,Hermosa semana para todos y todas
Roxana Pérez,https://www.facebook.com/RoxanaPerezDelCastillo,2025-05-22,2021-01-04,no,19000,0,2025-05-20,https://www.facebook.com/RoxanaPerezDelCastillo/posts/pfbid0283McSBnMPAxVeyDywwTdUmgBQapdBbpXx5xaLaX6qjXK9QW7hpTvLrVshGRL16kEl,0,21,,45,6,0,0,0,0,4,"Cuando el reconocimiento viene del pueblo, tiene un valor profundo. Gracias a la Junta de Vecinos de Santiago de Munaypata por este gesto que refuerza nuestro compromis… Ver más"
Roxana Pérez,https://www.facebook.com/RoxanaPerezDelCastillo,2025-05-23,2021-01-04,no,19000,0,2025-05-20,https://www.facebook.com/share/p/1Eth1F9TQd/,0,22,,53,8,2,0,0,0,4,"Cuando el reconocimiento viene del pueblo, tiene un valor profundo. Gracias a la Junta de Vecinos de Santiago de Munaypata por este gesto que refuerza nuestro compromis… Ver más"
Roxana Pérez,https://www.facebook.com/RoxanaPerezDelCastillo,2025-05-22,2021-01-04,no,19000,0,2025-05-21,not-found-post-url-475249,0,0,,0,0,0,0,0,0,0,
Roxana Pérez,https://www.facebook.com/RoxanaPerezDelCastillo,2025-05-23,2021-01-04,no,19000,0,2025-05-21,not-found-post-url-22197,0,0,,0,0,0,0,0,0,0,
Roxana Pérez,https://www.facebook.com/RoxanaPerezDelCastillo,2025-05-23,2021-01-04,no,19000,0,2025-05-22,https://www.facebook.com/share/p/18wuGEUzpn/,6,9,,18,3,1,0,0,0,3,"Todas las semanas estaré visitando el municipio, barrio por barrio, para abrazarnos, reencontrarnos y sobre todo trabajar por la #LaPazQueSoñamos.… Ver más"
Roxana Pérez,https://www.facebook.com/RoxanaPerezDelCastillo,2025-05-23,2021-01-04,no,19000,0,2025-05-23,https://www.facebook.com/share/p/1AYHcmBwco/,0,1,,0,0,0,0,0,0,0,
Roxana Pérez,https://www.facebook.com/RoxanaPerezDelCastillo,2025-05-23,2021-01-04,no,19000,0,2025-05-23,not-found-post-url-185975,0,9,,0,0,2,0,0,0,1,
Roxana Pérez,https://www.facebook.com/RoxanaPerezDelCastillo,2025-06-02,2021-01-04,no,19000,274,2025-05-26,https://www.facebook.com/share/p/16K818gwM3/,1,8,24,22,2,0,0,0,0,0,"La Paz sufre las consecuencias de una gestión municipal desorganizada: trámites estancados, obras paralizadas y decisiones sin rumbo. Esta columna refleja con claridad … Ver más"
Roxana Pérez,https://www.facebook.com/RoxanaPerezDelCastillo,2025-06-02,2021-01-04,no,19000,274,2025-05-27,https://www.facebook.com/share/p/1Lg44xCzhy/,0,10,19,18,1,0,0,0,0,0,En el  Día de las Heroínas de la Coronilla celebramos a mujeres valientes que defendieron su tierra con coraje y sacrificio. Su lucha no fue sólo contra un enemigo exte… Ver más
Roxana Pérez,https://www.facebook.com/RoxanaPerezDelCastillo,2025-06-02,2021-01-04,no,19000,274,2025-05-27,https://www.facebook.com/share/p/16GaSvV9Yc/,0,11,22,17,3,0,0,0,0,2,"Hoy celebramos a todas las mamás valientes, esas heroínas silenciosas que con amor infinito sostienen familias y transforman vidas. Su entrega y sacrificio diario hacen… Ver más"
Roxana Pérez,https://www.facebook.com/RoxanaPerezDelCastillo,2025-06-02,2021-01-04,no,19000,274,2025-05-29,https://www.facebook.com/share/p/1EmmjhJRdZ/,0,13,22,18,4,0,0,0,0,0,"Todas las semanas estaré visitando el municipio, barrio por barrio, para abrazarnos, reencontrarnos y sobre todo trabajar por la #LaPazQueSoñamos.… Ver más"
Roxana Pérez,https://www.facebook.com/RoxanaPerezDelCastillo,2025-06-02,2021-01-04,no,19000,274,2025-05-30,https://www.facebook.com/RoxanaPerezDelCastillo/posts/pfbid0MGZhdgHnCshAVU5TsMKXFSbVyuRuKu4CcohyWLGvnBAUMqzqWSjguZAPjxFH5wDjl,1,0,6,6,0,0,0,0,0,0,
Roxana Pérez,https://www.facebook.com/RoxanaPerezDelCastillo,2025-06-02,2021-01-04,no,19000,274,2025-05-30,https://www.facebook.com/share/p/1c3qXkSnk1/,0,1,8,7,0,0,0,1,0,0,¿Porqué la alcaldía y subalcaldía de San Antonio está realizando ingerencia hacia las instancias cívicas de nuestro Municipio? … Ver más
Roxana Pérez,https://www.facebook.com/RoxanaPerezDelCastillo,2025-06-02,2021-01-04,no,19000,274,2025-05-31,https://www.facebook.com/RoxanaPerezDelCastillo/posts/pfbid0NceeLavdzQu3Y1G1LDGD6RaoYDdr5U3rzXcNLAy6XrXMPt5jq3KRoECTe5ahyf4pl,0,0,2,2,0,0,0,0,0,0,
Roxana Pérez,https://www.facebook.com/RoxanaPerezDelCastillo,2025-06-02,2021-01-04,no,19000,274,2025-06-01,https://www.facebook.com/share/p/15egHFbHbm/,0,2,18,11,0,0,3,0,4,0,Los animales son seres vivos SUJETOS DE DERECHO. Su atención y rescate no pueden esperar la burocracia. Es INACEPTABLE que esto suceda con tanta ligereza y tan poca empatía
Roxana Pérez,https://www.facebook.com/RoxanaPerezDelCastillo,2025-06-02,2021-01-04,no,19000,274,2025-06-01,https://www.facebook.com/share/p/19AuGYNWJD/,20,5,22,17,2,0,0,0,0,3,"El #GobiernoAutónomoMunicipalDeLaPaz demuestra una vez más su falta de respeto y compromiso con nuestra gente. En Alto Villa Victoria, las áreas verdes están totalmente… Ver más"
Roxana Pérez,https://www.facebook.com/RoxanaPerezDelCastillo,2025-06-02,2021-01-04,no,19000,274,2025-06-02,https://www.facebook.com/share/p/1E174daRNr/,34,15,16,9,0,0,0,2,5,0,¡SAQUEO MUNICIPAL EN ALTO VILLA VICTORIA!… Ver más
Roxana Pérez,https://www.facebook.com/RoxanaPerezDelCastillo,2025-06-02,2021-01-04,no,19000,274,2025-06-02,https://www.facebook.com/share/p/1GpamjgphR/,0,2,8,4,0,0,4,0,0,0,"Nos adherimos al dolor de la familia y seres queridos por la partida de Elvia Moya, periodista de extensa trayectoria y compromiso con los sectores más vulnerables. Su … Ver más"
Roxana Pérez,https://www.facebook.com/RoxanaPerezDelCastillo,2025-06-02,2021-01-04,no,19000,274,2025-06-02,https://www.facebook.com/share/v/12MFXfvuEtA/,35,11,29,28,0,0,0,0,0,1,¡La Paz no se gobierna con mentiras!… Ver más
