nombre perfil,url perfil,candidato identificado,creación del perfil,seguidores,seguidos,fecha post,tipo de post,url post,comparticiones,comentarios,reacciones en total,me gusta,me encanta,me divierte,me entristece,me sorprende,me enoja,me importa,contenido
Melisa Ibarra,https://www.facebook.com/melisa.ibarrarosario.5,no,,58316,0,2025-07-31,reel,/reel/550351364740368/?s=single_unit&__cft__[0]=AZWgiRELkO-XXgLmhdQk-5B4qxkuq5EWkX-3L1YO1Uh5aOpPfbHdfO8S49SHiW9oNFXA-ASWXNt9sSuFboDoPzRAkcY0NskV0uFp8jsaw2AMHawbJ3pjYBy_szYkFrPWGDjAHRPaJX8YSYK5YIHTHLvTZ-8jkRxRdZqRl8MMDpWc9XYd28xaQKIpAuRWSzEY7yg&__tn__=H-R,0,0,0,0,0,0,0,0,0,0," Tuto:
Una ideología, un discurso, una narrativa.
No varía, no cambia al gusto del cliente. 
Se arriesga. Lo tomas o lo dejas. 
Punto, no hay más"
Melisa Ibarra,https://www.facebook.com/melisa.ibarrarosario.5,no,,58316,0,2025-08-01,post,https://www.facebook.com/share/p/1M8BmVChvU/,0,1,24,18,0,6,0,0,0,0,
Melisa Ibarra,https://www.facebook.com/melisa.ibarrarosario.5,no,,58316,0,2025-08-01,post,https://www.facebook.com/share/v/14F3ibod55E/,64,15,71,59,3,9,0,0,0,0,"Luis Fernando Camacho:
""...Tuto nos ayudó con el 21 F en el escenario internacional. Estoy muy agradecido con él. Sería la persona ideal para conformar un frente...""
Y sí, Camacho cuando no tenía lealtad forzada reconocía la capacidad y lucha de Tuto. … Ver más"
Melisa Ibarra,https://www.facebook.com/melisa.ibarrarosario.5,no,,58316,0,2025-08-01,reel,/reel/709909351881693/?s=single_unit&__cft__[0]=AZVPunKTKNodjMlYx2LWBU9FoRzr9P1LlQ6v48anNTesUa7sDKGx-4Y4RedPcnZH5mWePv4l55hbvZOBdQYwM8pBv6umL11p1w1_N4-jZO8kPI3hT-GzYJI3zoL-XS-zRAfWVv047a0jED8zjmyAlatlSuoUhuPXj5wl3cNkfq5Kc-8gFIthRh61TMYJkuaqhCs&__tn__=H-R,0,0,0,0,0,0,0,0,0,0,
Melisa Ibarra,https://www.facebook.com/melisa.ibarrarosario.5,no,,58316,0,2025-08-01,reel,/reel/1137440468434927/?s=single_unit&__cft__[0]=AZXpV73g-7nEDPgDFM3yBaJu-gQMR_xG32BMgW5_hIW51_keaA3-JCsoe5PfcXAVaR40Vx6Xq22sZZlF-0TnDifjbyp5a1g3qn4YjXBBMRb0JIZ6Mua7OsRA6f4goXagXlixjHpFaSTjUkM_yfKHFg_KK-NqOT0M-sxVNmTGRPmZUbvnNgfsWEI3-v_Ke_KfjLs&__tn__=H-R,0,0,0,0,0,0,0,0,0,0,
Melisa Ibarra,https://www.facebook.com/melisa.ibarrarosario.5,no,,58316,0,2025-08-01,reel,/reel/4041995136066373/?s=single_unit&__cft__[0]=AZW28qYU15lo8_M9X7gADM6rr3N-CBOENmNf_kcUgFFQ3SpGqmeRUESq2JcqoEuYaMmzf3Qc-9jF8YuF99WaVJxotSSNKZCcrJpYfORDqFOEAp7zB92nIOC8YOJKjyl-uaC2vwAzEhSJAEQASEhVdCOLVjM_Yi4HZstoU4x3c-nj6WkWNxN-IML94IL_IFWsgwE&__tn__=H-R,0,0,0,0,0,0,0,0,0,0,
Melisa Ibarra,https://www.facebook.com/melisa.ibarrarosario.5,no,,58316,0,2025-08-01,reel,/reel/735266075962035/?s=single_unit&__cft__[0]=AZXfOWHZOK3s0I_np5ysC_jgmWeNMSrOgHesNWzv2MocXrg96BDMNbmD4vZugWvKuiua583bma3GaDBoBeoYKgPXam8XH3ojrqmPOz3Gg_EGfUNmT1jKgUwAiY-HldLPxxQgWXGYqc3XCBd-kTq4FMbF0m55mLJwnLjXRHwVkJf7Y4I70UgZGFDWNxFY6hsmFfE&__tn__=H-R,0,0,0,0,0,0,0,0,0,0,
Melisa Ibarra,https://www.facebook.com/melisa.ibarrarosario.5,no,,58316,0,2025-08-01,post,https://www.facebook.com/share/p/1YWvJS5BBc/,5,39,115,0,0,0,0,0,0,0,"Pueden sacar 100 encuestas más, ya está decidido:
 BOLIVIA NO QUI-E-RE 
AL VI-CE-PRE-SI-DEN-TE DE LA IN-TER-NA-CIO-NAL SO-CIA-LISTA como presidente de Bolivia que ni siquiera pasa el margen de error de las encuestas con tanto billete. 
 Sigan inviertiendo millones si quieren, la historia ni la voluntad genuina del país están en venta.… Ver más"
Melisa Ibarra,https://www.facebook.com/melisa.ibarrarosario.5,no,,58316,0,2025-08-01,post,https://www.facebook.com/share/v/19H7PQuTSo/,72,83,260,192,29,37,0,0,0,2," 1 de agosto, cuenta regresiva Bolivia! 
El MAS SE VA PORQUE SE VA !!! 
 Demos paso a una Bolivia LIBRE de Socialismo ! 
Para… Ver más"
Melisa Ibarra,https://www.facebook.com/melisa.ibarrarosario.5,no,,58316,0,2025-08-01,post,https://www.facebook.com/share/p/1EjupBui14/,9,134,190,0,0,0,0,0,0,0,"No hay cosa más parecida que un dictador de izquierda que uno de derecha. 
Perdió Bukele, ensombreció sus logros,  se auto inmoló en el vergonzoso ego de un autócrata. 
Los DDHH, la democracia y libertad NO SON NEGOCIABLES ni con la derecha ni con la izquierda."
Melisa Ibarra,https://www.facebook.com/melisa.ibarrarosario.5,no,,58316,0,2025-08-01,post,https://www.facebook.com/share/p/178Z46NiNg/,23,8,55,18,0,9,2,0,26,0,
Melisa Ibarra,https://www.facebook.com/melisa.ibarrarosario.5,no,,58316,0,2025-08-01,post,https://www.facebook.com/share/p/19XDC2j1qK/,0,1,2,2,0,0,0,0,0,0,
Melisa Ibarra,https://www.facebook.com/melisa.ibarrarosario.5,no,,58316,0,2025-08-01,post,https://www.facebook.com/share/p/19XikyuCXy/,16,31,152,24,0,128,0,0,0,0,"Cuando peleas con tu pareja pero deben ir al cumple del compi 
(Foto de Roberto Dotti- Asuntos Centrales )"
Melisa Ibarra,https://www.facebook.com/melisa.ibarrarosario.5,no,,58316,0,2025-08-02,reel,/reel/1489251172230427/?s=single_unit&__cft__[0]=AZUqW_ImN10w5N0QYNdsf8S4W0JJPCYV-42KmbbSlVBWpkcnOqUSh1UqsGz67r6lMAsqAKQE_MBo5HZ7Ay7CjJAIez_jf3yV6Svr49DBXyhoHtmJMoAXs_9q0M9-SRJrELWCcHgc9Evfflh5UujB8qE97-dHOuvfk8n1LlImv91J4PBFoBGn2v1cL6fyb7Jbi-Y&__tn__=H-R,0,0,0,0,0,0,0,0,0,0,
Melisa Ibarra,https://www.facebook.com/melisa.ibarrarosario.5,no,,58316,0,2025-08-02,post,https://www.facebook.com/share/p/1D9HEWBNU9/,14,10,172,135,22,15,0,0,0,0,"Andrónico RATIFICÓ que Tuto en su año de gestión presidencial el 2002 erradicó más de 30,000 hectáreas de coca con policías y militares. 
Logró el 80% de erradicación en un solo año. 
Confirmaste la decisión y determinación del candidato de combatir el narcotráfico. 
Solo Tuto combatirá el narcotráfico del MAS en Bolivia y volverá la DEA. … Ver más"
Melisa Ibarra,https://www.facebook.com/melisa.ibarrarosario.5,no,,58316,0,2025-08-02,post,https://www.facebook.com/share/p/16rp1LQw3T/,0,0,4,4,0,0,0,0,0,0,
Melisa Ibarra,https://www.facebook.com/melisa.ibarrarosario.5,no,,58316,0,2025-08-02,post,https://www.facebook.com/share/p/1JXqBzDpWh/,0,4,20,16,1,3,0,0,0,0,
Melisa Ibarra,https://www.facebook.com/melisa.ibarrarosario.5,no,,58316,0,2025-08-02,post,https://www.facebook.com/share/p/1D2EQ3dAus/,6,36,170,146,8,16,0,0,0,0,
Melisa Ibarra,https://www.facebook.com/melisa.ibarrarosario.5,no,,58316,0,2025-08-02,post,https://www.facebook.com/share/p/1AV9mZcJut/,0,0,2,0,0,0,0,0,0,0,
Melisa Ibarra,https://www.facebook.com/melisa.ibarrarosario.5,no,,58316,0,2025-08-02,post,https://www.facebook.com/share/p/1CjS2v3W8H/,0,2,4,4,0,0,0,0,0,0,
Melisa Ibarra,https://www.facebook.com/melisa.ibarrarosario.5,no,,58316,0,2025-08-02,post,https://www.facebook.com/share/p/16ocgDcy3K/,5,5,29,22,4,3,0,0,0,0," ESTO FUE LO MAS IM-POR-TAN-TE DEL DEBATE. 
Andrónico, hijo de Evo, declaró a Tuto Quiroga ante toda Bolivia como casi el -enemigo del narcotráfico-.
Le reclamó por la erradicación de coca ejecutada en el Chapare cuando fué presidente a sus 37 años el 2002. Erradicó el 80%. … Ver más"
Melisa Ibarra,https://www.facebook.com/melisa.ibarrarosario.5,no,,58316,0,2025-08-02,post,https://www.facebook.com/share/p/1DsoinL43h/,0,1,12,10,0,2,0,0,0,0,
Melisa Ibarra,https://www.facebook.com/melisa.ibarrarosario.5,no,,58316,0,2025-08-02,post,https://www.facebook.com/share/p/1FQVEvdCDa/,35,13,154,10,0,141,0,3,0,0,
Melisa Ibarra,https://www.facebook.com/melisa.ibarrarosario.5,no,,58316,0,2025-08-02,post,https://www.facebook.com/share/p/17CVSa72pk/,53,21,248,0,0,0,0,0,0,0," ANDRÓNICO RECONOCE A TUTO COMO EL ENEMIGO DEL NARCOTRÁFICO 
Andrónico, hijo de Evo, declaró a Tuto Quiroga ante toda Bolivia como el -enemigo del narcotráfico-.
Le reclamó por la erradicación de coca ejecutada en el Chapare cuando fué presidente a sus 37 años el 2002. Erradicó el 80%, 30,000 hectáreas. … Ver más"
Melisa Ibarra,https://www.facebook.com/melisa.ibarrarosario.5,no,,58316,0,2025-08-02,post,https://www.facebook.com/share/v/1DtgKMXKfF/,55,54,272,0,0,0,0,0,0,0," ANDRÓNICO SABE QUE LA DEA VUELVE CON TUTO
En el debate lo declaró prácticamente enemigo del narcotráfico por haber erradicado más de 30,000 hectáreas de coca en el Chapare el 2002 cuando fue presidente a sus 37 años.  
Están temblando por lo que él candidato podría hacer ahora a sus 60 años. … Ver más"
Melisa Ibarra,https://www.facebook.com/melisa.ibarrarosario.5,no,,58316,0,2025-08-02,post,https://www.facebook.com/share/p/16eEH2A6zV/,0,1,36,31,4,1,0,0,0,0,Justo y necesario para recuperar la república después del desastre del MAS.
Melisa Ibarra,https://www.facebook.com/melisa.ibarrarosario.5,no,,58316,0,2025-08-02,post,https://www.facebook.com/share/p/1GUxKVipHu/,24,28,167,120,24,19,0,2,1,1," TUTO EDUCA 
Tuto se gana el respeto de Bolivia con respeto. 
No humilla para sentirse grande, para reafirmarse, para SER, para brillar. … Ver más"
Melisa Ibarra,https://www.facebook.com/melisa.ibarrarosario.5,no,,58316,0,2025-08-02,post,https://www.facebook.com/share/p/1ZWCstNnrj/,7,111,281,185,34,59,0,1,0,2, EVO DE NUEVO? TUTO CARAJO!!!
Melisa Ibarra,https://www.facebook.com/melisa.ibarrarosario.5,no,,58316,0,2025-08-02,reel,/reel/1109266784660608/?s=single_unit&__cft__[0]=AZX-ZHFQZWSW_jJ7dr6A09OhO-KPhhW2YjnJ5Cxpd7V119R0RW1FGSazNe3C9_MyVEcuTD2lzKFQt8r0KIfLYHjLqFj6z4Phkj0LhvKI-Cz7-ayzEU2cYwRK-dLkw8W1IO4jt73ig04AtT_pNGH5YbpvvDMr1DzklA5AyBVjWz4RwqeOvJfsL99jJ0F4WtNyIyA&__tn__=H-R,0,0,0,0,0,0,0,0,0,0,
Melisa Ibarra,https://www.facebook.com/melisa.ibarrarosario.5,no,,58316,0,2025-08-02,post,https://www.facebook.com/share/p/1FmGygrkGD/,14,17,91,77,4,10,0,0,0,0,"  EVO MORALES ES UN MUERTO POLÍTICO GRACIAS A TUTO.
(Historia mata guerra sucia)
 Camacho, Pumari y Bolivia derrotaron a Evo.
 … Ver más"
Melisa Ibarra,https://www.facebook.com/melisa.ibarrarosario.5,no,,58316,0,2025-08-02,post,https://www.facebook.com/share/p/1MWUJEXRDE/,8,6,44,38,6,0,0,0,0,0,
Melisa Ibarra,https://www.facebook.com/melisa.ibarrarosario.5,no,,58316,0,2025-08-02,reel,/reel/1067017791821581/?s=single_unit&__cft__[0]=AZXN7RzdqdA2a2Sh43cpfLEJrx8WaywiZR8HhWKCFygMD3jyHUB_jpV_KqGIHWzgBwlRkQbaI2soVipLsEITeGLTLBYZyHFZXNDfJKoPtO5uV39KPqpvB2UNfhDhgQV67is9d3nl69lHFrJbxaz8oiY-c0V3pRlZsOQLszlW07fBL-fG2oJFSrQKMXs6z37ERhM&__tn__=H-R,0,0,0,0,0,0,0,0,0,0,
Melisa Ibarra,https://www.facebook.com/melisa.ibarrarosario.5,no,,58316,0,2025-08-02,post,https://www.facebook.com/share/p/19n1JukJLu/,1,2,19,16,0,3,0,0,0,0,
Melisa Ibarra,https://www.facebook.com/melisa.ibarrarosario.5,no,,58316,0,2025-08-02,post,https://www.facebook.com/share/p/15xo3Bgo7F/,0,0,3,3,0,0,0,0,0,0,
Melisa Ibarra,https://www.facebook.com/melisa.ibarrarosario.5,no,,58316,0,2025-08-02,post,https://www.facebook.com/share/p/1GMx9tAxdf/,1,5,10,0,0,0,0,0,0,0,"Por Dainika
¿Quién necesita matemáticas cuando tienen fe? 
Porque para entender esta encuesta, hay que dejar de lado la lógica y rendirse ante el poder místico de las cifras infladas, los márgenes inflados y la credibilidad… desinflada.… Ver más"
Melisa Ibarra,https://www.facebook.com/melisa.ibarrarosario.5,no,,58316,0,2025-08-02,post,https://www.facebook.com/share/p/1HgiA4GB7w/,26,29,184,175,3,6,0,0,0,0,"Fue más que una falta de respeto, fue una muestra de superioridad y un intento de humillación."
Melisa Ibarra,https://www.facebook.com/melisa.ibarrarosario.5,no,,58316,0,2025-08-02,reel,/reel/787200393733621/?s=single_unit&__cft__[0]=AZV8ex3mu8_inkp7trXOAdVu5pT9hZ2dH-sesAsug5yuacS9EkIya4lWbY5r_wBsT7xsDOTKuXUHYEq1P-PrOMEl8GzBmiFuEkd0H0cqVPSRz1VafM-y88Rcv5NJviDsKvMi8V6zAHAZei1IhAemNzRwWgo3MoXFJSerO666vHFNWvLp3wj1XN9dA2an5ITJiyQ&__tn__=H-R,0,0,0,0,0,0,0,0,0,0,"En un momento en que la política suele encerrarse sobre sí misma, Tuto Quiroga eligió abrir espacio para el diálogo. Reconoció en la propuesta económi… Ver más"
Melisa Ibarra,https://www.facebook.com/melisa.ibarrarosario.5,no,,58316,0,2025-08-03,reel,/reel/2911834975693022/?s=single_unit&__cft__[0]=AZUCQNQYAAviMdtbwFjTOCgdWZv7r315s8UuO8XKMiBw_zVM_I0U2H8Jtvbyfbhghs8LIGY8sCloREbC-ImwdUw_Th3-B4c4DsFU-AIeIT7abfUAcg-3dJsJetVtZ7qwZZB4N6RoC0KnP6Rfw4UavKvOasFvJV_jUN38dD6u-8XHD9cKV57XOq-aLWA4BssT2S8&__tn__=H-R,0,0,0,0,0,0,0,0,0,0," Santa Cruz quiere autonomía y Tuto Quiroga la dará en 62-38.
Gran convocatoria en Santiago de Velazco ! "
Melisa Ibarra,https://www.facebook.com/melisa.ibarrarosario.5,no,,58316,0,2025-08-03,post,https://www.facebook.com/share/p/16kyitu9sP/,0,0,6,1,0,5,0,0,0,0,
Melisa Ibarra,https://www.facebook.com/melisa.ibarrarosario.5,no,,58316,0,2025-08-03,post,https://www.facebook.com/share/p/19AEfpZyf8/,29,21,75,63,7,5,0,0,0,0,"Por Orlando Pacheco 
""Algo no encaja en el tablero político boliviano. Las encuestas parecen ir en contrasentido de lo que se percibe a simple vista en las calles y en el pulso vibrante de las redes sociales, donde el respaldo a Jorge Tuto Quiroga crece de manera contundente y orgánica. Este fenómeno trae ecos del 2019, cuando el oficialismo intentó construir una narrativa artificial a través de cifras manipuladas y simulacros de apoyo popular. Recordemos que entonces tambié… Ver más"
Melisa Ibarra,https://www.facebook.com/melisa.ibarrarosario.5,no,,58316,0,2025-08-03,post,https://www.facebook.com/share/p/1F1KG6VBMt/,0,1,10,9,0,1,0,0,0,0,"EXPERIMENTO SOCIAL DE Tito Lante .
Publicó un vídeo donde Camacho llena de elogios a Tuto pero con un titular diferente : ""Camacho confirmó que Tuto dejó escapar a Evo"" y sin ver el vídeo la gente reafirmaba su sesgo de confirmación y político cuando en realidad Camacho se refería con agradecimiento aTuto.
Gran experimento cuyos resultados son los que expone Tito a continuación. 
Hay señores, hay Bolivia 
, como te dejas engañar tan fácilmente"
Melisa Ibarra,https://www.facebook.com/melisa.ibarrarosario.5,no,,58316,0,2025-08-03,post,https://www.facebook.com/share/p/1BAetQxCdD/,1,11,51,39,2,10,0,0,0,0,"Como Cabildo !!!
 Es con Tuto! Es con Huevos!"
Melisa Ibarra,https://www.facebook.com/melisa.ibarrarosario.5,no,,58316,0,2025-08-03,reel,/reel/1508059643898823/?s=single_unit&__cft__[0]=AZVDZ1w6TpIfNGQ2IDx9zHqEoTHNvfoJgtdakW-d3dXii-aIQit-vUpZvndojLHUYptr9E9wNPNN_Tqf75BKV4jtInLLXAUgvr-C7EshwUrOR0HM2duazcXV_n9Y2W61hC1uju-o5Qh2XREuy27LRNPS-1P_zqQr5Sekfg4UlLauvL794bAfgkwurtuq93hcw2U&__tn__=H-R,0,0,0,0,0,0,0,0,0,0,
Melisa Ibarra,https://www.facebook.com/melisa.ibarrarosario.5,no,,58316,0,2025-08-03,reel,/reel/1384295922667293/?s=single_unit&__cft__[0]=AZXylej9KxcuDb7jDRsjS3xmX4znyHgahNlf5Vc1f8wysZU7TsDO1AkdoeEWzBXbRBfgX24LhB9RrFogEUPeFPA9-AHB7AQQzLjiT5BD87LNvjLeY4ZHIjIocQYsI0o6xkFNVuR9pcI56iCLxEc9uPHNk5Ls9edVcYORSgUGp3L8IBr4BnHxrYAa1-VHqkER9z8&__tn__=H-R,0,0,0,0,0,0,0,0,0,0,"Es un tema hasta de simple lógica más que un tema político. 
Sabíamos que Samuel era tan de izquierda? Yo me entero después de 30 años en Bolivia. 
Sabíamos que Samuel era el vicepresidente de la Internacional Socialista ? Yo me enteré hace unos 4 meses en este contexto electoral. "
Melisa Ibarra,https://www.facebook.com/melisa.ibarrarosario.5,no,,58316,0,2025-08-03,post,https://www.facebook.com/share/p/14Fnfx221XT/,3,27,39,30,3,6,0,0,0,0,"Por Orlando Pacheco 
""En qué momento se desdibujaron las convicciones...??? Resulta, cuanto menos, desconcertante que Luis Fernando Camacho, símbolo de resistencia frente al SOCIALISMMO respalde ahora a Samuel Doria Medina, actual vicepresidente de la INTERNACIONAL SOCIALISTA...
Qué ocurrió con sus principios...??? En qué instante la firmeza ideológica cedió terreno a la conveniencia...??? Su apoyo a un referente del SOCIALISMO no solo contradice su discurso, sino que genera… Ver más"
Melisa Ibarra,https://www.facebook.com/melisa.ibarrarosario.5,no,,58316,0,2025-08-03,reel,/reel/1446579593286253/?s=single_unit&__cft__[0]=AZVJrdzhqlfl0Vw2Panv1ARdC4pEm_ARBJXhZdFLgKGyodf_QqFM9NNOax06XhqcLQQmvs3PxI52zmY3ltcVyT1KuzK9bR1nFP8n_9RiLZz80fTxRiGbFd4eXa--WPKI0nGLRYsidPa-T6s1OmDcA34IQdWqTxBTIqSaATYAEAVdcu-DD9FSfUz_Qyo1TN23X3A&__tn__=H-R,0,0,0,0,0,0,0,0,0,0,#Pais 𝐕𝐢𝐫𝐠𝐢𝐧𝐢𝐨 𝐋𝐞𝐦𝐚 𝐥𝐥𝐚𝐦𝐚 𝐚 𝐫𝐞𝐬𝐩𝐚𝐥𝐝𝐚𝐫 𝐞𝐥 𝐜𝐨𝐧𝐭𝐫𝐨𝐥 𝐞𝐥𝐞𝐜𝐭𝐨𝐫𝐚𝐥 𝐲 𝐚𝐜𝐥𝐚𝐫𝐚 𝐨𝐫𝐢𝐠𝐞𝐧 𝐝𝐞 𝐥𝐥𝐚𝐦𝐚𝐝𝐚𝐬 𝐭𝐞𝐥𝐞𝐟𝐨́𝐧𝐢𝐜𝐚𝐬
Melisa Ibarra,https://www.facebook.com/melisa.ibarrarosario.5,no,,58316,0,2025-08-03,post,https://www.facebook.com/share/p/168YoDmmFM/,14,48,94,49,1,38,0,1,4,1,"EXTREMADAMENTE PERDIDO
Ningún ""extremo centro"" a ocupado la vicepresidencia de la Internacional Socialista, tampoco el creador del ""Socialismo Liberal"". 
Samuel sigue con serios problemas con su mismidad y auto identificación. … Ver más"
Melisa Ibarra,https://www.facebook.com/melisa.ibarrarosario.5,no,,58316,0,2025-08-03,post,https://www.facebook.com/share/p/1C5oYPPFwA/,2,35,28,21,1,4,0,0,2,0,
Melisa Ibarra,https://www.facebook.com/melisa.ibarrarosario.5,no,,58316,0,2025-08-04,post,https://www.facebook.com/share/p/177MEP2rwn/,2,26,80,71,0,8,0,1,0,0,"Sí señor, están a tiempo. 
Dunn debe dar una paso fundamental ahora. 
El MAS tiene maquinaria fraudulenta impredecible. Si Dunn quiere hacer su partido político, primero debe asegurarse de sacar al MAS.de lo contrario su PROYECTO ES INVIABLE. 
El MAS no soporta a la derecha democrática, que va a tolerar a un libertario, por favor. … Ver más"
Melisa Ibarra,https://www.facebook.com/melisa.ibarrarosario.5,no,,58316,0,2025-08-04,reel,/reel/2190469174801102/?s=single_unit&__cft__[0]=AZUppzdlaugGovRpumcaLDIQIosJGeO2VWOH1dUXNxXfKVHH9FP7GPs-tIgyX_oa8XPKWQaeWRZmRxpEhj9Sf8BD0KrAk24aszo9VXfPcUOyno04r7DdObtVEa5IepexaafOrbAHlSsgbhFJfcGteO-uNTF67MZFcWcGyrtzpe1JaPpvNSdYFpJuPJ1wPmJwyQ0&__tn__=H-R,0,0,0,0,0,0,0,0,0,0,"Se viene con todo! 
#escontuto #eleccionesbolivia2025 #cochabamba #sofiadiputada"
Melisa Ibarra,https://www.facebook.com/melisa.ibarrarosario.5,no,,58316,0,2025-08-04,post,https://www.facebook.com/share/p/1581BGPSSm/,5,43,163,134,17,10,0,1,0,1, Quién cree que Jaime Dunn debe reunirse con Tuto para unificar votos?.
Melisa Ibarra,https://www.facebook.com/melisa.ibarrarosario.5,no,,58316,0,2025-08-04,reel,/reel/1070314811964175/?s=single_unit&__cft__[0]=AZUptgI1rqrrJ-fPBdo3kiHYBlheALDm6VlHSgS88pAGkqDLNPjBUpmlrOLhwh2dWhCDIbiRRo7vNmSJ2UAFNHbbMJQ4kjF-1BXi8l26IaQp52b3M0E184hGy2chro9cLO_Vx2Ut8j27OhEL3NvW178cT8o5ROC0t9D36euUrZ5l8wamiuMcXT_R0K2xhAS8ghg&__tn__=H-R,0,0,0,0,0,0,0,0,0,0,
Melisa Ibarra,https://www.facebook.com/melisa.ibarrarosario.5,no,,58316,0,2025-08-04,post,https://www.facebook.com/share/p/16ryGxLxjY/,0,0,4,2,0,2,0,0,0,0,Jaime Dunn no cree en las encuestas.
Melisa Ibarra,https://www.facebook.com/melisa.ibarrarosario.5,no,,58316,0,2025-08-04,post,https://www.facebook.com/share/p/1AMB3FmSmi/,1,8,7,3,1,0,0,0,3,0,"Confiados, triunfalistas, exitistas. 
Están volviendo a cometer los mismos errores. 
Unamos el voto por favor, es nuestra última oportunidad"
Melisa Ibarra,https://www.facebook.com/melisa.ibarrarosario.5,no,,58316,0,2025-08-04,post,https://www.facebook.com/share/p/1BzZZaMhL7/,4,12,55,44,3,8,0,0,0,0," Cuando los medios callan, las redes hablan. No es guerra sucia, es rebeldía."
Melisa Ibarra,https://www.facebook.com/melisa.ibarrarosario.5,no,,58316,0,2025-08-04,post,https://www.facebook.com/share/p/16nwsC71AJ/,0,2,9,6,0,3,0,0,0,0,"Comité SC: ""Que se retracte Claure""."
Melisa Ibarra,https://www.facebook.com/melisa.ibarrarosario.5,no,,58316,0,2025-08-04,post,https://www.facebook.com/share/p/1ASLu6oYvq/,34,16,33,0,0,0,0,0,0,0,"Por Dainika
""...Por un lado está Tuto, el único ex presidente que no salió con cuentas bancarias multiplicadas ni mansiones en Miami. El que habla como estadista y no como animador de TikTok. Que propone descentralizar el poder, reducir impuestos, y digitalizar el Estado para que ya no tengamos que hacer fila para ver cómo nos roban. Es amigo de la empresa privada, enemigo del despilfarro, y, lo más grave para los zurdos, defensor de Santa Cruz y del modelo productivo que ge… Ver más"
Melisa Ibarra,https://www.facebook.com/melisa.ibarrarosario.5,no,,58316,0,2025-08-04,post,https://www.facebook.com/share/p/1B2vgYCm4p/,2,5,3,3,0,0,0,0,0,0,
Melisa Ibarra,https://www.facebook.com/melisa.ibarrarosario.5,no,,58316,0,2025-08-04,post,https://www.facebook.com/share/p/19PhnnFoUu/,0,0,9,8,0,0,1,0,0,0,"Algo parecido a este instinto pasa con otras hembras. 
 En el fondo del océano, donde la presión aplastaría un coche y el frío congelaría la sangre en minutos… una madre se niega a moverse.
Esta es Muusoctopus robustus, una hembra de pulpo profundo, acurrucada entre rocas volcánicas, envuelta con firmeza alrededor de su racimo de huevos —huevos que jamás abandonará.… Ver más"
Melisa Ibarra,https://www.facebook.com/melisa.ibarrarosario.5,no,,58316,0,2025-08-04,post,https://www.facebook.com/share/p/14ooZtvsgV/,4,3,55,46,0,6,3,0,0,0,"Debemos sacar al MAS, enfoquémonos !"
Melisa Ibarra,https://www.facebook.com/melisa.ibarrarosario.5,no,,58316,0,2025-08-04,post,https://www.facebook.com/share/p/1LWTtvdGtH/,5,9,27,18,1,8,0,0,0,0,"Por Ernesto Bascopé 
""Lo de ""extremo centro"" me suena a ""extrema estafa"". La única explicación que encuentro a semejante ambigüedad es la esperanza de ganar votos en todo el espectro político.
Pero no creo que funcione. Para la gente seria, Doria Medina es un socialista. Uno de closet, educadito y que se baña, pero socialista al fin. Con todas las mañas propias de dicha franquicia política. Si entra al gobierno, sus subalternos no tardarán en asaltar el Estado, repartir peg… Ver más"
Melisa Ibarra,https://www.facebook.com/melisa.ibarrarosario.5,no,,58316,0,2025-08-04,post,https://www.facebook.com/share/p/1B5kktNtgs/,3,0,15,14,1,0,0,0,0,0,
Melisa Ibarra,https://www.facebook.com/melisa.ibarrarosario.5,no,,58316,0,2025-08-04,post,https://www.facebook.com/share/p/1AMkxjhLp4/,0,9,19,9,0,10,0,0,0,0,
Melisa Ibarra,https://www.facebook.com/melisa.ibarrarosario.5,no,,58316,0,2025-08-04,post,https://www.facebook.com/share/p/1CTpw4R9ws/,16,1,15,12,1,2,0,0,0,0,
Melisa Ibarra,https://www.facebook.com/melisa.ibarrarosario.5,no,,58316,0,2025-08-05,post,https://www.facebook.com/share/p/19Yykjuvxh/,3,0,10,5,3,2,0,0,0,0,"Consulta en Cabildeo Digital.
Ganó Tuto por mucho "
Melisa Ibarra,https://www.facebook.com/melisa.ibarrarosario.5,no,,58316,0,2025-08-05,reel,/reel/4230019630560156/?s=single_unit&__cft__[0]=AZWNQKECubmHjwA9SCF374GqDL8QtFtSsXt1Sz2lqnaKPa-j16GpytsKy_2KORpcm6X0zYea5fGThMJA2yVlkkqECsfgTohCs4o2PHeerpz1MV3sG3UO-_xw3gu_SE2bSgc360gy2sDBudMKJNAzLn453xX3KC3Mv3Kj8BGB3JCJTXUSYlaY7ML_54dXce9wLHo&__tn__=H-R,0,0,0,0,0,0,0,0,0,0,
Melisa Ibarra,https://www.facebook.com/melisa.ibarrarosario.5,no,,58316,0,2025-08-05,post,https://www.facebook.com/share/p/1C1VjdbqAm/,0,2,24,19,0,5,0,0,0,0, Tuto no nos miente. Por lo menos basta ahora.
Melisa Ibarra,https://www.facebook.com/melisa.ibarrarosario.5,no,,58316,0,2025-08-05,post,https://www.facebook.com/share/p/14NFw2oY7Zy/,1000,91,199,24,0,4,2,29,140,0,"#urgente EL MAS NO VA A SOLTAR EL PODER POR LAS BUENAS, COMPRENDAN !
""𝐒𝐨𝐬𝐩𝐞𝐜𝐡𝐚𝐬 𝐞 𝐢𝐧𝐜𝐞𝐫𝐭𝐢𝐝𝐮𝐦𝐛𝐫𝐞 𝐭𝐫𝐚𝐬 𝐚𝐫𝐫𝐢𝐛𝐨 𝐦𝐚𝐬𝐢𝐯𝐨 𝐝𝐞 𝐯𝐞𝐧𝐞𝐳𝐨𝐥𝐚𝐧𝐨𝐬 
 𝐞𝐧 𝐯𝐮𝐞𝐥𝐨 𝐧𝐨𝐜𝐭𝐮𝐫𝐧𝐨 𝐚 𝐒𝐚𝐧𝐭𝐚 𝐂𝐫𝐮𝐳
Durante la madrugada de este lunes, pasajeros que arribaron a Santa Cruz en un vuelo proveniente de Buenos Aires reportaron con preocupación la llegada de un avión de gran porte de la aerolínea “Conviasa”, portando la bandera de Venezuela y transportando a lo que se estima fueron más de 200 ciudadanos venezolan… Ver más"
Melisa Ibarra,https://www.facebook.com/melisa.ibarrarosario.5,no,,58316,0,2025-08-05,post,https://www.facebook.com/share/p/1KsBwbhKdd/,40,17,125,81,0,5,4,9,26,0,"El MAS ESTÁ TRAMANDO ALGO O MUCHO.
No van a dejar el poder democráticamente. La llegada de los venezolanos huele mal."
Melisa Ibarra,https://www.facebook.com/melisa.ibarrarosario.5,no,,58316,0,2025-08-05,post,https://www.facebook.com/share/p/19aiArnhNY/,3,8,48,36,2,10,0,0,0,0, BOLIVIA NO SE VENDE Y LA PRESIDENCIA NO SE COMPRA.
Melisa Ibarra,https://www.facebook.com/melisa.ibarrarosario.5,no,,58316,0,2025-08-05,post,https://www.facebook.com/share/p/1G9ukT7jXU/,2,33,102,73,13,14,0,0,0,2,"Entre quedar bien con algunos y fallar a mis principios, lo siento, prefiero no fallar a mis principios.

 Tuto presidente."
Melisa Ibarra,https://www.facebook.com/melisa.ibarrarosario.5,no,,58316,0,2025-08-05,post,https://www.facebook.com/share/p/17CwgHmZXe/,4,1,16,11,1,3,0,0,1,0,Literal Milei.
Melisa Ibarra,https://www.facebook.com/melisa.ibarrarosario.5,no,,58316,0,2025-08-05,post,https://www.facebook.com/share/p/16xqYo1HVh/,9,11,51,41,2,8,0,0,0,0," EL ÚNICO VOTO ÚTIL -NO SOCIALISTA- ES TUTO. 
Si se refieren al voto útil,  -Socialista-, ah claro! Ese es Samuel, porsupuesto."
Melisa Ibarra,https://www.facebook.com/melisa.ibarrarosario.5,no,,58316,0,2025-08-05,post,https://www.facebook.com/share/p/1BFpDvte3x/,3,34,61,45,4,12,0,0,0,0," LA PRESIDENCIA NO SE LA COMPRA, DE LA GANA."
Melisa Ibarra,https://www.facebook.com/melisa.ibarrarosario.5,no,,58316,0,2025-08-05,post,https://www.facebook.com/share/p/1AzrToUytF/,13,6,28,22,1,5,0,0,0,0,"Esperábamos más rectitud y distancia con los azules, y miren ustedes, nos defraudaron.
""EL SICARIO SISTEMÁTICO DE LA RENOVACIÓN PATRIÓTICA - UNA TRAICIÓN QUE SE REPITE EN CADA ELECCIÓN*
Que nadie se confunda, lo que hizo Samuel Doria Medina en esta elección no es nuevo, no es un error ni una torpeza política, es la séptima expresión de un patrón sistemático, cínico y devastador de traición al pueblo boliviano, repetido elección tras elección, bajo disfraces distintos, con d… Ver más"
Melisa Ibarra,https://www.facebook.com/melisa.ibarrarosario.5,no,,58316,0,2025-08-05,post,https://www.facebook.com/share/p/16rKvMmHxF/,0,0,3,0,0,3,0,0,0,0,
Melisa Ibarra,https://www.facebook.com/melisa.ibarrarosario.5,no,,58316,0,2025-08-05,post,https://www.facebook.com/share/p/1AnecMpQ7F/,4,3,23,19,0,3,0,1,0,0,
Melisa Ibarra,https://www.facebook.com/melisa.ibarrarosario.5,no,,58316,0,2025-08-06,post,https://www.facebook.com/share/p/19bEFRXAVp/,4,11,19,14,5,0,0,0,0,0," TUTO GANA SONDEO ! 
Y ASÍ GANARÁ LAS ELECCIONES! 
Los procesos cíclicos en la política y economía son naturales, no se los compra, no se los vende, no se los direcciona. 
La historia de la humanidad lo dice. Cuando la derecha se desgasta, entra la izquierda, cuando la izquierda se desgasta, entra la derecha. 
D… Ver más"
Melisa Ibarra,https://www.facebook.com/melisa.ibarrarosario.5,no,,58316,0,2025-08-06,post,https://www.facebook.com/share/p/1ENqn3uYFK/,0,15,22,18,0,4,0,0,0,0,
