nombre perfil,url perfil,snapshot_date,creación del perfil,candidato identificado,seguidores,seguidos,fecha post,tipo de post,url post,comparticiones,comentarios,reacciones en total,me gusta,me encanta,me divierte,me entristece,me sorprende,me enoja,me importa,contenido
SONIA AGUILAR URAPIÑA,https://www.facebook.com/profile.php?id=61578179799533,2025-07-23,,no,0,0,2025-07-15,post,https://www.facebook.com/share/1Co4WYAMUz/,1,1,6,4,2,0,0,0,0,0,
SONIA AGUILAR URAPIÑA,https://www.facebook.com/profile.php?id=61578179799533,2025-07-23,,no,0,0,2025-07-15,post,https://www.facebook.com/share/p/12KuCRez2p1/,1,0,6,4,2,0,0,0,0,0,
SONIA AGUILAR URAPIÑA,https://www.facebook.com/profile.php?id=61578179799533,2025-07-23,,no,0,0,2025-07-15,post,https://www.facebook.com/share/p/19WFsH4ygY/,2,0,13,10,3,0,0,0,0,0,"Soy Sonia Aguilar Urapiña, mujer indígena, madre, y luchadora social.
Hoy me presento como candidata a diputada nacional por la Circunscripción 53 del departamento de Santa Cruz.
He dedicado mi vida a defender los derechos de nuestros pueblos originarios, a luchar por una educación digna para todos y a levantar la voz de quienes han sido olvidados.… Ver más"
SONIA AGUILAR URAPIÑA,https://www.facebook.com/profile.php?id=61578179799533,2025-07-23,,no,0,0,2025-07-16,post,https://www.facebook.com/share/p/16psZnqGcY/,3,0,9,5,4,0,0,0,0,0,"¡Felicidades, La Paz!
En tu aniversario celebro tu historia, tu fuerza y tu gente valiente.
Gracias por enseñarnos que desde las alturas también se lucha con el corazón.
Con admiración y cariño,
Sonia Aguilar Urapiña"
SONIA AGUILAR URAPIÑA,https://www.facebook.com/profile.php?id=61578179799533,2025-07-23,,no,0,0,2025-07-18,post,https://www.facebook.com/share/p/1C2FbAxEKX/,0,1,7,3,4,0,0,0,0,0,"Sonia Aguilar no apareció en tiempos de elecciones.
Siempre ha estado al lado de su pueblo, ayudando con lo que tiene, escuchando y caminando junto a su gente.
Hoy, como candidata titular a diputada por la C-53, no busca un cargo, busca una forma más grande de servir.
Porque cuando uno ha vivido las necesidades del pueblo, también sabe cómo defenderlo con dignidad.
Sonia Aguilar. Voz firme. Corazón del pueblo."
SONIA AGUILAR URAPIÑA,https://www.facebook.com/profile.php?id=61578179799533,2025-07-23,,no,0,0,2025-07-19,post,https://www.facebook.com/share/p/16uh81JCR2/,0,0,6,5,1,0,0,0,0,0,"Nuestra candidata Sonia Aguilar Urapiña hace un llamado a todos los municipios que conforman la Circunscripción 53 a una reunión de coordinación en el municipio de Pailón, con el objetivo de fortalecer el proyecto de La Fuerza del Pueblo.
 Es tiempo de organizarnos, escucharnos y construir juntos el camino hacia un futuro más justo para nuestras comunidades.
 Desde Pailón, la C-53 se une y avanza con fuerza."
