nombre perfil,url perfil,snapshot_date,creación del perfil,candidato identificado,seguidores,seguidos,fecha post,tipo de post,url post,comparticiones,comentarios,reacciones en total,me gusta,me encanta,me divierte,me entristece,me sorprende,me enoja,me importa,contenido
Revuelta Malcriada,https://www.facebook.com/ninasmalcriadasbolivia,2025-06-11,,no,6900,41,2025-03-17,post,https://www.facebook.com/share/p/16XVQETSp7/,4,0,5,0,0,0,0,0,0,0,"Buenos y malcriados días
N… Ver más"
Revuelta Malcriada,https://www.facebook.com/ninasmalcriadasbolivia,2025-06-11,,no,6900,41,2025-05-18,post,https://www.facebook.com/ninasmalcriadasbolivia/posts/pfbid0c3effoVAHPNLy1etNJaz6ekyL3VQbBH1b9EXTF6UuNdn5KuRndkLPqZi5oKHEgwfl,2,0,14,0,0,0,0,0,0,0,Nos pronunciamos al respecto de la represión y criminalización de la marcha del 16 de mayo 
Revuelta Malcriada,https://www.facebook.com/ninasmalcriadasbolivia,2025-05-23,2019-11-03,no,6900,0,2025-05-18,post,not-found-post-url--222649,0,0,,11,0,2,0,0,1,0,Nos pronunciamos al respecto de la represión y criminalización de la marcha del 16 de mayo 
Revuelta Malcriada,https://www.facebook.com/ninasmalcriadasbolivia,2025-07-01,2019-11-03,no,6900,0,2025-06-29,post,https://www.facebook.com/ninasmalcriadasbolivia/posts/pfbid02gbjN1DSsA6cMjRJDbMP4oCwLquTvnoDdQBsvptyWCvzvKiAM7YDXUVpBPwPPJyAbl,3,4,17,16,0,0,0,1,0,0,"Acabamos de publicar nuestro primer texto de análisis electoral en nuestro nuevo Substack! Les invitamos a pasar y leer, y si pueden también les invitamos a suscribirse… Ver más"
Revuelta Malcriada,https://www.facebook.com/ninasmalcriadasbolivia,2025-07-22,2019-11-03,no,6900,0,2025-07-22,post,https://www.facebook.com/share/p/1EbGyDz96o/,22,1,53,51,1,0,0,0,0,1,¿Porque Manfred Reyes Villa representa los intereses neoliberales en Bolivia? ¿Por qué su figura resurge una y otra vez pese a su historial de impunidad? ¿Que nos dice … Ver más
