nombre perfil,url perfil,candidato identificado,creación del perfil,seguidores,seguidos,fecha post,tipo de post,url post,comparticiones,comentarios,reacciones en total,me gusta,me encanta,me divierte,me entristece,me sorprende,me enoja,me importa,contenido
WANDA XIMENA MEDRANO HERVAS,https://www.facebook.com/wanda.medranohervas,no,,0,0,2025-07-21,post,https://www.facebook.com/share/v/15fBKxzLgp/,4,5,23,18,2,1,0,0,0,2,"El cambio que esperas es con Jorge Tuto Quiroga Ramirez 
Una de las mayores preocupaciones del ciudadano de a pie son las horas invertidas en las filas para cargar unos… Ver más"
WANDA XIMENA MEDRANO HERVAS,https://www.facebook.com/wanda.medranohervas,no,,0,0,2025-07-21,post,https://www.facebook.com/share/v/1FH3Ggaadm/,4,6,29,21,7,0,0,0,0,1,"Hoy sostuvimos una reunión con representantes de diferentes sectores sociales y productivos, escuchando sus preocupaciones, propuestas y el deseo común de construir un … Ver más"
WANDA XIMENA MEDRANO HERVAS,https://www.facebook.com/wanda.medranohervas,no,,0,0,2025-07-22,post,https://www.facebook.com/share/p/16myVp1zn3/,13,5,31,23,7,0,0,0,0,1," ¡COCHABAMBA TIENE FUTURO! 
Desde la primera senaduría por la Alianza Libre, Wanda Medrano presenta su plan para reconstruir Bolivia desde el corazón productivo del p… Ver más"
WANDA XIMENA MEDRANO HERVAS,https://www.facebook.com/wanda.medranohervas,no,,0,0,2025-07-23,post,https://www.facebook.com/share/p/1EGsq8K13u/,18,1,20,16,2,0,0,0,0,2,"¡El agro necesita futuro, y el futuro se construye con leyes claras y sostenibles!
Desde el Senado, Wanda Medrano impulsará la Ley de Desarrollo Agroindustrial Sostenib… Ver más"
WANDA XIMENA MEDRANO HERVAS,https://www.facebook.com/wanda.medranohervas,no,,0,0,2025-07-23,post,https://www.facebook.com/share/p/1YTYorXWNj/,3,4,30,20,6,1,0,0,0,3," La fuerza joven se organiza para el cambio
Hoy acompañamos con orgullo la posesión del Comité Político Estudiantil de la UMSS, una muestra clara de que la juventud no… Ver más"
WANDA XIMENA MEDRANO HERVAS,https://www.facebook.com/wanda.medranohervas,no,,0,0,2025-07-23,post,https://www.facebook.com/share/v/1GDkTXRpC3/,8,3,44,39,4,0,0,0,0,1,"Seguimos avanzando, llevando nuestras propuestas de un #CambioRadical a toda la población.
El apoyo se siente y Jorge Tuto Quiroga Ramirez será nuestro futuro President… Ver más"
WANDA XIMENA MEDRANO HERVAS,https://www.facebook.com/wanda.medranohervas,no,,0,0,2025-07-25,post,https://www.facebook.com/share/p/172esbJG4d/,8,6,26,21,4,0,0,0,0,1, ¡Inauguramos la casa de campaña en el Prado junto a Generación 21!… Ver más
WANDA XIMENA MEDRANO HERVAS,https://www.facebook.com/wanda.medranohervas,no,,0,0,2025-07-25,post,https://www.facebook.com/share/p/1FUCdWF46a/,1,0,12,8,3,0,0,0,0,1,"Juntos, con Jorge Tuto Quiroga Ramirez , rescataremos la economía nacional de su estado crítico. 
Hoy tuvimos el honor de visitar la radio Kancha Parlaspa, donde compar… Ver más"
WANDA XIMENA MEDRANO HERVAS,https://www.facebook.com/wanda.medranohervas,no,,0,0,2025-07-25,post,https://www.facebook.com/share/p/161xcwAyM2/,6,3,16,16,0,0,0,0,0,0,"Es con Jorge Tuto Quiroga Ramirez el cambio que esperas.
Cada día vemos con preocupación cómo nuestros jóvenes sobresalientes pierden la fe en progresar en nuestro país… Ver más"
WANDA XIMENA MEDRANO HERVAS,https://www.facebook.com/wanda.medranohervas,no,,0,0,2025-07-27,post,https://www.facebook.com/share/p/1EV6Tmnt4d/,2,2,10,7,1,0,0,0,0,2,"Y seguimos trabajando!!! TUTO futuro Presidente de Bolivia 
 
#JuntosSaldremosAdelante #TutoPresidente #wandasenadora 
#coch… Ver más"
WANDA XIMENA MEDRANO HERVAS,https://www.facebook.com/wanda.medranohervas,no,,0,0,2025-07-28,post,https://www.facebook.com/share/p/19sWA3P8bT/,10,7,31,26,5,0,0,0,0,0,"""Los derechos de uno no pueden ir sobre los derechos de los demás""
Los bolivianos somos víctimas cada semana de esta medida radical, que bajo el escudo del ""derecho a l… Ver más"
WANDA XIMENA MEDRANO HERVAS,https://www.facebook.com/wanda.medranohervas,no,,0,0,2025-07-28,post,https://www.facebook.com/share/p/1AyWVa9ptK/,4,5,22,17,2,0,0,1,0,2," Participamos del foro organizado por Diacción, donde se expusieron propuestas dirigidas a personas con discapacidad.… Ver más"
WANDA XIMENA MEDRANO HERVAS,https://www.facebook.com/wanda.medranohervas,no,,0,0,2025-07-29,post,https://www.facebook.com/share/p/16u5q4iUo3/,0,0,4,2,3,0,0,0,0,0," Hoy estuvimos en el programa De 1era Mano
Un espacio para hablar con claridad sobre nuestras propuestas, la situación del país y el rumbo que necesita Bolivia.… Ver más"
WANDA XIMENA MEDRANO HERVAS,https://www.facebook.com/wanda.medranohervas,no,,0,0,2025-07-29,post,https://www.facebook.com/share/p/1YAv4V2kxU/,6,3,30,25,3,0,0,0,0,2," Ayer nos reunimos con estudiantes de la Universidad Mayor de San Simón y el equipo Élite de la Secretaría de Profesionales.
F… Ver más"
