nombre perfil,url perfil,candidato identificado,creación del perfil,seguidores,seguidos,fecha post,tipo de post,url post,comparticiones,comentarios,reacciones en total,me gusta,me encanta,me divierte,me entristece,me sorprende,me enoja,me importa,contenido
SILVIA MOLLER CHOQUE,https://www.facebook.com/silvia.mollerchoque,sí,,0,0,2025-08-03,reel,/reel/1104335408291572/?s=single_unit&__cft__[0]=AZUxlJnE_jBM_BW0YYrXWu517WIKbVHDiC3ArN7mun3HtkI7h9y9CWOSK75k3CwvHLcAOIc7Lvrb5mASdL2ZIbthOinJVwyB3dItCX5bYFe6kPBCziI3iEkjBjumS1JnYFuhz6-ddqxGXnOz1XP3iKI3ZUvPzWMMZnPrcrH41rXtdLs4ml0sFG38VnPCsffxH9w&__tn__=H-R,0,0,0,0,0,0,0,0,0,0,
SILVIA MOLLER CHOQUE,https://www.facebook.com/silvia.mollerchoque,sí,,0,0,2025-08-05,post,https://www.facebook.com/share/p/19wzeyxZRx/,0,0,0,0,0,0,0,0,0,0,
SILVIA MOLLER CHOQUE,https://www.facebook.com/silvia.mollerchoque,sí,,0,0,2025-08-05,reel,/reel/1917702989085215/?s=single_unit&__cft__[0]=AZX2PnoJU6wRz36hVrA1zwAhre6ddnJsDR3yCNUdEisMImaxoH6MppHOFX36zMONNk8dgTlbI2QdxsqzwZJ00oCUjWyYr-S56wF9X54m1qocQ4UrjEnHFH_0Rgfdq9HE0PCbtjQAuGgS2t6SOFRGdLVNsXe3CRRiiSsIbg6gLawIzRPmb7Q8QHN9omc2uSOfSNI&__tn__=H-R,0,0,0,0,0,0,0,0,0,0,"Eric's US tour kicks off in one month. Tickets are in limited supply, but are still available for purchase at the link below. "
SILVIA MOLLER CHOQUE,https://www.facebook.com/silvia.mollerchoque,sí,,0,0,2025-08-05,reel,/reel/2003265247146472/?s=single_unit&__cft__[0]=AZXQKswJD5Fh6AjIl4Hx4QZW5-g2rOX7gNxjVS0rUkekucaV7OlgA3wvCFxtahhBJ0eR_Ejw5-P8eoRuHata9i_ldu8kEeFpiAKmzblH2AJvjs4rt4cYGJUlkxZ6cD9Kij6VYRZUz4E1U2uSSZJM31wf-7Vnq30oRougq5Gq7CnyqCYQYjWjwmnC44FgjSPWe4w&__tn__=H-R,0,0,0,0,0,0,0,0,0,0,El Valle Bajo de Cochabamba está con TUTO!!
SILVIA MOLLER CHOQUE,https://www.facebook.com/silvia.mollerchoque,sí,,0,0,2025-08-05,reel,/reel/1340907497602199/?s=single_unit&__cft__[0]=AZXBrc3DSJI1H4PDMRLoZXwyozYERcgwQrZP6GzAkZN0ejVae8TotmS3dS-PtbfoLuy1rOiqXGeI39ZGuRw3-Tz20h7qjeJedzQ5gzp1Z_iodUErpETyk4L3wuQKUndNq0RbM9u4LuvJk9d-c6VB4lLEKKKaiPFBt7hJGBvr-QDIR0XAiAFtbD3gHDs9x_k_ucA&__tn__=H-R,0,0,0,0,0,0,0,0,0,0,En El Torno se siente el calor… y no solo del sol.  
SILVIA MOLLER CHOQUE,https://www.facebook.com/silvia.mollerchoque,sí,,0,0,2025-08-05,reel,/reel/1152362383590283/?s=single_unit&__cft__[0]=AZVZkwXZbEa7WJLew8V3_Fmhc4rMf-eJ0mabO94unM4IR5BJOgFhJN9gL3fMJn_1Q6TsGz1zJcLaTx_YFosifzCa8h2LH-gIDmoCmSVG6Nwhu7wI8M7K61YLRlFhWU2IedtTmqVy87BvlyRXRNhXMN-ahxi_8u83xgx0g5RnaWZcdRjPEatcuFNOjAVqHVY-XfY&__tn__=H-R,0,0,0,0,0,0,0,0,0,0,"Este 17 de agosto elegimos el futuro. 
Un país con trabajo, sin filas ni escasez. 
Donde el esfuerzo valga la pena. … Ver más"
SILVIA MOLLER CHOQUE,https://www.facebook.com/silvia.mollerchoque,sí,,0,0,2025-08-05,reel,/reel/1388004605832966/?s=single_unit&__cft__[0]=AZW1jEXNAOj4nmcd-ZZfoYSfIYO3VcgqIfwwo5O9Dp0DdxHHlisTx7SJcMnG7Q0MU1K4rnq0BGdspesYo9B4GIQzSQd9E-1x6viMpbFofCEADxzJ9BOpHINw6YW42I_brWjWxBeibuskQVDgQjhfvAekfjdth5u0IPMYJSIY4i2kwkR-3JSCc41fTVodu4-sj3A&__tn__=H-R,0,0,0,0,0,0,0,0,0,0,"Gracias por recibirnos y abrirnos el corazón. 
Este 17 de agosto, vamos juntos. 
Por nuestros jóvenes, por el futuro. … Ver más"
SILVIA MOLLER CHOQUE,https://www.facebook.com/silvia.mollerchoque,sí,,0,0,2025-08-05,post,https://www.facebook.com/share/p/1CSeKmf5wB/,0,0,0,0,0,0,0,0,0,0,
SILVIA MOLLER CHOQUE,https://www.facebook.com/silvia.mollerchoque,sí,,0,0,2025-08-05,post,https://www.facebook.com/share/p/1AhCDG3kpg/,0,0,0,0,0,0,0,0,0,0,
SILVIA MOLLER CHOQUE,https://www.facebook.com/silvia.mollerchoque,sí,,0,0,2025-08-05,post,https://www.facebook.com/share/p/19mPRGoaaT/,0,0,0,0,0,0,0,0,0,0,
SILVIA MOLLER CHOQUE,https://www.facebook.com/silvia.mollerchoque,sí,,0,0,2025-08-05,post,https://www.facebook.com/silvia.mollerchoque/posts/pfbid02qkwyyouHNFYkQp8y5mW1ozfQAHkSJGTdoWgTTsjKB5TvAt5owRE56Y2xnj7zLYyel,0,0,0,0,0,0,0,0,0,0,
SILVIA MOLLER CHOQUE,https://www.facebook.com/silvia.mollerchoque,sí,,0,0,2025-08-05,post,https://www.facebook.com/share/p/1HzPjAzCMy/,0,0,0,0,0,0,0,0,0,0,
SILVIA MOLLER CHOQUE,https://www.facebook.com/silvia.mollerchoque,sí,,0,0,2025-08-05,post,https://www.facebook.com/share/p/16k9Ka3xAZ/,0,0,0,0,0,0,0,0,0,0,
SILVIA MOLLER CHOQUE,https://www.facebook.com/silvia.mollerchoque,sí,,0,0,2025-08-05,post,https://www.facebook.com/share/p/1JDDgYQ3uN/,0,0,2,2,0,0,0,0,0,0,
SILVIA MOLLER CHOQUE,https://www.facebook.com/silvia.mollerchoque,sí,,0,0,2025-08-06,post,https://www.facebook.com/share/p/1DqiQx3SuL/,0,0,0,0,0,0,0,0,0,0,
SILVIA MOLLER CHOQUE,https://www.facebook.com/silvia.mollerchoque,sí,,0,0,2025-08-06,post,https://www.facebook.com/share/p/18q3F4qP5E/,0,0,0,0,0,0,0,0,0,0,
SILVIA MOLLER CHOQUE,https://www.facebook.com/silvia.mollerchoque,sí,,0,0,2025-08-06,post,https://www.facebook.com/share/p/191GoqHuhb/,0,0,0,0,0,0,0,0,0,0,
SILVIA MOLLER CHOQUE,https://www.facebook.com/silvia.mollerchoque,sí,,0,0,2025-08-06,post,https://www.facebook.com/share/p/19fb79ggFg/,0,0,3,0,0,0,0,0,0,0,"Excelente  Leopoldo  es  hora  de  una  Justicia  Real, luego  de desbaratar  los  consorcios  criminales  y  que  le  paguen  los  años  de  detencion  y  perjuicio ocasionados, por  vulneracion  a  los derechos  humanos."
SILVIA MOLLER CHOQUE,https://www.facebook.com/silvia.mollerchoque,sí,,0,0,2025-08-06,post,https://www.facebook.com/share/p/16yWQSFZGE/,0,0,1,1,0,0,0,0,0,0,
SILVIA MOLLER CHOQUE,https://www.facebook.com/silvia.mollerchoque,sí,,0,0,2025-08-06,post,https://www.facebook.com/share/p/1H2ekXD6pW/,1,0,1,1,0,0,0,0,0,0,
SILVIA MOLLER CHOQUE,https://www.facebook.com/silvia.mollerchoque,sí,,0,0,2025-08-06,post,https://www.facebook.com/share/p/15xjGTSpGv/,0,0,1,1,0,0,0,0,0,0,
SILVIA MOLLER CHOQUE,https://www.facebook.com/silvia.mollerchoque,sí,,0,0,2025-08-06,post,https://www.facebook.com/share/p/1GiRnrbD92/,1,0,1,1,0,0,0,0,0,0,
SILVIA MOLLER CHOQUE,https://www.facebook.com/silvia.mollerchoque,sí,,0,0,2025-08-06,post,https://www.facebook.com/share/p/1BDuJaJcs7/,0,0,0,0,0,0,0,0,0,0,"ES  HORA  DE  LA  VERDADERA  JUSTICIA   NO  IMPORTA  LO  QUE   TARDE  LO  IMPORTANTE  ES  QUE  LLEGUE,  REVISION  Y  HASTA  QUE  LLEGUE  A  CIDH ,  LO  IMPORTANTE  ES  QUE  LLEGUE ."
SILVIA MOLLER CHOQUE,https://www.facebook.com/silvia.mollerchoque,sí,,0,0,2025-08-06,post,https://www.facebook.com/share/p/1CcY1CLCCC/,0,0,0,0,0,0,0,0,0,0,"ES  HORA  DE  QUE  LLEGUE  LA  JUSTICIA,  SOBRE  TODO  A  LOS  CONSORCIOS  CRIMINALES, EL  TIEMPO  PASA  Y  EL  PERJUICIO  DEBE  SER  PAGADO  NO  SOLO  CON  CARCEL  , SINO  TAMBIEN  CON  INDEM8NIZACION ."
SILVIA MOLLER CHOQUE,https://www.facebook.com/silvia.mollerchoque,sí,,0,0,2025-08-06,post,https://www.facebook.com/share/p/1HwhPUgz8j/,0,0,0,0,0,0,0,0,0,0,
SILVIA MOLLER CHOQUE,https://www.facebook.com/silvia.mollerchoque,sí,,0,0,2025-08-06,post,https://www.facebook.com/share/p/1AzN6xxL54/,0,0,1,1,0,0,0,0,0,0,
