nombre perfil,url perfil,candidato identificado,creación del perfil,seguidores,seguidos,fecha post,tipo de post,url post,comparticiones,comentarios,reacciones en total,me gusta,me encanta,me divierte,me entristece,me sorprende,me enoja,me importa,contenido
Capiguara Libertaria,https://www.facebook.com/luisita.balbian,no,,15023,0,2025-06-02,post,https://www.facebook.com/share/p/198XcreSb3/,3,3,7,0,0,0,0,0,0,0,"Del Estado y otros males:
 ¿Quién quiere achicar el Estado?
 
 Libre – liberal, con propuestas operativas.
 Plantea achicar el Estado con reformas.… Ver más"
Capiguara Libertaria,https://www.facebook.com/luisita.balbian,no,,15023,0,2025-06-02,post,https://www.facebook.com/luisita.balbian/posts/pfbid02f59eNGSpk4cmVpY26jH9usYQE5qdoE5hquGGQVZqTmacyHMDasxGovVqJmqdXNTzl,3,1,37,0,0,0,0,0,0,0,"Elay, quien le va a quitar su personería al MAS...va a ser el MAS por su pejivoto de menos de 3%.
"
Capiguara Libertaria,https://www.facebook.com/luisita.balbian,no,,15023,0,2025-06-02,post,https://www.facebook.com/share/p/1CCZRnZmCW/,81,13,81,0,0,0,0,0,0,0," Los 5 temas que NADIE se atreve a tocar
Leí todos los planes de gobierno. TODOS.
¿Y sabés qué? Todos callan sobre lo que de verdad nos está jodiendo como país.
Acá van 5 bombas de tiempo que ningún partido –ni de izquierda, ni de derecha– quiere desactivar 
… Ver más"
Capiguara Libertaria,https://www.facebook.com/luisita.balbian,no,,15023,0,2025-06-02,post,https://www.facebook.com/share/p/1ERicqzMRq/,0,3,11,0,0,0,0,0,0,0,Como va la cosa ¿ya no vamos a tener que esperar a que lleguen los votos del campo? 
Capiguara Libertaria,https://www.facebook.com/luisita.balbian,no,,15023,0,2025-06-03,post,2025-06-03,4,11,82,0,0,0,0,0,0,0,
Capiguara Libertaria,https://www.facebook.com/luisita.balbian,no,,15023,0,2025-06-03,post,https://www.facebook.com/share/p/1CuG177n6r/,2,0,4,0,0,0,0,0,0,0,
Capiguara Libertaria,https://www.facebook.com/luisita.balbian,no,,15023,0,2025-06-03,post,https://www.facebook.com/share/p/1Feo1EQhr8/,2,6,31,0,0,0,0,0,0,0,Torquemada un piojo tuerto a lau de Beckhauser 
Capiguara Libertaria,https://www.facebook.com/luisita.balbian,no,,15023,0,2025-06-06,post,https://www.facebook.com/share/p/1Cjh7EKWei/,1,8,39,0,0,0,0,0,0,0,En pocas palabras la candidatura de Dunn es el gato en la caja de Schrödinger 
Capiguara Libertaria,https://www.facebook.com/luisita.balbian,no,,15023,0,2025-06-06,post,https://www.facebook.com/share/p/1FPA8r5da7/,1,1,17,0,0,0,0,0,0,0,"¿Vizcarra es la oposición boliviana?...
"
Capiguara Libertaria,https://www.facebook.com/luisita.balbian,no,,15023,0,2025-06-06,post,https://www.facebook.com/share/p/1BfKiMWNDx/,0,6,6,0,0,0,0,0,0,0,"Los 10 binomios habilitados para las elecciones confirmados por el TSE:
 Alianza Popular (AP): Andrónico Rodríguez – Mariana Prado
 Unidad: Samuel Doria Medina – José Luis Lupo
 Libre: Jorge ""Tuto"" Quiroga – Juan Pablo Velasco… Ver más"
Capiguara Libertaria,https://www.facebook.com/luisita.balbian,no,,15023,0,2025-06-07,post,https://www.facebook.com/share/p/16cqZTzU2i/,621,179,3800,0,0,0,0,0,0,0,Poesía urbana motorizada...
Capiguara Libertaria,https://www.facebook.com/luisita.balbian,no,,15023,0,2025-06-07,post,https://www.facebook.com/share/v/17sgtxJ4rf/,39,22,52,0,0,0,0,0,0,0,
Capiguara Libertaria,https://www.facebook.com/luisita.balbian,no,,15023,0,2025-06-07,post,https://www.facebook.com/share/p/1AUmpTu5aL/,0,1,23,0,0,0,0,0,0,0,"Campeón 
 #TigreDeMoxos "
Capiguara Libertaria,https://www.facebook.com/luisita.balbian,no,,15023,0,2025-06-08,post,https://www.facebook.com/share/p/16dhfvXTPf/,0,2,30,0,0,0,0,0,0,0,"¿Tas tiste Grabois? ¿Tas tiste y encerradito por delincuente o cómo?
"
Capiguara Libertaria,https://www.facebook.com/luisita.balbian,no,,15023,0,2025-06-09,post,https://www.facebook.com/share/p/1Adg6jJ63j/,1,0,10,0,0,0,0,0,0,0,
Capiguara Libertaria,https://www.facebook.com/luisita.balbian,no,,15023,0,2025-06-10,post,https://www.facebook.com/share/p/1Cf9U3PLTQ/,0,2,23,0,0,0,0,0,0,0,"Y este es un juego que sólo hay que jugar
Te puede ir bien, te puede ir mal..."
Capiguara Libertaria,https://www.facebook.com/luisita.balbian,no,,15023,0,2025-06-10,post,https://www.facebook.com/share/p/19HHAJ3cm5/,0,0,1,0,0,0,0,0,0,0,
