nombre perfil,url perfil,snapshot_date,creación del perfil,candidato identificado,seguidores,seguidos,fecha post,tipo de post,url post,comparticiones,comentarios,reacciones en total,me gusta,me encanta,me divierte,me entristece,me sorprende,me enoja,me importa,contenido
Feminismo Comunitario Antipatriarcal,https://www.facebook.com/feminismo.comunitario.Antipatriarcal,2025-06-11,2014-05-16,no,34000,0,2025-04-12,post,https://www.facebook.com/share/p/18NfPC24fK/,0,0,2,0,0,0,0,0,0,0,"PRIMERO DE ABRIL 1545: EL NACIMIENTO DE UN POTOSÍ EN CLAVE MINERA, EN CLAVE DE SACRIFICIO AMBIENTAL Y SOCIAL.
Por: Milenka Vanessa Almanza López… Ver más"
Feminismo Comunitario Antipatriarcal,https://www.facebook.com/feminismo.comunitario.Antipatriarcal,2025-06-11,2014-05-16,no,34000,0,2025-04-12,post,https://www.facebook.com/share/p/1Mu9rEbCYq/,4,3,1,0,0,0,0,0,0,0,Urgente!!! Información!!! La estamos buscando!!
Feminismo Comunitario Antipatriarcal,https://www.facebook.com/feminismo.comunitario.Antipatriarcal,2025-06-11,2014-05-16,no,34000,0,2025-04-15,post,https://www.facebook.com/share/p/1HQxbDcfd2/,4,3,0,0,0,0,0,0,0,0,
Feminismo Comunitario Antipatriarcal,https://www.facebook.com/feminismo.comunitario.Antipatriarcal,2025-06-11,2014-05-16,no,34000,0,2025-04-16,post,https://www.facebook.com/share/p/19DoWGB1Xy/,0,1,15,0,0,0,0,0,0,0,"Lof Paicil Antreao 
terrorista racista es el estado ( de argentina de chile, todos)"
Feminismo Comunitario Antipatriarcal,https://www.facebook.com/feminismo.comunitario.Antipatriarcal,2025-06-11,2014-05-16,no,34000,0,2025-04-16,post,https://www.facebook.com/share/p/15bQaMXaqk/,1,1,8,0,0,0,0,0,0,0,Apoyo y respaldo a Leonidas Iza Salazar nuestras formas no caben en sus urnas 
Feminismo Comunitario Antipatriarcal,https://www.facebook.com/feminismo.comunitario.Antipatriarcal,2025-06-11,2014-05-16,no,34000,0,2025-04-16,post,https://www.facebook.com/share/p/16Z6MFe9yH/,0,0,2,0,0,0,0,0,0,0,"Amenazan la vida de #MiriamMirandaOFRANEH exigimos garantías para su vida en #Honduras que dejen de criminalizar al pueblo Garifuna, aparición con vida de Max Gil ya!!!"
Feminismo Comunitario Antipatriarcal,https://www.facebook.com/feminismo.comunitario.Antipatriarcal,2025-06-11,2014-05-16,no,34000,0,2025-04-22,post,https://www.facebook.com/share/p/1BeVmBNFp8/,1,0,2,0,0,0,0,0,0,0,"El gobierno de Honduras está masacrando, desapareciendo, criminalizando al pueblo Garifuna, para robarles su territorio y entregarlo a las empresas, aunque se dice un g… Ver más"
Feminismo Comunitario Antipatriarcal,https://www.facebook.com/feminismo.comunitario.Antipatriarcal,2025-06-11,2014-05-16,no,34000,0,2025-04-25,post,https://www.facebook.com/share/p/15PpCNUSaQ/,0,0,1,0,0,0,0,0,0,0,
Feminismo Comunitario Antipatriarcal,https://www.facebook.com/feminismo.comunitario.Antipatriarcal,2025-06-11,2014-05-16,no,34000,0,2025-04-26,post,https://www.facebook.com/share/p/1MnHimhLRS/,12,0,17,0,0,0,0,0,0,0,"Está noche nos escuchamos, nos vemos!!!
Análisis de coyuntura en la región, Ecuador, Bolivia, Perú, Argentina!!! Fascismos, estados, represión, criminalizacion, reorgan… Ver más"
Feminismo Comunitario Antipatriarcal,https://www.facebook.com/feminismo.comunitario.Antipatriarcal,2025-06-11,2014-05-16,no,34000,0,2025-05-11,post,https://www.facebook.com/share/p/16fnVKbrvf/,0,0,25,0,0,0,0,0,0,0,"TENEMOS MEMORIA, CUIDAMOS LA VIDA!!!"
Feminismo Comunitario Antipatriarcal,https://www.facebook.com/feminismo.comunitario.Antipatriarcal,2025-06-11,2014-05-16,no,34000,0,2025-05-13,post,https://www.facebook.com/share/p/15rswvR8tq/,5,1,16,0,0,0,0,0,0,0,"TENEMOS MEMORIA: CUUDAMOS LA VIDA!!! 
Como Feministas Comunitarias Antipatriarcales en responsabilidad política con nuestras ancestras, abuelas, madres, tías, Tránsi… Ver más"
Feminismo Comunitario Antipatriarcal,https://www.facebook.com/feminismo.comunitario.Antipatriarcal,2025-05-22,2014-05-16,no,34000,0,2025-05-16,post,https://www.facebook.com/share/p/1598uUFhua/,25,3,,52,0,0,1,1,0,0,"!CHOQUEHUANCA NO!
Desde Qollasuyo marka como aymaras feministas comunitarias decimos !CHOQUEHUANCA NO! cómo secretario permanente de la ONU, por su incoherencia c… Ver más"
Feminismo Comunitario Antipatriarcal,https://www.facebook.com/feminismo.comunitario.Antipatriarcal,2025-05-23,2014-05-16,no,34000,0,2025-05-16,post,https://www.facebook.com/share/p/1E5X38ifNE/,25,3,,54,0,0,1,1,0,0,"!CHOQUEHUANCA NO!
Desde Qollasuyo marka como aymaras feministas comunitarias decimos !CHOQUEHUANCA NO! cómo secretario permanente de la ONU, por su incoherencia c… Ver más"
Feminismo Comunitario Antipatriarcal,https://www.facebook.com/feminismo.comunitario.Antipatriarcal,2025-06-11,2014-05-16,no,34000,0,2025-05-16,post,https://www.facebook.com/share/p/16bfQWDVfe/,25,3,56,0,0,0,0,0,0,0,"!CHOQUEHUANCA NO!
Desde Qollasuyo marka como aymaras feministas comunitarias decimos !CHOQUEHUANCA NO! cómo secretario permanente de la ONU, por su incoherencia c… Ver más"
Feminismo Comunitario Antipatriarcal,https://www.facebook.com/feminismo.comunitario.Antipatriarcal,2025-05-23,2014-05-16,no,34000,0,2025-05-17,post,https://www.facebook.com/share/p/16eybqRGdC/,2,1,,16,0,0,0,0,0,0,"Denunciamos la represión a la marcha que llegó a La Paz el 16 de mayo para inscribir candidatos:
Los pueb… Ver más"
Feminismo Comunitario Antipatriarcal,https://www.facebook.com/feminismo.comunitario.Antipatriarcal,2025-06-11,2014-05-16,no,34000,0,2025-05-17,post,https://www.facebook.com/feminismo.comunitario.Antipatriarcal/posts/pfbid0GqhzVpq4kjBVwYoBSdsibEz7Hbt7cDz64C8pZfv8HinzrCVdZpbxwp4VYBYf5imtl,2,1,16,0,0,0,0,0,0,0,"Denunciamos la represión a la marcha que llegó a La Paz el 16 de mayo para inscribir candidatos:
Los pueb… Ver más"
Feminismo Comunitario Antipatriarcal,https://www.facebook.com/feminismo.comunitario.Antipatriarcal,2025-05-22,2014-05-16,no,34000,0,2025-05-17,post,https://www.facebook.com/share/p/1BCxpqjoR8/,2,1,,15,0,0,0,0,0,0,"Denunciamos la represión a la marcha que llegó a La Paz el 16 de mayo para inscribir candidatos:
Los pueb… Ver más"
Feminismo Comunitario Antipatriarcal,https://www.facebook.com/feminismo.comunitario.Antipatriarcal,2025-06-11,2014-05-16,no,34000,0,2025-05-28,post,2025-05-28,0,0,6,0,0,0,0,0,0,0,
Feminismo Comunitario Antipatriarcal,https://www.facebook.com/feminismo.comunitario.Antipatriarcal,2025-06-03,2014-05-16,no,34000,0,2025-05-28,post,2025-05-28,0,0,6,6,0,0,0,0,0,0,
Feminismo Comunitario Antipatriarcal,https://www.facebook.com/feminismo.comunitario.Antipatriarcal,2025-06-10,2014-05-16,no,34000,0,2025-06-02,post,https://www.facebook.com/share/p/1C21AfsEih/,0,0,3,0,0,0,0,0,0,0,Tejeremos!!!!
Feminismo Comunitario Antipatriarcal,https://www.facebook.com/feminismo.comunitario.Antipatriarcal,2025-06-11,2014-05-16,no,34000,0,2025-06-02,post,2025-06-02,0,0,16,0,0,0,0,0,0,0,
Feminismo Comunitario Antipatriarcal,https://www.facebook.com/feminismo.comunitario.Antipatriarcal,2025-06-11,2014-05-16,no,34000,0,2025-06-02,post,https://www.facebook.com/feminismo.comunitario.Antipatriarcal/posts/pfbid0yz4JAKYSZGHrxSK2UEKLMMieMfprxLDwQoNmE2x7vaJUR988EPi6Z3ewemUFpKM6l,0,0,3,0,0,0,0,0,0,0,Tejeremos!!!!
Feminismo Comunitario Antipatriarcal,https://www.facebook.com/feminismo.comunitario.Antipatriarcal,2025-06-03,2014-05-16,no,34000,0,2025-06-02,post,https://www.facebook.com/share/p/1DiBUnBrZ2/,0,0,1,1,0,0,0,0,0,0,Tejeremos!!!!
Feminismo Comunitario Antipatriarcal,https://www.facebook.com/feminismo.comunitario.Antipatriarcal,2025-06-11,2014-05-16,no,34000,0,2025-06-04,post,https://www.facebook.com/feminismo.comunitario.Antipatriarcal/videos/732555612469006/,8,0,11,0,0,0,0,0,0,0,"!Justicia para Mery!!! Les pedimos acompañar está audiencia el LUNES 9 DE JUNIO, HRS 14: 00 Tribunal de El Alto, planta baja.… Ver más"
Feminismo Comunitario Antipatriarcal,https://www.facebook.com/feminismo.comunitario.Antipatriarcal,2025-06-10,2014-05-16,no,34000,0,2025-06-04,post,https://www.facebook.com/share/v/1Lo4uWPNzQ/,8,0,11,0,0,0,0,0,0,0,"!Justicia para Mery!!! Les pedimos acompañar está audiencia el LUNES 9 DE JUNIO, HRS 14: 00 Tribunal de El Alto, planta baja.… Ver más"
Feminismo Comunitario Antipatriarcal,https://www.facebook.com/feminismo.comunitario.Antipatriarcal,2025-06-11,2014-05-16,no,34000,0,2025-06-05,post,https://www.facebook.com/share/p/19c7v6aJAD/,0,0,4,0,0,0,0,0,0,0,#DavidChoquehuancaRepresor
Feminismo Comunitario Antipatriarcal,https://www.facebook.com/feminismo.comunitario.Antipatriarcal,2025-06-10,2014-05-16,no,34000,0,2025-06-05,post,https://www.facebook.com/share/p/1XqMLcGgaD/,0,0,4,0,0,0,0,0,0,0,#DavidChoquehuancaRepresor
Feminismo Comunitario Antipatriarcal,https://www.facebook.com/feminismo.comunitario.Antipatriarcal,2025-06-10,2014-05-16,no,34000,0,2025-06-05,post,https://www.facebook.com/share/p/1ZGxBc9sBs/,0,0,1,0,0,0,0,0,0,0,PRESOS POLÍTICOS MAPUCHE DE LA CÁRCEL DE TEMUCO DENUNCIAN NEGATIVA DE GENDARMERÍA A LA REALIZACIÓN DE CEREMONIA DE WIÑOLTRIPANTU… Ver más
Feminismo Comunitario Antipatriarcal,https://www.facebook.com/feminismo.comunitario.Antipatriarcal,2025-06-11,2014-05-16,no,34000,0,2025-06-05,post,https://www.facebook.com/share/p/1G9MfNRBQ9/,0,0,1,0,0,0,0,0,0,0,PRESOS POLÍTICOS MAPUCHE DE LA CÁRCEL DE TEMUCO DENUNCIAN NEGATIVA DE GENDARMERÍA A LA REALIZACIÓN DE CEREMONIA DE WIÑOLTRIPANTU… Ver más
Feminismo Comunitario Antipatriarcal,https://www.facebook.com/feminismo.comunitario.Antipatriarcal,2025-06-11,2014-05-16,no,34000,0,2025-06-07,post,https://www.facebook.com/feminismo.comunitario.Antipatriarcal/posts/pfbid023RarYbSgh2E6BRx32jzAhh6cergw4ksJsi3jrx9YVQue2Dhb61FwRG2b2D4Tvfsnl,0,0,2,0,0,0,0,0,0,0,"Es urgente un análisis de coyuntura desde las organizaciones, es urgente organizarnos más frente a la crisis y frente al Estado.  
 Análisis de coyuntura hoy 
7 de jun… Ver más"
Feminismo Comunitario Antipatriarcal,https://www.facebook.com/feminismo.comunitario.Antipatriarcal,2025-06-10,2014-05-16,no,34000,0,2025-06-07,post,https://www.facebook.com/share/p/14xduM9Snv/,0,0,1,0,0,0,0,0,0,0,"Es urgente un análisis de coyuntura desde las organizaciones, es urgente organizarnos más frente a la crisis y frente al Estado.  
 Análisis de coyuntura hoy 
7 de jun… Ver más"
Feminismo Comunitario Antipatriarcal,https://www.facebook.com/feminismo.comunitario.Antipatriarcal,2025-06-10,2014-05-16,no,34000,0,2025-06-07,post,https://www.facebook.com/events/1018717503705973/,0,0,0,0,0,0,0,0,0,0,
Feminismo Comunitario Antipatriarcal,https://www.facebook.com/feminismo.comunitario.Antipatriarcal,2025-06-10,2014-05-16,no,34000,0,2025-06-09,post,https://www.facebook.com/share/p/16czvjBGGi/,1,0,10,0,0,0,0,0,0,0,"URGENTE audiencia, el violador quiere salir libre, 
lunes 9 de junio, 
hrs 10:00 am en la 
Sala Penal Tercera, piso 9, Tribunal Departamental, Calle Genaro Sanjinés"
Feminismo Comunitario Antipatriarcal,https://www.facebook.com/feminismo.comunitario.Antipatriarcal,2025-06-10,2014-05-16,no,34000,0,2025-06-09,post,https://www.facebook.com/share/p/1BvLWekWS8/,4,0,10,0,0,0,0,0,0,0,"LIBERTAD PARA LOS SECUESTRADOS QUE IBAN A GAZA
El Estado de Israel genocida, el poder sionista ha secuestrado a la tripulación de la Flotilla de la Libertad que lleva… Ver más"
Feminismo Comunitario Antipatriarcal,https://www.facebook.com/feminismo.comunitario.Antipatriarcal,2025-06-11,2014-05-16,no,34000,0,2025-06-09,post,https://www.facebook.com/feminismo.comunitario.Antipatriarcal/posts/pfbid0jwTdFrcbgvJauYKDQXhiEbvGWTmSkHVZhsAu3GBeYfiQmvZv47NV5dyw6VBTuNMkl,0,1,7,0,0,0,0,0,0,0,"Compañeras necesitamos su apoyo, mañana 
 9 de junio lunes, inicia el juicio oral por violación y tentativa de feminicidio contra 
#WilsonOchoPintoViolador la juez San… Ver más"
Feminismo Comunitario Antipatriarcal,https://www.facebook.com/feminismo.comunitario.Antipatriarcal,2025-06-10,2014-05-16,no,34000,0,2025-06-09,post,https://www.facebook.com/share/p/1BhxS6JEo6/,0,1,5,0,0,0,0,0,0,0,"Compañeras necesitamos su apoyo, mañana 
 9 de junio lunes, inicia el juicio oral por violación y tentativa de feminicidio contra 
#WilsonOchoPintoViolador la juez San… Ver más"
Feminismo Comunitario Antipatriarcal,https://www.facebook.com/feminismo.comunitario.Antipatriarcal,2025-06-11,2014-05-16,no,34000,0,2025-06-09,post,https://www.facebook.com/share/p/1DeZftcyvu/,4,0,11,0,0,0,0,0,0,0,"URGENTE audiencia, el violador quiere salir libre, 
lunes 9 de junio, 
hrs 10:00 am en la 
Sala Penal Tercera, piso 9, Tribunal Departamental, Calle Genaro Sanjinés"
Feminismo Comunitario Antipatriarcal,https://www.facebook.com/feminismo.comunitario.Antipatriarcal,2025-06-11,2014-05-16,no,34000,0,2025-06-09,post,https://www.facebook.com/share/p/1G9sGgZY4L/,5,0,14,0,0,0,0,0,0,0,"LIBERTAD PARA LOS SECUESTRADOS QUE IBAN A GAZA
El Estado de Israel genocida, el poder sionista ha secuestrado a la tripulación de la Flotilla de la Libertad que lleva… Ver más"
Feminismo Comunitario Antipatriarcal,https://www.facebook.com/feminismo.comunitario.Antipatriarcal,2025-06-11,2014-05-16,no,34000,0,2025-06-10,post,https://www.facebook.com/share/p/12LpvESCp25/,7,0,25,0,0,0,0,0,0,0,
Feminismo Comunitario Antipatriarcal,https://www.facebook.com/feminismo.comunitario.Antipatriarcal,2025-06-11,2014-05-16,no,34000,0,2025-06-10,post,https://www.facebook.com/feminismo.comunitario.Antipatriarcal/posts/pfbid0RJcACpN1mxm6QcZvBnRTt8UNaMKkgghCT4cbTx2F7VB1Ddd9jXvD57zpiQyWJQfAl,8,1,8,0,0,0,0,0,0,0,"Miércoles 11 de junio, nos encontramos en los tribunales "
Feminismo Comunitario Antipatriarcal,https://www.facebook.com/feminismo.comunitario.Antipatriarcal,2025-06-10,2014-05-16,no,34000,0,2025-06-10,post,https://www.facebook.com/share/p/1EKKpZBeBv/,0,0,5,0,0,0,0,0,0,0,
Feminismo Comunitario Antipatriarcal,https://www.facebook.com/feminismo.comunitario.Antipatriarcal,2025-06-11,2014-05-16,no,34000,0,2025-06-11,post,https://www.facebook.com/share/p/16W8HWo6cH/,0,0,4,0,0,0,0,0,0,0,#ArceEsResponsable #ArceQueRenuncie el gobierno de Arce Choquehuanca y Castillo reprimen y promueven enfrentamientos en distintos lugares del país porque NO QUIEREN SOL… Ver más
Feminismo Comunitario Antipatriarcal,https://www.facebook.com/feminismo.comunitario.Antipatriarcal,2025-06-11,2014-05-16,no,34000,0,2025-06-11,post,https://www.facebook.com/share/p/19Nii3x1Y8/,0,0,1,0,0,0,0,0,0,0,
