nombre perfil,url perfil,candidato identificado,creación del perfil,seguidores,seguidos,fecha post,tipo de post,url post,comparticiones,comentarios,reacciones en total,me gusta,me encanta,me divierte,me entristece,me sorprende,me enoja,me importa,contenido
ZELMA MORALES REVOLLO,https://www.facebook.com/zelma.morales.73,no,,0,0,2025-07-31,post,https://www.facebook.com/share/p/1HucgcS3uD/,0,0,2,0,2,0,0,0,0,0,
ZELMA MORALES REVOLLO,https://www.facebook.com/zelma.morales.73,no,,0,0,2025-08-01,post,https://www.facebook.com/share/p/19MDGub7Y5/,0,6,22,0,0,0,0,0,0,0,
ZELMA MORALES REVOLLO,https://www.facebook.com/zelma.morales.73,no,,0,0,2025-08-03,post,https://www.facebook.com/share/v/171XBgaCq2/,2,8,50,40,10,0,0,0,0,0,"En la C-23 de Sacaba, Zelma es la voz del pueblo, firme y decidida.
¡Juntos por la democracia, el desarrollo y la justicia!"
ZELMA MORALES REVOLLO,https://www.facebook.com/zelma.morales.73,no,,0,0,2025-08-03,post,https://www.facebook.com/share/p/1D6hBSNNuv/,1,4,21,18,3,0,0,0,0,0,
ZELMA MORALES REVOLLO,https://www.facebook.com/zelma.morales.73,no,,0,0,2025-08-04,post,https://www.facebook.com/share/p/1DAWmRbxgE/,5,0,19,16,3,0,0,0,0,0,
ZELMA MORALES REVOLLO,https://www.facebook.com/zelma.morales.73,no,,0,0,2025-08-05,reel,/reel/1521833065649622/?s=single_unit&__cft__[0]=AZU47J-lwLmEKMYTQdnmI-k4ZNpxdJZ05Yyoq-zk6EfEgG5S4ztTl7xhqqtZ6fVWQLLVmf98YRuqZrU8wQUOPLjDZqT7E2M2Nvox87C2Tfjtfka7e0V0WDbxrr8V7q6sK1dKibqr9HU4TvJMnDZdlUscsecByo5A7-A0Rq5VlZUCjD4FWAzLiIJTQiXPaAvqSFY&__tn__=H-R,0,0,0,0,0,0,0,0,0,0,El cariño se siente en cada esquina 🇧🇴
