nombre perfil,url perfil,candidato identificado,creación del perfil,seguidores,seguidos,fecha post,tipo de post,url post,comparticiones,comentarios,reacciones en total,me gusta,me encanta,me divierte,me entristece,me sorprende,me enoja,me importa,contenido
SHIRLEY MALDONADO ALVAREZ,https://www.facebook.com/profile.php?id=61576562194155,sí,,0,0,2025-07-28,post,https://www.facebook.com/share/v/1CTcXij48f/,1,2,10,0,0,0,0,0,0,0, Juntos somos más.… Ver más
SHIRLEY MALDONADO ALVAREZ,https://www.facebook.com/profile.php?id=61576562194155,sí,,0,0,2025-07-28,post,https://www.facebook.com/share/v/16FAPSzuW6/,1,2,6,0,0,0,0,0,0,0,"¡Gracias de corazón, queridas hermanas y hermanos del marcado de la av. Barrientos!… Ver más"
SHIRLEY MALDONADO ALVAREZ,https://www.facebook.com/profile.php?id=61576562194155,sí,,0,0,2025-07-29,post,https://www.facebook.com/share/v/163go7SJky/,0,0,5,5,0,0,0,0,0,0, Nuestro pueblo está listo para ganar con unidad y propuestas reales. … Ver más
SHIRLEY MALDONADO ALVAREZ,https://www.facebook.com/profile.php?id=61576562194155,sí,,0,0,2025-07-29,post,https://www.facebook.com/share/v/179RuM6zSj/,4,4,12,10,2,0,0,0,0,0," Juntos vamos a hacer historia. 
Con unidad y propuestas reales, Bolivia va primero. 
E… Ver más"
