nombre perfil,url perfil,snapshot_date,creación del perfil,candidato identificado,seguidores,seguidos,fecha post,tipo de post,url post,comparticiones,comentarios,reacciones en total,me gusta,me encanta,me divierte,me entristece,me sorprende,me enoja,me importa,contenido
Lilibeth Coimbra ,https://www.facebook.com/LilibethCoimbra1,2025-06-03,2023-04-16,no,63000,0,2025-05-27,post,https://www.facebook.com/share/p/1AkGsNZDtc/,8,10,139,132,4,0,0,0,1,2,Pocos o ningún medio ha replicado sobre la manipulación de pruebas y mentiras que se difundieron en  mi contra. Gracias Mauricio Porras por hacer eco de lo que los medios callan.
Lilibeth Coimbra ,https://www.facebook.com/LilibethCoimbra1,2025-06-03,2023-04-16,no,63000,0,2025-05-27,post,https://www.facebook.com/share/p/1Zgi5A3VQf/,12,14,103,97,2,0,2,1,1,0,"Sobre los chats que usaron para acusarme falsamente de ""biocidio"", han manipulado chats y claramente no son de mi celular distorsionando,aumentando y quitando frases y … Ver más"
Lilibeth Coimbra ,https://www.facebook.com/LilibethCoimbra1,2025-06-03,2023-04-16,no,63000,0,2025-05-27,post,"0F011D47624FB98F
",1,20,378,291,82,0,0,2,0,3,"Publico muy poco de mi y mi vida personal, 98% de mis publicaciones son temas de interés social, rara vez sobre mi, pero esta vez creo que lo amerita, ya que muchas muj… Ver más"
Lilibeth Coimbra ,https://www.facebook.com/LilibethCoimbra1,2025-06-03,2023-04-16,no,63000,0,2025-05-28,post,https://www.facebook.com/share/p/18tU97ajBZ/,50,140,437,212,0,106,2,96,20,1,"Ay no. 
 Por favor busquemos gente preparada, y que no sea sólo tener título, que tenga logros profesionales o al menos demuestre saber trabajar. Porque hay vividor… Ver más"
Lilibeth Coimbra ,https://www.facebook.com/LilibethCoimbra1,2025-06-03,2023-04-16,no,63000,0,2025-05-28,post,https://www.facebook.com/share/p/1EV4PHq3PT/,43,2,101,25,0,0,13,5,58,0,
Lilibeth Coimbra ,https://www.facebook.com/LilibethCoimbra1,2025-06-03,2023-04-16,no,63000,0,2025-05-28,post,https://www.facebook.com/share/p/16d21G1h37/,0,38,158,52,0,99,0,7,0,0,De qué me perdí?
Lilibeth Coimbra ,https://www.facebook.com/LilibethCoimbra1,2025-06-03,2023-04-16,no,63000,0,2025-05-30,post,https://www.facebook.com/share/p/1E3k1p584X/,75,23,381,342,3,1,24,1,8,2,
Lilibeth Coimbra ,https://www.facebook.com/LilibethCoimbra1,2025-06-03,2023-04-16,no,63000,0,2025-05-31,post,https://www.facebook.com/share/p/1C7UbkeiTY/,41,211,363,276,2,34,0,36,12,3,"Ahora no van a salir los juzgadores del pueblo a decir que ""solo los traidores se reúnen con tal y tal"" o su estupidez de que ""aquí está la prueba irrefutable de que es… Ver más"
Lilibeth Coimbra ,https://www.facebook.com/LilibethCoimbra1,2025-06-03,2023-04-16,no,63000,0,2025-05-31,post,https://www.facebook.com/share/p/1AqftcGDyW/,2,0,5,4,1,0,0,0,0,0,
Lilibeth Coimbra ,https://www.facebook.com/LilibethCoimbra1,2025-06-03,2023-04-16,no,63000,0,2025-06-01,post,https://www.facebook.com/share/p/1Gw7q5rxcf/,16,248,420,326,8,82,0,2,2,0,"Yo creo y siempre he dicho que me parece un error descalificar las encuestas, más allá de que sea de nuestro agrado o no, que sean referencia para encontrar una manera … Ver más"
Lilibeth Coimbra ,https://www.facebook.com/LilibethCoimbra1,2025-06-03,2023-04-16,no,63000,0,2025-06-01,post,https://www.facebook.com/share/p/1AchcaKutV/,7,1,17,12,0,0,5,0,0,0,
Lilibeth Coimbra ,https://www.facebook.com/LilibethCoimbra1,2025-06-03,2023-04-16,no,63000,0,2025-06-01,post,https://www.facebook.com/share/p/1HEv2yJMHP/,24,2,48,31,1,0,14,0,0,2,"El bebé Agner necesita de nuestra ayuda.
Amigos, el bebé Agner ya fué dado de alta gracias a la ayuda de muchos de ustedes, pero ahora hay un pequeño problema, para que… Ver más"
Lilibeth Coimbra ,https://www.facebook.com/LilibethCoimbra1,2025-06-03,2023-04-16,no,63000,0,2025-06-01,post,https://www.facebook.com/share/p/1AYodU4ZSF/,5,3,30,18,0,0,6,1,5,0,"Son muchas las personas pidiendo un poco de justicia, es increíble que amedrentar a alguien sea más importante en este país, que a uno por criticar al gobierno, pero si… Ver más"
Lilibeth Coimbra ,https://www.facebook.com/LilibethCoimbra1,2025-06-03,2023-04-16,no,63000,0,2025-06-01,post,https://www.facebook.com/share/p/1CrgpifyQj/,7,0,23,18,3,0,0,0,0,2," CAMPAÑA SOLIDARIA DE INVIERNO :Abrigando sueños
 … Ver más"
Lilibeth Coimbra ,https://www.facebook.com/LilibethCoimbra1,2025-06-03,2023-04-16,no,63000,0,2025-06-01,post,https://www.facebook.com/share/p/1DiHXxfc1v/,72,54,215,140,0,6,0,2,67,0,
Lilibeth Coimbra ,https://www.facebook.com/LilibethCoimbra1,2025-06-03,2023-04-16,no,63000,0,2025-06-01,post,https://www.facebook.com/share/p/16btQADgJj/,11,24,148,16,2,128,0,1,1,0," 
 
 
 "
Lilibeth Coimbra ,https://www.facebook.com/LilibethCoimbra1,2025-06-03,2023-04-16,no,63000,0,2025-06-01,post,https://www.facebook.com/share/p/15cRU8koaL/,53,27,418,31,1,386,0,0,0,0," 
 
 
 "
Lilibeth Coimbra ,https://www.facebook.com/LilibethCoimbra1,2025-06-03,2023-04-16,no,63000,0,2025-06-02,post,https://www.facebook.com/share/p/16MnjxkuZ7/,18,4,50,43,2,0,1,4,0,0,
Lilibeth Coimbra ,https://www.facebook.com/LilibethCoimbra1,2025-06-10,2023-04-16,no,63000,0,2025-06-02,post,https://www.facebook.com/share/p/19UkVsZqrC/,10,12,249,0,0,0,0,0,0,0,¿Cómo que no puedo viajar en BOA? 
Lilibeth Coimbra ,https://www.facebook.com/LilibethCoimbra1,2025-06-10,2023-04-16,no,63000,0,2025-06-02,post,https://www.facebook.com/share/p/19S1tK8tNi/,42,108,357,0,0,0,0,0,0,0,"Sólo recordarles que las encuestas del 2020 aunque hubo un margen de error grandísimo, si nos advertian sobre lo que iba a ocurrir, no quisimos aceptarlo y las respuest… Ver más"
Lilibeth Coimbra ,https://www.facebook.com/LilibethCoimbra1,2025-06-10,2023-04-16,no,63000,0,2025-06-02,post,https://www.facebook.com/share/p/1Bv3ywD3Ma/,11,42,272,0,0,0,0,0,0,0,"Me recuerda a alguien. 
 "
Lilibeth Coimbra ,https://www.facebook.com/LilibethCoimbra1,2025-06-03,2023-04-16,no,63000,0,2025-06-02,post,https://www.facebook.com/share/p/1AFVD7B7Y2/,8,36,226,174,2,44,5,1,0,0,"Me recuerda a alguien. 
 "
Lilibeth Coimbra ,https://www.facebook.com/LilibethCoimbra1,2025-06-03,2023-04-16,no,63000,0,2025-06-02,post,https://www.facebook.com/share/p/16Nc3h8xc5/,39,102,345,327,7,7,0,0,2,2,"Sólo recordarles que las encuestas del 2020 aunque hubo un margen de error grandísimo, si nos advertian sobre lo que iba a ocurrir, no quisimos aceptarlo y las respuest… Ver más"
Lilibeth Coimbra ,https://www.facebook.com/LilibethCoimbra1,2025-06-03,2023-04-16,no,63000,0,2025-06-02,post,https://www.facebook.com/share/p/16LktVU3ad/,10,12,229,7,0,218,0,4,0,0,¿Cómo que no puedo viajar en BOA? 
Lilibeth Coimbra ,https://www.facebook.com/LilibethCoimbra1,2025-06-03,2023-04-16,no,63000,0,2025-06-02,post,https://www.facebook.com/share/p/16hNxanSgt/,5,34,68,60,0,7,0,0,1,0,
Lilibeth Coimbra ,https://www.facebook.com/LilibethCoimbra1,2025-06-10,2023-04-16,no,63000,0,2025-06-03,post,https://www.facebook.com/share/p/197Fatz1Zw/,53,68,173,0,0,0,0,0,0,0," 
 
 
 
 
 
 
 Lizbeth Quiroga disqué. 
 
 
 No existió tal monto hasta donde yo supe. Y por lo demás del post no diré nada. Solo lo comparto y difundo SIENDO NEUTRAL. "
Lilibeth Coimbra ,https://www.facebook.com/LilibethCoimbra1,2025-06-10,2023-04-16,no,63000,0,2025-06-04,post,https://www.facebook.com/share/p/1EJbJs7KDL/,40,136,1100,0,0,0,0,0,0,0," 
 
  Los cruceños somos una cosa pero bárbara, llegamos hasta la página filosoráptor. "
Lilibeth Coimbra ,https://www.facebook.com/LilibethCoimbra1,2025-06-10,2023-04-16,no,63000,0,2025-06-04,post,https://www.facebook.com/share/p/1CKXHNnNYh/,3,6,80,0,0,0,0,0,0,0,
Lilibeth Coimbra ,https://www.facebook.com/LilibethCoimbra1,2025-06-10,2023-04-16,no,63000,0,2025-06-04,post,https://www.facebook.com/share/p/1E1y6XuNqE/,9,161,585,0,0,0,0,0,0,0,¿Qué opinan?
Lilibeth Coimbra ,https://www.facebook.com/LilibethCoimbra1,2025-06-10,2023-04-16,no,63000,0,2025-06-05,post,https://www.facebook.com/share/p/1Bz2dZFAyx/,11,69,256,0,0,0,0,0,0,0," Ya ya, tenés razón en eso, pero se te olvida que este gobierno es la continuación del tuyo y hacen exactamente lo mismo que les enseñaste. Es lo qu… Ver más"
Lilibeth Coimbra ,https://www.facebook.com/LilibethCoimbra1,2025-06-10,2023-04-16,no,63000,0,2025-06-06,post,https://www.facebook.com/share/p/12M3MHp5dso/,9,76,537,0,0,0,0,0,0,0," Que bonito es cuando el karma, la vida y el tiempo ponen las cosas en su lugar. "
Lilibeth Coimbra ,https://www.facebook.com/LilibethCoimbra1,2025-06-10,2023-04-16,no,63000,0,2025-06-06,post,https://www.facebook.com/share/p/16hdyUGDgq/,157,62,678,0,0,0,0,0,0,0,"Cruceños, nos toca defender la democracia y garantizar las elecciones para agosto 2025. Recordemos que durante los 36 días de paro cívico tocó frenar y no dejar ingresa… Ver más"
Lilibeth Coimbra ,https://www.facebook.com/LilibethCoimbra1,2025-06-10,2023-04-16,no,63000,0,2025-06-06,post,https://www.facebook.com/share/p/1A2MFEJRmx/,0,0,67,0,0,0,0,0,0,0, Fuerza Fernando... Pronto.
Lilibeth Coimbra ,https://www.facebook.com/LilibethCoimbra1,2025-06-10,2023-04-16,no,63000,0,2025-06-07,post,https://www.facebook.com/share/p/1C3nerRRSp/,49,0,105,0,0,0,0,0,0,0,
Lilibeth Coimbra ,https://www.facebook.com/LilibethCoimbra1,2025-06-10,2023-04-16,no,63000,0,2025-06-07,post,https://www.facebook.com/share/p/1CFu4jckGG/,3,10,66,0,0,0,0,0,0,0,"Hay gente que critica comenta y opina sin saber. Según este animalito que comenta jamás he pedido respeto por las mujeres ni he ayudado a ninguna, solo tomé unos cuanto… Ver más"
Lilibeth Coimbra ,https://www.facebook.com/LilibethCoimbra1,2025-06-10,2023-04-16,no,63000,0,2025-06-07,post,https://www.facebook.com/share/p/16deAYVE4Z/,150,171,1200,0,0,0,0,0,0,0,"Comité Cívico Femenino SCZ hay defensas que nos corresponde asumir como mujeres y creo que esta es una de ellas. Acciones por favor. 
 "
Lilibeth Coimbra ,https://www.facebook.com/LilibethCoimbra1,2025-06-10,2023-04-16,no,63000,0,2025-06-07,post,https://www.facebook.com/share/p/16h5r7bvdP/,31,33,717,0,0,0,0,0,0,0,
Lilibeth Coimbra ,https://www.facebook.com/LilibethCoimbra1,2025-06-10,2023-04-16,no,63000,0,2025-06-07,post,https://www.facebook.com/share/p/1Qgvk3iQH7/,46,8,60,0,0,0,0,0,0,0,"Por favor ayúdennos a ayudar y compartiendo. 
 Es urgente. "
Lilibeth Coimbra ,https://www.facebook.com/LilibethCoimbra1,2025-06-10,2023-04-16,no,63000,0,2025-06-07,post,https://www.facebook.com/share/p/1EoRTKE6vn/,174,321,1700,0,0,0,0,0,0,0,"Respeto a la comunidad LGBT, cada ser humano tiene derecho a ser feliz con las decisiones que le de la gana siempre y cuando no dañe a 3ros, no tengo nada contra ellos.… Ver más"
Lilibeth Coimbra ,https://www.facebook.com/LilibethCoimbra1,2025-06-10,2023-04-16,no,63000,0,2025-06-07,post,https://www.facebook.com/share/p/1DWgBxMRtu/,28,23,210,0,0,0,0,0,0,0,
Lilibeth Coimbra ,https://www.facebook.com/LilibethCoimbra1,2025-06-10,2023-04-16,no,63000,0,2025-06-08,post,https://www.facebook.com/LilibethCoimbra1/posts/pfbid02yn3RiLLsKsYWAxMjs6hM1X9wfo157bjH6zBKrYkwB6We1oUeU5DUfD4DMjchHsE6l,153,9,443,0,0,0,0,0,0,0," Por favor qué autoridad puede ver este tema. Son niñitos, la mamá no se hace cargo y llevan 5 meses en situación de calle."
Lilibeth Coimbra ,https://www.facebook.com/LilibethCoimbra1,2025-06-10,2023-04-16,no,63000,0,2025-06-08,post,https://www.facebook.com/share/p/1ZWy1JVEdc/,110,264,1400,0,0,0,0,0,0,0,"¿Y saben qué? Esto es lo que debieron hacer desde un inicio. Unirnos a pesar de las diferencias y de que unos no nos agraden. Primero ganar al MAS, luego ver las difere… Ver más"
Lilibeth Coimbra ,https://www.facebook.com/LilibethCoimbra1,2025-06-10,2023-04-16,no,63000,0,2025-06-09,post,https://www.facebook.com/share/p/12LR9fdzPgr/,26,15,410,0,0,0,0,0,0,0,"Cuídense mucho, valientes chiquitanos saldrán a defenserse de los bloqueadores. 
 Fuerza y Dios los acompañe San Rafael, San Miguel, San Ignacio y Santa Rosa."
Lilibeth Coimbra ,https://www.facebook.com/LilibethCoimbra1,2025-06-10,2023-04-16,no,63000,0,2025-06-09,post,https://www.facebook.com/share/p/1Ed7EriYTc/,48,115,2100,0,0,0,0,0,0,0,"He confiado en gente que no se lo merecía, he apoyado a personas que decían ser una cosa y resultaron ser otras, los últimos tiempos han sido decepción tras otra pero h… Ver más"
