nombre perfil,url perfil,snapshot_date,creación del perfil,candidato identificado,seguidores,seguidos,fecha post,tipo de post,url post,comparticiones,comentarios,reacciones en total,me gusta,me encanta,me divierte,me entristece,me sorprende,me enoja,me importa,contenido
Mueres Creando,https://www.facebook.com/MUJERESCREANDO1,2025-05-23,2010-07-25,no,63000,67,2025-05-16,post,not-found-post-url--495305,0,0,,0,0,0,0,0,0,0,
Mueres Creando,https://www.facebook.com/MUJERESCREANDO1,2025-05-22,2010-07-25,no,63000,67,2025-05-16,post,not-found-post-url-352146,0,0,,0,0,0,0,0,0,0,
Mueres Creando,https://www.facebook.com/MUJERESCREANDO1,2025-05-23,2010-07-25,no,63000,67,2025-05-19,post,https://www.facebook.com/share/p/1GN1UBnj1Q/,5,9,,80,3,1,2,1,1,2,
Mueres Creando,https://www.facebook.com/MUJERESCREANDO1,2025-05-22,2010-07-25,no,63000,67,2025-05-19,post,https://www.facebook.com/share/p/1AWs4XKf3y/,18,6,,0,0,0,0,0,0,0,
Mueres Creando,https://www.facebook.com/MUJERESCREANDO1,2025-05-22,2010-07-25,no,63000,67,2025-05-19,post,https://www.facebook.com/share/p/1EHvX4JosJ/,5,9,,80,3,1,2,1,1,2,
Mueres Creando,https://www.facebook.com/MUJERESCREANDO1,2025-05-23,2010-07-25,no,63000,67,2025-05-19,post,https://www.facebook.com/share/p/16U26PCJsA/,18,6,,0,0,0,0,0,0,0,
Mueres Creando,https://www.facebook.com/MUJERESCREANDO1,2025-05-22,2010-07-25,no,63000,67,2025-05-21,post,not-found-post-url-293786,0,0,,0,0,0,0,0,0,0,28 de mayo/18hrs PARANINFO UMSA
Mueres Creando,https://www.facebook.com/MUJERESCREANDO1,2025-05-23,2010-07-25,no,63000,67,2025-05-21,post,https://www.facebook.com/share/p/1YbNg7W7tG/,8,4,,135,5,0,0,0,0,1,
Mueres Creando,https://www.facebook.com/MUJERESCREANDO1,2025-05-23,2010-07-25,no,63000,67,2025-05-21,post,not-found-post-url-321286,0,0,,0,0,0,0,0,0,0,28 de mayo/18hrs PARANINFO UMSA
Mueres Creando,https://www.facebook.com/MUJERESCREANDO1,2025-05-22,2010-07-25,no,63000,67,2025-05-21,post,https://www.facebook.com/share/p/1EoXigenUz/,6,4,,120,2,0,0,0,0,1,
Mueres Creando,https://www.facebook.com/MUJERESCREANDO1,2025-05-23,2010-07-25,no,63000,67,2025-05-23,post,not-found-post-url--433160,0,0,,0,0,0,0,0,0,0,
Mueres Creando,https://www.facebook.com/MUJERESCREANDO1,2025-06-11,2010-07-25,no,63000,67,2025-05-26,post,https://www.facebook.com/share/p/1HxA6PgJDD/,0,1,16,0,0,0,0,0,0,0,
Mueres Creando,https://www.facebook.com/MUJERESCREANDO1,2025-06-02,2010-07-25,no,63000,67,2025-05-26,post,https://www.facebook.com/share/p/1BwC19EU9P/,17,1,,56,8,6,0,1,0,0,
Mueres Creando,https://www.facebook.com/MUJERESCREANDO1,2025-06-02,2010-07-25,no,63000,67,2025-05-26,post,https://www.facebook.com/share/p/16k8fUahPZ/,0,1,,0,0,0,0,0,0,0,
Mueres Creando,https://www.facebook.com/MUJERESCREANDO1,2025-06-11,2010-07-25,no,63000,67,2025-05-28,post,https://www.facebook.com/MUJERESCREANDO1/posts/pfbid02YZiiq5ip8pELoNUh3jTA9mFsE6edLJhnkovNhdsgx1G1F1HAuaGvnfh8vXS5tQ1bl,0,0,18,0,0,0,0,0,0,0,
Mueres Creando,https://www.facebook.com/MUJERESCREANDO1,2025-06-02,2010-07-25,no,63000,67,2025-05-29,post,https://www.facebook.com/share/p/1Y3wcpeEgM/,1,0,,0,0,0,0,0,0,0,"𝐑𝐄𝐂𝐎𝐍𝐒𝐓𝐑𝐔𝐂𝐂𝐈𝐎́𝐍 𝐑𝐀𝐃𝐈𝐀𝐋 𝐅𝐈𝐄𝐋 𝐄𝐍 𝐁𝐀𝐒𝐄 𝐀 𝐋𝐀𝐒 𝐀𝐂𝐓𝐀𝐒 𝐃𝐄 𝐋𝐎 𝐐𝐔𝐄 𝐅𝐔𝐄 𝐋𝐀 𝐃𝐄𝐂𝐋𝐀𝐑𝐀𝐂𝐈𝐎́𝐍 𝐃𝐄 𝐌𝐀𝐑𝐈𝐀𝐍𝐀 𝐏𝐑𝐀𝐃𝐎 𝐀 𝐅𝐀𝐕𝐎𝐑 𝐃𝐄𝐋 𝐅𝐄𝐌𝐈𝐍𝐈𝐂𝐈𝐃𝐀 𝐖𝐈𝐋𝐋𝐈𝐀𝐌 𝐊𝐔𝐒𝐇𝐍𝐄𝐑. (𝟐𝟎𝟏𝟖)
𝐋𝐚 𝐪𝐮𝐞 𝐟𝐮𝐞 𝐦𝐢𝐧𝐢𝐬𝐭𝐫𝐚 𝐞𝐧 𝐞𝐬… Ver más"
Mueres Creando,https://www.facebook.com/MUJERESCREANDO1,2025-06-11,2010-07-25,no,63000,67,2025-05-29,post,https://www.facebook.com/share/p/1AmVG8shyy/,1,0,35,0,0,0,0,0,0,0,
Mueres Creando,https://www.facebook.com/MUJERESCREANDO1,2025-06-02,2010-07-25,no,63000,67,2025-05-29,post,https://www.facebook.com/share/p/12GaVUfaRvG/,1,0,,0,0,0,0,0,0,0,
Mueres Creando,https://www.facebook.com/MUJERESCREANDO1,2025-06-02,2010-07-25,no,63000,67,2025-05-30,post,https://www.facebook.com/share/p/16ScFoZjoR/,4,1,,0,0,0,0,0,0,0,
Mueres Creando,https://www.facebook.com/MUJERESCREANDO1,2025-06-11,2010-07-25,no,63000,67,2025-05-30,post,https://www.facebook.com/MUJERESCREANDO1/posts/pfbid02DhmBGxYNfDhpKTTMF8Nu1hTrCrVU8ZNZDcxAdbbMmdtDQJtayFfoYf3YKRYNRWoxl,6,0,50,0,0,0,0,0,0,0,Entrevista (replica) inextensa  de Helen Álvarez mamá de Andrea Aramayo (victima de feminicidio). Esta clarisimo  porque Mariana Prado no debe ser candidata a la Vicepr… Ver más
Mueres Creando,https://www.facebook.com/MUJERESCREANDO1,2025-06-11,2010-07-25,no,63000,67,2025-05-30,post,https://www.facebook.com/MUJERESCREANDO1/posts/pfbid029HzWkJxCRCwgkXqCRrouLCf9mrzi8y5hjmYR1kpxNKTY2zcVzGsvBo7JJ8DoZ5Spl,4,1,65,0,0,0,0,0,0,0,
Mueres Creando,https://www.facebook.com/MUJERESCREANDO1,2025-06-02,2010-07-25,no,63000,67,2025-05-31,post,https://www.facebook.com/share/p/1PU2jPPVDf/,4,1,,22,4,0,3,0,0,0,Descolonizando nuestros estomagos:… Ver más
Mueres Creando,https://www.facebook.com/MUJERESCREANDO1,2025-06-02,2010-07-25,no,63000,67,2025-05-31,post,https://www.facebook.com/share/p/1Ao7eztsb6/,0,0,,0,0,0,0,0,0,0,
Mueres Creando,https://www.facebook.com/MUJERESCREANDO1,2025-06-11,2010-07-25,no,63000,67,2025-05-31,post,https://www.facebook.com/MUJERESCREANDO1/posts/pfbid0JXT67DKMeSwvrmkKYUcYNantMChgJc3CJGmH4YBnN9koybgoRrKZYnwXPn3N5uAcl,0,0,12,0,0,0,0,0,0,0,
Mueres Creando,https://www.facebook.com/MUJERESCREANDO1,2025-06-02,2010-07-25,no,63000,67,2025-06-02,post,https://www.facebook.com/share/p/15ULcsrf47/,56,2,,48,22,2,0,0,0,7,"DESPUÉS DE 10 ANOS DE LUCHA!!! 
SENTENCIA EJECUTORIADA CONTRA KUSHNER… Ver más"
Mueres Creando,https://www.facebook.com/MUJERESCREANDO1,2025-06-11,2010-07-25,no,63000,67,2025-06-03,post,https://www.facebook.com/share/p/16n9obVKxs/,0,0,7,0,0,0,0,0,0,0,
Mueres Creando,https://www.facebook.com/MUJERESCREANDO1,2025-06-11,2010-07-25,no,63000,67,2025-06-04,post,https://www.facebook.com/share/p/16SBUYPFDQ/,0,0,8,0,0,0,0,0,0,0,
Mueres Creando,https://www.facebook.com/MUJERESCREANDO1,2025-06-11,2010-07-25,no,63000,67,2025-06-04,post,https://www.facebook.com/MUJERESCREANDO1/posts/pfbid02g9qU6bfTdPhs2XP195jzYwWDc5Xe3hhrjoJcD3sbLdFbq6QPwSXZBrFb4D9eC77tl,0,0,11,0,0,0,0,0,0,0,
Mueres Creando,https://www.facebook.com/MUJERESCREANDO1,2025-06-11,2010-07-25,no,63000,67,2025-06-05,post,https://www.facebook.com/MUJERESCREANDO1/posts/pfbid02DiXVX9BhKJ7wPHd4hjAbEvvDYstmUf4Rxs1B6LrBjephFBg3dcxLRV3CA8nnRneDl,2,0,18,0,0,0,0,0,0,0,
Mueres Creando,https://www.facebook.com/MUJERESCREANDO1,2025-06-11,2010-07-25,no,63000,67,2025-06-05,post,https://www.facebook.com/MUJERESCREANDO1/posts/pfbid02Vc9iSh2sfgfZasSYMYiVEqnnndqL7af2LrQuWnNbRj9Evxea8SMrf6wAz5muyCpyl,4,5,40,0,0,0,0,0,0,0,"""William Kushner tiene sentencia ejecutoriada. A falta de una, dos en el mismo caso. En última instancia, en el Tribunal Supremo de Justicia y por dos veces, se le ha s… Ver más"
Mueres Creando,https://www.facebook.com/MUJERESCREANDO1,2025-06-11,2010-07-25,no,63000,67,2025-06-05,post,https://www.facebook.com/share/p/1AWtYe41tA/,0,0,3,0,0,0,0,0,0,0,
Mueres Creando,https://www.facebook.com/MUJERESCREANDO1,2025-06-11,2010-07-25,no,63000,67,2025-06-06,post,https://www.facebook.com/MUJERESCREANDO1/posts/pfbid02SC3UbpJbmRNanqDFwLyeT7VuqAmrettc9aJySjHFZyKTCjHQsWruAVgCd5r1GLhMl,0,0,42,0,0,0,0,0,0,0,
Mueres Creando,https://www.facebook.com/MUJERESCREANDO1,2025-06-11,2010-07-25,no,63000,67,2025-06-06,post,https://www.facebook.com/share/p/18xQeoGkcT/,3,5,27,0,0,0,0,0,0,0,
Mueres Creando,https://www.facebook.com/MUJERESCREANDO1,2025-06-11,2010-07-25,no,63000,67,2025-06-06,post,https://www.facebook.com/share/p/1AfBtnvDc2/,1,0,6,0,0,0,0,0,0,0,
Mueres Creando,https://www.facebook.com/MUJERESCREANDO1,2025-06-11,2010-07-25,no,63000,67,2025-06-06,post,https://www.facebook.com/share/p/1HtQnC313b/,0,0,10,0,0,0,0,0,0,0,
Mueres Creando,https://www.facebook.com/MUJERESCREANDO1,2025-06-11,2010-07-25,no,63000,67,2025-06-06,post,https://www.facebook.com/share/p/1FqC3r4Bwu/,1,1,26,0,0,0,0,0,0,0,
Mueres Creando,https://www.facebook.com/MUJERESCREANDO1,2025-06-11,2010-07-25,no,63000,67,2025-06-09,post,https://www.facebook.com/MUJERESCREANDO1/posts/pfbid02Qei8uGa4Cb7EcXgQtEbWvcMgyYBDvKrvpAKwqS3LKyaT9exHyivzjYd4GntTSYdPl,0,0,5,0,0,0,0,0,0,0,
Mueres Creando,https://www.facebook.com/MUJERESCREANDO1,2025-06-11,2010-07-25,no,63000,67,2025-06-09,post,https://www.facebook.com/share/p/19RdS8EQoL/,0,0,0,0,0,0,0,0,0,0,
Mueres Creando,https://www.facebook.com/MUJERESCREANDO1,2025-06-11,2010-07-25,no,63000,67,2025-06-09,post,https://www.facebook.com/share/p/1ByGhLLVow/,0,0,1,0,0,0,0,0,0,0,
