nombre perfil,url perfil,candidato identificado,creación del perfil,seguidores,seguidos,fecha post,tipo de post,url post,comparticiones,comentarios,reacciones en total,me gusta,me encanta,me divierte,me entristece,me sorprende,me enoja,me importa,contenido
Coordinadora de la Mujer - Observatorio de Género BO,https://www.facebook.com/CoordinadoraBO,no,2011-11-30,21000,0,2025-07-22,post,https://www.facebook.com/share/p/16xwwjdL8S/,9,2,26,25,1,0,0,0,0,0,"#ForosPorLaIgualdad #LaPaz
 ¡𝐄𝐥 𝐝𝐞𝐫𝐞𝐜𝐡𝐨 𝐚 𝐝𝐞𝐜𝐢𝐝𝐢𝐫 𝐭𝐚𝐦𝐛𝐢𝐞́𝐧 𝐞𝐬 𝐝𝐞𝐦𝐨𝐜𝐫𝐚𝐜𝐢𝐚!
En el Foro 5 𝐴𝑢𝑡𝑜𝑛𝑜𝑚𝑖́𝑎 𝑑𝑒 𝑙𝑜𝑠 𝑐𝑢𝑒𝑟𝑝… Ver más"
Coordinadora de la Mujer - Observatorio de Género BO,https://www.facebook.com/CoordinadoraBO,no,2011-11-30,21000,0,2025-07-22,post,https://www.facebook.com/share/p/1CD6WiJqik/,6,1,39,33,5,0,0,0,0,1,"#eleccionesconigualdad #Cochabamba
Alrededor de 30 candidatas de todas las fuerzas políticas fortalecen sus habilidades en #MarketingPolitico con enfoque de derechos, s… Ver más"
Coordinadora de la Mujer - Observatorio de Género BO,https://www.facebook.com/CoordinadoraBO,no,2011-11-30,21000,0,2025-07-23,post,https://www.facebook.com/share/v/1AKZqxt17W/,9,1,23,23,0,0,0,0,0,0," La violencia en Bolivia no puede seguir siendo ignorada.
Miles de mujeres viven con miedo cada día.… Ver más"
Coordinadora de la Mujer - Observatorio de Género BO,https://www.facebook.com/CoordinadoraBO,no,2011-11-30,21000,0,2025-07-23,post,https://www.facebook.com/share/p/19xxMGWq4w/,20,7,57,44,12,0,0,0,0,1," ¡#Bolivia necesita respuestas!
Este es un llamado claro y directo: 𝐞𝐥 #𝐟𝐨𝐫𝐨𝐩𝐨𝐫𝐥𝐚𝐢𝐠𝐮𝐚𝐥𝐝𝐚𝐝 𝐜𝐨𝐧 𝐥𝐨𝐬 𝐜𝐚𝐧𝐝𝐢𝐝𝐚𝐭𝐨𝐬 𝐲 𝐜𝐚𝐧𝐝𝐢𝐝𝐚𝐭𝐚 𝐚 𝐥𝐚 𝐏𝐫𝐞𝐬𝐢𝐝𝐞𝐧𝐜𝐢𝐚 no es un evento más, es un es… Ver más"
Coordinadora de la Mujer - Observatorio de Género BO,https://www.facebook.com/CoordinadoraBO,no,2011-11-30,21000,0,2025-07-23,post,https://www.facebook.com/share/p/1CLzBPaG7q/,1,1,20,20,0,0,0,0,0,0,"Trabajamos para que mujeres y jóvenes tengan mejores oportunidades económicas y laborales. Y lo hacemos con base en dos Objetivos de Desarrollo Sostenible #ODS2030:
 O… Ver más"
Coordinadora de la Mujer - Observatorio de Género BO,https://www.facebook.com/CoordinadoraBO,no,2011-11-30,21000,0,2025-07-24,post,2025-07-24,4,0,108,105,3,0,0,0,0,0,
Coordinadora de la Mujer - Observatorio de Género BO,https://www.facebook.com/CoordinadoraBO,no,2011-11-30,21000,0,2025-07-25,post,https://www.facebook.com/share/p/1A8CSe3kxa/,9,3,113,82,30,0,0,0,0,1,"#ForosPorLaIgualdad 
 ¡Así cerramos el 5to Foro! | 𝐀𝐮𝐭𝐨𝐧𝐨𝐦𝐢́𝐚 𝐝𝐞 𝐥𝐨𝐬 𝐜𝐮𝐞𝐫𝐩𝐨𝐬, 𝐝𝐞𝐫𝐞𝐜𝐡𝐨𝐬 𝐲 𝐝𝐞𝐦𝐨𝐜𝐫𝐚𝐜𝐢𝐚: ¿𝐐𝐮𝐢𝐞́𝐧 𝐝𝐞𝐜𝐢𝐝𝐞 𝐬𝐨𝐛𝐫𝐞 𝐧𝐮𝐞𝐬𝐭𝐫𝐚 𝐬𝐚𝐥𝐮𝐝? 
 Los derechos sexuales y de… Ver más"
Coordinadora de la Mujer - Observatorio de Género BO,https://www.facebook.com/CoordinadoraBO,no,2011-11-30,21000,0,2025-07-26,post,https://www.facebook.com/share/p/1R34uwkkiG/,6,2,27,22,4,1,0,0,0,0,#ForosPorLaIgualdad… Ver más
Coordinadora de la Mujer - Observatorio de Género BO,https://www.facebook.com/CoordinadoraBO,no,2011-11-30,21000,0,2025-07-27,post,https://www.facebook.com/share/p/1FRzTn9eAv/,1,1,13,13,0,0,0,0,0,0,"#AgendaPais
 Nuestra voz, nuestras luchas, nuestra Agenda… Ver más"
Coordinadora de la Mujer - Observatorio de Género BO,https://www.facebook.com/CoordinadoraBO,no,2011-11-30,21000,0,2025-07-28,post,https://www.facebook.com/share/p/1CDv1HtBA4/,3,1,18,17,1,0,0,0,0,0,"¡AHORA #EnVivo! 
 #EleccionesGenerales2025 | 𝐃𝐢𝐚́𝐥𝐨𝐠𝐨 𝐜𝐨𝐧 𝐂𝐚𝐧𝐝𝐢𝐝𝐚𝐭𝐚𝐬 𝐝𝐞𝐥 𝐏𝐫𝐨𝐜𝐞𝐬𝐨 𝐝𝐞 𝐄𝐥𝐞𝐜𝐜𝐢𝐨́𝐧 𝐝𝐞 𝐀𝐮𝐭𝐨𝐫𝐢𝐝𝐚𝐝𝐞𝐬 𝐲 𝐑𝐞𝐩𝐫𝐞𝐬𝐞𝐧𝐭𝐚𝐧𝐭𝐞𝐬 𝐝𝐞𝐥 𝐄𝐬𝐭𝐚𝐝𝐨 𝐏𝐥𝐮𝐫𝐢𝐧𝐚𝐜𝐢𝐨𝐧𝐚𝐥 𝟐𝟎𝟐𝟓
Diálogo co… Ver más"
Coordinadora de la Mujer - Observatorio de Género BO,https://www.facebook.com/CoordinadoraBO,no,2011-11-30,21000,0,2025-07-28,post,https://www.facebook.com/share/p/1QT83mLhS2/,5,1,22,21,1,0,0,0,0,0," #EleccionesGenerales2025 | 𝐃𝐢𝐚́𝐥𝐨𝐠𝐨 𝐜𝐨𝐧 𝐂𝐚𝐧𝐝𝐢𝐝𝐚𝐭𝐚𝐬 𝐝𝐞𝐥 𝐏𝐫𝐨𝐜𝐞𝐬𝐨 𝐝𝐞 𝐄𝐥𝐞𝐜𝐜𝐢𝐨́𝐧 𝐝𝐞 𝐀𝐮𝐭𝐨𝐫𝐢𝐝𝐚𝐝𝐞𝐬 𝐲 𝐑𝐞𝐩𝐫𝐞𝐬𝐞𝐧𝐭𝐚𝐧𝐭𝐞𝐬 𝐝𝐞𝐥 𝐄𝐬𝐭𝐚𝐝𝐨 𝐏𝐥𝐮𝐫𝐢𝐧𝐚𝐜𝐢𝐨𝐧𝐚𝐥 𝟐𝟎𝟐𝟓
En el marco del proceso elec… Ver más"
Coordinadora de la Mujer - Observatorio de Género BO,https://www.facebook.com/CoordinadoraBO,no,2011-11-30,21000,0,2025-07-29,post,https://www.facebook.com/share/v/194wNyDY2B/,0,1,7,6,1,0,0,0,0,0,"#ForoPresidencial
Cuidar es sostener la vida. Pero ese trabajo, esencial, sigue recayendo desproporcionadamente sobre las mujeres.… Ver más"
