nombre perfil,url perfil,candidato identificado,creación del perfil,seguidores,seguidos,fecha post,tipo de post,url post,comparticiones,comentarios,reacciones en total,me gusta,me encanta,me divierte,me entristece,me sorprende,me enoja,me importa,contenido
Quya Reyna ,https://www.facebook.com/quya.reyna,no,2016-03-20,8800,0,2025-02-03,post,https://www.facebook.com/share/p/16PzD97viR/,22,25,213,0,0,0,0,0,0,0,"A PROPÓSITO DE LAS LISTAS DE ÚTILES ESCOLARES
Mi profe Fanny... era muy estricta y muy gritona. Nos jalaba las patillas y a veces nos zarandeaba la cabeza cuando estaba enojada, pero con ella supe que no necesitas gastar mil pesos para aprender. 
No era exigente con los materiales para las manualidades. Hugo tenía pinturas nuevas, yo tenía carpicola de más, Rubén palitos de helado, y nos sentaba juntos en una mesa para compartir. Re… Ver más"
Quya Reyna ,https://www.facebook.com/quya.reyna,no,2016-03-20,8800,0,2025-02-04,post,https://www.facebook.com/share/p/19P9zVdx3h/,75,151,438,0,0,0,0,0,0,0,Marcelo Claure  es como un niño caprichoso que amenaza con llevarse su pelota si no se cumplen sus condiciones en el juego. Su declaración sobre retirar inversiones si … Ver más
Quya Reyna ,https://www.facebook.com/quya.reyna,no,2016-03-20,8800,0,2025-02-09,post,https://www.facebook.com/share/p/16SBgUsf5e/,23,5,105,0,0,0,0,0,0,0,Marcelo Claure y el Bolívar. Gran artículo de Wilmer Machaca.
Quya Reyna ,https://www.facebook.com/quya.reyna,no,2016-03-20,8800,0,2025-02-13,post,https://www.facebook.com/quya.reyna/posts/pfbid02ss1pdTe4qZhR3ofWNPJu4zGnKKwfPjb4yhDfDzgX5av3PfcujjLPimi25Eo7SGDGl,18,12,112,0,0,0,0,0,0,0,"Pueden descargar el libro ""Santa Cruz: la mayor inversión boliviana (1825-2000)"" ingresando aquí "
Quya Reyna ,https://www.facebook.com/quya.reyna,no,2016-03-20,8800,0,2025-02-16,post,https://www.facebook.com/share/p/14ET28iCuyj/,73,71,255,0,0,0,0,0,0,0,"¿Se acuerdan que hace unos días hackearon la cuenta del Banco Unión en Twitter, para vender criptomonedas usando la imagen del presidente Arce? Pues en Argentina ocurri… Ver más"
Quya Reyna ,https://www.facebook.com/quya.reyna,no,2016-03-20,8800,0,2025-02-19,post,https://www.facebook.com/share/p/16JqrhNEkg/,22,121,319,0,0,0,0,0,0,0,"¿Y si nos unimos todos los departamentos de Bolivia y declaramos ""departamento no grato"" a Oruro?"
Quya Reyna ,https://www.facebook.com/quya.reyna,no,2016-03-20,8800,0,2025-02-21,post,https://www.facebook.com/share/p/1C2WwoNyKh/,364,67,424,0,0,0,0,0,0,0,"Un día como hoy, pero hace 9 años, la política boliviana enriqueció el vocabulario electoral con un término revolucionario: ""empate técnico"". Esta joya conceptual fue a… Ver más"
Quya Reyna ,https://www.facebook.com/quya.reyna,no,2016-03-20,8800,0,2025-02-22,post,2025-02-22,0,0,0,0,0,0,0,0,0,0,
Quya Reyna ,https://www.facebook.com/quya.reyna,no,2016-03-20,8800,0,2025-02-25,post,https://www.facebook.com/share/p/1Bnh6vWUqu/,63,12,160,0,0,0,0,0,0,0,LOS CHOFERES NUNCA PIERDEN… Ver más
Quya Reyna ,https://www.facebook.com/quya.reyna,no,2016-03-20,8800,0,2025-02-25,post,https://www.facebook.com/share/p/1CANUoueYU/,10,26,127,0,0,0,0,0,0,0,"Así que el MITKA ha resucitado de entre los muertos políticos... ¡Qué milagro! Y lo primero que hace es repetir el gastadísimo discurso de que ""los indios son escaleras"". ¡Qué original! 
Hoy vi una entrevista que le hicieron a Túpak Lima, miembro del  resucitado MITKA, decir que los indios somos escaleras y que Evo es un títere, ¿Evo un títere? ¿En serio? Evo es probablemente el indio con más poder de la política boliviana, por eso m… Ver más"
Quya Reyna ,https://www.facebook.com/quya.reyna,no,2016-03-20,8800,0,2025-02-27,post,https://www.facebook.com/share/p/1CBWFYUXfp/,61,36,381,0,0,0,0,0,0,0,"–¿Y cómo son los candidatos de tu país? 
–Pues:
Tuto: así que los masistas me dicen Quico. Pues ustedes tienen a muchos señores Barrigas en su partido, hagan dieta. ¡Y si me siguen llamando así los voy a acusar con la DEA!… Ver más"
Quya Reyna ,https://www.facebook.com/quya.reyna,no,2016-03-20,8800,0,2025-02-28,post,https://www.facebook.com/share/p/16fiNA6o66/,6,31,106,0,0,0,0,0,0,0,"¡Qué pequeño se ve Zelensky! No hablo de su estatura física, sino de la condición en la que se encuentra ahora. Derrotado por una guerra con un final predecible, ahora … Ver más"
Quya Reyna ,https://www.facebook.com/quya.reyna,no,2016-03-20,8800,0,2025-03-01,post,https://www.facebook.com/share/p/19jDYvKWpx/,104,60,314,0,0,0,0,0,0,0,"Imagínate que tu esposa te es infiel con tu mejor amigo. Lo hundes en un puñetazo, el más devastador de tu vida, solo para que te lo confiese. ""Pégame más, me lo merezc… Ver más"
Quya Reyna ,https://www.facebook.com/quya.reyna,no,2016-03-20,8800,0,2025-03-05,post,https://www.facebook.com/share/p/168wmD7UNN/,2,5,89,0,0,0,0,0,0,0,"Pasé el fin de semana en Vallegrande y disfruté de su Carnaval estudiantil. Quería compartirles algunas fotos de lo lindo que fue. No tuve tiempo de editar todas, pero … Ver más"
Quya Reyna ,https://www.facebook.com/quya.reyna,no,2016-03-20,8800,0,2025-03-08,post,https://www.facebook.com/share/p/1VwrLuzrSA/,126,20,417,0,0,0,0,0,0,0,"Hoy, 8 de marzo, quisiera rendirle un homenaje a las mujeres aymaras de ayer y hoy que han generado en mí inspiración para manifestar lo que pienso y desde dónde lo pie… Ver más"
Quya Reyna ,https://www.facebook.com/quya.reyna,no,2016-03-20,8800,0,2025-03-10,post,https://www.facebook.com/share/p/16MYdLCx1Z/,8,9,190,0,0,0,0,0,0,0,"¡Ay! Cómo han pasado los años. Antes eran los señores que no pasaban pensión los que se enojaban por las marchas feministas y ahora los que se enojan son, en su mayoría, hombres que te ofrecen criptomonedas por mensaje privado, los que adoran al Temach o los ""estoicos"" que creen que levantarse a las 5 de la mañana los volverá ricos."
Quya Reyna ,https://www.facebook.com/quya.reyna,no,2016-03-20,8800,0,2025-03-13,post,https://www.facebook.com/share/p/1BaBL7BXw8/,27,50,218,0,0,0,0,0,0,0,BRANKO DECLINA SU CANDIDATURA… Ver más
Quya Reyna ,https://www.facebook.com/quya.reyna,no,2016-03-20,8800,0,2025-03-13,post,https://www.facebook.com/share/p/1G3f97SVYo/,14,1,68,0,0,0,0,0,0,0,Sobre los créditos: … Ver más
Quya Reyna ,https://www.facebook.com/quya.reyna,no,2016-03-20,8800,0,2025-03-14,post,https://www.facebook.com/share/p/1XZUHgZK79/,32,1,7,0,0,0,0,0,0,0,Compartir por favor.
Quya Reyna ,https://www.facebook.com/quya.reyna,no,2016-03-20,8800,0,2025-03-20,post,https://www.facebook.com/share/p/1Uwj3vJfpb/,6,26,178,0,0,0,0,0,0,0,"Ya vi el documental y, saben, no logré empatizar con ninguna de las personas entrevistadas. Tal vez más con Sayuri, cuando menciona que siempre ha sido la ""hija escondi… Ver más"
Quya Reyna ,https://www.facebook.com/quya.reyna,no,2016-03-20,8800,0,2025-04-04,post,https://www.facebook.com/share/p/14DrsYJCCcD/,34,9,180,0,0,0,0,0,0,0,"A inicios de año, Estrella Hurtado, una panadera que vende en el Mercado La Campana del Plan 3.000, fue agredida por otras comerciantes debido a que vendía el pan barat… Ver más"
Quya Reyna ,https://www.facebook.com/quya.reyna,no,2016-03-20,8800,0,2025-04-07,post,https://www.facebook.com/share/p/15kAmZCpxz/,11,22,184,0,0,0,0,0,0,0,"Ayer estaba viendo un batallón organizado por FMS México entre Azuky y Marithea (mi reina) y siempre pienso que en otra vida seré freestyler. Esa forma de defenderte y atacar a partir del verso es sorprendente. Ahí el ataque es honesto, vale todo, la sinceridad y el ego, pero más que todo el ingenio. Qué lindo sería que los políticos puedan rimar así para decirse sus verdades sin que sean tan falsos. Sería épico, tipo:
Tuto: 
¡Ay, Sa… Ver más"
Quya Reyna ,https://www.facebook.com/quya.reyna,no,2016-03-20,8800,0,2025-04-07,post,https://www.facebook.com/share/p/15VkujDEva/,3,12,125,0,0,0,0,0,0,0,El amor y la política pueden ser muy tóxicos.
Quya Reyna ,https://www.facebook.com/quya.reyna,no,2016-03-20,8800,0,2025-04-09,post,https://www.facebook.com/share/p/1AULs8aNr2/,36,17,278,0,0,0,0,0,0,0,"*Se genera el más mínimo conflicto en el Bloque de Unidad*
Automáticamente Carlos Mesa:"
Quya Reyna ,https://www.facebook.com/quya.reyna,no,2016-03-20,8800,0,2025-04-10,post,https://www.facebook.com/share/p/1YBNte44ND/,10,75,246,0,0,0,0,0,0,0,"""¿Y si va Dunn con Amparo?""
""¿Y si va Dunn como único candidato?""… Ver más"
Quya Reyna ,https://www.facebook.com/quya.reyna,no,2016-03-20,8800,0,2025-04-10,post,https://www.facebook.com/share/p/1AwtCG5PH9/,17,11,149,0,0,0,0,0,0,0,"Hoy escuché un conversatorio muy interesante organizado por el Centro de Estudios Superiores Universitarios. En este espacio, Fernando Mayorga, Luciana Jauregui y Carla… Ver más"
Quya Reyna ,https://www.facebook.com/quya.reyna,no,2016-03-20,8800,0,2025-04-12,post,https://www.facebook.com/share/p/1UkzLCAPRG/,3,11,256,0,0,0,0,0,0,0,"Hoy asistí a una presentación de teatro en el colegio 26 de Junio del Plan 3.000. Los chicos de la promoción convirtieron ""La ratera"", que está en el libro Los hijos de… Ver más"
Quya Reyna ,https://www.facebook.com/quya.reyna,no,2016-03-20,8800,0,2025-04-13,post,https://www.facebook.com/share/p/1HZ14NNfnW/,6,9,44,0,0,0,0,0,0,0,Murió Mario Vargas Llosa.
Quya Reyna ,https://www.facebook.com/quya.reyna,no,2016-03-20,8800,0,2025-04-15,post,https://www.facebook.com/share/p/191n7wC5VW/,14,19,167,0,0,0,0,0,0,0,Yo reclamándole al lustracachos que me quiere cobrar 10 pesos por un líquido que le echó a mis zapatos.
Quya Reyna ,https://www.facebook.com/quya.reyna,no,2016-03-20,8800,0,2025-04-17,post,https://www.facebook.com/share/p/1S9hSYPKLg/,10,48,197,0,0,0,0,0,0,0,"Hace unos días, la gobernación de Potosí emitió un comunicado donde manifiesta que se prohibe la venta de bebidas alcohólicas por el Viernes Santo. Hoy, la gobernación cruceña también optó por la misma decisión. ¡Escándalo nacional! Se alborotaron los ""laicos"", los que esperaban el fin de semana largo como quien espera la cerveza helada cada fin de semana.
Pero a ver, habría que preguntarnos: ¿cuál es el motivo del feriado que estamo… Ver más"
Quya Reyna ,https://www.facebook.com/quya.reyna,no,2016-03-20,8800,0,2025-04-22,post,https://www.facebook.com/share/p/16Su25bjtY/,7,145,134,0,0,0,0,0,0,0,"¡Hola, estrellitas de Facebook!
Bolivia es demasiado grande, así que quisiera su ayuda para una misión de trabajo, por favor: 
Si conocen mujeres increíbles e inspiradoras dentro del campo cultural, mediático, político, tecnológico, científico... en Bolivia y que el mundo deba conocer, por fa, ayúdenme mencionando quiénes son. Esto para un trabajo periodístico de entrevista."
Quya Reyna ,https://www.facebook.com/quya.reyna,no,2016-03-20,8800,0,2025-04-23,post,https://www.facebook.com/share/p/19HjFiucYQ/,15,16,53,0,0,0,0,0,0,0,OBSERVACIONES A ESTA PAPELETA… Ver más
Quya Reyna ,https://www.facebook.com/quya.reyna,no,2016-03-20,8800,0,2025-04-26,post,https://www.facebook.com/share/p/16aULWzNCr/,4,15,106,0,0,0,0,0,0,0,¿Sabían que el grupo Eclipse convirtió en chicha la cumbia Loco de remate de Bonny Lovy? … Ver más
Quya Reyna ,https://www.facebook.com/quya.reyna,no,2016-03-20,8800,0,2025-04-28,post,https://www.facebook.com/share/p/1DxLQfcEMB/,298,200,815,0,0,0,0,0,0,0,ESTAR FRENTE A UN MESÍAS… Ver más
Quya Reyna ,https://www.facebook.com/quya.reyna,no,2016-03-20,8800,0,2025-05-02,post,https://www.facebook.com/share/p/1BSyXrP3dy/,9,64,439,0,0,0,0,0,0,0,Me senté cinco minutos en la plaza que está frente al cementerio del Primer Anillo y un chico que vende manillas me regaló una: … Ver más
Quya Reyna ,https://www.facebook.com/quya.reyna,no,2016-03-20,8800,0,2025-05-03,post,https://www.facebook.com/share/p/1P2UDTPzfi/,7,2,98,0,0,0,0,0,0,0,Gracias a la gestión de Cristina Botelho hoy se realizará este encuentro internacional de escritores y tengo el honor de haber sido invitada. Participaré en el segundo … Ver más
Quya Reyna ,https://www.facebook.com/quya.reyna,no,2016-03-20,8800,0,2025-05-11,post,https://www.facebook.com/share/p/1Mw8C8q6yC/,5,14,117,0,0,0,0,0,0,0,"Más allá de eso, ¿Cronenbold no se sabe otra pose para la foto?"
Quya Reyna ,https://www.facebook.com/quya.reyna,no,2016-03-20,8800,0,2025-05-13,post,https://www.facebook.com/share/p/1YgaqJPUab/,34,59,273,0,0,0,0,0,0,0,"Antes de bajarse del bus, Arce se dedicó, sin saberlo, a acomodarle el asiento a Andrónico. Hizo el trabajo sucio, el de la injerencia institucional, el de escritorio, … Ver más"
Quya Reyna ,https://www.facebook.com/quya.reyna,no,2016-03-20,8800,0,2025-05-14,post,https://www.facebook.com/share/p/16NTziCmCs/,25,43,223,0,0,0,0,0,0,0,"LOS TERRAPLANISTAS DE LA POLÍTICA
Hay gente que todavía cree que la Tierra es plana. Que vivimos en una especie de tabla mágica sostenida por hilos cósmicos o vaya a saber uno qué demonios piensan. No importa cuántas fotos de satélite les tires a la cara, cuántos documentales de la NASA les pongas, o cuántos informes científicos les presentes. Ellos dirán que todo es un montaje, que hay un plan maestro, que los científicos son actore… Ver más"
Quya Reyna ,https://www.facebook.com/quya.reyna,no,2016-03-20,8800,0,2025-05-14,post,https://www.facebook.com/share/p/1GNc2vbDDw/,16,125,271,0,0,0,0,0,0,0,Evo Morales ha sido inhabilitado para siempre como candidato presidencial. … Ver más
Quya Reyna ,https://www.facebook.com/quya.reyna,no,2016-03-20,8800,0,2025-05-16,post,https://www.facebook.com/share/p/1Eh345QBE9/,100,39,287,0,0,0,0,0,0,0,¿CÓMO ELEGIR A UN VICEPRESIDENTE?… Ver más
Quya Reyna ,https://www.facebook.com/quya.reyna,no,2016-03-20,8800,0,2025-05-17,post,https://www.facebook.com/share/p/1A6hn7MSS7/,121,199,469,0,0,0,0,0,0,0,EVO… Ver más
Quya Reyna ,https://www.facebook.com/quya.reyna,no,2016-03-20,8800,0,2025-05-17,post,https://www.facebook.com/share/p/197hqDLqow/,8,12,92,0,0,0,0,0,0,0,"Hay cosas que yo no puedo explicar con datos, el Wilmer Machaca, sí. Lean este análisis basado en redes sociales sobre la fidelidad que se está reforzando en Evo Morale… Ver más"
Quya Reyna ,https://www.facebook.com/quya.reyna,no,2016-03-20,8800,0,2025-05-18,post,https://www.facebook.com/share/p/1VtKUxWPnC/,17,12,192,0,0,0,0,0,0,0,"Holas. El Macu y el Wil hemos estado haciendo algunos lives por TikTok antes, como un ejercicio inicial para discutir temas políticos en este espacio digital, pero no l… Ver más"
Quya Reyna ,https://www.facebook.com/quya.reyna,no,2016-03-20,8800,0,2025-05-19,post,https://www.facebook.com/share/p/1Ak9XzJwsE/,61,19,373,0,0,0,0,0,0,0,Las wawas crecen tan rápido. 
Quya Reyna ,https://www.facebook.com/quya.reyna,no,2016-03-20,8800,0,2025-05-19,post,https://www.facebook.com/share/p/1Lgf1fqKUJ/,193,118,2200,0,0,0,0,0,0,0,"Yo bien ilusionada con mi novio. 
Él viéndome como su ""peor es nada"":"
Quya Reyna ,https://www.facebook.com/quya.reyna,no,2016-03-20,8800,0,2025-05-20,post,https://www.facebook.com/share/p/1YngbbpAqg/,1600,79,720,0,0,0,0,0,0,0,EL HIJO DEL PRESIDENTE: EL PEQUEÑO TERRATENIENTE … Ver más
Quya Reyna ,https://www.facebook.com/quya.reyna,no,2016-03-20,8800,0,2025-05-20,post,https://www.facebook.com/share/p/16hCtEeHmK/,3,84,673,0,0,0,0,0,0,0,"Che, aparecí en Perú de la nada, como Richter apareció de la nada candidateando para MORENA; como el Chi apareció a la medianoche, cual Cenicienta, queriendo postularse… Ver más"
Quya Reyna ,https://www.facebook.com/quya.reyna,no,2016-03-20,8800,0,2025-05-23,post,https://www.facebook.com/share/p/1A34YNAdRw/,15,50,264,0,0,0,0,0,0,0,Es tan real que me da miedo...
Quya Reyna ,https://www.facebook.com/quya.reyna,no,2016-03-20,8800,0,2025-05-24,post,https://www.facebook.com/share/p/16m34Yr5Pn/,40,130,525,0,0,0,0,0,0,0,"Yo no tengo absolutamente nada en contra de quienes van a espacios de visibilidad y política, menos si son mujeres. Me parece necesario que mujeres surjan en el espacio… Ver más"
Quya Reyna ,https://www.facebook.com/quya.reyna,no,2016-03-20,8800,0,2025-05-26,post,https://www.facebook.com/share/p/1CDhkbFBxh/,1,25,296,0,0,0,0,0,0,0,"Amigos, misión cumplida. Ya conocí, probé y amé la mejor papa a la huancaína del mundo. Gracias a Leda Quintana Rondón, una gran poeta y persona. … Ver más"
Quya Reyna ,https://www.facebook.com/quya.reyna,no,2016-03-20,8800,0,2025-05-27,post,https://www.facebook.com/share/p/1AWweo7afc/,34,56,616,0,0,0,0,0,0,0,"Hace tiempo dejé de creer en Dios. Ya no lo quería. Ya no voy a creer en ti, le dije furiosa a mis 18 años. Si fueras real, no me habría pasado lo que me pasó. ¡Así que… Ver más"
Quya Reyna ,https://www.facebook.com/quya.reyna,no,2016-03-20,8800,0,2025-05-30,post,https://www.facebook.com/share/p/16L97tC4bA/,14,67,351,0,0,0,0,0,0,0,"Bueno, ya revisé todo lo referido a la reunión en Harvard. Escuché y leí el desarrollo y las conclusiones de sus invitados, incluso leí la última publicación de Marcelo Claure, refiriéndose a la gente que no fue como: personas con opinión ""que no influye en nada"". 
Y llegué a la conclusión: no, ahí, no hubo ninguna conspiración ni planificación gringa para estructurar el país. 
Pensar en eso, me haría pensar que Claure posee una int… Ver más"
Quya Reyna ,https://www.facebook.com/quya.reyna,no,2016-03-20,8800,0,2025-05-31,post,https://www.facebook.com/share/p/18z2jnVccG/,37,9,338,0,0,0,0,0,0,0,"Ya, esto es lo último y ya. Adiós."
Quya Reyna ,https://www.facebook.com/quya.reyna,no,2016-03-20,8800,0,2025-05-31,post,https://www.facebook.com/share/p/1Ad3EQmpgn/,100,48,353,0,0,0,0,0,0,0,"Del ""Never in the life"" al ""sexy""… Ver más"
Quya Reyna ,https://www.facebook.com/quya.reyna,no,2016-03-20,8800,0,2025-06-02,post,https://www.facebook.com/share/p/15b4VZGCx6/,10,30,121,0,0,0,0,0,0,0,"Este artículo es lo más absurdo que he leído en años. No hay indicios de colapsos sociales en Bolivia comparados con Afganistán. Bolivia no es un Estadio fallido, es un… Ver más"
Quya Reyna ,https://www.facebook.com/quya.reyna,no,2016-03-20,8800,0,2025-06-04,post,https://www.facebook.com/share/p/1Z5F4oHWhh/,25,1,114,0,0,0,0,0,0,0,Wilmer Machaca
Quya Reyna ,https://www.facebook.com/quya.reyna,no,2016-03-20,8800,0,2025-06-06,post,https://www.facebook.com/share/p/16gS2zHq2k/,43,86,808,0,0,0,0,0,0,0,Yo tampoco pude leer la entrevista que me hicieron en El País por la falta de suscripción jajaja. Pero pude leerlo en el periódico físico. Agradezco a Sharoll Fernandez… Ver más
Quya Reyna ,https://www.facebook.com/quya.reyna,no,2016-03-20,8800,0,2025-06-10,post,https://www.facebook.com/share/p/18t68uv5Yi/,0,8,314,0,0,0,0,0,0,0,Estos días han sido realmente hermosos. Conocí a personas increíbles de distintos lugares. Varias editoriales me han escrito con interés en publicar mi libro en el extr… Ver más
Quya Reyna ,https://www.facebook.com/quya.reyna,no,2016-03-20,8800,0,2025-06-11,post,https://www.facebook.com/share/p/1Zgnvn1gJB/,1,1,38,0,0,0,0,0,0,0,"Una entrevista que me realizó Steffen, de la Fundación Internet Bolivia, hace tiempito. Está en alemán para Journalismus Von Links. Gracias, Steff."
Quya Reyna ,https://www.facebook.com/quya.reyna,no,2016-03-20,8800,0,2025-06-12,post,https://www.facebook.com/share/p/19Cay2r8d5/,439,141,692,0,0,0,0,0,0,0,MIEDO Y ASCO EN LA CAMPAÑA ELECTORAL*… Ver más
