nombre perfil,url perfil,candidato identificado,creación del perfil,seguidores,seguidos,fecha post,tipo de post,url post,comparticiones,comentarios,reacciones en total,me gusta,me encanta,me divierte,me entristece,me sorprende,me enoja,me importa,contenido
MINERVA WARA RUEDA LOPEZ,https://www.facebook.com/WaraRuedaDiputadaC32,no,2025-01-20,123,1,2025-07-30,post,https://www.facebook.com/share/p/1YimKNmbAC/,55,11,61,0,0,0,0,0,0,0,"Hoy tuve el honor de visitar a nuestros hermanos de Belén de Andamarca, en la comunidad de Pichacani. Una jornada increíble donde pude compartir nuestra propuesta y, lo… Ver más"
MINERVA WARA RUEDA LOPEZ,https://www.facebook.com/WaraRuedaDiputadaC32,no,2025-01-20,123,1,2025-07-30,post,https://www.facebook.com/share/p/1C7rQfqYBm/,25,6,43,0,0,0,0,0,0,0,"Una jornada más caminando junto a nuestro pueblo. Hoy tuvimos el honor de visitar a nuestros hermanos de Ventilla Pongo, en el municipio de Caracollo, quienes nos recib… Ver más"
MINERVA WARA RUEDA LOPEZ,https://www.facebook.com/WaraRuedaDiputadaC32,no,2025-01-20,123,1,2025-07-31,post,https://www.facebook.com/share/p/1CWit2TvqS/,1,0,3,2,0,1,0,0,0,0,
MINERVA WARA RUEDA LOPEZ,https://www.facebook.com/WaraRuedaDiputadaC32,no,2025-01-20,123,1,2025-07-31,post,https://www.facebook.com/share/v/15u271rBbo/,3,0,20,18,0,2,0,0,0,0,"Gustavo Juaniquina joven valiente que sale orgánicamente desde Rancho Grande para acompañarme en esta candidatura, juntos trabajaremos por nuestras 11 provincias de la … Ver más"
MINERVA WARA RUEDA LOPEZ,https://www.facebook.com/WaraRuedaDiputadaC32,no,2025-01-20,123,1,2025-08-02,post,https://www.facebook.com/share/v/16vthwCLa7/,11,0,38,34,2,2,0,0,0,0,"¡Escuchar es el primer paso para transformar! 
R… Ver más"
MINERVA WARA RUEDA LOPEZ,https://www.facebook.com/WaraRuedaDiputadaC32,no,2025-01-20,123,1,2025-08-05,post,https://www.facebook.com/share/p/1GRWN9Qy7r/,0,0,3,3,0,0,0,0,0,0,
