nombre perfil,url perfil,candidato identificado,creación del perfil,seguidores,seguidos,fecha post,tipo de post,url post,comparticiones,comentarios,reacciones en total,me gusta,me encanta,me divierte,me entristece,me sorprende,me enoja,me importa,contenido
PAOLA ANDREA FERNANDEZ REA,https://www.facebook.com/profile.php?id=100095305101750,no,2023-08-07,115000,0,2025-07-23,post,https://www.facebook.com/share/p/1MPieNeGg8/,7,14,72,55,14,1,0,0,0,2,"Cuatro mujeres representando el poder y empoderamiento femenino, lo que merece Bolivia, estamos presentes para encaminar Bolivia! 
… Ver más"
PAOLA ANDREA FERNANDEZ REA,https://www.facebook.com/profile.php?id=100095305101750,no,2023-08-07,115000,0,2025-07-23,post,https://www.facebook.com/share/p/18ye4URx1V/,4,0,21,17,4,0,0,0,0,0,Conversatorio: Mujeres construyendo una mejor Bolivia.
PAOLA ANDREA FERNANDEZ REA,https://www.facebook.com/profile.php?id=100095305101750,no,2023-08-07,115000,0,2025-07-23,post,https://www.facebook.com/share/p/1BxfQEfQ9x/,0,5,62,47,14,0,0,0,0,1,Gracias a la red DTV por la cobertura! Esta es la verdadera Fuerza del Pueblo! 
PAOLA ANDREA FERNANDEZ REA,https://www.facebook.com/profile.php?id=100095305101750,no,2023-08-07,115000,0,2025-07-24,post,https://www.facebook.com/share/p/1EKn2FNDT9/,7,25,66,52,14,0,0,0,0,0," ¡Feliz Día de la Bandera Cruceña! 
No es solo un símbolo, es nuestra historia, nuestra lucha y nuestra identidad.
Que… Ver más"
PAOLA ANDREA FERNANDEZ REA,https://www.facebook.com/profile.php?id=100095305101750,no,2023-08-07,115000,0,2025-07-25,post,https://www.facebook.com/share/p/1ZBvuujcwr/,10,68,88,72,15,0,0,0,0,1,"Barrio 15 de Septiembre, San Martin y 8 de Septiembre, nos vemos mañana para compartir una mañana llena de alegría y solidaridad. … Ver más"
PAOLA ANDREA FERNANDEZ REA,https://www.facebook.com/profile.php?id=100095305101750,no,2023-08-07,115000,0,2025-07-25,post,https://www.facebook.com/share/v/1CQ1Bta1nY/,2,5,28,23,5,0,0,0,0,0,"¿Y vos?
Vení y disfrutá con nosotros del comedor solidario los lunes miércoles y viernes en nuestra casa de campaña del Plan 3000 sobre la avenida Paurito! … Ver más"
PAOLA ANDREA FERNANDEZ REA,https://www.facebook.com/profile.php?id=100095305101750,no,2023-08-07,115000,0,2025-07-26,post,https://www.facebook.com/share/p/1AqQMGKjS9/,10,44,106,85,21,0,0,0,0,0,"Entrega de leche para los barrios San Martin, 15 de Septiempre y 8 de Septiembre!… Ver más"
PAOLA ANDREA FERNANDEZ REA,https://www.facebook.com/profile.php?id=100095305101750,no,2023-08-07,115000,0,2025-07-26,post,https://www.facebook.com/share/v/1XepwZR5CW/,3,3,47,44,3,0,0,0,0,0," Hoy vivimos un lindo amistoso con los chicos de Oriente Petrolero, un partido lleno de energía y buen fútbol en el corazón del Plan 3000 
S… Ver más"
PAOLA ANDREA FERNANDEZ REA,https://www.facebook.com/profile.php?id=100095305101750,no,2023-08-07,115000,0,2025-07-27,post,https://www.facebook.com/share/p/1Byoi56He6/,8,8,63,49,14,0,0,0,0,0,Compartiendo un Domingo hermoso junto con nuestros vecinos del barrio Villa Gladys y barrio Minero una riquísima olla común.… Ver más
PAOLA ANDREA FERNANDEZ REA,https://www.facebook.com/profile.php?id=100095305101750,no,2023-08-07,115000,0,2025-07-27,post,https://www.facebook.com/share/v/175uxF56pc/,6,9,60,47,11,1,0,0,0,1,"Que majao más rico! 
… Ver más"
PAOLA ANDREA FERNANDEZ REA,https://www.facebook.com/profile.php?id=100095305101750,no,2023-08-07,115000,0,2025-07-28,post,https://www.facebook.com/share/v/1Aaq5iYLLS/,4,14,48,40,8,0,0,0,0,0,"¡Es con recurso no con discurso! 
… Ver más"
PAOLA ANDREA FERNANDEZ REA,https://www.facebook.com/profile.php?id=100095305101750,no,2023-08-07,115000,0,2025-07-28,post,https://www.facebook.com/share/p/1GVFr1bqqU/,3,9,51,38,12,0,0,0,0,1,"¡Casa llena en el comedor solidario! 
… Ver más"
