nombre perfil,url perfil,snapshot_date,creación del perfil,candidato identificado,seguidores,seguidos,fecha post,tipo de post,url post,comparticiones,comentarios,reacciones en total,me gusta,me encanta,me divierte,me entristece,me sorprende,me enoja,me importa,contenido
Ciberwarmis - Mujeres ayudando a mujeres,https://www.facebook.com/Ciberwarmis.bo,2025-06-11,2020-04-21,no,11000,0,2025-04-23,post,https://www.facebook.com/share/p/1CSFerJMxv/,5,0,8,0,0,0,0,0,0,0,"#Aprobación del #RENAF ya...
LA ASISTENCIA FAMILIAR ES UN DERECHO DE LAS HIJAS E HIJOS… Ver más"
Ciberwarmis - Mujeres ayudando a mujeres,https://www.facebook.com/Ciberwarmis.bo,2025-06-11,2020-04-21,no,11000,0,2025-04-23,post,https://www.facebook.com/Ciberwarmis.bo/posts/pfbid026XLveBjinY85s55pX8ESF4DjxNGVagH18TqkAj3aSZ6GtGFAzZktGvbPZrYPgczXl,2,1,13,0,0,0,0,0,0,0,"#Aprobación del #RENAF ya...
LA ASISTENCIA FAMILIAR ES UN DERECHO DE LAS HIJAS E HIJOS… Ver más"
Ciberwarmis - Mujeres ayudando a mujeres,https://www.facebook.com/Ciberwarmis.bo,2025-06-11,2020-04-21,no,11000,0,2025-04-23,post,https://www.facebook.com/Ciberwarmis.bo/posts/pfbid036viMf6iEBdGGevi88jGXs1mDMEuczQZtoDXTHMeJ9j7ChyFZAYu95tEVUUc1H73al,15,1,30,0,0,0,0,0,0,0,"#Aprobación del #RENAF ya...
LA ASISTENCIA FAMILIAR ES UN DERECHO DE LAS HIJAS E HIJOS… Ver más"
Ciberwarmis - Mujeres ayudando a mujeres,https://www.facebook.com/Ciberwarmis.bo,2025-06-11,2020-04-21,no,11000,0,2025-04-25,post,https://www.facebook.com/Ciberwarmis.bo/posts/pfbid0qhRYSNxJoa6AFdBycMFb9y3e6aryo39GVRUA1mjyDGZZmUzmrZGrRhWbT7JhB3S4l,1,0,19,0,0,0,0,0,0,0,"#25deAbril  
#DiaInternacionalDelADN  … Ver más"
Ciberwarmis - Mujeres ayudando a mujeres,https://www.facebook.com/Ciberwarmis.bo,2025-06-11,2020-04-21,no,11000,0,2025-04-30,post,https://www.facebook.com/share/p/1BydayKNeh/,2,0,11,0,0,0,0,0,0,0,"#1deMayo   #DíaDelTrabajo 
SIGUEN VIGENTES NUESTROS MEMECITOS LABORALES … Ver más"
Ciberwarmis - Mujeres ayudando a mujeres,https://www.facebook.com/Ciberwarmis.bo,2025-06-11,2020-04-21,no,11000,0,2025-04-30,post,https://www.facebook.com/share/p/16MTfpZEY8/,8,0,19,0,0,0,0,0,0,0," 4 años de la #LeyOlimpia  
Queremos compartir 9 datos que debes conocer 
#C… Ver más"
Ciberwarmis - Mujeres ayudando a mujeres,https://www.facebook.com/Ciberwarmis.bo,2025-06-11,2020-04-21,no,11000,0,2025-05-02,post,https://www.facebook.com/share/p/1AhwMCxRaQ/,1,0,6,0,0,0,0,0,0,0,"#Entrevista 
Hoy las Ciberwarmis hablamos sobre seguimiento al estado en el que se encuentra el abordaje del proyecto de Ley 035/2024-2025, ¨Para Fortalecer el Cumplimi… Ver más"
Ciberwarmis - Mujeres ayudando a mujeres,https://www.facebook.com/Ciberwarmis.bo,2025-06-11,2020-04-21,no,11000,0,2025-05-04,post,https://www.facebook.com/Ciberwarmis.bo/posts/pfbid0W9H21g2ogp6mdnayYfA6Hufw5dk9X4QpL3ursQWUR82M9qv2dUG8wzM8LYyJdwNvl,7,0,25,0,0,0,0,0,0,0,"#Mayo con M de maternidades deseadas  
Les dejamos algunas fechas para recordar y luchar 
 
#C… Ver más"
Ciberwarmis - Mujeres ayudando a mujeres,https://www.facebook.com/Ciberwarmis.bo,2025-06-11,2020-04-21,no,11000,0,2025-05-05,post,https://www.facebook.com/share/p/1EPEtyQLfn/,73,6,108,0,0,0,0,0,0,0," Cortar el cabello de una mujer no es un acto menor: es violencia.
Es humillación política, castigo simbólico y control sobre nuestros cuerpos.… Ver más"
Ciberwarmis - Mujeres ayudando a mujeres,https://www.facebook.com/Ciberwarmis.bo,2025-06-11,2020-04-21,no,11000,0,2025-05-06,post,https://www.facebook.com/share/p/14FeQdBQmG9/,6,0,16,0,0,0,0,0,0,0,"SI NO QUIEREN APROBAR, LOS VAMOS A FUNAR
Conoce nuestro boletín ""La Funadora"", este ejemplar está destinado a responder a los ""argumentos"" de los diputados/as en rel… Ver más"
Ciberwarmis - Mujeres ayudando a mujeres,https://www.facebook.com/Ciberwarmis.bo,2025-06-11,2020-04-21,no,11000,0,2025-05-07,post,https://www.facebook.com/Ciberwarmis.bo/posts/pfbid035HNduQU5ZQdBhU7VZADmNjbB6GQHYJHmkA72pWkBjzryJ9FZ1eihKHLaYmCvefUil,2,0,9,0,0,0,0,0,0,0,"#PRONUNCIAMIENTO 
La #SociedadCivil organizada en redes, colectivos, instituciones y personas defensoras de derechos, nos pronunciamos condenando la violencia suscitad… Ver más"
Ciberwarmis - Mujeres ayudando a mujeres,https://www.facebook.com/Ciberwarmis.bo,2025-06-11,2020-04-21,no,11000,0,2025-05-15,post,https://www.facebook.com/share/p/1AVH5z8KSd/,15,0,28,0,0,0,0,0,0,0,"#15demayo  
En conmemoración al #DiaDeLasFamilias queremos mandar el siguiente mensaje #Feminista 
#C… Ver más"
Ciberwarmis - Mujeres ayudando a mujeres,https://www.facebook.com/Ciberwarmis.bo,2025-05-23,2020-04-21,no,11000,0,2025-05-16,post,not-found-post-url-77036,0,0,,0,0,0,0,0,0,0,Entrega reconocimiento
Ciberwarmis - Mujeres ayudando a mujeres,https://www.facebook.com/Ciberwarmis.bo,2025-06-11,2020-04-21,no,11000,0,2025-05-16,post,2025-05-16,6,1,17,0,0,0,0,0,0,0,
Ciberwarmis - Mujeres ayudando a mujeres,https://www.facebook.com/Ciberwarmis.bo,2025-06-11,2020-04-21,no,11000,0,2025-05-19,post,https://www.facebook.com/share/p/1ATeM3TQCq/,18,1,35,0,0,0,0,0,0,0,"#Estudio 
Descarga nuestro estudio denominado ""Acuerpamiento digital #Ciberfeminista"" y los Kits de autocuidado y cuidados digitales colectivos ciberfeministas
. 
D… Ver más"
Ciberwarmis - Mujeres ayudando a mujeres,https://www.facebook.com/Ciberwarmis.bo,2025-05-23,2020-04-21,no,11000,0,2025-05-19,post,not-found-post-url-139481,0,0,,0,0,0,0,0,0,0,"¡Se logró!
El Presidente Donald Trump Promulga ""Take It Down Act"".
¡E… Ver más"
Ciberwarmis - Mujeres ayudando a mujeres,https://www.facebook.com/Ciberwarmis.bo,2025-06-11,2020-04-21,no,11000,0,2025-05-19,post,https://www.facebook.com/share/p/1GdAQVKFq4/,2,0,26,0,0,0,0,0,0,0,"¡Se logró!
El Presidente Donald Trump Promulga ""Take It Down Act"".
¡E… Ver más"
Ciberwarmis - Mujeres ayudando a mujeres,https://www.facebook.com/Ciberwarmis.bo,2025-06-11,2020-04-21,no,11000,0,2025-05-22,post,https://www.facebook.com/share/p/18v59BERXb/,0,0,8,0,0,0,0,0,0,0, Paridad formal no es paridad real.⁣
Ciberwarmis - Mujeres ayudando a mujeres,https://www.facebook.com/Ciberwarmis.bo,2025-06-11,2020-04-21,no,11000,0,2025-05-26,post,https://www.facebook.com/share/p/1CVYTU7Srx/,10,1,24,0,0,0,0,0,0,0,"#27deMayo 
En el #DiaDeLaMadre Boliviana queremos compartir 10 #DeseosFeministas  
porque queremos ver a las mamitas felices y no perfectas
. 
… Ver más"
Ciberwarmis - Mujeres ayudando a mujeres,https://www.facebook.com/Ciberwarmis.bo,2025-06-02,2020-04-21,no,11000,0,2025-05-26,post,https://www.facebook.com/share/p/1CdMTLY8sc/,10,1,,8,14,0,0,0,0,2,"#27deMayo 
En el #DiaDeLaMadre Boliviana queremos compartir 10 #DeseosFeministas  
porque queremos ver a las mamitas felices y no perfectas
. 
… Ver más"
Ciberwarmis - Mujeres ayudando a mujeres,https://www.facebook.com/Ciberwarmis.bo,2025-06-11,2020-04-21,no,11000,0,2025-05-27,post,https://www.facebook.com/share/p/16h67Uw6YE/,23,0,34,0,0,0,0,0,0,0,"#27deMayo 
MAMITA FESTEJA TU DÍA, SOLO TÚ SABES LO QUE TE HA COSTADO MATERNAR  
Te queremos ver feliz y libre, no perfecta
. 
… Ver más"
Ciberwarmis - Mujeres ayudando a mujeres,https://www.facebook.com/Ciberwarmis.bo,2025-06-02,2020-04-21,no,11000,0,2025-05-27,post,https://www.facebook.com/share/p/1FjUG8vN3j/,5,7,,29,13,0,0,0,0,6,"Aniversario de las #Ciberwarmis 
G… Ver más"
Ciberwarmis - Mujeres ayudando a mujeres,https://www.facebook.com/Ciberwarmis.bo,2025-06-11,2020-04-21,no,11000,0,2025-05-27,post,https://www.facebook.com/share/p/163gskiMML/,5,7,49,0,0,0,0,0,0,0,"Aniversario de las #Ciberwarmis 
G… Ver más"
Ciberwarmis - Mujeres ayudando a mujeres,https://www.facebook.com/Ciberwarmis.bo,2025-06-02,2020-04-21,no,11000,0,2025-05-27,post,https://www.facebook.com/share/p/15aZ5pgFYk/,23,0,,12,18,0,0,0,0,4,"#27deMayo 
MAMITA FESTEJA TU DÍA, SOLO TÚ SABES LO QUE TE HA COSTADO MATERNAR  
Te queremos ver feliz y libre, no perfecta
. 
… Ver más"
Ciberwarmis - Mujeres ayudando a mujeres,https://www.facebook.com/Ciberwarmis.bo,2025-06-02,2020-04-21,no,11000,0,2025-05-28,post,https://www.facebook.com/share/p/1FeSSBCqhV/,1,1,,10,9,0,0,0,0,2,"BUENAS NOTICIAS
Las #Ciberwarmis iniciamos un nuevo desafía en alianza con el Centro de Promoción de la Mujer Gregoria Apaza (CPMGA) con el apoyo de PNUD Bolivia … Ver más"
Ciberwarmis - Mujeres ayudando a mujeres,https://www.facebook.com/Ciberwarmis.bo,2025-06-11,2020-04-21,no,11000,0,2025-05-28,post,https://www.facebook.com/share/p/1AWWi3kAq8/,1,1,22,0,0,0,0,0,0,0,"BUENAS NOTICIAS
Las #Ciberwarmis iniciamos un nuevo desafía en alianza con el Centro de Promoción de la Mujer Gregoria Apaza (CPMGA) con el apoyo de PNUD Bolivia … Ver más"
Ciberwarmis - Mujeres ayudando a mujeres,https://www.facebook.com/Ciberwarmis.bo,2025-06-02,2020-04-21,no,11000,0,2025-05-28,post,https://www.facebook.com/share/p/12LPRBbidrT/,1,0,,0,0,0,0,0,0,0,"Campaña 28 de Mayo: Día de Acción Global por la Salud de las Mujeres
En este contexto crítico, reafirmamos el legado histórico de la Red de Salud de las Mujeres Latinoa… Ver más"
Ciberwarmis - Mujeres ayudando a mujeres,https://www.facebook.com/Ciberwarmis.bo,2025-06-11,2020-04-21,no,11000,0,2025-05-28,post,https://www.facebook.com/Ciberwarmis.bo/posts/pfbid02XLxAmkerZ8H4GBCUaewJZmS5DGR8d1dQQNJz335rTnhFgJ3U9ZmXHcT2eSEd3ATJl,1,0,6,0,0,0,0,0,0,0,"Campaña 28 de Mayo: Día de Acción Global por la Salud de las Mujeres
En este contexto crítico, reafirmamos el legado histórico de la Red de Salud de las Mujeres Latinoa… Ver más"
Ciberwarmis - Mujeres ayudando a mujeres,https://www.facebook.com/Ciberwarmis.bo,2025-06-10,2020-04-21,no,11000,0,2025-06-02,post,https://www.facebook.com/share/p/1EpQpXwBRS/,8,0,68,0,0,0,0,0,0,0,"Buenas noticias 
Las  #Ciberwarmis ganamos la #Hackaton para promover el voto informado con nuestra propuesta de  MATCH ELECTORAL. Gracias por la confianza 
htt… Ver más"
Ciberwarmis - Mujeres ayudando a mujeres,https://www.facebook.com/Ciberwarmis.bo,2025-06-10,2020-04-21,no,11000,0,2025-06-02,post,https://www.facebook.com/share/p/19HkjWsnTv/,3,0,16,0,0,0,0,0,0,0,"Iniciamos #Junio con J de juntas por los #Derechos de todas, todos y todes
#Pride 
#… Ver más"
Ciberwarmis - Mujeres ayudando a mujeres,https://www.facebook.com/Ciberwarmis.bo,2025-06-02,2020-04-21,no,11000,0,2025-06-02,post,https://www.facebook.com/share/p/18rMfdXXXC/,2,1,,0,0,0,0,0,0,0," ¿Los medios son un poder?
Sí. Y a veces, ese poder desinforma y violenta.… Ver más"
Ciberwarmis - Mujeres ayudando a mujeres,https://www.facebook.com/Ciberwarmis.bo,2025-06-10,2020-04-21,no,11000,0,2025-06-02,post,https://www.facebook.com/share/p/1AW7GW5g6U/,3,1,13,0,0,0,0,0,0,0," ¿Los medios son un poder?
Sí. Y a veces, ese poder desinforma y violenta.… Ver más"
Ciberwarmis - Mujeres ayudando a mujeres,https://www.facebook.com/Ciberwarmis.bo,2025-06-11,2020-04-21,no,11000,0,2025-06-02,post,https://www.facebook.com/share/p/1C5x94vwqq/,8,0,68,0,0,0,0,0,0,0,"Buenas noticias 
Las  #Ciberwarmis ganamos la #Hackaton para promover el voto informado con nuestra propuesta de  MATCH ELECTORAL. Gracias por la confianza 
htt… Ver más"
Ciberwarmis - Mujeres ayudando a mujeres,https://www.facebook.com/Ciberwarmis.bo,2025-06-11,2020-04-21,no,11000,0,2025-06-02,post,https://www.facebook.com/share/p/18py5o6NhY/,3,0,16,0,0,0,0,0,0,0,"Iniciamos #Junio con J de juntas por los #Derechos de todas, todos y todes
#Pride 
#… Ver más"
Ciberwarmis - Mujeres ayudando a mujeres,https://www.facebook.com/Ciberwarmis.bo,2025-06-11,2020-04-21,no,11000,0,2025-06-04,post,https://www.facebook.com/share/p/15RR8qtKWZ/,2,0,14,0,0,0,0,0,0,0,"Todo nuestro apoyo a la REVOLUCIÓN ORGULLO y las muestras de arte con resistencia
."
Ciberwarmis - Mujeres ayudando a mujeres,https://www.facebook.com/Ciberwarmis.bo,2025-06-11,2020-04-21,no,11000,0,2025-06-04,post,https://www.facebook.com/share/v/1HTbm8pqL5/,3,1,17,0,0,0,0,0,0,0,"¿Qué es lo que nos dice el ataque de un #Troll o Hater 
?
Sabemos que hacer contenido #Feminista en internet es dificil, los ataques son recurrentes, pero esos ataque… Ver más"
Ciberwarmis - Mujeres ayudando a mujeres,https://www.facebook.com/Ciberwarmis.bo,2025-06-10,2020-04-21,no,11000,0,2025-06-04,post,https://www.facebook.com/share/v/19Bd5kaTzc/,3,1,17,0,0,0,0,0,0,0,"¿Qué es lo que nos dice el ataque de un #Troll o Hater 
?
Sabemos que hacer contenido #Feminista en internet es dificil, los ataques son recurrentes, pero esos ataque… Ver más"
Ciberwarmis - Mujeres ayudando a mujeres,https://www.facebook.com/Ciberwarmis.bo,2025-06-10,2020-04-21,no,11000,0,2025-06-04,post,https://www.facebook.com/share/p/1AgrgF4sYT/,2,0,14,0,0,0,0,0,0,0,"Todo nuestro apoyo a la REVOLUCIÓN ORGULLO y las muestras de arte con resistencia
."
Ciberwarmis - Mujeres ayudando a mujeres,https://www.facebook.com/Ciberwarmis.bo,2025-06-11,2020-04-21,no,11000,0,2025-06-04,post,2025-06-04,46,16,59,0,0,0,0,0,0,0,
Ciberwarmis - Mujeres ayudando a mujeres,https://www.facebook.com/Ciberwarmis.bo,2025-06-11,2020-04-21,no,11000,0,2025-06-05,post,https://www.facebook.com/Ciberwarmis.bo/videos/1615307692491830/,0,0,9,0,0,0,0,0,0,0,"Sabemos que hacer contenido #Feminista en internet es dificil, los ataques son recurrentes, pero esos ataques también muestran que tu mensaje interpela y está llegando… Ver más"
Ciberwarmis - Mujeres ayudando a mujeres,https://www.facebook.com/Ciberwarmis.bo,2025-06-11,2020-04-21,no,11000,0,2025-06-05,post,https://www.facebook.com/share/p/16ZjxnEo6r/,3,0,8,0,0,0,0,0,0,0,"TIPOS DE TROLL Y HATER
Y tú ¿qué tipo #Troll o Hater 
 tienes?
… Ver más"
Ciberwarmis - Mujeres ayudando a mujeres,https://www.facebook.com/Ciberwarmis.bo,2025-06-10,2020-04-21,no,11000,0,2025-06-05,post,https://www.facebook.com/share/p/1Lmm6RA5xA/,3,0,8,0,0,0,0,0,0,0,"TIPOS DE TROLL Y HATER
Y tú ¿qué tipo #Troll o Hater 
 tienes?
… Ver más"
Ciberwarmis - Mujeres ayudando a mujeres,https://www.facebook.com/Ciberwarmis.bo,2025-06-10,2020-04-21,no,11000,0,2025-06-05,post,https://www.facebook.com/share/v/19Uau1aF1H/,0,0,9,0,0,0,0,0,0,0,"Sabemos que hacer contenido #Feminista en internet es dificil, los ataques son recurrentes, pero esos ataques también muestran que tu mensaje interpela y está llegando… Ver más"
Ciberwarmis - Mujeres ayudando a mujeres,https://www.facebook.com/Ciberwarmis.bo,2025-06-10,2020-04-21,no,11000,0,2025-06-05,post,https://www.facebook.com/share/p/1Ab7xXKzag/,0,0,4,0,0,0,0,0,0,0,"Ley Olimpia IA será la primera Inteligencia Artificial que tenga lengua de señas mexicana para atender a mujeres sordas.
¡… Ver más"
Ciberwarmis - Mujeres ayudando a mujeres,https://www.facebook.com/Ciberwarmis.bo,2025-06-11,2020-04-21,no,11000,0,2025-06-05,post,https://www.facebook.com/share/p/12KkUPdCCNY/,0,0,5,0,0,0,0,0,0,0,"Ley Olimpia IA será la primera Inteligencia Artificial que tenga lengua de señas mexicana para atender a mujeres sordas.
¡… Ver más"
Ciberwarmis - Mujeres ayudando a mujeres,https://www.facebook.com/Ciberwarmis.bo,2025-06-10,2020-04-21,no,11000,0,2025-06-08,post,https://www.facebook.com/share/p/15MxCaBtw5/,8,1,20,0,0,0,0,0,0,0," ¿Por qué no responder a los ataques de un #Troll o Hater 
 ?
Sabemos que hacer contenido #Feminista en internet es dificil, los ataques son recurrentes, pero respond… Ver más"
Ciberwarmis - Mujeres ayudando a mujeres,https://www.facebook.com/Ciberwarmis.bo,2025-06-11,2020-04-21,no,11000,0,2025-06-08,post,https://www.facebook.com/Ciberwarmis.bo/posts/pfbid0Vnxroyej1MJHUhhY2quhfdSuKhkQXz7xhcwrCUXSLRyEBfUrjzwGJCbZDzM89Rd3l,8,1,22,0,0,0,0,0,0,0," ¿Por qué no responder a los ataques de un #Troll o Hater 
 ?
Sabemos que hacer contenido #Feminista en internet es dificil, los ataques son recurrentes, pero respond… Ver más"
Ciberwarmis - Mujeres ayudando a mujeres,https://www.facebook.com/Ciberwarmis.bo,2025-06-11,2020-04-21,no,11000,0,2025-06-09,post,https://www.facebook.com/share/p/1FjoEy17Yk/,1,0,17,0,0,0,0,0,0,0,"Con mucha alegría y buenas noticias iniciamos la semana, las #Ciberwarmis fuimos uno de los 24 propuestas ganadoras para la subvención de proyectos sobre #ViolenciaDi… Ver más"
Ciberwarmis - Mujeres ayudando a mujeres,https://www.facebook.com/Ciberwarmis.bo,2025-06-10,2020-04-21,no,11000,0,2025-06-09,post,https://www.facebook.com/share/p/19p2CZBNTM/,1,0,15,0,0,0,0,0,0,0,"Con mucha alegría y buenas noticias iniciamos la semana, las #Ciberwarmis fuimos uno de los 24 propuestas ganadoras para la subvención de proyectos sobre #ViolenciaDi… Ver más"
Ciberwarmis - Mujeres ayudando a mujeres,https://www.facebook.com/Ciberwarmis.bo,2025-06-11,2020-04-21,no,11000,0,2025-06-10,post,https://www.facebook.com/share/v/14HS9ymbquH/,2,0,12,0,0,0,0,0,0,0," Cuidados digitales para la colectiva feminista 
Sabemos que hacer contenido #Feminista en internet es dificil, los ataques son recurrentes, pero tu mensaje es import… Ver más"
Ciberwarmis - Mujeres ayudando a mujeres,https://www.facebook.com/Ciberwarmis.bo,2025-06-23,2020-04-21,no,11000,0,2025-06-16,post,https://www.facebook.com/share/p/1EBLD8dvZm/,5,0,34,20,13,0,0,0,0,1,"#Hadas  #Feministas 
Recuerda que no existe una sola forma de ser #Feminista o una expresión única del #Feminismo 
A… Ver más"
Ciberwarmis - Mujeres ayudando a mujeres,https://www.facebook.com/Ciberwarmis.bo,2025-06-23,2020-04-21,no,11000,0,2025-06-16,post,https://www.facebook.com/share/p/15vLSrLpDV/,3,0,20,15,5,0,0,0,0,0,"""el mundo necesita más mujeres jóvenes enfadadas. No por capricho, sino por justicia. Porque mientras el planeta arde, las violencias se intensifican y los derechos se … Ver más"
Ciberwarmis - Mujeres ayudando a mujeres,https://www.facebook.com/Ciberwarmis.bo,2025-06-23,2020-04-21,no,11000,0,2025-06-17,post,https://www.facebook.com/share/p/16c5G56pT1/,6,3,22,18,4,0,0,0,0,0," RECOMENDACIONES PARA INICIAR EN EL CIBERFEMINISMO
Tu voz y presencia es importante en #Internet 
… Ver más"
Ciberwarmis - Mujeres ayudando a mujeres,https://www.facebook.com/Ciberwarmis.bo,2025-06-23,2020-04-21,no,11000,0,2025-06-19,post,https://www.facebook.com/share/p/16hLB3ZwM6/,9,1,27,21,5,0,0,0,0,1, IMPORTANCIA DE HACER CIBERFEMINISMO … Ver más
Ciberwarmis - Mujeres ayudando a mujeres,https://www.facebook.com/Ciberwarmis.bo,2025-06-23,2020-04-21,no,11000,0,2025-06-22,post,2025-06-22,0,0,0,0,0,0,0,0,0,0,
Ciberwarmis - Mujeres ayudando a mujeres,https://www.facebook.com/Ciberwarmis.bo,2025-06-23,2020-04-21,no,11000,0,2025-06-22,post,https://www.facebook.com/share/p/18w1jMcuEN/,4,1,23,18,5,0,0,0,0,0," IMPORTANCIA DE HACER CIBERFEMINISMO Y DARNOS AMORCITO FEMINISTA ENTRE NOSOTRAS 
Sabemos que hacer contenido #Feminista en internet es dificil, pero recuerda que tu v… Ver más"
Ciberwarmis - Mujeres ayudando a mujeres,https://www.facebook.com/Ciberwarmis.bo,2025-06-23,2020-04-21,no,11000,0,2025-06-23,post,https://www.facebook.com/share/p/1CHL2SuMdK/,0,2,8,7,1,0,0,0,0,0,#AñoNuevoAymara #2025 … Ver más
Ciberwarmis - Mujeres ayudando a mujeres,https://www.facebook.com/Ciberwarmis.bo,2025-06-23,2020-04-21,no,11000,0,2025-06-23,post,https://www.facebook.com/share/p/1LHjorUchi/,12,2,26,20,5,0,0,0,0,1,"#EnfoqueFeminista  
Hablemos del morbo y la complicidad que existe en la #ViolenciaDigital. No solo se trata de la difusión de un video, se trata de violencia, insegur… Ver más"
Ciberwarmis - Mujeres ayudando a mujeres,https://www.facebook.com/Ciberwarmis.bo,2025-07-01,2020-04-21,no,11000,0,2025-06-29,post,https://www.facebook.com/share/p/1Yg8cr6MPt/,4,0,30,20,10,0,0,0,0,0,"#MarchaDelOrgullo 2025 en #LaPaz 
Gracias por existir y resistir con una lucha llena de colores y amor 
#C… Ver más"
Ciberwarmis - Mujeres ayudando a mujeres,https://www.facebook.com/Ciberwarmis.bo,2025-07-01,2020-04-21,no,11000,0,2025-06-30,post,https://www.facebook.com/share/p/1EDbtULCJy/,3,0,36,15,19,0,0,0,0,2,"Las #Ciberwarmis compartimos el estudio Acuerpamiento Digital #Feminista, con RIZOMA - Escuela feminista, organizado por la  Fundación Friedrich Ebert #FES en #Bolivia… Ver más"
Ciberwarmis - Mujeres ayudando a mujeres,https://www.facebook.com/Ciberwarmis.bo,2025-07-08,2020-04-21,no,11000,0,2025-06-30,post,https://www.facebook.com/share/p/1EAz5owecX/,6,0,50,26,21,1,0,0,0,2,"Las #Ciberwarmis compartimos el estudio Acuerpamiento Digital #Feminista, con RIZOMA - Escuela feminista, organizado por la  Fundación Friedrich Ebert #FES en #Bolivia… Ver más"
Ciberwarmis - Mujeres ayudando a mujeres,https://www.facebook.com/Ciberwarmis.bo,2025-07-08,2020-04-21,no,11000,0,2025-07-01,post,https://www.facebook.com/share/p/1Lb93CkAyD/,4,0,10,7,3,0,0,0,0,0,"Iniciamos #Julio con J de justicia. 
En #Bolivia se reportaron 41 #feminicidios en el primer trimestre del año. No más impunidad. 
#… Ver más"
Ciberwarmis - Mujeres ayudando a mujeres,https://www.facebook.com/Ciberwarmis.bo,2025-07-01,2020-04-21,no,11000,0,2025-07-01,post,https://www.facebook.com/share/p/1EwAA6rtWs/,3,0,6,4,2,0,0,0,0,0,"Iniciamos #Julio con J de justicia. 
En #Bolivia se reportaron 41 #feminicidios en el primer trimestre del año. No más impunidad. 
#… Ver más"
Ciberwarmis - Mujeres ayudando a mujeres,https://www.facebook.com/Ciberwarmis.bo,2025-07-08,2020-04-21,no,11000,0,2025-07-03,post,https://www.facebook.com/share/p/19UZACwzhA/,1,0,2,2,0,0,0,0,0,0,
Ciberwarmis - Mujeres ayudando a mujeres,https://www.facebook.com/Ciberwarmis.bo,2025-07-08,2020-04-21,no,11000,0,2025-07-03,post,https://www.facebook.com/share/v/1Hiqz9zNZB/,1,0,4,3,1,0,0,0,0,0,"Alerta 
No caigas en estafas, entre nosostras nos cuidamos 
#C… Ver más"
Ciberwarmis - Mujeres ayudando a mujeres,https://www.facebook.com/Ciberwarmis.bo,2025-07-08,2020-04-21,no,11000,0,2025-07-03,post,https://www.facebook.com/share/p/1HuupyAV1y/,3,0,9,7,2,0,0,0,0,0,"Que la verdad nos mueva 
Datos sobre #ViolenciaSexual hacia la niñez en #Bolivia … Ver más"
Ciberwarmis - Mujeres ayudando a mujeres,https://www.facebook.com/Ciberwarmis.bo,2025-07-08,2020-04-21,no,11000,0,2025-07-03,post,https://www.facebook.com/share/p/1GQQyb7WqW/,2,0,6,6,0,0,0,0,0,0,"Que la verdad nos mueva 
Datos sobre #ViolenciaSexual hacia la niñez en #Bolivia … Ver más"
Ciberwarmis - Mujeres ayudando a mujeres,https://www.facebook.com/Ciberwarmis.bo,2025-07-08,2020-04-21,no,11000,0,2025-07-03,post,https://www.facebook.com/share/p/1JnawLN7cB/,10,0,12,8,2,0,2,0,0,0,"Que la verdad nos mueva 
Datos sobre #ViolenciaSexual hacia la niñez en #Bolivia … Ver más"
Ciberwarmis - Mujeres ayudando a mujeres,https://www.facebook.com/Ciberwarmis.bo,2025-07-08,2020-04-21,no,11000,0,2025-07-03,post,https://www.facebook.com/share/p/15u1wHovfT/,0,0,4,4,0,0,0,0,0,0,
Ciberwarmis - Mujeres ayudando a mujeres,https://www.facebook.com/Ciberwarmis.bo,2025-07-08,2020-04-21,no,11000,0,2025-07-04,post,https://www.facebook.com/share/p/12MonFb1wZJ/,0,0,0,0,0,0,0,0,0,0,“MI TRANSICIÓN DE GÉNERO HA SIDO FUERA DE MI COMUNIDAD INDÍGENA” /
Ciberwarmis - Mujeres ayudando a mujeres,https://www.facebook.com/Ciberwarmis.bo,2025-07-08,2020-04-21,no,11000,0,2025-07-04,post,https://www.facebook.com/share/p/19aVixz3DM/,0,0,0,0,0,0,0,0,0,0,“LO LGBT ES PARTE DEL PROCESO COLONIAL PORQUE NACE DE UNA EPISTEME Y MEMORIA AJENA A NUESTROS PUEBLOS EN ABYA YALA” / NAYRA DANIEL.
Ciberwarmis - Mujeres ayudando a mujeres,https://www.facebook.com/Ciberwarmis.bo,2025-07-15,2020-04-21,no,11000,0,2025-07-08,post,https://www.facebook.com/share/p/1ZLydNU9Bu/,0,0,3,3,0,0,0,0,0,0,"Conoce a las expertas que nos acompañarán este jueves 
 de julio en la presentación del informe  “𝗣𝗮𝗿𝗶𝗱𝗮𝗱 𝗲𝗻 𝘁𝗶𝗲𝗺𝗽𝗼𝘀 𝗱𝗲 𝗰𝗿𝗶𝘀𝗶𝘀. 𝗗𝗲 𝗹𝗼𝘀 𝗮𝘃𝗮𝗻𝗰𝗲𝘀 𝗮 𝗹𝗮𝘀 𝗮𝗺𝗲𝗻𝗮𝘇𝗮𝘀”. 
… Ver más"
Ciberwarmis - Mujeres ayudando a mujeres,https://www.facebook.com/Ciberwarmis.bo,2025-07-15,2020-04-21,no,11000,0,2025-07-08,post,https://www.facebook.com/share/p/16WU7pj7qa/,0,0,3,3,0,0,0,0,0,0,"Bolivia tiene un Índice de Desarrollo Humano (IDH) Alto, pero al ajustar por desigualdad bajamos 21% y nos convertimos en un país de Desarrollo Humano Medio. "
Ciberwarmis - Mujeres ayudando a mujeres,https://www.facebook.com/Ciberwarmis.bo,2025-07-15,2020-04-21,no,11000,0,2025-07-08,post,https://www.facebook.com/share/p/1ELRceTgDh/,0,0,2,2,0,0,0,0,0,0,"#EleccionesGenerales2025
¿Cómo construimos una democracia verdaderamente paritaria? … Ver más"
Ciberwarmis - Mujeres ayudando a mujeres,https://www.facebook.com/Ciberwarmis.bo,2025-07-15,2020-04-21,no,11000,0,2025-07-08,post,https://www.facebook.com/share/p/1CfgSRieza/,1,0,1,1,0,0,0,0,0,0,
Ciberwarmis - Mujeres ayudando a mujeres,https://www.facebook.com/Ciberwarmis.bo,2025-07-15,2020-04-21,no,11000,0,2025-07-09,post,https://www.facebook.com/Ciberwarmis.bo/posts/pfbid02HYMN1aUbTUNRPw1Yut6u3D5iu3xqahwg1jJjV1NCc6m6iM3S59M1CjSXQTup5fvUl,0,0,4,4,0,0,0,0,0,0,"Arranca el tercer foro de candidatos y candidatas del Movimiento #JuntasHacemosHistoria desde #SantaCruz. Esta vez, en el centro de la mesa, medio ambiente.
¿Desarrollo… Ver más"
Ciberwarmis - Mujeres ayudando a mujeres,https://www.facebook.com/Ciberwarmis.bo,2025-07-15,2020-04-21,no,11000,0,2025-07-09,post,https://www.facebook.com/share/p/19RHxnCCz4/,0,0,3,3,0,0,0,0,0,0,"Fortalecemos la democracia rumbo a 2025 
 
Junto al Tribunal Supremo Electoral  y la Cooperación Internacional, sostuvimos un espacio de coordinación para impulsar un … Ver más"
Ciberwarmis - Mujeres ayudando a mujeres,https://www.facebook.com/Ciberwarmis.bo,2025-07-15,2020-04-21,no,11000,0,2025-07-14,post,https://www.facebook.com/share/p/19d3Y9FXAR/,0,0,5,5,0,0,0,0,0,0,"Las mujeres tenemos derecho a estar presentes en la política y en la internet. 
...
I… Ver más"
Ciberwarmis - Mujeres ayudando a mujeres,https://www.facebook.com/Ciberwarmis.bo,2025-07-15,2020-04-21,no,11000,0,2025-07-14,post,https://www.facebook.com/share/p/16uxDSNMC9/,5,2,26,14,10,0,0,0,0,2,"Querida amiga y hermana  Olimpia Coral Melo celebramos una vuelta al sol más en tu vida. 
Desde Bolivia las #Ciberwarmis te hacemos llegar nuestra fuega y amor sororo… Ver más"
Ciberwarmis - Mujeres ayudando a mujeres,https://www.facebook.com/Ciberwarmis.bo,2025-07-23,2020-04-21,no,11000,0,2025-07-18,post,https://www.facebook.com/share/1C2S2zSMPX/,1,0,38,27,11,0,0,0,0,0,
Ciberwarmis - Mujeres ayudando a mujeres,https://www.facebook.com/Ciberwarmis.bo,2025-07-23,2020-04-21,no,11000,0,2025-07-20,post,https://www.facebook.com/share/p/15oH7Ja1xM/,1,0,12,9,3,0,0,0,0,0, Las #Ciberwarmis fuimos parte del proceso de fortalecimiento de mujeres candidatas en #Pando
Ciberwarmis - Mujeres ayudando a mujeres,https://www.facebook.com/Ciberwarmis.bo,2025-07-23,2020-04-21,no,11000,0,2025-07-20,post,https://www.facebook.com/share/p/1Nvrj1GUfF/,0,0,15,14,1,0,0,0,0,0,Las  #Ciberwarmis somos parte de este proceso de fortalecimiento a mujeres candidatas en #Potosí.
Ciberwarmis - Mujeres ayudando a mujeres,https://www.facebook.com/Ciberwarmis.bo,2025-07-23,2020-04-21,no,11000,0,2025-07-20,post,https://www.facebook.com/share/p/19M4scz2Kp/,0,0,6,5,1,0,0,0,0,0,Las  #Ciberwarmis somos parte de este proceso de fortalecimiento a mujeres candidatas en #Chuquisaca
Ciberwarmis - Mujeres ayudando a mujeres,https://www.facebook.com/Ciberwarmis.bo,2025-07-23,2020-04-21,no,11000,0,2025-07-20,post,https://www.facebook.com/share/p/16qUcXpsa9/,0,0,7,5,2,0,0,0,0,0,Las  #Ciberwarmis somos parte de este proceso de fortalecimiento a mujeres candidatas en #LaPaz
Ciberwarmis - Mujeres ayudando a mujeres,https://www.facebook.com/Ciberwarmis.bo,2025-07-23,2020-04-21,no,11000,0,2025-07-20,post,https://www.facebook.com/share/v/16tok2TcWz/,0,0,7,7,0,0,0,0,0,0,"Iniciamos el primer día del taller con candidatas en #Beni 
Evento convocado por la Coordinadora de la Mujer - Observatorio de Género BO en alianza con las #Ciberwarm… Ver más"
Ciberwarmis - Mujeres ayudando a mujeres,https://www.facebook.com/Ciberwarmis.bo,2025-07-23,2020-04-21,no,11000,0,2025-07-21,post,https://www.facebook.com/share/p/16zEmc6aoB/,0,0,3,3,0,0,0,0,0,0,
Ciberwarmis - Mujeres ayudando a mujeres,https://www.facebook.com/Ciberwarmis.bo,2025-07-23,2020-04-21,no,11000,0,2025-07-21,post,https://www.facebook.com/share/p/19EqQi88Pa/,5,0,14,11,3,0,0,0,0,0,"¿Quieres saber si eres jurado/a electoral?
Ingresa https://yoparticipo.oep.org.bo/… Ver más"
Ciberwarmis - Mujeres ayudando a mujeres,https://www.facebook.com/Ciberwarmis.bo,2025-07-23,2020-04-21,no,11000,0,2025-07-22,post,https://www.facebook.com/share/p/1CnRtExAVz/,8,1,18,12,6,0,0,0,0,0,"#DíaDeLaAmistad  
10 frases feministas sobre la amistad
E… Ver más"
Ciberwarmis - Mujeres ayudando a mujeres,https://www.facebook.com/Ciberwarmis.bo,2025-07-23,2020-04-21,no,11000,0,2025-07-22,post,https://www.facebook.com/share/p/19BK3qXzMB/,0,0,2,2,0,0,0,0,0,0," Las #Ciberwarmis somos parte de este proceso de fortalecimiento a mujeres candidatas de #Cochabamba 
#El… Ver más"
Ciberwarmis - Mujeres ayudando a mujeres,https://www.facebook.com/Ciberwarmis.bo,2025-07-23,2020-04-21,no,11000,0,2025-07-22,post,https://www.facebook.com/share/p/1EtAma18bG/,1,0,15,13,2,0,0,0,0,0,"Coalición Nacional contra la Desinformación Electoral en Bolivia 
Enfrentar la desinformación es nuestro desafío y por eso nos organizamos. 
#Cib… Ver más"
