nombre perfil,url perfil,candidato identificado,creación del perfil,seguidores,seguidos,fecha post,tipo de post,url post,comparticiones,comentarios,reacciones en total,me gusta,me encanta,me divierte,me entristece,me sorprende,me enoja,me importa,contenido
ESTHER SALVATIERRA LANDIVAR,https://www.facebook.com/esther.salvatierralandivar,no,,0,0,2025-07-14,post,https://www.facebook.com/share/p/15zCugJMSu/,12,1,21,17,4,0,0,0,0,0,"Visité el barrio Monterrey de la Circunscripción 47, agradecida porque fui recibida con cariño por los todos vecinos.… Ver más"
ESTHER SALVATIERRA LANDIVAR,https://www.facebook.com/esther.salvatierralandivar,no,,0,0,2025-07-15,post,https://www.facebook.com/share/p/16qZaAE9rL/,13,5,24,23,1,0,0,0,0,0,"¡Atención Circunscripción 47! 
… Ver más"
ESTHER SALVATIERRA LANDIVAR,https://www.facebook.com/esther.salvatierralandivar,no,,0,0,2025-07-16,post,https://www.facebook.com/share/p/1Yc1Kuc9F4/,2,0,7,6,1,0,0,0,0,0," Estuve en el municipio más dulce de Santa Cruz: Cotoca 
Pa… Ver más"
ESTHER SALVATIERRA LANDIVAR,https://www.facebook.com/esther.salvatierralandivar,no,,0,0,2025-07-16,post,https://www.facebook.com/share/p/1ZpKPp67BX/,1,0,6,6,0,0,0,0,0,0," Esther Salvatierra Landívar, candidata por la Circunscripción 47 por la Alianza Libre liderado por el ing. Jorge Tuto Quiroga Ramirez, sigue caminando junto al pueblo… Ver más"
ESTHER SALVATIERRA LANDIVAR,https://www.facebook.com/esther.salvatierralandivar,no,,0,0,2025-07-18,post,https://www.facebook.com/share/p/16y2NGCNub/,3,0,7,7,0,0,0,0,0,0,PUERTA A PUERTA EN EL BARRIO SUCRE… Ver más
ESTHER SALVATIERRA LANDIVAR,https://www.facebook.com/esther.salvatierralandivar,no,,0,0,2025-07-18,post,https://www.facebook.com/share/p/15shwWp2Eh/,2,0,10,8,2,0,0,0,0,0,"Jueves 17 de julio fue un día muy especial para mí. Como candidata a la Circunscripción 47, por la Alianza Libre del ing. Jorge “Tuto” Jorge Tuto Quiroga Ramirez, tuve … Ver más"
ESTHER SALVATIERRA LANDIVAR,https://www.facebook.com/esther.salvatierralandivar,no,,0,0,2025-07-18,post,https://www.facebook.com/share/p/16kf1167SY/,12,3,14,14,0,0,0,0,0,0,¡El cambio ya comenzó en el barrio Punta del Este!… Ver más
ESTHER SALVATIERRA LANDIVAR,https://www.facebook.com/esther.salvatierralandivar,no,,0,0,2025-07-19,post,https://www.facebook.com/share/p/1BewrvXXBi/,10,0,18,15,2,1,0,0,0,0,"Este viernes 18 de julio tuve la oportunidad de visitar el barrio Sucre como candidata por la Circunscripción 47, representando a la Alianza Libre que lidera el ing. Jo… Ver más"
ESTHER SALVATIERRA LANDIVAR,https://www.facebook.com/esther.salvatierralandivar,no,,0,0,2025-07-21,post,https://www.facebook.com/share/p/197cMJpC4n/,8,1,12,9,3,0,0,0,0,0,"Tuve el honor de acompañar a la Asociación de Mototaxis 21 de Julio en la celebración de su aniversario. Compartimos un grato momento con todos los asociados, reconocie… Ver más"
ESTHER SALVATIERRA LANDIVAR,https://www.facebook.com/esther.salvatierralandivar,no,,0,0,2025-07-21,post,https://www.facebook.com/share/p/1P9LZQHpch/,3,0,13,11,2,0,0,0,0,0,¡Cotoca no se vende ni se arrodilla!… Ver más
