nombre perfil,url perfil,candidato identificado,creación del perfil,seguidores,seguidos,fecha post,url post,comparticiones,comentarios,reacciones en total,me gusta,me encanta,me divierte,me entristece,me sorprende,me enoja,me importa,contenido
SILVIA MOLLER CHOQUE,https://www.facebook.com/silvia.mollerchoque,sí,,0,0,2025-04-10,/reel/2447581825576682/?s=single_unit&__cft__[0]=AZWNM_8BmxwvjgcIu5q9BzXYlPsFpuT7o9Cz9j2gegmKvghrEgM0JpuyRuJ7sIyMv-R1kw6tRX24TNSuit2NVh_B4WBFOcre0xZS_QK2SCW0pmvPWEw62ZBIQtPq6XQkim4hdHrQF-i0eGu2k74qPFPuAdYBouQNazBRxj97c8qAK11oEvUYISw2T_LfytzojhE&__tn__=H-R,0,0,0,0,0,0,0,0,0,0,Looks elegantes con pantalones
SILVIA MOLLER CHOQUE,https://www.facebook.com/silvia.mollerchoque,sí,,0,0,2025-05-30,/reel/1736818367211715/?s=single_unit&__cft__[0]=AZW8rQDKkZZfez89EUBWlfsTpv8YB_XWxGlXmQCQubciIHC_5BXLmwd4ZN_ITIc5GgqHk_0t-flIJmZgAtIxrTUURK0WLzbt-4ZpE0Z_tmhEJFRbnJr5K_nIPqN8Fbct07kObF3bB5XCzJ6aAEc52HR-lpY_b5EoVqESqyvTQH4qRm-dTYWQ2iLGPjmC4K6mLiU&__tn__=H-R,0,0,0,0,0,0,0,0,0,0,Jajajajajajjaja CUANTITO SIEMPRE PAGAN PARA HACER ESE SHOW???👊🏽👊🏽
SILVIA MOLLER CHOQUE,https://www.facebook.com/silvia.mollerchoque,sí,,0,0,2025-05-30,/reel/1736818367211715/?s=single_unit&__cft__[0]=AZXw3UkrjP-MpmZZTde6wk7AJSUJ1FmO1-VQRXIa-Uq3BlTbNb4DEz1hWxc17es_pEV0qe2T4bISLBVo_Z1duHdnJtu8jCnsMAtm7VGK132r7bApmXXx4Qo3-KNMeQdP5zD9OXM_bNve68mfvs1qp4fphH56kv8emnM06QsqWZ80C6otGSH-lqKQgC3fUKiidH0&__tn__=H-R,0,0,0,0,0,0,0,0,0,0,Jajajajajajjaja CUANTITO SIEMPRE PAGAN PARA HACER ESE SHOW???👊🏽👊🏽
SILVIA MOLLER CHOQUE,https://www.facebook.com/silvia.mollerchoque,sí,,0,0,2025-06-02,https://www.facebook.com/share/p/1EoKebJfER/,0,0,0,0,0,0,0,0,0,0,
SILVIA MOLLER CHOQUE,https://www.facebook.com/silvia.mollerchoque,sí,,0,0,2025-06-02,https://www.facebook.com/share/p/1CFUmmfi7c/,0,0,0,0,0,0,0,0,0,0,
SILVIA MOLLER CHOQUE,https://www.facebook.com/silvia.mollerchoque,sí,,0,0,2025-06-02,https://www.facebook.com/share/p/1DEtYtku1i/,0,0,0,0,0,0,0,0,0,0,
SILVIA MOLLER CHOQUE,https://www.facebook.com/silvia.mollerchoque,sí,,0,0,2025-06-02,https://www.facebook.com/share/p/1ESArm81BL/,0,0,0,0,0,0,0,0,0,0,
SILVIA MOLLER CHOQUE,https://www.facebook.com/silvia.mollerchoque,sí,,0,0,2025-06-02,https://www.facebook.com/share/p/16U7Z5NrUS/,0,0,0,0,0,0,0,0,0,0,
SILVIA MOLLER CHOQUE,https://www.facebook.com/silvia.mollerchoque,sí,,0,0,2025-06-02,https://www.facebook.com/share/p/1D8Ng5Ju3j/,0,0,0,0,0,0,0,0,0,0,
SILVIA MOLLER CHOQUE,https://www.facebook.com/silvia.mollerchoque,sí,,0,0,2025-06-02,https://www.facebook.com/share/p/1GiXH5TQpo/,0,0,0,0,0,0,0,0,0,0,
SILVIA MOLLER CHOQUE,https://www.facebook.com/silvia.mollerchoque,sí,,0,0,2025-06-02,https://www.facebook.com/share/p/1Nw41e2QKS/,0,0,0,0,0,0,0,0,0,0,
SILVIA MOLLER CHOQUE,https://www.facebook.com/silvia.mollerchoque,sí,,0,0,2025-06-02,https://www.facebook.com/share/p/16RVXEbR9T/,0,0,0,0,0,0,0,0,0,0,
SILVIA MOLLER CHOQUE,https://www.facebook.com/silvia.mollerchoque,sí,,0,0,2025-06-03,https://www.facebook.com/share/p/1BgES78pUj/,0,0,0,0,0,0,0,0,0,0,
SILVIA MOLLER CHOQUE,https://www.facebook.com/silvia.mollerchoque,sí,,0,0,2025-06-03,https://www.facebook.com/share/p/1Aj6kcuYJr/,0,0,0,0,0,0,0,0,0,0,
SILVIA MOLLER CHOQUE,https://www.facebook.com/silvia.mollerchoque,sí,,0,0,2025-06-03,https://www.facebook.com/share/p/19xoGhskR5/,0,0,0,0,0,0,0,0,0,0,
SILVIA MOLLER CHOQUE,https://www.facebook.com/silvia.mollerchoque,sí,,0,0,2025-06-03,https://www.facebook.com/share/p/19LRhj5EKG/,0,0,0,0,0,0,0,0,0,0,
SILVIA MOLLER CHOQUE,https://www.facebook.com/silvia.mollerchoque,sí,,0,0,2025-06-03,https://www.facebook.com/share/p/1Bq71gATXC/,0,0,0,0,0,0,0,0,0,0,
SILVIA MOLLER CHOQUE,https://www.facebook.com/silvia.mollerchoque,sí,,0,0,2025-06-03,/reel/1259381432268647/?s=single_unit&__cft__[0]=AZWEPC_dyqu6eiM9yZqYt7QFpZ_tu--xF7AK8vbZxJ8II5dFDOE3J3H7OQebTD0z9V6gM5U-MlB7Ua9jvzYS-GUfwUbDPDRZLNAiqu9qvZ-_kauFzVRnpB7HYxtJbQqFAEUPTa4ntpWxI52w6cL-VRqtzFMGFLO9j2cBOXsy0V2N_lRkZ9kksmeMcNaHNaoIRH8&__tn__=H-R,0,0,0,0,0,0,0,0,0,0,"Te aaamo, soy un idiota, te perdio pero te amo🥹❤
#LaCasaNuncaPierde #romanticStyle #IbisaProducciones"
SILVIA MOLLER CHOQUE,https://www.facebook.com/silvia.mollerchoque,sí,,0,0,2025-06-03,https://www.facebook.com/share/p/1CPgkvpMA4/,0,0,1,1,0,0,0,0,0,0,
SILVIA MOLLER CHOQUE,https://www.facebook.com/silvia.mollerchoque,sí,,0,0,2025-06-03,https://www.facebook.com/share/v/15SAi9CtgR/,2,3,18,16,0,1,0,0,0,1,
SILVIA MOLLER CHOQUE,https://www.facebook.com/silvia.mollerchoque,sí,,0,0,2025-06-03,https://www.facebook.com/share/v/16RhF2aykQ/,2,5,12,10,1,0,0,0,0,1,
SILVIA MOLLER CHOQUE,https://www.facebook.com/silvia.mollerchoque,sí,,0,0,2025-06-03,https://www.facebook.com/share/p/168UioL119/,0,0,3,3,0,0,0,0,0,0,
SILVIA MOLLER CHOQUE,https://www.facebook.com/silvia.mollerchoque,sí,,0,0,2025-06-03,https://www.facebook.com/share/p/1NRJg2qXng/,0,0,3,3,0,0,0,0,0,0,
SILVIA MOLLER CHOQUE,https://www.facebook.com/silvia.mollerchoque,sí,,0,0,2025-06-03,https://www.facebook.com/share/p/194tki9Cqc/,0,1,6,4,1,0,0,0,0,1,
SILVIA MOLLER CHOQUE,https://www.facebook.com/silvia.mollerchoque,sí,,0,0,2025-06-03,/reel/1011964344352792/?s=single_unit&__cft__[0]=AZXCVTOE0FGBbv72JB2WjeyAHOPNLAlnNocVZPra-s6fwGuY6hMQoZdTlzyAL0a_8PnjsXJdr9r7fRv0bRecgKju5WwP5HeLt7hMVAZLJm9N1kVlHMUk9TyJQaRZBglP4bwgxTxuwZyqYe6DG3s3yFg1CJqci5XeoXxTiGmnJyVcaTmOcU-p34acS3hdqPJ4DCg&__tn__=H-R,0,0,0,0,0,0,0,0,0,0,"Hay Esperanza Tuto está en acción, debemos recuperarnos de forma Urgente!. 🇧🇴 #EsConTUTOyJP"
SILVIA MOLLER CHOQUE,https://www.facebook.com/silvia.mollerchoque,sí,,0,0,2025-06-03,https://www.facebook.com/share/p/1ALsLp2YnY/,0,0,0,0,0,0,0,0,0,0,
SILVIA MOLLER CHOQUE,https://www.facebook.com/silvia.mollerchoque,sí,,0,0,2025-06-04,/reel/1627559537944782/?s=single_unit&__cft__[0]=AZXqZT5jkWgFyDAnaBv8BL6MSLPrbJhdOFGvu3_G1pjiaF-sW4W7GgLbJY5or5tfoNM9TGE_E-26XTLBJXTVdep6CfDCcXReTM0zzXFcyDN0VYDtFxViU4cYL0IRvTSWcAqS9qsjaibQ3tFVuC1UQNdfdiozh-pP0QCFnHsfhxC2GzZ4Q5D6-PRk3oLSOAVeIiE&__tn__=H-R,0,0,0,0,0,0,0,0,0,0,"#EsConTUTOyJP 🇧🇴✨️, parte 15"
SILVIA MOLLER CHOQUE,https://www.facebook.com/silvia.mollerchoque,sí,,0,0,2025-06-04,https://www.facebook.com/share/p/1EkZghQ9QH/,1,0,2,2,0,0,0,0,0,0,
SILVIA MOLLER CHOQUE,https://www.facebook.com/silvia.mollerchoque,sí,,0,0,2025-06-05,https://www.facebook.com/share/p/15dqSbEQ4d/,0,0,0,0,0,0,0,0,0,0,
SILVIA MOLLER CHOQUE,https://www.facebook.com/silvia.mollerchoque,sí,,0,0,2025-06-05,https://www.facebook.com/share/p/15WUGhSW7a/,0,0,0,0,0,0,0,0,0,0,
SILVIA MOLLER CHOQUE,https://www.facebook.com/silvia.mollerchoque,sí,,0,0,2025-06-05,https://www.facebook.com/share/p/1CSU6eakeh/,0,0,0,0,0,0,0,0,0,0,
SILVIA MOLLER CHOQUE,https://www.facebook.com/silvia.mollerchoque,sí,,0,0,2025-06-05,https://www.facebook.com/share/p/1BfoCF5ZYw/,0,0,0,0,0,0,0,0,0,0,
SILVIA MOLLER CHOQUE,https://www.facebook.com/silvia.mollerchoque,sí,,0,0,2025-06-05,https://www.facebook.com/share/p/1AVmwPH5c4/,0,0,0,0,0,0,0,0,0,0,
SILVIA MOLLER CHOQUE,https://www.facebook.com/silvia.mollerchoque,sí,,0,0,2025-06-05,https://www.facebook.com/share/p/1ZwoBt6xbs/,0,0,0,0,0,0,0,0,0,0,
