nombre perfil,url perfil,candidato identificado,creación del perfil,seguidores,seguidos,fecha post,tipo de post,url post,comparticiones,comentarios,reacciones en total,me gusta,me encanta,me divierte,me entristece,me sorprende,me enoja,me importa,contenido
Carla Sandy Claure ,https://www.facebook.com/carla.sandy.007,no,2009-01-13,10000,0,2025-06-15,post,https://www.facebook.com/share/p/1FY76fx4R9/,0,1,19,3,0,0,16,0,0,0,"Santiago 4:13-14 RVR1960
¡Vamos ahora! los que decís: Hoy y mañana iremos a tal ciudad, y estaremos allá un año, y traficaremos, y ganaremos; cuando no sabéis lo que se… Ver más"
Carla Sandy Claure ,https://www.facebook.com/carla.sandy.007,no,2009-01-13,10000,0,2025-06-15,post,https://www.facebook.com/share/p/19TEQMqZqz/,3,22,53,49,1,0,1,1,0,1,POR FIN !!!!!
Carla Sandy Claure ,https://www.facebook.com/carla.sandy.007,no,2009-01-13,10000,0,2025-06-15,post,https://www.facebook.com/share/p/19PFagZt2H/,5,2,44,42,1,0,1,0,0,0,
Carla Sandy Claure ,https://www.facebook.com/carla.sandy.007,no,2009-01-13,10000,0,2025-06-18,post,https://www.facebook.com/share/p/16UFJMVTkx/,0,0,3,3,0,0,0,0,0,0,Tomen en cuenta 
Carla Sandy Claure ,https://www.facebook.com/carla.sandy.007,no,2009-01-13,10000,0,2025-06-19,post,https://www.facebook.com/share/v/15uGcDRTJm/,1,5,13,9,4,0,0,0,0,0,Esta vez no será como ustedes quieren será como Dios lo decida . Bolivia 
Carla Sandy Claure ,https://www.facebook.com/carla.sandy.007,no,2009-01-13,10000,0,2025-06-19,post,https://www.facebook.com/share/p/1AgharfpVP/,0,0,12,7,2,2,1,0,0,0,"¿Quien ganará, David o Goliat?… Ver más"
Carla Sandy Claure ,https://www.facebook.com/carla.sandy.007,no,2009-01-13,10000,0,2025-06-21,post,https://www.facebook.com/share/p/1AyV73y8JE/,7,18,43,26,11,6,0,0,0,0,"Nota mental para mí 
 … Ver más"
Carla Sandy Claure ,https://www.facebook.com/carla.sandy.007,no,2009-01-13,10000,0,2025-06-21,post,https://www.facebook.com/share/p/1Ai8mFSnit/,3,0,40,37,2,1,0,0,0,0,
Carla Sandy Claure ,https://www.facebook.com/carla.sandy.007,no,2009-01-13,10000,0,2025-06-21,post,https://www.facebook.com/share/p/16bdvG7yDA/,3,3,52,45,7,0,0,0,0,0,"¿Y SI FUERA TU HIJA? ¿SI FUERAS VOS?
Grave violación a la intimidad de Anabel Angus y Marco Antelo sacude a Bolivia
Un nuevo escándalo digital ha remecido la conciencia colectiva de los bolivianos. Esta vez no se trata de rumores, ni de ficción, ni de una producción planeada: se trata de la intimidad violada de dos personas públicas, dos seres humanos con rostro, con historia, con familia. La periodista y ex reina de belleza Anabel A… Ver más"
Carla Sandy Claure ,https://www.facebook.com/carla.sandy.007,no,2009-01-13,10000,0,2025-06-21,post,https://www.facebook.com/share/p/1CCdKvXAin/,1,24,22,8,0,12,0,1,1,0,Cual la diferencia ?
