nombre perfil,url perfil,candidato identificado,creación del perfil,seguidores,seguidos,fecha post,tipo de post,url post,comparticiones,comentarios,reacciones en total,me gusta,me encanta,me divierte,me entristece,me sorprende,me enoja,me importa,contenido
Feminismo Comunitario Antipatriarcal,https://www.facebook.com/feminismo.comunitario.Antipatriarcal,no,2014-05-16,34000,0,2025-06-02,post,https://www.facebook.com/share/p/1C21AfsEih/,0,0,3,0,0,0,0,0,0,0,Tejeremos!!!!
Feminismo Comunitario Antipatriarcal,https://www.facebook.com/feminismo.comunitario.Antipatriarcal,no,2014-05-16,34000,0,2025-06-04,post,https://www.facebook.com/share/v/1Lo4uWPNzQ/,8,0,11,0,0,0,0,0,0,0,"!Justicia para Mery!!! Les pedimos acompañar está audiencia el LUNES 9 DE JUNIO, HRS 14: 00 Tribunal de El Alto, planta baja.… Ver más"
Feminismo Comunitario Antipatriarcal,https://www.facebook.com/feminismo.comunitario.Antipatriarcal,no,2014-05-16,34000,0,2025-06-05,post,https://www.facebook.com/share/p/1XqMLcGgaD/,0,0,4,0,0,0,0,0,0,0,#DavidChoquehuancaRepresor
Feminismo Comunitario Antipatriarcal,https://www.facebook.com/feminismo.comunitario.Antipatriarcal,no,2014-05-16,34000,0,2025-06-05,post,https://www.facebook.com/share/p/1ZGxBc9sBs/,0,0,1,0,0,0,0,0,0,0,PRESOS POLÍTICOS MAPUCHE DE LA CÁRCEL DE TEMUCO DENUNCIAN NEGATIVA DE GENDARMERÍA A LA REALIZACIÓN DE CEREMONIA DE WIÑOLTRIPANTU… Ver más
Feminismo Comunitario Antipatriarcal,https://www.facebook.com/feminismo.comunitario.Antipatriarcal,no,2014-05-16,34000,0,2025-06-07,post,https://www.facebook.com/events/1018717503705973/,0,0,0,0,0,0,0,0,0,0,
Feminismo Comunitario Antipatriarcal,https://www.facebook.com/feminismo.comunitario.Antipatriarcal,no,2014-05-16,34000,0,2025-06-07,post,https://www.facebook.com/share/p/14xduM9Snv/,0,0,1,0,0,0,0,0,0,0,"Es urgente un análisis de coyuntura desde las organizaciones, es urgente organizarnos más frente a la crisis y frente al Estado.  
 Análisis de coyuntura hoy 
7 de jun… Ver más"
Feminismo Comunitario Antipatriarcal,https://www.facebook.com/feminismo.comunitario.Antipatriarcal,no,2014-05-16,34000,0,2025-06-09,post,https://www.facebook.com/share/p/1BvLWekWS8/,4,0,10,0,0,0,0,0,0,0,"LIBERTAD PARA LOS SECUESTRADOS QUE IBAN A GAZA
El Estado de Israel genocida, el poder sionista ha secuestrado a la tripulación de la Flotilla de la Libertad que lleva… Ver más"
Feminismo Comunitario Antipatriarcal,https://www.facebook.com/feminismo.comunitario.Antipatriarcal,no,2014-05-16,34000,0,2025-06-09,post,https://www.facebook.com/share/p/16czvjBGGi/,1,0,10,0,0,0,0,0,0,0,"URGENTE audiencia, el violador quiere salir libre, 
lunes 9 de junio, 
hrs 10:00 am en la 
Sala Penal Tercera, piso 9, Tribunal Departamental, Calle Genaro Sanjinés"
Feminismo Comunitario Antipatriarcal,https://www.facebook.com/feminismo.comunitario.Antipatriarcal,no,2014-05-16,34000,0,2025-06-09,post,https://www.facebook.com/share/p/1BhxS6JEo6/,0,1,5,0,0,0,0,0,0,0,"Compañeras necesitamos su apoyo, mañana 
 9 de junio lunes, inicia el juicio oral por violación y tentativa de feminicidio contra 
#WilsonOchoPintoViolador la juez San… Ver más"
Feminismo Comunitario Antipatriarcal,https://www.facebook.com/feminismo.comunitario.Antipatriarcal,no,2014-05-16,34000,0,2025-06-10,post,https://www.facebook.com/share/p/1EKKpZBeBv/,0,0,5,0,0,0,0,0,0,0,
