nombre perfil,url perfil,candidato identificado,creación del perfil,seguidores,seguidos,fecha post,tipo de post,url post,comparticiones,comentarios,reacciones en total,me gusta,me encanta,me divierte,me entristece,me sorprende,me enoja,me importa,contenido
Sofi Rocha,https://www.facebook.com/sofi.rocha.12,no,2011-06-06,8000,2000,2025-06-26,post,https://www.facebook.com/share/p/12JVTVGwzuj/,0,1,20,8,12,0,0,0,0,0," ¡Así se celebran los cumpleaños hoy!
Con fondos que parecen salidos de una película y tú como la estrella principal.… Ver más"
Sofi Rocha,https://www.facebook.com/sofi.rocha.12,no,2011-06-06,8000,2000,2025-06-27,post,https://www.facebook.com/share/p/18tm5qkx7B/,1,7,37,27,3,6,0,1,0,0,"Una pequeña plantita se puede convertir en un frondoso y robusto árbol!!
Es lo que estamos haciendo, ahí está nuestro programa de gobierno para salvar Bolivia, pero es … Ver más"
