nombre perfil,url perfil,candidato identificado,creación del perfil,seguidores,seguidos,fecha post,tipo de post,url post,comparticiones,comentarios,reacciones en total,me gusta,me encanta,me divierte,me entristece,me sorprende,me enoja,me importa,contenido
GRISELDA FABIANA GUTIERREZ OSORIO,https://www.facebook.com/profile.php?id=61576875537258,no,2025-05-27,178,0,2025-07-24,post,https://www.facebook.com/share/p/1B1gJe3o8s/,1,0,24,22,2,0,0,0,0,0,"“Estuvimos recorriendo las comunidades más alejadas de Tarija, porque creemos que todas las voces importan y cada voto cuenta”.… Ver más"
GRISELDA FABIANA GUTIERREZ OSORIO,https://www.facebook.com/profile.php?id=61576875537258,no,2025-05-27,178,0,2025-07-28,post,https://www.facebook.com/share/v/16tKW23oWJ/,9,1,31,28,2,0,0,0,0,1,"Recorrí las comunidades del cantón Paicho: Paicho Sud, Caña Cruz, Paicho Hornos, Huayco Seco y Tuctapari. Son lugares donde he compartido muchas vivencias, donde se res… Ver más"
GRISELDA FABIANA GUTIERREZ OSORIO,https://www.facebook.com/profile.php?id=61576875537258,no,2025-05-27,178,0,2025-07-29,post,https://www.facebook.com/share/p/195cTsY5fm/,0,0,7,7,0,0,0,0,0,0,
GRISELDA FABIANA GUTIERREZ OSORIO,https://www.facebook.com/profile.php?id=61576875537258,no,2025-05-27,178,0,2025-07-29,post,https://www.facebook.com/share/p/1DP9NPRRAe/,0,0,9,9,0,0,0,0,0,0,"#VotaPorElCambio #ManfredPresidente #BoliviaTransformación
#GriseldaGutierrezSenadora #UnFuturoMejor #SumateTarija #ManfredPresidente #MedranoVicepresidente"
