nombre perfil,url perfil,snapshot_date,creación del perfil,candidato identificado,seguidores,seguidos,fecha post,tipo de post,url post,comparticiones,comentarios,reacciones en total,me gusta,me encanta,me divierte,me entristece,me sorprende,me enoja,me importa,contenido
Joshua Bellot,https://www.facebook.com/joshua.bellott,2025-06-02,2007-07-19,no,6800,1700,2025-05-29,post,https://www.facebook.com/joshua.bellott/posts/pfbid02v4gAUKcJBfiHN2vDvwKeD9ky62eraioSeWBUP9m2R2BcrNco8kZmwkkNLE3wEmmRl,0,1,,10,0,0,0,0,0,0,Medidas económicas erradas e inefectivas que profundizarán la crisis y pasarán la totalidad del costo de la misma a todos los bolivianos. Les invito a escuchar un peque… Ver más
Joshua Bellot,https://www.facebook.com/joshua.bellott,2025-06-02,2007-07-19,no,6800,1700,2025-05-29,post,2025-05-29,0,9,19,12,1,6,0,0,0,0,"EL CAPITAN ANTIINFLACIÓN DE SAMUEL 
PRIORIDAD: SAMUEL ARMA SU EQUIPO ECONÓMICO"
Joshua Bellot,https://www.facebook.com/joshua.bellott,2025-06-02,2007-07-19,no,6800,1700,2025-05-30,post,https://www.facebook.com/joshua.bellott/posts/pfbid0FsZvWqDhVvK1vA5vbk2MQu2JTtmuHzDyKpNo77WPSDiCJikx51fZfeUTjnXGEFQEl,1,1,,15,3,0,0,0,0,1,"En Cadena A, hablando acerca del informe del FMI y las medidas para acabar con la crisis 
https://www.facebook.com/share/v/1Nt1zPKU1V/"
Joshua Bellot,https://www.facebook.com/joshua.bellott,2025-06-09,2007-07-19,no,6800,1700,2025-06-07,post,https://www.facebook.com/joshua.bellott/posts/pfbid0dn1jbaoqn2e4tCsYL5x2tK7pL94bh2xYBAuaEFd2qVKhiiQaUF5bx75HrXHvfhcal,0,1,11,10,1,0,0,0,0,0,"¿Somos dueños de nuestro territorio y de los recursos naturales que hay en él?
Nuestros recursos naturales siempre pertenecieron a unos pocos... A las trans nacionales … Ver más"
Joshua Bellot,https://www.facebook.com/joshua.bellott,2025-06-09,2007-07-19,no,6800,1700,2025-06-08,post,https://www.facebook.com/joshua.bellott/posts/pfbid02GrMtTMBMDN4mnVM6eqKGJqvscUpyxG23aP7AFib9mn8DXVxFBKpHDc42ZDrQiU29l,3,12,90,79,11,0,0,0,0,0,"Me presento como candidato a la circunscripción 30, por Nueva Generación Patriótica (NGP) que postula a Jaime Dunn a la presidencia. Mi prioridad, defender los interese… Ver más"
Joshua Bellot,https://www.facebook.com/joshua.bellott,2025-06-23,2007-07-19,no,6800,1700,2025-06-23,post,https://www.facebook.com/joshua.bellott/posts/pfbid0TXbEFvwTcYRyBnNP5ppxZabfdd5CKmy5ERWsBkicQAErGayg4e8GYNEKK7SwJvRHl,11,0,5,5,0,0,0,0,0,0,Mis Propuestas para Oruro. 
Joshua Bellot,https://www.facebook.com/joshua.bellott,2025-07-01,2007-07-19,no,6800,1700,2025-06-26,post,https://www.facebook.com/joshua.bellott/posts/pfbid02JkZoKfFsHbW3KCQukDna5y4QCQbLRBEtJiD84Na3gCuzX8wwRgXKsiwrRSrUrTqJl,0,0,11,11,0,0,0,0,0,0,Se inscribió Jaime Dunn. NGP ya tiene candidato!
Joshua Bellot,https://www.facebook.com/joshua.bellott,2025-07-01,2007-07-19,no,6800,1700,2025-06-27,post,https://www.facebook.com/joshua.bellott/posts/pfbid0BAT4etwBYm6dc72GQxPDY4zyiCKadwyJkWjY9xTwiu7Yd1gMKr3aA3mRxKR7HwV2l,10,18,41,27,2,0,0,4,8,0,"Quieren evitar la candidatura de Jaime Dunn, manejando la administración estatal a su antojo.. Como siempre!!!"
Joshua Bellot,https://www.facebook.com/joshua.bellott,2025-07-01,2007-07-19,no,6800,1700,2025-06-28,post,https://www.facebook.com/joshua.bellott/posts/pfbid0snL8Wr5SLYSZrBCxrQ7w1ropr6juGgUVeSQSiK5xCGqMaqWgwYNtYWFs3bcQS5zBl,20,2,56,0,0,0,0,0,0,0,"En un evento con mujeres Cooperativistas en Oruro, y en Potosí en un Congreso de la Domingo Savio. Me encontré con mi buen amigo El Gato (DOUGLAS ROMAY) y Grover Gutierrez"
Joshua Bellot,https://www.facebook.com/joshua.bellott,2025-07-01,2007-07-19,no,6800,1700,2025-07-01,post,https://www.facebook.com/joshua.bellott/posts/pfbid09yDBxQS4xs7ZnKaWdVpcJFZKuMUiGPMV6utMjruyr1eXobWiA2Wnb8YqXPEksn9zl,0,6,18,15,0,1,0,0,1,1,"¿Quieren inhabilita a Jaime Dunn, habiendo cumplido todos los requisitos?
Pedimos solo se cumpla la Ley. Los ciudadanos ya sabemos por quien votar, solo necesitamos que sea candidato"
Joshua Bellot,https://www.facebook.com/joshua.bellott,2025-07-08,2007-07-19,no,6800,1700,2025-07-01,post,https://www.facebook.com/share/p/16tWcCLRc3/,1,17,50,46,0,2,0,0,1,1,"¿Quieren inhabilita a Jaime Dunn, habiendo cumplido todos los requisitos?
Pedimos solo se cumpla la Ley. Los ciudadanos ya sabemos por quien votar, solo necesitamos que sea candidato"
Joshua Bellot,https://www.facebook.com/joshua.bellott,2025-07-08,2007-07-19,no,6800,1700,2025-07-02,post,https://www.facebook.com/share/p/1984jpLYSH/,3,0,17,15,0,0,1,0,1,0,"Violaron los derechos de Jaime Dunn. Se cometió una injusticia!!!  Presento en este tik tok, pruebas de las ""falencias"" o manipulación política para inhabilitar a Jaime… Ver más"
Joshua Bellot,https://www.facebook.com/joshua.bellott,2025-07-08,2007-07-19,no,6800,1700,2025-07-03,post,https://www.facebook.com/share/p/1EozqeMUKz/,2,0,17,17,0,0,0,0,0,0,"Inhabilitaron a Jaime Dunn, claramente es una injusticia. Desnudaron el estado podrido y destruido y mostraron a los ciudadanos su estado de indefensión. Les invito a e… Ver más"
Joshua Bellot,https://www.facebook.com/joshua.bellott,2025-07-08,2007-07-19,no,6800,1700,2025-07-07,post,https://www.facebook.com/share/p/1A6zT4P5EV/,2,1,15,15,0,0,0,0,0,0,"Les invito a ver mi entrevista como candidato a Diputado por la C 30 de Oruro, donde hablamos de los problemas en la habilitación de Jaime Dunn, pero también sobre  la … Ver más"
Joshua Bellot,https://www.facebook.com/joshua.bellott,2025-07-15,2007-07-19,no,6800,1700,2025-07-12,post,https://www.facebook.com/share/p/1ApL5rGWKB/,2,27,61,61,0,0,0,0,0,0,"Les invito a ver mi entrevista con Jorge Richther, acerca del programa  económico de Morena. Nunca contestó nada y al final se lo digo"
Joshua Bellot,https://www.facebook.com/joshua.bellott,2025-07-15,2007-07-19,no,6800,1700,2025-07-13,post,https://www.facebook.com/share/p/1JE2prhALw/,2,4,63,61,2,0,0,0,0,0,"Les invito a escuchar Diálogo en Panamericana en el presente link. Hablamos del papel del TSE, la política actual y un poco de Economía.
https://youtu.be/zt5HYR6x8MU?si=WP2GqpN_C3RPPHOY"
