nombre perfil,url perfil,snapshot_date,creación del perfil,candidato identificado,seguidores,seguidos,fecha post,tipo de post,url post,comparticiones,comentarios,reacciones en total,me gusta,me encanta,me divierte,me entristece,me sorprende,me enoja,me importa,contenido
YENNY NADYA CLADERA SAENZ,https://www.facebook.com/yenny.claderasaenz/,2025-06-05,,sí,0,0,2025-04-17,post,https://www.facebook.com/share/p/1ATKgMobHj/,1,4,16,14,2,0,0,0,0,0,
YENNY NADYA CLADERA SAENZ,https://www.facebook.com/yenny.claderasaenz/,2025-06-05,,sí,0,0,2025-04-17,post,https://www.facebook.com/share/v/1GUmfiE4Qk/,6,6,35,28,5,0,0,0,0,2,"El Sábado 19 de Abril a partir de las 9:00 am ,los esperamos en la plaza Colón ( Cochabamba) para compartir con nosotros en la Campaña de salud  por el  DÍA MUNDIAL DEL HIGADO.
Tomemos conciencia sobre la importancia de la prevención , el diagnóstico temprano y el tratamiento oportuno  de las enfermedades hepáticas."
YENNY NADYA CLADERA SAENZ,https://www.facebook.com/yenny.claderasaenz/,2025-06-05,,sí,0,0,2025-04-18,reel,/reel/1217713966415557/?s=single_unit&__cft__[0]=AZU5DovSpt_A-Wrm3kZcplHcrxfL1t7pIbs2qkwTslWpaEl_pDBMIq98YmHEWmkELb7o2v-J0tdD-cQGJc3ZSV5HQ07-j2wGL4WtJENgXdbRp9uOjA3NLWRXbKyf2RkM-cee7Sue8XhB8D6PSixkNYLsT854NkJicgDhDQ424V3tA3HxGZIjxOmko6TtLdaenGo&__tn__=H-R,0,0,0,0,0,0,0,0,0,0,"#ElMasNuncaMas #YaSeVan 
""Más sabe el diablo por viejo que por diablo"""
YENNY NADYA CLADERA SAENZ,https://www.facebook.com/yenny.claderasaenz/,2025-06-05,,sí,0,0,2025-04-18,post,2025-04-18,217,26,161,141,17,0,0,1,0,2,
YENNY NADYA CLADERA SAENZ,https://www.facebook.com/yenny.claderasaenz/,2025-06-05,,sí,0,0,2025-05-01,post,https://www.facebook.com/share/p/1BWfW5TTYr/,17,4,40,38,1,0,0,1,0,0,¡ No importa quién encabece las encuentas si la TRANSPARENCIA DEL PROCESO ELECTORAL NO ESTÁ GARANTIZADA !
YENNY NADYA CLADERA SAENZ,https://www.facebook.com/yenny.claderasaenz/,2025-06-05,,sí,0,0,2025-05-02,post,https://www.facebook.com/share/v/196mRJEnbq/,16,4,38,37,0,0,1,0,0,0,La evidencia .
YENNY NADYA CLADERA SAENZ,https://www.facebook.com/yenny.claderasaenz/,2025-06-05,,sí,0,0,2025-05-25,reel,/reel/1020568980235887/?s=single_unit&__cft__[0]=AZUFgWb3trt9mDlbWO1rY9cggkuDnsD09GmoMR00rUDgLR6mEPdwnT3I_vBC0QCLvrNX9yh0RdxZmDWDmtmD3uwfsl_2TncW9kGcB3_NA2CK863FtYwnpjZZNGqjmnSXthePGm2YveExo7Cbbil4CdrZROKPkAwovYdaiZPOdgCaJyso89HI1YoZhwIbpgD28gA&__tn__=H-R,0,0,0,0,0,0,0,0,0,0,#ElAlto| Con lágrimas e impotencia madres y padres de familia buscan aceite y alimentos a menor costo.
YENNY NADYA CLADERA SAENZ,https://www.facebook.com/yenny.claderasaenz/,2025-06-05,,sí,0,0,2025-05-26,post,https://www.facebook.com/share/p/1M2XTvYhdo/,3,33,91,51,35,0,0,0,0,5,"En medio de la crisis,cuando todo escasea,el AMOR de una MADRE es la única riqueza que jamás se agota, es la fuerza que sostiene todo."
YENNY NADYA CLADERA SAENZ,https://www.facebook.com/yenny.claderasaenz/,2025-06-03,,sí,0,0,2025-05-31,post,https://www.facebook.com/share/v/1AWbQMVb55/,1,1,32,27,4,0,0,0,0,1,"Los bolivianos estamos cansados de este Estado indolente, ineficiente y  perverso que persigue a los emprendedores ,castigando el esfuerzo y la iniciativa privada. 
Los  bolivianos necesitamos un Estado amigable que promueva los emprendimientos,  ofreciendo un entorno favorable y seguridad jurídica para la iniciativa privada. Necesitamos un Estado eficiente y  facilitador  que remueva las trabas burocráticas ,que  no nos  asalte a través de  altísimos  impuestos  y  que más b… Ver más"
YENNY NADYA CLADERA SAENZ,https://www.facebook.com/yenny.claderasaenz/,2025-06-03,,sí,0,0,2025-05-31,post,https://www.facebook.com/share/p/1HVFSq87fr/,0,3,38,28,10,0,0,0,0,0,"Esta semana nos visitó en el INSTITUTO DE GASTROENTEROLOGÍA BOLIVIANO - JAPONÉS de Cochabamba, el Dr. CHAKRADHAR REDDY ,especialista en Gastroenterología y Hepatología ,de origen hindú, procedente de la Universidad de Miami, Florida, quién impartió varias conferencias magistrales sobre temas de actualidad en nuestra práctica diaria.
En el marco de esta visita también se desarrolló una importante reunión para establecer futuros nexos de colaboración interinstitucional en el ám… Ver más"
YENNY NADYA CLADERA SAENZ,https://www.facebook.com/yenny.claderasaenz/,2025-06-05,,sí,0,0,2025-05-31,post,https://www.facebook.com/share/p/16TsJZPD4K/,0,4,41,30,11,0,0,0,0,0,"Esta semana nos visitó en el INSTITUTO DE GASTROENTEROLOGÍA BOLIVIANO - JAPONÉS de Cochabamba, el Dr. CHAKRADHAR REDDY ,especialista en Gastroenterología y Hepatología ,de origen hindú, procedente de la Universidad de Miami, Florida, quién impartió varias conferencias magistrales sobre temas de actualidad en nuestra práctica diaria.
En el marco de esta visita también se desarrolló una importante reunión para establecer futuros nexos de colaboración interinstitucional en el ám… Ver más"
YENNY NADYA CLADERA SAENZ,https://www.facebook.com/yenny.claderasaenz/,2025-06-05,,sí,0,0,2025-05-31,post,https://www.facebook.com/share/v/1XPigQH2ZX/,1,1,34,29,4,0,0,0,0,1,"Los bolivianos estamos cansados de este Estado indolente, ineficiente y  perverso que persigue a los emprendedores ,castigando el esfuerzo y la iniciativa privada. 
Los  bolivianos necesitamos un Estado amigable que promueva los emprendimientos,  ofreciendo un entorno favorable y seguridad jurídica para la iniciativa privada. Necesitamos un Estado eficiente y  facilitador  que remueva las trabas burocráticas ,que  no nos  asalte a través de  altísimos  impuestos  y  que más b… Ver más"
YENNY NADYA CLADERA SAENZ,https://www.facebook.com/yenny.claderasaenz/,2025-06-05,,sí,0,0,2025-06-02,post,https://www.facebook.com/share/p/1GCWeTYJeU/,7,26,39,31,2,2,0,2,1,1,"EL ""OUT SIDER"" NO FIGURA EN LA ENCUESTA DE UNITEL.
ES SEÑAL DE QUE INCOMODA AL SISTEMA Y QUE :
¡ LA LIBERTAD AVANZA !"
YENNY NADYA CLADERA SAENZ,https://www.facebook.com/yenny.claderasaenz/,2025-06-03,,sí,0,0,2025-06-02,post,https://www.facebook.com/share/p/1Dv8DA8VCV/,7,34,29,22,2,2,0,2,1,0,"EL ""OUT SIDER"" NO FIGURA EN LA ENCUESTA DE UNITEL.
ES SEÑAL DE QUE INCOMODA AL SISTEMA Y QUE :
¡ LA LIBERTAD AVANZA !"
YENNY NADYA CLADERA SAENZ,https://www.facebook.com/yenny.claderasaenz/,2025-06-10,,sí,0,0,2025-06-02,post,https://www.facebook.com/share/p/19YmVrzdeK/,7,26,40,0,0,0,0,0,0,0,"EL ""OUT SIDER"" NO FIGURA EN LA ENCUESTA DE UNITEL.
ES SEÑAL DE QUE INCOMODA AL SISTEMA Y QUE :
¡ LA LIBERTAD AVANZA !"
YENNY NADYA CLADERA SAENZ,https://www.facebook.com/yenny.claderasaenz/,2025-06-10,,sí,0,0,2025-06-03,post,https://www.facebook.com/share/p/18td8vDTP9/,4,9,45,0,0,0,0,0,0,0,EL FRAUDE ELECTORAL COMIENZA DESDE EL MOMENTO EN EL QUE SE PUBLICAN ENCUESTAS TRUCHAS .
YENNY NADYA CLADERA SAENZ,https://www.facebook.com/yenny.claderasaenz/,2025-06-03,,sí,0,0,2025-06-03,post,https://www.facebook.com/share/p/16Koj2rD1c/,1,0,11,10,0,1,0,0,0,0,EL FRAUDE ELECTORAL COMIENZA DESDE EL MOMENTO EN EL QUE SE PUBLICAN ENCUESTAS TRUCHAS .
YENNY NADYA CLADERA SAENZ,https://www.facebook.com/yenny.claderasaenz/,2025-06-05,,sí,0,0,2025-06-03,post,https://www.facebook.com/share/p/1AtC6Uwnrq/,4,9,45,42,0,1,0,0,1,1,EL FRAUDE ELECTORAL COMIENZA DESDE EL MOMENTO EN EL QUE SE PUBLICAN ENCUESTAS TRUCHAS .
YENNY NADYA CLADERA SAENZ,https://www.facebook.com/yenny.claderasaenz/,2025-06-10,,sí,0,0,2025-06-04,post,https://www.facebook.com/share/p/1ATtmrBrM6/,10,8,48,0,0,0,0,0,0,0,"COCHABAMBA, REHÉN DE LA AMBICIÓN DE UN DESQUICIADO .
¿GOBIERNO, PORQUÉ NO EJECUTA LA ORDEN DE APREHENSIÓN .
¿MIEDO O COMPLICIDAD?"
YENNY NADYA CLADERA SAENZ,https://www.facebook.com/yenny.claderasaenz/,2025-06-05,,sí,0,0,2025-06-04,post,https://www.facebook.com/share/p/1BZdhnnNac/,7,8,43,37,1,0,1,4,0,0,"COCHABAMBA REHEN DE LA AMBICIÓN DE UN DESQUICIADO .
¿GOBIERNO, PORQUÉ NO EJECUTA LA ORDEN DE APREHENSIÓN .
¿MIEDO O COMPLICIDAD?"
YENNY NADYA CLADERA SAENZ,https://www.facebook.com/yenny.claderasaenz/,2025-06-10,,sí,0,0,2025-06-06,post,https://www.facebook.com/share/p/15pdvPDyuz/,3,8,49,0,0,0,0,0,0,0,"Gracias por encender mentes,inspirar corazones y sembrar el futuro con cada lección.
¡ Feliz Día del Maestro!"
YENNY NADYA CLADERA SAENZ,https://www.facebook.com/yenny.claderasaenz/,2025-06-10,,sí,0,0,2025-06-07,post,https://www.facebook.com/share/p/1CULFmLy7w/,2,8,45,0,0,0,0,0,0,0,"A PESAR DE LOS COBARDES ATAQUES CONTRA EL PERSONAL DE SALUD, LOS CERCOS CRIMINALES Y LA VIOLENCIA ,
¡BOLIVIA DICE NO!"
YENNY NADYA CLADERA SAENZ,https://www.facebook.com/yenny.claderasaenz/,2025-06-10,,sí,0,0,2025-06-07,post,https://www.facebook.com/share/p/19BTVzWkUs/,7,11,60,0,0,0,0,0,0,0,"El salvaje y cobarde ataque contra el sector salud, es un CRIMEN contra nuestros médicos y enfermeras y atenta contra el derecho a la
VIDA de todos los bolivianos."
YENNY NADYA CLADERA SAENZ,https://www.facebook.com/yenny.claderasaenz/,2025-06-05,,sí,0,0,2025-10-28,reel,/reel/1758896414947966/?s=single_unit&__cft__[0]=AZXnbpj1P_pqZ308asEEMh6scRk7fZitzdPofbrr5f_cI9lEhImA0YZjR807HinRr-L3faWTZ51n7-Go8-3YMIyzqcITJf9Rs-c36al4dVhVdWP9AtvDsbZA_NeAC328iwv9F4SF4LUbu_kYJ9vzKY-dnPeP-voWVvnpmA-UUFAe52ZfqU3rl8HtOcD14JykC28&__tn__=H-R,0,0,0,0,0,0,0,0,0,0,😉
