nombre perfil,url perfil,candidato identificado,creación del perfil,seguidores,seguidos,fecha post,tipo de post,url post,comparticiones,comentarios,reacciones en total,me gusta,me encanta,me divierte,me entristece,me sorprende,me enoja,me importa,contenido
Ana Lucía Velasco,https://www.facebook.com/anavelascou,no,2007-09-02,2000,0,2025-02-10,post,https://www.facebook.com/anavelascou/posts/pfbid02W6yxwRvUbatHK7KZt9JoFx1u3nmUugax7ZUtWNC7XhwtgEtqZLnHEnBY4VvLkvMql,1,0,8,0,0,0,0,0,0,0,"Es probable que, más que la posibilidad de enfermarnos, el poder sea capaz de volvernos adictos.
Aquí lo explico un poquito"
Ana Lucía Velasco,https://www.facebook.com/anavelascou,no,2007-09-02,2000,0,2025-02-14,post,https://www.facebook.com/share/p/1SSw7nv4Mu/,0,0,9,0,0,0,0,0,0,0,Dejemos de pensar que las cosas se van a resolver fácil o rápidamente. Nuestro problema es ESTRUCTURAL.
Ana Lucía Velasco,https://www.facebook.com/anavelascou,no,2007-09-02,2000,0,2025-02-22,post,https://www.facebook.com/anavelascou/posts/pfbid0eftbc2WHx6Z58TfKZAxuDdw5zLq9UTS76oGz1n1gE12VkdfWDnxbU7aDzPoeynkxl,1,0,10,0,0,0,0,0,0,0,"Mientras más intentas convencer a alguien, más se aferrará a sus ideas. Es por eso que ahora en el mundo estamos en un péndulo esquizofrénico entre izquierdas y derecha… Ver más"
Ana Lucía Velasco,https://www.facebook.com/anavelascou,no,2007-09-02,2000,0,2025-02-24,post,https://www.facebook.com/anavelascou/posts/pfbid0jcnUoCZ8wNkm2v2EpCn6schAQLEyrMpyRH5UhC1jYDwow92iCTmhyTAaBNqy2Yuml,0,0,0,0,0,0,0,0,0,0,¡Oigan! Acabo de encontrar algo en lo que somos número 1 
Ana Lucía Velasco,https://www.facebook.com/anavelascou,no,2007-09-02,2000,0,2025-02-27,post,https://www.facebook.com/share/p/1AubjNW5HK/,1,0,2,0,0,0,0,0,0,0,Par favaaaaar
Ana Lucía Velasco,https://www.facebook.com/anavelascou,no,2007-09-02,2000,0,2025-03-04,post,https://www.facebook.com/anavelascou/posts/pfbid02CCPrU4PmoWSH4rzzwWAQyYX7c7d6diAZZN2JnY83XrJKpt9P1WNPcRCEYACzoqanl,0,23,42,0,0,0,0,0,0,0,"¡Mil gracias a todos los que se dieron unos minutos para acordarse de mi y felicitarme! 
Los quiero mucho y gracias por hacer de mi cumpleaños más especial, con cada uno de sus mensajes."
Ana Lucía Velasco,https://www.facebook.com/anavelascou,no,2007-09-02,2000,0,2025-03-07,post,https://www.facebook.com/share/p/1C5gZtwdoi/,2,12,28,0,0,0,0,0,0,0,Esto respondió el presidente del FPV cuando le preguntaron sobre las denuncias de ped***lia de Evo Morales…… Ver más
Ana Lucía Velasco,https://www.facebook.com/anavelascou,no,2007-09-02,2000,0,2025-03-09,post,https://www.facebook.com/anavelascou/posts/pfbid02v51VGzBvtPbc7xGchZo5P6mK1Lrw73AyvfKYMJ8XyNoxEwT1uzoAvxYa5qoA5Nrsl,0,0,21,0,0,0,0,0,0,0,"La estrategia de “votar por el menos peor y esperar lo mejor” no va a ser suficiente este año, amigos. 
Las propuestas van a tener que salir de la sociedad si queremos … Ver más"
Ana Lucía Velasco,https://www.facebook.com/anavelascou,no,2007-09-02,2000,0,2025-03-10,post,https://www.facebook.com/share/p/1HFwBmCR5b/,2,2,18,0,0,0,0,0,0,0,A esto justamente me refería cuando decía que nuestros políticos PIENSAN EN PEQUEÑO
Ana Lucía Velasco,https://www.facebook.com/anavelascou,no,2007-09-02,2000,0,2025-03-11,post,https://www.facebook.com/share/v/16K1q9obny/,19,17,72,0,0,0,0,0,0,0,"Les propongo un juego, no muy divertido, pero urgente (miren el video)… Ver más"
Ana Lucía Velasco,https://www.facebook.com/anavelascou,no,2007-09-02,2000,0,2025-03-14,post,https://www.facebook.com/share/p/1DZhQ3XNEh/,0,1,45,0,0,0,0,0,0,0,"Mamita bella, gracias a tu vida yo tengo la mía. Por eso hoy celebro y festejo tu cumpleaños llena de agradecimiento con el universo por haberme dado a la mejor mamá ¡t… Ver más"
Ana Lucía Velasco,https://www.facebook.com/anavelascou,no,2007-09-02,2000,0,2025-03-18,post,https://www.facebook.com/share/v/1EQAbzj3Gs/,10,19,77,0,0,0,0,0,0,0,"Vengo a pedirles 7 minutos de su tiempo, a Ud. no le hace ni rico ni pobre y yo podré explicar por qué creo que si los candidatos no se ponen a la altura de las circuns… Ver más"
Ana Lucía Velasco,https://www.facebook.com/anavelascou,no,2007-09-02,2000,0,2025-03-19,post,https://www.facebook.com/share/p/1Ai1yhVZ7C/,0,6,39,0,0,0,0,0,0,0,"Hace 7 años escribí un texto en honor a mi papá y a mi esposo por el día del padre. Permítanme recompartirlo aquí (un poco editado) para poder volver a mostrarles cuánto los amo y los valoro. Gracias Jose Velasco y Gaston Ferreyra por ser hombres gigantes en mi vida, en la de mi hijo, de mis hermanas y mis sobrinos.
La Paternidad Invisible
Yo tengo un padre excepcional. En cada recuerdo que tengo de mi infancia, él está presente. Nu… Ver más"
Ana Lucía Velasco,https://www.facebook.com/anavelascou,no,2007-09-02,2000,0,2025-03-22,post,https://www.facebook.com/anavelascou/posts/pfbid02FrUqse66hKZ43fd34JAB8tBtBDovqpiRtUqKmjDURwUz3LByGmES6VTjTUDfFQ4dl,0,2,7,0,0,0,0,0,0,0,
Ana Lucía Velasco,https://www.facebook.com/anavelascou,no,2007-09-02,2000,0,2025-03-28,post,https://www.facebook.com/share/p/1LmF9mfFZa/,15,18,95,0,0,0,0,0,0,0,Pequeño y rápido TIP que nadie me pidió para hacer encuestas preelectorales:… Ver más
Ana Lucía Velasco,https://www.facebook.com/anavelascou,no,2007-09-02,2000,0,2025-03-31,post,https://www.facebook.com/anavelascou/posts/pfbid024mLqyN6RNKbSb61zGMPovM1iu62NZASfGepEL6Mjy5b6hWXYNmfGYokwoh4BWMKNl,3,14,34,0,0,0,0,0,0,0,"Hace unas semanas hice un video con una premisa básica: más que un genio de la economía, necesitamos un genio de la política. Un genio de la democracia y de los consens… Ver más"
Ana Lucía Velasco,https://www.facebook.com/anavelascou,no,2007-09-02,2000,0,2025-03-31,post,https://www.facebook.com/share/p/16Qsb6SBU5/,3,2,20,0,0,0,0,0,0,0,"Me hicieron una entrevista sobre las encuestas electorales para Bolivia Verifica. Pase jóven, señorita a leer…"
Ana Lucía Velasco,https://www.facebook.com/anavelascou,no,2007-09-02,2000,0,2025-04-01,post,https://www.facebook.com/share/p/16VzUGcDyX/,0,16,51,0,0,0,0,0,0,0,"“Estamos Volviendo Obligados” a veeeeer 
Yo… Ver más"
Ana Lucía Velasco,https://www.facebook.com/anavelascou,no,2007-09-02,2000,0,2025-04-04,post,https://www.facebook.com/share/p/195zaF7YY4/,3,20,44,0,0,0,0,0,0,0,Tuto nunca disimuló. … Ver más
Ana Lucía Velasco,https://www.facebook.com/anavelascou,no,2007-09-02,2000,0,2025-04-06,post,https://www.facebook.com/share/p/194xo8ZPdS/,1,1,17,0,0,0,0,0,0,0,
Ana Lucía Velasco,https://www.facebook.com/anavelascou,no,2007-09-02,2000,0,2025-04-07,post,https://www.facebook.com/share/p/16eud3vEbJ/,2,2,12,0,0,0,0,0,0,0,
Ana Lucía Velasco,https://www.facebook.com/anavelascou,no,2007-09-02,2000,0,2025-04-15,post,https://www.facebook.com/share/p/19M9CMCWa7/,1,2,4,0,0,0,0,0,0,0,
Ana Lucía Velasco,https://www.facebook.com/anavelascou,no,2007-09-02,2000,0,2025-04-18,post,https://www.facebook.com/share/p/1KubYjF2kk/,1,5,42,0,0,0,0,0,0,0,Me encanta la indignación del Chichi Siles… es como si dijera “¿Quién se cree este Dunn para portarse exactamente igual a como nosotros nos hemos comportado siempre. Un… Ver más
Ana Lucía Velasco,https://www.facebook.com/anavelascou,no,2007-09-02,2000,0,2025-04-23,post,https://www.facebook.com/share/p/1EdvMoUJaV/,0,28,24,0,0,0,0,0,0,0,-5
Ana Lucía Velasco,https://www.facebook.com/anavelascou,no,2007-09-02,2000,0,2025-04-24,post,https://www.facebook.com/share/p/1ETVmAEgTY/,0,1,5,0,0,0,0,0,0,0,
Ana Lucía Velasco,https://www.facebook.com/anavelascou,no,2007-09-02,2000,0,2025-04-28,post,https://www.facebook.com/share/p/158Xn6Uhn29/,5,2,13,0,0,0,0,0,0,0,
Ana Lucía Velasco,https://www.facebook.com/anavelascou,no,2007-09-02,2000,0,2025-05-01,post,https://www.facebook.com/anavelascou/posts/pfbid0252JbytrSiJr65JX3bSFmDT1XzcuCaAR8zEqgC4ZiaswyKtT5oRwuDgKuDr28JG5ql,16,9,27,0,0,0,0,0,0,0,"Después de que aparecieran fotos y videos del Evo con un grupo religioso esta semana, ví un montón de información bien confusa al respecto. Así que he investigado un po… Ver más"
Ana Lucía Velasco,https://www.facebook.com/anavelascou,no,2007-09-02,2000,0,2025-05-05,post,https://www.facebook.com/anavelascou/posts/pfbid0AGtjXbM9CxMtMxcNy5By3oGYuTjoqDCS9wWuRv7sKRPmbwmrWozuJfKSuGymdzD1l,0,0,5,0,0,0,0,0,0,0,
Ana Lucía Velasco,https://www.facebook.com/anavelascou,no,2007-09-02,2000,0,2025-05-10,post,https://www.facebook.com/share/p/1AwBm37SMP/,0,6,41,0,0,0,0,0,0,0,"¿Ubican que se han puesto de moda esos memes italianos raros con imágenes locas creadas por IA? Un cocodrilo-avión, un gato-pez, etcétera.
El Lorenzo está obsesionado c… Ver más"
Ana Lucía Velasco,https://www.facebook.com/anavelascou,no,2007-09-02,2000,0,2025-05-14,post,https://www.facebook.com/anavelascou/posts/pfbid022wJMGaFFvJU63bfMRw3eiupPmP7ZyUa1eSyypixmcHtyPbfK872ER7nyH3GQLqBJl,6,3,71,0,0,0,0,0,0,0,"Lo único que sé a estas alturas es que tanto cálculo político va a terminar agotando a la gente.
Y no es que no sepamos que “la política es así”. Todos sabemos que la política involucra un ajedrez de intereses y estrategias.
Pero SOLO cálculo político… sin proyecto, sin horizonte, sin propósito termina hundiéndote en el cinismo y en la desesperanza. … Ver más"
Ana Lucía Velasco,https://www.facebook.com/anavelascou,no,2007-09-02,2000,0,2025-05-16,post,https://www.facebook.com/share/p/1ByxDCQcjn/,0,1,10,0,0,0,0,0,0,0,"Las cosas están feas por Sopocachi. 
La seguridad de la gente es primero. … Ver más"
Ana Lucía Velasco,https://www.facebook.com/anavelascou,no,2007-09-02,2000,0,2025-05-17,post,https://www.facebook.com/anavelascou/posts/pfbid02fZsav3DkaijHv3bv1XbwmcWJzUahKRBmJw7Uwz7WXAcdFvxQcCKTXi4KNGLvyEqSl,0,2,18,0,0,0,0,0,0,0,¡Volvimos en forma de figurita! 
Ana Lucía Velasco,https://www.facebook.com/anavelascou,no,2007-09-02,2000,0,2025-05-17,post,https://www.facebook.com/anavelascou/posts/pfbid02LYrJb6Q23oojpjwwGuBxvQy2CER3P8ou8GhVsGnWhhoAWDwDK1DBZEXj65Y3bvknl,3,4,14,0,0,0,0,0,0,0,https://youtu.be/Wk7o1T-XFbU?si=32qre8dzBBnJTTHu… Ver más
Ana Lucía Velasco,https://www.facebook.com/anavelascou,no,2007-09-02,2000,0,2025-05-21,post,https://www.facebook.com/anavelascou/posts/pfbid02t7Kbn1WYTCruj5ZQ7iAjVcE3vvW6BXsdksKiFDw4immngkc5DjnN4sXKQ3GAvcg9l,4,1,60,0,0,0,0,0,0,0,"No lo digo yo, lo dice… ah bueno, en verdad sí lo digo yo: este es uno de los escenarios electorales más complicados que nos ha tocado enfrentar como país.… Ver más"
Ana Lucía Velasco,https://www.facebook.com/anavelascou,no,2007-09-02,2000,0,2025-05-23,post,https://www.facebook.com/share/p/16e1e3Jr6q/,0,0,28,0,0,0,0,0,0,0,"Totalmente cierto… la gente puede renegar y criticar, pero luego igual no más va y vota por ese contra el que renegó. … Ver más"
Ana Lucía Velasco,https://www.facebook.com/anavelascou,no,2007-09-02,2000,0,2025-05-24,post,https://www.facebook.com/anavelascou/posts/pfbid02USzEtX9gQFKBKaunfKrM67hPExgoK5ZKkfbLypym29MZCPut2qG3DNXCzLx99d7yl,1,9,16,0,0,0,0,0,0,0,El Rafa López V. comparte esta herramienta. Así me he enterado que cargarle full al tanque de mi suzuki swift me costaría más de 700bs al tipo de cambio actual y sin su… Ver más
Ana Lucía Velasco,https://www.facebook.com/anavelascou,no,2007-09-02,2000,0,2025-05-25,post,https://www.facebook.com/share/p/1HdZD8ZRNx/,5,13,74,0,0,0,0,0,0,0,Querida Bolivia:… Ver más
Ana Lucía Velasco,https://www.facebook.com/anavelascou,no,2007-09-02,2000,0,2025-05-26,post,https://www.facebook.com/share/p/163G4qCnPa/,0,5,23,0,0,0,0,0,0,0,"Dejar fuera de la competencia electoral a ciertos candidatos con chicanas legales es preparar el escenario para el desastre mismo. 
Necesitamos más que nunca un gobierno legítimo que tome las decisiones necesarias en épocas duras. Esas decisiones van a requerir mucho apoyo y eso no se va a lograr si en las elecciones sólo participan unos cuántos."
Ana Lucía Velasco,https://www.facebook.com/anavelascou,no,2007-09-02,2000,0,2025-05-28,post,https://www.facebook.com/share/p/19AmefTgZq/,0,10,86,0,0,0,0,0,0,0,¡Vean FIDES! Estoy por entrevistarlo al Tuto 
Ana Lucía Velasco,https://www.facebook.com/anavelascou,no,2007-09-02,2000,0,2025-05-29,post,https://www.facebook.com/share/p/1EdKdr3v8x/,3,20,113,0,0,0,0,0,0,0,"Ahí les comparto amigos la entrevista que pude hacerle al Tuto, junto con John Arandia. 
¡Gracias FIDES por invitarme!"
Ana Lucía Velasco,https://www.facebook.com/anavelascou,no,2007-09-02,2000,0,2025-06-01,post,https://www.facebook.com/share/p/1BqCsBURBn/,14,11,32,0,0,0,0,0,0,0,Estamos comenzando a preocupar a nuestros vecinos…… Ver más
Ana Lucía Velasco,https://www.facebook.com/anavelascou,no,2007-09-02,2000,0,2025-06-02,post,https://www.facebook.com/anavelascou/posts/pfbid02KigvmiZQe6rNVxkJQNAfva9LQ6oCrm4muqYV9rdVjpmvJRLnXUFm71zwYvaF9m1Ul,3,20,27,0,0,0,0,0,0,0,Lo que veo en la encuesta de CIES MORI:… Ver más
Ana Lucía Velasco,https://www.facebook.com/anavelascou,no,2007-09-02,2000,0,2025-06-07,post,https://www.facebook.com/share/p/1GNR2R4qU7/,3,15,42,0,0,0,0,0,0,0,"Esta es una de las cosas que me quitan el sueño, les confieso.
No solo no tenemos gas para vender fuera y llenar las arcas del Estado, pronto no tendremos gas para gene… Ver más"
Ana Lucía Velasco,https://www.facebook.com/anavelascou,no,2007-09-02,2000,0,2025-06-07,post,https://www.facebook.com/share/p/19MR49HD2y/,2,4,10,0,0,0,0,0,0,0,
Ana Lucía Velasco,https://www.facebook.com/anavelascou,no,2007-09-02,2000,0,2025-06-10,post,https://www.facebook.com/share/p/1JX2K2NLdz/,2,1,8,0,0,0,0,0,0,0,
Ana Lucía Velasco,https://www.facebook.com/anavelascou,no,2007-09-02,2000,0,2025-06-11,post,https://www.facebook.com/share/p/1C7yXvfnHp/,0,0,18,0,0,0,0,0,0,0,
Ana Lucía Velasco,https://www.facebook.com/anavelascou,no,2007-09-02,2000,0,2025-06-11,post,https://www.facebook.com/share/p/1QEoVMR92c/,9,0,33,0,0,0,0,0,0,0,Se tenía que decir…
