nombre perfil,url perfil,candidato identificado,creación del perfil,seguidores,seguidos,fecha post,tipo de post,url post,comparticiones,comentarios,reacciones en total,me gusta,me encanta,me divierte,me entristece,me sorprende,me enoja,me importa,contenido
SALMA TOBIAS PAZ,https://www.facebook.com/salma.tobias,no,2012-02-11,4100,622,2025-07-22,post,https://www.facebook.com/share/v/1EpCAKZvyx/,5,0,12,11,1,0,0,0,0,0,"VOTA ASI!!!!
Salma Tobias Paz Diputada C-59   
 
 
#Espe… Ver más"
SALMA TOBIAS PAZ,https://www.facebook.com/salma.tobias,no,2012-02-11,4100,622,2025-07-22,post,https://www.facebook.com/share/v/1CGhVHn9VQ/,2,0,16,14,2,0,0,0,0,0,#PrimerDebatePresidencial #100diascarajo #SamuelPresidente #salmadiputadac59 #alianzaunidad #UnidosPorElBeni
SALMA TOBIAS PAZ,https://www.facebook.com/salma.tobias,no,2012-02-11,4100,622,2025-07-22,post,https://www.facebook.com/share/p/1ANZ7dnANT/,16,0,35,28,6,0,0,0,0,1,#salmadiputadac59 #alianzaunidad #SamuelPresidente #UnidosPorElBeni #AlianzaJuvenil #salmac59 #políticaconalma
SALMA TOBIAS PAZ,https://www.facebook.com/salma.tobias,no,2012-02-11,4100,622,2025-07-22,post,https://www.facebook.com/share/p/1DqTxfJ5CB/,10,0,16,14,2,0,0,0,0,0,#salmadiputadac59 #SamuelPresidente #AlianzaJuvenil #alianzaunidad
SALMA TOBIAS PAZ,https://www.facebook.com/salma.tobias,no,2012-02-11,4100,622,2025-07-22,post,https://www.facebook.com/share/v/19SJJXvFiw/,6,3,44,31,12,0,0,0,0,1,"‎¡Hoy celebramos una nueva vida!
‎… Ver más"
SALMA TOBIAS PAZ,https://www.facebook.com/salma.tobias,no,2012-02-11,4100,622,2025-07-23,post,https://www.facebook.com/share/p/1CGRXzQG2U/,0,0,11,11,0,0,0,0,0,0,
SALMA TOBIAS PAZ,https://www.facebook.com/salma.tobias,no,2012-02-11,4100,622,2025-07-23,post,https://www.facebook.com/share/p/1G3uYLsXaK/,4,2,32,23,9,0,0,0,0,0," FELIZ DÍA DE LA AMISTAD 
De parte de Salma Tobías Paz, Diputada C-59, y Sealtiel Casanovas Suplente :… Ver más"
SALMA TOBIAS PAZ,https://www.facebook.com/salma.tobias,no,2012-02-11,4100,622,2025-07-24,post,https://www.facebook.com/share/p/1645PUvgBo/,10,0,25,16,6,0,0,0,0,3," GRACIAS SIERRA MORENA Y LOS TAJIBOS
… Ver más"
SALMA TOBIAS PAZ,https://www.facebook.com/salma.tobias,no,2012-02-11,4100,622,2025-07-24,post,https://www.facebook.com/share/p/1CdW2Uppfp/,0,0,8,6,2,0,0,0,0,0,
SALMA TOBIAS PAZ,https://www.facebook.com/salma.tobias,no,2012-02-11,4100,622,2025-07-25,post,https://www.facebook.com/share/p/19wWTQPUzi/,1,0,8,6,2,0,0,0,0,0,
SALMA TOBIAS PAZ,https://www.facebook.com/salma.tobias,no,2012-02-11,4100,622,2025-07-25,post,https://www.facebook.com/share/p/15h4bh7qgR/,19,0,37,27,10,0,0,0,0,0,"¡¡Gracias Perla Turistica Rurrenabaque: tierra de gente valiente y de corazón generoso!!
‎
‎… Ver más"
SALMA TOBIAS PAZ,https://www.facebook.com/salma.tobias,no,2012-02-11,4100,622,2025-07-25,post,https://www.facebook.com/share/p/19ijfnsaEN/,9,1,9,0,0,0,0,0,0,0,"‎¡Gracias querido pueblo de Los Santos Reyes por tanto cariño y compromiso!
‎… Ver más"
SALMA TOBIAS PAZ,https://www.facebook.com/salma.tobias,no,2012-02-11,4100,622,2025-07-25,post,https://www.facebook.com/share/p/1RzUY79a5E/,1,0,9,8,1,0,0,0,0,0,
SALMA TOBIAS PAZ,https://www.facebook.com/salma.tobias,no,2012-02-11,4100,622,2025-07-25,post,https://www.facebook.com/share/p/1As7hdP3jq/,22,3,25,22,3,0,0,0,0,0,Este 17 de agosto TÚ voto es por Samuel Doria Medina  para Presidente y por Salma Tobias Paz Diputada C-59 … Ver más
SALMA TOBIAS PAZ,https://www.facebook.com/salma.tobias,no,2012-02-11,4100,622,2025-07-26,post,https://www.facebook.com/share/p/1CcvMfZbLB/,6,1,21,14,7,0,0,0,0,0,"Muchas felicidades  querido Onofre Arias, nuestro apreciado ""Koki""
 ¡Feliz cumpleaños, querido Koki! ¡Seguimos caminando juntos con fe, con valor y con la certeza de qu… Ver más"
SALMA TOBIAS PAZ,https://www.facebook.com/salma.tobias,no,2012-02-11,4100,622,2025-07-26,post,https://www.facebook.com/share/v/19aAP2SWvY/,12,3,25,19,5,0,0,0,0,1," ¡VOTA ASÍ! 
Por un futuro con esperanza, firmeza y compromiso con 
el… Ver más"
SALMA TOBIAS PAZ,https://www.facebook.com/salma.tobias,no,2012-02-11,4100,622,2025-07-26,post,https://www.facebook.com/share/v/19bQg8qqoD/,2,2,22,0,0,0,0,0,0,0,"‎Muchas felicidades  querido Onofre Arias, nuestro apreciado ""Koki"":
‎… Ver más"
SALMA TOBIAS PAZ,https://www.facebook.com/salma.tobias,no,2012-02-11,4100,622,2025-07-26,post,https://www.facebook.com/share/p/1CKkanGA66/,11,0,22,16,6,0,0,0,0,0, Hoy quiero contarles una anécdota hermosa que vivimos en la zona El Tejar…… Ver más
SALMA TOBIAS PAZ,https://www.facebook.com/salma.tobias,no,2012-02-11,4100,622,2025-07-27,post,https://www.facebook.com/share/v/1PZV7b3ZjF/,6,0,12,8,4,0,0,0,0,0,"""Un pueblo sin memoria es un pueblo sin alma.""… Ver más"
SALMA TOBIAS PAZ,https://www.facebook.com/salma.tobias,no,2012-02-11,4100,622,2025-07-27,post,https://www.facebook.com/share/v/16z8tPoawD/,7,1,16,9,6,0,0,0,0,1, Hoy quiero contarles una anécdota hermosa que vivimos en la zona El Tejar…… Ver más
SALMA TOBIAS PAZ,https://www.facebook.com/salma.tobias,no,2012-02-11,4100,622,2025-07-27,post,https://www.facebook.com/share/v/1CJJ8a75gX/,6,2,38,0,0,0,0,0,0,0,"¡¡¡""La Ola de Unidad Continúa""!!!  Salma Tobias Paz Diputada C-59 
Samuel Doria Medina Presidente … Ver más"
SALMA TOBIAS PAZ,https://www.facebook.com/salma.tobias,no,2012-02-11,4100,622,2025-07-28,post,https://www.facebook.com/share/p/1AqtMHQxpU/,0,0,2,1,1,0,0,0,0,0,
SALMA TOBIAS PAZ,https://www.facebook.com/salma.tobias,no,2012-02-11,4100,622,2025-07-28,post,https://www.facebook.com/share/p/16hBE4g25L/,4,1,13,9,4,0,0,0,0,0,
SALMA TOBIAS PAZ,https://www.facebook.com/salma.tobias,no,2012-02-11,4100,622,2025-07-28,post,https://www.facebook.com/share/p/1CQYqLenGA/,0,0,2,0,0,0,0,0,0,0,
SALMA TOBIAS PAZ,https://www.facebook.com/salma.tobias,no,2012-02-11,4100,622,2025-07-28,post,https://www.facebook.com/share/p/19U6A5gYhb/,11,6,44,0,0,0,0,0,0,0,"‎
 ¡Hoy quiero compartir con ustedes una jornada inolvidable en Yucumo! 
‎
‎… Ver más"
SALMA TOBIAS PAZ,https://www.facebook.com/salma.tobias,no,2012-02-11,4100,622,2025-07-28,post,https://www.facebook.com/share/v/19VMpJMzRX/,6,2,30,24,6,0,0,0,0,0,"¡¡GRACIAS PUEBLO DE YUCUMO!!!
#samuelylupo #PepeRocaSenador #salmadiputadac59 #sealtielcasanovas #alianzaunidad #SolucionesParaBolivia #Yucumo"
SALMA TOBIAS PAZ,https://www.facebook.com/salma.tobias,no,2012-02-11,4100,622,2025-07-29,post,https://www.facebook.com/share/p/1FR5d47rLE/,1,0,12,11,1,0,0,0,0,0,
SALMA TOBIAS PAZ,https://www.facebook.com/salma.tobias,no,2012-02-11,4100,622,2025-07-29,post,https://www.facebook.com/share/v/1DsEDra5aH/,5,0,17,14,3,0,0,0,0,0,Momento cuando abrimos las puertas de la esperanza y la unidad en la tierra de  nuestro hermoso pueblo de Yucumo!!!… Ver más
SALMA TOBIAS PAZ,https://www.facebook.com/salma.tobias,no,2012-02-11,4100,622,2025-07-29,post,https://www.facebook.com/share/v/16z6B9CDMS/,3,0,12,11,1,0,0,0,0,0,"Gracias Juventud de Yucumo comprometida por apostar al proyecto de Alianza Unidad!!!
#samu… Ver más"
SALMA TOBIAS PAZ,https://www.facebook.com/salma.tobias,no,2012-02-11,4100,622,2025-07-29,post,https://www.facebook.com/share/v/1AmQdsZzcb/,2,0,13,11,2,0,0,0,0,0,¡¡Momentos Inolvidables en nuestro hermoso pueblo de Yucumo!!… Ver más
