nombre perfil,url perfil,creación del perfil,seguidores,seguidos,fecha post,url post,comparticiones,reacciones en total,me gusta,me encanta,me divierte,me entristece,me sorprende,me enoja,me importa,contenido
Cinthia Guidi,https://www.facebook.com/profile.php?id=100089615726605,,3475,0,2025-06-01,https://www.facebook.com/share/v/16BmAvbjWP/,373,,353,10,10,1,5,6,0,
Cinthia Guidi,https://www.facebook.com/profile.php?id=100089615726605,,3475,0,2025-06-01,https://www.facebook.com/share/p/18yYVTZXo8/,3,,0,0,0,0,0,0,0,Evo está legalmente habilitado
Cinthia Guidi,https://www.facebook.com/profile.php?id=100089615726605,,3475,0,2025-06-01,https://www.facebook.com/share/p/1Dzqm6EFXd/,0,,2,0,0,0,0,0,0,
Cinthia Guidi,https://www.facebook.com/profile.php?id=100089615726605,,3475,0,2025-06-02,https://www.facebook.com/share/p/1Qbd9HAo8Y/,8,,0,0,0,0,0,0,0,
