nombre perfil,url perfil,snapshot_date,creación del perfil,candidato identificado,seguidores,seguidos,fecha post,tipo de post,url post,comparticiones,comentarios,reacciones en total,me gusta,me encanta,me divierte,me entristece,me sorprende,me enoja,me importa,contenido
Natalia Aparicio,https://www.facebook.com/la.aparicioooo,2025-06-12,2009-06-04,no,6600,0,2025-02-04,post,https://www.facebook.com/la.aparicioooo/posts/pfbid0sEed4RrNxbWwXykVPC2u9uw8dduDuzxiK6FYn9HDbwviaD4hXWyHcThXZHhCmU6Sl,0,0,1,0,0,0,0,0,0,0,
Natalia Aparicio,https://www.facebook.com/la.aparicioooo,2025-06-12,2009-06-04,no,6600,0,2025-02-18,post,https://www.facebook.com/share/p/15jpPuuxmt/,1,0,3,0,0,0,0,0,0,0,
Natalia Aparicio,https://www.facebook.com/la.aparicioooo,2025-06-12,2009-06-04,no,6600,0,2025-02-19,post,https://www.facebook.com/share/p/1RukwHTCtD/,0,0,1,0,0,0,0,0,0,0,
Natalia Aparicio,https://www.facebook.com/la.aparicioooo,2025-06-12,2009-06-04,no,6600,0,2025-02-19,post,https://www.facebook.com/share/p/1AcuT5gsCL/,4,1,51,0,0,0,0,0,0,0,Wow la Toribia me ha enseñado un montón en esta hora. Espero que puedan ver esta entrevista: … Ver más
Natalia Aparicio,https://www.facebook.com/la.aparicioooo,2025-06-12,2009-06-04,no,6600,0,2025-03-10,post,https://www.facebook.com/share/p/1WmdTYc4bD/,3,0,38,0,0,0,0,0,0,0,Un nuevo video en mi canal de YouTube. No olviden suscribirse y dejar sus comentarios  para ayudar a que pueda hacer más de este contenido. Aquí les dejo el link: … Ver más
Natalia Aparicio,https://www.facebook.com/la.aparicioooo,2025-06-12,2009-06-04,no,6600,0,2025-03-12,post,https://www.facebook.com/share/p/1GKDmkajPR/,1,0,5,0,0,0,0,0,0,0,
Natalia Aparicio,https://www.facebook.com/la.aparicioooo,2025-06-12,2009-06-04,no,6600,0,2025-03-26,post,https://www.facebook.com/share/p/18kryFhqfZ/,2,1,67,0,0,0,0,0,0,0,Las infancias tienen que ser deseadas y planificadas. Que horror.
Natalia Aparicio,https://www.facebook.com/la.aparicioooo,2025-06-12,2009-06-04,no,6600,0,2025-03-26,post,https://www.facebook.com/share/p/1Efqp3seWB/,0,0,4,0,0,0,0,0,0,0,
Natalia Aparicio,https://www.facebook.com/la.aparicioooo,2025-06-12,2009-06-04,no,6600,0,2025-03-28,post,https://www.facebook.com/share/p/1Yr36eLHrL/,0,0,29,0,0,0,0,0,0,0,Este domingo estaré con la Sayu y el Vlady. Los esperamos!
Natalia Aparicio,https://www.facebook.com/la.aparicioooo,2025-06-12,2009-06-04,no,6600,0,2025-03-28,post,https://www.facebook.com/share/p/1ByZtjpHmw/,0,0,8,0,0,0,0,0,0,0,Nos vemos el domingo!
Natalia Aparicio,https://www.facebook.com/la.aparicioooo,2025-06-12,2009-06-04,no,6600,0,2025-03-31,post,https://www.facebook.com/share/p/1H8zAZWF2L/,0,0,2,0,0,0,0,0,0,0,
Natalia Aparicio,https://www.facebook.com/la.aparicioooo,2025-06-12,2009-06-04,no,6600,0,2025-04-08,post,https://www.facebook.com/share/p/16nMeZPpse/,0,4,66,0,0,0,0,0,0,0,
Natalia Aparicio,https://www.facebook.com/la.aparicioooo,2025-06-12,2009-06-04,no,6600,0,2025-04-09,post,https://www.facebook.com/share/p/1Astf9XUMT/,1,2,24,0,0,0,0,0,0,0,
Natalia Aparicio,https://www.facebook.com/la.aparicioooo,2025-06-12,2009-06-04,no,6600,0,2025-04-15,post,https://www.facebook.com/la.aparicioooo/posts/pfbid04jACMJFzPgR9d8ffTgAxH2EBLJ8MojX2upnLxySv9Dg6JLqVSMkyRoQMNMAJtJ2xl,18,0,5,0,0,0,0,0,0,0,Una ayudita compartiendo! 
Natalia Aparicio,https://www.facebook.com/la.aparicioooo,2025-06-12,2009-06-04,no,6600,0,2025-04-21,post,https://www.facebook.com/share/p/15Tve9emxW/,1,0,2,0,0,0,0,0,0,0,
Natalia Aparicio,https://www.facebook.com/la.aparicioooo,2025-06-12,2009-06-04,no,6600,0,2025-04-21,post,https://www.facebook.com/share/p/15A1RYUvBv/,3,5,49,0,0,0,0,0,0,0,"El retrato de un Estado que se busca a sí mismo pero no se encuentra. Lo agónico del boliviano, del latino; esperar que las instituciones funcionen como deberían pero n… Ver más"
Natalia Aparicio,https://www.facebook.com/la.aparicioooo,2025-06-12,2009-06-04,no,6600,0,2025-04-27,post,https://www.facebook.com/share/p/16SDx3vfm7/,1,14,143,0,0,0,0,0,0,0,
Natalia Aparicio,https://www.facebook.com/la.aparicioooo,2025-06-12,2009-06-04,no,6600,0,2025-05-14,post,https://www.facebook.com/share/p/1GZPtX3sam/,2,40,71,0,0,0,0,0,0,0,"Tengo una pregunta honesta, ¿Cuáles son los argumentos para pensar que el MAS está montando su pelea?  ¿Cuál sería el objetivo de fingir mediáticamente una pelea desde el 2022? 
De verdad, quiero entender. Pareciera que hablan de otro país o viven en una realidad paralela. "
Natalia Aparicio,https://www.facebook.com/la.aparicioooo,2025-06-12,2009-06-04,no,6600,0,2025-05-17,post,https://www.facebook.com/share/p/1Ak1QdUXiG/,3,16,29,0,0,0,0,0,0,0,Muy claro!
Natalia Aparicio,https://www.facebook.com/la.aparicioooo,2025-06-12,2009-06-04,no,6600,0,2025-05-19,post,https://www.facebook.com/share/p/1Bs5tHHNgA/,0,0,6,0,0,0,0,0,0,0,
Natalia Aparicio,https://www.facebook.com/la.aparicioooo,2025-06-12,2009-06-04,no,6600,0,2025-05-20,post,https://www.facebook.com/share/p/1EqPzEdhji/,0,1,8,0,0,0,0,0,0,0,
Natalia Aparicio,https://www.facebook.com/la.aparicioooo,2025-06-12,2009-06-04,no,6600,0,2025-05-20,post,https://www.facebook.com/share/p/16equcbikb/,9,18,87,0,0,0,0,0,0,0,Les dejo un corto artículo que escribí sobre los candidatos a vicepresidente de Samuel y Tuto. … Ver más
Natalia Aparicio,https://www.facebook.com/la.aparicioooo,2025-06-12,2009-06-04,no,6600,0,2025-05-20,post,https://www.facebook.com/share/p/1ChH7K8246/,3,0,15,0,0,0,0,0,0,0,
Natalia Aparicio,https://www.facebook.com/la.aparicioooo,2025-06-12,2009-06-04,no,6600,0,2025-05-25,post,https://www.facebook.com/share/p/16LE3S97UB/,0,0,1,0,0,0,0,0,0,0,
Natalia Aparicio,https://www.facebook.com/la.aparicioooo,2025-06-12,2009-06-04,no,6600,0,2025-05-25,post,https://www.facebook.com/share/p/1CBFMMD4PA/,0,19,248,0,0,0,0,0,0,0,"Gracias a @asemjoc1985 , @marcelogamboat  y @christianburgoa por el reconocimiento. "
Natalia Aparicio,https://www.facebook.com/la.aparicioooo,2025-06-02,2009-06-04,no,6600,0,2025-05-27,post,https://www.facebook.com/share/p/1BmJgWn3oG/,5,1,17,17,0,0,0,0,0,0,Los #pueblosindígenas están nuevamente ante un escenario incierto frente a los #incendiosforestales. … Ver más
Natalia Aparicio,https://www.facebook.com/la.aparicioooo,2025-06-12,2009-06-04,no,6600,0,2025-05-27,post,https://www.facebook.com/share/p/1C8wu63vC4/,8,1,18,0,0,0,0,0,0,0,Los #pueblosindígenas están nuevamente ante un escenario incierto frente a los #incendiosforestales. … Ver más
Natalia Aparicio,https://www.facebook.com/la.aparicioooo,2025-06-12,2009-06-04,no,6600,0,2025-05-29,post,https://www.facebook.com/helga.velasco.u/posts/pfbid02crcMgCQHjF4Xkitgy4A77PcVtatqyU6iGGETk5NQpHVZRaS1Wutd3uHURWXYk3dhl,5,6,26,0,0,0,0,0,0,0,"Gracias Natalia Aparicio
Todos, pero todooooos los postulantes a candidatos (hasta que los habiliten) tienen la obligación de informarse bien y saber de que trata la pega por la que están pidiendo el voto. Presidente, vicepresidente, senadores, diputados todooooos estos postulantes están involucrados en las políticas medioambientales de un país"
Natalia Aparicio,https://www.facebook.com/la.aparicioooo,2025-06-12,2009-06-04,no,6600,0,2025-05-30,post,https://www.facebook.com/share/v/16egCGBsp2/,0,4,20,0,0,0,0,0,0,0,"#BOLIVIA Improvisado, sexy, con ganas de aprender en el cargo sobre lo qué es la política y el Estado. Reveladora entrevista a J. P. Velasco y magistral trabajo de Natalia Aparicio"
Natalia Aparicio,https://www.facebook.com/la.aparicioooo,2025-06-02,2009-06-04,no,6600,0,2025-05-30,post,https://www.facebook.com/share/v/16RN4L9G6h/,0,3,17,15,1,1,0,0,0,0,"#BOLIVIA Improvisado, sexy, con ganas de aprender en el cargo sobre lo qué es la política y el Estado. Reveladora entrevista a J. P. Velasco y magistral trabajo de Natalia Aparicio"
Natalia Aparicio,https://www.facebook.com/la.aparicioooo,2025-06-02,2009-06-04,no,6600,0,2025-05-30,post,https://www.facebook.com/share/v/18yqz19r8U/,2,9,42,32,2,8,0,0,0,0,VICE SEXI DE TUTO DICE QUE TIENE TATUADOS A SUS PERROS A LA Natalia Aparicio !
Natalia Aparicio,https://www.facebook.com/la.aparicioooo,2025-06-02,2009-06-04,no,6600,0,2025-05-31,post,https://www.facebook.com/share/p/19SzTN68Wp/,80,54,294,216,20,46,0,5,5,2,"Ayer la viralización electoral fue la entrevista en POV de UNITEL, con la gran Natalia Aparicio, al candidato a vicepresidente de Tuto, Juan Pablo Velasco... 
Es una fa… Ver más"
Natalia Aparicio,https://www.facebook.com/la.aparicioooo,2025-06-12,2009-06-04,no,6600,0,2025-05-31,post,https://www.facebook.com/susana.bejarano.823771/posts/pfbid02fMeA3Lgzc2Kh26xmvdxazTxScJQY8rBJpPTr6KKMvWEKGo4WZBizwGhea9BSdTdgl,82,52,298,0,0,0,0,0,0,0,"Ayer la viralización electoral fue la entrevista en POV de UNITEL, con la gran Natalia Aparicio, al candidato a vicepresidente de Tuto, Juan Pablo Velasco... 
Es una fa… Ver más"
Natalia Aparicio,https://www.facebook.com/la.aparicioooo,2025-06-02,2009-06-04,no,6600,0,2025-06-01,post,https://www.facebook.com/share/p/1F4nqbHWnQ/,1,3,17,12,3,0,0,0,0,2,
Natalia Aparicio,https://www.facebook.com/la.aparicioooo,2025-06-12,2009-06-04,no,6600,0,2025-06-01,post,https://www.facebook.com/la.aparicioooo/posts/pfbid02wyy2Ctzx7HCnL2HfkLzcWNK9yx8bWjnBchS8gmSdjT33UJiMd1rybcyaLmYQ5F39l,1,3,20,0,0,0,0,0,0,0,
Natalia Aparicio,https://www.facebook.com/la.aparicioooo,2025-06-02,2009-06-04,no,6600,0,2025-06-02,post,https://www.facebook.com/share/p/15a17cVWmd/,1,4,20,11,5,1,0,2,0,1,Gracias Sayu por contarnos!
Natalia Aparicio,https://www.facebook.com/la.aparicioooo,2025-06-12,2009-06-04,no,6600,0,2025-06-02,post,https://www.facebook.com/share/p/1Brko9xFiA/,1,4,24,0,0,0,0,0,0,0,Gracias Sayu por contarnos!
Natalia Aparicio,https://www.facebook.com/la.aparicioooo,2025-06-10,2009-06-04,no,6600,0,2025-06-04,post,https://www.facebook.com/share/p/1AsyNaMx3Z/,1,0,8,0,0,0,0,0,0,0,Suscribo cada palabra de la Natalia Aparicio
Natalia Aparicio,https://www.facebook.com/la.aparicioooo,2025-06-12,2009-06-04,no,6600,0,2025-06-04,post,https://www.facebook.com/share/p/19GRgLzfKo/,1,0,8,0,0,0,0,0,0,0,Suscribo cada palabra de la Natalia Aparicio
Natalia Aparicio,https://www.facebook.com/la.aparicioooo,2025-06-12,2009-06-04,no,6600,0,2025-06-04,post,https://www.facebook.com/share/v/1A4vYUQEfL/,2,12,13,0,0,0,0,0,0,0,"#BOLIVIA Lo sexy, la juventud, ser nuevo en política, lo que podemos aprender de Cicerón y el gran interpelación de Natalia Aparicio"
Natalia Aparicio,https://www.facebook.com/la.aparicioooo,2025-06-10,2009-06-04,no,6600,0,2025-06-04,post,https://www.facebook.com/share/v/1Cu7H6oCY9/,2,12,13,0,0,0,0,0,0,0,"#BOLIVIA Lo sexy, la juventud, ser nuevo en política, lo que podemos aprender de Cicerón y el gran interpelación de Natalia Aparicio"
Natalia Aparicio,https://www.facebook.com/la.aparicioooo,2025-06-10,2009-06-04,no,6600,0,2025-06-08,post,https://www.facebook.com/share/p/15XMy9ZGjv/,6,7,103,0,0,0,0,0,0,0,"Con Ana Lucía Velasco hemos charlado sobre los tibios, coyuntura política y los apartidistas. A ver si se dan una vueltita por mi YouTube: 
https://youtu.be/1n8edIDS-T4?si=aYnjX7ySIhkWWPup"
Natalia Aparicio,https://www.facebook.com/la.aparicioooo,2025-06-12,2009-06-04,no,6600,0,2025-06-08,post,https://www.facebook.com/share/p/16bNFsHarT/,6,8,105,0,0,0,0,0,0,0,"Con Ana Lucía Velasco hemos charlado sobre los tibios, coyuntura política y los apartidistas. A ver si se dan una vueltita por mi YouTube: 
https://youtu.be/1n8edIDS-T4?si=aYnjX7ySIhkWWPup"
Natalia Aparicio,https://www.facebook.com/la.aparicioooo,2025-06-10,2009-06-04,no,6600,0,2025-06-09,post,https://www.facebook.com/share/p/1AxC9VYFx7/,1,2,18,0,0,0,0,0,0,0,
Natalia Aparicio,https://www.facebook.com/la.aparicioooo,2025-06-12,2009-06-04,no,6600,0,2025-06-09,post,https://www.facebook.com/la.aparicioooo/posts/pfbid0J8dGY6DZTQDAuokPXHKGB1gyLQWh4a5E7M6Fo74MthxqsDwr58Xf8Snd7UJUPtnTl,1,2,20,0,0,0,0,0,0,0,
