nombre perfil,url perfil,candidato identificado,creación del perfil,seguidores,seguidos,fecha post,tipo de post,url post,comparticiones,comentarios,reacciones en total,me gusta,me encanta,me divierte,me entristece,me sorprende,me enoja,me importa,contenido
Ana Lucía Velasco,https://www.facebook.com/anavelascou,no,2007-09-02,2000,0,2025-07-15,post,https://www.facebook.com/share/p/16Fv2YxxAm/,0,71,26,24,2,0,0,0,0,0,"Amigos, les tengo una pregunta.
¿Cómo se vería para Uds. el ciudadano boliviano ideal? ¿Qué actitudes les haría sentirse orgullosos de ver en un boliviano? 
Digamos, el boliviano modelo: respeta las reglas e instituciones, aplaude y no boicotea el éxito ajeno y no aplaude la viveza criolla. Así, por ejemplo. … Ver más"
Ana Lucía Velasco,https://www.facebook.com/anavelascou,no,2007-09-02,2000,0,2025-07-16,post,https://www.facebook.com/share/p/1EcNf88mii/,0,0,8,6,2,0,0,0,0,0,Feliz 16 de Julio
