nombre perfil,url perfil,snapshot_date,creación del perfil,candidato identificado,seguidores,seguidos,fecha post,tipo de post,url post,comparticiones,comentarios,reacciones en total,me gusta,me encanta,me divierte,me entristece,me sorprende,me enoja,me importa,contenido
Justicia Por Las Niñas ,https://www.facebook.com/justicia.ninos,2025-06-11,2020-07-22,no,7200,3300,2025-04-17,post,https://www.facebook.com/share/p/1CXfnPfp9q/,2,1,24,0,0,0,0,0,0,0,"Tiempo de recibir perdón,  Amor, Misericordia e infinitas gracias.… Ver más"
Justicia Por Las Niñas ,https://www.facebook.com/justicia.ninos,2025-06-11,2020-07-22,no,7200,3300,2025-04-22,post,https://www.facebook.com/justicia.ninos/posts/pfbid0281QEreq2W8RmappEAYf58he3VhyiCgb6WGBYX92wxzHtjArEZFy3uaYi41QGch1Ml,27,36,147,0,0,0,0,0,0,0,"JUSTICIA : ""Yo también tengo cuchillos en Casa"" !!! CASO -JOCKER:"
Justicia Por Las Niñas ,https://www.facebook.com/justicia.ninos,2025-06-11,2020-07-22,no,7200,3300,2025-04-25,post,https://www.facebook.com/share/p/1AvR3e9ZGm/,10,7,141,0,0,0,0,0,0,0,"Que tu mano nunca se levante para hacer daño a Nadie, en especial a los más débiles !!!
Feliz día!!"
Justicia Por Las Niñas ,https://www.facebook.com/justicia.ninos,2025-06-11,2020-07-22,no,7200,3300,2025-04-28,post,https://www.facebook.com/share/p/18XQGVsitt/,312,31,339,0,0,0,0,0,0,0,Un Docente de la Universidad Autónoma Gabriel René Moreno es un gran peligro para Mujeres y niñas que se atreven a no quedar en Silencio!!… Ver más
Justicia Por Las Niñas ,https://www.facebook.com/justicia.ninos,2025-06-11,2020-07-22,no,7200,3300,2025-04-30,post,https://www.facebook.com/justicia.ninos/posts/pfbid02AbM6t9igzRCvCLpJUnM6e5tegv5TvJw5T2iAec9WazdxZhrTSbC4btbxP3aj7Wril,8,2,51,0,0,0,0,0,0,0,Tu voz y testimonio es Poderoso!! No estas sola Gabriela!! Que se te haga Justicia YA!!! QUE TU Y TUS NIÑAS ENCUENTREN PAZ DESPUÉS DE TANTAS LUCHAS!! No estan solas!!!… Ver más
Justicia Por Las Niñas ,https://www.facebook.com/justicia.ninos,2025-06-11,2020-07-22,no,7200,3300,2025-05-05,post,https://www.facebook.com/share/p/1Aje6frqUD/,12,10,104,0,0,0,0,0,0,0,Una Juez de Santa Cruz fue recién Aprehendida y esta Rumbo a La Paz. Esta denunciada por PREVARICATO Y RESOLUCIONES CONTRARIAS A LA LEY AL decidir NO PROTEGER A LOS NIÑ@S!!
Justicia Por Las Niñas ,https://www.facebook.com/justicia.ninos,2025-06-11,2020-07-22,no,7200,3300,2025-05-06,post,https://www.facebook.com/justicia.ninos/posts/pfbid0ZGg5R51MsEVWEqAS3X9icHriyavnpxnxucs2eefkmJ1WKeEFY8LvcPC2pF44f5tZl,19,16,65,0,0,0,0,0,0,0,"CASO Corrupción de infante, Niño, niña y Adolescentes: 2015… Ver más"
Justicia Por Las Niñas ,https://www.facebook.com/justicia.ninos,2025-06-11,2020-07-22,no,7200,3300,2025-05-07,post,https://www.facebook.com/share/p/1Bja53HN9t/,4,19,115,0,0,0,0,0,0,0,Que Dios sea muy Bondadoso contigo y tu familia. Feliz día para tod@s!!!
Justicia Por Las Niñas ,https://www.facebook.com/justicia.ninos,2025-06-11,2020-07-22,no,7200,3300,2025-05-07,post,https://www.facebook.com/share/p/15rUdqoVpR/,280,47,408,0,0,0,0,0,0,0,"En la ciudad de Santa Cruz y a plena luz del día, una niña de 7 años pidió ayuda porque este Micrero intentó abusar de ella.… Ver más"
Justicia Por Las Niñas ,https://www.facebook.com/justicia.ninos,2025-06-11,2020-07-22,no,7200,3300,2025-05-08,post,https://www.facebook.com/share/p/16nc8VHXh7/,46,8,192,0,0,0,0,0,0,0,Se hacía pasar por Ginecólogo. Fue Aprehendido y enviado a la cárcel de Palmasola. Tenía a una joven secuestrada en un alojamiento de la ciudad de Santa Cruz.… Ver más
Justicia Por Las Niñas ,https://www.facebook.com/justicia.ninos,2025-06-11,2020-07-22,no,7200,3300,2025-05-09,post,https://www.facebook.com/share/p/16U5aCqaxb/,78,7,84,0,0,0,0,0,0,0,"Esta persona captaba Niñ@s y Adolescentes en los Colegios. En la ciudad de Santa Cruz, zona Plan 300, fue Aprehendido  y se le encontró pornografia infantil.… Ver más"
Justicia Por Las Niñas ,https://www.facebook.com/justicia.ninos,2025-06-11,2020-07-22,no,7200,3300,2025-05-12,post,https://www.facebook.com/share/p/16cTADdCyU/,11,3,71,0,0,0,0,0,0,0,"Estamos contigo Niña  Patricia Flores!! Aunque tu estés en el Cielo, pedimos que la Justicia nunca se olvide de ti y tu mamita!!"
Justicia Por Las Niñas ,https://www.facebook.com/justicia.ninos,2025-06-11,2020-07-22,no,7200,3300,2025-05-12,post,https://www.facebook.com/share/p/1Fga7Aq6yN/,10,1,95,0,0,0,0,0,0,0,Gracias a que la primera denuncia de los padres de una niña abusada fue tonada em serio por el entorno escolar de Padres de Familia es que las Autoridades encontraron q… Ver más
Justicia Por Las Niñas ,https://www.facebook.com/justicia.ninos,2025-06-11,2020-07-22,no,7200,3300,2025-05-14,post,https://www.facebook.com/share/p/168RDCKCi4/,250,37,270,0,0,0,0,0,0,0,"Alertamos a la sociedad Boliviana que en la ciudad de Santa Cruz, este hombre denunciado por Violación Agravada a niña con Discapacidad mental, fue LIBERADO por la Juez… Ver más"
Justicia Por Las Niñas ,https://www.facebook.com/justicia.ninos,2025-06-11,2020-07-22,no,7200,3300,2025-05-19,post,https://www.facebook.com/share/p/1YczJRPUzd/,41,7,175,0,0,0,0,0,0,0,"Denuncia Pública!!!
Si ella fue capaz de Defender abiertamente a un Feminicida como ""Kushner"", por ser de su círculo social, no dudamos que ella también podría defender… Ver más"
Justicia Por Las Niñas ,https://www.facebook.com/justicia.ninos,2025-06-11,2020-07-22,no,7200,3300,2025-05-21,post,https://www.facebook.com/share/v/196d7mSScW/,118,35,261,0,0,0,0,0,0,0,Una Madre pide Justicia para su hija que fue violada desde niña por su Padrastro que la reconoció como hija cuando era pequeña.… Ver más
Justicia Por Las Niñas ,https://www.facebook.com/justicia.ninos,2025-06-11,2020-07-22,no,7200,3300,2025-06-07,post,https://www.facebook.com/share/p/1ATNp9irJE/,40,16,236,0,0,0,0,0,0,0,"PERDONAR AL CRIMINAL ES CONDENAR A LA VÍCTIMA.
-Bukele-"
Justicia Por Las Niñas ,https://www.facebook.com/justicia.ninos,2025-06-10,2020-07-22,no,7100,3300,2025-06-07,post,https://www.facebook.com/share/p/1Bx7pjkU4H/,35,16,223,0,0,0,0,0,0,0,"PERDONAR AL CRIMINAL ES CONDENAR A LA VÍCTIMA.
-Bukele-"
Justicia Por Las Niñas ,https://www.facebook.com/justicia.ninos,2025-06-09,2020-07-22,no,7100,3300,2025-06-07,post,https://www.facebook.com/share/p/15PJWuPGrr/,35,16,219,196,4,1,14,0,1,3,"PERDONAR AL CRIMINAL ES CONDENAR A LA VÍCTIMA.
-Bukele-"
Justicia Por Las Niñas ,https://www.facebook.com/justicia.ninos,2025-06-11,2020-07-22,no,7200,3300,2025-06-09,post,https://www.facebook.com/share/p/16R4bGGJ5n/,175,72,198,0,0,0,0,0,0,0,Pedimos JUSTICIA para una niña de 5 añitos cuyo Caso Nro 1577-2018 aún permanece en la impunidad. El violador PRÓFUGO amparado en el Encubrimiento de muchos con influen… Ver más
Justicia Por Las Niñas ,https://www.facebook.com/justicia.ninos,2025-06-09,2020-07-22,no,7100,3300,2025-06-09,post,https://www.facebook.com/justicia.ninos/posts/pfbid02xT3oQDcezBVTUivEsjPKcjXeCyCck8NZqVUqT74j4NWKhrFRWAWxgJtHBUFfZKdRl,104,27,132,26,0,0,4,6,95,1,Pedimos JUSTICIA para una niña de 5 añitos cuyo Caso Nro 1577-2018 aún permanece en la impunidad. El violador PRÓFUGO amparado en el Encubrimiento de muchos con influen… Ver más
Justicia Por Las Niñas ,https://www.facebook.com/justicia.ninos,2025-06-10,2020-07-22,no,7100,3300,2025-06-09,post,https://www.facebook.com/share/p/1BpPf3NrZK/,132,28,164,0,0,0,0,0,0,0,Pedimos JUSTICIA para una niña de 5 añitos cuyo Caso Nro 1577-2018 aún permanece en la impunidad. El violador PRÓFUGO amparado en el Encubrimiento de muchos con influen… Ver más
Justicia Por Las Niñas ,https://www.facebook.com/justicia.ninos,2025-06-11,2020-07-22,no,7200,3300,2025-06-11,post,2025-06-11,2,12,79,0,0,0,0,0,0,0,"En cada Audiencia la Pederasta Misty y su Marido Marido Marcos López, amparados en sus abogados Chicaneros hacen alarde de su poder económico  para burlar la Justicia.… Ver más"
