nombre perfil,url perfil,candidato identificado,creación del perfil,seguidores,seguidos,fecha post,tipo de post,url post,comparticiones,comentarios,reacciones en total,me gusta,me encanta,me divierte,me entristece,me sorprende,me enoja,me importa,contenido
MARIANA LOPEZ SAAVEDRA,https://www.facebook.com/mariana.lopezsaavedra.5,no,,567,0,2025-06-28,post,https://www.facebook.com/share/p/1BiC6LJko7/,0,0,0,0,0,0,0,0,0,0,Manfred Presidente 
MARIANA LOPEZ SAAVEDRA,https://www.facebook.com/mariana.lopezsaavedra.5,no,,567,0,2025-06-28,post,https://www.facebook.com/share/p/1Bw9f4wHDB/,0,0,2,1,1,0,0,0,0,0,Manfred Presidente 
MARIANA LOPEZ SAAVEDRA,https://www.facebook.com/mariana.lopezsaavedra.5,no,,567,0,2025-06-30,post,https://www.facebook.com/share/p/1Gs2oRdwhw/,0,0,0,0,0,0,0,0,0,0,
MARIANA LOPEZ SAAVEDRA,https://www.facebook.com/mariana.lopezsaavedra.5,no,,567,0,2025-06-30,post,https://www.facebook.com/share/p/15krMmQyWb/,2,2,5,0,0,5,0,0,0,0,
MARIANA LOPEZ SAAVEDRA,https://www.facebook.com/mariana.lopezsaavedra.5,no,,567,0,2025-06-30,post,https://www.facebook.com/share/p/1DV9LmnFiN/,0,0,3,1,0,2,0,0,0,0,
MARIANA LOPEZ SAAVEDRA,https://www.facebook.com/mariana.lopezsaavedra.5,no,,567,0,2025-06-30,post,https://www.facebook.com/share/p/1NiLCquYCE/,0,0,1,0,0,1,0,0,0,0,
