nombre perfil,url perfil,candidato identificado,creación del perfil,seguidores,seguidos,fecha post,tipo de post,url post,comparticiones,comentarios,reacciones en total,me gusta,me encanta,me divierte,me entristece,me sorprende,me enoja,me importa,contenido
Paola Aguirre ,https://www.facebook.com/paolaaguirremelgar,no,2021-01-06,56000,19,2025-06-24,post,https://www.facebook.com/share/p/1AZKwrEYoP/,46,107,714,544,153,0,0,0,0,17,"No basta cambiar de gobierno, hay que cambiar de paradigma.
Para eso se requiere SABIDURÍA, CARÁCTER y MANO DURA. La tibieza o medias tintas no servirán de nada.… Ver más"
Paola Aguirre ,https://www.facebook.com/paolaaguirremelgar,no,2021-01-06,56000,19,2025-06-24,post,https://www.facebook.com/share/p/1E1pTFJrBu/,72,125,317,0,0,0,0,0,0,0,"El abuso de poder para encarcelar opositores, la represión de protestas ciudadanas y la inoperancia cómplice ante los narcotraficantes y terroristas del Chaparé, han si… Ver más"
Paola Aguirre ,https://www.facebook.com/paolaaguirremelgar,no,2021-01-06,56000,19,2025-06-25,post,https://www.facebook.com/share/p/1C399H7PcF/,1400,226,2200,1900,263,9,24,12,18,19,Odio es el que usted sembró al ordenar a la Policía reprimir abusiva y brutalmente al pueblo cruceño durante las protestas ciudadanas en las que reclamábamos censo y re… Ver más
Paola Aguirre ,https://www.facebook.com/paolaaguirremelgar,no,2021-01-06,56000,19,2025-06-25,post,2025-06-25,243,133,690,502,172,1,0,2,0,13,En mi condición de asambleísta departamental me opongo abiertamente a la solicitud de la bancada del Movimiento al Socialismo de modificar el orden del día para incluir… Ver más
Paola Aguirre ,https://www.facebook.com/paolaaguirremelgar,no,2021-01-06,56000,19,2025-06-25,post,https://www.facebook.com/share/p/19J8GmbdYA/,82,180,2000,1500,487,9,0,0,0,35,"Santa Cruz, te quiero libre."
Paola Aguirre ,https://www.facebook.com/paolaaguirremelgar,no,2021-01-06,56000,19,2025-06-25,post,https://www.facebook.com/share/p/1ZDho8tcb3/,22,10,188,155,28,0,0,1,1,3,"Hoy, una vez más, solicité suspender de manera definitiva las sesiones virtuales. 
Cada vez hay más asientos vacíos en el Hemiciclo.… Ver más"
Paola Aguirre ,https://www.facebook.com/paolaaguirremelgar,no,2021-01-06,56000,19,2025-07-01,post,https://www.facebook.com/share/p/1YbBVyUsC5/,3,2,23,23,0,0,0,0,0,0,"https://yoparticipo.oep.org.bo/
Consulte si está habilitado para votar y el lugar de sufragio"
