nombre perfil,url perfil,snapshot_date,creación del perfil,candidato identificado,seguidores,seguidos,fecha post,tipo de post,url post,comparticiones,comentarios,reacciones en total,me gusta,me encanta,me divierte,me entristece,me sorprende,me enoja,me importa,contenido
Clau Pami'sh Rzy ,https://www.facebook.com/pamizapatachu/,2025-06-11,2008-01-27,no,4100,0,2025-04-09,post,https://www.facebook.com/share/p/1FaM9T1NMr/,38,26,76,0,0,0,0,0,0,0,
Clau Pami'sh Rzy ,https://www.facebook.com/pamizapatachu/,2025-06-17,2008-01-27,no,4100,0,2025-04-09,post,https://www.facebook.com/share/p/1Ao4Zr9h9D/,37,26,76,57,9,7,0,0,0,3,
Clau Pami'sh Rzy ,https://www.facebook.com/pamizapatachu/,2025-06-11,2008-01-27,no,4100,0,2025-04-11,post,https://www.facebook.com/share/p/1AqeH8PHtr/,10,8,30,0,0,0,0,0,0,0,"Jaime Dunn  manifiesta no nos van a callar Primero Bolivia.Ya es el colmo, Jaime Dunn rechazó la persecución del Gobierno, denunciando a las entidades Internacionales y… Ver más"
Clau Pami'sh Rzy ,https://www.facebook.com/pamizapatachu/,2025-06-17,2008-01-27,no,4100,0,2025-04-11,post,https://www.facebook.com/share/p/1HsPPMPq6C/,10,8,30,23,6,0,0,0,0,1,"Jaime Dunn  manifiesta no nos van a callar Primero Bolivia.Ya es el colmo, Jaime Dunn rechazó la persecución del Gobierno, denunciando a las entidades Internacionales y… Ver más"
Clau Pami'sh Rzy ,https://www.facebook.com/pamizapatachu/,2025-06-17,2008-01-27,no,4100,0,2025-05-10,post,https://www.facebook.com/share/v/16S4oT6aTS/,39,20,71,58,8,4,0,0,0,1,"Que si baila ? Pasito DUNN DUNN !inteligente 
 uff !! Liberal si clásico 
 Que si canta en quechua ? No más escuchen !!!! Jaime Dunn"
Clau Pami'sh Rzy ,https://www.facebook.com/pamizapatachu/,2025-06-11,2008-01-27,no,4100,0,2025-05-10,post,https://www.facebook.com/share/v/1DTg9GpE7A/,39,20,70,0,0,0,0,0,0,0,"Que si baila ? Pasito DUNN DUNN !inteligente 
 uff !! Liberal si clásico 
 Que si canta en quechua ? No más escuchen !!!! Jaime Dunn"
Clau Pami'sh Rzy ,https://www.facebook.com/pamizapatachu/,2025-06-11,2008-01-27,no,4100,0,2025-05-25,post,https://www.facebook.com/share/p/1RqssgKSLz/,13,4,12,0,0,0,0,0,0,0,"No es rebelde.
No es problemática.… Ver más"
Clau Pami'sh Rzy ,https://www.facebook.com/pamizapatachu/,2025-06-17,2008-01-27,no,4100,0,2025-05-25,post,https://www.facebook.com/share/p/1HFbEgcwB5/,13,4,12,3,7,0,0,0,0,2,"No es rebelde.
No es problemática.… Ver más"
Clau Pami'sh Rzy ,https://www.facebook.com/pamizapatachu/,2025-06-17,2008-01-27,no,4100,0,2025-05-27,post,https://www.facebook.com/share/v/19S3PH6x5W/,4,10,30,26,3,0,0,0,0,1, La libertad ya avanzó Zurdos tiemblen !!!
Clau Pami'sh Rzy ,https://www.facebook.com/pamizapatachu/,2025-06-03,2008-01-27,no,4100,0,2025-05-27,post,https://www.facebook.com/share/v/16HB9Dsr8X/,4,10,29,25,3,0,0,0,0,1, La libertad ya avanzó Zurdos tiemblen !!!
Clau Pami'sh Rzy ,https://www.facebook.com/pamizapatachu/,2025-06-11,2008-01-27,no,4100,0,2025-05-27,post,https://www.facebook.com/share/v/1AURn6hsBa/,4,10,30,0,0,0,0,0,0,0, La libertad ya avanzó Zurdos tiemblen !!!
Clau Pami'sh Rzy ,https://www.facebook.com/pamizapatachu/,2025-06-17,2008-01-27,no,4100,0,2025-06-04,post,2025-06-04,15,133,173,102,5,42,2,4,17,1,"EVO HA EMPEZADO UN GOLPE DE ESTADO
Y teme ser detenido… Ver más"
Clau Pami'sh Rzy ,https://www.facebook.com/pamizapatachu/,2025-06-10,2008-01-27,no,4100,0,2025-06-04,post,2025-06-04,0,0,0,0,0,0,0,0,0,0,
Clau Pami'sh Rzy ,https://www.facebook.com/pamizapatachu/,2025-06-17,2008-01-27,no,4100,0,2025-06-12,post,https://www.facebook.com/share/v/15rYBBZMkM/,48,20,76,58,14,1,0,1,0,2,Nunca olvidemos que por defender su ciudad los metieron presos !! Que a nivel nacional sentimos la persecución política que tuvimos seguimiento de inteligencia  hasta n… Ver más
Clau Pami'sh Rzy ,https://www.facebook.com/pamizapatachu/,2025-06-17,2008-01-27,no,4100,0,2025-06-12,post,https://www.facebook.com/share/v/1FT86X634D/,94,18,83,45,1,1,0,3,33,0,Y tienen el descaro de negar que es financiad0 por la harina blanca de Evo Morales ? Que todos éstos bloquead0res están siendo pagados para asesin@r civiles y policías?… Ver más
