nombre perfil,url perfil,snapshot_date,creación del perfil,candidato identificado,seguidores,seguidos,fecha post,tipo de post,url post,comparticiones,comentarios,reacciones en total,me gusta,me encanta,me divierte,me entristece,me sorprende,me enoja,me importa,contenido
Laura Luisa Nayar,https://www.facebook.com/luisanayars,2025-05-23,2019-07-29,no,37000,109,2025-05-16,post,https://www.facebook.com/share/p/1LKnxYunrJ/,27,38,,0,0,0,0,0,0,0,¡Los bolivianos no podemos seguir siendo rehenes de la guerra interna del MAS! ¡Ya se van! 
Laura Luisa Nayar,https://www.facebook.com/luisanayars,2025-05-23,2019-07-29,no,37000,109,2025-05-21,post,https://www.facebook.com/share/p/1AiRQsvJ33/,36,33,,0,0,0,0,0,0,0,"Concluimos la 10ma Sesión de la Comisión de Organización Territorial del Estado y Autonomías 
 ¡A seguir dando batalla!"
Laura Luisa Nayar,https://www.facebook.com/luisanayars,2025-05-23,2019-07-29,no,37000,109,2025-05-21,post,not-found-post-url--11184,0,0,,0,0,0,0,0,0,0,Junto a Maggy Talavera 
Laura Luisa Nayar,https://www.facebook.com/luisanayars,2025-05-23,2019-07-29,no,37000,109,2025-05-22,post,not-found-post-url-474486,0,0,,0,0,0,0,0,0,0,
Laura Luisa Nayar,https://www.facebook.com/luisanayars,2025-05-23,2019-07-29,no,37000,109,2025-05-23,post,https://www.facebook.com/luisanayars/videos/1063537115648141/,26,16,,0,0,0,0,0,0,0,"Anoche estuvimos en POV conversando sobre la situación actual del país. 
#LaUnionEsLaFuerza"
Laura Luisa Nayar,https://www.facebook.com/luisanayars,2025-06-02,2019-07-29,no,37000,109,2025-05-27,post,https://www.facebook.com/share/p/15KBDhc8Gg/,12,27,262,187,64,7,0,0,0,4,"Hoy celebro a la mujer que me enseñó a ser fuerte, a luchar con el corazón y a nunca rendirme. Gracias, ma, por ser mi guía, mi ejemplo y mi mayor inspiración
 No solo… Ver más"
Laura Luisa Nayar,https://www.facebook.com/luisanayars,2025-06-02,2019-07-29,no,37000,109,2025-05-29,post,https://www.facebook.com/share/p/16bfDPS7pG/,51,27,191,154,32,1,0,0,0,4," Nos reunimos con nuestros bomberos voluntarios para socializar el Proyecto de Ley de Disposición de Bienes Incautados en su favor, una iniciativa que busca transforma… Ver más"
Laura Luisa Nayar,https://www.facebook.com/luisanayars,2025-06-02,2019-07-29,no,37000,109,2025-05-29,post,https://www.facebook.com/share/p/1RWARdF6pq/,1,11,25,16,7,1,0,0,0,1,Estamos en vivo con Mauricio Noya 
Laura Luisa Nayar,https://www.facebook.com/luisanayars,2025-06-02,2019-07-29,no,37000,109,2025-06-02,post,https://www.facebook.com/share/p/1Cfm9Nu764/,3,0,56,47,9,0,0,0,0,0,Estamos en vivo con Carlos Valverde Sin Compostura
Laura Luisa Nayar,https://www.facebook.com/luisanayars,2025-06-02,2019-07-29,no,37000,109,2025-06-02,post,https://www.facebook.com/share/p/16FjWJcPtp/,0,0,16,12,3,0,0,0,0,1,"Estamos en vivo, hablando sobre las elecciones. "
Laura Luisa Nayar,https://www.facebook.com/luisanayars,2025-06-10,2019-07-29,no,37000,109,2025-06-02,post,https://www.facebook.com/share/p/1Awd6hG2mW/,0,6,18,0,0,0,0,0,0,0,"Estamos en vivo, hablando sobre las elecciones. "
Laura Luisa Nayar,https://www.facebook.com/luisanayars,2025-06-10,2019-07-29,no,37000,109,2025-06-03,post,https://www.facebook.com/share/p/1Dcnmm3XvV/,20,26,83,0,0,0,0,0,0,0,¡Urge la unión de las fuerzas democráticas para darle fin al ciclo masista! 
Laura Luisa Nayar,https://www.facebook.com/luisanayars,2025-06-10,2019-07-29,no,37000,109,2025-06-03,post,https://www.facebook.com/share/p/12LgzU2mCGs/,43,64,465,0,0,0,0,0,0,0,"Hoy regresé al lugar donde tanto aprendí: la carrera de Relaciones Internacionales. Pero esta vez, lo hice como diputada nacional, para compartir con los estudiantes un… Ver más"
Laura Luisa Nayar,https://www.facebook.com/luisanayars,2025-06-10,2019-07-29,no,37000,109,2025-06-06,post,https://www.facebook.com/share/p/1AtGtgzUhS/,18,3,29,0,0,0,0,0,0,0,"Hoy rindo homenaje a quienes tienen en sus manos la misión más noble: formar a las mujeres y hombres que construirán el futuro de Bolivia
G… Ver más"
