nombre perfil,url perfil,candidato identificado,creación del perfil,seguidores,seguidos,fecha post,tipo de post,url post,comparticiones,comentarios,reacciones en total,me gusta,me encanta,me divierte,me entristece,me sorprende,me enoja,me importa,contenido
PAOLA ANDREA FERNANDEZ REA,https://www.facebook.com/profile.php?id=100095305101750,no,2023-08-07,115000,0,2025-07-29,post,https://www.facebook.com/share/v/19YCzutbVP/,3,6,56,43,10,3,0,0,0,0,"¡Perdonazo Tributario Nacional! 
 otra de nuestras propuestas.… Ver más"
PAOLA ANDREA FERNANDEZ REA,https://www.facebook.com/profile.php?id=100095305101750,no,2023-08-07,115000,0,2025-07-30,post,https://www.facebook.com/share/p/1EXgJFhhtB/,5,18,122,94,28,0,0,0,0,0,#LafuerzadelPueblo #PaolaFernandez #Senadora
PAOLA ANDREA FERNANDEZ REA,https://www.facebook.com/profile.php?id=100095305101750,no,2023-08-07,115000,0,2025-07-30,post,https://www.facebook.com/share/p/12MGQgRkndU/,128,76,104,76,26,1,0,0,0,1,¡Casa llena y el corazón contento! … Ver más
PAOLA ANDREA FERNANDEZ REA,https://www.facebook.com/profile.php?id=100095305101750,no,2023-08-07,115000,0,2025-07-31,post,https://www.facebook.com/share/v/1B9BVEWZmi/,11,36,79,69,10,0,0,0,0,0,"Los esperamos todos los lunes miércoles y viernes en nuestro Comedor Solidario de la Fuerza del Pueblo! 
Seguimos transformando vidas con hechos! 
… Ver más"
PAOLA ANDREA FERNANDEZ REA,https://www.facebook.com/profile.php?id=100095305101750,no,2023-08-07,115000,0,2025-07-31,post,https://www.facebook.com/share/p/1BvaSjnVuB/,7,2,47,41,6,0,0,0,0,0,"Los esperamos mañana en nuestra brigada de salud! 
Atención médica gratuita, alimentación complementaria y muchas otras sorpresas en el camellón principal del Plan 3000… Ver más"
PAOLA ANDREA FERNANDEZ REA,https://www.facebook.com/profile.php?id=100095305101750,no,2023-08-07,115000,0,2025-08-01,post,https://www.facebook.com/share/v/16bfCBfP4p/,11,11,64,53,11,0,0,0,0,0,"Hoy viernes un delicioso Pollo al Jugo en nuestro comedor Solidario de la Fuerza del Pueblo! 
Los esperamos a todos sobre la avenida Paurito Plan 3000.… Ver más"
PAOLA ANDREA FERNANDEZ REA,https://www.facebook.com/profile.php?id=100095305101750,no,2023-08-07,115000,0,2025-08-01,post,https://www.facebook.com/share/p/19dvca6XbF/,8,0,41,35,6,0,0,0,0,0,Más de 200 personas en nuestro comedor solidario!!!!… Ver más
PAOLA ANDREA FERNANDEZ REA,https://www.facebook.com/profile.php?id=100095305101750,no,2023-08-07,115000,0,2025-08-02,post,https://www.facebook.com/share/p/1CSjG9MrCW/,12,2,58,43,14,1,0,0,0,0,Más de 500 personas en el barrio San Luisito!… Ver más
PAOLA ANDREA FERNANDEZ REA,https://www.facebook.com/profile.php?id=100095305101750,no,2023-08-07,115000,0,2025-08-02,post,https://www.facebook.com/share/v/1B3o3JW2To/,8,10,55,39,13,1,0,0,1,1,"¡La Fuerza del Pueblo! 
A… Ver más"
PAOLA ANDREA FERNANDEZ REA,https://www.facebook.com/profile.php?id=100095305101750,no,2023-08-07,115000,0,2025-08-03,post,https://www.facebook.com/share/p/17ADj1iBYm/,6,41,80,64,14,1,0,0,0,1,Un riquísimos guiso de fideo para este primer domingo de Agosto! … Ver más
PAOLA ANDREA FERNANDEZ REA,https://www.facebook.com/profile.php?id=100095305101750,no,2023-08-07,115000,0,2025-08-04,post,https://www.facebook.com/share/p/19YaPfoqrW/,9,41,62,51,11,0,0,0,0,0, ¡Atención vecinos del Plan 3000!… Ver más
PAOLA ANDREA FERNANDEZ REA,https://www.facebook.com/profile.php?id=100095305101750,no,2023-08-07,115000,0,2025-08-05,post,https://www.facebook.com/share/p/1VNmUYZjjk/,5,40,50,37,13,0,0,0,0,0,"Mañana 6 de Agosto día de la patria, los esperamos en el barrio Cupesí Terrado para degustar de una riquísima patasca! … Ver más"
PAOLA ANDREA FERNANDEZ REA,https://www.facebook.com/profile.php?id=100095305101750,no,2023-08-07,115000,0,2025-08-06,post,https://www.facebook.com/share/p/1Ck6ch3rNn/,3,0,15,11,4,0,0,0,0,0," ¡Ya empezamos la repartición de la deliciosa patasca, chicha y gelatina en el barrio Cupesí Terrado del D8! 
Esta… Ver más"
