nombre perfil,url perfil,creación del perfil,seguidores,seguidos,fecha post,url post,comparticiones,reacciones en total,me gusta,me encanta,me divierte,me entristece,me sorprende,me enoja,me importa,contenido
Sayuri Loza,https://www.facebook.com/sayuri.loza,2008-08-19,56000,0,2025-05-31,https://www.facebook.com/share/p/19wUWLhSEt/,2,53,29,7,0,9,5,0,3,
Sayuri Loza,https://www.facebook.com/sayuri.loza,2008-08-19,56000,0,2025-05-31,https://www.facebook.com/share/p/19Dz2sUNCY/,27,8,3,0,0,5,0,0,0,
Sayuri Loza,https://www.facebook.com/sayuri.loza,2008-08-19,56000,0,2025-06-01,https://www.facebook.com/share/p/1ECwhTYnEL/,2,12,10,2,0,0,0,0,0,Wilde 
Sayuri Loza,https://www.facebook.com/sayuri.loza,2008-08-19,56000,0,2025-06-01,https://www.facebook.com/share/p/1HK1hTwUER/,3,17,9,5,0,0,1,0,2,Impresionante!
Sayuri Loza,https://www.facebook.com/sayuri.loza,2008-08-19,56000,0,2025-06-01,https://www.facebook.com/share/p/16UV9PjoEv/,14,338,17,0,1,315,4,0,1,
Sayuri Loza,https://www.facebook.com/sayuri.loza,2008-08-19,56000,0,2025-06-01,https://www.facebook.com/share/p/187q5DCdJ7/,80,469,352,56,46,9,2,0,4,"Mi informe sobre Harvard, para quienes lo pidieron "
Sayuri Loza,https://www.facebook.com/sayuri.loza,2008-08-19,56000,0,2025-06-01,https://www.facebook.com/share/p/1DQR7vC13H/,0,39,17,0,21,0,1,0,0,En realidad yo no pago esas cosas pero veo a Mamen 
Sayuri Loza,https://www.facebook.com/sayuri.loza,2008-08-19,56000,0,2025-06-01,https://www.facebook.com/share/p/1F6nRM9puL/,24,206,175,2,2,2,22,2,2,Sólo un pequeño recordatorio de que esto era lo que reflejaban las encuestas de Cies mori para Unitel en 2020. Analicen con los resultados finales y vean lo que ocurrió.
Sayuri Loza,https://www.facebook.com/sayuri.loza,2008-08-19,56000,0,2025-06-01,https://www.facebook.com/share/p/16a4K3TwCe/,11,566,306,12,203,2,42,1,0,Encuesta unitel
Sayuri Loza,https://www.facebook.com/sayuri.loza,2008-08-19,56000,0,2025-06-02,https://www.facebook.com/share/p/1BpA3o8x4T/,78,544,67,1,474,0,2,0,0,"Así era, aunque el Rodrigo no se parece"
Sayuri Loza,https://www.facebook.com/sayuri.loza,2008-08-19,56000,0,2025-06-02,https://www.facebook.com/share/p/1RRXFh2sXK/,110,551,72,2,478,0,0,0,0,Este está mejor
Sayuri Loza,https://www.facebook.com/sayuri.loza,2008-08-19,56000,0,2025-06-02,https://www.facebook.com/share/p/1AmyYzCSdz/,1,273,144,11,104,12,0,0,2,"La hermana gata está enojada porque el pollo ha subido de precio y ahora tiene que trabajar para ayudar con el gasto. Se recibe sugerencias de trabajos, en su perfil, e… Ver más"
Sayuri Loza,https://www.facebook.com/sayuri.loza,2008-08-19,56000,0,2025-06-02,https://www.facebook.com/share/p/19retQPe8U/,13,311,253,6,50,0,2,0,0,Era no más que lo pongan al Dunn 
Sayuri Loza,https://www.facebook.com/sayuri.loza,2008-08-19,56000,0,2025-06-02,https://www.facebook.com/share/p/1CpRuEW5yC/,10,202,23,1,173,0,2,1,3,Voto por Machete
Sayuri Loza,https://www.facebook.com/sayuri.loza,2008-08-19,56000,0,2025-06-02,https://www.facebook.com/share/p/16TeFbxH3o/,0,0,0,0,0,0,0,0,0,
Sayuri Loza,https://www.facebook.com/sayuri.loza,2008-08-19,56000,0,2025-06-02,https://www.facebook.com/share/p/16Xw6qM55R/,0,0,0,0,0,0,0,0,0,
Sayuri Loza,https://www.facebook.com/sayuri.loza,2008-08-19,56000,0,2025-06-02,https://www.facebook.com/share/p/16Nx5MQSW2/,4,93,12,0,80,0,0,2,0,Maguiber Rosales afirma que Copa y Richter van solos
Sayuri Loza,https://www.facebook.com/sayuri.loza,2008-08-19,56000,0,2025-06-02,https://www.facebook.com/share/p/16VBnPmD9Q/,97,452,84,0,5,255,104,4,1,"En Harvard nos dijeron que para 2028 el gas se habrá agotado por completo y si no tenemos dólares para importar, tocará ver con que cocinamos, además, el 70% del sistem… Ver más"
Sayuri Loza,https://www.facebook.com/sayuri.loza,2008-08-19,56000,0,2025-06-02,https://www.facebook.com/share/p/1Jd2LimvJq/,3,6,3,2,0,0,0,0,1,
Sayuri Loza,https://www.facebook.com/sayuri.loza,2008-08-19,56000,0,2025-06-02,https://www.facebook.com/share/p/19axQ5h71v/,8,394,79,0,310,0,2,1,2,"Ehm... El Samuel no debería agradecer ni nada porque es qhinchha, cada que felicita a alguien, ese alguien pierde (selección nacional, Carlos Mesa, Lenka Nemer, etc.). … Ver más"
