nombre perfil,url perfil,candidato identificado,creación del perfil,seguidores,seguidos,fecha post,tipo de post,url post,comparticiones,comentarios,reacciones en total,me gusta,me encanta,me divierte,me entristece,me sorprende,me enoja,me importa,contenido
PAMELA CAYAYA SALDIVAR,https://www.facebook.com/profile.php?id=61577218509056,no,2025-06-16,283,0,2025-07-29,post,https://www.facebook.com/share/v/15LnHNNsiX/,3,0,14,14,0,0,0,0,0,0, ¡Pamela Cayaya alza la voz de El Alto!… Ver más
PAMELA CAYAYA SALDIVAR,https://www.facebook.com/profile.php?id=61577218509056,no,2025-06-16,283,0,2025-07-31,post,https://www.facebook.com/share/v/1ELorrWbuN/,5,3,24,21,3,0,0,0,0,0," Día a día, el equipo no se rinde… ¡seguimos trabajando por El Alto!
Con esfuerzo, entrega y compromiso, salimos todos los días a las calles llevando el mensaje de esp… Ver más"
PAMELA CAYAYA SALDIVAR,https://www.facebook.com/profile.php?id=61577218509056,no,2025-06-16,283,0,2025-07-31,post,https://www.facebook.com/share/16tJbpv4o9/,6,2,33,25,8,0,0,0,0,0,
PAMELA CAYAYA SALDIVAR,https://www.facebook.com/profile.php?id=61577218509056,no,2025-06-16,283,0,2025-08-01,post,https://www.facebook.com/share/v/18hiy6Ww7X/,6,4,21,18,2,0,0,0,0,1," ¡Este sábado todos a la feria! 
La … Ver más"
PAMELA CAYAYA SALDIVAR,https://www.facebook.com/profile.php?id=61577218509056,no,2025-06-16,283,0,2025-08-01,post,https://www.facebook.com/share/v/1CPb7RYTmK/,3,6,23,18,5,0,0,0,0,0," Ayer estuvimos presentes en el gran debate con Manfred Reyes Villa en el Salón de Eventos de CINEBOL
Un espacio donde se habló con firmeza, propuestas claras y visión… Ver más"
PAMELA CAYAYA SALDIVAR,https://www.facebook.com/profile.php?id=61577218509056,no,2025-06-16,283,0,2025-08-02,post,https://www.facebook.com/share/v/1MK5FdZcDj/,1,0,10,9,1,0,0,0,0,0," ¡Estamos en la Feria del Productor al Consumidor!
Hoy compartimos con ustedes desde este espacio lleno de vida, donde apoyamos lo nuestro: productos frescos, manos bo… Ver más"
PAMELA CAYAYA SALDIVAR,https://www.facebook.com/profile.php?id=61577218509056,no,2025-06-16,283,0,2025-08-03,post,https://www.facebook.com/share/v/1UXMumM6Tq/,8,7,30,27,2,0,0,0,0,1," ¡Este 17 de agosto, vota con conciencia y esperanza!
 Vota por Manfred Reyes Villa para presidente.… Ver más"
PAMELA CAYAYA SALDIVAR,https://www.facebook.com/profile.php?id=61577218509056,no,2025-06-16,283,0,2025-08-04,post,https://www.facebook.com/share/v/1AywihVWfA/,0,0,5,4,1,0,0,0,0,0," *Manfred Reyes Villa no se queda en palabras, camina con el pueblo.*
Hoy llegó hasta **Yanamasi - Tiwanaku**, un lugar olvidado por muchos políticos, pero no por… Ver más"
PAMELA CAYAYA SALDIVAR,https://www.facebook.com/profile.php?id=61577218509056,no,2025-06-16,283,0,2025-08-05,post,https://www.facebook.com/share/p/16fKWh18C7/,3,0,10,9,1,0,0,0,0,0,
