nombre perfil,url perfil,candidato identificado,creación del perfil,seguidores,seguidos,fecha post,tipo de post,url post,comparticiones,comentarios,reacciones en total,me gusta,me encanta,me divierte,me entristece,me sorprende,me enoja,me importa,contenido
MARIA ESTHER GONGORA MIRANDA,https://www.facebook.com/mariaestherasambleista,sí,2021-01-03,1400,0,2025-06-03,post,https://www.facebook.com/share/v/1DfatEhwLp/,1,2,17,0,0,0,0,0,0,0,"Pido respeto a todos los asambleístas, no por el hecho de tener una mayoría de asambleístas serán prioridad, también las demás bancadas merecemos respeto porque la elec… Ver más"
MARIA ESTHER GONGORA MIRANDA,https://www.facebook.com/mariaestherasambleista,sí,2021-01-03,1400,0,2025-06-05,post,https://www.facebook.com/share/p/12KGmemi3xZ/,0,1,2,0,0,0,0,0,0,0,
MARIA ESTHER GONGORA MIRANDA,https://www.facebook.com/mariaestherasambleista,sí,2021-01-03,1400,0,2025-06-06,post,https://www.facebook.com/share/p/16rdxry3oc/,0,0,8,0,0,0,0,0,0,0,"Feliz dia a todos los maestr@s bolivianos, gracias por formar mentes, inspirar corazones y transformar vidas.
Gracias por su paciencia y dedicación, su labor es fundame… Ver más"
MARIA ESTHER GONGORA MIRANDA,https://www.facebook.com/mariaestherasambleista,sí,2021-01-03,1400,0,2025-06-07,post,https://www.facebook.com/share/p/16twxf2pGn/,0,1,8,0,0,0,0,0,0,0,
MARIA ESTHER GONGORA MIRANDA,https://www.facebook.com/mariaestherasambleista,sí,2021-01-03,1400,0,2025-06-08,post,https://www.facebook.com/share/p/1AYCHmZB9z/,0,0,0,0,0,0,0,0,0,0,Cap.MANFRED REYES VILLA  BOLIVIA PRIMERO
