nombre perfil,url perfil,candidato identificado,creación del perfil,seguidores,seguidos,fecha post,tipo de post,url post,comparticiones,comentarios,reacciones en total,me gusta,me encanta,me divierte,me entristece,me sorprende,me enoja,me importa,contenido
Adriana Salvatierra,https://www.facebook.com/Adriana1989sa,no,2014-07-15,243000,4,2025-02-21,post,https://www.facebook.com/share/p/18yfwmqW5G/,32,38,215,0,0,0,0,0,0,0,"Una entrevista completa, desde lo político, lo ideológico, desde qué pensamos para el país y por dónde creemos que vienen las alternativas para salir de la crisis. … Ver más"
Adriana Salvatierra,https://www.facebook.com/Adriana1989sa,no,2014-07-15,243000,4,2025-02-27,post,https://www.facebook.com/share/v/1Re7GvkzrN/,529,695,3000,0,0,0,0,0,0,0,Presenté mi renuncia al MAS-IPSP.… Ver más
Adriana Salvatierra,https://www.facebook.com/Adriana1989sa,no,2014-07-15,243000,4,2025-04-05,post,https://www.facebook.com/share/p/1FpBedSQFg/,10,104,579,0,0,0,0,0,0,0,"Artículo nuevo para reflexionar los motivos de la refundación del Instrumento Político y sus nuevos desafíos. 
Les invito a revisarlo
https://www.diario-red.com/.../20250405120000045187.html"
Adriana Salvatierra,https://www.facebook.com/Adriana1989sa,no,2014-07-15,243000,4,2025-05-16,post,https://www.facebook.com/share/p/16QqGdViUs/,207,2200,8000,0,0,0,0,0,0,0,"Nuestra marcha fue multitudinaria. 
Kilómetros de carretera con la gente unida alrededor de una gran convicción: Recuperar la Patria. … Ver más"
Adriana Salvatierra,https://www.facebook.com/Adriana1989sa,no,2014-07-15,243000,4,2025-05-22,post,https://www.facebook.com/share/p/1CNPAiKT29/,11,11,93,0,0,0,0,0,0,0,"El principal titular de la tapa de El Deber Radio  hoy dice: “10 demandas contra partidos amenazan el proceso electoral”.
De un sistema político de 14 partidos, 10  est… Ver más"
Adriana Salvatierra,https://www.facebook.com/Adriana1989sa,no,2014-07-15,243000,4,2025-06-04,post,https://www.facebook.com/share/p/1AqX13ssD2/,10,285,1400,0,0,0,0,0,0,0,"Cumplí un año más! Y la vida ha sido tremendamente generosa conmigo. 
Estoy muy agradecida por el cariño de quienes me extendieron un abrazo, una felicitación y su afec… Ver más"
