nombre perfil,url perfil,snapshot_date,creación del perfil,candidato identificado,seguidores,seguidos,fecha post,url post,comparticiones,comentarios,reacciones en total,me gusta,me encanta,me divierte,me entristece,me sorprende,me enoja,me importa,contenido
Andrea Cabrera Zambrana ,https://www.facebook.com/andrea.cabrera.1023611,2025-06-03,,no,11000,1500,2025-05-31,,0,1,4,3,1,0,0,0,0,0,
Andrea Cabrera Zambrana ,https://www.facebook.com/andrea.cabrera.1023611,2025-06-03,,no,11000,1500,2025-05-31,https://www.facebook.com/share/p/15SP3QgV2d/,8,1,5,2,0,0,3,0,0,0,#URGENTE
Andrea Cabrera Zambrana ,https://www.facebook.com/andrea.cabrera.1023611,2025-06-03,,no,11000,1500,2025-05-31,https://www.facebook.com/share/p/1BuXNUQd5B/,6,0,9,7,0,2,0,0,0,0,"“PREMIO A LA CORRUPCIÓN”
Deberías ser agradecido con tus padrinos, que te dejaron seguir siendo alcalde ilegalmente. … Ver más"
Andrea Cabrera Zambrana ,https://www.facebook.com/andrea.cabrera.1023611,2025-06-03,,no,11000,1500,2025-05-31,https://www.facebook.com/share/p/1LL2dXwXH4/,0,0,4,2,2,0,0,0,0,0,
Andrea Cabrera Zambrana ,https://www.facebook.com/andrea.cabrera.1023611,2025-06-03,,no,11000,1500,2025-05-31,https://www.facebook.com/share/p/16FVeLkwcJ/,1,23,66,61,1,2,0,2,0,0,"Peter Beckhauser acaba de confesar lo que Lilibeth Coimbra,COLA E' PEJI y yo venimos advirtiendo hace mucho. Ese grupito actúa por encargo, son mercenarios, sus bajadas de partidos son una estrategia masista."
Andrea Cabrera Zambrana ,https://www.facebook.com/andrea.cabrera.1023611,2025-06-03,,no,11000,1500,2025-05-31,https://www.facebook.com/share/p/1D1yKKUKgg/,0,0,5,3,2,0,0,0,0,0,#ApoyanosCompartiendo
Andrea Cabrera Zambrana ,https://www.facebook.com/andrea.cabrera.1023611,2025-06-03,,no,11000,1500,2025-06-01,https://www.facebook.com/share/v/16unK3aU2K/,32,10,51,31,19,0,0,0,0,1,El Mirador 1714 TE Espera!
Andrea Cabrera Zambrana ,https://www.facebook.com/andrea.cabrera.1023611,2025-06-03,,no,11000,1500,2025-06-01,https://www.facebook.com/share/p/1936RmJERo/,2,7,58,56,1,1,0,0,0,0,"No señor(a), si usted no fue encuestado esas encuestas no existen

Estamos hartos que nos vean la cara de pelotudos, cuando ninguno aquí fue encuestado."
Andrea Cabrera Zambrana ,https://www.facebook.com/andrea.cabrera.1023611,2025-06-03,,no,11000,1500,2025-06-01,https://www.facebook.com/share/p/1C6SRqGFSy/,0,0,11,3,0,0,0,0,8,0,Realmente me da pena mi ciudad
Andrea Cabrera Zambrana ,https://www.facebook.com/andrea.cabrera.1023611,2025-06-03,,no,11000,1500,2025-06-02,https://www.facebook.com/share/p/1BwMCMCYHY/,0,0,3,1,2,0,0,0,0,0,#ApoyanosCompartiendo
Andrea Cabrera Zambrana ,https://www.facebook.com/andrea.cabrera.1023611,2025-06-03,,no,11000,1500,2025-06-02,https://www.facebook.com/share/p/1BYuqNSh3w/,0,0,0,0,0,0,0,0,0,0,
Andrea Cabrera Zambrana ,https://www.facebook.com/andrea.cabrera.1023611,2025-06-03,,no,11000,1500,2025-06-02,https://www.facebook.com/share/p/199D7uaP9h/,2,0,8,8,0,0,0,0,0,0,
Andrea Cabrera Zambrana ,https://www.facebook.com/andrea.cabrera.1023611,2025-06-03,,no,11000,1500,2025-06-02,https://www.facebook.com/share/p/1DfdYyEDqf/,4,4,37,35,1,0,0,0,1,0,No hay nada más vomitivo que ser chupa de un masista o ex masista
Andrea Cabrera Zambrana ,https://www.facebook.com/andrea.cabrera.1023611,2025-06-03,,no,11000,1500,2025-06-02,https://www.facebook.com/share/p/15bwiR1zDZ/,0,0,5,2,3,0,0,0,0,0,Vamooos a Porongo pa’ San Juan!
Andrea Cabrera Zambrana ,https://www.facebook.com/andrea.cabrera.1023611,2025-06-03,,no,11000,1500,2025-06-02,https://www.facebook.com/share/v/1KuCzeektf/,10,0,34,21,0,1,3,1,8,0,Lptm que damos vergüenza 
Andrea Cabrera Zambrana ,https://www.facebook.com/andrea.cabrera.1023611,2025-06-03,,no,11000,1500,2025-06-03,https://www.facebook.com/share/p/16MpAKFbQR/,0,0,0,0,0,0,0,0,0,0,
