nombre perfil,url perfil,snapshot_date,creación del perfil,candidato identificado,seguidores,seguidos,fecha post,tipo de post,url post,comparticiones,comentarios,reacciones en total,me gusta,me encanta,me divierte,me entristece,me sorprende,me enoja,me importa,contenido
ROSMERY SUSI GABRIEL QUENTA,https://www.facebook.com/rosmerysusi.gabrielquenta.1,2025-07-23,,no,0,0,2025-07-16,post,https://www.facebook.com/share/v/16oqnt6iXL/,0,0,9,9,0,0,0,0,0,0,"Trabajamos por nuestro pueblo.
Trabajo,Justicia y Solidaridad… Ver más"
ROSMERY SUSI GABRIEL QUENTA,https://www.facebook.com/rosmerysusi.gabrielquenta.1,2025-07-23,,no,0,0,2025-07-16,post,https://www.facebook.com/share/p/1725umNmp7/,2,2,11,11,0,0,0,0,0,0,"¡Trabajo, Justicia y Solidaridad!
#LaFuerzaDelPueblo… Ver más"
ROSMERY SUSI GABRIEL QUENTA,https://www.facebook.com/rosmerysusi.gabrielquenta.1,2025-07-23,,no,0,0,2025-07-16,post,https://www.facebook.com/share/v/1JmJgsnNeb/,0,0,16,12,3,1,0,0,0,0,"Trabajo,Justicia y Solidaridad
Circunscripcion 17
#L… Ver más"
ROSMERY SUSI GABRIEL QUENTA,https://www.facebook.com/rosmerysusi.gabrielquenta.1,2025-07-23,,no,0,0,2025-07-16,post,https://www.facebook.com/share/v/1Hneb7RfvR/,1,0,11,10,1,0,0,0,0,0,"Junto a nuestro Hermano Jhonny Fernandez 
#… Ver más"
ROSMERY SUSI GABRIEL QUENTA,https://www.facebook.com/rosmerysusi.gabrielquenta.1,2025-07-23,,no,0,0,2025-07-16,post,https://www.facebook.com/share/v/1Lu33D2UUq/,0,0,16,14,1,1,0,0,0,0,"Jhonny Presidente 
Rosmery Diputada Uninominal… Ver más"
ROSMERY SUSI GABRIEL QUENTA,https://www.facebook.com/rosmerysusi.gabrielquenta.1,2025-07-23,,no,0,0,2025-07-16,post,https://www.facebook.com/share/p/1Bj2jeLbzi/,1,0,11,8,3,0,0,0,0,0,"#JhonnyFernandez
#LaPaz… Ver más"
ROSMERY SUSI GABRIEL QUENTA,https://www.facebook.com/rosmerysusi.gabrielquenta.1,2025-07-23,,no,0,0,2025-07-16,post,https://www.facebook.com/share/p/1Z7qWpV9yj/,0,0,11,11,0,0,0,0,0,0,"#JhonnyFernandez
#LaPaz… Ver más"
ROSMERY SUSI GABRIEL QUENTA,https://www.facebook.com/rosmerysusi.gabrielquenta.1,2025-07-23,,no,0,0,2025-07-16,post,https://www.facebook.com/share/p/16k4itNppB/,0,0,11,0,0,0,0,0,0,0,"LA FUERZA DEL PUEBLO 
#JhonnyFernandez
#LaPaz
#p… Ver más"
ROSMERY SUSI GABRIEL QUENTA,https://www.facebook.com/rosmerysusi.gabrielquenta.1,2025-07-23,,no,0,0,2025-07-16,post,https://www.facebook.com/share/p/199V142GtR/,3,0,13,12,1,0,0,0,0,0,"LA FUERZA DEL PUEBLO 
#JhonnyFern… Ver más"
ROSMERY SUSI GABRIEL QUENTA,https://www.facebook.com/rosmerysusi.gabrielquenta.1,2025-07-23,,no,0,0,2025-07-19,post,https://www.facebook.com/share/p/1HVpMFyC3H/,7,0,9,9,0,0,0,0,0,0,"Trabajo Justicia y Solidaridad
#jhonnyfernandez #provinciaaroma  #provinciapacajes … Ver más"
ROSMERY SUSI GABRIEL QUENTA,https://www.facebook.com/rosmerysusi.gabrielquenta.1,2025-07-23,,no,0,0,2025-07-19,post,https://www.facebook.com/share/p/1B4C7KCuVP/,0,0,8,8,0,0,0,0,0,0,"Trabajo Justicia y Solidaridad
QR Redes Sociales… Ver más"
ROSMERY SUSI GABRIEL QUENTA,https://www.facebook.com/rosmerysusi.gabrielquenta.1,2025-07-23,,no,0,0,2025-07-19,post,https://www.facebook.com/share/v/15ktDc1bRn/,7,0,15,12,3,0,0,0,0,0,"Seguimos avanzando LA FUERZA DEL PUEBLO 
#LaFuerzaDelPueblo
#provinci… Ver más"
ROSMERY SUSI GABRIEL QUENTA,https://www.facebook.com/rosmerysusi.gabrielquenta.1,2025-07-23,,no,0,0,2025-07-19,post,https://www.facebook.com/share/v/1B4L5fWdCZ/,16,0,10,10,0,0,0,0,0,0,"La Fuerza del pueblo tiene grandes propuestas , vamos y sigamos luchando 
#LaFuerzaDelPueblo… Ver más"
