nombre perfil,url perfil,snapshot_date,creación del perfil,candidato identificado,seguidores,seguidos,fecha post,tipo de post,url post,comparticiones,comentarios,reacciones en total,me gusta,me encanta,me divierte,me entristece,me sorprende,me enoja,me importa,contenido
LIDIA JANETH PIZARRO CHUQUICHAMBI,https://www.facebook.com/JanethPizarroChuquichambi,2025-07-23,2023-11-21,no,1200,16,2025-07-15,post,https://www.facebook.com/share/p/14ExPBBNNRr/,0,0,1,1,0,0,0,0,0,0,
LIDIA JANETH PIZARRO CHUQUICHAMBI,https://www.facebook.com/JanethPizarroChuquichambi,2025-07-23,2023-11-21,no,1200,16,2025-07-15,post,https://www.facebook.com/share/p/1AfipeHEkk/,18,5,40,38,1,0,0,0,0,1,Juntos con Janeth Pizarro candidata a Diputada Uninominal por la C15.… Ver más
LIDIA JANETH PIZARRO CHUQUICHAMBI,https://www.facebook.com/JanethPizarroChuquichambi,2025-07-23,2023-11-21,no,1200,16,2025-07-16,post,https://www.facebook.com/share/p/169pZDxh18/,40,0,38,37,1,0,0,0,0,0," ¡Felicidades La Paz, en su 216 aniversario!… Ver más"
LIDIA JANETH PIZARRO CHUQUICHAMBI,https://www.facebook.com/JanethPizarroChuquichambi,2025-07-23,2023-11-21,no,1200,16,2025-07-16,post,https://www.facebook.com/share/p/1WYzf6XBGg/,46,1,42,38,0,4,0,0,0,0," ¡Gracias Carrasco! 
… Ver más"
LIDIA JANETH PIZARRO CHUQUICHAMBI,https://www.facebook.com/JanethPizarroChuquichambi,2025-07-23,2023-11-21,no,1200,16,2025-07-17,post,https://www.facebook.com/share/p/1JprdeKJcf/,17,3,31,30,0,0,0,1,0,0,¡Escuchando a Caranavi!… Ver más
LIDIA JANETH PIZARRO CHUQUICHAMBI,https://www.facebook.com/JanethPizarroChuquichambi,2025-07-23,2023-11-21,no,1200,16,2025-07-17,post,https://www.facebook.com/share/p/1X3rikWWCU/,11,1,30,24,4,1,0,0,0,1,¡Solo quien sale de las bases defiende al pueblo!… Ver más
LIDIA JANETH PIZARRO CHUQUICHAMBI,https://www.facebook.com/JanethPizarroChuquichambi,2025-07-23,2023-11-21,no,1200,16,2025-07-18,post,https://www.facebook.com/share/p/16yVpJXtNa/,25,1,25,24,0,1,0,0,0,0,"Por el futuro que soñamos para nuestros hijos e hijas, defenderemos nuestros recursos naturales, defenderemos nuestras tierras, nuestro trabajo, forjaremos  con la fren… Ver más"
LIDIA JANETH PIZARRO CHUQUICHAMBI,https://www.facebook.com/JanethPizarroChuquichambi,2025-07-23,2023-11-21,no,1200,16,2025-07-18,post,https://www.facebook.com/share/p/1AoQ4GvbTQ/,2,1,23,21,1,1,0,0,0,0,
LIDIA JANETH PIZARRO CHUQUICHAMBI,https://www.facebook.com/JanethPizarroChuquichambi,2025-07-23,2023-11-21,no,1200,16,2025-07-20,post,https://www.facebook.com/share/v/19tpkvbngC/,39,1,50,46,3,1,0,0,0,0,"Con orgullo y compromiso, soy candidata a Diputada por La Paz, circunscripción 15 por el MAS-IPSP, porque somos la fuerza del pueblo!… Ver más"
LIDIA JANETH PIZARRO CHUQUICHAMBI,https://www.facebook.com/JanethPizarroChuquichambi,2025-07-23,2023-11-21,no,1200,16,2025-07-20,post,https://www.facebook.com/share/p/16V7Dykf8H/,15,0,19,17,1,0,0,0,0,1,"Janeth Pizarro candidata a Diputada C15 por el Norte de La Paz, tejiendo la unidad de Boliva. … Ver más"
LIDIA JANETH PIZARRO CHUQUICHAMBI,https://www.facebook.com/JanethPizarroChuquichambi,2025-07-23,2023-11-21,no,1200,16,2025-07-21,post,https://www.facebook.com/share/p/1HogpZqjYT/,38,4,54,47,3,4,0,0,0,0,"Porque el pueblo merece soluciones reales y duraderas. 
 
Mi compromiso siempre será con el pueblo, porque Bolivia está primero 
¡… Ver más"
LIDIA JANETH PIZARRO CHUQUICHAMBI,https://www.facebook.com/JanethPizarroChuquichambi,2025-07-23,2023-11-21,no,1200,16,2025-07-21,post,https://www.facebook.com/share/p/1YEsn8qgXu/,4,0,21,21,0,0,0,0,0,0,"Janeth Pizarro, Candidata a Diputada por la Circunscripción 15
Este 17 de agosto 2025, triunfará la conciencia y  convicción de nuestra gente.… Ver más"
LIDIA JANETH PIZARRO CHUQUICHAMBI,https://www.facebook.com/JanethPizarroChuquichambi,2025-07-23,2023-11-21,no,1200,16,2025-07-21,post,https://www.facebook.com/share/p/1B1AM67M2g/,1,0,19,19,0,0,0,0,0,0,"Janeth Pizarro, candidata a Diputada por la C15 del Norte de La Paz.… Ver más"
LIDIA JANETH PIZARRO CHUQUICHAMBI,https://www.facebook.com/JanethPizarroChuquichambi,2025-07-23,2023-11-21,no,1200,16,2025-07-21,post,https://www.facebook.com/share/p/1C6bHFKRcR/,0,0,12,11,1,0,0,0,0,0,https://www.facebook.com/share/p/19SrEcNRvz/?mibextid=wwXIfr
LIDIA JANETH PIZARRO CHUQUICHAMBI,https://www.facebook.com/JanethPizarroChuquichambi,2025-07-23,2023-11-21,no,1200,16,2025-07-22,post,https://www.facebook.com/share/r/1CLAmgknW5/,41,3,36,31,2,1,0,1,1,0," Sabemos muy bien que los autos chutos son una herramienta de trabajo importante, por tal motivo vamos a plantear una ley en la
Asamblea Legislativa para legalizar est… Ver más"
LIDIA JANETH PIZARRO CHUQUICHAMBI,https://www.facebook.com/JanethPizarroChuquichambi,2025-07-30,2023-11-21,no,1200,16,2025-07-22,post,https://www.facebook.com/share/r/1CRYacNFKi/,44,4,50,44,2,2,0,1,1,0," Sabemos muy bien que los autos chutos son una herramienta de trabajo importante, por tal motivo vamos a plantear una ley en la
Asamblea Legislativa para legalizar est… Ver más"
LIDIA JANETH PIZARRO CHUQUICHAMBI,https://www.facebook.com/JanethPizarroChuquichambi,2025-07-30,2023-11-21,no,1200,16,2025-07-23,post,https://www.facebook.com/share/r/1HbdzWUC6T/,39,1,34,28,3,3,0,0,0,0,Nuestras carreteras y caminos del Norte de La Paz serán nuestra prioridad y trabajaremos para seguir construyendo nuevos puentes y tramos que conecten nuestras comunida… Ver más
LIDIA JANETH PIZARRO CHUQUICHAMBI,https://www.facebook.com/JanethPizarroChuquichambi,2025-07-30,2023-11-21,no,1200,16,2025-07-24,post,https://www.facebook.com/share/p/1BtSZdeZyc/,36,3,35,29,3,0,0,0,1,2,¡Por nuestra identidad! … Ver más
LIDIA JANETH PIZARRO CHUQUICHAMBI,https://www.facebook.com/JanethPizarroChuquichambi,2025-07-30,2023-11-21,no,1200,16,2025-07-24,post,https://www.facebook.com/share/p/1S44ihQ9v8/,38,11,46,40,1,4,0,0,0,1, ¡Seguimos recorriendo el Norte de La Paz y compartiendo con el Pueblo!… Ver más
LIDIA JANETH PIZARRO CHUQUICHAMBI,https://www.facebook.com/JanethPizarroChuquichambi,2025-07-30,2023-11-21,no,1200,16,2025-07-26,post,https://www.facebook.com/share/p/1CVEcGuEBx/,38,0,38,34,2,2,0,0,0,0," ¡Con el Norte de La Paz en el corazón, vamos adelante!
… Ver más"
LIDIA JANETH PIZARRO CHUQUICHAMBI,https://www.facebook.com/JanethPizarroChuquichambi,2025-07-30,2023-11-21,no,1200,16,2025-07-26,post,https://www.facebook.com/share/p/1F4Uxrkb24/,1,0,23,21,1,1,0,0,0,0,
LIDIA JANETH PIZARRO CHUQUICHAMBI,https://www.facebook.com/JanethPizarroChuquichambi,2025-07-30,2023-11-21,no,1200,16,2025-07-29,post,https://www.facebook.com/share/r/1F1ZbL8mnM/,33,2,17,17,0,0,0,0,0,0," Me comprometo a impulsar una ley para la legalización de los autos chutos, porque conozco de cerca la realidad de nuestras comunidades y municipios.
E… Ver más"
LIDIA JANETH PIZARRO CHUQUICHAMBI,https://www.facebook.com/JanethPizarroChuquichambi,2025-07-30,2023-11-21,no,1200,16,2025-07-29,post,https://www.facebook.com/share/p/14NnEcdKXLQ/,37,0,27,24,3,0,0,0,0,0,"Comprometida con el desarrollo sostenible del Norte de La Paz 
Como … Ver más"
LIDIA JANETH PIZARRO CHUQUICHAMBI,https://www.facebook.com/JanethPizarroChuquichambi,2025-08-06,2023-11-21,no,1200,16,2025-07-30,post,https://www.facebook.com/share/p/1ChX9B7L1K/,35,4,33,27,6,0,0,0,0,0," Seguimos recorriendo el Norte de La Paz, escuchando a mujeres y hombres valientes, juventudes comprometidas, productores, gremiales y transportistas que cada día saca… Ver más"
LIDIA JANETH PIZARRO CHUQUICHAMBI,https://www.facebook.com/JanethPizarroChuquichambi,2025-08-06,2023-11-21,no,1200,16,2025-07-30,post,https://www.facebook.com/share/p/1CXobpjC2V/,18,0,22,17,5,0,0,0,0,0," ¡Una propuesta que protege nuestra tierra y futuro! 
Des… Ver más"
LIDIA JANETH PIZARRO CHUQUICHAMBI,https://www.facebook.com/JanethPizarroChuquichambi,2025-08-06,2023-11-21,no,1200,16,2025-08-01,post,https://www.facebook.com/share/p/1LP87Thph7/,70,0,64,62,2,0,0,0,0,0," Desde el territorio y con experiencia, he acompañado a nuestras hermanas y hermanos productores del Norte de La Paz, fortaleciendo sus emprendimientos y cuidando … Ver más"
LIDIA JANETH PIZARRO CHUQUICHAMBI,https://www.facebook.com/JanethPizarroChuquichambi,2025-08-06,2023-11-21,no,1200,16,2025-08-02,post,https://www.facebook.com/share/p/1Bn87uj79Y/,39,0,41,36,3,2,0,0,0,0," Vengo de una historia construida con trabajo, desde el chaco y la cosecha, como muchas familias del Norte de La Paz, pertenezco la familia intercultural y conozco las… Ver más"
LIDIA JANETH PIZARRO CHUQUICHAMBI,https://www.facebook.com/JanethPizarroChuquichambi,2025-08-06,2023-11-21,no,1200,16,2025-08-04,post,https://www.facebook.com/share/p/179VzmtJ2y/,36,1,24,24,0,0,0,0,0,0," 
 Con los bonos verdes, el cuidado del medio ambiente se va a pagar
Los… Ver más"
LIDIA JANETH PIZARRO CHUQUICHAMBI,https://www.facebook.com/JanethPizarroChuquichambi,2025-08-06,2023-11-21,no,1200,16,2025-08-04,post,https://www.facebook.com/share/p/19UNNfRKRN/,20,2,16,16,0,0,0,0,0,0," ¡Con conciencia, con memoria y con dignidad, votamos al MAS-IPSP!… Ver más"
LIDIA JANETH PIZARRO CHUQUICHAMBI,https://www.facebook.com/JanethPizarroChuquichambi,2025-08-06,2023-11-21,no,1200,16,2025-08-05,post,https://www.facebook.com/share/p/1CMyyibPS3/,23,0,15,15,0,0,0,0,0,0,"¡El cuidado de nuestra Madre Tierra va a generar ingresos! 
 
Nu… Ver más"
