nombre perfil,url perfil,candidato identificado,creación del perfil,seguidores,seguidos,fecha post,tipo de post,url post,comparticiones,comentarios,reacciones en total,me gusta,me encanta,me divierte,me entristece,me sorprende,me enoja,me importa,contenido
Paola Aguirre ,https://www.facebook.com/paolaaguirremelgar,no,2021-01-06,56000,19,2025-06-18,post,https://www.facebook.com/paolaaguirremelgar/posts/pfbid026ApX55ioXHdufF2sJStzz12RETJPERtCdXLr9By3669Mi26q1y6fwvKviMB9y89sl,120,77,594,501,75,9,1,0,2,6,
Paola Aguirre ,https://www.facebook.com/paolaaguirremelgar,no,2021-01-06,56000,19,2025-06-23,post,https://www.facebook.com/paolaaguirremelgar/posts/pfbid0t2JfASHamnwbWXuEEyjxfYtQtfK34GNob1QaonQYpBjod4hZu3g65DDjjTLpq8kJl,3,33,609,0,0,0,0,0,0,9,"Hasta ahora, la noche más fría del año.
Recibiendo San Juan con las costumbres y tradiciones de Porongo "
Paola Aguirre ,https://www.facebook.com/paolaaguirremelgar,no,2021-01-06,56000,19,2025-06-24,post,https://www.facebook.com/paolaaguirremelgar/posts/pfbid02BJXVAKVLRQnxSjaqrqPYamPvBStDHimpGvdTTG4BEZ9Se2dxHm4KfkMnKGXZ41RHl,44,32,84,0,0,0,0,0,0,0,"El abuso de poder para encarcelar opositores y reprimir protestas ciudadanas e inoperancia cómplice ante los narcotraficantes y terroristas del Chaparé, han sido los ej… Ver más"
