nombre perfil,url perfil,snapshot_date,creación del perfil,candidato identificado,seguidores,seguidos,fecha post,tipo de post,url post,comparticiones,comentarios,reacciones en total,me gusta,me encanta,me divierte,me entristece,me sorprende,me enoja,me importa,contenido
DANDY BAUER DORADO,https://www.facebook.com/profile.php?id=61578261328878,2025-07-22,2025-07-10,no,117,1,2025-07-14,post,https://www.facebook.com/share/p/1E8WB98vAp/,9,0,3,1,2,0,0,0,0,0,
DANDY BAUER DORADO,https://www.facebook.com/profile.php?id=61578261328878,2025-07-22,2025-07-10,no,117,1,2025-07-14,post,https://www.facebook.com/share/p/1C6w3WnhQ4/,8,0,6,5,1,0,0,0,0,0,
DANDY BAUER DORADO,https://www.facebook.com/profile.php?id=61578261328878,2025-07-22,2025-07-10,no,117,1,2025-07-14,post,https://www.facebook.com/share/p/1ByBTvjHwW/,24,0,8,5,2,1,0,0,0,0,La salida es x la derecha
DANDY BAUER DORADO,https://www.facebook.com/profile.php?id=61578261328878,2025-07-22,2025-07-10,no,117,1,2025-07-14,post,https://www.facebook.com/share/v/16viriUWhR/,8,1,5,5,0,0,0,0,0,0,
DANDY BAUER DORADO,https://www.facebook.com/profile.php?id=61578261328878,2025-07-22,2025-07-10,no,117,1,2025-07-14,post,https://www.facebook.com/share/p/1HoSEaqCb3/,10,0,6,5,1,0,0,0,0,0,
DANDY BAUER DORADO,https://www.facebook.com/profile.php?id=61578261328878,2025-07-22,2025-07-10,no,117,1,2025-07-14,post,https://www.facebook.com/share/p/1C1WmaEQJi/,1,0,6,6,0,0,0,0,0,0,
DANDY BAUER DORADO,https://www.facebook.com/profile.php?id=61578261328878,2025-07-22,2025-07-10,no,117,1,2025-07-18,post,https://www.facebook.com/share/v/16zfJC1oYi/,5,0,4,4,0,0,0,0,0,0,Con la Falange Socialista Boliviana y la sigla Libertad y Progreso todos marcaremos la diferencia
