nombre perfil,url perfil,candidato identificado,creación del perfil,seguidores,seguidos,fecha post,tipo de post,url post,comparticiones,comentarios,reacciones en total,me gusta,me encanta,me divierte,me entristece,me sorprende,me enoja,me importa,contenido
FLAVIA BARBERY RAMOS,https://www.facebook.com/flavia.barberyramos,no,,0,0,2025-07-29,post,https://www.facebook.com/share/p/1C5DZBZGtH/,51,4,41,28,13,0,0,0,0,0,"Visité el mercado 29 de Noviembre en Minero y conversé con nuestros hermanos gremiales. El 85% del país trabaja en la informalidad y eso los limita a crecer, acceder a … Ver más"
FLAVIA BARBERY RAMOS,https://www.facebook.com/flavia.barberyramos,no,,0,0,2025-07-30,post,https://www.facebook.com/share/p/1BFYu6iYkY/,17,0,29,18,11,0,0,0,0,0,"Anoche tuve una grata conversación con los vecinos de la UV 2 en Satélite Norte, Warnes. Escuchar sus inquietudes y compartir nuestras propuestas es fundamental, porque… Ver más"
FLAVIA BARBERY RAMOS,https://www.facebook.com/flavia.barberyramos,no,,0,0,2025-07-30,post,https://www.facebook.com/share/p/1AqcGs9YaW/,34,1,21,16,5,0,0,0,0,0,¡Mañana nos vemos en El Cairo 4!… Ver más
FLAVIA BARBERY RAMOS,https://www.facebook.com/flavia.barberyramos,no,,0,0,2025-07-30,post,https://www.facebook.com/share/p/1BCwSSHwuC/,22,1,41,29,12,0,0,0,0,0,"Hoy tuve el privilegio de visitar la comunidad Clara Chuchío, donde me crié. Esta comunidad no solo forma parte de la C52, sino también del alma de Santa Cruz.
Por años… Ver más"
FLAVIA BARBERY RAMOS,https://www.facebook.com/flavia.barberyramos,no,,0,0,2025-07-31,post,https://www.facebook.com/share/p/19bkr8USFC/,19,1,34,26,8,0,0,0,0,0,"Estuve recorriendo el barrio San Antonio en el municipio de Warnes, tocando puertas, conversando con vecinos y escuchando de primera mano sus preocupaciones y sueños.… Ver más"
FLAVIA BARBERY RAMOS,https://www.facebook.com/flavia.barberyramos,no,,0,0,2025-08-01,post,https://www.facebook.com/share/v/1FmUX2fyWq/,82,11,149,122,12,13,1,0,0,1,Caravana por la libertad… Ver más
FLAVIA BARBERY RAMOS,https://www.facebook.com/flavia.barberyramos,no,,0,0,2025-08-02,post,https://www.facebook.com/share/p/16kgwYSW8Q/,34,4,44,31,12,0,0,0,0,1,"Tuve una reunión muy valiosa con vecinos de las comunidades Murillo y Sagrado Corazón, en el municipio de San Pedro. Como siempre, fue un espacio para escucharnos, comp… Ver más"
FLAVIA BARBERY RAMOS,https://www.facebook.com/flavia.barberyramos,no,,0,0,2025-08-02,post,2025-08-02,0,32,185,177,7,1,0,0,0,0,
FLAVIA BARBERY RAMOS,https://www.facebook.com/flavia.barberyramos,no,,0,0,2025-08-03,post,https://www.facebook.com/share/p/1D3G6HSb2P/,10,0,10,7,3,0,0,0,0,0,¡En minutos arranca la inauguración de nuestra Casa de Campaña en Saavedra!… Ver más
FLAVIA BARBERY RAMOS,https://www.facebook.com/flavia.barberyramos,no,,0,0,2025-08-03,post,https://www.facebook.com/share/v/15Lrx6EV7q/,57,2,91,83,5,3,0,0,0,0,¡Qué jornada tan poderosa vivimos en Santa Rosa del Sara!… Ver más
FLAVIA BARBERY RAMOS,https://www.facebook.com/flavia.barberyramos,no,,0,0,2025-08-03,post,https://www.facebook.com/share/p/1GgNBGDbK5/,9,0,27,21,6,0,0,0,0,0,"Recorrimos Hardeman junto a Herlan Catalá para escuchar a los vecinos y productores. Nuestro compromiso es claro: apoyar al sector productivo, garantizar seguridad jurí… Ver más"
FLAVIA BARBERY RAMOS,https://www.facebook.com/flavia.barberyramos,no,,0,0,2025-08-04,post,https://www.facebook.com/share/v/18iBYNnZWc/,42,7,112,95,17,0,0,0,0,0,"No tengo palabras para describir lo que sentí anoche en Saavedra.
Durante mi discurso no pude contener las lágrimas… y fue entonces que un vecino se acercó y me entregó… Ver más"
FLAVIA BARBERY RAMOS,https://www.facebook.com/flavia.barberyramos,no,,0,0,2025-08-04,post,https://www.facebook.com/share/p/19ZLJXmtq8/,16,3,11,10,1,0,0,0,0,0,
