nombre perfil,url perfil,candidato identificado,creación del perfil,seguidores,seguidos,fecha post,tipo de post,url post,comparticiones,comentarios,reacciones en total,me gusta,me encanta,me divierte,me entristece,me sorprende,me enoja,me importa,contenido
MARGOTH CERVANTES ALVAREZ,https://www.facebook.com/profile.php?id=61577777165669,no,2025-06-28,88,1,2025-07-29,post,https://www.facebook.com/share/v/19LYjx29nY/,7,0,10,9,1,0,0,0,0,0,"EL ACCESO A LA SALUD ES PRIMORDIAL PARA NUESTRA GENTE
Llegamos al Municipio de Colpa Bélgica con médicos especialistas para brindar una atención médica integral oportun… Ver más"
MARGOTH CERVANTES ALVAREZ,https://www.facebook.com/profile.php?id=61577777165669,no,2025-06-28,88,1,2025-07-29,post,https://www.facebook.com/share/p/16qMhWtCwd/,0,0,5,4,1,0,0,0,0,0,
MARGOTH CERVANTES ALVAREZ,https://www.facebook.com/profile.php?id=61577777165669,no,2025-06-28,88,1,2025-07-29,post,https://www.facebook.com/share/v/14GmhS6RP4L/,5,0,42,32,4,5,0,0,1,0,"GRACIAS PEDRO LORENZO POR RECIBIRNOS CON LOS BRAZOS ABIERTOS 
Visitamos a nuestra gente de esta población pujante en la producción con propuestas concretas para la reac… Ver más"
MARGOTH CERVANTES ALVAREZ,https://www.facebook.com/profile.php?id=61577777165669,no,2025-06-28,88,1,2025-07-30,post,https://www.facebook.com/share/p/19Nx2tBiHx/,5,0,10,8,2,0,0,0,0,0,"GRACIAS POR EL RECIBIMIENTO AL BARRIO LOS ANGELES Y SAN FRANCISCO
Entregamos las bolsas solidarias de víveres a nuestros vecinos de los diferentes barrios de la C56. El… Ver más"
MARGOTH CERVANTES ALVAREZ,https://www.facebook.com/profile.php?id=61577777165669,no,2025-06-28,88,1,2025-07-30,post,https://www.facebook.com/share/v/14F5vmye6Pe/,11,1,14,11,3,0,0,0,0,0,"BRIGADAS MÉDICAS PARA NUESTRA GENTE DE EL TORNO
Diferentes especialidades se brindaron a las personas de El Torno para que tengan acceso a la salud. Nuestro compromiso … Ver más"
MARGOTH CERVANTES ALVAREZ,https://www.facebook.com/profile.php?id=61577777165669,no,2025-06-28,88,1,2025-07-30,post,https://www.facebook.com/share/p/1FBQ9vZUjg/,4,0,7,6,1,0,0,0,0,0,Calincho se une al equipo ganador 
MARGOTH CERVANTES ALVAREZ,https://www.facebook.com/profile.php?id=61577777165669,no,2025-06-28,88,1,2025-08-01,post,https://www.facebook.com/share/v/1BWbU2KnFz/,8,7,58,0,0,0,0,0,0,0,"INICIAMOS LA CAMPAÑA CON UNA CARAVANA DESDE LA GUARDIA HACIA EL TORNO
Con la participación de nuestra gente realizamos un recorrido para compartir con la población que … Ver más"
MARGOTH CERVANTES ALVAREZ,https://www.facebook.com/profile.php?id=61577777165669,no,2025-06-28,88,1,2025-08-02,post,https://www.facebook.com/share/p/19akbshST7/,4,1,11,10,1,0,0,0,0,0,"EL SECTOR TRANSPORTE ES UNO DE LOS SECTORES MAS VULNERABLES DE LA SOCIEDAD
Nuestro compromiso es proyectar leyes en favor de este sector que corre peligro en su vida la… Ver más"
MARGOTH CERVANTES ALVAREZ,https://www.facebook.com/profile.php?id=61577777165669,no,2025-06-28,88,1,2025-08-02,post,https://www.facebook.com/share/p/1FVKWk3hRT/,4,0,9,7,2,0,0,0,0,0,"Compartimos una noche deportiva con los jóvenes del barrio Nuevo Amanecer del D3 de La Guardia, con el objetivo de apoyar el deporte en nuestra juventud.… Ver más"
MARGOTH CERVANTES ALVAREZ,https://www.facebook.com/profile.php?id=61577777165669,no,2025-06-28,88,1,2025-08-02,post,https://www.facebook.com/share/p/1CBotYDb5M/,5,0,6,4,2,0,0,0,0,0,"ESTUVIMOS PRESENTES CON EL APOYO A NUESTRO FUTURO PRESIDENTE SAMUEL DORIA MEDINA
El debate presidencial se llevó adelante en el Hotel Radison, donde estuvimos con nuest… Ver más"
MARGOTH CERVANTES ALVAREZ,https://www.facebook.com/profile.php?id=61577777165669,no,2025-06-28,88,1,2025-08-02,post,https://www.facebook.com/share/p/1DpVvPPJgN/,1,0,5,3,2,0,0,0,0,0,"LLEGAMOS HASTA PORONGO CON PROPUESTAS CONCRETAS
Nuestro compromiso es trabajar por el bienestar de la población mediante la recuperación económica en 100 días.… Ver más"
MARGOTH CERVANTES ALVAREZ,https://www.facebook.com/profile.php?id=61577777165669,no,2025-06-28,88,1,2025-08-02,post,https://www.facebook.com/share/p/1AwiteLsyo/,3,0,4,4,0,0,0,0,0,0,"LAS COMUNIDADES SÍ NOS IMPORTAN
Esta vez volvimos a cruzar el rio pirai hacia las comunidades de Jorochito del Municipio de El Torno, con el objetivo de escuchar las ne… Ver más"
MARGOTH CERVANTES ALVAREZ,https://www.facebook.com/profile.php?id=61577777165669,no,2025-06-28,88,1,2025-08-03,post,https://www.facebook.com/share/p/1BsNyY2gqS/,4,0,5,3,2,0,0,0,0,0,"GARANTIZAMOS LA RENTA DIGNIDAD PARA EL ADULTO MAYOR
El compromiso es garantizar la renta dignidad para nuestros padres y madres e incrementar paulatinamente para vivir … Ver más"
MARGOTH CERVANTES ALVAREZ,https://www.facebook.com/profile.php?id=61577777165669,no,2025-06-28,88,1,2025-08-04,post,https://www.facebook.com/share/p/19ocP3L9o3/,8,0,7,5,2,0,0,0,0,0,"LOS GREMIALES DE CUMBRE DE LAS AMÉRICAS QUIEREN UN CAMBIO
Gracias por la invitación a nuestros gremiales para hacerles conocer nuestras propuestas para este sector que … Ver más"
MARGOTH CERVANTES ALVAREZ,https://www.facebook.com/profile.php?id=61577777165669,no,2025-06-28,88,1,2025-08-04,post,https://www.facebook.com/share/p/1JQMXMjZWg/,6,0,5,4,1,0,0,0,0,0,"ESUCHAMOS LAS DEMANDAS DE NUESTROS ADULTOS MAYORES
La mejor manera de proponer, es escuchar a nuestra gente, escuchar las diferentes demandas que tienen para identifica… Ver más"
MARGOTH CERVANTES ALVAREZ,https://www.facebook.com/profile.php?id=61577777165669,no,2025-06-28,88,1,2025-08-04,post,https://www.facebook.com/share/p/1GhCiLWt4i/,0,0,7,5,2,0,0,0,0,0,Cumplimos nuestro compromiso con el adulto mayor del barrio Simón Bolívar del km14 La Guardia.… Ver más
MARGOTH CERVANTES ALVAREZ,https://www.facebook.com/profile.php?id=61577777165669,no,2025-06-28,88,1,2025-08-04,post,https://www.facebook.com/share/p/1CWtLyGiVW/,4,0,11,7,4,0,0,0,0,0,"EL COMPROMISO ES TRABAJAR DE PUERTAS ABIERTAS CON NUESTROS VECINOS
Con el objetivo de cambiar la economía mediante la proyección de leyes que beneficien a nuestra gente… Ver más"
MARGOTH CERVANTES ALVAREZ,https://www.facebook.com/profile.php?id=61577777165669,no,2025-06-28,88,1,2025-08-05,post,https://www.facebook.com/share/p/195uTUTadu/,1,0,4,4,0,0,0,0,0,0,Cuando tengas la papeleta en tus mano…Y busques con la vista la opción correcta…… Ver más
MARGOTH CERVANTES ALVAREZ,https://www.facebook.com/profile.php?id=61577777165669,no,2025-06-28,88,1,2025-08-05,post,https://www.facebook.com/share/v/1CC2MciEMv/,1,0,4,3,1,0,0,0,0,0,"GRACIAS POR EL RECIBIMIENTO AL BARRIO LOS ANGELES Y SAN FRANCISCO
Entregamos las bolsas solidarias de víveres a nuestros vecinos de los diferentes barrios de la C56. El… Ver más"
MARGOTH CERVANTES ALVAREZ,https://www.facebook.com/profile.php?id=61577777165669,no,2025-06-28,88,1,2025-08-05,post,https://www.facebook.com/share/p/16u9URo6tZ/,4,0,2,1,1,0,0,0,0,0,"EQUIPO DE CAMPAÑA TRABAJANDOA  FULL
Son vecinos y vecinas luchando por un cambio en nuestro país para tener mejores días y cambiar la economía. Cada granito de arena cu… Ver más"
MARGOTH CERVANTES ALVAREZ,https://www.facebook.com/profile.php?id=61577777165669,no,2025-06-28,88,1,2025-08-05,post,https://www.facebook.com/share/p/1A4doQDce9/,4,0,5,5,0,0,0,0,0,0,"GRACIAS POR LA INVITACION AL TRANSPORTE DE 2 Y 3 RUEDAS
Seguimos socializando nuestras propuestas con los diferentes sectores de La Guardia que quieren un cambio en la … Ver más"
MARGOTH CERVANTES ALVAREZ,https://www.facebook.com/profile.php?id=61577777165669,no,2025-06-28,88,1,2025-08-05,post,https://www.facebook.com/share/p/15p9vQ9mkr/,5,1,4,4,0,0,0,0,0,0,"SEGUIMOS AVANZANDO CON LOS VECINOS DE LA URB. NUEVA ESPERANZA
Gracias por la invitación a nuestros vecinos para presentarles nuestras propuestas y el compromiso de trab… Ver más"
MARGOTH CERVANTES ALVAREZ,https://www.facebook.com/profile.php?id=61577777165669,no,2025-06-28,88,1,2025-08-05,post,https://www.facebook.com/share/p/1GhnMoQoUT/,0,0,3,3,0,0,0,0,0,0,"Visualizalo desde ahora...
Cuando estés frente a la urna. Con la papeleta en tus manos.… Ver más"
