nombre perfil,url perfil,candidato identificado,creación del perfil,seguidores,seguidos,fecha post,tipo de post,url post,comparticiones,comentarios,reacciones en total,me gusta,me encanta,me divierte,me entristece,me sorprende,me enoja,me importa,contenido
Nelly Flores,https://www.facebook.com/profile.php?id=100049763891374,no,,0,0,2025-07-07,reel,/reel/1380496019873135/?s=single_unit&__cft__[0]=AZVyvd7icCEDfg8RePqSJboB2BYut9mh0Uwa-q_345avN5dL8wr0z8eDWMi_spPJxz7I05RUfpKc4ZxAt54pFJ7YaWEdCbC12eG_lPDVLVYGf682eMJKnxvWDT0mm33hZWY-mjuWew8ePfcRtRhTvL0eN9ZxPdCc-20e0sdMspsM_ilwjbx4-FUxX9PGoxsrlfU&__tn__=H-R,0,0,0,0,0,0,0,0,0,0,"La Thola
 #viralreelsシku #viralreelsシ #reelsviralシ"
Nelly Flores,https://www.facebook.com/profile.php?id=100049763891374,no,,0,0,2025-07-10,post,https://www.facebook.com/share/p/16dm75FPL5/,0,2,0,0,0,0,0,0,0,0,
Nelly Flores,https://www.facebook.com/profile.php?id=100049763891374,no,,0,0,2025-07-11,post,https://www.facebook.com/share/p/1Z7BFc363F/,0,1,0,0,0,0,0,0,0,0,
Nelly Flores,https://www.facebook.com/profile.php?id=100049763891374,no,,0,0,2025-07-11,post,https://www.facebook.com/share/p/15aFeQqgFQ/,0,0,0,0,0,0,0,0,0,0,
Nelly Flores,https://www.facebook.com/profile.php?id=100049763891374,no,,0,0,2025-07-12,post,https://www.facebook.com/share/p/198rydDvxr/,0,1,0,0,0,0,0,0,0,0,
Nelly Flores,https://www.facebook.com/profile.php?id=100049763891374,no,,0,0,2025-07-12,post,https://www.facebook.com/share/p/19nwrMPfQj/,0,0,0,0,0,0,0,0,0,0,ESTO NIS INTERESA
Nelly Flores,https://www.facebook.com/profile.php?id=100049763891374,no,,0,0,2025-07-13,post,https://www.facebook.com/share/p/15ivWHV6Jv/,0,0,0,0,0,0,0,0,0,0,
Nelly Flores,https://www.facebook.com/profile.php?id=100049763891374,no,,0,0,2025-07-13,post,https://www.facebook.com/share/p/1A5LPmNcSK/,0,0,0,0,0,0,0,0,0,0,
