nombre perfil,url perfil,candidato identificado,creación del perfil,seguidores,seguidos,fecha post,tipo de post,url post,comparticiones,comentarios,reacciones en total,me gusta,me encanta,me divierte,me entristece,me sorprende,me enoja,me importa,contenido
PAMELA CAYAYA SALDIVAR,https://www.facebook.com/profile.php?id=61577218509056,no,2025-06-16,283,0,2025-07-23,post,https://www.facebook.com/share/v/16o51Ho8Ar/,3,1,14,14,0,0,0,0,0,0," ¡Acompáñanos en la gran caminata por el cambio!
E… Ver más"
PAMELA CAYAYA SALDIVAR,https://www.facebook.com/profile.php?id=61577218509056,no,2025-06-16,283,0,2025-07-23,post,https://www.facebook.com/share/v/175DVxZb3F/,10,9,33,27,6,0,0,0,0,0," La Circunscripción 10 junto a la diputada Pamela Cayaya ya está presente en Achacachi, recibiendo con alegría a Manfred Reyes Villa, quien vino a compartir víveres y … Ver más"
PAMELA CAYAYA SALDIVAR,https://www.facebook.com/profile.php?id=61577218509056,no,2025-06-16,283,0,2025-07-24,post,https://www.facebook.com/share/v/16qMf2XF3b/,14,2,39,32,7,0,0,0,0,0,"Así empieza la transformación, paso a paso, con respeto y compromiso. 
#M… Ver más"
PAMELA CAYAYA SALDIVAR,https://www.facebook.com/profile.php?id=61577218509056,no,2025-06-16,283,0,2025-07-24,post,https://www.facebook.com/share/v/1BDRW8S553/,8,6,30,25,5,0,0,0,0,0," El Alto camina con esperanza.
Hoy, junto a Manfred Reyes Villa y la candidata a diputada Pamela Cayaya, recorrimos la feria 16 de Julio, compartiendo con nuestra gent… Ver más"
PAMELA CAYAYA SALDIVAR,https://www.facebook.com/profile.php?id=61577218509056,no,2025-06-16,283,0,2025-07-25,post,https://www.facebook.com/share/v/1AuBAKfr3N/,9,2,18,17,1,0,0,0,0,0," ¡Siempre firmes con el cambio!
La Candidata a Diputada Pamela Cayaya, junto al equipo de la Circunscripción 10, seguimos caminando con el pueblo, difundiendo el mensa… Ver más"
PAMELA CAYAYA SALDIVAR,https://www.facebook.com/profile.php?id=61577218509056,no,2025-06-16,283,0,2025-07-25,post,https://www.facebook.com/share/v/171fMTtkss/,3,4,12,7,5,0,0,0,0,0,"""En la circunscripción 10 no nos detenemos.
 Seguimos trabajando cada día, con compromiso y convicción, llevando el mensaje de esperanza y transformación a cada rincón.… Ver más"
PAMELA CAYAYA SALDIVAR,https://www.facebook.com/profile.php?id=61577218509056,no,2025-06-16,283,0,2025-07-25,post,https://www.facebook.com/share/v/1CAKfLnwbF/,1,2,10,9,1,0,0,0,0,0, ¡Las 10 propuestas de Manfred para El Alto ya están en pantalla!… Ver más
PAMELA CAYAYA SALDIVAR,https://www.facebook.com/profile.php?id=61577218509056,no,2025-06-16,283,0,2025-07-26,post,https://www.facebook.com/share/v/1CBWzUNbqM/,8,0,30,26,4,0,0,0,0,0,"¡Hoy pintamos con fuerza, convicción y mucho corazón!
La candidata a Diputada Pamela Cayaya Saldívar, junto a todo el equipo de la Circunscripción 10, estuvimos en las … Ver más"
PAMELA CAYAYA SALDIVAR,https://www.facebook.com/profile.php?id=61577218509056,no,2025-06-16,283,0,2025-07-27,post,https://www.facebook.com/share/v/16x3FiRwhv/,6,7,15,10,2,0,1,0,0,2," Un testimonio que duele, pero también inspira...… Ver más"
PAMELA CAYAYA SALDIVAR,https://www.facebook.com/profile.php?id=61577218509056,no,2025-06-16,283,0,2025-07-29,post,https://www.facebook.com/share/v/1CVsKZ3ft3/,1,0,10,10,0,0,0,0,0,0, ¡Pamela Cayaya alza la voz de El Alto!… Ver más
