nombre perfil,url perfil,snapshot_date,creación del perfil,candidato identificado,seguidores,seguidos,fecha post,tipo de post,url post,comparticiones,comentarios,reacciones en total,me gusta,me encanta,me divierte,me entristece,me sorprende,me enoja,me importa,contenido
Rolando Schrupp,https://www.facebook.com/RolandoSchrupp,2025-06-03,,no,6373,0,2025-06-01,post,https://www.facebook.com/share/p/14zdJb1rin/,0,1,15,13,0,2,0,0,0,0,"¡Tomen su primaria!
¿Qué harán ahora para buscar unidad e imp-unidad?"
Rolando Schrupp,https://www.facebook.com/RolandoSchrupp,2025-06-03,,no,6373,0,2025-06-01,post,https://www.facebook.com/share/p/1B497YhitC/,4,8,96,83,11,0,1,1,0,0,Huele al fin de la hegemonía masista
Rolando Schrupp,https://www.facebook.com/RolandoSchrupp,2025-06-03,,no,6373,0,2025-06-01,post,https://www.facebook.com/share/p/16Zy4x9YCc/,5,8,50,49,0,1,0,0,0,0,"Los no representados somos la mayoría con 27%
[blancos 6.5%, nulos 10.5%, indecisos 10%]"
Rolando Schrupp,https://www.facebook.com/RolandoSchrupp,2025-06-03,,no,6373,0,2025-06-01,post,https://www.facebook.com/share/p/1GtPALCets/,1,28,31,21,0,9,1,0,0,0,"Encuesta 01 Unitel:
Samuel gana en Pando, Tarija, Chuquisaca y Potosí
Andrónico gana en La Paz, Oruro y Cbba.
Tuto gana en Santa Cruz y Beni"
Rolando Schrupp,https://www.facebook.com/RolandoSchrupp,2025-06-03,,no,6373,0,2025-06-02,post,https://www.facebook.com/share/p/1AX4d4v4BG/,0,6,27,14,1,8,0,0,4,0,Evo en su “Catedral”
Rolando Schrupp,https://www.facebook.com/RolandoSchrupp,2025-06-03,,no,6373,0,2025-06-02,post,https://www.facebook.com/share/p/1AyzdYuuGm/,1,2,25,16,0,9,0,0,0,0,Lo llamaré Andrógino Político… no tiene partido definido y es ambivalente ideológico.
Rolando Schrupp,https://www.facebook.com/RolandoSchrupp,2025-06-03,,no,6373,0,2025-06-02,post,https://www.facebook.com/share/p/18tZQXFiGL/,1,1,11,8,0,3,0,0,0,0,"Diccionario plurituti:
Andrónico, dícese de un andrógino político."
Rolando Schrupp,https://www.facebook.com/RolandoSchrupp,2025-06-03,,no,6373,0,2025-06-02,post,https://www.facebook.com/share/p/1ApKikxxkf/,1,2,57,55,0,1,0,1,0,0,Por sus hechos los conoceréis: Andrónico resultó ser un especulador y JF confirmó ser un oportunista.
Rolando Schrupp,https://www.facebook.com/RolandoSchrupp,2025-06-03,,no,6373,0,2025-06-02,post,https://www.facebook.com/share/p/14urjLayAj/,2,4,45,41,0,3,1,0,0,0,La historia enseña que no aprendemos de la historia.
Rolando Schrupp,https://www.facebook.com/RolandoSchrupp,2025-06-03,,no,6373,0,2025-06-02,post,https://www.facebook.com/share/p/1Y13wC8sY5/,1,1,17,17,0,0,0,0,0,0,"No es bloque popular, es bloque populista"
Rolando Schrupp,https://www.facebook.com/RolandoSchrupp,2025-06-03,,no,6373,0,2025-06-02,post,https://www.facebook.com/share/p/193LrbWpes/,3,11,57,53,0,0,2,0,1,1,Bolivia es inviable.
Rolando Schrupp,https://www.facebook.com/RolandoSchrupp,2025-06-03,,no,6373,0,2025-06-02,post,https://www.facebook.com/share/p/1BWZirkUBa/,1,9,48,37,0,11,0,0,0,0,Verdades incómodas: analista político es semejante a comentarista de fútbol.
Rolando Schrupp,https://www.facebook.com/RolandoSchrupp,2025-06-03,,no,6373,0,2025-06-03,post,https://www.facebook.com/share/p/1BZVY7KWD7/,21,9,83,81,0,1,0,0,1,0,"Odian tanto al MAS que terminan pareciéndosele: centralistas, socialistas, populistas, estatistas, autoritarios, abusivos, hegemónicos, corruptos… no quieren cambiar el país, quieren reemplazar al patrón."
Rolando Schrupp,https://www.facebook.com/RolandoSchrupp,2025-06-03,,no,6373,0,2025-06-03,post,https://www.facebook.com/share/p/12LmiNkB8ig/,4,4,65,28,0,38,0,0,0,0,"Tongo, Eva, Andrógino, Patzi… a este bloque populista y oportunista los llamaré: LOS PORORÓS"
Rolando Schrupp,https://www.facebook.com/RolandoSchrupp,2025-06-03,,no,6373,0,2025-06-03,post,https://www.facebook.com/share/p/1EipwKrLpi/,5,10,51,36,1,14,0,0,0,0,Verdades profesionales: hasta para ser chofer de Yango te piden saber conducir.
Rolando Schrupp,https://www.facebook.com/RolandoSchrupp,2025-06-03,,no,6373,0,2025-06-03,post,https://www.facebook.com/share/p/19Vc34Uhyq/,6,10,32,28,3,0,0,1,0,0,"Aritmética electoral 101
¿Y van a seguir con insistir en las listas únicas? Dejen de creer que el monopolio es la forma… es en la LIBRE COMPETENCIA que se consiguen los mejores resultados. Ahora… si lo que buscan es hegemonía y autoritarismo… no se disfracen de democráticos.
La democracia (liberal) no es la tiranía de las mayorías, es el consenso y el respeto a las minorías.… Ver más"
Rolando Schrupp,https://www.facebook.com/RolandoSchrupp,2025-06-03,,no,6373,0,2025-06-03,post,https://www.facebook.com/share/p/1DcTsNR4cx/,0,3,48,38,9,0,0,0,0,1,"03 Junio: Día mundial de Gran Lobo Lomo Plateado… 
82 pirulitos y sigue… mucha dosis la manufactura germánica/prussiana/teutónica."
Rolando Schrupp,https://www.facebook.com/RolandoSchrupp,2025-06-03,,no,6373,0,2025-06-03,post,https://www.facebook.com/share/p/19DJ6sPnAa/,5,5,36,36,0,0,0,0,0,0,"Los políticos son el problema, no la solución [no importa cuándo leás esto]"
Rolando Schrupp,https://www.facebook.com/RolandoSchrupp,2025-06-03,,no,6373,0,2025-06-03,post,https://www.facebook.com/share/p/1QxkLX3dtH/,1,0,1,1,0,0,0,0,0,0,OPINOLOGÍA 2025: la republiqueta de Chaparé y el Estado fallido boliviano. Nos prometieron ser Suiza y nos convierten en Afganistán.
Rolando Schrupp,https://www.facebook.com/RolandoSchrupp,2025-06-03,,no,6373,0,2025-06-03,post,https://www.facebook.com/share/p/1HV3qu5p6L/,13,12,95,71,0,24,0,1,1,0,"Quien con Jhonny se acuesta, amanece pringau
Ustedes no entienden la gran misión de JF este 2025: arrastrar a Andrónico con él.
Tal cual perro sarnoso, JF tiene historia de pringar a las coaliciones oportunistas en las que ha participado. Se les recuerda que ha sido socio de Bánzer, socio de Goni, socio de Camacho, socio de Evo y hoy está a punto de ser socio de Eva y Andrónico.… Ver más"
Rolando Schrupp,https://www.facebook.com/RolandoSchrupp,2025-06-03,,no,6373,0,2025-06-03,post,https://www.facebook.com/share/p/16PszJxbgw/,0,0,4,4,0,0,0,0,0,0,OPINOLOGÍA 2025: ¿qué nos muestran las encuestas presentadas el domingo?
Rolando Schrupp,https://www.facebook.com/RolandoSchrupp,2025-06-10,,no,6373,0,2025-06-04,post,https://www.facebook.com/share/p/18wrhgm5bK/,0,3,37,0,0,0,0,0,0,0,Candidato Arcista se desmarca de Arce. Lo único más sarnoso que Jhonny es Arce Catacora.
Rolando Schrupp,https://www.facebook.com/RolandoSchrupp,2025-06-10,,no,6373,0,2025-06-04,post,https://www.facebook.com/share/p/1EYMYsnnrE/,3,2,43,0,0,0,0,0,0,0,"Jhonny responde críticas a su uso de aviones privados: “la que puede, puede” dijo, citando a su colega."
Rolando Schrupp,https://www.facebook.com/RolandoSchrupp,2025-06-10,,no,6373,0,2025-06-04,post,https://www.facebook.com/share/p/12LSzLHzFRW/,2,1,28,0,0,0,0,0,0,0,"Santo y seña en las rotondas de Lauca Eñe:
“Evo… mi huevo”"
Rolando Schrupp,https://www.facebook.com/RolandoSchrupp,2025-06-10,,no,6373,0,2025-06-04,post,https://www.facebook.com/share/p/15pxj4V5Cm/,2,7,70,0,0,0,0,0,0,0,Marcha del Orgullo Masista.
Rolando Schrupp,https://www.facebook.com/RolandoSchrupp,2025-06-10,,no,6373,0,2025-06-04,post,https://www.facebook.com/share/p/15cunP3GQg/,12,13,137,0,0,0,0,0,0,0,"¡Triple empate!
Tongo, Arce y puchi de perro."
Rolando Schrupp,https://www.facebook.com/RolandoSchrupp,2025-06-10,,no,6373,0,2025-06-04,post,https://www.facebook.com/share/p/16HfbsyTWi/,0,0,31,0,0,0,0,0,0,0,Evo odia tanto a los pititas que se convirtió en uno. Sólo falta que le lleve una carta a Ratacora y una guía de teléfonos.
Rolando Schrupp,https://www.facebook.com/RolandoSchrupp,2025-06-10,,no,6373,0,2025-06-05,post,https://www.facebook.com/share/p/1R5PLrewdJ/,1,3,24,0,0,0,0,0,0,0,Me lo imaginé a Masfred gritando: “Adelante el Chapare con su independencia”
Rolando Schrupp,https://www.facebook.com/RolandoSchrupp,2025-06-10,,no,6373,0,2025-06-05,post,https://www.facebook.com/share/p/19SJf3Mqpx/,0,0,37,0,0,0,0,0,0,0,
Rolando Schrupp,https://www.facebook.com/RolandoSchrupp,2025-06-10,,no,6373,0,2025-06-05,post,https://www.facebook.com/share/p/1ByPvoRMiB/,7,7,73,0,0,0,0,0,0,0,del Castillo pide que “los juzguemos por sus gestiones”… ¿se olvidó que él es protagonista de la gestión de Arce?
Rolando Schrupp,https://www.facebook.com/RolandoSchrupp,2025-06-10,,no,6373,0,2025-06-06,post,https://www.facebook.com/share/p/12M9axTQTwd/,17,8,218,0,0,0,0,0,0,0,Jose Antonio Prado es de los ciudadanos que prefieren ser útiles 
Rolando Schrupp,https://www.facebook.com/RolandoSchrupp,2025-06-10,,no,6373,0,2025-06-06,post,https://www.facebook.com/share/p/1BtjvxN2H3/,0,0,23,0,0,0,0,0,0,0,UCS cambia Gucci por Puchi cono esencia oficial.
Rolando Schrupp,https://www.facebook.com/RolandoSchrupp,2025-06-10,,no,6373,0,2025-06-06,post,https://www.facebook.com/share/p/1EBBKR9F7t/,33,21,311,0,0,0,0,0,0,0,Jhonny aún puede ser presidente de su futuro condominio… el PC-4.
Rolando Schrupp,https://www.facebook.com/RolandoSchrupp,2025-06-10,,no,6373,0,2025-06-06,post,https://www.facebook.com/share/p/1Bbuzz2wUp/,2,2,94,0,0,0,0,0,0,0,"Evo-lución de Jhonny:
de payaso del pueblo a hazmereir del sistema político."
Rolando Schrupp,https://www.facebook.com/RolandoSchrupp,2025-06-10,,no,6373,0,2025-06-06,post,https://www.facebook.com/share/p/19vXvg4GGi/,12,25,145,0,0,0,0,0,0,0,"¿ASÍ O MÁS REPULSIVO?
Jhonny no consigue ni quien quiera estar con él en la papeleta… la “dupla ganadora” es más estafa que el monorriel.
UCS no presenta candidato a vicepresidente ni lista completa en Santa Cruz."
Rolando Schrupp,https://www.facebook.com/RolandoSchrupp,2025-06-10,,no,6373,0,2025-06-07,post,https://www.facebook.com/share/p/12Lr8VM8gLX/,8,3,107,0,0,0,0,0,0,0,"Introducción al liberalismo:
Ni me importa con quién tirás, ni me interesa que dios decís adorar.
Hacé lo que te de la gana, pero no conmigo
[ni a mi nombre, ni con mi plata]."
Rolando Schrupp,https://www.facebook.com/RolandoSchrupp,2025-06-10,,no,6373,0,2025-06-07,post,https://www.facebook.com/share/p/19NtSoecjL/,2,8,71,0,0,0,0,0,0,0,"Es de lejos más honesta que los que están.
PD.: ¿ande están los que quieren un “Estado sexy”? "
Rolando Schrupp,https://www.facebook.com/RolandoSchrupp,2025-06-10,,no,6373,0,2025-06-09,post,https://www.facebook.com/share/p/1Bd6yVRowe/,6,0,45,0,0,0,0,0,0,0,
Rolando Schrupp,https://www.facebook.com/RolandoSchrupp,2025-06-10,,no,6373,0,2025-06-09,post,https://www.facebook.com/share/p/1CTDBqYaNo/,4,9,40,0,0,0,0,0,0,0,"Hay sumas que restan…
Definitivamente esta será una elección de negativos."
Rolando Schrupp,https://www.facebook.com/RolandoSchrupp,2025-06-10,,no,6373,0,2025-06-09,post,https://www.facebook.com/share/p/16xKv1AQMB/,5,6,43,0,0,0,0,0,0,0,"Definitivamente la estupidez es peor que la maldad… porque no tiene límites.
Me remito a la brutada que dijo éste:"
