nombre perfil,url perfil,candidato identificado,creación del perfil,seguidores,seguidos,fecha post,tipo de post,url post,comparticiones,comentarios,reacciones en total,me gusta,me encanta,me divierte,me entristece,me sorprende,me enoja,me importa,contenido
ESTHER SALVATIERRA LANDIVAR,https://www.facebook.com/esther.salvatierralandivar,no,,0,0,2025-07-23,post,https://www.facebook.com/share/p/16fZAqiTqe/,0,5,18,16,2,0,0,0,0,0,¡Feliz Día de la Amistad! … Ver más
ESTHER SALVATIERRA LANDIVAR,https://www.facebook.com/esther.salvatierralandivar,no,,0,0,2025-07-27,post,https://www.facebook.com/share/p/198nXdogT1/,10,0,15,10,5,0,0,0,0,0,"El sábado 26 de julio estuve en el municipio de Cotoca, en la comunidad Los Tajibos, compartiendo con vecinos comprometidos con el futuro de Bolivia.… Ver más"
ESTHER SALVATIERRA LANDIVAR,https://www.facebook.com/esther.salvatierralandivar,no,,0,0,2025-07-28,post,https://www.facebook.com/share/p/1J7Z1qWMgD/,5,0,19,17,2,0,0,0,0,0,"Visité el barrio 27 de Mayo y me sentí profundamente agradecida por el apoyo y el cariño de los vecinos. Como candidata a diputada por la Circunscripción 47, representa… Ver más"
ESTHER SALVATIERRA LANDIVAR,https://www.facebook.com/esther.salvatierralandivar,no,,0,0,2025-07-28,post,https://www.facebook.com/share/p/17GFYPCSFb/,3,1,16,15,1,0,0,0,0,0,"Salud, unidad y compromiso en Puerto Pailas.… Ver más"
ESTHER SALVATIERRA LANDIVAR,https://www.facebook.com/esther.salvatierralandivar,no,,0,0,2025-07-29,post,https://www.facebook.com/share/v/16vy5q9ouG/,2,0,15,14,1,0,0,0,0,0,"Como candidata a diputada por la Circunscripción 47 por la Alianza Libre de Jorge Tuto Quiroga Ramirez, estuve en la Comunidad Tajibo del municipio de Cotoca, donde sen… Ver más"
