nombre perfil,url perfil,snapshot_date,creación del perfil,candidato identificado,seguidores,seguidos,fecha post,tipo de post,url post,comparticiones,comentarios,reacciones en total,me gusta,me encanta,me divierte,me entristece,me sorprende,me enoja,me importa,contenido
CLAUDIA ALIDA SALAS TAMBARE,https://www.facebook.com/claudiaalida.salastambare,2025-06-05,,sí,0,0,2025-01-14,post,https://www.facebook.com/share/p/19QH1dTbmC/,0,4,40,29,11,0,0,0,0,0,"Feliz vida querida prima, Dios bendiga tus días.
Hoy que cumples 80 años, estamos aquí para celebrar, tus logros y toda una vida llena de experiencia y sabiduría. Te quiero muchísimo. Que vengan Muchos años más."
CLAUDIA ALIDA SALAS TAMBARE,https://www.facebook.com/claudiaalida.salastambare,2025-06-05,,sí,0,0,2025-01-19,post,https://www.facebook.com/share/p/1C1SrR5YZm/,0,9,74,43,29,0,0,0,0,2,Feliz bodas de plata hermana Claudia Alida Salas Tambaré y cuñado Willan Helvingen Vaca. El Señor bendiga sus vida y su hogar
CLAUDIA ALIDA SALAS TAMBARE,https://www.facebook.com/claudiaalida.salastambare,2025-06-05,,sí,0,0,2025-03-23,post,https://www.facebook.com/share/p/19F86HbjjF/,6,4,52,45,7,0,0,0,0,0,Les comparto mi discurso:… Ver más
CLAUDIA ALIDA SALAS TAMBARE,https://www.facebook.com/claudiaalida.salastambare,2025-06-05,,sí,0,0,2025-04-20,post,https://www.facebook.com/share/p/16JKMd7Mbe/,5,0,58,46,12,0,0,0,0,0,"Felicidades a la Asociacion de Ganaderos de San javier ""AGASAJ"" a su presidente Gloria Paz por la organización de la feria ganadera y Festival del queso de San Javier.… Ver más"
CLAUDIA ALIDA SALAS TAMBARE,https://www.facebook.com/claudiaalida.salastambare,2025-06-10,,sí,0,0,2025-06-05,post,https://www.facebook.com/share/p/1CK9tdQTCN/,2,36,94,0,0,0,0,0,0,0,"He decidido ser candidato a Diputado por Santa Cruz. Desde hoy asumo un compromiso con Bolivia, por mi familia, por mi pueblo y por todos los bolivianos que estamos can… Ver más"
