nombre perfil,url perfil,candidato identificado,creación del perfil,seguidores,seguidos,fecha post,tipo de post,url post,comparticiones,comentarios,reacciones en total,me gusta,me encanta,me divierte,me entristece,me sorprende,me enoja,me importa,contenido
MARIA BERTHA GUTIERREZ MENDOZA,https://www.facebook.com/mariabertha.gutierrezmendoza,sí,,0,0,2025-06-15,post,https://www.facebook.com/share/p/1EGwpsA8qK/,0,0,5,0,0,0,0,0,0,0,INVITADOS A SER PARTE DE LA CIR 33. LES ESPERAMOS CON TODO EL CARIÑO Y LA GRATITUD PARA CON USTEDES. OFICINA PLAZUELA 25 DE MAYO #35
MARIA BERTHA GUTIERREZ MENDOZA,https://www.facebook.com/mariabertha.gutierrezmendoza,sí,,0,0,2025-06-19,post,https://www.facebook.com/mariabertha.gutierrezmendoza/posts/pfbid02CG1EC3FkC8puCYpqNaQjbyXyRFXcmd6ApgseHHCndLkiWacDrpEERNkZCaJFLW2wl,0,0,0,0,0,0,0,0,0,0,
MARIA BERTHA GUTIERREZ MENDOZA,https://www.facebook.com/mariabertha.gutierrezmendoza,sí,,0,0,2025-06-19,post,https://www.facebook.com/share/p/16kaDieYdW/,3,12,48,39,8,1,0,0,0,0,"CIR -33 trabajando en unidad, seguimos sumando el apoyo por una representación digna para Potosí!!! #Bolivia #seguidores #potosibolivia #tuto"
MARIA BERTHA GUTIERREZ MENDOZA,https://www.facebook.com/mariabertha.gutierrezmendoza,sí,,0,0,2025-06-20,post,https://www.facebook.com/share/p/1BMNga7GUg/,5,0,36,32,2,1,0,0,0,1,Gracias a Lider radio.
MARIA BERTHA GUTIERREZ MENDOZA,https://www.facebook.com/mariabertha.gutierrezmendoza,sí,,0,0,2025-06-21,post,https://www.facebook.com/share/p/1EoS9uu4jw/,7,10,64,49,15,0,0,0,0,0,https://alianzalibre.my.canva.site/ #seguidores #potosibolivia #tuto
MARIA BERTHA GUTIERREZ MENDOZA,https://www.facebook.com/mariabertha.gutierrezmendoza,sí,,0,0,2025-06-23,reel,/reel/1650771788943463/?s=single_unit&__cft__[0]=AZU4ZRUN__fI3ECSsOU4-M9i69wadC7d8C8q1BgrsADeF_uT6veF19qfB1mONEM1qLV4o8vYx9yi6YlTovF_MPidouYJXlF4wsGSISY0zhggXHEb5LoAmdfWoNZzbnQaU65JeOJCHEupdAH01y7vOP8B-yK6yhLzKagz98bkZnd--qVvdkA9HTq6zwIuktvA22s&__tn__=H-R,0,0,0,0,0,0,0,0,0,0,
MARIA BERTHA GUTIERREZ MENDOZA,https://www.facebook.com/mariabertha.gutierrezmendoza,sí,,0,0,2025-06-23,reel,/reel/1650771788943463/?s=single_unit&__cft__[0]=AZWtlHtgZxZRkAa3zLg0i9UNCuC8nsygCm-Vs842CZeMIGp_0Wj5m_I2Wo7iiRI2544q0SltIISXRXY17edq4cHI2X6SAdJK_1SJoUl6YoG965ci7kaTUMKUZtPTAaByDXtMBXGSRE1-XKdy0FN5s-69WQGOXMZXM24cF7h6rhAjcDCJkOQTdO0qKFPSQ1WpOsk&__tn__=H-R,0,0,0,0,0,0,0,0,0,0,
MARIA BERTHA GUTIERREZ MENDOZA,https://www.facebook.com/mariabertha.gutierrezmendoza,sí,,0,0,2025-06-23,reel,/reel/1650771788943463/?s=single_unit&__cft__[0]=AZU4wlKdPiW5ZJLOo3ce5f-WSzBDY-mklmhCXq5oMgjuoHNMJ4_uOoqfgpJ1YnSyIqDmJ0wjQ2u3J9mttiOo21XUw6Gh4xcKjkj3oRTQbMU9pCYY4j4uaU6R53A1Ma3ALvjwRdRp31CGfLiHWwvl32UuHCPG8y6vpdrnbvMmsOi12WSO2u2ihyGecdCDZD6hgDU&__tn__=H-R,0,0,0,0,0,0,0,0,0,0,
