nombre perfil,url perfil,candidato identificado,creación del perfil,seguidores,seguidos,fecha post,tipo de post,url post,comparticiones,comentarios,reacciones en total,me gusta,me encanta,me divierte,me entristece,me sorprende,me enoja,me importa,contenido
Laura Luisa Nayar,https://www.facebook.com/luisanayars,no,2019-07-29,37000,109,2025-07-13,post,https://www.facebook.com/share/p/1B2zEjSjtE/,42,60,319,285,20,7,2,3,1,1,La historia se repite: más del 30% del electorado sigue siendo voto oculto. Así le regalaron el poder al #MAS en 2020. ¡Basta de egoísmos! La responsabilidad es de los … Ver más
Laura Luisa Nayar,https://www.facebook.com/luisanayars,no,2019-07-29,37000,109,2025-07-13,post,https://www.facebook.com/share/p/1HrHSGApab/,6,0,55,51,4,0,0,0,0,0,¡Los terroristas a la cárcel! 
Laura Luisa Nayar,https://www.facebook.com/luisanayars,no,2019-07-29,37000,109,2025-07-14,post,https://www.facebook.com/share/p/1Ys41gGw1Y/,333,338,3100,2600,444,23,0,4,3,16,Presenté la Denuncia Penal contra Ruth Nina por los delitos de Instigación Pública a Delinquir y Amenazas. Solicito la inmediata aprehensión de la denunciada. ¡Nadie se… Ver más
Laura Luisa Nayar,https://www.facebook.com/luisanayars,no,2019-07-29,37000,109,2025-07-14,post,https://www.facebook.com/share/v/16aTWTwsTd/,6,7,49,42,6,1,0,0,0,0,
Laura Luisa Nayar,https://www.facebook.com/luisanayars,no,2019-07-29,37000,109,2025-07-14,post,https://www.facebook.com/share/v/19kBpeqmVo/,1000,729,6200,5500,418,119,6,14,36,12,"¡Exijo la inmediata aprehensión de Ruth Nina! 
Sus amenazas no pueden quedar impunes. ¡La justicia tiene que actuar YA!"
