nombre perfil,url perfil,candidato identificado,creación del perfil,seguidores,seguidos,fecha post,tipo de post,url post,comparticiones,comentarios,reacciones en total,me gusta,me encanta,me divierte,me entristece,me sorprende,me enoja,me importa,contenido
Melisa Ibarra,https://www.facebook.com/melisa.ibarrarosario.5,no,,58316,0,2025-07-08,reel,/reel/1626198128058411/?s=single_unit&__cft__[0]=AZXvfxtTdUfcXLs_mU_Wu2Mqf8M2vdqlmcdLbRM3nwPrbpNMPUCWEmtypGNWeb8uSs6QAHN77l9vmMAz2Wl85V_MmT5MDYbERUYfBjzZ-Jw8A2XYbqgJk48JMKDo0obMYqQ6bwMFWY9duyDFdbtw_s0tx44kFODfv2liLob19dAlxeJ2_zzDVApka0lPJ3pePr4&__tn__=H-R,0,0,0,0,0,0,0,0,0,0,
Melisa Ibarra,https://www.facebook.com/melisa.ibarrarosario.5,no,,58316,0,2025-07-10,post,https://www.facebook.com/share/p/1B5Vkhq4m5/,3,0,1,1,0,0,0,0,0,0,"José Luis Lupo confirma que el zurdo disfrazado de ""analista"" Fernando Molina fue parte del comando de campaña de Samuel hasta cuando retiraron a Lupo, es decir, sigue de asesor de Doria Medina, sí, el mismo, el esposo de Susana Bejarano, la candidata de Andrónico, el hijo de Evo. 
Aquél que decía entre líneas que fue golpe, no fraude. 
Molina-Samuel-Bejarano-Andrónico. 
La izquierda ligth con la izquierda radical de la mano, empanadeando.… Ver más"
Melisa Ibarra,https://www.facebook.com/melisa.ibarrarosario.5,no,,58316,0,2025-07-10,post,https://www.facebook.com/share/p/1AxNDS6phQ/,7,0,14,4,0,0,0,1,9,0,"Mazistas ladrones. 
EL MAS NUNCA MAS !!!"
Melisa Ibarra,https://www.facebook.com/melisa.ibarrarosario.5,no,,58316,0,2025-07-10,post,https://www.facebook.com/share/p/1FNsNysaT4/,1,6,20,17,0,3,0,0,0,0,"Por Sayuri Loza
""
 Molina, conocido racistólogo, asesor del qhinchha, Power Ranger de la cooperación (chiste para entendidos), rostro plasmado del achachi de la morenada, al que sólo le falta la pipa, ha caído en desgracia ante el líder supremo. Ay! Las cosas que pasan cuando queremos usar labia con nuestros amores.
Lección política 1: si vas a jugar a ser doble agente ten cuidado porque una mala jugada te hará caer en desgracia… Ver más"
Melisa Ibarra,https://www.facebook.com/melisa.ibarrarosario.5,no,,58316,0,2025-07-10,post,https://www.facebook.com/share/p/1AuDfSdXyr/,0,5,8,7,0,1,0,0,0,0,"Socialismo ligth?
Cuchi caca !"
Melisa Ibarra,https://www.facebook.com/melisa.ibarrarosario.5,no,,58316,0,2025-07-10,post,https://www.facebook.com/share/p/16p8kGZX81/,0,7,4,3,0,1,0,0,0,0,El Che Guevara: Zvonko eres tú?
Melisa Ibarra,https://www.facebook.com/melisa.ibarrarosario.5,no,,58316,0,2025-07-10,reel,/reel/1386770119287692/?s=single_unit&__cft__[0]=AZVjRY31k0qTp71_-_9hHjjITof0A-0590hqK4Wp1YWp3w995I0cWsPMb2XB7KsjNlPnABALupacOM41cm0H5xEQW0vz9GkanXzFwaM0sk3GZB0Qh4Hj3n2AbY2ryiqMHbjW0f6Kci7N68XJFpPamkbYKVwnHlNxsJRa8KKtiEQivdj2VOyR9euBpW9pPRm-eEs&__tn__=H-R,0,0,0,0,0,0,0,0,0,0,
Melisa Ibarra,https://www.facebook.com/melisa.ibarrarosario.5,no,,58316,0,2025-07-10,reel,/reel/536924699413690/?s=single_unit&__cft__[0]=AZW4zFcJQ8LFEwQMKNvPIxGGeTLi_EohXSuandWZlnGFw4uSFCRetWKOJtMIXRQXpAtJpEOza56eTsNQCzDvySvOO67ySAFakUe41NfcAX2d7f5cge4aT0KMOWh2XkywxFCadfJKvqKPSlFIBVmHgPI30t-bXz-kCMrybKpjTEZHdV4zwooCF11A_MymWJgfqw8&__tn__=H-R,0,0,0,0,0,0,0,0,0,0,"""Cuidemos el Voto es una iniciativa ciudadana. Debemos apoyarla. Sin trampas, sin cuentos. Únete como voluntario.  Edgar Villegas."
Melisa Ibarra,https://www.facebook.com/melisa.ibarrarosario.5,no,,58316,0,2025-07-10,post,https://www.facebook.com/share/p/1HE3uCBDqt/,0,0,2,2,0,0,0,0,0,0,
Melisa Ibarra,https://www.facebook.com/melisa.ibarrarosario.5,no,,58316,0,2025-07-10,post,https://www.facebook.com/share/p/1AQh8M8bPt/,9,1,23,14,1,4,0,4,0,0,"La socialdemocracia está más cerca a la izquierda radical que a un centro derecha. 
Bachelet, socialdemócrata, cuando dijo algo sobre Maduro? Luego en un puesto jerárquico en la OEA, su informe sobre Maduro insuficiente ante los centenares de asesinatos el 2017? 
Lula Da Silva, socialdemócrata,  no tiene presos políticos, socio de Maduro, financió su campaña, tomó un pelín de distancia en las últimas elecciones. 
Pedro Sánchez, presidente de España, socio de Maduro, nunca rec… Ver más"
Melisa Ibarra,https://www.facebook.com/melisa.ibarrarosario.5,no,,58316,0,2025-07-11,post,https://www.facebook.com/share/p/1Bi925RAEs/,0,19,35,20,2,13,0,0,0,0,"  SI EL MAS VUELVE POR OMISIÓN?
Dunn y Manfred deben tomar posición. Únanse a cualquiera de los punteros para que este desastre termine. 
Aquí no estamos para medias tintas, para tibios o para jugar a la  supuesta ronda de la ""libertad individual"".
Nos guardemos retóricas para luego, primero recuperemos Bolivia.  … Ver más"
Melisa Ibarra,https://www.facebook.com/melisa.ibarrarosario.5,no,,58316,0,2025-07-11,post,https://www.facebook.com/share/p/1X9PQu1ZY6/,3,1,9,8,0,1,0,0,0,0," No podemos quedar en silencio y en el confort. Nos jugamos Bolivia. A tomar partido con todo el costo y beneficio que implica, es nuestra última oportunidad."
Melisa Ibarra,https://www.facebook.com/melisa.ibarrarosario.5,no,,58316,0,2025-07-11,post,https://www.facebook.com/share/p/16aQNxYy5t/,0,1,25,22,3,0,0,0,0,0,
Melisa Ibarra,https://www.facebook.com/melisa.ibarrarosario.5,no,,58316,0,2025-07-11,post,https://www.facebook.com/share/p/1Aapb4NEvm/,0,8,26,22,0,4,0,0,0,0,"Sí y no. 
Dunn es de derecha liberal, no de izquierda. Sus seguidores reconocen la diferencia y saben por donde ir. Lo dejó claro y subrayado."
Melisa Ibarra,https://www.facebook.com/melisa.ibarrarosario.5,no,,58316,0,2025-07-11,post,https://www.facebook.com/share/p/16e1iVJzeC/,29,8,50,45,0,0,1,0,4,0,
Melisa Ibarra,https://www.facebook.com/melisa.ibarrarosario.5,no,,58316,0,2025-07-11,post,https://www.facebook.com/share/p/16mqWqCnem/,11,26,99,81,2,15,0,0,1,0,
Melisa Ibarra,https://www.facebook.com/melisa.ibarrarosario.5,no,,58316,0,2025-07-11,post,https://www.facebook.com/share/p/1GmcxW6EMe/,3,1,13,11,0,2,0,0,0,0," Tuto quiere mirar al futuro, el resto sigue en el pasado. 
Tuto quiere levantar a Bolivia."
Melisa Ibarra,https://www.facebook.com/melisa.ibarrarosario.5,no,,58316,0,2025-07-11,post,https://www.facebook.com/share/p/14DdYtU5MYL/,3,0,6,0,0,0,0,1,5,0,
Melisa Ibarra,https://www.facebook.com/melisa.ibarrarosario.5,no,,58316,0,2025-07-11,post,https://www.facebook.com/share/v/16vnjiASqz/,52,76,214,172,5,29,2,5,0,1,"#Urgente
#BoliviaEnEmergencia
Se unirán una semana antes, lo más cerca a la fecha y ganarán en primera vuelta porq la oposición está dividida. 
Si no se unen se bajan todos y dejan al más presidenciable, es lo mismo. … Ver más"
Melisa Ibarra,https://www.facebook.com/melisa.ibarrarosario.5,no,,58316,0,2025-07-11,post,https://www.facebook.com/share/p/16Z3BC68K9/,32,44,109,78,1,12,5,10,3,0,"#Urgente
UN FACTO QUE INCOMODA
El MAS se unirá días antes de las elecciones, más su estafa electoral, tienen todas las de ganar.
Y si no se juntan estos zurdos, pues dejarán a un solo candidato, es lo mismo. … Ver más"
Melisa Ibarra,https://www.facebook.com/melisa.ibarrarosario.5,no,,58316,0,2025-07-11,post,https://www.facebook.com/share/p/176Xg2HDkz/,0,0,3,2,0,0,1,0,0,0,
Melisa Ibarra,https://www.facebook.com/melisa.ibarrarosario.5,no,,58316,0,2025-07-11,post,https://www.facebook.com/share/p/1A8bSs2TZ2/,10,58,53,50,2,1,0,0,0,0," Si se unen Copa, Narcónico, Fernández y Castillo, la oposición deberá unirse si o sí o bajarse. No tenemos otra alternativa, repito no hay otra alternativa. 
Vayan asimilando esa posibilidad que puede ser de manera intempestiva desde ahora, no es desproporcionada, ni conspiranoica, es realista. 
Lo tendrán que hacer, es un imperativo, no tienen otra alternativa, sino TODOS NOS HUNDIMOS."
Melisa Ibarra,https://www.facebook.com/melisa.ibarrarosario.5,no,,58316,0,2025-07-11,post,https://www.facebook.com/share/p/1CWdrAygv7/,0,3,6,6,0,0,0,0,0,0,
Melisa Ibarra,https://www.facebook.com/melisa.ibarrarosario.5,no,,58316,0,2025-07-12,post,https://www.facebook.com/share/p/15hBMohKTu/,0,0,5,5,0,0,0,0,0,0,"Puede venir el Papa de observador, VAN HACER FRAUDE, ENTIÉNDANLO, VAN HACER FRAUDE"
Melisa Ibarra,https://www.facebook.com/melisa.ibarrarosario.5,no,,58316,0,2025-07-12,post,https://www.facebook.com/share/p/18A9WNr93j/,2,39,78,21,0,37,1,2,17,0,"#BoliviaEnEmergencia
Se viene la Unidad de la izquierda. 
Basta con se bajen todos y dejen al que más jala. 
Estamos arruinados. … Ver más"
Melisa Ibarra,https://www.facebook.com/melisa.ibarrarosario.5,no,,58316,0,2025-07-12,post,https://www.facebook.com/share/p/19Sz2WUv9z/,1,2,13,13,0,0,0,0,0,0," Los principales candidatos de la oposición deben estar preparados para:
-Ganar
-Perder o
-Retirarse 
 Bolivia es primero"
Melisa Ibarra,https://www.facebook.com/melisa.ibarrarosario.5,no,,58316,0,2025-07-12,post,https://www.facebook.com/melisa.ibarrarosario.5/posts/pfbid0Cu9dRzKCcriDxxLa9MQZ2W8RPFSHAe1fRqsjUXdQXGsS6usfAfW9ZCh4fuxZErSPl,32,34,176,129,16,30,0,0,0,1," Tuto Quiroga dede dar golazo de media cancha en los próximos días, repito en los próximos días y espero que las encuestas lo refleje.
Es con Tuto amigos. 
Tenemos pocos días. En agosto debemos tener un solo candidato sino vuelve el MAS. 
Desde la conciencia y convicción él es el mejor, o el menos peor si lo quieren ver de esa manera. 
E… Ver más"
Melisa Ibarra,https://www.facebook.com/melisa.ibarrarosario.5,no,,58316,0,2025-07-12,post,https://www.facebook.com/share/p/19gxdQ3nA1/,7,18,19,11,0,5,0,0,3,0,"EL MAS SIN EVO TIENEN VOTO DURO Y SE UNIRÁN EN TORNO A UN SOLO CANDIDATO O SE BAJARÁN 
Pueden sin bajarse incluso si no lo permite las normativas electorales consolidar su único candidato a través de una campaña masiva a través de su aparato paraestatal, medios comprados y 400 radios comunitarias q siguen funcionando. 
Quieren arriesgar a Bolivia? Quieren arriesgar a su familia? A sus hijos? Padres?  
Estamos para hacer apuestas o lanzar los dados pa ver si salen todos 6?… Ver más"
Melisa Ibarra,https://www.facebook.com/melisa.ibarrarosario.5,no,,58316,0,2025-07-12,post,https://www.facebook.com/share/p/199XgoSeZq/,3,51,67,45,5,16,0,0,0,1,"Luis Fernando Camacho apoyará a Jorge Tuto Quiroga si el se consolida primero. 
No lo duden ni siquiera un instante. 
Información de adentro y es un asunto de supervivencia. 
El resto de los presos,.lo propio."
Melisa Ibarra,https://www.facebook.com/melisa.ibarrarosario.5,no,,58316,0,2025-07-12,post,https://www.facebook.com/share/p/16uc64jM4C/,66,105,195,157,19,14,0,1,3,1,"Señor Jaime Dunn:
Muy honorable y consecuente con el liberalismo dejar ""libertad"" a sus seguidores para que decidan por quién votar. Hermoso hasta ahí. 
Quiere formar su partido miras a las departamentales? Más hermoso, lindo, legítimo, lo aplaudo. … Ver más"
Melisa Ibarra,https://www.facebook.com/melisa.ibarrarosario.5,no,,58316,0,2025-07-12,post,https://www.facebook.com/share/p/1At2jruTai/,12,29,88,28,0,50,0,1,9,0,"SI EVO HABLA DE FRAUDE ES PORQUE SABE DE QUE HABLA 
La voz de la experiencia. 
Hasta el infeliz pederasta nos está advirtiendo del fraude, solo los opositores se hacen a los opas. 
El MAS tiene todas las de ganar y luego tendremos que poner nuestras vidas y la vida de nuestros hijos a la represión para defender a los opositores que no se unieron? … Ver más"
Melisa Ibarra,https://www.facebook.com/melisa.ibarrarosario.5,no,,58316,0,2025-07-12,post,https://www.facebook.com/share/p/1Apzy2z7nP/,0,22,14,5,0,9,0,0,0,0,"Las encuestas de mañana se realizaron antes de la inhabilitación de Dunn, cierto ?"
Melisa Ibarra,https://www.facebook.com/melisa.ibarrarosario.5,no,,58316,0,2025-07-12,post,https://www.facebook.com/share/p/15mmdFBUod/,4,13,14,10,0,0,0,1,3,0,"ESTÁN CONMINADOS A UNIRSE...
No alcanzan solos y el voto útil a estas alturas tal vez no se pueda consolidar en tan poco tiempo, además, entre otras razones, porque los religiosos seguidores de sus candidatos preferirán al MAS, el niño o blanco que votar por el otro. 
BOLIVIA ESTÁ EN PELIGRO. 
Debemos exigir que se unan, estamos a tiempo."
Melisa Ibarra,https://www.facebook.com/melisa.ibarrarosario.5,no,,58316,0,2025-07-12,reel,/reel/1079972317399190/?s=single_unit&__cft__[0]=AZX1lWi9DQcL39yNBaD5WmQG0GLKx_MO6mls8eXnlXn1qYtlAumRzV9wTkL0X2wJ5t04NFK51zxuNL2dBEYdOFRy2V22uNaFys2D0-aRvruhKsks5JNKkTExjukiOT14Wjn0Mfevt79ORN6yWMiFwBezk1a8a--IftLWDNL-B9iXot7eYRQr4YlmjMQpNvBLe8I&__tn__=H-R,0,0,0,0,0,0,0,0,0,0,
Melisa Ibarra,https://www.facebook.com/melisa.ibarrarosario.5,no,,58316,0,2025-07-12,reel,/reel/1055881266225683/?s=single_unit&__cft__[0]=AZV34KlvlcMsM_So4wO9VQfQQNNAeo6uM-FNAkNBXbZlA6yh1IivKLALp1fd8oi6TDJmKV6Wd1QTSRc0z92uBs5gme0wUgMqliARnA08T4rQlXpGrgPVkmPGj6q9pCnzk36Bngp3fyg_9DACMHpDm2ikI2hh_jfhs_hcclUJZO6aFrepkLGp_mCPpORTrXGj5r0&__tn__=H-R,0,0,0,0,0,0,0,0,0,0,
Melisa Ibarra,https://www.facebook.com/melisa.ibarrarosario.5,no,,58316,0,2025-07-12,reel,/reel/704453465731182/?s=single_unit&__cft__[0]=AZUmQm-WqGEguNwatIw7RhYRVNYkVY6vqcvwVDA34Z2T6w62bxa82GHZoOEtOXmNJSVl7zYbHW68dAQ8Owf1zOjaUClHjfa9bpZ-b6fvN_QuMGVOjY1_sXl5LfxngMTuawWD74oA8uY2yz-WpdoeSzoC8AmBSnUl94k2HoyoEQajBmWDhiAZ95agIxEHnxn1PH4&__tn__=H-R,0,0,0,0,0,0,0,0,0,0,
Melisa Ibarra,https://www.facebook.com/melisa.ibarrarosario.5,no,,58316,0,2025-07-13,post,https://www.facebook.com/share/p/16ib6QW5pN/,1,4,2,0,0,1,0,0,1,0,
Melisa Ibarra,https://www.facebook.com/melisa.ibarrarosario.5,no,,58316,0,2025-07-13,post,https://www.facebook.com/share/p/16eETBZQpG/,0,33,36,20,0,16,0,0,0,0,"Que lamentable que las encuestas de hoy no se las realizaron con Jaime Dunn inhabilitado. 
Sería muy diferente una medición tras el fenómeno Dunn que determina sin duda alguna la verdadera preferencia de la mayoría de los bolivianos.
A esperar la siguiente."
Melisa Ibarra,https://www.facebook.com/melisa.ibarrarosario.5,no,,58316,0,2025-07-13,post,https://www.facebook.com/share/p/1T336K5c4G/,7,0,12,11,1,0,0,0,0,0,
Melisa Ibarra,https://www.facebook.com/melisa.ibarrarosario.5,no,,58316,0,2025-07-13,post,https://www.facebook.com/share/p/14zKeUCCSx/,0,0,2,2,0,0,0,0,0,0,
Melisa Ibarra,https://www.facebook.com/melisa.ibarrarosario.5,no,,58316,0,2025-07-13,post,https://www.facebook.com/share/p/19VbE4MfBH/,9,17,73,67,1,0,0,1,0,4,"Relaciones casuales, cuerpos de consumo.
Qué opinan? 
Aplica a los hombres también, digo yo. 
""Subiste una foto provocativa…… Ver más"
Melisa Ibarra,https://www.facebook.com/melisa.ibarrarosario.5,no,,58316,0,2025-07-13,post,https://www.facebook.com/share/p/1HRfeRVUSp/,10,5,75,68,0,7,0,0,0,0,"Historia y criterio matan relato.
Si Evo se quedaba el 2019 seguiría en el poder como lo hizo Hugo Chávez en Venezuela. 
Tuto en vez de quedarse en su casa viendo Netflix viabilizó la sucesión constitucional permitiendo la salida de Evo Morales fuera del país de lo contrario seguía siendo presidente. Repito, no salía y seguía siendo presidente porque eso indican las leyes para la aceptación de una renuncia. … Ver más"
Melisa Ibarra,https://www.facebook.com/melisa.ibarrarosario.5,no,,58316,0,2025-07-13,post,https://www.facebook.com/share/p/1AwD1mjdhE/,122,111,448,326,44,77,0,0,0,1," NOS LIBRAMOS DE EVO GRACIAS A TUTO QUIROGA. 
 Camacho, Pumari y Bolivia derrotaron a Evo.
 Tuto viabilizó la salida de Morales para concretar la sucesión constitucional. 
 Evo desde afuera designó a Arce. 
 Ar… Ver más"
Melisa Ibarra,https://www.facebook.com/melisa.ibarrarosario.5,no,,58316,0,2025-07-14,post,https://www.facebook.com/share/p/1ArhzzJ2gT/,0,6,12,12,0,0,0,0,0,0," SEÑORES NULOS, BLANCOS E INDECISOS
 Es terriblemente  frustrante tener a los políticos que tenemos. Es una catástrofe, pero es lo que hay. Que hermoso hubiese sido tener un Mandela, una María Corina, etc, pues no los hay. 
Realismo mata, pensamiento mágico. 
A veces también soñamos con una pareja ideal y no la que tenemos pero es lo que hay. Lo tomas o lo dejas. Pero dejándolo (a) no arruina tu vida, en cambio si permites que el MAS continúe en el poder despídete de Boli… Ver más"
Melisa Ibarra,https://www.facebook.com/melisa.ibarrarosario.5,no,,58316,0,2025-07-14,post,https://www.facebook.com/share/p/1AoKvsDyzq/,1,0,1,1,0,0,0,0,0,0,
Melisa Ibarra,https://www.facebook.com/melisa.ibarrarosario.5,no,,58316,0,2025-07-14,post,https://www.facebook.com/share/p/1Le8jtvDqo/,2,27,43,43,0,0,0,0,0,0,"Me da miedo que lo único que no hayamos aprendido de la historia, es la historia misma.
"
Melisa Ibarra,https://www.facebook.com/melisa.ibarrarosario.5,no,,58316,0,2025-07-14,post,https://www.facebook.com/share/p/1EL83KzDMH/,3,10,10,9,1,0,0,0,0,0,"""Verdades incómodas que pocos se atreven a decir: Las encuestas no son oráculos imparciales; son instrumentos financiados por quienes pagan publicidad en los medios que las difunden. Y como en toda relación comercial, quien paga, influye...
Preguntémonos con honestidad: Quién invierte hoy millones en medios, incluso en plena crisis económica...??? Quién sostiene a canales y radios con recursos abultados...??? Es evidente que los intereses políticos también compran narrativa. … Ver más"
Melisa Ibarra,https://www.facebook.com/melisa.ibarrarosario.5,no,,58316,0,2025-07-14,post,https://www.facebook.com/share/p/1CS4MohYHz/,3,3,13,9,0,4,0,0,0,0,
Melisa Ibarra,https://www.facebook.com/melisa.ibarrarosario.5,no,,58316,0,2025-07-14,reel,/reel/1463017165150009/?s=single_unit&__cft__[0]=AZV2J4iBFSNxeL-bWDSz2pjAgC334wJpWgUkMTKfz8YfRXoULhf7Zzh1ACtg893np-WWQwj_6QnEOwU8AGdei2j6RNSPCCuHRnU4C0oC5GPOgImi6h5we3CXv0b3RmFPvxj-70-IhAEMEl72j9CScSEMl53GSodp-hkmyJ7WirzoBPBJbqbtlGCw7BxYum-1ejM&__tn__=H-R,0,0,0,0,0,0,0,0,0,0, LIBRE POR TODA BOLIVIA !!!
Melisa Ibarra,https://www.facebook.com/melisa.ibarrarosario.5,no,,58316,0,2025-07-14,post,https://www.facebook.com/share/p/19Ui6W6WKe/,0,3,34,26,3,5,0,0,0,0,
Melisa Ibarra,https://www.facebook.com/melisa.ibarrarosario.5,no,,58316,0,2025-07-14,post,https://www.facebook.com/share/p/19P2n7FzQQ/,1,0,6,2,1,3,0,0,0,0,Autonomías plenas y Branko se lo exigirá.
Melisa Ibarra,https://www.facebook.com/melisa.ibarrarosario.5,no,,58316,0,2025-07-14,post,https://www.facebook.com/share/p/16jGV9JKmg/,0,0,3,3,0,0,0,0,0,0,
Melisa Ibarra,https://www.facebook.com/melisa.ibarrarosario.5,no,,58316,0,2025-07-14,post,https://www.facebook.com/share/p/1ZLWzhjMoo/,0,0,2,0,2,0,0,0,0,0,
Melisa Ibarra,https://www.facebook.com/melisa.ibarrarosario.5,no,,58316,0,2025-07-14,post,https://www.facebook.com/share/p/16yZcLRzW6/,8,21,187,152,8,27,0,0,0,0,
Melisa Ibarra,https://www.facebook.com/melisa.ibarrarosario.5,no,,58316,0,2025-07-14,post,https://www.facebook.com/share/p/12JptR73pr9/,2,16,39,33,0,6,0,0,0,0,Entren a esta publicación de Tito Lante y lean los comentarios.
Melisa Ibarra,https://www.facebook.com/melisa.ibarrarosario.5,no,,58316,0,2025-07-14,post,https://www.facebook.com/share/p/1B9EbQSWgX/,6,59,76,51,3,22,0,0,0,0,"VERDADES INCÓMODAS 
 Las encuestas las compra el medio de comunicación que las emite con el dinero que recibe por publicidad. 
 Hoy en día qué empresa o candidato es el que tiene la mayor pauta en medios de comunicación?… Ver más"
Melisa Ibarra,https://www.facebook.com/melisa.ibarrarosario.5,no,,58316,0,2025-07-14,post,https://www.facebook.com/share/p/16aTxJMBSf/,4,63,95,59,1,34,0,1,0,0,"* Tuto casi primero, Samuel casi segundo. Empate técnico.  
* Samuel bajó ligeramente, Tuto subió ligeramente. 
Empate técnico.… Ver más"
Melisa Ibarra,https://www.facebook.com/melisa.ibarrarosario.5,no,,58316,0,2025-07-14,post,https://www.facebook.com/share/p/19ZM9LW2oT/,0,4,15,11,0,4,0,0,0,0,
Melisa Ibarra,https://www.facebook.com/melisa.ibarrarosario.5,no,,58316,0,2025-07-14,post,https://www.facebook.com/share/p/1CToiFiM5H/,2,2,13,10,0,3,0,0,0,0,
Melisa Ibarra,https://www.facebook.com/melisa.ibarrarosario.5,no,,58316,0,2025-07-14,post,https://www.facebook.com/share/p/16cAR818XB/,9,4,30,28,1,0,1,0,0,0," No estoy tan segura de ello y es un riesgo enorme. 
El MAS se unirá o dejarán un solo candidato. 
No seamos exitistas, deben unirse o bajarse porque están empatados. 
Si no lo hacen debemos unificar el voto. 
No pongamos en juego a un país por favor, por favor, por favor. … Ver más"
Melisa Ibarra,https://www.facebook.com/melisa.ibarrarosario.5,no,,58316,0,2025-07-14,post,https://www.facebook.com/share/p/1LD1C6Trhy/,5,10,49,40,1,8,0,0,0,0,"Señores, no nos equivoquemos, es por la derecha.
 #EsConTuto"
Melisa Ibarra,https://www.facebook.com/melisa.ibarrarosario.5,no,,58316,0,2025-07-14,post,https://www.facebook.com/share/p/1FZ9bJBaML/,7,12,17,16,0,1,0,0,0,0,"NO QUIEREN A LA OPOSICIÓN PERO ES LO QUE HAY 
Así de frustrante, así de terrible. Realismo mata  escenarios ideales. 
O siguen lamentándose o toman postura POR SOBREVIVENCIA Y SUPERVIVENCIA o a comer de la basura e irse del país si favorecen al MAS con su voto nulo o blanco. 
Dunn ya marcó el camino desde su posición de derecha liberal. Hay un candidato no perfecto pero no socialista que le sigue. … Ver más"
Melisa Ibarra,https://www.facebook.com/melisa.ibarrarosario.5,no,,58316,0,2025-07-14,post,https://www.facebook.com/share/p/1PQR6kERzF/,20,34,114,80,9,25,0,0,0,0," TUTO a un milímetro de consolidar el voto útil, que a su vez es: voto consciente, inteligente y antisocialista. 
Por qué? 
1) Porque la medición se la realizó el 5 al 7 de julio, ANTES  de la inhabilitación oficial de Dunn. La mayoría de sus seguidores lo apoyaron por representar a la derecha liberal. Tuto los representa ideológicamente. 
2… Ver más"
Melisa Ibarra,https://www.facebook.com/melisa.ibarrarosario.5,no,,58316,0,2025-07-14,post,https://www.facebook.com/share/p/1FdZQqkgAp/,6,21,92,69,0,22,0,1,0,0,"Tuto se acerca a Samuel con la centésima parte de inversión económica y sin el voto DUNN aún. Lo que significa, en otras palabras, que Tuto podría ser primero ! 
Señores, es con Tuto  sin duda alguna. La.gente NO QUIERE SOCIALISMO DE NINGÚN TIPO."
Melisa Ibarra,https://www.facebook.com/melisa.ibarrarosario.5,no,,58316,0,2025-07-14,post,https://www.facebook.com/share/p/1Cmdt3U2kP/,1,38,76,50,1,25,0,0,0,0,"Empate y sin el voto DUNN..
Tuto la está rompiendo. 
La gente no quiere Socialismo de ningún tipo."
Melisa Ibarra,https://www.facebook.com/melisa.ibarrarosario.5,no,,58316,0,2025-07-14,post,https://www.facebook.com/share/p/15i3b3mC1j/,1,1,2,2,0,0,0,0,0,0,"Por más socialismo, pues no."
Melisa Ibarra,https://www.facebook.com/melisa.ibarrarosario.5,no,,58316,0,2025-07-15,post,https://www.facebook.com/share/p/18fVziw1m8/,3,0,5,5,0,0,0,0,0,0,
Melisa Ibarra,https://www.facebook.com/melisa.ibarrarosario.5,no,,58316,0,2025-07-15,post,https://www.facebook.com/share/p/15ssj4prEB/,10,10,33,25,2,0,0,2,4,0,"FERNANDO MOLINA, UN MAZISTA QUE DEFIENDE LA GRAN MENTIRA DEL MAS:"" EL GOLPE DE ESTADO""
Hechos del 2020  matan relato.
(Leer todo el artículo)"
Melisa Ibarra,https://www.facebook.com/melisa.ibarrarosario.5,no,,58316,0,2025-07-15,post,https://www.facebook.com/share/p/1D7CPkB5PM/,5,7,39,32,1,6,0,0,0,0,"Analista Fernando Cerimedo:
""El voto de Dunn no tiene a otro lugar donde ir que no sea Tuto. Samuel no representa ese espacio""."
Melisa Ibarra,https://www.facebook.com/melisa.ibarrarosario.5,no,,58316,0,2025-07-15,post,https://www.facebook.com/share/p/1D7GvdCesP/,15,49,174,120,17,35,0,0,0,2," El MAS no quiere de ninguna manera a Tuto como presidente, por tanto amigos míos, es ahí, es con él. 
 Tuto es el candidato que tiene más procesos en su contra por parte de la dictadura,  por tanto amigos míos, es ahí, es con él . 
#EsConTuto"
Melisa Ibarra,https://www.facebook.com/melisa.ibarrarosario.5,no,,58316,0,2025-07-15,post,https://www.facebook.com/share/p/1EgnDuhRsS/,0,27,43,20,0,8,0,10,4,1,"Si Juan del Granado considera que fue masacre las muertes en Senkata y Sacaba y no autoatentado, qué hace como candidato del aliado de la supuesta ""masacradora Añez""?
Y yo que respetaba al ex alcalde. 
Ya pues che 
 !!!"
Melisa Ibarra,https://www.facebook.com/melisa.ibarrarosario.5,no,,58316,0,2025-07-15,post,https://www.facebook.com/share/p/19M2Rxepvh/,2,4,38,31,0,1,0,0,4,2,"PEPE ROBACUSI, LA LAURA EN AMERICA BOLIVIANO !
Si quieres provocarte arcadas por si ingeriste malos alimentos, puedes simplemente leer las publicaciones estilo ""Laura en América"" del seudo periodista sin escrúpulos Pepe Chantacusi y su clara intención de mellar la candidatura de Tuto Quiroga. 
Observen lo que dijo Branko y la sub normal interpretación de un sub normal comunicador de crónica roja, sí, ese, el falso periodista, el favorito de Evo Morales y Arce Catacora que ho… Ver más"
Melisa Ibarra,https://www.facebook.com/melisa.ibarrarosario.5,no,,58316,0,2025-07-15,post,https://www.facebook.com/share/p/1FA6uxjH4B/,0,1,9,8,0,1,0,0,0,0,
Melisa Ibarra,https://www.facebook.com/melisa.ibarrarosario.5,no,,58316,0,2025-07-15,post,https://www.facebook.com/share/p/177gmfKFbL/,0,0,0,0,0,0,0,0,0,0,"A quién apoye ROBACUSI, ahí no es..."
Melisa Ibarra,https://www.facebook.com/melisa.ibarrarosario.5,no,,58316,0,2025-07-15,post,https://www.facebook.com/share/p/1WUs8gsCfS/,4,3,34,31,2,0,0,1,0,0,
Melisa Ibarra,https://www.facebook.com/melisa.ibarrarosario.5,no,,58316,0,2025-07-15,post,https://www.facebook.com/share/p/16tB3KJNEU/,3,3,21,21,0,0,0,0,0,0,
Melisa Ibarra,https://www.facebook.com/melisa.ibarrarosario.5,no,,58316,0,2025-07-15,post,https://www.facebook.com/share/p/1ArJd4kfUm/,1,0,1,1,0,0,0,0,0,0,
Melisa Ibarra,https://www.facebook.com/melisa.ibarrarosario.5,no,,58316,0,2025-07-15,post,2025-07-15,0,0,0,0,0,0,0,0,0,0,
