nombre perfil,url perfil,candidato identificado,creación del perfil,seguidores,seguidos,fecha post,tipo de post,url post,comparticiones,comentarios,reacciones en total,me gusta,me encanta,me divierte,me entristece,me sorprende,me enoja,me importa,contenido
Laura Luisa Nayar,https://www.facebook.com/luisanayars,no,2019-07-29,37000,109,2025-06-02,post,https://www.facebook.com/share/p/1Awd6hG2mW/,0,6,18,0,0,0,0,0,0,0,"Estamos en vivo, hablando sobre las elecciones. "
Laura Luisa Nayar,https://www.facebook.com/luisanayars,no,2019-07-29,37000,109,2025-06-03,post,https://www.facebook.com/share/p/1Dcnmm3XvV/,20,26,83,0,0,0,0,0,0,0,¡Urge la unión de las fuerzas democráticas para darle fin al ciclo masista! 
Laura Luisa Nayar,https://www.facebook.com/luisanayars,no,2019-07-29,37000,109,2025-06-03,post,https://www.facebook.com/share/p/12LgzU2mCGs/,43,64,465,0,0,0,0,0,0,0,"Hoy regresé al lugar donde tanto aprendí: la carrera de Relaciones Internacionales. Pero esta vez, lo hice como diputada nacional, para compartir con los estudiantes un… Ver más"
Laura Luisa Nayar,https://www.facebook.com/luisanayars,no,2019-07-29,37000,109,2025-06-06,post,https://www.facebook.com/share/p/1AtGtgzUhS/,18,3,29,0,0,0,0,0,0,0,"Hoy rindo homenaje a quienes tienen en sus manos la misión más noble: formar a las mujeres y hombres que construirán el futuro de Bolivia
G… Ver más"
