nombre perfil,url perfil,creación del perfil,seguidores,seguidos,fecha post,url post,comparticiones,reacciones en total,me gusta,me encanta,me divierte,me entristece,me sorprende,me enoja,me importa,contenido
Paola Aguirre ,https://www.facebook.com/paolaaguirremelgar,2021-01-06,56000,19,2025-05-27,https://www.facebook.com/share/p/16QkHYqwfG/,24,1000,708,335,0,0,0,0,21,"Hoy 27 de mayo, celebramos al ser que Dios eligió para concebir y formar vida.
En este día especial quiero agradecer y bendecir la… Ver más"
Paola Aguirre ,https://www.facebook.com/paolaaguirremelgar,2021-01-06,56000,19,2025-05-29,https://www.facebook.com/share/p/14TYB5vZ9q/,20,239,218,16,3,1,0,0,1,"La política bien practicada es un arte. Las improvisaciones no funcionan y en tiempos de crisis, ¡menos aún!"
Paola Aguirre ,https://www.facebook.com/paolaaguirremelgar,2021-01-06,56000,19,2025-05-31,https://www.facebook.com/share/p/18zApL9p4E/,8,109,85,24,0,0,0,0,0,"Celebrando una de las labores humanas más nobles y trascendentes: la docencia Universitaria
Plantel de Profesores de la Carrera de Derecho-Universidad Católica Bolivian… Ver más"
Paola Aguirre ,https://www.facebook.com/paolaaguirremelgar,2021-01-06,56000,19,2025-06-03,2025-06-03,11,138,110,27,1,0,0,0,0,
