nombre perfil,url perfil,creación del perfil,seguidores,seguidos,fecha post,url post,comparticiones,reacciones en total,me gusta,me encanta,me divierte,me entristece,me sorprende,me enoja,me importa,contenido
Paola Aguirre ,https://www.facebook.com/paolaaguirremelgar,2021-01-06,56000,19,2025-05-16,https://www.facebook.com/share/p/19wnh4qPmH/,87,0,0,0,0,0,0,0,0,"No olviden llevar cinturón de seguridad: tus valores y convicciones son tu cable a tierra.
Nunca se sabe cuando la vida te sorprende con fuertes e imprevistos sacudones… Ver más"
Paola Aguirre ,https://www.facebook.com/paolaaguirremelgar,2021-01-06,56000,19,2025-05-17,https://www.facebook.com/share/p/1BbdZpTPis/,12,352,332,17,0,0,0,0,3,"Hoy, 17 de mayo, se celebra el Día Departamental del Periodista Deportivo, en reconocimiento a aquellos profesionales de la comunicación social, dedicados a informar so… Ver más"
Paola Aguirre ,https://www.facebook.com/paolaaguirremelgar,2021-01-06,56000,19,2025-05-17,https://www.facebook.com/share/p/1AbpPbA84L/,56,0,0,0,0,0,0,0,0,"Evo marcha, Arce encarcela y Andronico reclama.
Los tres son parte de la misma trilogía: solo los distinguen las circunstancias más no así sus acciones y roles temporal… Ver más"
Paola Aguirre ,https://www.facebook.com/paolaaguirremelgar,2021-01-06,56000,19,2025-05-18,https://www.facebook.com/share/p/197SPvWzZ7/,75,0,0,0,0,0,0,0,0,"Gracias a “El Deber” por la invitación a este espacio en el que compartí mi posición sobre democracia interna en las organizaciones políticas, legitimidad de la competi… Ver más"
Paola Aguirre ,https://www.facebook.com/paolaaguirremelgar,2021-01-06,56000,19,2025-05-18,https://www.facebook.com/share/p/15Q3xGv9AS/,19,0,0,0,0,0,0,0,0,
Paola Aguirre ,https://www.facebook.com/paolaaguirremelgar,2021-01-06,56000,19,2025-05-20,https://www.facebook.com/share/p/19arAtMYwc/,18,0,0,0,0,0,0,0,0,"Ni el propio masismo toma en serio esta candidatura.
Colocan de postulante al que es probablemente la figura más impopular del gobierno de Arce, en Santa Cruz (disputan… Ver más"
