nombre perfil,url perfil,candidato identificado,creación del perfil,seguidores,seguidos,fecha post,tipo de post,url post,comparticiones,comentarios,reacciones en total,me gusta,me encanta,me divierte,me entristece,me sorprende,me enoja,me importa,contenido
ROSA TATIANA AÑEZ CARRASCO,https://www.facebook.com/tatiana.anez.92,sí,2008-08-08,4000,0,2025-07-22,post,https://www.facebook.com/share/v/1BnVtkMqGx/,52,13,59,52,5,0,0,0,1,1,"Exigimos que se cumpla la ley, que trasladen a Santa Cruz a nuestro gobernador Luis Fernando Camacho.… Ver más"
ROSA TATIANA AÑEZ CARRASCO,https://www.facebook.com/tatiana.anez.92,sí,2008-08-08,4000,0,2025-07-22,post,https://www.facebook.com/share/p/19VU6riZ1r/,38,1,45,40,4,0,0,0,0,1,¡Somos un gran equipo que va a construir la Bolivia del futuro!… Ver más
ROSA TATIANA AÑEZ CARRASCO,https://www.facebook.com/tatiana.anez.92,sí,2008-08-08,4000,0,2025-07-23,post,https://www.facebook.com/share/p/15hvg6vzKV/,25,2,45,38,6,0,0,0,0,1,"La esencia de nuestra propuesta es clara: Hacer que Bolivia libere su potencial productivo y humano, dejar atrás el extractivismo rentista y reconstruir sus institucion… Ver más"
ROSA TATIANA AÑEZ CARRASCO,https://www.facebook.com/tatiana.anez.92,sí,2008-08-08,4000,0,2025-07-25,post,https://www.facebook.com/share/p/19XkWnFF8n/,18,3,47,38,9,0,0,0,0,0,"Hoy compartí un momento especial con quienes lo dieron todo por este país y merecen vivir esta etapa de su vida con alegría y respeto: ""La Red del Adulto Mayor de Cotoc… Ver más"
ROSA TATIANA AÑEZ CARRASCO,https://www.facebook.com/tatiana.anez.92,sí,2008-08-08,4000,0,2025-07-26,post,https://www.facebook.com/share/p/1B6C4BGfS7/,0,0,1,1,0,0,0,0,0,0,
ROSA TATIANA AÑEZ CARRASCO,https://www.facebook.com/tatiana.anez.92,sí,2008-08-08,4000,0,2025-07-26,post,https://www.facebook.com/share/p/1JNnL5emiA/,3,0,19,16,2,0,0,0,0,1,"#CaravanaDeLaUnidad 
Gran caravana de la Unidad, de Fe y Victoria, recorriendo las diferentes calles, avenidas y barrios de nuestro Santo Santuario de Cotoca, mostrando… Ver más"
ROSA TATIANA AÑEZ CARRASCO,https://www.facebook.com/tatiana.anez.92,sí,2008-08-08,4000,0,2025-07-27,post,https://www.facebook.com/share/p/1Bred2ndqp/,0,0,1,1,0,0,0,0,0,0,
ROSA TATIANA AÑEZ CARRASCO,https://www.facebook.com/tatiana.anez.92,sí,2008-08-08,4000,0,2025-07-27,post,https://www.facebook.com/share/p/1ByQz4MA2f/,17,1,45,36,9,0,0,0,0,0,"El camino hacia la prosperidad del país, comienza este 17 de agosto, en las urnas, con el voto.… Ver más"
ROSA TATIANA AÑEZ CARRASCO,https://www.facebook.com/tatiana.anez.92,sí,2008-08-08,4000,0,2025-07-28,post,https://www.facebook.com/share/p/1ArzzCcXcp/,23,2,77,0,0,0,0,0,0,0,"Este 17 de agosto vamos a liberar Bolivia y llevarla hacia el progreso. Lo haremos con convicción de que solo unidos, con trabajo, honestidad y visión de futuro, podrem… Ver más"
ROSA TATIANA AÑEZ CARRASCO,https://www.facebook.com/tatiana.anez.92,sí,2008-08-08,4000,0,2025-07-28,post,https://www.facebook.com/share/p/1B29Yb4M7Y/,13,2,51,43,7,0,0,0,0,1,"Desde Puerto Quijarro, reafirmamos nuestro compromiso para garantizar la estabilidad y el progreso de su gente. … Ver más"
ROSA TATIANA AÑEZ CARRASCO,https://www.facebook.com/tatiana.anez.92,sí,2008-08-08,4000,0,2025-07-28,post,https://www.facebook.com/share/p/19V6fPW3va/,18,1,34,31,3,0,0,0,0,0,Llegamos a Puerto Suárez con un mensaje claro: si hay solución para salir de la crisis. … Ver más
ROSA TATIANA AÑEZ CARRASCO,https://www.facebook.com/tatiana.anez.92,sí,2008-08-08,4000,0,2025-07-29,post,https://www.facebook.com/share/p/1Dppfv2JA3/,8,2,23,22,1,0,0,0,0,0,"Bolivia necesita un cambio urgente, un nuevo gobierno que devuelva la esperanza a cada uno de los bolivianos.… Ver más"
ROSA TATIANA AÑEZ CARRASCO,https://www.facebook.com/tatiana.anez.92,sí,2008-08-08,4000,0,2025-07-29,post,https://www.facebook.com/share/p/16wYnWDaU7/,0,0,0,0,0,0,0,0,0,0,
ROSA TATIANA AÑEZ CARRASCO,https://www.facebook.com/tatiana.anez.92,sí,2008-08-08,4000,0,2025-07-29,post,https://www.facebook.com/share/p/15xUSWTAsB/,23,2,42,35,5,1,0,0,0,1,En Roboré la gente sabe que tenemos un plan y la capacidad para hacer el cambio de rumbo hacia la prosperidad que esta pujante región y el país necesita.… Ver más
ROSA TATIANA AÑEZ CARRASCO,https://www.facebook.com/tatiana.anez.92,sí,2008-08-08,4000,0,2025-07-29,post,https://www.facebook.com/share/p/1A9X7hPpma/,1,0,10,9,1,0,0,0,0,0,"Gracias a todos! 
Bolivia necesita salir de la crisis y entrar en la prosperidad, todos somos parte de este proceso para una mejor Bolivia en 100 días carajo!"
