nombre perfil,url perfil,snapshot_date,creación del perfil,candidato identificado,seguidores,seguidos,fecha post,url post,comparticiones,comentarios,reacciones en total,me gusta,me encanta,me divierte,me entristece,me sorprende,me enoja,me importa,contenido
Feminismo Comunitario Antipatriarcal,https://www.facebook.com/feminismo.comunitario.Antipatriarcal,2025-05-22,2014-05-16,no,34000,0,2025-05-16,https://www.facebook.com/share/p/1598uUFhua/,25,3,,52,0,0,1,1,0,0,"!CHOQUEHUANCA NO!
Desde Qollasuyo marka como aymaras feministas comunitarias decimos !CHOQUEHUANCA NO! cómo secretario permanente de la ONU, por su incoherencia c… Ver más"
Feminismo Comunitario Antipatriarcal,https://www.facebook.com/feminismo.comunitario.Antipatriarcal,2025-05-23,2014-05-16,no,34000,0,2025-05-16,https://www.facebook.com/share/p/1E5X38ifNE/,25,3,,54,0,0,1,1,0,0,"!CHOQUEHUANCA NO!
Desde Qollasuyo marka como aymaras feministas comunitarias decimos !CHOQUEHUANCA NO! cómo secretario permanente de la ONU, por su incoherencia c… Ver más"
Feminismo Comunitario Antipatriarcal,https://www.facebook.com/feminismo.comunitario.Antipatriarcal,2025-05-22,2014-05-16,no,34000,0,2025-05-17,https://www.facebook.com/share/p/1BCxpqjoR8/,2,1,,15,0,0,0,0,0,0,"Denunciamos la represión a la marcha que llegó a La Paz el 16 de mayo para inscribir candidatos:
Los pueb… Ver más"
Feminismo Comunitario Antipatriarcal,https://www.facebook.com/feminismo.comunitario.Antipatriarcal,2025-05-23,2014-05-16,no,34000,0,2025-05-17,https://www.facebook.com/share/p/16eybqRGdC/,2,1,,16,0,0,0,0,0,0,"Denunciamos la represión a la marcha que llegó a La Paz el 16 de mayo para inscribir candidatos:
Los pueb… Ver más"
Feminismo Comunitario Antipatriarcal,https://www.facebook.com/feminismo.comunitario.Antipatriarcal,2025-06-03,2014-05-16,no,34000,0,2025-05-28,2025-05-28,0,0,6,6,0,0,0,0,0,0,
Feminismo Comunitario Antipatriarcal,https://www.facebook.com/feminismo.comunitario.Antipatriarcal,2025-06-03,2014-05-16,no,34000,0,2025-06-02,https://www.facebook.com/share/p/1DiBUnBrZ2/,0,0,1,1,0,0,0,0,0,0,Tejeremos!!!!
