nombre perfil,url perfil,creación del perfil,seguidores,seguidos,fecha post,url post,comparticiones,reacciones en total,me gusta,me encanta,me divierte,me entristece,me sorprende,me enoja,me importa,contenido
Roxana Duchên,https://www.facebook.com/RoxanaDuchenn,2015-03-11,59000,0,2025-05-26,https://www.facebook.com/share/p/19DMcjj1pp/,153,453,427,13,6,2,0,0,5,Buen día! Excelente semana!
Roxana Duchên,https://www.facebook.com/RoxanaDuchenn,2015-03-11,59000,0,2025-05-27,https://www.facebook.com/share/p/1AkPpeuPTy/,27,155,147,5,2,1,0,0,0,"Buen día! 
Hablando de empleados públicos..."
Roxana Duchên,https://www.facebook.com/RoxanaDuchenn,2015-03-11,59000,0,2025-05-28,https://www.facebook.com/share/p/1AqnjkmRii/,2,79,41,7,27,0,3,1,0,"Ya salió el nuevo casting para la serie de Harry Potter. 
Salvo algunos detallitos está fiel al libro "
Roxana Duchên,https://www.facebook.com/RoxanaDuchenn,2015-03-11,59000,0,2025-05-30,https://www.facebook.com/share/p/195s2vwzer/,11,89,78,7,1,1,1,0,1,Buen día!
Roxana Duchên,https://www.facebook.com/RoxanaDuchenn,2015-03-11,59000,0,2025-05-30,https://www.facebook.com/share/p/16RL2cLamB/,143,2000,489,13,1500,2,3,0,4,Bella Ramsey es tendencia otra vez!
Roxana Duchên,https://www.facebook.com/RoxanaDuchenn,2015-03-11,59000,0,2025-05-31,https://www.facebook.com/share/p/16M9n6bPw8/,47,367,187,3,141,27,6,1,2,
Roxana Duchên,https://www.facebook.com/RoxanaDuchenn,2015-03-11,59000,0,2025-05-31,https://www.facebook.com/share/p/1A4WcBbx6f/,23,296,79,0,212,3,2,0,0,Pobre compa 
Roxana Duchên,https://www.facebook.com/RoxanaDuchenn,2015-03-11,59000,0,2025-06-01,https://www.facebook.com/share/p/15UfARccGo/,70,391,97,2,289,1,1,0,1,Este mes nos da muuuucho material 
Roxana Duchên,https://www.facebook.com/RoxanaDuchenn,2015-03-11,59000,0,2025-06-01,https://www.facebook.com/share/p/1HQuEwh4ek/,55,474,137,16,317,0,0,0,4,Dejen sus mejores memes para re distribuirlos jajaja
Roxana Duchên,https://www.facebook.com/RoxanaDuchenn,2015-03-11,59000,0,2025-06-02,https://www.facebook.com/RoxanaDuchenn/posts/pfbid02bc6AGoajDh1pYC2E89ioPzuTkXSu1fBAYyZQKP8z8HbkRBpTWxbxDnTV3se1BS3ol,24,122,118,3,0,1,0,0,0,Buen día! Eso se llama devaluación
