nombre perfil,url perfil,candidato identificado,creación del perfil,seguidores,seguidos,fecha post,tipo de post,url post,comparticiones,comentarios,reacciones en total,me gusta,me encanta,me divierte,me entristece,me sorprende,me enoja,me importa,contenido
YAMILKA SOFIA SADUD BANZER,https://www.facebook.com/yamilka.sadudbanzer,no,2025-06-11,158,6,2025-07-21,post,https://www.facebook.com/61576954875944/videos/1296581141862492/,0,1,12,8,4,0,0,0,0,0,
YAMILKA SOFIA SADUD BANZER,https://www.facebook.com/yamilka.sadudbanzer,no,2025-06-11,158,6,2025-07-21,post,https://www.facebook.com/share/v/16m5KM8FPm/,0,0,7,6,1,0,0,0,0,0,
YAMILKA SOFIA SADUD BANZER,https://www.facebook.com/yamilka.sadudbanzer,no,2025-06-11,158,6,2025-07-23,post,https://www.facebook.com/share/p/1CkUeYnECP/,2,4,9,7,2,0,0,0,0,0,Seguimos recorriendo la C44
YAMILKA SOFIA SADUD BANZER,https://www.facebook.com/yamilka.sadudbanzer,no,2025-06-11,158,6,2025-07-23,post,https://www.facebook.com/share/p/19gs6Qytpg/,3,3,13,9,4,0,0,0,0,0,
YAMILKA SOFIA SADUD BANZER,https://www.facebook.com/yamilka.sadudbanzer,no,2025-06-11,158,6,2025-07-24,post,https://www.facebook.com/share/p/1DjXrStt5W/,3,1,10,9,1,0,0,0,0,0,
YAMILKA SOFIA SADUD BANZER,https://www.facebook.com/yamilka.sadudbanzer,no,2025-06-11,158,6,2025-07-29,post,https://www.facebook.com/share/p/15qYRpaxrH/,0,0,0,0,0,0,0,0,0,0,
YAMILKA SOFIA SADUD BANZER,https://www.facebook.com/yamilka.sadudbanzer,no,2025-06-11,158,6,2025-07-29,post,https://www.facebook.com/share/p/19ZEVteNAw/,0,0,1,1,0,0,0,0,0,0,
