nombre perfil,url perfil,candidato identificado,creación del perfil,seguidores,seguidos,fecha post,tipo de post,url post,comparticiones,comentarios,reacciones en total,me gusta,me encanta,me divierte,me entristece,me sorprende,me enoja,me importa,contenido
Melisa Ibarra,https://www.facebook.com/melisa.ibarrarosario.5,no,,58316,0,2025-06-08,post,https://www.facebook.com/share/p/15NFG4SffX/,28,48,117,0,0,0,0,0,0,0," Y LA UNIDAD QUÉ?
Qué pasó aquí? 
Bolivia está esperando UNIDAD, no actos ""protocolares"" de buenas intenciones. 
No hay mayor certeza en este momento que anunciar una ALIANZA DE UNIDAD POR BOLIVIA. … Ver más"
Melisa Ibarra,https://www.facebook.com/melisa.ibarrarosario.5,no,,58316,0,2025-06-08,post,https://www.facebook.com/share/p/172zCm47Fu/,3,25,155,0,0,0,0,0,0,0,Sería lo más patriótico que puede hacer Manfred. Pasaría de villano a héroe 
Melisa Ibarra,https://www.facebook.com/melisa.ibarrarosario.5,no,,58316,0,2025-06-08,post,https://www.facebook.com/share/p/1H3sZ6QHQc/,2,22,63,0,0,0,0,0,0,0,Sería genial que se baje Manfred y se una el resto 
Melisa Ibarra,https://www.facebook.com/melisa.ibarrarosario.5,no,,58316,0,2025-06-08,post,https://www.facebook.com/share/p/1E8c2xR85q/,5,12,56,0,0,0,0,0,0,0," BOLIVIA SOPORTA TRES DICTADURAS:
Dictadura de Arce
Dictadura de Evo
Dictadura partidaria… Ver más"
Melisa Ibarra,https://www.facebook.com/melisa.ibarrarosario.5,no,,58316,0,2025-06-08,post,https://www.facebook.com/share/p/16dfLk4mfP/,0,1,3,0,0,0,0,0,0,0,
Melisa Ibarra,https://www.facebook.com/melisa.ibarrarosario.5,no,,58316,0,2025-06-09,post,https://www.facebook.com/share/p/1C7YBY884U/,1,8,19,0,0,0,0,0,0,0,
Melisa Ibarra,https://www.facebook.com/melisa.ibarrarosario.5,no,,58316,0,2025-06-09,post,https://www.facebook.com/share/p/1663NgrHN7/,29,23,447,0,0,0,0,0,0,0,"EXPERIENCIA MATA INEXPERIENCIA
Prefiero al que condonó la deuda externa en su corta gestión, quien realizó la mayor erradicación de coca cuando fue presidente, al que tumbó la intensión de Evo Morales de reelegirse por ""derecho humano"", al que está bien relacionado en el exterior. Prefiero al que alertó sobre la crisis en Bolivia desde hace años, a quien les dijo a los argentinos en su propio país que para salir de la crisis debían recurrir al FMI y es precisamente lo que hi… Ver más"
Melisa Ibarra,https://www.facebook.com/melisa.ibarrarosario.5,no,,58316,0,2025-06-09,post,https://www.facebook.com/share/p/16fhDY8wSA/,1,10,28,0,0,0,0,0,0,0,
Melisa Ibarra,https://www.facebook.com/melisa.ibarrarosario.5,no,,58316,0,2025-06-09,post,https://www.facebook.com/share/p/1EZz9Nvqoi/,1,13,39,0,0,0,0,0,0,0,
Melisa Ibarra,https://www.facebook.com/melisa.ibarrarosario.5,no,,58316,0,2025-06-09,post,https://www.facebook.com/share/p/15yMfEaq7E/,7,38,144,0,0,0,0,0,0,0,
Melisa Ibarra,https://www.facebook.com/melisa.ibarrarosario.5,no,,58316,0,2025-06-09,post,https://www.facebook.com/share/p/19eoMva2eU/,2,26,153,0,0,0,0,0,0,0,
Melisa Ibarra,https://www.facebook.com/melisa.ibarrarosario.5,no,,58316,0,2025-06-09,post,https://www.facebook.com/share/p/1DiiVdQHM9/,0,2,6,0,0,0,0,0,0,0,Cuándo Manfred ?
Melisa Ibarra,https://www.facebook.com/melisa.ibarrarosario.5,no,,58316,0,2025-06-09,post,https://www.facebook.com/share/p/16rJAaZTWf/,0,0,8,0,0,0,0,0,0,0,
Melisa Ibarra,https://www.facebook.com/melisa.ibarrarosario.5,no,,58316,0,2025-06-09,post,https://www.facebook.com/share/p/19UNge8APe/,6,26,46,0,0,0,0,0,0,0,"AMLO : ""Abrazos y no balazos"" (con el narcotráfico)
Samuel: “...Los productores de coca del Chapare no tienen por qué ser tratados como delincuentes en nuestro país”...(Erbol)
No querrá cantarles el We Are The World ó el ""te quiero yo y tu a mi de Barny...""?
 … Ver más"
Melisa Ibarra,https://www.facebook.com/melisa.ibarrarosario.5,no,,58316,0,2025-06-10,post,https://www.facebook.com/share/p/16edQHLiwi/,7,0,10,0,0,0,0,0,0,0,"Un gran mensaje que deberíamos repasarlo hoy... 
Paciencia con sus papis mayores por favor "
Melisa Ibarra,https://www.facebook.com/melisa.ibarrarosario.5,no,,58316,0,2025-06-10,post,https://www.facebook.com/share/p/1ZXtCpAnyG/,1,11,29,0,0,0,0,0,0,0,Tengo tanta tanta tanta desconfianza en el improvisado.
Melisa Ibarra,https://www.facebook.com/melisa.ibarrarosario.5,no,,58316,0,2025-06-10,post,https://www.facebook.com/melisa.ibarrarosario.5/posts/pfbid02b5QXVSYAaiURQtLmqL92KKrzFDjuNkABb9Jq3HAKDnKam5skP5pwdbpGnTfceQgWl,1,0,36,0,0,0,0,0,0,0,
Melisa Ibarra,https://www.facebook.com/melisa.ibarrarosario.5,no,,58316,0,2025-06-10,post,https://www.facebook.com/share/p/1JsSu5zSAg/,5,31,36,0,0,0,0,0,0,0,Que falta de seriedad
Melisa Ibarra,https://www.facebook.com/melisa.ibarrarosario.5,no,,58316,0,2025-06-10,post,https://www.facebook.com/share/p/16cTFhTizH/,2,2,42,0,0,0,0,0,0,0,"La tiranía de Arce está dispuesto a no enfrentar la tiranía de Evo. 
Busca que la población realice el trabajo que él debería ejecutar."
Melisa Ibarra,https://www.facebook.com/melisa.ibarrarosario.5,no,,58316,0,2025-06-10,post,https://www.facebook.com/share/p/19QvPWpS6L/,1,2,14,0,0,0,0,0,0,0,
Melisa Ibarra,https://www.facebook.com/melisa.ibarrarosario.5,no,,58316,0,2025-06-10,post,https://www.facebook.com/share/p/1DxJo3VByu/,5,18,78,0,0,0,0,0,0,0,"Jimena Costa sobre Tuto:
""Es ex mandatario, no es poca cosa. Es el candidato con mayor experiencia. Ha sido un gran gestor público"""
Melisa Ibarra,https://www.facebook.com/melisa.ibarrarosario.5,no,,58316,0,2025-06-10,post,https://www.facebook.com/share/p/19tXuX7Aqj/,2,14,183,0,0,0,0,0,0,0, Mi solidaridad profunda 
Melisa Ibarra,https://www.facebook.com/melisa.ibarrarosario.5,no,,58316,0,2025-06-11,post,https://www.facebook.com/share/p/196kDCExn7/,0,1,1,0,0,0,0,0,0,0,Tenemos una deuda con los animales 
Melisa Ibarra,https://www.facebook.com/melisa.ibarrarosario.5,no,,58316,0,2025-06-11,post,https://www.facebook.com/melisa.ibarrarosario.5/posts/pfbid0311Mg7upoPYpoae6QCTayf1XwV3btcMy47Y8J12bJ44r5AFw3FDm1AqebkrKLX12dl,4,20,71,0,0,0,0,0,0,0,"Recuerdan el bloqueo en plena pandemia en el gobierno de Añez?
Qué nos sorprende? 
Convivimos con el terrorismo de Estado y el narco terrorismo desde hace 20 años. 
Y hoy los candidatos no se unen para hacerles frente por cuánto todos quieren ser ""presidentes"". … Ver más"
Melisa Ibarra,https://www.facebook.com/melisa.ibarrarosario.5,no,,58316,0,2025-06-11,post,https://www.facebook.com/share/p/1HLUtcZLYN/,15,2,19,0,0,0,0,0,0,0,Correcto. El carnicero Juan Ramón Quintana está detrás de todo esto.
Melisa Ibarra,https://www.facebook.com/melisa.ibarrarosario.5,no,,58316,0,2025-06-11,post,https://www.facebook.com/share/p/1Z5n28ypDo/,5,32,81,0,0,0,0,0,0,0,"Ah! A propósito de esto, me acordé de algo:
Samuel: “...Los productores de coca del Chapare no tienen por qué ser tratados como delincuentes en nuestro país”...(Erbol, 8 de junio )
Ahora aplicarlo al resto de sectores."
Melisa Ibarra,https://www.facebook.com/melisa.ibarrarosario.5,no,,58316,0,2025-06-11,post,https://www.facebook.com/share/p/1AR1ChFVaD/,4,5,16,0,0,0,0,0,0,0,"Sí y la peor noticia que el dictador Arce lo permite y lo seguirá permitiendo. Así, por todos los frentes Bolivia está SECUESTRADA por estos dos tiranos , ah! Y también estamos de rehenes de los políticos que no se unen y le regalarán las elecciones otra vez a los terroristas por cuanto NADIE alcanza ni al 20%. Repito, les regalarán las elecciones, lo advierto y lo seguiré diciendo de manera clara y tácita. 
Así de atroz, así de terrible, así de inhumano, así de insufrible..."
Melisa Ibarra,https://www.facebook.com/melisa.ibarrarosario.5,no,,58316,0,2025-06-11,post,https://www.facebook.com/share/p/15mEuwHtDT/,6,0,7,0,0,0,0,0,0,0,"Sabemos que pagan a los bloqueadores, de dónde sale el dinero? Del narcotráfico. 
Conclusión: narco terrorismo.
Proyección: un candidato CON HUEVOS que le haga frente. 
Se dan cuenta que no vivimos exclusivamente una crisis económica? En consecuencia: las entrevistas a los candidatos debe incluir el plan que tienen para acabar con el narco terrorismo instalado desde hace 20 años cuyo cuartel es el Chapare."
Melisa Ibarra,https://www.facebook.com/melisa.ibarrarosario.5,no,,58316,0,2025-06-11,post,https://www.facebook.com/share/p/16PE1bD6fE/,1,2,19,0,0,0,0,0,0,0,"- FASCISMO: lo que perpetra Evo Morales. 
- TERRORISMO DE ESTADO: el permisismo de Arce. 
- ABUSO DE PODER POLÍTICO: lo que hacen los candidatos al no unirse.
-VÍCTIMA: Bolivia"
