nombre perfil,url perfil,candidato identificado,creación del perfil,seguidores,seguidos,fecha post,tipo de post,url post,comparticiones,comentarios,reacciones en total,me gusta,me encanta,me divierte,me entristece,me sorprende,me enoja,me importa,contenido
CLAUDIA ALIDA SALAS TAMBARE,https://www.facebook.com/claudiaalida.salastambare,sí,,0,0,2025-08-04,post,https://www.facebook.com/share/p/1EkHuDy2VF/,1,0,6,4,2,0,0,0,0,0,"Pavel Aracena por ADN “NO ESPEREN CAMBIOS SI VOTAN A LOS MISMOS DE SIEMPRE”  “La vieja derecha es la nueva izquierda por conveniencia. Todo el sistema está podrido”
Sol… Ver más"
CLAUDIA ALIDA SALAS TAMBARE,https://www.facebook.com/claudiaalida.salastambare,sí,,0,0,2025-08-04,post,https://www.facebook.com/share/p/1FSVEAsiM9/,1,0,6,6,0,0,0,0,0,0,"#eldesconocido 
 ESTÁ SUCEDIENDO MUCHO EN POCAS HORAS 
AGRADECEMOS EL APOYO A TODOS LOS DESCONOCIDOS, 
CONFIEMOS EN EL RUMBO QUE TOMARÁ NUESTRA PATRIA. Hay gent… Ver más"
CLAUDIA ALIDA SALAS TAMBARE,https://www.facebook.com/claudiaalida.salastambare,sí,,0,0,2025-08-04,post,https://www.facebook.com/share/v/16sVd4yGAK/,21,5,26,22,4,0,0,0,0,0,"#eldesconocido 
De lujo ADN 
 mil aplausos 
estamos orgullosos de la HONESTIDAD DE NUESTROS CANDIDATOS DESCONOCIDOS Pavel Aracena Presidente y Victor Hug… Ver más"
CLAUDIA ALIDA SALAS TAMBARE,https://www.facebook.com/claudiaalida.salastambare,sí,,0,0,2025-08-04,post,https://www.facebook.com/share/v/1Ei2udm5if/,8,4,50,0,0,0,0,0,0,0,Hasta el último segundo 
CLAUDIA ALIDA SALAS TAMBARE,https://www.facebook.com/claudiaalida.salastambare,sí,,0,0,2025-08-04,post,https://www.facebook.com/share/v/19Udk7Y7HK/,56,6,10,10,0,0,0,0,0,0,"Basta
 NO ESPEREN CAMBIOS SI VOTAN A LOS MISMOS DE SIEMPRE” 
#eldesconocido 
V… Ver más"
CLAUDIA ALIDA SALAS TAMBARE,https://www.facebook.com/claudiaalida.salastambare,sí,,0,0,2025-08-04,post,https://www.facebook.com/share/v/16nJLobNYG/,3,0,6,6,0,0,0,0,0,0,"Basta
 NO ESPEREN CAMBIOS SI VOTAN A LOS MISMOS DE SIEMPRE” 
#eldesconocido 
V… Ver más"
CLAUDIA ALIDA SALAS TAMBARE,https://www.facebook.com/claudiaalida.salastambare,sí,,0,0,2025-08-04,post,https://www.facebook.com/share/v/1CWncfe2bY/,2,0,3,3,0,0,0,0,0,0,"Basta
 NO ESPEREN CAMBIOS SI VOTAN A LOS MISMOS DE SIEMPRE” 
#eldesconocido 
V… Ver más"
CLAUDIA ALIDA SALAS TAMBARE,https://www.facebook.com/claudiaalida.salastambare,sí,,0,0,2025-08-05,post,https://www.facebook.com/share/v/172TomSdQr/,16,1,19,16,3,0,0,0,0,0,"Me encanta: LOS ÚLTIMOS SERÁN LOS PRIMEROS 
ADN 
 PAVEL Y VÍCTOR HUGO
… Ver más"
CLAUDIA ALIDA SALAS TAMBARE,https://www.facebook.com/claudiaalida.salastambare,sí,,0,0,2025-08-06,post,https://www.facebook.com/share/v/1Ep1U42CPx/,2,1,7,7,0,0,0,0,0,0,"#eldesconocido 
“NO ESPEREN CAMBIOS SI VOTAN A LOS MISMOS DE SIEMPRE” 
 “La vieja derecha es la nueva izquierda por conveniencia. Todo el sistema está podrido”… Ver más"
CLAUDIA ALIDA SALAS TAMBARE,https://www.facebook.com/claudiaalida.salastambare,sí,,0,0,2025-08-06,post,https://www.facebook.com/share/v/1CfFmWU56f/,6,0,8,7,0,1,0,0,0,0,"#eldesconocido #indeciso 
“NO ESPEREN CAMBIOS SI VOTAN A LOS MISMOS DE SIEMPRE” 
 “La vieja derecha es la nueva izquierda por conveniencia. Todo el sistema est… Ver más"
CLAUDIA ALIDA SALAS TAMBARE,https://www.facebook.com/claudiaalida.salastambare,sí,,0,0,2025-08-06,post,https://www.facebook.com/share/p/1DDobSjTC4/,5,0,10,9,1,0,0,0,0,0,"PAVEL PRESIDENTE Y VICTOR HUGO VICEPRESIDENTE - BINOMIO ADN 
“NO ESPEREN CAMBIOS SI VOTAN A LOS MISMOS DE SIEMPRE”  “La vieja derecha es la nueva izquierda por… Ver más"
