nombre perfil,url perfil,candidato identificado,creación del perfil,seguidores,seguidos,fecha post,tipo de post,url post,comparticiones,comentarios,reacciones en total,me gusta,me encanta,me divierte,me entristece,me sorprende,me enoja,me importa,contenido
Pan y Rosas Bolivia,https://www.facebook.com/panyrosasdebolivia,no,2016-03-12,10000,279,2025-06-16,post,https://www.facebook.com/share/p/16PG4VyKJY/,1,1,19,8,9,0,0,0,0,2," ¡No hay orgullo con crisis y represión!
E… Ver más"
Pan y Rosas Bolivia,https://www.facebook.com/panyrosasdebolivia,no,2016-03-12,10000,279,2025-06-23,post,https://www.facebook.com/share/p/1Z3QNswHDa/,9,2,27,16,11,0,0,0,0,0," ¡NUESTRO ORGULLO ES ANTICAPITALISTA !
E… Ver más"
