nombre perfil,url perfil,snapshot_date,creación del perfil,candidato identificado,seguidores,seguidos,fecha post,tipo de post,url post,comparticiones,comentarios,reacciones en total,me gusta,me encanta,me divierte,me entristece,me sorprende,me enoja,me importa,contenido
SONIA AGUILAR URAPIÑA,https://www.facebook.com/profile.php?id=61578179799533,2025-07-23,,no,0,0,2025-07-15,post,https://www.facebook.com/share/1Co4WYAMUz/,1,1,6,4,2,0,0,0,0,0,
SONIA AGUILAR URAPIÑA,https://www.facebook.com/profile.php?id=61578179799533,2025-07-23,,no,0,0,2025-07-15,post,https://www.facebook.com/share/p/12KuCRez2p1/,1,0,6,4,2,0,0,0,0,0,
SONIA AGUILAR URAPIÑA,https://www.facebook.com/profile.php?id=61578179799533,2025-07-23,,no,0,0,2025-07-15,post,https://www.facebook.com/share/p/19WFsH4ygY/,2,0,13,10,3,0,0,0,0,0,"Soy Sonia Aguilar Urapiña, mujer indígena, madre, y luchadora social.
Hoy me presento como candidata a diputada nacional por la Circunscripción 53 del departamento de Santa Cruz.
He dedicado mi vida a defender los derechos de nuestros pueblos originarios, a luchar por una educación digna para todos y a levantar la voz de quienes han sido olvidados.… Ver más"
SONIA AGUILAR URAPIÑA,https://www.facebook.com/profile.php?id=61578179799533,2025-07-23,,no,0,0,2025-07-16,post,https://www.facebook.com/share/p/16psZnqGcY/,3,0,9,5,4,0,0,0,0,0,"¡Felicidades, La Paz!
En tu aniversario celebro tu historia, tu fuerza y tu gente valiente.
Gracias por enseñarnos que desde las alturas también se lucha con el corazón.
Con admiración y cariño,
Sonia Aguilar Urapiña"
SONIA AGUILAR URAPIÑA,https://www.facebook.com/profile.php?id=61578179799533,2025-07-23,,no,0,0,2025-07-18,post,https://www.facebook.com/share/p/1C2FbAxEKX/,0,1,7,3,4,0,0,0,0,0,"Sonia Aguilar no apareció en tiempos de elecciones.
Siempre ha estado al lado de su pueblo, ayudando con lo que tiene, escuchando y caminando junto a su gente.
Hoy, como candidata titular a diputada por la C-53, no busca un cargo, busca una forma más grande de servir.
Porque cuando uno ha vivido las necesidades del pueblo, también sabe cómo defenderlo con dignidad.
Sonia Aguilar. Voz firme. Corazón del pueblo."
SONIA AGUILAR URAPIÑA,https://www.facebook.com/profile.php?id=61578179799533,2025-07-23,,no,0,0,2025-07-19,post,https://www.facebook.com/share/p/16uh81JCR2/,0,0,6,5,1,0,0,0,0,0,"Nuestra candidata Sonia Aguilar Urapiña hace un llamado a todos los municipios que conforman la Circunscripción 53 a una reunión de coordinación en el municipio de Pailón, con el objetivo de fortalecer el proyecto de La Fuerza del Pueblo.
 Es tiempo de organizarnos, escucharnos y construir juntos el camino hacia un futuro más justo para nuestras comunidades.
 Desde Pailón, la C-53 se une y avanza con fuerza."
SONIA AGUILAR URAPIÑA,https://www.facebook.com/profile.php?id=61578179799533,2025-07-30,,no,0,0,2025-07-24,post,https://www.facebook.com/share/v/1B7wZZPqjZ/,0,0,7,5,2,0,0,0,0,0," Sonia Aguilar: Comprometida con su gente 
Con los pies en la tierra y el corazón en su pueblo, Sonia Aguilar Urapiña, candidata a diputada por la C-53, asume el compromiso de trabajar por cada comunidad, cada familia y cada voz que quiere ser escuchada.
 Sonia no promete, ella actúa.
 So… Ver más"
SONIA AGUILAR URAPIÑA,https://www.facebook.com/profile.php?id=61578179799533,2025-07-30,,no,0,0,2025-07-25,post,https://www.facebook.com/share/v/1B99uWtzfk/,0,0,12,8,4,0,0,0,0,0,"Sonia Aguilar Urapiña
Siempre ha trabajado junto a su gente, sin necesidad de ocupar un cargo ni ser autoridad.
Su compromiso con el pueblo nació del corazón y se demuestra en cada acción.
Hoy, más que nunca, quiere seguir sirviendo a su tierra con más fuerza, más amor y con la misma entrega de siempre.… Ver más"
SONIA AGUILAR URAPIÑA,https://www.facebook.com/profile.php?id=61578179799533,2025-07-30,,no,0,0,2025-07-25,post,https://www.facebook.com/share/p/1C4nv4qZxi/,0,0,5,4,1,0,0,0,0,0,"Agradecimiento a Mi Pueblo
Quiero expresar mi más profundo agradecimiento a toda mi querida población por acompañarme en este camino de esperanza y compromiso.
Gracias por creer, por estar presentes y por caminar junto a mí.… Ver más"
SONIA AGUILAR URAPIÑA,https://www.facebook.com/profile.php?id=61578179799533,2025-07-30,,no,0,0,2025-07-26,post,https://www.facebook.com/share/v/14K8zSz3r3v/,4,0,14,12,2,0,0,0,0,0," ¡Una mujer del pueblo, con el pueblo y para el pueblo! 
Sonia Aguilar Urapiña, candidata a Diputada Titular por la Circunscripción 53, no es de las que aparece solo en campaña...
¡Ella siempre ha estado ahí, trabajando codo a codo con su gente!
E… Ver más"
SONIA AGUILAR URAPIÑA,https://www.facebook.com/profile.php?id=61578179799533,2025-07-30,,no,0,0,2025-07-28,post,https://www.facebook.com/share/p/15o1t24Hmd/,5,0,21,15,6,0,0,0,0,0," ¡Hoy más que nunca siento el compromiso de mi pueblo latiendo fuerte en mi corazón! 
He recibido el respaldo de la gente sencilla, de los luchadores anónimos, de quienes sueñan con una vida mejor…
Y no voy a fallarles.
E… Ver más"
