nombre perfil,url perfil,snapshot_date,creación del perfil,candidato identificado,seguidores,seguidos,fecha post,tipo de post,url post,comparticiones,comentarios,reacciones en total,me gusta,me encanta,me divierte,me entristece,me sorprende,me enoja,me importa,contenido
Fernando Untoja,https://www.facebook.com/fuchitonano,2025-07-15,,no,0,0,2025-07-10,post,https://www.facebook.com/share/p/1D1TUEANZj/,8,28,47,41,1,5,0,0,0,0,"Por Fuch Dunn inhabilitado: ¿y ahora qué? Silencio, evasión y abandono
Tras ser inhabilitado, lo único que se le ocurre decir a sus seguidores es que “pueden votar por quien quieran”. ¿Qué significa esto? Que el supuesto “líder” no tiene línea política, ni principios, ni proyecto. Deja a sus bases —muchas de ellas fanatizadas— en un limbo táctico, sin horizonte ni dirección. No propone alianza, no marca posición, no articula nada.
E… Ver más"
Fernando Untoja,https://www.facebook.com/fuchitonano,2025-07-15,,no,0,0,2025-07-11,post,https://www.facebook.com/share/p/1Br7dhMA2h/,5,1,14,13,1,0,0,0,0,0,"Crítica LIBERAL a los “liberales” sin dirección: la comodidad del “cada quien con su bandera”
Vivimos tiempos de crisis, y en toda crisis se exige claridad, no ambigüedad; dirección, no dispersión. Sin embargo, muchos que se autodenominan “liberales” —y otros que apenas repiten lo que escucharon de Dunn— se refugian en una consigna cómoda: “las personas son libres pensantes, votar es una decisión muy personal”. Parece sensato. Pero no… Ver más"
Fernando Untoja,https://www.facebook.com/fuchitonano,2025-07-15,,no,0,0,2025-07-11,post,https://www.facebook.com/share/p/1AMtHkS6AE/,1,4,13,13,0,0,0,0,0,0,"El individualismo como coartada del vacío político
El discurso posmoderno seduce.  “las personas son libres pensantes, votar es una decisión muy personal”. Y con eso cree haber hecho una defensa liberal. Pero lo que defiende, en el fondo, es una versión posmoderna del “cada quien con su bandera”, donde toda organización, todo programa, todo horizonte común queda deshecho en nombre de una supuesta autonomía individual.
Ese discurso n… Ver más"
Fernando Untoja,https://www.facebook.com/fuchitonano,2025-07-15,,no,0,0,2025-07-12,post,https://www.facebook.com/share/p/1LnkEfuq2E/,0,0,11,0,0,0,0,0,0,0,"Por Fuch ¿Repetición o propuesta? La política boliviana atrapada en el discurso vacío
En la antesala de un nuevo proceso electoral, el escenario político en Bolivia parece estancado en un bucle de repetición, carente de ideas frescas, propuestas técnicas o visiones de futuro. Las figuras de Andrónico Rodríguez, Leonardo Loza, Evo Morales y el propio Castillo, desde diversas trincheras del masismo (o de sus réplicas), coinciden en un d… Ver más"
