nombre perfil,url perfil,creación del perfil,seguidores,seguidos,fecha post,url post,comparticiones,reacciones en total,me gusta,me encanta,me divierte,me entristece,me sorprende,me enoja,me importa,contenido
CECILIA ISABEL REQUENA ZARATE,https://www.facebook.com/CeciliaRequenaZarate,,4500,158,2025-05-27,https://www.facebook.com/share/v/1Kz8SoTGX4/,39,27,21,2,0,0,0,3,1," El Parque Nacional Carrasco está en peligro.
La minería ilegal, los caminos clandestinos y el narcotráfico avanzan sobre esta área protegida clave para la vida y el a… Ver más"
CECILIA ISABEL REQUENA ZARATE,https://www.facebook.com/CeciliaRequenaZarate,,4500,158,2025-05-28,https://www.facebook.com/share/p/12KJQmuJoTq/,0,1,1,0,0,0,0,0,0,En vivo con Jorge Tejerina en Noches Sin Tregua
CECILIA ISABEL REQUENA ZARATE,https://www.facebook.com/CeciliaRequenaZarate,,4500,158,2025-05-28,https://www.facebook.com/share/p/1C4Roa2nhQ/,6,13,11,2,0,0,0,0,0,En @RTP felicité a la Central Provincial de NorLípez por logro inicial de medidas cautelares q exigen al Estado disponer de inf ambiental y consulta previa para prosegu… Ver más
CECILIA ISABEL REQUENA ZARATE,https://www.facebook.com/CeciliaRequenaZarate,,4500,158,2025-05-28,https://www.facebook.com/share/v/1AdVCoDJRU/,70,60,49,0,0,2,0,2,7, Urge abordar dos temáticas que marcan el rumbo ambiental de Bolivia:… Ver más
CECILIA ISABEL REQUENA ZARATE,https://www.facebook.com/CeciliaRequenaZarate,,4500,158,2025-05-29,https://www.facebook.com/share/v/1U9zzVhsDS/,8,29,22,4,0,3,0,0,0,Entrevista en #NochesSinTregua con #JorgeTejerina sobre Ley de Preclusión. Hay cosas que NO pueden esperar.
CECILIA ISABEL REQUENA ZARATE,https://www.facebook.com/CeciliaRequenaZarate,,4500,158,2025-06-03,https://www.facebook.com/share/v/1Ba5XVUW6a/,0,0,0,0,0,0,0,0,0,Gracias por la inv para ser parte del grupo de panelistas del Foro Virtual: SOSTENIBILIDAD AMBIENTAL Y TRANSICIÓN ENERGÉTICA: EL RETO DE BOLIVIA junto a @alanbojanic @f… Ver más
