nombre perfil,url perfil,candidato identificado,creación del perfil,seguidores,seguidos,fecha post,tipo de post,url post,comparticiones,comentarios,reacciones en total,me gusta,me encanta,me divierte,me entristece,me sorprende,me enoja,me importa,contenido
Melania Torrico,https://www.facebook.com/melania.pericon,no,2008-06-17,20000,2800,2025-07-04,post,https://www.facebook.com/share/v/1A5n1oSwdw/,10,6,91,67,0,0,23,0,1,0,"#Tarija
Richard fue sentenciado por el delito de violacion sexual a su primita, sin embargo, el verdadero autor es su cuñado esposo de su hermana mayor."
Melania Torrico,https://www.facebook.com/melania.pericon,no,2008-06-17,20000,2800,2025-07-04,post,https://www.facebook.com/share/v/1BxohBvkW9/,1,2,16,0,0,0,0,0,0,0,
Melania Torrico,https://www.facebook.com/melania.pericon,no,2008-06-17,20000,2800,2025-07-05,post,https://www.facebook.com/share/v/1BwT5Crhp6/,0,3,5,5,0,0,0,0,0,0,
Melania Torrico,https://www.facebook.com/melania.pericon,no,2008-06-17,20000,2800,2025-07-05,post,https://www.facebook.com/share/v/19pHi8Lfkw/,3,0,9,9,0,0,0,0,0,0,
