nombre perfil,url perfil,candidato identificado,creación del perfil,seguidores,seguidos,fecha post,tipo de post,url post,comparticiones,comentarios,reacciones en total,me gusta,me encanta,me divierte,me entristece,me sorprende,me enoja,me importa,contenido
YHISSEL MARISOL DAVALO LANCEA,https://www.facebook.com/nenita.savedra.7,sí,,1470,0,2025-07-29,post,https://www.facebook.com/share/p/1AzUNYSM86/,1,1,45,38,6,0,0,0,0,1,
YHISSEL MARISOL DAVALO LANCEA,https://www.facebook.com/nenita.savedra.7,sí,,1470,0,2025-07-29,post,https://www.facebook.com/share/p/19rN58d2BT/,18,15,95,76,17,2,0,0,0,0,"Un momento histórico para Santa Cruz y Bolivia!
La juventud da un paso firme: Santa Cruz tendrá sus representantes jóvenes en la Asamblea Legislativa.… Ver más"
YHISSEL MARISOL DAVALO LANCEA,https://www.facebook.com/nenita.savedra.7,sí,,1470,0,2025-07-30,post,https://www.facebook.com/share/v/1A3Vg1yesA/,20,10,79,0,0,0,0,0,0,0,"Con la bendición de Dios y el corazón firme, seguimos recorriendo barrio por barrio, llevando esperanza y compromiso.”
#EduardoPresidente #YhisselDiputada #BoliviaPrimero #Plan3000 #C48"
YHISSEL MARISOL DAVALO LANCEA,https://www.facebook.com/nenita.savedra.7,sí,,1470,0,2025-07-30,post,https://www.facebook.com/share/p/18xwFwXgQq/,14,8,63,50,11,1,0,0,0,1,"Cada día que recorremos los barrios más alejados, reafirmamos nuestro compromiso con ustedes y es ahí donde nace nuestra fuerza.
No venimos a prometer, venimos a trabaj… Ver más"
YHISSEL MARISOL DAVALO LANCEA,https://www.facebook.com/nenita.savedra.7,sí,,1470,0,2025-07-31,post,https://www.facebook.com/share/v/1FkoF9VntQ/,7,12,71,60,11,0,0,0,0,0,"Avanzamos día a día, paso a paso,
escuchando con atención,… Ver más"
YHISSEL MARISOL DAVALO LANCEA,https://www.facebook.com/nenita.savedra.7,sí,,1470,0,2025-08-01,post,https://www.facebook.com/share/p/1GTG7n5uMu/,15,4,46,39,7,0,0,0,0,0," ¡Gracias Barrio San Luisito!
Escuchamos sus necesidades y también compartimos nuestras propuestas.… Ver más"
YHISSEL MARISOL DAVALO LANCEA,https://www.facebook.com/nenita.savedra.7,sí,,1470,0,2025-08-01,post,https://www.facebook.com/share/v/1Fwi7NQWr3/,11,5,53,45,7,0,0,0,0,1,"¡Nada nos detiene! Este 17 de agosto demos la oportunidad a los jóvenes con propuestas e ideas nuevas.
 Yhissel Diputada… Ver más"
YHISSEL MARISOL DAVALO LANCEA,https://www.facebook.com/nenita.savedra.7,sí,,1470,0,2025-08-02,post,https://www.facebook.com/share/p/1GY3Kkj59s/,13,3,50,41,7,2,0,0,0,0," No dejes que otros decidan por ti
Este 17 de agosto, confía en la juventud 
¡… Ver más"
YHISSEL MARISOL DAVALO LANCEA,https://www.facebook.com/nenita.savedra.7,sí,,1470,0,2025-08-04,post,https://www.facebook.com/share/p/19mrQB3wiw/,18,2,79,59,17,2,0,0,0,1,Circunscripción 48 #Plan3000 #Villa1rodeMayo
YHISSEL MARISOL DAVALO LANCEA,https://www.facebook.com/nenita.savedra.7,sí,,1470,0,2025-08-06,post,https://www.facebook.com/share/p/19b2PGSrQ7/,25,8,37,25,11,1,0,0,0,0,"¡Gracias por tanto cariño, C-48! 
Junto a nuestro futuro presidente Eduardo Del Castillo Del Carpio, recorrimos los barrios más alejados de nuestra circunscripción. No… Ver más"
