nombre perfil,url perfil,candidato identificado,creación del perfil,seguidores,seguidos,fecha post,tipo de post,url post,comparticiones,comentarios,reacciones en total,me gusta,me encanta,me divierte,me entristece,me sorprende,me enoja,me importa,contenido
Mamás Sororas de Bolivia ,https://www.facebook.com/MamasSororasBolivia,no,2021-05-07,13000,0,2025-07-29,post,https://www.facebook.com/share/p/1Ax5ZKhgMr/,0,0,14,5,1,8,0,0,0,0,Jajajaja
Mamás Sororas de Bolivia ,https://www.facebook.com/MamasSororasBolivia,no,2021-05-07,13000,0,2025-07-29,post,https://www.facebook.com/share/p/1HFjohrBKK/,3,8,34,29,1,0,1,0,3,0,MUY RICO EL CHARQUE PERO UNA HUEVAAA LO DEMAS … Ver más
Mamás Sororas de Bolivia ,https://www.facebook.com/MamasSororasBolivia,no,2021-05-07,13000,0,2025-07-29,post,https://www.facebook.com/share/p/16wQyzkBkm/,1,1,9,2,0,0,0,2,5,0,Apoyando el G3nocidi0 de Israel al pueblo de Palestina
Mamás Sororas de Bolivia ,https://www.facebook.com/MamasSororasBolivia,no,2021-05-07,13000,0,2025-07-31,post,https://www.facebook.com/share/p/19jnMgTggN/,0,0,3,1,2,0,0,0,0,0,
Mamás Sororas de Bolivia ,https://www.facebook.com/MamasSororasBolivia,no,2021-05-07,13000,0,2025-08-01,post,https://www.facebook.com/share/p/1AwsjpvQDA/,10,0,6,4,0,0,2,0,0,0,"Apoyemos a Angelito
Cel. 69307877"
Mamás Sororas de Bolivia ,https://www.facebook.com/MamasSororasBolivia,no,2021-05-07,13000,0,2025-08-05,post,https://www.facebook.com/share/p/1NmXFEkG2J/,1,0,9,2,0,7,0,0,0,0,Jajajajaja
