nombre perfil,url perfil,creación del perfil,seguidores,seguidos,fecha post,url post,comparticiones,reacciones en total,me gusta,me encanta,me divierte,me entristece,me sorprende,me enoja,me importa,contenido
Wikimedistas de Bolivia,https://www.facebook.com/wikimedistasdebolivia,2011-05-04,4300,0,2025-05-26,https://www.facebook.com/share/p/1KryHN5aCF/,0,,0,0,0,0,0,0,0,"Una nueva semana, un día dedicado a aprender una nueva habilidad.… Ver más"
Wikimedistas de Bolivia,https://www.facebook.com/wikimedistasdebolivia,2011-05-04,4300,0,2025-05-27,https://www.facebook.com/share/p/15eJx9fSzw/,0,,0,0,0,0,0,0,0," Tenemos que confesarte que sí, realizamos este taller para sacar mejores fotografías de gatitos y claro, mejorar la representación visual sobre la cultura viva de … Ver más"
Wikimedistas de Bolivia,https://www.facebook.com/wikimedistasdebolivia,2011-05-04,4300,0,2025-05-30,https://www.facebook.com/share/p/16c1BqFaCt/,0,,0,0,0,0,0,0,0,"¡Hoy empezó la Eduwiki conference! 
Nu… Ver más"
Wikimedistas de Bolivia,https://www.facebook.com/wikimedistasdebolivia,2011-05-04,4300,0,2025-06-02,https://www.facebook.com/share/p/16XwYkThVg/,0,,1,0,0,0,0,0,0,¿Recuerdas que te contamos sobre este evento? Ahora puedes conocer de primera mano qué se conversó en este conversatorio.… Ver más
