nombre perfil,url perfil,snapshot_date,creación del perfil,candidato identificado,seguidores,seguidos,fecha post,tipo de post,url post,comparticiones,comentarios,reacciones en total,me gusta,me encanta,me divierte,me entristece,me sorprende,me enoja,me importa,contenido
Nelly Flores,https://www.facebook.com/profile.php?id=100049763891374,2025-06-16,,no,0,0,2025-02-04,post,https://www.facebook.com/permalink.php?story_fbid=pfbid02W3vkqAdPeBuwc71VWQivmYY7rpT36hkcXiRY4LdaEhbTwvTY25jSaW9SvudZ4XpUl&id=100049763891374,0,0,0,0,0,0,0,0,0,0,
Nelly Flores,https://www.facebook.com/profile.php?id=100049763891374,2025-06-16,,no,0,0,2025-02-06,post,https://www.facebook.com/share/p/1LhuF6fjVY/,0,0,0,0,0,0,0,0,0,0,
Nelly Flores,https://www.facebook.com/profile.php?id=100049763891374,2025-06-16,,no,0,0,2025-02-10,post,https://www.facebook.com/permalink.php?story_fbid=pfbid0GCFYExS5CcTU5qJjTwW5rK7L4WHHv8JxCov6rCSpQEZGjso1Mf4bYdLwwiPRmJqEl&id=100049763891374,0,0,0,0,0,0,0,0,0,0,
Nelly Flores,https://www.facebook.com/profile.php?id=100049763891374,2025-06-16,,no,0,0,2025-02-10,post,https://www.facebook.com/share/p/15ZH6iZja5/,0,1,1,1,0,0,0,0,0,0,
Nelly Flores,https://www.facebook.com/profile.php?id=100049763891374,2025-06-16,,no,0,0,2025-02-11,post,https://www.facebook.com/permalink.php?story_fbid=pfbid02hVNuw919eU34YwPfKoPTDfszHE75abaJEXSV21ESzqqpz2w1zmUDwpcdux1aoDF4l&id=100049763891374,0,0,0,0,0,0,0,0,0,0,
Nelly Flores,https://www.facebook.com/profile.php?id=100049763891374,2025-06-16,,no,0,0,2025-02-12,post,https://www.facebook.com/share/p/1G4r7sF7pe/,0,1,4,4,0,0,0,0,0,0,
Nelly Flores,https://www.facebook.com/profile.php?id=100049763891374,2025-06-16,,no,0,0,2025-02-12,post,https://www.facebook.com/permalink.php?story_fbid=pfbid0adCXhS92F5GsDpBPrV3cjGcbAvtQXbf36jR9PyeaeS7EcsuLnGvwhvNn3NYdbaF4l&id=100049763891374,0,0,1,1,0,0,0,0,0,0,
Nelly Flores,https://www.facebook.com/profile.php?id=100049763891374,2025-06-16,,no,0,0,2025-02-13,post,https://www.facebook.com/share/p/18rv1pWi2c/,1,1,1,1,0,0,0,0,0,0,
Nelly Flores,https://www.facebook.com/profile.php?id=100049763891374,2025-06-16,,no,0,0,2025-02-15,post,https://www.facebook.com/permalink.php?story_fbid=pfbid02S2Ybn4m1iLuHST8Gbc6jJ3e6LZPzwptdeoxU228YFot4zqfsKVoNtmPrCMvWMsajl&id=100049763891374,0,0,1,1,0,0,0,0,0,0,
Nelly Flores,https://www.facebook.com/profile.php?id=100049763891374,2025-06-16,,no,0,0,2025-02-15,post,https://www.facebook.com/share/p/16MsdnZkyx/,0,1,2,2,0,0,0,0,0,0,
Nelly Flores,https://www.facebook.com/profile.php?id=100049763891374,2025-06-16,,no,0,0,2025-02-16,post,https://www.facebook.com/share/p/14GP2kJcKKL/,0,1,3,3,0,0,0,0,0,0,
Nelly Flores,https://www.facebook.com/profile.php?id=100049763891374,2025-06-16,,no,0,0,2025-02-17,post,https://www.facebook.com/share/p/1AhoGVE1AW/,0,1,1,1,0,0,0,0,0,0,
Nelly Flores,https://www.facebook.com/profile.php?id=100049763891374,2025-06-16,,no,0,0,2025-02-20,post,https://www.facebook.com/share/p/1AUKM5aavn/,0,1,3,2,1,0,0,0,0,0,
Nelly Flores,https://www.facebook.com/profile.php?id=100049763891374,2025-06-16,,no,0,0,2025-02-20,post,https://www.facebook.com/permalink.php?story_fbid=pfbid0t1RjkTrNx9LZ7tgq26Yw1MyYSx5H9vgswoxSoPuwHohzD7K5BbF5HZC8rDmXTYUXl&id=100049763891374,0,0,1,1,0,0,0,0,0,0,
Nelly Flores,https://www.facebook.com/profile.php?id=100049763891374,2025-06-16,,no,0,0,2025-02-21,post,https://www.facebook.com/permalink.php?story_fbid=pfbid02uLkHJjJeoZFX5nrVJUAuhJWB2Fk8G6oiigmrsAyGmfs4H6PDzXywRQeiTHx7Vv6Xl&id=100049763891374,0,0,1,1,0,0,0,0,0,0,
Nelly Flores,https://www.facebook.com/profile.php?id=100049763891374,2025-06-16,,no,0,0,2025-02-23,post,https://www.facebook.com/permalink.php?story_fbid=pfbid0VbAwWjcmcxDKYxKg6BmLqo3M2KLR9atAHLmRypZ6oJiERdoMbYZmRQdoU73AS81Bl&id=100049763891374,0,0,1,1,0,0,0,0,0,0,
Nelly Flores,https://www.facebook.com/profile.php?id=100049763891374,2025-06-16,,no,0,0,2025-02-23,post,https://www.facebook.com/share/p/1CCwuU42Pk/,0,1,2,2,0,0,0,0,0,0,
Nelly Flores,https://www.facebook.com/profile.php?id=100049763891374,2025-06-16,,no,0,0,2025-02-23,post,https://www.facebook.com/permalink.php?story_fbid=pfbid0wyXtkiicrzp2oqZtHZQ7zhPXjHT7aoj7UmtHcoXEsem6XPyKYPMg3icXJ3e8LoS7l&id=100049763891374,0,0,1,1,0,0,0,0,0,0,
Nelly Flores,https://www.facebook.com/profile.php?id=100049763891374,2025-06-16,,no,0,0,2025-02-25,post,https://www.facebook.com/permalink.php?story_fbid=pfbid0eRNFS1gfqSJwaBHBtRCDEFKB7qP1xztUB75fYk2ErfRt9qBaYMaQTnboeMhn86Khl&id=100049763891374,0,0,1,1,0,0,0,0,0,0,
Nelly Flores,https://www.facebook.com/profile.php?id=100049763891374,2025-06-16,,no,0,0,2025-02-25,post,https://www.facebook.com/permalink.php?story_fbid=pfbid026BacQ9cDdKtPSmQ3ZbjmTyQQFHRzqtQPk5BCz1BrnivAfMcYHbUofmjgaahKtXFdl&id=100049763891374,0,0,1,1,0,0,0,0,0,0,
Nelly Flores,https://www.facebook.com/profile.php?id=100049763891374,2025-06-16,,no,0,0,2025-02-25,post,https://www.facebook.com/permalink.php?story_fbid=pfbid02WxTUXR1tM4m3FQim1gWwbcDCUFKA2WQsk1uxKeuhWohSDeq8qi9J91gGB4q7TtSCl&id=100049763891374,0,0,1,1,0,0,0,0,0,0,
Nelly Flores,https://www.facebook.com/profile.php?id=100049763891374,2025-06-16,,no,0,0,2025-02-27,post,https://www.facebook.com/permalink.php?story_fbid=pfbid0kCXsFzy116ym2h5CebJkGD4qJddyNeZW92FbuTpXhTQoccM9AE986t42GTxeV974l&id=100049763891374,0,0,1,1,0,0,0,0,0,0,
Nelly Flores,https://www.facebook.com/profile.php?id=100049763891374,2025-06-16,,no,0,0,2025-02-27,post,https://www.facebook.com/permalink.php?story_fbid=pfbid032zuRAyp4V515AF4JCpyzFiXdkF924YXEC8zSZj3SniSLuooqbQVZZJUspVquxEjkl&id=61562465199657,1,6,31,26,5,0,0,0,0,0,"En coordinación con las Instituciones que apoyan a nuestros Adultos Mayores. En esta oportunidad junto a la Dirección Departamental de Derechos Humanos de la Policía.
Trabajando 24/7 por los adultos mayores  de bolivia"
Nelly Flores,https://www.facebook.com/profile.php?id=100049763891374,2025-06-16,,no,0,0,2025-03-02,post,https://www.facebook.com/permalink.php?story_fbid=pfbid02oTTx3PkwebrukkuZh9Mw7P2KjBAUHFd7xovMREmT2AK71aWWMWv3kuT3w5ghZBQnl&id=100049763891374,0,0,1,1,0,0,0,0,0,0,
Nelly Flores,https://www.facebook.com/profile.php?id=100049763891374,2025-06-16,,no,0,0,2025-03-02,post,https://www.facebook.com/share/p/1YpLpyEcJZ/,0,1,2,1,0,0,0,1,0,0,
Nelly Flores,https://www.facebook.com/profile.php?id=100049763891374,2025-06-16,,no,0,0,2025-03-02,post,https://www.facebook.com/permalink.php?story_fbid=pfbid02aJXMCnpVuCLHGQv2imDgEj9d8RwUxeFE3DRM6VdsJXV8uH8nrSBMRaGAECjtwDLxl&id=100049763891374,0,0,0,0,0,0,0,0,0,0,
Nelly Flores,https://www.facebook.com/profile.php?id=100049763891374,2025-06-16,,no,0,0,2025-03-02,post,https://www.facebook.com/permalink.php?story_fbid=pfbid0aonyGKzG8geuWVfYGRS7HNrh7Ce8Ahr2pSjnS8y9fWjakwUHiQ5QFDNAfSLZhxnXl&id=100049763891374,0,0,1,1,0,0,0,0,0,0,
Nelly Flores,https://www.facebook.com/profile.php?id=100049763891374,2025-06-16,,no,0,0,2025-03-03,post,https://www.facebook.com/share/p/198tZWGwSo/,1,1,10,9,0,1,0,0,0,0,
Nelly Flores,https://www.facebook.com/profile.php?id=100049763891374,2025-06-16,,no,0,0,2025-03-03,post,https://www.facebook.com/share/p/1Aaqd1b3rv/,0,1,3,2,1,0,0,0,0,0,
Nelly Flores,https://www.facebook.com/profile.php?id=100049763891374,2025-06-16,,no,0,0,2025-03-03,post,https://www.facebook.com/share/1EfPMLAfGw/,8,5,17,16,0,1,0,0,0,0,
Nelly Flores,https://www.facebook.com/profile.php?id=100049763891374,2025-06-16,,no,0,0,2025-03-03,post,https://www.facebook.com/share/p/18z2AwJeuq/,0,0,0,0,0,0,0,0,0,0,
Nelly Flores,https://www.facebook.com/profile.php?id=100049763891374,2025-06-16,,no,0,0,2025-03-03,post,https://www.facebook.com/permalink.php?story_fbid=pfbid033V5dwGXv186c2prNpiSfQC6zx6K1djtSaeM2y9J5xBzg16NCM1GFehqGRDrKUTDYl&id=100049763891374,0,0,0,0,0,0,0,0,0,0,
Nelly Flores,https://www.facebook.com/profile.php?id=100049763891374,2025-06-16,,no,0,0,2025-03-04,post,https://www.facebook.com/share/p/1EebAq19Ro/,0,1,2,1,1,0,0,0,0,0,
Nelly Flores,https://www.facebook.com/profile.php?id=100049763891374,2025-06-16,,no,0,0,2025-03-05,post,https://www.facebook.com/permalink.php?story_fbid=pfbid0f6uFScYBk77zb354febcn4JKYQMhvXPZmC8rgdCsZErphtLbJpamxJAKjUYESdBxl&id=100049763891374,0,0,0,0,0,0,0,0,0,0,
Nelly Flores,https://www.facebook.com/profile.php?id=100049763891374,2025-06-16,,no,0,0,2025-03-05,post,https://www.facebook.com/share/p/19nydPtgbx/,0,0,1,1,0,0,0,0,0,0,
Nelly Flores,https://www.facebook.com/profile.php?id=100049763891374,2025-06-16,,no,0,0,2025-03-08,post,https://www.facebook.com/permalink.php?story_fbid=pfbid02Toy3rkrV3R1iHsxxpk1cuafsqqqzKTq9oVKfnfj1ErgAvstSzCQZPoUgVdzBfTjMl&id=100049763891374,0,0,0,0,0,0,0,0,0,0,
Nelly Flores,https://www.facebook.com/profile.php?id=100049763891374,2025-06-16,,no,0,0,2025-03-09,post,https://www.facebook.com/antia.painceiras.5/posts/pfbid0y4f2adKFd4PX45NueeLzi3rDtruEdy75U1QvWeHqBFwsuKuNhD8c9swpQoxRFvA4l,0,2,2,1,1,0,0,0,0,0,
Nelly Flores,https://www.facebook.com/profile.php?id=100049763891374,2025-06-16,,no,0,0,2025-03-09,post,https://www.facebook.com/permalink.php?story_fbid=pfbid027FwQYdvRtVEkoSit6AiNop1vfQYBAD42Nvreux9RUgB34nNKiBo1ieicdUGbttoQl&id=100049763891374,0,0,0,0,0,0,0,0,0,0,
Nelly Flores,https://www.facebook.com/profile.php?id=100049763891374,2025-06-16,,no,0,0,2025-03-11,post,https://www.facebook.com/share/p/16j9aWR24D/,0,1,1,1,0,0,0,0,0,0,
Nelly Flores,https://www.facebook.com/profile.php?id=100049763891374,2025-06-16,,no,0,0,2025-03-11,post,https://www.facebook.com/permalink.php?story_fbid=pfbid02FnfJ5xWbEvYUNAyy4b9MDLkgm6KM5iTuD1QH959XdoXhh4w1cGzVAYrqevvjC57Rl&id=100049763891374,0,0,0,0,0,0,0,0,0,0,
Nelly Flores,https://www.facebook.com/profile.php?id=100049763891374,2025-06-16,,no,0,0,2025-03-12,post,https://www.facebook.com/permalink.php?story_fbid=pfbid0bvmp2v4AWrk8p8Lgwo2X8jjnoPWuhErZ5C35m5WXsy1KiP8fpd5AxrngTr9FN45Rl&id=100049763891374,0,0,1,1,0,0,0,0,0,0,
Nelly Flores,https://www.facebook.com/profile.php?id=100049763891374,2025-06-16,,no,0,0,2025-03-13,post,https://www.facebook.com/permalink.php?story_fbid=pfbid02ByQEXMRCN7i3fc81Qovvx1d97SxAcjaWLJdDSo7vWcmf3WTFyheDbMzEy8H7XDuLl&id=100049763891374,0,0,0,0,0,0,0,0,0,0,
Nelly Flores,https://www.facebook.com/profile.php?id=100049763891374,2025-06-16,,no,0,0,2025-03-14,post,https://www.facebook.com/antia.painceiras.5/posts/pfbid032t2PVSuMqMuwbBPiqYwK3G8ryWTLYae5BLV5sB6Gf6CAX5P4V8gFsaWUKgMTYc46l,0,1,1,0,0,1,0,0,0,0,
Nelly Flores,https://www.facebook.com/profile.php?id=100049763891374,2025-06-16,,no,0,0,2025-03-15,post,https://www.facebook.com/share/p/12JxBkW5q6p/,0,1,2,2,0,0,0,0,0,0,
Nelly Flores,https://www.facebook.com/profile.php?id=100049763891374,2025-06-16,,no,0,0,2025-03-15,post,https://www.facebook.com/permalink.php?story_fbid=pfbid027YsCt3uVnUCrtFBCNGWKfqgHRTjLgLSuRinrw1Cu33N1XJfF5fGWqDwzxqvji5M3l&id=100049763891374,0,0,0,0,0,0,0,0,0,0,
Nelly Flores,https://www.facebook.com/profile.php?id=100049763891374,2025-06-16,,no,0,0,2025-03-17,post,https://www.facebook.com/share/p/1BvFjw2JNH/,0,4,5,4,1,0,0,0,0,0,
Nelly Flores,https://www.facebook.com/profile.php?id=100049763891374,2025-06-16,,no,0,0,2025-03-20,post,https://www.facebook.com/permalink.php?story_fbid=pfbid0CUfq9ewrkubj8yQTJ3CcSW94rHqfLuZuksTx8o1qs84C3kEq2Qh398SJTpAzp8tAl&id=100049763891374,0,0,0,0,0,0,0,0,0,0,
Nelly Flores,https://www.facebook.com/profile.php?id=100049763891374,2025-06-16,,no,0,0,2025-03-20,post,https://www.facebook.com/permalink.php?story_fbid=pfbid02E6NW8KcKsGsiZf4odfsapySbVmTJWc7hTFAn5aw7dxLs6ptKiThvaUQRjEyizh1Yl&id=100049763891374,0,0,0,0,0,0,0,0,0,0,
Nelly Flores,https://www.facebook.com/profile.php?id=100049763891374,2025-06-16,,no,0,0,2025-03-22,post,https://www.facebook.com/share/p/1RpFre18Ay/,0,1,1,1,0,0,0,0,0,0,
Nelly Flores,https://www.facebook.com/profile.php?id=100049763891374,2025-06-16,,no,0,0,2025-03-23,post,https://www.facebook.com/antia.painceiras.5/posts/pfbid0edi389cJaiH1Hp6DVSkvsy2Xy8TmqpH3FXRYhq9n3zKMc5enN6BudDYAJuF5AGxul,0,1,1,1,0,0,0,0,0,0,
Nelly Flores,https://www.facebook.com/profile.php?id=100049763891374,2025-06-16,,no,0,0,2025-03-23,post,https://www.facebook.com/permalink.php?story_fbid=pfbid02tZrvyS7HFDxvW5F5XhRiUqBo7pzTUupg9bwtiiyUEqbBjzbFeRspgn9gMqAgwJehl&id=100049763891374,0,0,0,0,0,0,0,0,0,0,
Nelly Flores,https://www.facebook.com/profile.php?id=100049763891374,2025-06-16,,no,0,0,2025-03-25,post,https://www.facebook.com/permalink.php?story_fbid=pfbid0281J5X6YxT9GekBWCq6PPyrt7CzySKSWdRLZtwc5CLzP92Jphod9THST4w7rJbz9zl&id=100049763891374,0,0,1,1,0,0,0,0,0,0,
Nelly Flores,https://www.facebook.com/profile.php?id=100049763891374,2025-06-16,,no,0,0,2025-03-25,post,https://www.facebook.com/share/p/16b8jP64SD/,0,1,4,4,0,0,0,0,0,0,
Nelly Flores,https://www.facebook.com/profile.php?id=100049763891374,2025-06-16,,no,0,0,2025-03-27,post,https://www.facebook.com/antia.painceiras.5/posts/pfbid0iEBzu3Q4qV7rzzPd4o9RjLCAeiDcnafkSzSux1GcHJDN8o6uZNRVuRkmW3txCZtul,0,1,0,0,0,0,0,0,0,0,
Nelly Flores,https://www.facebook.com/profile.php?id=100049763891374,2025-06-16,,no,0,0,2025-03-27,post,https://www.facebook.com/permalink.php?story_fbid=pfbid022u7nnhMGYxwiArQAeuh7f3CzqxSqAfTQfGVK4C76XgNfLsndExovmngsrUd5frkwl&id=100049763891374,0,0,0,0,0,0,0,0,0,0,
Nelly Flores,https://www.facebook.com/profile.php?id=100049763891374,2025-06-16,,no,0,0,2025-03-28,reel,/reel/642373041997915/?s=single_unit&__cft__[0]=AZViv_cMNC6rrgzXoXQGshqMzZBa8xNJQcbFNDKTzIh2U-37prj4dPc-NWdzGcS5U2aHsNqlr6NhC6lFqO7OdxJm7Pns4kaM_TGmgT2j8NGq7yhVc47AYWU2o2wzuQfCMoTg8Hg8TGver_88qBlfvPwwwc361JSX4JITCu6jNifMbODg2Do4RirPWjtg1lCdU2k&__tn__=H-R,0,0,0,0,0,0,0,0,0,0,"Así Puedes ver todos las contraseñas que olvidaste, pero que en realidad guardaste en tu teléfono con este método"
Nelly Flores,https://www.facebook.com/profile.php?id=100049763891374,2025-06-16,,no,0,0,2025-03-29,post,https://www.facebook.com/share/p/19P5Y2qMYa/,0,1,0,0,0,0,0,0,0,0,
Nelly Flores,https://www.facebook.com/profile.php?id=100049763891374,2025-06-16,,no,0,0,2025-03-29,post,2025-03-29,0,0,0,0,0,0,0,0,0,0,
Nelly Flores,https://www.facebook.com/profile.php?id=100049763891374,2025-06-16,,no,0,0,2025-03-30,post,https://www.facebook.com/share/p/1Cwieokxax/,0,2,2,2,0,0,0,0,0,0,
Nelly Flores,https://www.facebook.com/profile.php?id=100049763891374,2025-06-16,,no,0,0,2025-03-30,post,https://www.facebook.com/permalink.php?story_fbid=pfbid0DNYZyvSojbUeKEJQL5Xg7sT64K3Gwye8pTvrxLMomdes5Pk86CpPN5EDeA7GzQuVl&id=100049763891374,0,0,0,0,0,0,0,0,0,0,
Nelly Flores,https://www.facebook.com/profile.php?id=100049763891374,2025-06-16,,no,0,0,2025-03-30,post,https://www.facebook.com/permalink.php?story_fbid=pfbid0fVqQPwPks5XsS84MuVdsgypG8VUgJVQTmJqsxQrw7F9FqRe3qj7dXz5L6wCNMBdpl&id=100049763891374,0,0,0,0,0,0,0,0,0,0,
Nelly Flores,https://www.facebook.com/profile.php?id=100049763891374,2025-06-16,,no,0,0,2025-03-31,post,https://www.facebook.com/share/p/1XqgacC6sU/,0,1,1,1,0,0,0,0,0,0,
Nelly Flores,https://www.facebook.com/profile.php?id=100049763891374,2025-06-16,,no,0,0,2025-04-01,post,https://www.facebook.com/share/p/15Z4Te7Cbi/,0,2,1,1,0,0,0,0,0,0,
Nelly Flores,https://www.facebook.com/profile.php?id=100049763891374,2025-06-16,,no,0,0,2025-04-02,post,https://www.facebook.com/share/p/1GUYfyYsS4/,0,1,0,0,0,0,0,0,0,0,
Nelly Flores,https://www.facebook.com/profile.php?id=100049763891374,2025-06-16,,no,0,0,2025-04-02,post,https://www.facebook.com/permalink.php?story_fbid=pfbid0mEpLZsabTdPEHWQNg87sE7WgjioEqtasfJiVtkYZP6jSpFp2QFp3KUWGMqcQFHnKl&id=100049763891374,0,0,0,0,0,0,0,0,0,0,
Nelly Flores,https://www.facebook.com/profile.php?id=100049763891374,2025-06-16,,no,0,0,2025-04-03,post,https://www.facebook.com/share/p/18yFhYR7j6/,0,1,2,2,0,0,0,0,0,0,
Nelly Flores,https://www.facebook.com/profile.php?id=100049763891374,2025-06-16,,no,0,0,2025-04-04,post,https://www.facebook.com/antia.painceiras.5/posts/pfbid02e5i4VYaB8yUPmnSF4LQdHyLADjcEBpm9ry33hWLUfyfwLNNw6D1x7p4ATQTSvzK9l,0,1,2,1,1,0,0,0,0,0,
Nelly Flores,https://www.facebook.com/profile.php?id=100049763891374,2025-06-16,,no,0,0,2025-04-06,post,https://www.facebook.com/permalink.php?story_fbid=pfbid02fBACU4S8gMAsTzFXs63V5RdgMSA9VrdY8yVm8n6g32aMhjSuteZa9A5kvZ3NNUpNl&id=100049763891374,6,2,6,7,0,0,0,0,0,0,
Nelly Flores,https://www.facebook.com/profile.php?id=100049763891374,2025-06-16,,no,0,0,2025-04-06,post,https://www.facebook.com/antia.painceiras.5/posts/pfbid0YTiaHob5PNu9XgT8kGdXcGDMd631tNFE7zSTADHQaMeF2YoYYmedfHzJV9u5ycnzl,0,1,1,1,0,0,0,0,0,0,
Nelly Flores,https://www.facebook.com/profile.php?id=100049763891374,2025-06-16,,no,0,0,2025-04-07,post,https://www.facebook.com/share/p/1AQ5bomZRJ/,0,0,0,0,0,0,0,0,0,0,
Nelly Flores,https://www.facebook.com/profile.php?id=100049763891374,2025-06-16,,no,0,0,2025-04-09,post,https://www.facebook.com/antia.painceiras.5/posts/pfbid0WXfg6dbD36wyMstE21EXp1diEkxi6VF58DsLchRbpECiwWWThtWSSLiwTChzaGBcl,0,1,2,1,1,0,0,0,0,0,
Nelly Flores,https://www.facebook.com/profile.php?id=100049763891374,2025-06-16,,no,0,0,2025-04-10,post,https://www.facebook.com/share/p/1EqCHPACpS/,0,1,0,0,0,0,0,0,0,0,
Nelly Flores,https://www.facebook.com/profile.php?id=100049763891374,2025-06-16,,no,0,0,2025-04-11,post,https://www.facebook.com/share/p/1ApmaSE4Cb/,0,1,1,0,0,0,0,0,0,1,
Nelly Flores,https://www.facebook.com/profile.php?id=100049763891374,2025-06-16,,no,0,0,2025-04-13,post,https://www.facebook.com/permalink.php?story_fbid=pfbid0MN2rc3YKjg6jpemzAWpK6RkK7nKfc2MMJp3TWoaLSeeurAZcmqvPW6veZcaihMhul&id=100049763891374,0,0,0,0,0,0,0,0,0,0,
Nelly Flores,https://www.facebook.com/profile.php?id=100049763891374,2025-06-16,,no,0,0,2025-04-14,post,https://www.facebook.com/share/p/1FgMC1oy5a/,0,1,1,1,0,0,0,0,0,0,
Nelly Flores,https://www.facebook.com/profile.php?id=100049763891374,2025-06-16,,no,0,0,2025-04-15,post,https://www.facebook.com/share/p/1Hskq8L3Ct/,0,0,0,0,0,0,0,0,0,0,
Nelly Flores,https://www.facebook.com/profile.php?id=100049763891374,2025-06-16,,no,0,0,2025-04-16,post,https://www.facebook.com/share/p/1XYqgBJGxi/,0,1,0,0,0,0,0,0,0,0,
Nelly Flores,https://www.facebook.com/profile.php?id=100049763891374,2025-06-16,,no,0,0,2025-04-17,post,https://www.facebook.com/share/p/19429wCxve/,0,1,1,1,0,0,0,0,0,0,
Nelly Flores,https://www.facebook.com/profile.php?id=100049763891374,2025-06-16,,no,0,0,2025-04-21,post,https://www.facebook.com/permalink.php?story_fbid=pfbid02zt3TWyjc4rxfUEdAhzu6jZMdnby6njxJt6HrRuTGczvnc8RmUBaWMbJ9ngbZJAEpl&id=100049763891374,0,0,0,0,0,0,0,0,0,0,
Nelly Flores,https://www.facebook.com/profile.php?id=100049763891374,2025-06-16,,no,0,0,2025-04-21,post,https://www.facebook.com/permalink.php?story_fbid=pfbid02omvTAswxPDcyhGFV9KoxHXUozRzoXzLg6oCHMHcY3VcamVVbnMZnkCjsnp6EPY1vl&id=100049763891374,0,0,0,0,0,0,0,0,0,0,
Nelly Flores,https://www.facebook.com/profile.php?id=100049763891374,2025-06-16,,no,0,0,2025-04-22,post,https://www.facebook.com/share/p/16iiMefoCq/,0,1,2,2,0,0,0,0,0,0,
Nelly Flores,https://www.facebook.com/profile.php?id=100049763891374,2025-06-16,,no,0,0,2025-04-23,post,https://www.facebook.com/share/p/1F2NqJq734/,0,1,1,1,0,0,0,0,0,0,
Nelly Flores,https://www.facebook.com/profile.php?id=100049763891374,2025-06-16,,no,0,0,2025-04-24,post,https://www.facebook.com/permalink.php?story_fbid=pfbid02CnoFE5LHSMVGuSiBpDPKCvCcmD1u2PhxLsh8DmN71in9ZndnkgzU9hiFT9tGn3TGl&id=100049763891374,0,0,0,0,0,0,0,0,0,0,
Nelly Flores,https://www.facebook.com/profile.php?id=100049763891374,2025-06-16,,no,0,0,2025-04-25,post,https://www.facebook.com/permalink.php?story_fbid=pfbid02SbJqBdYJPG4Q85L2BrSp5vYqmE2q5kZwwU1tsooqnGFoGfQTT4BBN4iU7x7NGhjKl&id=100049763891374,0,0,0,0,0,0,0,0,0,0,
Nelly Flores,https://www.facebook.com/profile.php?id=100049763891374,2025-06-16,,no,0,0,2025-04-26,post,https://www.facebook.com/permalink.php?story_fbid=pfbid0QjJQVeeTW2LwiSaF6ENvChuEguEuAeB97Nqr13YqLy3ARxqgcjdxBZSx3BgpkWFHl&id=100049763891374,0,0,0,0,0,0,0,0,0,0,
Nelly Flores,https://www.facebook.com/profile.php?id=100049763891374,2025-06-16,,no,0,0,2025-04-26,post,https://www.facebook.com/permalink.php?story_fbid=pfbid02nCQQP3UpQgnKpkwae14uaoaAWy2L4sPFjPcHM9H5NvCBRJcUqPgNx7ky7LMDXShZl&id=100049763891374,0,0,0,0,0,0,0,0,0,0,
Nelly Flores,https://www.facebook.com/profile.php?id=100049763891374,2025-06-16,,no,0,0,2025-04-27,post,https://www.facebook.com/share/p/1AutozjHxf/,0,2,4,4,0,0,0,0,0,0,
Nelly Flores,https://www.facebook.com/profile.php?id=100049763891374,2025-06-16,,no,0,0,2025-04-29,post,https://www.facebook.com/permalink.php?story_fbid=pfbid02Z2G5TjxembTgsSyvak13wJBk8RjJ3W41N9Q2wvT1PTbvDU3v4LMbPsx3VVbGzqX4l&id=100049763891374,0,0,0,0,0,0,0,0,0,0,
Nelly Flores,https://www.facebook.com/profile.php?id=100049763891374,2025-06-16,,no,0,0,2025-04-30,post,https://www.facebook.com/permalink.php?story_fbid=pfbid02k3aQQABKSmjFFrA6WiDkuiy4fUJKSwEzeWGLcgiBotX6ReauRRQgMr69V8y2W3iMl&id=100049763891374,0,0,0,0,0,0,0,0,0,0,
Nelly Flores,https://www.facebook.com/profile.php?id=100049763891374,2025-06-16,,no,0,0,2025-05-02,post,https://www.facebook.com/share/p/19ZgcyK5Wq/,0,1,3,2,1,0,0,0,0,0,
Nelly Flores,https://www.facebook.com/profile.php?id=100049763891374,2025-06-16,,no,0,0,2025-05-03,post,https://www.facebook.com/permalink.php?story_fbid=pfbid0m9MdRjqs3NU7gTP9PJZCTtQMY1ryL4u9FvuQdfKeTvqFKrsSUxYqs8VR7TcPLZoPl&id=100049763891374,0,0,0,0,0,0,0,0,0,0,
Nelly Flores,https://www.facebook.com/profile.php?id=100049763891374,2025-06-16,,no,0,0,2025-05-03,post,https://www.facebook.com/permalink.php?story_fbid=pfbid0YbacRAHkPQtjgAoBsFgcuMdJf4FWDYJurF3EEnSdLJpzB1ZeNaypmMpe4E6mKjiKl&id=100049763891374,0,0,0,0,0,0,0,0,0,0,
Nelly Flores,https://www.facebook.com/profile.php?id=100049763891374,2025-06-11,,no,0,0,2025-05-04,post,https://www.facebook.com/share/p/15py5bxp7v/,0,1,0,0,0,0,0,0,0,0,
Nelly Flores,https://www.facebook.com/profile.php?id=100049763891374,2025-06-16,,no,0,0,2025-05-04,post,https://www.facebook.com/share/p/1FQeKZ7k2c/,0,1,0,0,0,0,0,0,0,0,
Nelly Flores,https://www.facebook.com/profile.php?id=100049763891374,2025-06-16,,no,0,0,2025-05-05,post,https://www.facebook.com/permalink.php?story_fbid=pfbid0fTYPMgYVNA9yTf6zLBaH2B3dBJQpWZqLpEgNUb2n7KA2yVbni9hN6NU4MHm5Sh8xl&id=100049763891374,0,0,0,0,0,0,0,0,0,0,
Nelly Flores,https://www.facebook.com/profile.php?id=100049763891374,2025-06-11,,no,0,0,2025-05-05,post,https://www.facebook.com/permalink.php?story_fbid=pfbid02isY4JV982qPTxs1X2Au6udXY7CQp87HTJ2zRGhTL7Mti8WgR3sPVjs3wAutFZpnKl&id=100049763891374,0,0,0,0,0,0,0,0,0,0,
Nelly Flores,https://www.facebook.com/profile.php?id=100049763891374,2025-06-16,,no,0,0,2025-05-09,post,https://www.facebook.com/permalink.php?story_fbid=pfbid02ofhQMKvoTwxLgKeWVY6qvgsLycNirrxLNgH3GrTT1ydwFZkWdRmhQANdQz7kk3uel&id=100049763891374,0,0,0,0,0,0,0,0,0,0,
Nelly Flores,https://www.facebook.com/profile.php?id=100049763891374,2025-06-16,,no,0,0,2025-05-09,post,https://www.facebook.com/share/p/1JqCLhLTvH/,0,1,0,0,0,0,0,0,0,0,
Nelly Flores,https://www.facebook.com/profile.php?id=100049763891374,2025-06-11,,no,0,0,2025-05-09,post,https://www.facebook.com/share/p/1AYppgpL2h/,0,1,0,0,0,0,0,0,0,0,
Nelly Flores,https://www.facebook.com/profile.php?id=100049763891374,2025-06-11,,no,0,0,2025-05-09,post,https://www.facebook.com/permalink.php?story_fbid=pfbid0kAZhkwYTFmdgm8cagbd7VS6LJpoUc4ybFJ4671Go4q9zwzxkrQY7kHgmqTHM2j9nl&id=100049763891374,0,0,0,0,0,0,0,0,0,0,
Nelly Flores,https://www.facebook.com/profile.php?id=100049763891374,2025-06-11,,no,0,0,2025-05-10,post,https://www.facebook.com/share/p/1CKES4sN9N/,0,1,0,0,0,0,0,0,0,0,
Nelly Flores,https://www.facebook.com/profile.php?id=100049763891374,2025-06-16,,no,0,0,2025-05-10,post,https://www.facebook.com/permalink.php?story_fbid=pfbid0k8bqUho7adYVCZu3N5YqqMmWRfUipCp9xaGUaRre1DYFt8jjArkdT3jnfjiLXY4dl&id=100049763891374,0,0,0,0,0,0,0,0,0,0,
Nelly Flores,https://www.facebook.com/profile.php?id=100049763891374,2025-06-16,,no,0,0,2025-05-10,post,https://www.facebook.com/share/p/1CqdTbfCeN/,0,1,0,0,0,0,0,0,0,0,
Nelly Flores,https://www.facebook.com/profile.php?id=100049763891374,2025-06-11,,no,0,0,2025-05-10,post,https://www.facebook.com/share/p/1SJX8zUXWa/,0,0,0,0,0,0,0,0,0,0,
Nelly Flores,https://www.facebook.com/profile.php?id=100049763891374,2025-06-11,,no,0,0,2025-05-11,post,https://www.facebook.com/share/p/1ZvVkb7yfj/,0,2,1,0,0,0,0,0,0,0,
Nelly Flores,https://www.facebook.com/profile.php?id=100049763891374,2025-06-16,,no,0,0,2025-05-11,post,https://www.facebook.com/share/p/1B66cm6NnV/,0,2,1,1,0,0,0,0,0,0,
Nelly Flores,https://www.facebook.com/profile.php?id=100049763891374,2025-06-16,,no,0,0,2025-05-12,post,https://www.facebook.com/share/p/16KaSuvHyW/,0,1,0,0,0,0,0,0,0,0,
Nelly Flores,https://www.facebook.com/profile.php?id=100049763891374,2025-06-11,,no,0,0,2025-05-12,post,https://www.facebook.com/share/p/1AciKXvbzQ/,0,1,0,0,0,0,0,0,0,0,
Nelly Flores,https://www.facebook.com/profile.php?id=100049763891374,2025-06-11,,no,0,0,2025-05-14,post,https://www.facebook.com/share/p/19TWMUcCi1/,0,1,1,0,0,0,0,0,0,0,
Nelly Flores,https://www.facebook.com/profile.php?id=100049763891374,2025-06-16,,no,0,0,2025-05-14,post,https://www.facebook.com/share/p/1UwFZpxNEe/,0,1,1,1,0,0,0,0,0,0,
Nelly Flores,https://www.facebook.com/profile.php?id=100049763891374,2025-06-11,,no,0,0,2025-05-15,post,https://www.facebook.com/share/p/15QmNoLtmm/,0,1,0,0,0,0,0,0,0,0,
Nelly Flores,https://www.facebook.com/profile.php?id=100049763891374,2025-06-16,,no,0,0,2025-05-15,post,https://www.facebook.com/share/p/1AVagP54hD/,0,1,0,0,0,0,0,0,0,0,
Nelly Flores,https://www.facebook.com/profile.php?id=100049763891374,2025-06-16,,no,0,0,2025-05-16,post,https://www.facebook.com/share/p/18xG88TCh3/,0,1,0,0,0,0,0,0,0,0,
Nelly Flores,https://www.facebook.com/profile.php?id=100049763891374,2025-06-11,,no,0,0,2025-05-16,post,https://www.facebook.com/share/p/1EdpYNMS7U/,0,1,0,0,0,0,0,0,0,0,
Nelly Flores,https://www.facebook.com/profile.php?id=100049763891374,2025-06-16,,no,0,0,2025-05-17,post,https://www.facebook.com/permalink.php?story_fbid=pfbid06rgJuvhhQyqbc95AqTQipGRyAe4fcw55FwLv57YsqUiANsgfsN85yKVTxawW9nEyl&id=100049763891374,0,0,0,0,0,0,0,0,0,0,
Nelly Flores,https://www.facebook.com/profile.php?id=100049763891374,2025-06-11,,no,0,0,2025-05-17,post,https://www.facebook.com/share/p/1RBxtcWinV/,0,0,2,0,0,0,0,0,0,0,Venid a celebrar todas juntas!!!
Nelly Flores,https://www.facebook.com/profile.php?id=100049763891374,2025-06-11,,no,0,0,2025-05-17,post,https://www.facebook.com/permalink.php?story_fbid=pfbid02AkdWRNsXuKC8sozvtC5aYKGmkDNGi49CAWPxUZ3JXRyYRftPAJetTLZ9rfqUNZ99l&id=100049763891374,0,0,0,0,0,0,0,0,0,0,
Nelly Flores,https://www.facebook.com/profile.php?id=100049763891374,2025-06-16,,no,0,0,2025-05-17,post,https://www.facebook.com/permalink.php?story_fbid=pfbid0tViHtxL1Q331PUX1cFrRmJhNQKvSpyuLhBJ6N7cEEyNU7Pugg47tcix5xg5RRkaGl&id=100049763891374,0,0,2,2,0,0,0,0,0,0,Venid a celebrar todas juntas!!!
Nelly Flores,https://www.facebook.com/profile.php?id=100049763891374,2025-06-16,,no,0,0,2025-05-18,post,https://www.facebook.com/permalink.php?story_fbid=pfbid02fHbv41xqTGQHPVXVbC1ynNsXhyJzucVdkaG85HkSXAdPX8KA1EAgsJmLMhcV6mS5l&id=100049763891374,0,0,0,0,0,0,0,0,0,0,
Nelly Flores,https://www.facebook.com/profile.php?id=100049763891374,2025-06-11,,no,0,0,2025-05-18,post,https://www.facebook.com/share/p/16VNLtJL9A/,0,1,1,0,0,0,0,0,0,0,
Nelly Flores,https://www.facebook.com/profile.php?id=100049763891374,2025-06-11,,no,0,0,2025-05-18,post,https://www.facebook.com/permalink.php?story_fbid=pfbid0hGAPURjyhv4zP3BLeQeMuCMARkUsw4LuRoqbrAHPQxUiX5Ecfq4xSfA61QLg7Fhnl&id=100049763891374,0,0,0,0,0,0,0,0,0,0,
Nelly Flores,https://www.facebook.com/profile.php?id=100049763891374,2025-06-11,,no,0,0,2025-05-18,post,https://www.facebook.com/permalink.php?story_fbid=pfbid02HBajGFenSnbeQEPUDdGFZWjjBsoDmcdCLGWPcx8q9ys5ooYxF9q263e6X2TTgQP4l&id=100049763891374,0,0,0,0,0,0,0,0,0,0,
Nelly Flores,https://www.facebook.com/profile.php?id=100049763891374,2025-06-11,,no,0,0,2025-05-18,post,https://www.facebook.com/permalink.php?story_fbid=pfbid0bJWgtz1HRGaESc18L1gkaeTXHmfkGDdqPyRBx6fFDCxJsHc7emYpxQBrj5JC3Wwjl&id=100049763891374,0,0,0,0,0,0,0,0,0,0,
Nelly Flores,https://www.facebook.com/profile.php?id=100049763891374,2025-06-16,,no,0,0,2025-05-18,post,https://www.facebook.com/permalink.php?story_fbid=pfbid0DHdXkoUwxcjS8UTkDEgeSAC3YY9JZ62DmhtDsWnwXL4Nbois4bmFuBsZTDp5K7nxl&id=100049763891374,0,0,0,0,0,0,0,0,0,0,
Nelly Flores,https://www.facebook.com/profile.php?id=100049763891374,2025-06-16,,no,0,0,2025-05-18,post,https://www.facebook.com/permalink.php?story_fbid=pfbid02kmJ64p8KvLVdJP7RZZyNoFz4r1D9Tb1iJDjeSk5P9b1Gs4z7EcvMALCMYM2DcmW1l&id=100049763891374,0,0,0,0,0,0,0,0,0,0,
Nelly Flores,https://www.facebook.com/profile.php?id=100049763891374,2025-06-16,,no,0,0,2025-05-18,post,https://www.facebook.com/share/p/1Bwt6AmAKs/,0,1,1,1,0,0,0,0,0,0,
Nelly Flores,https://www.facebook.com/profile.php?id=100049763891374,2025-06-16,,no,0,0,2025-05-19,post,https://www.facebook.com/antia.painceiras.5/posts/pfbid02HEXx5c9WEFz2Jt2ZvFTdMbeMq6iHLrG2TBXoySLKbx3XL32uwEMxBAh64gjPE4pQl,0,1,3,0,0,0,0,0,0,0,
Nelly Flores,https://www.facebook.com/profile.php?id=100049763891374,2025-06-11,,no,0,0,2025-05-19,post,https://www.facebook.com/share/p/1HpNXea5Ma/,0,1,3,0,0,0,0,0,0,0,
Nelly Flores,https://www.facebook.com/profile.php?id=100049763891374,2025-06-16,,no,0,0,2025-05-20,post,https://www.facebook.com/antia.painceiras.5/posts/pfbid07vGmNzjVBERzrDm6Gg1grNPrxNYGRkxpWDE1gECU9aFGzstFw6Dm8wEx5RkoKpQXl,0,1,3,3,0,0,0,0,0,0,
Nelly Flores,https://www.facebook.com/profile.php?id=100049763891374,2025-06-11,,no,0,0,2025-05-20,post,https://www.facebook.com/share/p/1ATzNtxAw9/,0,1,3,0,0,0,0,0,0,0,
Nelly Flores,https://www.facebook.com/profile.php?id=100049763891374,2025-06-16,,no,0,0,2025-05-21,post,https://www.facebook.com/antia.painceiras.5/posts/pfbid0CDP4zWvWdPv3SSAEn7FywAAEK29wz7vncUB1HLQeZ7T45de4mPDeRkanCftKVLarl,0,1,3,3,0,0,0,0,0,0,
Nelly Flores,https://www.facebook.com/profile.php?id=100049763891374,2025-06-11,,no,0,0,2025-05-21,post,https://www.facebook.com/share/p/1AUxkNbZFr/,0,1,3,0,0,0,0,0,0,0,
Nelly Flores,https://www.facebook.com/profile.php?id=100049763891374,2025-06-16,,no,0,0,2025-05-24,reel,/reel/1700377277514461/?s=single_unit&__cft__[0]=AZWePzLq_3mFjEjDZum-U83CkTP3cguMDhaJwwzOpncImdQaVZlakuA8sPlIe_qEMaoPLDtigr9ndZnzRkY5Qh1lhhAeX0uy9338YnuB4oMtmihMa3I4TpLBu1Ou4b3WxAKQYZlhrMZC_C1pEnz8NaclwAHbzgdhyNS9JP3QI3j7dGqVdju48LzYfjq1QTIES74&__tn__=H-R,0,0,0,0,0,0,0,0,0,0,
Nelly Flores,https://www.facebook.com/profile.php?id=100049763891374,2025-06-16,,no,0,0,2025-05-25,post,https://www.facebook.com/permalink.php?story_fbid=pfbid0fY263zVFRvTA68aBSu3xuEE86jQ9SminHZ22EodR8MxFDycVPf78aijHo6xcv3Lxl&id=100049763891374,0,0,0,0,0,0,0,0,0,0,
Nelly Flores,https://www.facebook.com/profile.php?id=100049763891374,2025-06-11,,no,0,0,2025-05-25,post,https://www.facebook.com/permalink.php?story_fbid=pfbid0LJYZUXnc2RNNLb9DUd7ty7AyVBp8tqnKpQRGtX8bYhPZvPUFYeqm1d1bKaJycYEEl&id=100049763891374,1,0,2,0,0,0,0,0,0,0,
Nelly Flores,https://www.facebook.com/profile.php?id=100049763891374,2025-06-11,,no,0,0,2025-05-25,post,https://www.facebook.com/share/p/172eXR1Szx/,0,0,2,0,0,0,0,0,0,0,
Nelly Flores,https://www.facebook.com/profile.php?id=100049763891374,2025-06-16,,no,0,0,2025-05-25,post,https://www.facebook.com/permalink.php?story_fbid=pfbid02kKxXpZPWhT9ghdLxuRuL2J27WyppZyXQTnBJ2RyzcjuyxGkL3SFSHkxn3oFCr3Kpl&id=100049763891374,0,0,2,0,0,0,0,0,0,0,
Nelly Flores,https://www.facebook.com/profile.php?id=100049763891374,2025-06-02,,no,0,0,2025-05-26,post,https://www.facebook.com/permalink.php?story_fbid=pfbid02ktVg4inYExQU7cEcco3tuQahCGxumAPQok4dsUeq9XP7ezW2WvXwy8kMiYN3NxyEl&id=100049763891374,0,0,,0,0,0,0,0,0,0,
Nelly Flores,https://www.facebook.com/profile.php?id=100049763891374,2025-06-11,,no,0,0,2025-05-26,post,https://www.facebook.com/permalink.php?story_fbid=pfbid026VVDhWGTAW5qHYYYZDEzRHV2qUEmAdfm1YFnK5eu3f4kpApqujHrhwyBscBQ5QUBl&id=100049763891374,0,0,0,0,0,0,0,0,0,0,
Nelly Flores,https://www.facebook.com/profile.php?id=100049763891374,2025-06-11,,no,0,0,2025-05-26,post,https://www.facebook.com/permalink.php?story_fbid=pfbid0h8BzXdeRwBnTNEeBH2EnCcCJD64yJJvtwZcuBQKwDVRYavkEjrT5KYsWtCu47MzEl&id=100049763891374,0,0,0,0,0,0,0,0,0,0,
Nelly Flores,https://www.facebook.com/profile.php?id=100049763891374,2025-06-02,,no,0,0,2025-05-26,post,https://www.facebook.com/permalink.php?story_fbid=pfbid02ri18krNmX7tBSk5x54c3MTGrAh5X2c8DdPgCkt2AVykUnCGbubEfELAiNRkmStkl&id=100049763891374,0,0,,0,0,0,0,0,0,0,
Nelly Flores,https://www.facebook.com/profile.php?id=100049763891374,2025-06-16,,no,0,0,2025-05-30,post,https://www.facebook.com/antia.painceiras.5/posts/pfbid02nfGcYu9NnfYUu9kj9AzSN4S5fN88qAtAabwjV4mo5EEFcVPPy9ssTXzgTExiU3bil,0,1,1,0,0,0,0,0,0,0,
Nelly Flores,https://www.facebook.com/profile.php?id=100049763891374,2025-06-11,,no,0,0,2025-05-31,post,https://www.facebook.com/permalink.php?story_fbid=pfbid0agUP8sJZDUVJUp13PMwMEAfo5h6dPCyeJ1HgBYYdQqpLReBYVD1a7YGXouePGtTDl&id=100049763891374,0,0,0,0,0,0,0,0,0,0,
Nelly Flores,https://www.facebook.com/profile.php?id=100049763891374,2025-06-02,,no,0,0,2025-05-31,post,https://www.facebook.com/permalink.php?story_fbid=pfbid02dxpY7JsThSjiL3jfcN7pAGtd2yRjaMYiU5BLTpoiaDGf1trv8zL4feVoPZqH7gBCl&id=100049763891374,0,0,,0,0,0,0,0,0,0,
Nelly Flores,https://www.facebook.com/profile.php?id=100049763891374,2025-06-02,,no,0,0,2025-05-31,post,https://www.facebook.com/permalink.php?story_fbid=pfbid036VUtShLBVk15C2iaFGrVTsuMuQTiBEXRhK9XGcJREnvvGZ3kEww2hYJAiYYSQQ7tl&id=100049763891374,0,0,,0,0,0,0,0,0,0,
Nelly Flores,https://www.facebook.com/profile.php?id=100049763891374,2025-06-16,,no,0,0,2025-05-31,post,https://www.facebook.com/permalink.php?story_fbid=pfbid036iGS4e9dECfMHJvLyvzKXYWhMuzH7tcziGxEPubHsHALhxatmLh2tAJr2sz4Jbk6l&id=100049763891374,0,0,0,0,0,0,0,0,0,0,
Nelly Flores,https://www.facebook.com/profile.php?id=100049763891374,2025-06-11,,no,0,0,2025-06-03,post,https://www.facebook.com/permalink.php?story_fbid=pfbid0azPDMLihJwz9vhSa1zR4jtHnWA8ugnH4ixXbVymi2FsY1xxurMTN8He6cfh88ePDl&id=100049763891374,0,0,0,0,0,0,0,0,0,0,
Nelly Flores,https://www.facebook.com/profile.php?id=100049763891374,2025-06-16,,no,0,0,2025-06-03,post,https://www.facebook.com/permalink.php?story_fbid=pfbid02eVWuwj73X6MAsFzLqduBCx7jep4axtrXLDUQp1vGp2MU9V9s8vKNoKokjUTGAjhtl&id=100049763891374,0,0,0,0,0,0,0,0,0,0,
Nelly Flores,https://www.facebook.com/profile.php?id=100049763891374,2025-06-11,,no,0,0,2025-06-04,post,https://www.facebook.com/permalink.php?story_fbid=pfbid02h34E4tGrsTRGHzX8p7z1xp5dNxqpbe4bpxAE2LJrVxGbPFYonX6M51b9GqnidZdTl&id=100049763891374,0,0,0,0,0,0,0,0,0,0,
Nelly Flores,https://www.facebook.com/profile.php?id=100049763891374,2025-06-16,,no,0,0,2025-06-04,post,https://www.facebook.com/permalink.php?story_fbid=pfbid0JSsE5M6XXiFajX1qp9ywoFHchcVzzR7zYHGpG3J7JeJVugACEHytgntkwEJz4g8Hl&id=100049763891374,0,0,0,0,0,0,0,0,0,0,
Nelly Flores,https://www.facebook.com/profile.php?id=100049763891374,2025-06-16,,no,0,0,2025-06-08,post,https://www.facebook.com/permalink.php?story_fbid=pfbid02FgKtSy6ZZ7KgaTDQenxQG3R7UZRqgLy8sFbf2VE7yK6wq9mqYzqbYxFMitHoTpjcl&id=100049763891374,0,0,0,0,0,0,0,0,0,0,
Nelly Flores,https://www.facebook.com/profile.php?id=100049763891374,2025-06-11,,no,0,0,2025-06-08,post,https://www.facebook.com/permalink.php?story_fbid=pfbid0BhEfHw91XAc36YhzhJVuEwKCVaNZqD8mG7zw1eyCcabcmq5qydy1niwq7TXsQiaVl&id=100049763891374,0,0,0,0,0,0,0,0,0,0,
Nelly Flores,https://www.facebook.com/profile.php?id=100049763891374,2025-06-16,,no,0,0,2025-06-14,post,https://www.facebook.com/permalink.php?story_fbid=pfbid025vWU8wpDg5FFaBmN3drgpx2PCzC5MRfu1KsMtBqKbGvP4CrmoF4HEgDchg2iH4SEl&id=100049763891374,0,0,0,0,0,0,0,0,0,0,
Nelly Flores,https://www.facebook.com/profile.php?id=100049763891374,2025-06-16,,no,0,0,2025-06-15,post,https://www.facebook.com/permalink.php?story_fbid=pfbid0eHWBsRLtzV9UvFa92v3agiMyuj8y7hHxZ4bPcF7LrcPtUdaneXPyonATTq1exxZdl&id=100049763891374,0,0,0,0,0,0,0,0,0,0,
Nelly Flores,https://www.facebook.com/profile.php?id=100049763891374,2025-06-24,,no,0,0,2025-06-16,post,https://www.facebook.com/permalink.php?story_fbid=pfbid0p1aXqnaxFrAHAsubkSwRt2CioCL1jPVBzjddqxnzcTxFst4pJouJrAo1Xkzovqjsl&id=100049763891374,0,0,0,0,0,0,0,0,0,0,
Nelly Flores,https://www.facebook.com/profile.php?id=100049763891374,2025-06-24,,no,0,0,2025-06-18,post,https://www.facebook.com/permalink.php?story_fbid=pfbid0vHMhxscEevHQ1VztwsD8b4hitVb2HBjjqYWGqSL2M7wFfGcZBBm1naPPgsJxMuApl&id=100049763891374,0,0,0,0,0,0,0,0,0,0,
Nelly Flores,https://www.facebook.com/profile.php?id=100049763891374,2025-06-24,,no,0,0,2025-06-21,post,https://www.facebook.com/permalink.php?story_fbid=pfbid02KGhndFAf7rX9m6v9A98LR22kShr87EQXGiDYTK3s5MrrGvEZ3PuHN6X1UsYFDqxol&id=100049763891374,0,0,0,0,0,0,0,0,0,0,
Nelly Flores,https://www.facebook.com/profile.php?id=100049763891374,2025-06-24,,no,0,0,2025-06-21,post,https://www.facebook.com/permalink.php?story_fbid=pfbid02eVdVgHFpqx8m6MwW7uCEhfnRDLaoxtGnLhFk4hHuZKPg7JH96khLkjVoQ4TVduQml&id=100049763891374,0,0,0,0,0,0,0,0,0,0,
Nelly Flores,https://www.facebook.com/profile.php?id=100049763891374,2025-06-24,,no,0,0,2025-06-22,post,https://www.facebook.com/permalink.php?story_fbid=pfbid0v6exT1eKg77VWmvXTEwbJfUQEvVGLvCFzq99vz4DvCmdZwkoFQtXBYk7C9YmFhW1l&id=100049763891374,0,0,0,0,0,0,0,0,0,0,
Nelly Flores,https://www.facebook.com/profile.php?id=100049763891374,2025-06-24,,no,0,0,2025-06-22,post,https://www.facebook.com/share/p/1ETpWzrLWk/,0,1,2,2,0,0,0,0,0,0,
Nelly Flores,https://www.facebook.com/profile.php?id=100049763891374,2025-06-24,,no,0,0,2025-06-23,post,https://www.facebook.com/permalink.php?story_fbid=pfbid02yGg11HUQYmRAvMvNCQWQLNrXZKSmpEvywWHZGHGbF5w9kw5vJza9HPT6k4mM2bmtl&id=100049763891374,0,0,1,1,0,0,0,0,0,0,
Nelly Flores,https://www.facebook.com/profile.php?id=100049763891374,2025-06-24,,no,0,0,2025-06-24,post,https://www.facebook.com/permalink.php?story_fbid=pfbid0353cx4sFBre8MH4mnGAvi1SAHW64UQSxP4eyH4wDWzmoTvGSTa3fy6H88DLKpK2mLl&id=100049763891374,0,0,0,0,0,0,0,0,0,0,
Nelly Flores,https://www.facebook.com/profile.php?id=100049763891374,2025-07-01,,no,0,0,2025-06-28,post,https://www.facebook.com/permalink.php?story_fbid=pfbid0zSAqQ7CJ7BvFD2qe7XaKGQTf2HrJU7iCjeFiUeC8fkoKgH8ZThH71EUYVwavwSMUl&id=100049763891374,1,0,2,2,0,0,0,0,0,0,
Nelly Flores,https://www.facebook.com/profile.php?id=100049763891374,2025-07-01,,no,0,0,2025-06-28,post,https://www.facebook.com/share/p/1Vf9K6ZBcp/,1,0,0,0,0,0,0,0,0,0,
Nelly Flores,https://www.facebook.com/profile.php?id=100049763891374,2025-07-01,,no,0,0,2025-06-30,post,https://www.facebook.com/permalink.php?story_fbid=pfbid02uKzSL1pF6b6MeL6zdZvWHxsGg3PNh48QbbFTDCuCsQDUBdZEWELb4u58WkPCf78fl&id=100049763891374,0,0,0,0,0,0,0,0,0,0,
Nelly Flores,https://www.facebook.com/profile.php?id=100049763891374,2025-07-01,,no,0,0,2025-06-30,post,https://www.facebook.com/permalink.php?story_fbid=pfbid0PN2FqyrzTLUJzrs1uU2rRt6iqwfh7t88uwU9ChY1PGosstTBW118kySDs99ZttSDl&id=100049763891374,0,0,0,0,0,0,0,0,0,0,
Nelly Flores,https://www.facebook.com/profile.php?id=100049763891374,2025-07-08,,no,0,0,2025-07-06,post,https://www.facebook.com/share/p/1C8PJg3teP/,0,0,0,0,0,0,0,0,0,0,
Nelly Flores,https://www.facebook.com/profile.php?id=100049763891374,2025-07-08,,no,0,0,2025-07-06,post,https://www.facebook.com/share/p/19SbZKbJhE/,0,0,0,0,0,0,0,0,0,0,
Nelly Flores,https://www.facebook.com/profile.php?id=100049763891374,2025-07-15,,no,0,0,2025-07-07,reel,/reel/1380496019873135/?s=single_unit&__cft__[0]=AZVyvd7icCEDfg8RePqSJboB2BYut9mh0Uwa-q_345avN5dL8wr0z8eDWMi_spPJxz7I05RUfpKc4ZxAt54pFJ7YaWEdCbC12eG_lPDVLVYGf682eMJKnxvWDT0mm33hZWY-mjuWew8ePfcRtRhTvL0eN9ZxPdCc-20e0sdMspsM_ilwjbx4-FUxX9PGoxsrlfU&__tn__=H-R,0,0,0,0,0,0,0,0,0,0,"La Thola
 #viralreelsシku #viralreelsシ #reelsviralシ"
Nelly Flores,https://www.facebook.com/profile.php?id=100049763891374,2025-07-15,,no,0,0,2025-07-10,post,https://www.facebook.com/share/p/16dm75FPL5/,0,2,0,0,0,0,0,0,0,0,
Nelly Flores,https://www.facebook.com/profile.php?id=100049763891374,2025-07-15,,no,0,0,2025-07-11,post,https://www.facebook.com/share/p/15aFeQqgFQ/,0,0,0,0,0,0,0,0,0,0,
Nelly Flores,https://www.facebook.com/profile.php?id=100049763891374,2025-07-15,,no,0,0,2025-07-11,post,https://www.facebook.com/share/p/1Z7BFc363F/,0,1,0,0,0,0,0,0,0,0,
Nelly Flores,https://www.facebook.com/profile.php?id=100049763891374,2025-07-15,,no,0,0,2025-07-12,post,https://www.facebook.com/share/p/19nwrMPfQj/,0,0,0,0,0,0,0,0,0,0,ESTO NIS INTERESA
Nelly Flores,https://www.facebook.com/profile.php?id=100049763891374,2025-07-15,,no,0,0,2025-07-12,post,https://www.facebook.com/share/p/198rydDvxr/,0,1,0,0,0,0,0,0,0,0,
Nelly Flores,https://www.facebook.com/profile.php?id=100049763891374,2025-07-15,,no,0,0,2025-07-13,post,https://www.facebook.com/share/p/15ivWHV6Jv/,0,0,0,0,0,0,0,0,0,0,
Nelly Flores,https://www.facebook.com/profile.php?id=100049763891374,2025-07-15,,no,0,0,2025-07-13,post,https://www.facebook.com/share/p/1A5LPmNcSK/,0,0,0,0,0,0,0,0,0,0,
Nelly Flores,https://www.facebook.com/profile.php?id=100049763891374,2025-07-22,,no,0,0,2025-07-19,post,https://www.facebook.com/share/p/1GKyJyASqv/,0,0,0,0,0,0,0,0,0,0,
Nelly Flores,https://www.facebook.com/profile.php?id=100049763891374,2025-07-22,,no,0,0,2025-07-20,post,https://www.facebook.com/permalink.php?story_fbid=pfbid02fhRxPVCY8xatj8VVrEmym47MYThrPdfe9T5ScV648LwRTM8QL96XsJQBCKGA3Krkl&id=100049763891374,0,0,0,0,0,0,0,0,0,0,
Nelly Flores,https://www.facebook.com/profile.php?id=100049763891374,2025-07-30,,no,0,0,2025-07-23,post,https://www.facebook.com/permalink.php?story_fbid=pfbid02dvZNhgzkAhetFqud5kY8xXr5aPHTgZYzffa7fS2sCM4m8nwGQgCkM1wvtxvbXGSml&id=100049763891374,0,0,0,0,0,0,0,0,0,0,
Nelly Flores,https://www.facebook.com/profile.php?id=100049763891374,2025-08-06,,no,0,0,2025-07-31,post,https://www.facebook.com/share/p/1Qrm6jR92T/,0,1,0,0,0,0,0,0,0,0,
