nombre perfil,url perfil,candidato identificado,creación del perfil,seguidores,seguidos,fecha post,tipo de post,url post,comparticiones,comentarios,reacciones en total,me gusta,me encanta,me divierte,me entristece,me sorprende,me enoja,me importa,contenido
Coordinadora de la Mujer - Observatorio de Género BO,https://www.facebook.com/CoordinadoraBO,no,2011-11-30,21000,0,2025-06-02,post,https://www.facebook.com/share/v/1EikKNqRcn/,2,0,13,0,0,0,0,0,0,0,"¿Necesitas un espacio seguro para hablar? 
El Chatbot Andy es tu aliado en la #UMSA  para denunciar acoso y violencia sexual. 
Tu… Ver más"
Coordinadora de la Mujer - Observatorio de Género BO,https://www.facebook.com/CoordinadoraBO,no,2011-11-30,21000,0,2025-06-03,post,https://www.facebook.com/share/p/16MPM88tHL/,2,2,15,0,0,0,0,0,0,0,"#Cochabamba  
Del 29 de mayo al 14 de junio, estamos construyendo políticas públicas para fortalecer los emprendimientos de jóvenes y mujeres. … Ver más"
Coordinadora de la Mujer - Observatorio de Género BO,https://www.facebook.com/CoordinadoraBO,no,2011-11-30,21000,0,2025-06-03,post,https://www.facebook.com/share/v/1HCoHbb4hk/,1,0,13,0,0,0,0,0,0,0,"#VocesLGBTIQ+ 
”𝐒𝐚𝐥𝐮𝐝, 𝐞𝐝𝐮𝐜𝐚𝐜𝐢𝐨́𝐧 𝐲 𝐣𝐮𝐬𝐭𝐢𝐜𝐢𝐚 𝐬𝐨𝐧 𝐭𝐞𝐦𝐚𝐬 𝐩𝐫𝐢𝐨𝐫𝐢𝐭𝐚𝐫𝐢𝐨𝐬 𝐞𝐧 la #𝐀𝐠𝐞𝐧𝐝𝐚𝐋𝐆𝐁𝐓𝐈𝐐+” 
 Para Wendy Balderrama, de la Asociación Equidad Oruro y Co… Ver más"
Coordinadora de la Mujer - Observatorio de Género BO,https://www.facebook.com/CoordinadoraBO,no,2011-11-30,21000,0,2025-06-03,post,https://www.facebook.com/share/v/1GDY2MQxfc/,5,2,32,0,0,0,0,0,0,0,"Todo empezó con una clase, pero terminó siendo una pesadilla.
El acoso en la universidad existe. No lo minimices #HASTuParte… Ver más"
Coordinadora de la Mujer - Observatorio de Género BO,https://www.facebook.com/CoordinadoraBO,no,2011-11-30,21000,0,2025-06-04,post,https://www.facebook.com/share/v/1AtdFjHQ6d/,11,2,24,0,0,0,0,0,0,0,"#MujeresEnPolítica
Si eres candidata, autoridad o militante, y enfrentas acoso o violencia política, tienes derecho a denunciar.… Ver más"
Coordinadora de la Mujer - Observatorio de Género BO,https://www.facebook.com/CoordinadoraBO,no,2011-11-30,21000,0,2025-06-04,post,https://www.facebook.com/share/v/16Z6GvyLYR/,1,2,11,0,0,0,0,0,0,0,"#VocesLGBTIQ+ 
¡… Ver más"
Coordinadora de la Mujer - Observatorio de Género BO,https://www.facebook.com/CoordinadoraBO,no,2011-11-30,21000,0,2025-06-04,post,https://www.facebook.com/share/v/14J4n4yRkEh/,0,1,5,0,0,0,0,0,0,0,"#NiUnaMenos 
¡𝟏𝟎 𝐚𝐧̃𝐨𝐬 𝐝𝐞 𝐥𝐮𝐜𝐡𝐚 𝐪𝐮𝐞 𝐧𝐨𝐬 𝐮𝐧𝐞𝐧! 
 Nuestra directora, Ta… Ver más"
Coordinadora de la Mujer - Observatorio de Género BO,https://www.facebook.com/CoordinadoraBO,no,2011-11-30,21000,0,2025-06-05,post,https://www.facebook.com/share/p/1FLP4nPT5X/,1,8,165,0,0,0,0,0,0,0,"#DesAprendiendoLasViolencias
La sistematización del concurso DesAprendiendo las Violencias nos muestra experiencias pedagógicas y estrategias innovadoras de maestras y … Ver más"
Coordinadora de la Mujer - Observatorio de Género BO,https://www.facebook.com/CoordinadoraBO,no,2011-11-30,21000,0,2025-06-06,post,https://www.facebook.com/share/v/12JiRkT7T1G/,12,2,79,0,0,0,0,0,0,0,"#DesAprendiendoLasViolencias
 El concurso #DesAprendiendoLasViolencias revela cómo maestras y maestros están desafiando los estereotipos de género y aportando a la con… Ver más"
Coordinadora de la Mujer - Observatorio de Género BO,https://www.facebook.com/CoordinadoraBO,no,2011-11-30,21000,0,2025-06-06,post,https://www.facebook.com/share/v/1FU8tMg1bH/,0,0,6,0,0,0,0,0,0,0,"#VocesLGBTIQ+
En un mundo que insiste en silenciar sus voces, hablar de la salud y los derechos de las personas LGBTIQ+ es una necesidad, no una opción. 
Pao… Ver más"
Coordinadora de la Mujer - Observatorio de Género BO,https://www.facebook.com/CoordinadoraBO,no,2011-11-30,21000,0,2025-06-06,post,https://www.facebook.com/share/p/1EX4GN7ugU/,1,0,7,0,0,0,0,0,0,0,"#DesAprendiendoLasViolencias
¡Hackeando la violencia con tecnología!… Ver más"
Coordinadora de la Mujer - Observatorio de Género BO,https://www.facebook.com/CoordinadoraBO,no,2011-11-30,21000,0,2025-06-06,post,https://www.facebook.com/share/p/1CoQNGqKZG/,18,3,27,0,0,0,0,0,0,0,Las mujeres representan solo el 45.7% de las candidaturas habilitadas.… Ver más
Coordinadora de la Mujer - Observatorio de Género BO,https://www.facebook.com/CoordinadoraBO,no,2011-11-30,21000,0,2025-06-06,post,https://www.facebook.com/share/v/19b6JWdQTz/,5,0,14,0,0,0,0,0,0,0,"¿Te ha pasado o lo has visto? ¡#Denuncia!
No normalices
… Ver más"
Coordinadora de la Mujer - Observatorio de Género BO,https://www.facebook.com/CoordinadoraBO,no,2011-11-30,21000,0,2025-06-06,post,https://www.facebook.com/share/p/1CAHrhAEF4/,3,2,21,0,0,0,0,0,0,0,"#díadelmaestroymaestra
Hoy, 6 de junio, saludamos en su día a las y los maestrxs, en Bolivia. … Ver más"
Coordinadora de la Mujer - Observatorio de Género BO,https://www.facebook.com/CoordinadoraBO,no,2011-11-30,21000,0,2025-06-09,post,https://www.facebook.com/share/p/15SEfv4edR/,7,0,18,0,0,0,0,0,0,0,"Ante los altos niveles de conflictividad que vive #bolivia en estos momentos, colectivos, organizaciones y activistas de la sociedad civil organizada hacemos un llama… Ver más"
Coordinadora de la Mujer - Observatorio de Género BO,https://www.facebook.com/CoordinadoraBO,no,2011-11-30,21000,0,2025-06-09,post,https://www.facebook.com/share/p/1Vhawxmstr/,7,2,35,0,0,0,0,0,0,0,"#Ahora
Nos adherimos al #Pronunciamiento de la Defensoría del Pueblo Bolivia y más de 50 instituciones de la sociedad civil.… Ver más"
Coordinadora de la Mujer - Observatorio de Género BO,https://www.facebook.com/CoordinadoraBO,no,2011-11-30,21000,0,2025-06-09,post,https://www.facebook.com/share/p/16XGdKmdkL/,5,0,9,0,0,0,0,0,0,0,"#DesAprendiendoLasViolencias
El  concurso DesAprendiendo las Violencias nos muestra experiencias pedagógicas y estrategias innovadoras de maestras y maestros, desde un … Ver más"
Coordinadora de la Mujer - Observatorio de Género BO,https://www.facebook.com/CoordinadoraBO,no,2011-11-30,21000,0,2025-06-10,post,https://www.facebook.com/share/v/19PioAAB13/,1,0,6,0,0,0,0,0,0,0," ¿Sabes identificar el Hostigamiento y Acoso Sexual (HAS)? 
¿𝐅𝐚𝐯𝐨𝐫𝐞𝐬 𝐩𝐚𝐫𝐚 𝐚𝐩𝐫𝐨𝐛𝐚𝐫? ¿𝐈𝐧𝐯𝐢𝐭𝐚𝐜𝐢𝐨𝐧𝐞𝐬 𝐚 𝐜𝐚𝐟𝐞́ 𝐜𝐨𝐧 𝐮𝐧 𝐝𝐨𝐜𝐞𝐧𝐭𝐞? 
 𝐄𝐬 𝐦𝐨𝐦𝐞𝐧𝐭𝐨 𝐝𝐞 𝐡𝐚𝐛𝐥𝐚𝐫 𝐜𝐥𝐚𝐫𝐨.
El hostiga… Ver más"
Coordinadora de la Mujer - Observatorio de Género BO,https://www.facebook.com/CoordinadoraBO,no,2011-11-30,21000,0,2025-06-10,post,https://www.facebook.com/share/v/15294XWpt7/,3,1,9,0,0,0,0,0,0,0,"#MujeresEnPolítica
Si eres víctima de acoso o violencia política, también puedes acudir a la #viaconstitucional.… Ver más"
Coordinadora de la Mujer - Observatorio de Género BO,https://www.facebook.com/CoordinadoraBO,no,2011-11-30,21000,0,2025-06-10,post,https://www.facebook.com/share/v/15vJiWWMqH/,2,1,5,0,0,0,0,0,0,0,"#DesAprendiendoLasViolencias
¿Cómo usarías la tecnología para prevenir la violencia en tu… Ver más"
