nombre perfil,url perfil,snapshot_date,creación del perfil,candidato identificado,seguidores,seguidos,fecha post,tipo de post,url post,comparticiones,comentarios,reacciones en total,me gusta,me encanta,me divierte,me entristece,me sorprende,me enoja,me importa,contenido
MARILU EUGENIA RAMOS MAMANI,https://www.facebook.com/maria.eugenia.ramos.mamani.2025,2025-06-02,,sí,0,0,2025-06-02,post,https://www.facebook.com/share/p/15fAAZtoLr/,0,0,,0,0,0,0,0,0,0,
MARILU EUGENIA RAMOS MAMANI,https://www.facebook.com/maria.eugenia.ramos.mamani.2025,2025-06-05,,sí,0,0,2025-06-04,post,https://www.facebook.com/share/p/1H9M6t1gzw/,0,0,0,0,0,0,0,0,0,0,
MARILU EUGENIA RAMOS MAMANI,https://www.facebook.com/maria.eugenia.ramos.mamani.2025,2025-06-05,,sí,0,0,2025-06-04,post,https://www.facebook.com/share/p/1AZhqavZg6/,0,0,0,0,0,0,0,0,0,0,
MARILU EUGENIA RAMOS MAMANI,https://www.facebook.com/maria.eugenia.ramos.mamani.2025,2025-06-05,,sí,0,0,2025-06-04,post,https://www.facebook.com/share/p/1EUBNf2SBZ/,0,0,0,0,0,0,0,0,0,0,
MARILU EUGENIA RAMOS MAMANI,https://www.facebook.com/maria.eugenia.ramos.mamani.2025,2025-06-05,,sí,0,0,2025-06-04,post,https://www.facebook.com/share/p/18zUN2dPYe/,0,0,1,1,0,0,0,0,0,0,
MARILU EUGENIA RAMOS MAMANI,https://www.facebook.com/maria.eugenia.ramos.mamani.2025,2025-06-05,,sí,0,0,2025-06-04,post,2025-06-04,0,0,0,0,0,0,0,0,0,0,
MARILU EUGENIA RAMOS MAMANI,https://www.facebook.com/maria.eugenia.ramos.mamani.2025,2025-06-05,,sí,0,0,2025-06-04,post,https://www.facebook.com/share/p/18odnynbGz/,0,0,0,0,0,0,0,0,0,0,
MARILU EUGENIA RAMOS MAMANI,https://www.facebook.com/maria.eugenia.ramos.mamani.2025,2025-06-05,,sí,0,0,2025-06-04,post,https://www.facebook.com/share/p/1bZcbL3L5U/,0,0,0,0,0,0,0,0,0,0,
MARILU EUGENIA RAMOS MAMANI,https://www.facebook.com/maria.eugenia.ramos.mamani.2025,2025-06-05,,sí,0,0,2025-06-04,post,https://www.facebook.com/share/p/12L5FFFjSez/,0,0,0,0,0,0,0,0,0,0,
MARILU EUGENIA RAMOS MAMANI,https://www.facebook.com/maria.eugenia.ramos.mamani.2025,2025-06-05,,sí,0,0,2025-06-04,post,https://www.facebook.com/share/p/183Z6MmtZb/,0,0,0,0,0,0,0,0,0,0,
MARILU EUGENIA RAMOS MAMANI,https://www.facebook.com/maria.eugenia.ramos.mamani.2025,2025-06-05,,sí,0,0,2025-06-04,post,https://www.facebook.com/share/p/1AZXrwvkh8/,0,0,0,0,0,0,0,0,0,0,
MARILU EUGENIA RAMOS MAMANI,https://www.facebook.com/maria.eugenia.ramos.mamani.2025,2025-06-05,,sí,0,0,2025-06-04,post,https://www.facebook.com/share/p/19aNQmydip/,0,0,0,0,0,0,0,0,0,0,
MARILU EUGENIA RAMOS MAMANI,https://www.facebook.com/maria.eugenia.ramos.mamani.2025,2025-06-05,,sí,0,0,2025-06-04,post,https://www.facebook.com/share/p/18fezYBSMy/,0,0,0,0,0,0,0,0,0,0,
MARILU EUGENIA RAMOS MAMANI,https://www.facebook.com/maria.eugenia.ramos.mamani.2025,2025-06-05,,sí,0,0,2025-06-04,post,https://www.facebook.com/share/p/15WnW9jGBh/,0,0,0,0,0,0,0,0,0,0,
MARILU EUGENIA RAMOS MAMANI,https://www.facebook.com/maria.eugenia.ramos.mamani.2025,2025-06-05,,sí,0,0,2025-06-04,post,https://www.facebook.com/share/p/1DnJRFbkmx/,0,0,0,0,0,0,0,0,0,0,
MARILU EUGENIA RAMOS MAMANI,https://www.facebook.com/maria.eugenia.ramos.mamani.2025,2025-06-05,,sí,0,0,2025-06-04,post,https://www.facebook.com/share/p/12Laj2NNv5K/,0,0,0,0,0,0,0,0,0,0,
MARILU EUGENIA RAMOS MAMANI,https://www.facebook.com/maria.eugenia.ramos.mamani.2025,2025-06-05,,sí,0,0,2025-06-04,post,https://www.facebook.com/share/p/1J3vdPY5ry/,0,0,0,0,0,0,0,0,0,0,
MARILU EUGENIA RAMOS MAMANI,https://www.facebook.com/maria.eugenia.ramos.mamani.2025,2025-06-09,,sí,0,0,2025-06-04,reel,/reel/1252172096624008/?s=single_unit&__cft__[0]=AZW_7GnZhjs_cBmaPX2utnUxyN_MVjtoVqeNUiBGUJ9Fa6ZieeXhfwjVSovVbj0aORCVSyqcx2inGYzSK55L1x4q28N_bc0S2Uw2oeFlr7IETNAlmgcc7IIafzJBFmHmf2mdW3rGneJlACWMy5yDBfaQvazV7Is70YcBeDVWdYid4ybNLbYp2zc-39Kinft11G4&__tn__=H-R,0,0,0,0,0,0,0,0,0,0,José Luis Lupo brilló en POV de Unitel. Aquí explica cómo enfrentar la crisis energética que amenaza a Bolivia. #SamuelyLupo #100DíasCarajo #unidad #solucionesparabolivia
MARILU EUGENIA RAMOS MAMANI,https://www.facebook.com/maria.eugenia.ramos.mamani.2025,2025-06-05,,sí,0,0,2025-06-04,post,https://www.facebook.com/share/p/1FhD2UCdP7/,0,0,0,0,0,0,0,0,0,0,
MARILU EUGENIA RAMOS MAMANI,https://www.facebook.com/maria.eugenia.ramos.mamani.2025,2025-06-05,,sí,0,0,2025-06-04,post,https://www.facebook.com/share/p/18vY6yXCZ9/,0,0,0,0,0,0,0,0,0,0,
MARILU EUGENIA RAMOS MAMANI,https://www.facebook.com/maria.eugenia.ramos.mamani.2025,2025-06-05,,sí,0,0,2025-06-04,post,https://www.facebook.com/share/p/19EJCzXanr/,0,0,0,0,0,0,0,0,0,0,
MARILU EUGENIA RAMOS MAMANI,https://www.facebook.com/maria.eugenia.ramos.mamani.2025,2025-06-05,,sí,0,0,2025-06-04,post,https://www.facebook.com/share/p/1JTRLsMwfv/,0,0,0,0,0,0,0,0,0,0,
MARILU EUGENIA RAMOS MAMANI,https://www.facebook.com/maria.eugenia.ramos.mamani.2025,2025-06-05,,sí,0,0,2025-06-05,post,https://www.facebook.com/share/p/1BRxXWb7cZ/,0,0,0,0,0,0,0,0,0,0,
MARILU EUGENIA RAMOS MAMANI,https://www.facebook.com/maria.eugenia.ramos.mamani.2025,2025-06-05,,sí,0,0,2025-06-05,post,https://www.facebook.com/share/p/1Eh4iJdbXX/,0,0,0,0,0,0,0,0,0,0,
MARILU EUGENIA RAMOS MAMANI,https://www.facebook.com/maria.eugenia.ramos.mamani.2025,2025-06-05,,sí,0,0,2025-06-05,post,https://www.facebook.com/share/p/1ALqYEFEUn/,0,0,0,0,0,0,0,0,0,0,
MARILU EUGENIA RAMOS MAMANI,https://www.facebook.com/maria.eugenia.ramos.mamani.2025,2025-06-05,,sí,0,0,2025-06-05,post,https://www.facebook.com/share/p/1AirYZFcVe/,0,0,0,0,0,0,0,0,0,0,
MARILU EUGENIA RAMOS MAMANI,https://www.facebook.com/maria.eugenia.ramos.mamani.2025,2025-06-05,,sí,0,0,2025-06-05,post,https://www.facebook.com/share/p/1DbngyNfPH/,0,0,0,0,0,0,0,0,0,0,
MARILU EUGENIA RAMOS MAMANI,https://www.facebook.com/maria.eugenia.ramos.mamani.2025,2025-06-05,,sí,0,0,2025-06-05,post,https://www.facebook.com/share/p/17eYC4qwzc/,0,0,0,0,0,0,0,0,0,0,
MARILU EUGENIA RAMOS MAMANI,https://www.facebook.com/maria.eugenia.ramos.mamani.2025,2025-06-05,,sí,0,0,2025-06-05,post,https://www.facebook.com/share/p/16r9SqtP4p/,0,0,0,0,0,0,0,0,0,0,
MARILU EUGENIA RAMOS MAMANI,https://www.facebook.com/maria.eugenia.ramos.mamani.2025,2025-06-09,,sí,0,0,2025-06-07,post,https://www.facebook.com/share/p/12LZog9YSKb/,0,0,0,0,0,0,0,0,0,0,
MARILU EUGENIA RAMOS MAMANI,https://www.facebook.com/maria.eugenia.ramos.mamani.2025,2025-06-09,,sí,0,0,2025-06-07,post,https://www.facebook.com/share/p/19Cy3J9pCk/,0,0,0,0,0,0,0,0,0,0,
MARILU EUGENIA RAMOS MAMANI,https://www.facebook.com/maria.eugenia.ramos.mamani.2025,2025-06-09,,sí,0,0,2025-06-07,post,https://www.facebook.com/share/p/1YHLxt6gs7/,0,0,0,0,0,0,0,0,0,0,
MARILU EUGENIA RAMOS MAMANI,https://www.facebook.com/maria.eugenia.ramos.mamani.2025,2025-06-09,,sí,0,0,2025-06-07,post,https://www.facebook.com/share/p/1CDJzqAeFJ/,0,0,0,0,0,0,0,0,0,0,
MARILU EUGENIA RAMOS MAMANI,https://www.facebook.com/maria.eugenia.ramos.mamani.2025,2025-06-09,,sí,0,0,2025-06-07,post,https://www.facebook.com/maria.eugenia.ramos.mamani.2025/posts/pfbid031UDqRJDA6FXjFxnAoyoCm5S5Kp7nbnXAooVU6RNm77Gu2Kg11DCecJwKAgUJhqi6l,0,0,0,0,0,0,0,0,0,0,
MARILU EUGENIA RAMOS MAMANI,https://www.facebook.com/maria.eugenia.ramos.mamani.2025,2025-06-09,,sí,0,0,2025-06-08,post,https://www.facebook.com/share/p/18oX4r52fM/,0,0,0,0,0,0,0,0,0,0,
MARILU EUGENIA RAMOS MAMANI,https://www.facebook.com/maria.eugenia.ramos.mamani.2025,2025-06-09,,sí,0,0,2025-06-08,post,https://www.facebook.com/share/p/1Fnmg82C5Q/,0,0,0,0,0,0,0,0,0,0,
MARILU EUGENIA RAMOS MAMANI,https://www.facebook.com/maria.eugenia.ramos.mamani.2025,2025-06-09,,sí,0,0,2025-06-08,post,https://www.facebook.com/maria.eugenia.ramos.mamani.2025/posts/pfbid0j4g8Wg6zdukV66gMD2Ujb2QKkrM1JBvFMvAxAmEED4RKAV6fP6XHNpQ7UxtXj8Jfl,0,0,0,0,0,0,0,0,0,0,
MARILU EUGENIA RAMOS MAMANI,https://www.facebook.com/maria.eugenia.ramos.mamani.2025,2025-06-09,,sí,0,0,2025-06-08,post,https://www.facebook.com/maria.eugenia.ramos.mamani.2025/posts/pfbid0T53YyDPK4xD5CSPo8zeEb3QAikSmkbi9qaW7qT4X1MfJKKdCHCjc1LbkXdMnebh5l,0,0,0,0,0,0,0,0,0,0,
MARILU EUGENIA RAMOS MAMANI,https://www.facebook.com/maria.eugenia.ramos.mamani.2025,2025-06-09,,sí,0,0,2025-06-09,post,https://www.facebook.com/share/p/1C7xGHuJ4G/,0,0,0,0,0,0,0,0,0,0,
MARILU EUGENIA RAMOS MAMANI,https://www.facebook.com/maria.eugenia.ramos.mamani.2025,2025-06-09,,sí,0,0,2025-06-09,post,https://www.facebook.com/share/p/15xuQdzAw9/,0,0,0,0,0,0,0,0,0,0,
MARILU EUGENIA RAMOS MAMANI,https://www.facebook.com/maria.eugenia.ramos.mamani.2025,2025-06-09,,sí,0,0,2025-06-09,post,https://www.facebook.com/share/p/1AiLTjTdWY/,0,0,0,0,0,0,0,0,0,0,
MARILU EUGENIA RAMOS MAMANI,https://www.facebook.com/maria.eugenia.ramos.mamani.2025,2025-06-09,,sí,0,0,2025-06-09,post,https://www.facebook.com/share/p/16TH1tsLPj/,0,0,0,0,0,0,0,0,0,0,
