nombre perfil,url perfil,candidato identificado,creación del perfil,seguidores,seguidos,fecha post,tipo de post,url post,comparticiones,comentarios,reacciones en total,me gusta,me encanta,me divierte,me entristece,me sorprende,me enoja,me importa,contenido
ROSA TATIANA AÑEZ CARRASCO,https://www.facebook.com/tatiana.anez.92,sí,2008-08-08,4000,0,2025-06-06,post,https://www.facebook.com/share/p/1N7dkmzL5e/,2,0,4,0,0,0,0,0,0,0,
ROSA TATIANA AÑEZ CARRASCO,https://www.facebook.com/tatiana.anez.92,sí,2008-08-08,4000,0,2025-06-06,post,https://www.facebook.com/share/p/1ApPj7THJy/,0,0,2,0,0,0,0,0,0,0,
ROSA TATIANA AÑEZ CARRASCO,https://www.facebook.com/tatiana.anez.92,sí,2008-08-08,4000,0,2025-06-06,post,https://www.facebook.com/tatiana.anez.92/posts/pfbid0f3QJqmzPeG3zW9fBUMZM2xPYaJiakA2mkkcUaqQgLUynk71bond6DJ5JoT7FUKDxl,3,1,9,0,0,0,0,0,0,0,
ROSA TATIANA AÑEZ CARRASCO,https://www.facebook.com/tatiana.anez.92,sí,2008-08-08,4000,0,2025-06-06,post,https://www.facebook.com/share/p/1ATf3MfRSv/,0,0,14,0,0,0,0,0,0,0,
ROSA TATIANA AÑEZ CARRASCO,https://www.facebook.com/tatiana.anez.92,sí,2008-08-08,4000,0,2025-06-07,post,https://www.facebook.com/tatiana.anez.92/posts/pfbid0bzNckVCpbLeR1FFgQaLPLzk3ptJTieJyBAaYJY5Bab4mPZDTbgDpJpv163zVXLGkl,2,0,9,0,0,0,0,0,0,0,"Ya falta Poco!
Vamos todos con Samuel y Lupo"
ROSA TATIANA AÑEZ CARRASCO,https://www.facebook.com/tatiana.anez.92,sí,2008-08-08,4000,0,2025-06-07,post,https://www.facebook.com/share/p/1C9aofKJRa/,4,0,16,0,0,0,0,0,0,0,"Encuentro con la Circunscripción 50: Les dije que la inflación de lo que va del año en 9,8%. En cinco meses, tenemos la misma inflación que todo el año pasado. La crisi… Ver más"
ROSA TATIANA AÑEZ CARRASCO,https://www.facebook.com/tatiana.anez.92,sí,2008-08-08,4000,0,2025-06-07,post,https://www.facebook.com/share/p/19jgWtN7Tv/,4,0,15,0,0,0,0,0,0,0,
ROSA TATIANA AÑEZ CARRASCO,https://www.facebook.com/tatiana.anez.92,sí,2008-08-08,4000,0,2025-06-07,post,https://www.facebook.com/share/p/1CRGP1XeVg/,8,0,21,0,0,0,0,0,0,0,"Samuel en la Circunscripción 50.
Oscar y Roxana Diputados… Ver más"
ROSA TATIANA AÑEZ CARRASCO,https://www.facebook.com/tatiana.anez.92,sí,2008-08-08,4000,0,2025-06-07,post,https://www.facebook.com/share/p/16km3MHg5R/,4,2,15,0,0,0,0,0,0,0,
ROSA TATIANA AÑEZ CARRASCO,https://www.facebook.com/tatiana.anez.92,sí,2008-08-08,4000,0,2025-06-08,post,https://www.facebook.com/tatiana.anez.92/posts/pfbid0njdnysqWxgTNq677XLRMGNBX9FiipuFqWzmMEKNx6mepeTzkU5oJds7XxRKsgciHl,2,0,5,0,0,0,0,0,0,0,"#Narcotrafico en el aeropuerto Viru- Viru, perjudica a Santa Cruz.
Mientras hay problemas con la gasolina, el aumento de precios y la escasez de dólares, en el Aeropuer… Ver más"
ROSA TATIANA AÑEZ CARRASCO,https://www.facebook.com/tatiana.anez.92,sí,2008-08-08,4000,0,2025-06-08,post,https://www.facebook.com/tatiana.anez.92/posts/pfbid02f4AcVD1kYdg9NNcpwAx4MMtUDvY2whw8JJhhfDGSrSmSmQ2jzCBioL6vhMsCTsy1l,2,0,5,0,0,0,0,0,0,0,"Ya falta poco!
El mensaje de nuestro candidato a diputado a la C50, dónde les llama sinvergüenza a los que hablan para Luis Fernando Luis Fernando Camacho Vaca .… Ver más"
ROSA TATIANA AÑEZ CARRASCO,https://www.facebook.com/tatiana.anez.92,sí,2008-08-08,4000,0,2025-06-08,post,https://www.facebook.com/share/p/1AUvYCcQbW/,2,0,6,0,0,0,0,0,0,0,
ROSA TATIANA AÑEZ CARRASCO,https://www.facebook.com/tatiana.anez.92,sí,2008-08-08,4000,0,2025-06-08,post,https://www.facebook.com/share/p/19j1uf6RYz/,0,0,2,0,0,0,0,0,0,0,
ROSA TATIANA AÑEZ CARRASCO,https://www.facebook.com/tatiana.anez.92,sí,2008-08-08,4000,0,2025-06-08,post,https://www.facebook.com/share/p/1BPRU81zzT/,0,0,4,0,0,0,0,0,0,0,"#Solidaridad
Lamentablemente ayer sufrió un atentado en plena vía pública durante un acto de campaña el pre candidato presidencial Miguel Uribe que es un senador de la … Ver más"
ROSA TATIANA AÑEZ CARRASCO,https://www.facebook.com/tatiana.anez.92,sí,2008-08-08,4000,0,2025-06-08,post,https://www.facebook.com/share/p/18ubDumZoj/,5,0,11,0,0,0,0,0,0,0,
ROSA TATIANA AÑEZ CARRASCO,https://www.facebook.com/tatiana.anez.92,sí,2008-08-08,4000,0,2025-06-08,post,https://www.facebook.com/share/p/1FTji5noP2/,3,1,16,0,0,0,0,0,0,0,"¡Los jóvenes son el motor del cambio y el futuro de Bolivia! Hoy más que nunca, confían plenamente en Samuel Doria Medina y José Luis Lupo, porque saben que son ellos q… Ver más"
ROSA TATIANA AÑEZ CARRASCO,https://www.facebook.com/tatiana.anez.92,sí,2008-08-08,4000,0,2025-06-08,post,2025-06-08,0,6,29,0,0,0,0,0,0,0,
ROSA TATIANA AÑEZ CARRASCO,https://www.facebook.com/tatiana.anez.92,sí,2008-08-08,4000,0,2025-06-09,post,https://www.facebook.com/share/p/15Bk8hb6UC/,1,0,8,0,0,0,0,0,0,0,
ROSA TATIANA AÑEZ CARRASCO,https://www.facebook.com/tatiana.anez.92,sí,2008-08-08,4000,0,2025-06-09,post,https://www.facebook.com/share/p/19LQ4VHLDk/,2,0,10,0,0,0,0,0,0,0,
ROSA TATIANA AÑEZ CARRASCO,https://www.facebook.com/tatiana.anez.92,sí,2008-08-08,4000,0,2025-06-09,post,https://www.facebook.com/share/p/15PtaLcNCz/,0,0,1,0,0,0,0,0,0,0,
ROSA TATIANA AÑEZ CARRASCO,https://www.facebook.com/tatiana.anez.92,sí,2008-08-08,4000,0,2025-06-09,post,https://www.facebook.com/share/14uvqrfR93/,2,0,22,0,0,0,0,0,0,0,
ROSA TATIANA AÑEZ CARRASCO,https://www.facebook.com/tatiana.anez.92,sí,2008-08-08,4000,0,2025-06-10,post,https://www.facebook.com/share/p/19RRiDBG8M/,0,0,4,0,0,0,0,0,0,0,Felicitaciones al querido Dr Reineiro Vargas por ser elegido por voluntad mayoritaria de la comunidad universitaria como nuevo Rector de la Universidad Autónoma Gabriel… Ver más
