nombre perfil,url perfil,candidato identificado,creación del perfil,seguidores,seguidos,fecha post,tipo de post,url post,comparticiones,comentarios,reacciones en total,me gusta,me encanta,me divierte,me entristece,me sorprende,me enoja,me importa,contenido
CINTIA MONICA PUERTA CAMPOS,https://www.facebook.com/cintiamonica.puertacampos,no,,0,0,2025-08-01,post,https://www.facebook.com/share/v/19cDwDSY3U/,3,0,4,4,0,0,0,0,0,0,"Hoy Viernes 1ro de Agosto visitamos a dos barrios Tunari y Bahia, presentadoles nuestras propuestas de Rodrigo Paz Pereira Presidente y Capitan Lara Vicepresidente, gracias por escucharnos y tengo la plena seguridad que ellos votaran de corazón, a ganar!!!! Dios al comando!"
CINTIA MONICA PUERTA CAMPOS,https://www.facebook.com/cintiamonica.puertacampos,no,,0,0,2025-08-01,post,https://www.facebook.com/share/v/1AiRzyHHH1/,0,0,4,3,0,1,0,0,0,0,"Capitan Lara siempre dice la verdad, escuchen!"
CINTIA MONICA PUERTA CAMPOS,https://www.facebook.com/cintiamonica.puertacampos,no,,0,0,2025-08-02,post,https://www.facebook.com/share/p/15sY87cuuE/,0,0,1,1,0,0,0,0,0,0,"A sumar y sumar, vamos hermanos Bolivianos, apoyemos con el corazón al binomio Rodrigo Paz Pereira  y Edman Lara. Por un futuro mejor, vista ante el mundo sin corrupción."
CINTIA MONICA PUERTA CAMPOS,https://www.facebook.com/cintiamonica.puertacampos,no,,0,0,2025-08-03,post,https://www.facebook.com/share/p/1aKHWWd2JJ/,2,0,10,6,4,0,0,0,0,0,"El dia Sabado 2 de Agosto, fuimos al barrio Perla del Acre y a un Sindicato Jose Manuel Pando, a difundir y hablar de nuestras propuestas, buena aceptacion, con Paz y Lara Presidentes. Vamos a sumar y ganar!!!! Votar con sentimiento por una Bolivia sin corrupción y prosperidad para cada Departamento de Bolivia."
CINTIA MONICA PUERTA CAMPOS,https://www.facebook.com/cintiamonica.puertacampos,no,,0,0,2025-08-05,post,https://www.facebook.com/share/p/16QD4WQYNY/,1,0,2,1,1,0,0,0,0,0,Escuchen mujeres del hogar!!! Mujeres valeroras!! Votemos por Rodrigo Paz Pereira Presidente y Edman Lara Vicepresidente.
CINTIA MONICA PUERTA CAMPOS,https://www.facebook.com/cintiamonica.puertacampos,no,,0,0,2025-08-05,post,https://www.facebook.com/share/p/16mctgdfjK/,0,0,0,0,0,0,0,0,0,0,Con eu dona valdeci – ¡Me acaban de reconocer como uno de sus fans destacados! 
CINTIA MONICA PUERTA CAMPOS,https://www.facebook.com/cintiamonica.puertacampos,no,,0,0,2025-08-05,post,https://www.facebook.com/share/p/1CWZGV3Vyd/,0,0,4,4,0,0,0,0,0,0,"Rodrigo Paz Pereira y Edman Lara , Serán ganadores, y nosotros también porque el pueblo lo eligira, Bolivia ganará!!!"
CINTIA MONICA PUERTA CAMPOS,https://www.facebook.com/cintiamonica.puertacampos,no,,0,0,2025-08-06,post,https://www.facebook.com/share/p/1FJ2xXkgZ8/,0,1,14,10,4,0,0,0,0,0,"Conmemorando la independencia de nuestra Amada Patria. Felicidades Bolivia! Por tus 200 años ""Bicentenario"" viva mi patria Bolivia!!!"
CINTIA MONICA PUERTA CAMPOS,https://www.facebook.com/cintiamonica.puertacampos,no,,0,0,2025-08-06,post,https://www.facebook.com/share/1BBRH7NPnR/,0,0,1,0,0,0,0,0,0,0,
