nombre perfil,url perfil,creación del perfil,seguidores,seguidos,fecha post,url post,comparticiones,reacciones en total,me gusta,me encanta,me divierte,me entristece,me sorprende,me enoja,me importa,contenido
Silvana Mucarzel,https://www.facebook.com/silvanamucarzelconcejal,2021-01-29,8100,87,2025-05-26,https://www.facebook.com/share/p/16b9mNPmUj/,10,,0,0,0,0,0,0,0,"MERECIDO RECONOCIMIENTO A VLADIMIR PEÑA, EN EL CONCEJO MUNICIPAL … Ver más"
Silvana Mucarzel,https://www.facebook.com/silvanamucarzelconcejal,2021-01-29,8100,87,2025-05-27,https://www.facebook.com/share/p/15xu8NpZyh/,3,,55,26,0,0,0,0,3,"¡Feliz Día de la Madre! 
En este día tan especial quiero expresar mi profunda admiración a cada una de las madres de nuestra querida Santa Cruz, que día a día luchan i… Ver más"
Silvana Mucarzel,https://www.facebook.com/silvanamucarzelconcejal,2021-01-29,8100,87,2025-05-28,https://www.facebook.com/share/p/1AdQVC4iw5/,23,,91,3,0,0,14,2,0,"Al conocer que mi firma fue falsificada en tres recibos de aportes de UCS, envié una solicitud al Tribunal Supremo Electoral (TSE), para que certifiquen si estos fueron… Ver más"
