nombre perfil,url perfil,candidato identificado,creación del perfil,seguidores,seguidos,fecha post,tipo de post,url post,comparticiones,comentarios,reacciones en total,me gusta,me encanta,me divierte,me entristece,me sorprende,me enoja,me importa,contenido
Coordinadora de la Mujer - Observatorio de Género BO,https://www.facebook.com/CoordinadoraBO,no,2011-11-30,21000,0,2025-06-24,post,https://www.facebook.com/share/p/1E1CnnfoXm/,1,0,6,6,0,0,0,0,0,0,"#DesAprendiendoLasViolencias
La Unidad educativa Elffy Ribera de Barbery, en #SantaCruz, usa cuentos y arte para prevenir la violencia, el bullying y la discriminación.… Ver más"
Coordinadora de la Mujer - Observatorio de Género BO,https://www.facebook.com/CoordinadoraBO,no,2011-11-30,21000,0,2025-06-24,post,2025-06-24,14,24,246,169,69,1,0,1,0,6,Se debe garantizar el derecho de consulta previa correspondiente a los pueblos indígenas en relación a la construcción de una carretera que atraviesa el Ñembi Guasu y s… Ver más
Coordinadora de la Mujer - Observatorio de Género BO,https://www.facebook.com/CoordinadoraBO,no,2011-11-30,21000,0,2025-06-24,post,https://www.facebook.com/share/p/18h7foe4rb/,9,0,49,40,9,0,0,0,0,0,#HOY #DSDR… Ver más
Coordinadora de la Mujer - Observatorio de Género BO,https://www.facebook.com/CoordinadoraBO,no,2011-11-30,21000,0,2025-06-24,post,https://www.facebook.com/share/p/154QWbrXiox/,4,2,62,52,10,0,0,0,0,0,"#presentacion
El estudio ""Derechos sexuales y derechos reproductivos, ¿cómo se financian?"" nos recuerda que lo que no se mide, no se prioriza.… Ver más"
Coordinadora de la Mujer - Observatorio de Género BO,https://www.facebook.com/CoordinadoraBO,no,2011-11-30,21000,0,2025-06-25,post,https://www.facebook.com/share/v/1AtrC6PVAC/,13,1,25,22,2,0,1,0,0,0,"#EleccionesGenerales2025
Bolivia está en crisis. Necesitamos soluciones, no discursos ni promesas vacías. Desde el Movimiento #JuntasHacemosHistoria lanzamos un ciclo d… Ver más"
Coordinadora de la Mujer - Observatorio de Género BO,https://www.facebook.com/CoordinadoraBO,no,2011-11-30,21000,0,2025-06-26,post,https://www.facebook.com/share/p/1AqV15iM1b/,4,0,10,10,0,0,0,0,0,0,
Coordinadora de la Mujer - Observatorio de Género BO,https://www.facebook.com/CoordinadoraBO,no,2011-11-30,21000,0,2025-06-26,post,https://www.facebook.com/share/p/12ML8QJgRj2/,15,0,36,24,12,0,0,0,0,0,"#EleccionesGenerales2025
 
 ¿Qué tan comprometidos están los candidatos y candidatas con la democracia paritaria?… Ver más"
Coordinadora de la Mujer - Observatorio de Género BO,https://www.facebook.com/CoordinadoraBO,no,2011-11-30,21000,0,2025-06-26,post,https://www.facebook.com/share/p/19KwWVVwkn/,4,0,31,26,4,0,0,0,1,0,"#ForosPorLaIgualdad #DemocraciaParitariaIntercultural 
 𝐇𝐎𝐘 𝐞𝐬 𝐞𝐥 𝐩𝐫𝐢𝐦𝐞𝐫 𝐩𝐚𝐬𝐨 𝐡𝐚𝐜𝐢𝐚 𝐥𝐚 𝐁𝐨𝐥𝐢𝐯𝐢𝐚 𝐪𝐮𝐞 𝐪𝐮𝐞𝐫𝐞𝐦𝐨𝐬
En el primer foro escuchamos e interpelamo… Ver más"
Coordinadora de la Mujer - Observatorio de Género BO,https://www.facebook.com/CoordinadoraBO,no,2011-11-30,21000,0,2025-06-26,post,2025-06-26,25,7,56,43,12,0,0,0,1,0,"Continuamos con el Foro por la igualdad con candidatas y candidatos ""Hacia la Bolivia que queremos"" -  Democracia paritaria"
Coordinadora de la Mujer - Observatorio de Género BO,https://www.facebook.com/CoordinadoraBO,no,2011-11-30,21000,0,2025-06-28,post,https://www.facebook.com/share/p/12KgfS6WmDa/,5,0,17,15,2,0,0,0,0,0," En el foro de #DemocraciaParitariaIntercultural, candidatos y candidatas respondieron preguntas clave sobre la paridad, la prevención del acoso y violencia política y… Ver más"
Coordinadora de la Mujer - Observatorio de Género BO,https://www.facebook.com/CoordinadoraBO,no,2011-11-30,21000,0,2025-06-28,post,https://www.facebook.com/share/v/1BmvkYhL9d/,3,1,20,16,3,0,0,0,0,1," #28DeJunio 
Este Día del Orgullo #LGBTIQ+, las voces de las diversidades se unen no solo para celebrar lo conquistado, sino también para imaginar lo que aún falta por… Ver más"
Coordinadora de la Mujer - Observatorio de Género BO,https://www.facebook.com/CoordinadoraBO,no,2011-11-30,21000,0,2025-06-29,post,https://www.facebook.com/share/p/12KwRUdS6C9/,4,0,59,41,14,0,1,0,1,2," #MarchaDelOrgullo
Desde el corazón de #LaPazPaz, miles de voces se unieron en una sola marcha por el amor, la diversidad y los derechos.
La… Ver más"
Coordinadora de la Mujer - Observatorio de Género BO,https://www.facebook.com/CoordinadoraBO,no,2011-11-30,21000,0,2025-06-30,post,https://www.facebook.com/share/v/1Ha17i6aqP/,0,1,3,3,0,0,0,0,0,0,"#DesaprendiendoLasViolencias
 En la Unidad educativa Elffy Ribera de Barbery de #SantaCruz se trabaja sobre convivencia escolar para prevenir la violencia, la discrimi… Ver más"
Coordinadora de la Mujer - Observatorio de Género BO,https://www.facebook.com/CoordinadoraBO,no,2011-11-30,21000,0,2025-06-30,post,https://www.facebook.com/share/p/19MxVCxWxz/,12,4,35,30,5,0,0,0,0,0,"#ForosPorLaIgualdad
¡𝐀𝐭𝐞𝐧𝐜𝐢𝐨́𝐧 𝐂𝐨𝐜𝐡𝐚𝐛𝐚𝐦𝐛𝐚! 𝐓𝐮 𝐯𝐨𝐳 𝐞𝐬 𝐏𝐎𝐃𝐄𝐑. 
Este Jueves 3 de Julio, en el Fo… Ver más"
Coordinadora de la Mujer - Observatorio de Género BO,https://www.facebook.com/CoordinadoraBO,no,2011-11-30,21000,0,2025-06-30,post,https://www.facebook.com/share/p/1QuMXJNfPg/,2,1,13,13,0,0,0,0,0,0,"#Ahora
Gabriela Murillo, de la #CoordinadoraDeLaMujer, en diálogo con La Razón Noticias de Bolivia, sobre el ciclo de foros de candidatos y candidatas ""Por la igualdad.… Ver más"
Coordinadora de la Mujer - Observatorio de Género BO,https://www.facebook.com/CoordinadoraBO,no,2011-11-30,21000,0,2025-07-01,post,https://www.facebook.com/share/v/1AtbannhAc/,0,0,4,4,0,0,0,0,0,0,"#DesAprendiendoLasViolencias
 El Instituto Tecnológico Agropecuario San Andrés fomenta la tolerancia, el respeto y el trabajo en equipo entre sus estudiantes.… Ver más"
Coordinadora de la Mujer - Observatorio de Género BO,https://www.facebook.com/CoordinadoraBO,no,2011-11-30,21000,0,2025-07-01,post,https://www.facebook.com/share/p/16qr79PfLw/,2,0,5,5,0,0,0,0,0,0,"#DesAprendiendoLasViolencias
El Instituto Tecnológico San Andrés de #Tarija, implementa acciones que promueven la convivencia pacífica entre estudiantes, practicando va… Ver más"
Coordinadora de la Mujer - Observatorio de Género BO,https://www.facebook.com/CoordinadoraBO,no,2011-11-30,21000,0,2025-07-01,post,https://www.facebook.com/share/p/159gCdtj7h/,12,1,19,19,0,0,0,0,0,0,"#ForosPorLaIgualdad
#ATENCIONCOCHABAMBA… Ver más"
Coordinadora de la Mujer - Observatorio de Género BO,https://www.facebook.com/CoordinadoraBO,no,2011-11-30,21000,0,2025-07-01,post,https://www.facebook.com/share/p/1C7avDUQtj/,5,0,12,12,0,0,0,0,0,0,"#ForosPorLaIgualdad
#ATENCIONCOCHABAMBA … Ver más"
