nombre perfil,url perfil,candidato identificado,creación del perfil,seguidores,seguidos,fecha post,tipo de post,url post,comparticiones,comentarios,reacciones en total,me gusta,me encanta,me divierte,me entristece,me sorprende,me enoja,me importa,contenido
Dimelza Rodriguez Quinsamolle,https://www.facebook.com/profile.php?id=61570121371268,no,2024-12-06,2200,0,2025-06-02,post,https://www.facebook.com/share/p/19S2M9ZxfS/,2,0,12,0,0,0,0,0,0,0,
Dimelza Rodriguez Quinsamolle,https://www.facebook.com/profile.php?id=61570121371268,no,2024-12-06,2200,0,2025-06-04,post,https://www.facebook.com/share/p/1HDRN5QijF/,16,3,38,0,0,0,0,0,0,0," Cochabamba
Más sectores sociales se unen día tras día pidiendo la renuncia de ARCE."
Dimelza Rodriguez Quinsamolle,https://www.facebook.com/profile.php?id=61570121371268,no,2024-12-06,2200,0,2025-06-04,post,https://www.facebook.com/share/p/16PvJpG3iS/,3,6,23,0,0,0,0,0,0,0,
Dimelza Rodriguez Quinsamolle,https://www.facebook.com/profile.php?id=61570121371268,no,2024-12-06,2200,0,2025-06-07,post,https://www.facebook.com/share/p/19CN5xJXYs/,3,9,22,0,0,0,0,0,0,0,
Dimelza Rodriguez Quinsamolle,https://www.facebook.com/profile.php?id=61570121371268,no,2024-12-06,2200,0,2025-06-07,post,https://www.facebook.com/share/p/1AukUCFMCF/,7,5,21,0,0,0,0,0,0,0,Hasta que renuncie Arce. 
