nombre perfil,url perfil,candidato identificado,creación del perfil,seguidores,seguidos,fecha post,tipo de post,url post,comparticiones,comentarios,reacciones en total,me gusta,me encanta,me divierte,me entristece,me sorprende,me enoja,me importa,contenido
Jhanisse V. Daza,https://www.facebook.com/jhanisse,no,,9330,0,2025-06-04,post,https://www.facebook.com/share/p/19Ek6HjPDE/,3,2,27,0,0,0,0,0,0,0,
Jhanisse V. Daza,https://www.facebook.com/jhanisse,no,,9330,0,2025-06-05,post,https://www.facebook.com/share/p/14F6ejSmqaW/,0,0,5,0,0,0,0,0,0,0,
Jhanisse V. Daza,https://www.facebook.com/jhanisse,no,,9330,0,2025-06-05,post,https://www.facebook.com/share/p/1Agc8QfYWG/,7,10,308,0,0,0,0,0,0,0,"Para defender la democracia hay que aprender de los que saben. Con el Presidente Electo de Venezuela, Edmundo González Urrutia, ganador de las elecciones del 28 de Julio de 2024. Un honor conocerlo en persona y transmitirle el apoyo de bolivianos y bolivianas que entendemos que la democracia en Venezuela está profundamente ligada a la democracia en nuestro país, y que en ambos países nadie se rinde. Me siento muy honrada de conocer y aprender de presidentes y líderes así en e… Ver más"
Jhanisse V. Daza,https://www.facebook.com/jhanisse,no,,9330,0,2025-06-08,post,https://www.facebook.com/share/p/1AqjTaFQo7/,9,1,22,0,0,0,0,0,0,0,
