nombre perfil,url perfil,snapshot_date,creación del perfil,candidato identificado,seguidores,seguidos,fecha post,tipo de post,url post,comparticiones,comentarios,reacciones en total,me gusta,me encanta,me divierte,me entristece,me sorprende,me enoja,me importa,contenido
JESSICA ANNE JORDAN BURTON,https://www.facebook.com/jessicajordanb,2025-06-05,,sí,0,0,2024-12-31,post,https://www.facebook.com/share/p/19euoaUHCd/,1,0,21,15,0,5,0,0,0,1,En el Beni Papa Noel el llega en Avioneta 
JESSICA ANNE JORDAN BURTON,https://www.facebook.com/jessicajordanb,2025-06-05,,sí,0,0,2025-01-26,post,https://www.facebook.com/share/v/1AQJztYyqD/,1,70,110,53,48,0,0,0,0,9,"Hoy es cumpleaños de mi mamita hermosa que amo tanto!! Una Mujer luchadora, trabajadora y valiente que me inspira en la vida!! Beniana ejemplar que ama su familia y su tierra! Una gran ganadera! Feliz cumpleaños mamita hermosa Valentina y yo te amamos mucho y agradecemos a Dios todos los días por tenerte en nuestras vidas y que nos permita compartir y disfrutar juntas muchísimos años más!! 
 Aida Burton Melgar "
JESSICA ANNE JORDAN BURTON,https://www.facebook.com/jessicajordanb,2025-06-05,,sí,0,0,2025-02-04,post,https://www.facebook.com/share/p/1Fm51W6tf6/,0,2,19,14,5,0,0,0,0,0,"Felicidades amiga queridaaa!!! En hora buena!! Dios guíe y bendiga cada una de tus actuaciones en beneficio a los más desprotegidos 
 te queremos y admiramos muchísimo 
Mucho fuerzas"
JESSICA ANNE JORDAN BURTON,https://www.facebook.com/jessicajordanb,2025-06-05,,sí,0,0,2025-02-24,post,https://www.facebook.com/share/p/1AggYWn8uG/,0,0,34,16,13,0,0,0,0,5,Quién se rinde mi chiquitita bella? haría el trabajo de 1000 por Valentina!! 
JESSICA ANNE JORDAN BURTON,https://www.facebook.com/jessicajordanb,2025-06-05,,sí,0,0,2025-03-06,post,https://www.facebook.com/share/p/1HmKeEqMAv/,3,63,127,46,40,0,0,0,0,41,No tengo palabras ni me alcanzará la vida entera para agradecerte mi querido Dr Carlos Paz al igual que la Dra Nuñez del Prado Dra Fabiana Burgos Dr Luis Dellien por todo lo que hicieron por mi hija. Sin olvidarme de agradecer lógicamente a todo el personal de enfermeras y Doctores de la Unidad de Terapia Intensiva de la Clínica Foianini a cargo del Dr Néstor Vaca Pereira. Sobre todo agradezco a Dios por escuchar nuestras oraciones y mandarnos esos ángeles iluminados que estu… Ver más
JESSICA ANNE JORDAN BURTON,https://www.facebook.com/jessicajordanb,2025-06-05,,sí,0,0,2025-03-13,post,https://www.facebook.com/share/p/1LgLyRdMx4/,0,2,20,10,3,0,0,0,0,7,Aida Burton Melgar 
JESSICA ANNE JORDAN BURTON,https://www.facebook.com/jessicajordanb,2025-06-05,,sí,0,0,2025-03-22,post,https://www.facebook.com/share/p/16aDXAjhG2/,2,0,24,17,7,0,0,0,0,0,Cada uno construye el mundo en el que quiere vivir..  que estos sean tus pilares 
JESSICA ANNE JORDAN BURTON,https://www.facebook.com/jessicajordanb,2025-06-05,,sí,0,0,2025-03-22,post,https://www.facebook.com/share/p/1CLhq517ZN/,1,7,22,19,2,0,0,0,0,1,Pues si 
JESSICA ANNE JORDAN BURTON,https://www.facebook.com/jessicajordanb,2025-06-05,,sí,0,0,2025-04-15,post,https://www.facebook.com/share/p/1XexUWxC83/,3,3,29,17,9,0,0,0,0,3,"Carta a mi amiga 
Querida amiga, siento muchísimo todo lo que estás viviendo. Conozco de cerca los momentos difíciles que hoy estás pasando, yo también los viví. Entiendo tus temores, siguen vibrando en mi interior. Sé cómo se siente la impotencia y la injusticia invadirte hasta los huesos y cuánto cuesta respirar por el estrés y la ansiedad. Pero también revivo contigo esa fuerza de voluntad para levantarte del piso y defenderte con todo tu ser. No dejes que te afecten los … Ver más"
JESSICA ANNE JORDAN BURTON,https://www.facebook.com/jessicajordanb,2025-06-05,,sí,0,0,2025-04-19,post,https://www.facebook.com/share/p/165rpY3mv9/,1,5,11,7,0,2,2,0,0,0,
JESSICA ANNE JORDAN BURTON,https://www.facebook.com/jessicajordanb,2025-07-07,,sí,0,0,2025-07-02,post,https://www.facebook.com/share/p/18qaKUZuDH/,0,3,17,0,0,0,17,0,0,0,
JESSICA ANNE JORDAN BURTON,https://www.facebook.com/jessicajordanb,2025-06-05,,sí,0,0,2025-12-17,reel,/reel/513100748442170/?s=single_unit&__cft__[0]=AZVAr8gT1fhhycH_WObDgEIFGJeGkCw5utTp-_4quPl0JEhFPOLpNN-e2i5xeTSjIU_K2Cl6XrA0C6grf-quxs8HFQDoNA5Ga_aadsYeKLrXrfwkuYpatgosAqtXR74qe14Cs7jPtsrlSydblXAk2o5N0MxicHkJ2v5dFEtFcIRnWWQg7qywqJGAOorb4tzfkFw&__tn__=H-R,0,0,0,0,0,0,0,0,0,0,
