nombre perfil,url perfil,candidato identificado,creación del perfil,seguidores,seguidos,fecha post,tipo de post,url post,comparticiones,comentarios,reacciones en total,me gusta,me encanta,me divierte,me entristece,me sorprende,me enoja,me importa,contenido
MARINA ISABEL CACHAMBI ALVAREZ,https://www.facebook.com/profile.php?id=100063933884078,sí,2021-01-08,565,13,2025-07-24,post,https://www.facebook.com/share/v/19otvNExrX/,153,111,185,169,16,0,0,0,0,0,"El es don Bonifacio lo conocí en la fila del surtidor. Su historia refleja la angustia de muchos, gente trabajadora que ya no sabe si podrá seguir adelante. Esto tiene … Ver más"
MARINA ISABEL CACHAMBI ALVAREZ,https://www.facebook.com/profile.php?id=100063933884078,sí,2021-01-08,565,13,2025-07-25,post,https://www.facebook.com/share/p/1SWRi8zWBA/,136,106,185,150,33,1,0,0,0,1,"La campaña crece, porque la confianza de la gente no se detiene
#SamuelPresidente #soluciones #100Días"
MARINA ISABEL CACHAMBI ALVAREZ,https://www.facebook.com/profile.php?id=100063933884078,sí,2021-01-08,565,13,2025-07-27,post,https://www.facebook.com/share/v/1CnNeKDKTh/,182,124,205,168,36,0,0,0,0,1,"La voz del pueblo Marina Cachambi con fuerza y Esperanza con banderas en alto por una Tarija que quiere cambio, honestidad y trabajo verdadero con TODOS por un futuro m… Ver más"
