nombre perfil,url perfil,candidato identificado,creación del perfil,seguidores,seguidos,fecha post,tipo de post,url post,comparticiones,comentarios,reacciones en total,me gusta,me encanta,me divierte,me entristece,me sorprende,me enoja,me importa,contenido
MARIA ESTHER GONGORA MIRANDA,https://www.facebook.com/mariaestherasambleista,sí,2021-01-03,1400,0,2025-07-21,post,https://www.facebook.com/share/p/1JkJAMtqR3/,2,1,17,14,2,1,0,0,0,0,"INAUGURACIÓN DE LA CASA DE CAMPAÑA, VAMOS POR LA TRANSFORMACIÓN PARA BOLIVIA… Ver más"
MARIA ESTHER GONGORA MIRANDA,https://www.facebook.com/mariaestherasambleista,sí,2021-01-03,1400,0,2025-07-22,post,https://www.facebook.com/share/p/16ZtTuEzqU/,0,1,18,14,4,0,0,0,0,0,"Participando en la caminata e inaguración de la  casa de campaña, junto a nuestro Capitán Manfred Reyes Villa recorrimos desde la plaza Eguino hasta llegar a San Pedro.… Ver más"
MARIA ESTHER GONGORA MIRANDA,https://www.facebook.com/mariaestherasambleista,sí,2021-01-03,1400,0,2025-07-24,post,https://www.facebook.com/share/p/1BqQbtUbsC/,3,0,12,7,5,0,0,0,0,0,"Visitamos el municipio de Achacachi llevando nuestras propuestas para mejorar la calidad de vida de Bolivia.
Con paso firme junto a nuestro Capitán Manfred Reyes Villa … Ver más"
MARIA ESTHER GONGORA MIRANDA,https://www.facebook.com/mariaestherasambleista,sí,2021-01-03,1400,0,2025-07-25,post,https://www.facebook.com/share/r/1BHa2VYMaY/,4,11,34,0,0,0,0,0,0,0,"Nos vemos el domingo en Guanay mi gente linda, estaremos llevando las propuestas de nuestro Capitán Manfred Reyes Villa.… Ver más"
MARIA ESTHER GONGORA MIRANDA,https://www.facebook.com/mariaestherasambleista,sí,2021-01-03,1400,0,2025-07-26,post,https://www.facebook.com/share/v/1CUW5aAWiK/,11,8,45,30,13,1,0,0,0,1,"Me presento como candidata a Diputada para cambiar el sistema en salud, velando por la gente de escasos recursos que no tiene acceso aún seguro médico completo.
Trabajo… Ver más"
MARIA ESTHER GONGORA MIRANDA,https://www.facebook.com/mariaestherasambleista,sí,2021-01-03,1400,0,2025-07-28,post,https://www.facebook.com/share/p/1C9imp8Ssg/,2,0,19,15,4,0,0,0,0,0,"De esta manera empezamos con los preparativos para la inaguración de la casa de campaña en la localidad de Guanay, llegar fue una travesía larga pero nada nos detendrá … Ver más"
MARIA ESTHER GONGORA MIRANDA,https://www.facebook.com/mariaestherasambleista,sí,2021-01-03,1400,0,2025-07-28,post,https://www.facebook.com/share/p/19gpmZf3JT/,0,1,14,11,3,0,0,0,0,0,"Visitamos el municipio de Caranavi entregando la carta enviada por Manfred Reyes Villa, a toda la población de Caranavi, juntos lograremos la transformación que necesit… Ver más"
