nombre perfil,url perfil,candidato identificado,creación del perfil,seguidores,seguidos,fecha post,tipo de post,url post,comparticiones,comentarios,reacciones en total,me gusta,me encanta,me divierte,me entristece,me sorprende,me enoja,me importa,contenido
El Confesionario UCB ,https://www.facebook.com/profile.php?id=100063830662612,no,2021-01-18,29000,76,2025-04-10,post,https://www.facebook.com/share/p/16iTn9eY2W/,1,5,34,0,0,0,0,0,0,0,"Confesión #648
No parece sospechoso tener directores de carrera que han estado en ese puesto por 10 años yo les creo a las anteriores confesiones que hablaron sobre diseño gráfico ponen a su gente estos no hacen nada o el peor de los casos andan robando ideas en fin yo quiero hablar del mismo modus operandi que tiene la carrera de Ingeniería Mecatrónica a la cabeza de Fabio Diaz qué por 10 años puso a sus amistades a dar cátedra no bu… Ver más"
El Confesionario UCB ,https://www.facebook.com/profile.php?id=100063830662612,no,2021-01-18,29000,76,2025-04-13,post,https://www.facebook.com/share/p/1CEJ8qVfKy/,3,2,59,0,0,0,0,0,0,0,"Confesión #650
¿Quién hubiera pensado que un instituto de idiomas como el CBA Santa Cruz llegaría tan lejos? Ser el primer equipo en estar entre los tres mejores en el … Ver más"
El Confesionario UCB ,https://www.facebook.com/profile.php?id=100063830662612,no,2021-01-18,29000,76,2025-04-13,post,https://www.facebook.com/share/p/1XyCYXHL91/,1,8,15,0,0,0,0,0,0,0,"Confesión #649
Historia del Rover a Pedales de Mecatrónica: Mucho ruido, pocas tuercas.… Ver más"
El Confesionario UCB ,https://www.facebook.com/profile.php?id=100063830662612,no,2021-01-18,29000,76,2025-04-15,post,https://www.facebook.com/share/p/1AsCENnpUm/,1,6,28,0,0,0,0,0,0,0,"Confesión #651
La verdad, da un poco de risa (y también algo de pena) ver cómo maneja su ""logro"" relacionado con la NASA. Todos sabemos que usted pidió votos directamen… Ver más"
El Confesionario UCB ,https://www.facebook.com/profile.php?id=100063830662612,no,2021-01-18,29000,76,2025-04-16,post,https://www.facebook.com/share/p/1AmvaNGNx7/,0,8,41,0,0,0,0,0,0,0,"Confesión #652
Ya que están hablando de ingenierías quiero denunciar los acosos e insinuaciones sexuales por parte del docente Gabriel Mejía ya da miedo asistir a sus clases sin que diga comentarios asquerosos no te dirige la palabra o atención si no aceptas sus acosos donde queda la Tolerancia 0 y espacios seguros no es la primera vez que la Facultad de Ingeniería tienen docentes acosadores espero que tomen cartas en el asunto si es … Ver más"
El Confesionario UCB ,https://www.facebook.com/profile.php?id=100063830662612,no,2021-01-18,29000,76,2025-04-23,post,https://www.facebook.com/share/p/16KvdRaxEA/,0,1,16,0,0,0,0,0,0,0,"Confesión #656
Nunca espero cambios positivos en la universidad porque sigue la corrupción, nepotismo incluso se encubren hechos de acoso y abuso por mantener el prestigio quiero hablar de un tema poco conocido sobre el presupuesto para actividades extracurriculares en algunos casos se da una desigualdad para actividades que merecen ser más promocionadas este presupuesto esta desde la pastoral si no es gratis aunque sea de la iglesia … Ver más"
El Confesionario UCB ,https://www.facebook.com/profile.php?id=100063830662612,no,2021-01-18,29000,76,2025-04-24,post,https://www.facebook.com/share/p/16cJ2wyKxM/,7,49,236,0,0,0,0,0,0,0,
El Confesionario UCB ,https://www.facebook.com/profile.php?id=100063830662612,no,2021-01-18,29000,76,2025-04-25,post,https://www.facebook.com/share/p/16MK1ZvcGR/,1,24,49,0,0,0,0,0,0,0,"Confesión #657
Hoy quiero hablarles de un tema interesante para todos los estudiantes de la carrera de derecho, resulta que en la carrera hay una estudiante que es muy cotizada por los docentes (no me refiero a lo académico). En especial en la materia de CONTRATOS COMERCIALES, puesto que el Dr. Salame, tiene bastantes consideraciones con esta señorita permitiéndole ingresar a clases como supuesta ""oyente"", muchos nos preguntamos si el… Ver más"
El Confesionario UCB ,https://www.facebook.com/profile.php?id=100063830662612,no,2021-01-18,29000,76,2025-05-09,post,https://www.facebook.com/share/p/16Pu7ePjMi/,2,0,2,0,0,0,0,0,0,0,"𝐋𝐚 𝐫𝐞𝐬𝐢𝐬𝐭𝐞𝐧𝐜𝐢𝐚 𝐚𝐥 𝐜𝐚𝐦𝐛𝐢𝐨
Tras una década, cam… Ver más"
El Confesionario UCB ,https://www.facebook.com/profile.php?id=100063830662612,no,2021-01-18,29000,76,2025-05-09,post,https://www.facebook.com/share/p/1C7u7jqB3R/,1,12,79,0,0,0,0,0,0,0,"Confesión #659
Hay un tema muy serio en la UCB Sede La Paz que debe conocer toda la comunidad universitaria: me refiero a los porteros, también conocidos como ""los azulitos"". Resulta que la mayoría de las personas los ven como buenos trabajadores, pero si les dijera que algunos de ellos tienen antecedentes penales desde robo agravado, violencia doméstica e incluso abuso sexual, se sorprenderían.
Todo esto es de conocimiento entre ell… Ver más"
El Confesionario UCB ,https://www.facebook.com/profile.php?id=100063830662612,no,2021-01-18,29000,76,2025-05-10,post,https://www.facebook.com/share/p/1CKwMj4JPh/,0,3,23,0,0,0,0,0,0,0,"Al parecer la universidad no cuenta con departamento de Recursos humanos porque los ""cambios"" de la dirección de carreras es solo rotación de Docentes de tiempo completo no buscan una profesional ajeno a ese círculo ¿Por qué será?"
El Confesionario UCB ,https://www.facebook.com/profile.php?id=100063830662612,no,2021-01-18,29000,76,2025-05-14,post,https://www.facebook.com/share/p/16PvxZNJsC/,0,0,16,0,0,0,0,0,0,0,"Confesión #661
En la ""Larga Noche de Museos"", la carrera de Diseño Gráfico presentará productos y diseños, pero no les da vergüenza mostrar trabajos plagiados. ¿En serio eso es lo que van a exhibir al público? Pero, ¿qué se puede esperar de una carrera que mantiene al mismo personal desde hace más de una década? Incluso el nuevo director es informático, no diseñador. Así como lo leen: todos ellos se beneficiaron durante la gestión de … Ver más"
El Confesionario UCB ,https://www.facebook.com/profile.php?id=100063830662612,no,2021-01-18,29000,76,2025-05-19,post,https://www.facebook.com/share/p/19FSLggT7L/,3,1,58,0,0,0,0,0,0,0,Lo más irónico es que el anterior director de la carrera de Derecho desde la gestión 2013-2021 fue parte de esta titulación irregular y aún continúa en la universidad c… Ver más
El Confesionario UCB ,https://www.facebook.com/profile.php?id=100063830662612,no,2021-01-18,29000,76,2025-05-26,post,https://www.facebook.com/share/p/18CkV1L1Tn/,1,9,23,0,0,0,0,0,0,0,"Confesión #663
Soy estudiante de la carrera de Psicología y hoy alzo la voz no por mí, sino por muchos compañeros y compañeras que han sido víctimas de situaciones inaceptables dentro de nuestro entorno académico.
A lo largo de estos años he conocido personas valiosas, con verdadero compromiso y vocación de servicio en centros de estudiantes y sociedades científicas. Gente que representa los valores que debería tener nuestra carrera:… Ver más"
El Confesionario UCB ,https://www.facebook.com/profile.php?id=100063830662612,no,2021-01-18,29000,76,2025-05-26,post,https://www.facebook.com/share/p/1ExqwUxNPz/,4,7,18,0,0,0,0,0,0,0,"Confesión #664 
Ahora toca dar testimonio de unas clases y experiencias con la pésima y barata copia del profesor Fletcher de la película “Whiplash”, Carolina Muñoz (DG… Ver más"
El Confesionario UCB ,https://www.facebook.com/profile.php?id=100063830662612,no,2021-01-18,29000,76,2025-05-27,post,https://www.facebook.com/share/p/1AfFRgm5ze/,0,0,8,0,0,0,0,0,0,0,"Confesión #665
Vi muchas reacciones a la confesión sobre Carolina Muñoz, su trabajo y su enseñanza. Ella critica la mediocridad, pero sus propios trabajos parecen hechos por estudiantes de primeros semestres, o incluso por aficionados. Si ese es el nivel de diseño de una docente a tiempo completo, no quiero imaginar cómo serán los trabajos de otros docentes.
No es un secreto que la anterior directora de carrera, Cecilia Mariaca, colo… Ver más"
El Confesionario UCB ,https://www.facebook.com/profile.php?id=100063830662612,no,2021-01-18,29000,76,2025-06-05,post,https://www.facebook.com/share/p/1F3axyRVi4/,0,0,0,0,0,0,0,0,0,0,Juego de Tronos: El Trono de Diseño… Ver más
