nombre perfil,url perfil,candidato identificado,creación del perfil,seguidores,seguidos,fecha post,tipo de post,url post,comparticiones,comentarios,reacciones en total,me gusta,me encanta,me divierte,me entristece,me sorprende,me enoja,me importa,contenido
Dimelza Rodriguez Quinsamolle,https://www.facebook.com/profile.php?id=61570121371268,no,2024-12-06,2200,0,2025-07-23,post,https://www.facebook.com/share/p/1D3paonHPH/,5,0,17,11,3,3,0,0,0,0,El Trópico de Cochabamba nos espera por nuestro Bicentanario. Nos vemos el 31 de julio y el 01 de agosto. 
Dimelza Rodriguez Quinsamolle,https://www.facebook.com/profile.php?id=61570121371268,no,2024-12-06,2200,0,2025-07-24,post,https://www.facebook.com/share/p/16fhUtc1eY/,0,1,13,9,2,2,0,0,0,0,
Dimelza Rodriguez Quinsamolle,https://www.facebook.com/profile.php?id=61570121371268,no,2024-12-06,2200,0,2025-07-28,post,https://www.facebook.com/share/p/1E43aUEhWH/,1,2,6,0,0,2,0,2,2,0,
Dimelza Rodriguez Quinsamolle,https://www.facebook.com/profile.php?id=61570121371268,no,2024-12-06,2200,0,2025-07-29,post,https://www.facebook.com/share/p/1MKrJUPvX7/,1,14,15,12,2,1,0,0,0,0,
