nombre perfil,url perfil,creación del perfil,seguidores,seguidos,fecha post,url post,comparticiones,reacciones en total,me gusta,me encanta,me divierte,me entristece,me sorprende,me enoja,me importa,contenido
ERICKA CHAVEZ AGUILERA,https://www.facebook.com/erickachavezc45,,484,230,2025-05-27,https://www.facebook.com/share/p/1ATTjktv4u/,2,25,16,6,0,0,0,0,3,¡FELIZ DÍA DE LA MADRE!… Ver más
ERICKA CHAVEZ AGUILERA,https://www.facebook.com/erickachavezc45,,484,230,2025-05-31,https://www.facebook.com/share/p/15Wm2QigSQ/,0,5,0,0,0,0,0,0,0,
ERICKA CHAVEZ AGUILERA,https://www.facebook.com/erickachavezc45,,484,230,2025-05-31,https://www.facebook.com/share/v/197cGjfVyS/,2,22,0,0,0,0,0,0,0,"#YaFaltaPoco 
#100diascarajo … Ver más"
ERICKA CHAVEZ AGUILERA,https://www.facebook.com/erickachavezc45,,484,230,2025-06-02,https://www.facebook.com/share/p/1YXdEpMq7S/,2,26,20,5,0,0,0,0,1,¡Rumbo a la Victoria!… Ver más
ERICKA CHAVEZ AGUILERA,https://www.facebook.com/erickachavezc45,,484,230,2025-06-02,https://www.facebook.com/erickachavezc45/videos/1219191349691828/,0,3,3,0,0,0,0,0,0,"#YaFaltaPoco 
#100diascarajo … Ver más"
