nombre perfil,url perfil,snapshot_date,creación del perfil,candidato identificado,seguidores,seguidos,fecha post,tipo de post,url post,comparticiones,comentarios,reacciones en total,me gusta,me encanta,me divierte,me entristece,me sorprende,me enoja,me importa,contenido
PAULA PAXI SUXO,https://www.facebook.com/profile.php?id=100076489905888,2025-06-04,,sí,168,0,2025-04-19,reel,/reel/1201989681331311/?s=single_unit&__cft__[0]=AZUmKuURbDkHe9WSI8-pIDBR9hf6291oMW6ET3pDJj2W7IXm9ltx1sjtxa2trqhSfgyaVdpEqAcGelkM_5Zub7Z-Gs5vB0-dxLQxN0RVIKpbI1v9GMSbHYb7p468RomB01Wa2VkChEzCmnRPZaOn3k_okz-uhgV1BCg05vlvaabBgE6xI0GIiFMEeK_QIRMzy58&__tn__=H-R,0,0,0,0,0,0,0,0,0,0,"Llamayuña: Escarbar 
Saraña: Ir 
… Ver más"
PAULA PAXI SUXO,https://www.facebook.com/profile.php?id=100076489905888,2025-06-04,,sí,168,0,2025-05-08,reel,/reel/593846873058644/?s=single_unit&__cft__[0]=AZV7EgilmIpyV_nqERsw0Y7Owbdc4TWD-LkGNv43hM_sMpDr0KfwdE2P0bt6qXEAM11dy6e38cnnwlf31hAw6D5uN7P4_EXI2Q1gZS3x1AQ-POXFQQBa-6FbVTeL6D1qWb-nUhdf_0fLtglsWiG70iFmlYiCMWyZTlzDVtqHygVJVf7JB1UaNiYaznyoxfuCHMg&__tn__=H-R,0,0,0,0,0,0,0,0,0,0,💖😇🦋🍀🌻🇧🇴
PAULA PAXI SUXO,https://www.facebook.com/profile.php?id=100076489905888,2025-06-04,,sí,168,0,2025-05-13,reel,/reel/698519195882449/?s=single_unit&__cft__[0]=AZXCAFXlKNZLIYWsL7xfSCVVFvhtKHYpZyLJjkxoPTN_Wvuj_nwxY7rRmc1rxBnPmJ25HI2CPhHjkJJkh5n4ROak3A7I4aGU89uoWtZPUd2UqoEFquynIEZ4M580nChsVibXP0pCAcV6JJMxPDP3_ealQ9C88MT56gcAwavGv7MDe4ZHuFovgoQiY-wGiq5RArY&__tn__=H-R,0,0,0,0,0,0,0,0,0,0,Hermosa cosecha de papas de mi tierra 🇵🇪
PAULA PAXI SUXO,https://www.facebook.com/profile.php?id=100076489905888,2025-06-04,,sí,168,0,2025-05-16,reel,/reel/666172506234875/?s=single_unit&__cft__[0]=AZWGP76zFqzE3a7-MWxmSrUF4Wwi2Xecjf7LwCvhTBpWTosd4APCafJHCoOpB6nMhQQrv5S0l9pWVeZU9qp4IkleN4EcBJ3dJYBYRHi61SCgMAH6HmO75K3wO2UjxJjsH9Dun3F2gp87vkfxydw3mtamQiorM5BK_bob9OIO5Vf9f3x3aTVatNMMocFlPb0QqK8&__tn__=H-R,0,0,0,0,0,0,0,0,0,0,"Gracias @deliziabolivia por regalarles un poquito de felicidad, feliz día de la madre #ʙᴏʟɪᴠɪᴀ #diadelamadre❤️ #bolivianos #bolivianosenelmundo"
PAULA PAXI SUXO,https://www.facebook.com/profile.php?id=100076489905888,2025-06-04,,sí,168,0,2025-05-21,post,https://www.facebook.com/share/p/16MmGv7nbC/,1,0,5,5,0,0,0,0,0,0,
PAULA PAXI SUXO,https://www.facebook.com/profile.php?id=100076489905888,2025-06-04,,sí,168,0,2025-05-21,reel,/reel/1141019607832185/?s=single_unit&__cft__[0]=AZUZQtoDsvVDSRhLwJK9j8tKfWRLdjWT-0jAdFno3AiQmILGLGU5JY3uqKH_C3f5UkJFZ243yjQeXVK-dHlvX7RACEq6E74MiONp9gWsS_w750ulrXHxgb3mwsnStCm-maw7XiAg5GyvvQLaQ_4brzc2evmqF7MIndWu1DUKjQxI6_OfsFAreFzt-PX7Tc19Ke4&__tn__=H-R,0,0,0,0,0,0,0,0,0,0,
PAULA PAXI SUXO,https://www.facebook.com/profile.php?id=100076489905888,2025-06-04,,sí,168,0,2025-05-21,reel,/reel/1367155797946948/?s=single_unit&__cft__[0]=AZX4ybkN1sWF9kHxjejOlcfFNglSWjhQKUC0iauTBNByolwcmSS2HxDOKm4VO8rUgsk8q7C7kPxG3D19u6Y9_X3M8O5AvYaMBXwtp5vsep6ySf9rwqKxDzM9QD_yOxveq33OBGaZN5ogBNeWXSZIYyGsNOLJ1h7YzuwdoFshMRq5rfNoCsd4e1RGj0l7JCOSFEE&__tn__=H-R,0,0,0,0,0,0,0,0,0,0,
PAULA PAXI SUXO,https://www.facebook.com/profile.php?id=100076489905888,2025-06-04,,sí,168,0,2025-05-21,reel,/reel/1141019607832185/?s=single_unit&__cft__[0]=AZVEq7LfMW4lTgoZtIH11475szHOYKmk2U7o9DXrIWsba37RxuaKIMHFOJ8AKUp6jeSIA0VxrzDlGlanSXjIGiWOfGHYyfRm7TYqxD5jVqupu3unkI0DXriTnWj_nxGpKenwAtUee89lZJvXSoxqJQT4_bxCNjIM4kkWI5SghvIWzs8borgGDAe5Ct9H86RHuHc&__tn__=H-R,0,0,0,0,0,0,0,0,0,0,
PAULA PAXI SUXO,https://www.facebook.com/profile.php?id=100076489905888,2025-06-04,,sí,168,0,2025-05-22,post,https://www.facebook.com/share/p/165djCSjx1/,0,0,3,2,1,0,0,0,0,0,
PAULA PAXI SUXO,https://www.facebook.com/profile.php?id=100076489905888,2025-06-04,,sí,168,0,2025-05-22,post,https://www.facebook.com/share/p/16KAMnHnTh/,0,0,0,0,0,0,0,0,0,0,
PAULA PAXI SUXO,https://www.facebook.com/profile.php?id=100076489905888,2025-06-04,,sí,168,0,2025-05-22,post,https://www.facebook.com/share/p/1CAeewcxYK/,0,0,3,3,0,0,0,0,0,0,
PAULA PAXI SUXO,https://www.facebook.com/profile.php?id=100076489905888,2025-06-04,,sí,168,0,2025-05-22,reel,/reel/683405937876600/?s=single_unit&__cft__[0]=AZU42hcu0pQcic46k6XJS9uhMAB28rOrUl6Ie2Q-4UoKBsLU96QvTNNDr4BK9uwAKNOQUMY6D4pRmigoyE3Vyyg1CRNgW3uJ-AeXGghKA9Hpr0f6sPVvkRk8uY1dxe2Ds9qhrgH3Wlzydnr3ycvXa4ky6olzEQsYoJMQ0ZkpgGyXVUd4dbQslD3flkN9AIaycas&__tn__=H-R,0,0,0,0,0,0,0,0,0,0,"𝐀𝐧𝐝𝐫𝐨́𝐧𝐢𝐜𝐨 𝐫𝐞𝐜𝐢𝐛𝐞 𝐫𝐞𝐬𝐩𝐚𝐥𝐝𝐨 𝐩𝐨𝐩𝐮𝐥𝐚𝐫 𝐞𝐧 𝐞𝐦𝐨𝐭𝐢𝐯𝐨 𝐯𝐢𝐝𝐞𝐨
Con mensajes de esperanza y unidad, ciudadanos destacan a Andrónico como “el candidato del pueblo”… Ver más"
PAULA PAXI SUXO,https://www.facebook.com/profile.php?id=100076489905888,2025-06-04,,sí,168,0,2025-05-23,reel,/reel/727049136325148/?s=single_unit&__cft__[0]=AZVK_jbxJc2GB7kzJ77FQgnxLh6bnpS3jrHKZxYXfID5HEJdY6ctDo6rc5P28n946imjEGzvettQWubjW3O4r4rsevwnwWtvgNHjh53zpie7qSay1SmKsBRDJu1aeednUooNlUYxNYYT4NW_E8iSJc43wkdnqBVAhXn2hYRWavV82A2t2UdQWLdrEZkZBsQ7dnI&__tn__=H-R,0,0,0,0,0,0,0,0,0,0,
PAULA PAXI SUXO,https://www.facebook.com/profile.php?id=100076489905888,2025-06-04,,sí,168,0,2025-05-23,post,2025-05-23,0,0,0,0,0,0,0,0,0,0,
PAULA PAXI SUXO,https://www.facebook.com/profile.php?id=100076489905888,2025-06-04,,sí,168,0,2025-05-24,post,https://www.facebook.com/share/p/151EyTMyUqo/,0,0,1,1,0,0,0,0,0,0,
PAULA PAXI SUXO,https://www.facebook.com/profile.php?id=100076489905888,2025-06-04,,sí,168,0,2025-05-24,reel,/reel/2126556221150247/?s=single_unit&__cft__[0]=AZVHavEh3LzuRkjEAyHmvQP0tKaBox0ewhGa-hiAWAt4DKo3q5XzYsRPjEQvxrEk-2zKs8cMq5O78dn_2fAcfbldxAT4JaZVyvSquWwtJ8uSgFQ709BnYxSW9SQei59CcZ9zPiU3D4cOVRGrp8uX6zT-W067DDoFTb4dgsVA3cVLQaP7I2mko_DV_V78jNcrFIM&__tn__=H-R,0,0,0,0,0,0,0,0,0,0,
PAULA PAXI SUXO,https://www.facebook.com/profile.php?id=100076489905888,2025-06-04,,sí,168,0,2025-05-24,post,https://www.facebook.com/share/p/16JechBpN6/,0,0,4,3,1,0,0,0,0,0,
PAULA PAXI SUXO,https://www.facebook.com/profile.php?id=100076489905888,2025-06-04,,sí,168,0,2025-05-24,post,https://www.facebook.com/share/p/1BwZqE9LWr/,0,0,1,1,0,0,0,0,0,0,
PAULA PAXI SUXO,https://www.facebook.com/profile.php?id=100076489905888,2025-06-04,,sí,168,0,2025-05-25,post,https://www.facebook.com/share/p/16YUYtjS8y/,0,0,1,1,0,0,0,0,0,0,
PAULA PAXI SUXO,https://www.facebook.com/profile.php?id=100076489905888,2025-06-04,,sí,168,0,2025-05-25,post,https://www.facebook.com/share/p/16dHNpfnvP/,0,0,9,9,0,0,0,0,0,0,
PAULA PAXI SUXO,https://www.facebook.com/profile.php?id=100076489905888,2025-06-04,,sí,168,0,2025-05-25,post,https://www.facebook.com/share/p/15aP7wXFrL/,2,0,5,4,1,0,0,0,0,0,
PAULA PAXI SUXO,https://www.facebook.com/profile.php?id=100076489905888,2025-06-04,,sí,168,0,2025-05-25,post,https://www.facebook.com/share/p/16sKBQsvzw/,0,0,2,2,0,0,0,0,0,0,
PAULA PAXI SUXO,https://www.facebook.com/profile.php?id=100076489905888,2025-06-04,,sí,168,0,2025-05-25,post,https://www.facebook.com/share/p/16RGeH8Vgu/,1,0,4,4,0,0,0,0,0,0,
PAULA PAXI SUXO,https://www.facebook.com/profile.php?id=100076489905888,2025-06-02,,sí,165,0,2025-05-26,post,https://www.facebook.com/share/p/1Hwg3544q5/,0,0,,0,0,0,0,0,0,0,
PAULA PAXI SUXO,https://www.facebook.com/profile.php?id=100076489905888,2025-06-04,,sí,168,0,2025-05-26,post,https://www.facebook.com/share/p/1Bydj5TDcx/,0,0,0,0,0,0,0,0,0,0,
PAULA PAXI SUXO,https://www.facebook.com/profile.php?id=100076489905888,2025-06-02,,sí,165,0,2025-05-26,post,https://www.facebook.com/share/p/1AAkeri5WU/,1,1,,1,0,2,0,1,0,0,
PAULA PAXI SUXO,https://www.facebook.com/profile.php?id=100076489905888,2025-06-02,,sí,165,0,2025-05-26,post,https://www.facebook.com/share/p/1FqdWZwe3V/,0,0,,0,0,0,0,0,0,0,
PAULA PAXI SUXO,https://www.facebook.com/profile.php?id=100076489905888,2025-06-04,,sí,168,0,2025-05-26,post,https://www.facebook.com/share/p/196aUsGMKf/,0,0,0,0,0,0,0,0,0,0,
PAULA PAXI SUXO,https://www.facebook.com/profile.php?id=100076489905888,2025-06-04,,sí,168,0,2025-05-26,post,https://www.facebook.com/share/p/12LWqoUWVeD/,0,0,3,3,0,0,0,0,0,0,
PAULA PAXI SUXO,https://www.facebook.com/profile.php?id=100076489905888,2025-06-04,,sí,168,0,2025-05-26,post,https://www.facebook.com/share/p/1QP5SBpw7E/,1,1,4,1,0,2,0,1,0,0,
PAULA PAXI SUXO,https://www.facebook.com/profile.php?id=100076489905888,2025-06-02,,sí,165,0,2025-05-26,post,https://www.facebook.com/share/p/1FzXeGiTcC/,0,0,,3,0,0,0,0,0,0,
PAULA PAXI SUXO,https://www.facebook.com/profile.php?id=100076489905888,2025-06-02,,sí,165,0,2025-05-27,post,https://www.facebook.com/share/p/1JCAPEJD3H/,2,0,,4,0,0,0,0,0,0,
PAULA PAXI SUXO,https://www.facebook.com/profile.php?id=100076489905888,2025-06-02,,sí,165,0,2025-05-27,post,https://www.facebook.com/share/p/19Bhy5om61/,0,0,,1,0,0,0,0,0,0,
PAULA PAXI SUXO,https://www.facebook.com/profile.php?id=100076489905888,2025-06-04,,sí,168,0,2025-05-27,post,https://www.facebook.com/share/p/16TzcrJCKv/,0,0,2,2,0,0,0,0,0,0,
PAULA PAXI SUXO,https://www.facebook.com/profile.php?id=100076489905888,2025-06-04,,sí,168,0,2025-05-27,post,2025-05-27,0,0,0,0,0,0,0,0,0,0,
PAULA PAXI SUXO,https://www.facebook.com/profile.php?id=100076489905888,2025-06-04,,sí,168,0,2025-05-27,post,https://www.facebook.com/share/p/19RR4xdf9D/,0,0,1,1,0,0,0,0,0,0,
PAULA PAXI SUXO,https://www.facebook.com/profile.php?id=100076489905888,2025-06-04,,sí,168,0,2025-05-27,post,https://www.facebook.com/share/p/14zvh7ZNNC/,0,1,8,7,1,0,0,0,0,0,
PAULA PAXI SUXO,https://www.facebook.com/profile.php?id=100076489905888,2025-06-04,,sí,168,0,2025-05-27,post,https://www.facebook.com/share/p/1APF2R8ptG/,0,0,1,1,0,0,0,0,0,0,
PAULA PAXI SUXO,https://www.facebook.com/profile.php?id=100076489905888,2025-06-02,,sí,165,0,2025-05-27,post,https://www.facebook.com/share/p/18wGa6KA8b/,0,0,,2,0,0,0,0,0,0,
PAULA PAXI SUXO,https://www.facebook.com/profile.php?id=100076489905888,2025-06-02,,sí,165,0,2025-05-27,post,https://www.facebook.com/share/p/14FSjngtEs6/,0,0,,1,0,0,0,0,0,0,
PAULA PAXI SUXO,https://www.facebook.com/profile.php?id=100076489905888,2025-06-02,,sí,165,0,2025-05-27,post,https://www.facebook.com/share/p/16MaXdvsmi/,0,1,,0,0,0,0,0,0,0,
PAULA PAXI SUXO,https://www.facebook.com/profile.php?id=100076489905888,2025-06-02,,sí,165,0,2025-05-27,post,https://www.facebook.com/share/p/16X9gyxVer/,0,0,,0,0,0,0,0,0,0,
PAULA PAXI SUXO,https://www.facebook.com/profile.php?id=100076489905888,2025-06-04,,sí,168,0,2025-05-28,post,https://www.facebook.com/share/p/1CSGXvgWru/,0,0,0,0,0,0,0,0,0,0,
PAULA PAXI SUXO,https://www.facebook.com/profile.php?id=100076489905888,2025-06-02,,sí,165,0,2025-05-29,post,https://www.facebook.com/share/p/19AKyMvQ7X/,0,0,,0,0,0,0,0,0,0,
PAULA PAXI SUXO,https://www.facebook.com/profile.php?id=100076489905888,2025-06-04,,sí,168,0,2025-05-29,post,https://www.facebook.com/share/p/15UGMC5Gmr/,0,0,1,1,0,0,0,0,0,0,
PAULA PAXI SUXO,https://www.facebook.com/profile.php?id=100076489905888,2025-06-04,,sí,168,0,2025-05-29,reel,/reel/3278767385596519/?s=single_unit&__cft__[0]=AZWfj30lSoX3YErSTaRJWcOElTbgWBphsTl3WvNZF89MEll2OEeZHuCa1EQQWZ2ajdttWjxT_8vZwxMPV4HVsndpeqN_Q3o27RMyPh8FGJj2Sq_FGxKWCRJEzHzwbwbk20KnC4Gxb53e9-5Ron1740A01FYEt_f11rkptAMozEWwwW07iwsDkCw8alpeNAaBRKU&__tn__=H-R,0,0,0,0,0,0,0,0,0,0,
PAULA PAXI SUXO,https://www.facebook.com/profile.php?id=100076489905888,2025-06-02,,sí,165,0,2025-05-29,post,https://www.facebook.com/share/p/1A6KXg5bPe/,0,0,,0,0,0,0,0,0,0,
PAULA PAXI SUXO,https://www.facebook.com/profile.php?id=100076489905888,2025-06-02,,sí,165,0,2025-05-29,post,https://www.facebook.com/share/p/196KZQdHf6/,0,2,,4,0,0,0,0,0,0,
PAULA PAXI SUXO,https://www.facebook.com/profile.php?id=100076489905888,2025-06-04,,sí,168,0,2025-05-29,post,https://www.facebook.com/share/p/1CBVn2uTZg/,0,2,4,4,0,0,0,0,0,0,
PAULA PAXI SUXO,https://www.facebook.com/profile.php?id=100076489905888,2025-06-04,,sí,168,0,2025-06-01,post,https://www.facebook.com/share/p/1Et4eD5JZz/,0,0,9,8,1,0,0,0,0,0,
PAULA PAXI SUXO,https://www.facebook.com/profile.php?id=100076489905888,2025-06-02,,sí,165,0,2025-06-01,post,https://www.facebook.com/share/p/1BvGC6r8vq/,0,0,,0,0,0,0,0,0,0,
PAULA PAXI SUXO,https://www.facebook.com/profile.php?id=100076489905888,2025-06-02,,sí,165,0,2025-06-01,post,https://www.facebook.com/share/p/1AfCCtQnum/,0,0,,0,0,0,0,0,0,0,
PAULA PAXI SUXO,https://www.facebook.com/profile.php?id=100076489905888,2025-06-04,,sí,168,0,2025-06-01,post,https://www.facebook.com/share/p/16a98uEZPd/,0,1,0,0,0,0,0,0,0,0,
PAULA PAXI SUXO,https://www.facebook.com/profile.php?id=100076489905888,2025-06-04,,sí,168,0,2025-06-01,reel,/reel/683176924678373/?s=single_unit&__cft__[0]=AZU7BEePJCyH75qrc6Fn_JSpT2s2LtIexY_zMDidoVQOblUlyJpiy1cCk_9J8SDMMZfxvmuG7BzteSb5rtLp4f2PFVs7ia-PayxTpLt9ZnOpixa73rhUvGoV4RBx8HkwXq8Wy5tnDtQfBb3JzolU-KfvbvzBEk9keCbXUHSB8vOjEMUlw7Ka-oBpPS3qt7zqZIk&__tn__=H-R,0,0,0,0,0,0,0,0,0,0,Feria productiva y emprendimiento apoyado por la alcaldesa Ana Lucia Reis
PAULA PAXI SUXO,https://www.facebook.com/profile.php?id=100076489905888,2025-06-02,,sí,165,0,2025-06-02,post,https://www.facebook.com/share/p/16TSGzikJz/,0,0,,1,0,0,0,0,0,0,
PAULA PAXI SUXO,https://www.facebook.com/profile.php?id=100076489905888,2025-06-04,,sí,168,0,2025-06-02,post,https://www.facebook.com/share/p/1ESya3rK5x/,0,0,1,1,0,0,0,0,0,0,
PAULA PAXI SUXO,https://www.facebook.com/profile.php?id=100076489905888,2025-06-04,,sí,168,0,2025-06-04,post,https://www.facebook.com/share/p/16FGnaD3ar/,0,0,0,0,0,0,0,0,0,0,
PAULA PAXI SUXO,https://www.facebook.com/profile.php?id=100076489905888,2025-06-04,,sí,168,0,2025-06-04,post,https://www.facebook.com/share/p/1YuS1QNTCn/,0,0,1,1,0,0,0,0,0,0,
PAULA PAXI SUXO,https://www.facebook.com/profile.php?id=100076489905888,2025-06-04,,sí,168,0,2025-06-04,post,https://www.facebook.com/share/p/1BYYTXBjDd/,0,0,0,0,0,0,0,0,0,0,
