nombre perfil,url perfil,snapshot_date,creación del perfil,candidato identificado,seguidores,seguidos,fecha post,tipo de post,url post,comparticiones,comentarios,reacciones en total,me gusta,me encanta,me divierte,me entristece,me sorprende,me enoja,me importa,contenido
BETTSY SHIRLEY SAUCEDO AGUADA,https://www.facebook.com/betsy.saucedo.18,2025-07-22,,no,0,0,2025-07-14,post,https://www.facebook.com/share/p/16jPSgxvQM/,1,1,14,9,4,1,0,0,0,0,
BETTSY SHIRLEY SAUCEDO AGUADA,https://www.facebook.com/betsy.saucedo.18,2025-07-22,,no,0,0,2025-07-14,post,https://www.facebook.com/share/p/16szvJVSLT/,2,0,13,8,4,1,0,0,0,0,
BETTSY SHIRLEY SAUCEDO AGUADA,https://www.facebook.com/betsy.saucedo.18,2025-07-22,,no,0,0,2025-07-15,post,https://www.facebook.com/share/v/1NMBkytXtk/,7,5,47,35,7,4,0,0,0,1,"#BETSYSENADORA
#MANDREDPRESIDENTE "
BETTSY SHIRLEY SAUCEDO AGUADA,https://www.facebook.com/betsy.saucedo.18,2025-07-22,,no,0,0,2025-07-15,reel,/reel/633363815927544/?s=single_unit&__cft__[0]=AZWfqTksT5FsbZLm73M4RQo_uToX-bB92nWMNSUNvuLU8rWoPERv8KjS3wMXt81-_StLkAPbtTb2MIfbS4tkPh-8JU_HPf2T7tFK1hiXjck9Ki_OsDy3XHuY7WWH4IU0iAeJrWoRbYF8HaW9BkzqnVmZRCWC9uA0ATgAUFfwMqdcAT4tEhd48JldTcuXW8zd9U0&__tn__=H-R,0,0,0,0,0,0,0,0,0,0,
BETTSY SHIRLEY SAUCEDO AGUADA,https://www.facebook.com/betsy.saucedo.18,2025-07-22,,no,0,0,2025-07-16,reel,/reel/720453900878965/?s=single_unit&__cft__[0]=AZWC3DpTZfO2myuGsqYM8UnKK3-Rd27-XC3FQ5JcF9gwFdD4wrGpGTsqviUSHHlRFPQL9W0gPhU9EULvxBvSEw-R371YrN6h22VHLOjXDyN0f03IPMP2340RC0c69YflNL6AlZt5Kvpe4NqJUEssotPSCbYVZjDjA86DnJ2eqk4OR8VOHeCqVpMaYx-5sy7A8IM&__tn__=H-R,0,0,0,0,0,0,0,0,0,0,
BETTSY SHIRLEY SAUCEDO AGUADA,https://www.facebook.com/betsy.saucedo.18,2025-07-22,,no,0,0,2025-07-17,post,https://www.facebook.com/share/p/1HhU627znR/,1,0,14,0,0,1,0,0,0,0,"#BETSYSENADORA
#MANFREDPRESIDENTE "
BETTSY SHIRLEY SAUCEDO AGUADA,https://www.facebook.com/betsy.saucedo.18,2025-07-22,,no,0,0,2025-07-19,reel,/reel/1364979194569976/?s=single_unit&__cft__[0]=AZXnIjOkDtOM-s9xmOtOB_Ia4Sp1JPugerXBMcR9AXSRs_yMb6iye7PAYNnEfgFyGMDws8mK_R_YGrAsJsN2EvhoeBH3KP2pZIpnf_VnQieU180Kagbh5touHFClQmyvniJfTxqm7UyGXKJ7JnRmIUyzfOUnYVMyqr9jE32-I0cOQRdU3lAidIGGW2hayelbpjY&__tn__=H-R,0,0,0,0,0,0,0,0,0,0,
BETTSY SHIRLEY SAUCEDO AGUADA,https://www.facebook.com/betsy.saucedo.18,2025-07-22,,no,0,0,2025-07-19,reel,/reel/1820067948921006/?s=single_unit&__cft__[0]=AZV8RMzRspNc7k8hsLEIvyi6riZ1ywkYhp-YM_2kfbnWhUmTlAE4VvsgmZm0RU1vxvMt92cyZm4rhFoVW1iF02kEOHXD2RDgHz6FAVdPaFujIo60irQAmNZndsnVO8_KgWMkX71380Lk9P5aRUlquP3CC7oOYjnK1k8ESZ9HhtE7kLzvGpCUvTiUu6IKUUWSnS4&__tn__=H-R,0,0,0,0,0,0,0,0,0,0,
BETTSY SHIRLEY SAUCEDO AGUADA,https://www.facebook.com/betsy.saucedo.18,2025-07-22,,no,0,0,2025-07-20,reel,/reel/1230792375028936/?s=single_unit&__cft__[0]=AZWHrPK7qDEDJ9pqoEw7rAFBxjr43wbwIUT66v2Uk_i1F9Jmg9b0h2DEAvalxs8JzVwVwokEkr14lmP0D90vsFhVCiNFyiC8_HHAORueBE1B4Y_GBiRaH12IMSnUfdRQZ6RVVZhKlKJIvb5XnEZVT2Ys5U_r6nsRvlm3r2STsM948C8jIihCW-fjMolVjNtMN7s&__tn__=H-R,0,0,0,0,0,0,0,0,0,0,"Lo que Bolivia necesita es liderazgo firme, no buenas intenciones sin capacidad de ejecución. #ManfredPresidente"
BETTSY SHIRLEY SAUCEDO AGUADA,https://www.facebook.com/betsy.saucedo.18,2025-07-22,,no,0,0,2025-07-20,post,https://www.facebook.com/betsy.saucedo.18/posts/pfbid02wivDSPkPVUtZW43Qm6qiL4uqzNWGeyjJeRWUTp1xULgnXrgc5nzkSLqp1SSDAD6Pl,3,2,14,0,0,1,0,0,0,0,
BETTSY SHIRLEY SAUCEDO AGUADA,https://www.facebook.com/betsy.saucedo.18,2025-07-22,,no,0,0,2025-07-21,post,https://www.facebook.com/share/p/1CHBnjY2Ko/,0,0,7,7,0,0,0,0,0,0,"#BETSYSENADORA 
#MANFREDPRESIDENTE "
BETTSY SHIRLEY SAUCEDO AGUADA,https://www.facebook.com/betsy.saucedo.18,2025-07-22,,no,0,0,2025-07-21,reel,/reel/1643474536325191/?s=single_unit&__cft__[0]=AZWlfQkqGEaqAMUwR49GY1sUBylUTbk7eFD3N8LCHcfceGNNOlueqi861k5gc2HcmsvqGHUfrEuZJJOXXPqGX_BKXNMqV0Mw-I9bFaAfXVfdgCF9zML718dIgBqzr8CzvjfycayKWrM3Hoh7ojCBK26KtoQmsBzs6Tm-Xm5Y8AIcbITCZVBzLZoyoLdsq7oGn8E&__tn__=H-R,0,0,0,0,0,0,0,0,0,0,
BETTSY SHIRLEY SAUCEDO AGUADA,https://www.facebook.com/betsy.saucedo.18,2025-07-22,,no,0,0,2025-07-22,reel,/reel/1138640188097721/?s=single_unit&__cft__[0]=AZX5LNDj8Zh1yNZQzlus04dFjMegMvEBIC5K334q8RI4TpX7tGNfTmx9zR-KA6T9zRjfN34yzXrH4uizKPzgR4WKBYnlsptItmdJ33ImsRG4Cmpc9_Cqslvv5Q5C6HCqKqQOvmHm2a0jFDMSaQJAu5DmyhGVEI8mCpzb4KAIvkhl-bSN2Zt5IGeb5QzNrv47x1g&__tn__=H-R,0,0,0,0,0,0,0,0,0,0,
