nombre perfil,url perfil,snapshot_date,creación del perfil,candidato identificado,seguidores,seguidos,fecha post,tipo de post,url post,comparticiones,comentarios,reacciones en total,me gusta,me encanta,me divierte,me entristece,me sorprende,me enoja,me importa,contenido
MARGOTH CERVANTES ALVAREZ,https://www.facebook.com/profile.php?id=61577777165669,2025-07-22,2025-06-28,no,88,1,2025-07-14,post,https://www.facebook.com/share/v/16sisqYuih/,1,0,8,6,2,0,0,0,0,0,Nuestro Gobernador Luis Fernando Camacho apoya a Samuel Doria Medina Presidente
MARGOTH CERVANTES ALVAREZ,https://www.facebook.com/profile.php?id=61577777165669,2025-07-22,2025-06-28,no,88,1,2025-07-15,post,https://www.facebook.com/share/p/16xm5CpnNM/,5,2,5,3,2,0,0,0,0,0,"IMPULSAR LAS DANZAS CULTURALES DE TODO GÉNERO EN LA C56
Los jóvenes son el impulso de la herencia cultural a través de las diferentes expresiones culturales, es por eso… Ver más"
MARGOTH CERVANTES ALVAREZ,https://www.facebook.com/profile.php?id=61577777165669,2025-07-22,2025-06-28,no,88,1,2025-07-15,post,https://www.facebook.com/share/v/1ESaeRTsEV/,11,6,18,12,5,0,0,0,0,1,"Soy Margoth Cervantes candidata a Diputada por la C56 en Alianza Unidad nacimos de las bases, de las luchas cívicas de las Juntas Vecinales, una vez le ganamos la elecc… Ver más"
MARGOTH CERVANTES ALVAREZ,https://www.facebook.com/profile.php?id=61577777165669,2025-07-22,2025-06-28,no,88,1,2025-07-15,post,https://www.facebook.com/share/v/16xF2BxPxo/,2,1,6,4,1,0,0,0,0,1,"Dn Cachari un destacado y eminente dirigente vecinal del Distrito 4 nos da su respaldo como DIPUTADA para la gestion 2025-2030, siempre hemos sido parte de las Juntas V… Ver más"
MARGOTH CERVANTES ALVAREZ,https://www.facebook.com/profile.php?id=61577777165669,2025-07-22,2025-06-28,no,88,1,2025-07-16,post,https://www.facebook.com/permalink.php?story_fbid=pfbid02x6eiciwYEcmVqJr2UhZfhEGZiRetc97dPf7hgWsGR7wGaECeLSjaNVRSV4hDzMoDl&id=61577777165669,1,0,2,2,0,0,0,0,0,0,
MARGOTH CERVANTES ALVAREZ,https://www.facebook.com/profile.php?id=61577777165669,2025-07-22,2025-06-28,no,88,1,2025-07-16,post,https://www.facebook.com/share/p/1AieNZKP2y/,6,0,10,8,2,0,0,0,0,0,Este 17 de agosto el cambio en Bolivia es por la renovación y la gobernabilidad de nuestro futuro presidente.
MARGOTH CERVANTES ALVAREZ,https://www.facebook.com/profile.php?id=61577777165669,2025-07-22,2025-06-28,no,88,1,2025-07-16,post,https://www.facebook.com/share/v/14MmfGh2c5w/,6,1,8,6,1,0,0,0,0,1,"PRESENTAMOS NUESTRAS PROPUESTAS A VECINOS DE MAPAIZO SUR EN LA GUARDIA
Seguimos con la socialización de los compromisos con nuestra gente de La Guardia.… Ver más"
MARGOTH CERVANTES ALVAREZ,https://www.facebook.com/profile.php?id=61577777165669,2025-07-22,2025-06-28,no,88,1,2025-07-16,post,https://www.facebook.com/share/p/14HLaq5pJok/,2,0,6,4,2,0,0,0,0,0,Muchas felicidades al Barrio El Carmen del Km9 doblevia La Guardia. Compuesto por hombres y mujeres valientes.
MARGOTH CERVANTES ALVAREZ,https://www.facebook.com/profile.php?id=61577777165669,2025-07-22,2025-06-28,no,88,1,2025-07-16,post,https://www.facebook.com/share/v/1RYufoQFv6/,10,2,6,3,2,0,0,0,0,1,"LAS COMUNIDADES SÍ NOS IMPORTA
Nues… Ver más"
MARGOTH CERVANTES ALVAREZ,https://www.facebook.com/profile.php?id=61577777165669,2025-07-22,2025-06-28,no,88,1,2025-07-16,post,https://www.facebook.com/share/v/1E3UD3Y8QT/,8,0,11,7,2,0,0,0,0,2,GRACIAS POR LA INVITACIÓN AL BARRIO CUMBRE FASE 4 EN LA GUARDIA… Ver más
MARGOTH CERVANTES ALVAREZ,https://www.facebook.com/profile.php?id=61577777165669,2025-07-22,2025-06-28,no,88,1,2025-07-16,post,2025-07-16,1,0,28,26,2,0,0,0,0,0,
MARGOTH CERVANTES ALVAREZ,https://www.facebook.com/profile.php?id=61577777165669,2025-07-22,2025-06-28,no,88,1,2025-07-17,post,https://www.facebook.com/share/p/1GB86xeFLa/,0,0,0,0,0,0,0,0,0,0,
MARGOTH CERVANTES ALVAREZ,https://www.facebook.com/profile.php?id=61577777165669,2025-07-22,2025-06-28,no,88,1,2025-07-18,post,https://www.facebook.com/share/p/1789AXSX7Z/,6,1,8,7,1,0,0,0,0,0,"*BRIGADAS MÉDICAS EN EL KM9*
La candidata a Diputada Dra. MARGOTH invita a toda la familia a la brigada médica.… Ver más"
MARGOTH CERVANTES ALVAREZ,https://www.facebook.com/profile.php?id=61577777165669,2025-07-22,2025-06-28,no,88,1,2025-07-19,post,https://www.facebook.com/share/p/174qwr2aMR/,0,0,2,2,0,0,0,0,0,0,
MARGOTH CERVANTES ALVAREZ,https://www.facebook.com/profile.php?id=61577777165669,2025-07-22,2025-06-28,no,88,1,2025-07-20,post,https://www.facebook.com/share/p/1QzxfU3y1n/,3,0,6,4,1,0,0,0,0,1,En Unitel apoyando a SAMUEL EMPRESARIO EXITOSO
MARGOTH CERVANTES ALVAREZ,https://www.facebook.com/profile.php?id=61577777165669,2025-07-22,2025-06-28,no,88,1,2025-07-20,post,https://www.facebook.com/share/p/16g3n251z7/,5,0,2,0,1,0,0,0,0,1,"EL DEPORTE ES SALUD 
Es por eso que dentro de nuestro compromiso es fomentar la actividad deportiva en los jóvenes con el objetivo de una formación integral en los adol… Ver más"
MARGOTH CERVANTES ALVAREZ,https://www.facebook.com/profile.php?id=61577777165669,2025-07-22,2025-06-28,no,88,1,2025-07-20,post,https://www.facebook.com/permalink.php?story_fbid=pfbid02bU33E6Jx6HTgRhpZZmMwFVtkjpzkEghTUsB7V72wpymHmpGMpAX3gP4Ci34SURDvl&id=61577777165669,5,0,6,4,2,0,0,0,0,0,"QUEBRADA SECA ESTÁ EN Alianza Unidad 
Gracias a la invitación de los vecinos de la comunidad de Quebrada Seca en La Guardia presentamos nuestras propuestas y compromiso… Ver más"
MARGOTH CERVANTES ALVAREZ,https://www.facebook.com/profile.php?id=61577777165669,2025-07-22,2025-06-28,no,88,1,2025-07-20,post,https://www.facebook.com/share/p/1EMdbwvjfe/,5,1,4,3,1,0,0,0,0,0,"Revisa si eres jurado electoral
y no te quedes con la duda"
MARGOTH CERVANTES ALVAREZ,https://www.facebook.com/profile.php?id=61577777165669,2025-07-22,2025-06-28,no,88,1,2025-07-20,post,https://www.facebook.com/share/p/1FmueYFfeh/,3,0,9,8,1,0,0,0,0,0,"Apoyando a nuestro futuro presidente Samuel Doria Medina de Alianza Unidad 
#margothdiputadac56 #LaGuardia #porongo #colpabelgica #ElTorno #camachoconsamuel #SamuelPresidente"
MARGOTH CERVANTES ALVAREZ,https://www.facebook.com/profile.php?id=61577777165669,2025-07-22,2025-06-28,no,88,1,2025-07-21,post,https://www.facebook.com/share/p/15bt5VaUfM/,0,1,2,2,0,0,0,0,0,0,
MARGOTH CERVANTES ALVAREZ,https://www.facebook.com/profile.php?id=61577777165669,2025-07-22,2025-06-28,no,88,1,2025-07-21,post,https://www.facebook.com/share/p/1GD5qYFsJ4/,0,1,3,3,0,0,0,0,0,0,
MARGOTH CERVANTES ALVAREZ,https://www.facebook.com/profile.php?id=61577777165669,2025-07-22,2025-06-28,no,88,1,2025-07-21,post,https://www.facebook.com/share/p/1E5oXvdiGq/,6,0,4,2,2,0,0,0,0,0,"APOYAMOS EL EMPRENDIMIENTO DE LAS MUJERES EN TEREBINTO PORONGO
Dentro de nuestro Plan es de fortalecer el emprendedurismo en las mujeres y jóvenes para que se puedan pr… Ver más"
MARGOTH CERVANTES ALVAREZ,https://www.facebook.com/profile.php?id=61577777165669,2025-07-22,2025-06-28,no,88,1,2025-07-21,post,https://www.facebook.com/share/p/1SVcwMuKpz/,2,0,7,4,3,0,0,0,0,0,"FELIZ ANIVERSARIO COMUNIDAD SOMBRERITO DE PORONGO
Felicitamos al pueblo noble y pujante de sombrerito, una comunidad de hombres fuertes y mujeres valientes de Porongo.… Ver más"
MARGOTH CERVANTES ALVAREZ,https://www.facebook.com/profile.php?id=61577777165669,2025-07-22,2025-06-28,no,88,1,2025-07-22,post,https://www.facebook.com/share/p/19Ss9hQFs8/,3,0,8,6,2,0,0,0,0,0,"MUCHAS GRACIAS BARRIO LA FUENTE POR EL CALIDO RECIBIMIENTO
Agradecemos a los vecinos del barrio La Fuente por la bienvenida, nos comprometemos a trabajar de puertas abi… Ver más"
MARGOTH CERVANTES ALVAREZ,https://www.facebook.com/profile.php?id=61577777165669,2025-07-30,2025-06-28,no,88,1,2025-07-22,post,https://www.facebook.com/share/p/1AJeXWFf7w/,5,0,12,10,2,0,0,0,0,0,"MUCHAS GRACIAS BARRIO LA FUENTE POR EL CALIDO RECIBIMIENTO
Agradecemos a los vecinos del barrio La Fuente por la bienvenida, nos comprometemos a trabajar de puertas abi… Ver más"
MARGOTH CERVANTES ALVAREZ,https://www.facebook.com/profile.php?id=61577777165669,2025-07-30,2025-06-28,no,88,1,2025-07-22,post,https://www.facebook.com/share/p/12M7GbLpiEq/,5,0,9,8,1,0,0,0,0,0,GRACIAS A LOS VECINOS DE MONTE ALTO POR LA INVITACION… Ver más
MARGOTH CERVANTES ALVAREZ,https://www.facebook.com/profile.php?id=61577777165669,2025-07-30,2025-06-28,no,88,1,2025-07-23,post,https://www.facebook.com/share/p/16zAMRYapY/,1,0,7,6,1,0,0,0,0,0,
MARGOTH CERVANTES ALVAREZ,https://www.facebook.com/profile.php?id=61577777165669,2025-07-30,2025-06-28,no,88,1,2025-07-23,post,https://www.facebook.com/share/v/1An6qQ881G/,5,0,6,4,2,0,0,0,0,0,"IMPULSAR LAS DANZAS CULTURALES DE TODO GÉNERO EN LA C56
Los … Ver más"
MARGOTH CERVANTES ALVAREZ,https://www.facebook.com/profile.php?id=61577777165669,2025-07-30,2025-06-28,no,88,1,2025-07-23,post,https://www.facebook.com/share/v/17AwXgxYQJ/,6,1,8,6,2,0,0,0,0,0,"GRACIAS SAN JOSÉ POR ESTAR EN UNIDAD 
La Alianza Unidad con Samuel Presidente y Margoth Diputada en la C56 esta pegando con fuerza en la población de La Guardia, El Tor… Ver más"
MARGOTH CERVANTES ALVAREZ,https://www.facebook.com/profile.php?id=61577777165669,2025-07-30,2025-06-28,no,88,1,2025-07-24,post,https://www.facebook.com/share/v/1Ejiyt8NV9/,5,0,4,3,1,0,0,0,0,0,LOS VECINOS DE LA GUARDIA QUIEREN UN CAMBIO… Ver más
MARGOTH CERVANTES ALVAREZ,https://www.facebook.com/profile.php?id=61577777165669,2025-07-30,2025-06-28,no,88,1,2025-07-24,post,https://www.facebook.com/share/p/1715nLFdJg/,4,0,7,7,0,0,0,0,0,0,"Les presentamos a nuestro candidato a Diputado suplente por la C56, el Dr. Denny ""Chichi"" Callejas, él es del Municipio de El Torno y como  Alianza Unidad integramos la… Ver más"
MARGOTH CERVANTES ALVAREZ,https://www.facebook.com/profile.php?id=61577777165669,2025-07-30,2025-06-28,no,88,1,2025-07-24,post,https://www.facebook.com/share/v/19nTeuTg8o/,7,4,10,9,1,0,0,0,0,0,MUCHAS GRACIAS BARRIO LA FUENTE POR EL CALIDO RECIBIMIENTO… Ver más
MARGOTH CERVANTES ALVAREZ,https://www.facebook.com/profile.php?id=61577777165669,2025-07-30,2025-06-28,no,88,1,2025-07-26,post,https://www.facebook.com/share/p/174Xxgcb96/,0,0,1,0,1,0,0,0,0,0,
MARGOTH CERVANTES ALVAREZ,https://www.facebook.com/profile.php?id=61577777165669,2025-07-30,2025-06-28,no,88,1,2025-07-26,post,https://www.facebook.com/share/p/1JzzP7t5RJ/,6,0,7,7,0,0,0,0,0,0,"GRACIAS A LOS VECINOS DEL BARRIO VIDA NUEVA DE LA GUARDIA
El compromiso es trabajar por nuestra gente para ser la voz ante el Gobierno Nacional y generar nuevas oportun… Ver más"
MARGOTH CERVANTES ALVAREZ,https://www.facebook.com/profile.php?id=61577777165669,2025-07-30,2025-06-28,no,88,1,2025-07-27,post,https://www.facebook.com/share/p/16GoG5wck3/,4,0,5,2,3,0,0,0,0,0,"IMPULSAREMOS LA PRODUCTIVIDAD ECONÓMICA DE BASILIO
Nuestro compromiso con los vecinos de Basilio es de impulsar la productividad gestionando las condiciones para nuestr… Ver más"
MARGOTH CERVANTES ALVAREZ,https://www.facebook.com/profile.php?id=61577777165669,2025-07-30,2025-06-28,no,88,1,2025-07-27,post,https://www.facebook.com/share/p/172XNceqQk/,0,0,3,3,0,0,0,0,0,0,
MARGOTH CERVANTES ALVAREZ,https://www.facebook.com/profile.php?id=61577777165669,2025-07-30,2025-06-28,no,88,1,2025-07-27,post,https://www.facebook.com/share/p/19kxd2UUPN/,4,0,5,5,0,0,0,0,0,0,"GRACIAS POR LA INVITACIÓN A LA URB. VILLAS EL CARMEN
Nuestro compromiso con la gente es de trabajar de puertas abiertas mano a mano con los vecinos de la C56, lo haremo… Ver más"
MARGOTH CERVANTES ALVAREZ,https://www.facebook.com/profile.php?id=61577777165669,2025-07-30,2025-06-28,no,88,1,2025-07-27,post,https://www.facebook.com/share/p/1BA6Q65G4t/,0,0,3,3,0,0,0,0,0,0,Seguimos avanzando con nuestras propuestas incentivando el emprendedurismo en las mujeres
MARGOTH CERVANTES ALVAREZ,https://www.facebook.com/profile.php?id=61577777165669,2025-07-30,2025-06-28,no,88,1,2025-07-27,post,https://www.facebook.com/share/p/1LNpbmFMmt/,5,0,8,5,3,0,0,0,0,0,"GRACIAS PEDRO LORENZO POR RECIBIRNOS CON LOS BRAZOS ABIERTOS 
Visitamos a nuestra gente de esta población pujante en la producción con propuestas concretas para la reac… Ver más"
MARGOTH CERVANTES ALVAREZ,https://www.facebook.com/profile.php?id=61577777165669,2025-07-30,2025-06-28,no,88,1,2025-07-27,post,https://www.facebook.com/share/v/1BCWYkopvZ/,4,0,4,4,0,0,0,0,0,0,"Compartimos un delicioso almuerzo con nuestros adultos mayores, muchas gracias por el cariño brindado y vamos a trabajar con nuestra gente con las puertas abiertas.… Ver más"
MARGOTH CERVANTES ALVAREZ,https://www.facebook.com/profile.php?id=61577777165669,2025-07-30,2025-06-28,no,88,1,2025-07-28,post,https://www.facebook.com/share/v/18QpTmgYku/,5,0,7,4,3,0,0,0,0,0,"APOYAMOS EL EMPRENDIMIENTO DE LAS MUJERES EN TEREBINTO PORONGO
Dentro de nuestro Plan es de fortalecer el emprendedurismo en las mujeres y jóvenes para que se puedan pr… Ver más"
MARGOTH CERVANTES ALVAREZ,https://www.facebook.com/profile.php?id=61577777165669,2025-07-30,2025-06-28,no,88,1,2025-07-28,post,https://www.facebook.com/share/v/16vNE4AggG/,5,0,7,7,0,0,0,0,0,0,"GRACIAS A LOS VECINOS DEL BARRIO VIDA NUEVA DE LA GUARDIA
El compromiso es trabajar por nuestra gente para ser la voz ante el Gobierno Nacional y generar nuevas oportun… Ver más"
MARGOTH CERVANTES ALVAREZ,https://www.facebook.com/profile.php?id=61577777165669,2025-07-30,2025-06-28,no,88,1,2025-07-28,post,https://www.facebook.com/share/v/1A7PZiYms2/,4,0,4,4,0,0,0,0,0,0,"RECORRIMOS PORONGO CON PROPUESTAS
Fuimos recibidos con una cálida bienvenida de la gente muy amable, trabajadora y comprometida con el cambio en 100 días.… Ver más"
MARGOTH CERVANTES ALVAREZ,https://www.facebook.com/profile.php?id=61577777165669,2025-08-06,2025-06-28,no,88,1,2025-07-29,post,https://www.facebook.com/share/v/14GmhS6RP4L/,5,0,42,32,4,5,0,0,1,0,"GRACIAS PEDRO LORENZO POR RECIBIRNOS CON LOS BRAZOS ABIERTOS 
Visitamos a nuestra gente de esta población pujante en la producción con propuestas concretas para la reac… Ver más"
MARGOTH CERVANTES ALVAREZ,https://www.facebook.com/profile.php?id=61577777165669,2025-07-30,2025-06-28,no,88,1,2025-07-29,post,https://www.facebook.com/share/p/1B8wq6PqMi/,0,0,0,0,0,0,0,0,0,0,
MARGOTH CERVANTES ALVAREZ,https://www.facebook.com/profile.php?id=61577777165669,2025-07-30,2025-06-28,no,88,1,2025-07-29,post,https://www.facebook.com/share/v/1HSBcFLHSY/,0,0,1,1,0,0,0,0,0,0,"GRACIAS PEDRO LORENZO POR RECIBIRNOS CON LOS BRAZOS ABIERTOS 
Visitamos a nuestra gente de esta población pujante en la producción con propuestas concretas para la reac… Ver más"
MARGOTH CERVANTES ALVAREZ,https://www.facebook.com/profile.php?id=61577777165669,2025-07-30,2025-06-28,no,88,1,2025-07-29,post,https://www.facebook.com/share/v/16rVVc3r5d/,5,0,1,1,0,0,0,0,0,0,"EL ACCESO A LA SALUD ES PRIMORDIAL PARA NUESTRA GENTE
Llegamos al Municipio de Colpa Bélgica con médicos especialistas para brindar una atención médica integral oportun… Ver más"
MARGOTH CERVANTES ALVAREZ,https://www.facebook.com/profile.php?id=61577777165669,2025-08-06,2025-06-28,no,88,1,2025-07-29,post,https://www.facebook.com/share/v/19LYjx29nY/,7,0,10,9,1,0,0,0,0,0,"EL ACCESO A LA SALUD ES PRIMORDIAL PARA NUESTRA GENTE
Llegamos al Municipio de Colpa Bélgica con médicos especialistas para brindar una atención médica integral oportun… Ver más"
MARGOTH CERVANTES ALVAREZ,https://www.facebook.com/profile.php?id=61577777165669,2025-08-06,2025-06-28,no,88,1,2025-07-29,post,https://www.facebook.com/share/p/16qMhWtCwd/,0,0,5,4,1,0,0,0,0,0,
MARGOTH CERVANTES ALVAREZ,https://www.facebook.com/profile.php?id=61577777165669,2025-08-06,2025-06-28,no,88,1,2025-07-30,post,https://www.facebook.com/share/v/14F5vmye6Pe/,11,1,14,11,3,0,0,0,0,0,"BRIGADAS MÉDICAS PARA NUESTRA GENTE DE EL TORNO
Diferentes especialidades se brindaron a las personas de El Torno para que tengan acceso a la salud. Nuestro compromiso … Ver más"
MARGOTH CERVANTES ALVAREZ,https://www.facebook.com/profile.php?id=61577777165669,2025-08-06,2025-06-28,no,88,1,2025-07-30,post,https://www.facebook.com/share/p/19Nx2tBiHx/,5,0,10,8,2,0,0,0,0,0,"GRACIAS POR EL RECIBIMIENTO AL BARRIO LOS ANGELES Y SAN FRANCISCO
Entregamos las bolsas solidarias de víveres a nuestros vecinos de los diferentes barrios de la C56. El… Ver más"
MARGOTH CERVANTES ALVAREZ,https://www.facebook.com/profile.php?id=61577777165669,2025-08-06,2025-06-28,no,88,1,2025-07-30,post,https://www.facebook.com/share/p/1FBQ9vZUjg/,4,0,7,6,1,0,0,0,0,0,Calincho se une al equipo ganador 
MARGOTH CERVANTES ALVAREZ,https://www.facebook.com/profile.php?id=61577777165669,2025-08-06,2025-06-28,no,88,1,2025-08-01,post,https://www.facebook.com/share/v/1BWbU2KnFz/,8,7,58,0,0,0,0,0,0,0,"INICIAMOS LA CAMPAÑA CON UNA CARAVANA DESDE LA GUARDIA HACIA EL TORNO
Con la participación de nuestra gente realizamos un recorrido para compartir con la población que … Ver más"
MARGOTH CERVANTES ALVAREZ,https://www.facebook.com/profile.php?id=61577777165669,2025-08-06,2025-06-28,no,88,1,2025-08-02,post,https://www.facebook.com/share/p/1DpVvPPJgN/,1,0,5,3,2,0,0,0,0,0,"LLEGAMOS HASTA PORONGO CON PROPUESTAS CONCRETAS
Nuestro compromiso es trabajar por el bienestar de la población mediante la recuperación económica en 100 días.… Ver más"
MARGOTH CERVANTES ALVAREZ,https://www.facebook.com/profile.php?id=61577777165669,2025-08-06,2025-06-28,no,88,1,2025-08-02,post,https://www.facebook.com/share/p/1FVKWk3hRT/,4,0,9,7,2,0,0,0,0,0,"Compartimos una noche deportiva con los jóvenes del barrio Nuevo Amanecer del D3 de La Guardia, con el objetivo de apoyar el deporte en nuestra juventud.… Ver más"
MARGOTH CERVANTES ALVAREZ,https://www.facebook.com/profile.php?id=61577777165669,2025-08-06,2025-06-28,no,88,1,2025-08-02,post,https://www.facebook.com/share/p/19akbshST7/,4,1,11,10,1,0,0,0,0,0,"EL SECTOR TRANSPORTE ES UNO DE LOS SECTORES MAS VULNERABLES DE LA SOCIEDAD
Nuestro compromiso es proyectar leyes en favor de este sector que corre peligro en su vida la… Ver más"
MARGOTH CERVANTES ALVAREZ,https://www.facebook.com/profile.php?id=61577777165669,2025-08-06,2025-06-28,no,88,1,2025-08-02,post,https://www.facebook.com/share/p/1CBotYDb5M/,5,0,6,4,2,0,0,0,0,0,"ESTUVIMOS PRESENTES CON EL APOYO A NUESTRO FUTURO PRESIDENTE SAMUEL DORIA MEDINA
El debate presidencial se llevó adelante en el Hotel Radison, donde estuvimos con nuest… Ver más"
MARGOTH CERVANTES ALVAREZ,https://www.facebook.com/profile.php?id=61577777165669,2025-08-06,2025-06-28,no,88,1,2025-08-02,post,https://www.facebook.com/share/p/1AwiteLsyo/,3,0,4,4,0,0,0,0,0,0,"LAS COMUNIDADES SÍ NOS IMPORTAN
Esta vez volvimos a cruzar el rio pirai hacia las comunidades de Jorochito del Municipio de El Torno, con el objetivo de escuchar las ne… Ver más"
MARGOTH CERVANTES ALVAREZ,https://www.facebook.com/profile.php?id=61577777165669,2025-08-06,2025-06-28,no,88,1,2025-08-03,post,https://www.facebook.com/share/p/1BsNyY2gqS/,4,0,5,3,2,0,0,0,0,0,"GARANTIZAMOS LA RENTA DIGNIDAD PARA EL ADULTO MAYOR
El compromiso es garantizar la renta dignidad para nuestros padres y madres e incrementar paulatinamente para vivir … Ver más"
MARGOTH CERVANTES ALVAREZ,https://www.facebook.com/profile.php?id=61577777165669,2025-08-06,2025-06-28,no,88,1,2025-08-04,post,https://www.facebook.com/share/p/1JQMXMjZWg/,6,0,5,4,1,0,0,0,0,0,"ESUCHAMOS LAS DEMANDAS DE NUESTROS ADULTOS MAYORES
La mejor manera de proponer, es escuchar a nuestra gente, escuchar las diferentes demandas que tienen para identifica… Ver más"
MARGOTH CERVANTES ALVAREZ,https://www.facebook.com/profile.php?id=61577777165669,2025-08-06,2025-06-28,no,88,1,2025-08-04,post,https://www.facebook.com/share/p/1CWtLyGiVW/,4,0,11,7,4,0,0,0,0,0,"EL COMPROMISO ES TRABAJAR DE PUERTAS ABIERTAS CON NUESTROS VECINOS
Con el objetivo de cambiar la economía mediante la proyección de leyes que beneficien a nuestra gente… Ver más"
MARGOTH CERVANTES ALVAREZ,https://www.facebook.com/profile.php?id=61577777165669,2025-08-06,2025-06-28,no,88,1,2025-08-04,post,https://www.facebook.com/share/p/19ocP3L9o3/,8,0,7,5,2,0,0,0,0,0,"LOS GREMIALES DE CUMBRE DE LAS AMÉRICAS QUIEREN UN CAMBIO
Gracias por la invitación a nuestros gremiales para hacerles conocer nuestras propuestas para este sector que … Ver más"
MARGOTH CERVANTES ALVAREZ,https://www.facebook.com/profile.php?id=61577777165669,2025-08-06,2025-06-28,no,88,1,2025-08-04,post,https://www.facebook.com/share/p/1GhCiLWt4i/,0,0,7,5,2,0,0,0,0,0,Cumplimos nuestro compromiso con el adulto mayor del barrio Simón Bolívar del km14 La Guardia.… Ver más
MARGOTH CERVANTES ALVAREZ,https://www.facebook.com/profile.php?id=61577777165669,2025-08-06,2025-06-28,no,88,1,2025-08-05,post,https://www.facebook.com/share/p/1A4doQDce9/,4,0,5,5,0,0,0,0,0,0,"GRACIAS POR LA INVITACION AL TRANSPORTE DE 2 Y 3 RUEDAS
Seguimos socializando nuestras propuestas con los diferentes sectores de La Guardia que quieren un cambio en la … Ver más"
MARGOTH CERVANTES ALVAREZ,https://www.facebook.com/profile.php?id=61577777165669,2025-08-06,2025-06-28,no,88,1,2025-08-05,post,https://www.facebook.com/share/p/1GhnMoQoUT/,0,0,3,3,0,0,0,0,0,0,"Visualizalo desde ahora...
Cuando estés frente a la urna. Con la papeleta en tus manos.… Ver más"
MARGOTH CERVANTES ALVAREZ,https://www.facebook.com/profile.php?id=61577777165669,2025-08-06,2025-06-28,no,88,1,2025-08-05,post,https://www.facebook.com/share/p/195uTUTadu/,1,0,4,4,0,0,0,0,0,0,Cuando tengas la papeleta en tus mano…Y busques con la vista la opción correcta…… Ver más
MARGOTH CERVANTES ALVAREZ,https://www.facebook.com/profile.php?id=61577777165669,2025-08-06,2025-06-28,no,88,1,2025-08-05,post,https://www.facebook.com/share/p/16u9URo6tZ/,4,0,2,1,1,0,0,0,0,0,"EQUIPO DE CAMPAÑA TRABAJANDOA  FULL
Son vecinos y vecinas luchando por un cambio en nuestro país para tener mejores días y cambiar la economía. Cada granito de arena cu… Ver más"
MARGOTH CERVANTES ALVAREZ,https://www.facebook.com/profile.php?id=61577777165669,2025-08-06,2025-06-28,no,88,1,2025-08-05,post,https://www.facebook.com/share/v/1CC2MciEMv/,1,0,4,3,1,0,0,0,0,0,"GRACIAS POR EL RECIBIMIENTO AL BARRIO LOS ANGELES Y SAN FRANCISCO
Entregamos las bolsas solidarias de víveres a nuestros vecinos de los diferentes barrios de la C56. El… Ver más"
MARGOTH CERVANTES ALVAREZ,https://www.facebook.com/profile.php?id=61577777165669,2025-08-06,2025-06-28,no,88,1,2025-08-05,post,https://www.facebook.com/share/p/15p9vQ9mkr/,5,1,4,4,0,0,0,0,0,0,"SEGUIMOS AVANZANDO CON LOS VECINOS DE LA URB. NUEVA ESPERANZA
Gracias por la invitación a nuestros vecinos para presentarles nuestras propuestas y el compromiso de trab… Ver más"
