nombre perfil,url perfil,snapshot_date,creación del perfil,candidato identificado,seguidores,seguidos,fecha post,tipo de post,url post,comparticiones,comentarios,reacciones en total,me gusta,me encanta,me divierte,me entristece,me sorprende,me enoja,me importa,contenido
Yessica Villarroel Caraballo,https://www.facebook.com/yessica.villaroelcaraballo,2025-06-11,,no,1827,0,2025-05-24,post,https://www.facebook.com/share/p/1A1kF47ABA/,0,0,7,0,0,0,0,0,0,0,
Yessica Villarroel Caraballo,https://www.facebook.com/yessica.villaroelcaraballo,2025-06-11,,no,1827,0,2025-05-24,post,https://www.facebook.com/yessica.villaroelcaraballo/posts/pfbid02H6ZP6AaFadNgrgkX7QNrSrbfyzeB8Sc9FLpFZ6LN46tjsi3w6RXFhxt93KX4pnXil,0,0,2,0,0,0,0,0,0,0,
Yessica Villarroel Caraballo,https://www.facebook.com/yessica.villaroelcaraballo,2025-06-11,,no,1827,0,2025-05-26,post,https://www.facebook.com/yessica.villaroelcaraballo/posts/pfbid02u9ViGSjG9Nf8LLMBMTtgaQeKCn4P5N2kdN1944pXVfbb463Z3eidZmW1oj6NV5AMl,1,0,4,0,0,0,0,0,0,0,
Yessica Villarroel Caraballo,https://www.facebook.com/yessica.villaroelcaraballo,2025-06-02,,no,1827,0,2025-05-26,post,https://www.facebook.com/share/p/1FLogFxKHF/,1,0,5,3,0,2,0,0,0,0,
Yessica Villarroel Caraballo,https://www.facebook.com/yessica.villaroelcaraballo,2025-06-11,,no,1827,0,2025-05-27,post,https://www.facebook.com/share/p/1Augri8mKo/,0,0,1,0,0,0,0,0,0,0,
Yessica Villarroel Caraballo,https://www.facebook.com/yessica.villaroelcaraballo,2025-06-02,,no,1827,0,2025-05-27,post,https://www.facebook.com/share/p/1EA1caHuPU/,0,0,1,1,0,0,0,0,0,0,
Yessica Villarroel Caraballo,https://www.facebook.com/yessica.villaroelcaraballo,2025-06-02,,no,1827,0,2025-05-30,post,https://www.facebook.com/share/p/1Cm4a9n3xP/,0,0,2,2,0,0,0,0,0,0,
Yessica Villarroel Caraballo,https://www.facebook.com/yessica.villaroelcaraballo,2025-06-11,,no,1827,0,2025-05-30,post,https://www.facebook.com/share/p/1B7Ke2cAK6/,0,0,2,0,0,0,0,0,0,0,
Yessica Villarroel Caraballo,https://www.facebook.com/yessica.villaroelcaraballo,2025-06-11,,no,1827,0,2025-06-02,post,https://www.facebook.com/share/p/1CCJyH8EJX/,1,0,0,0,0,0,0,0,0,0,
Yessica Villarroel Caraballo,https://www.facebook.com/yessica.villaroelcaraballo,2025-06-02,,no,1827,0,2025-06-02,post,https://www.facebook.com/share/p/1AQ52sqUfN/,1,0,0,0,0,0,0,0,0,0,
Yessica Villarroel Caraballo,https://www.facebook.com/yessica.villaroelcaraballo,2025-06-11,,no,1827,0,2025-06-03,post,https://www.facebook.com/share/18F2QMhL3p/,0,0,24,0,0,0,0,0,0,0,
