nombre perfil,url perfil,snapshot_date,creación del perfil,candidato identificado,seguidores,seguidos,fecha post,tipo de post,url post,comparticiones,comentarios,reacciones en total,me gusta,me encanta,me divierte,me entristece,me sorprende,me enoja,me importa,contenido
Por la vida de las mujeres,https://www.facebook.com/Porlavidadelasmujeres.Bolivia,2025-05-23,2013-12-19,no,16000,0,2025-05-18,post,not-found-post-url-18113,0,0,,0,0,0,0,0,0,0,"Si no es con ternura, es lo mismo de siempre"
Por la vida de las mujeres,https://www.facebook.com/Porlavidadelasmujeres.Bolivia,2025-05-22,2013-12-19,no,16000,0,2025-05-18,post,not-found-post-url--256195,0,0,,0,0,0,0,0,0,0,"Si no es con ternura, es lo mismo de siempre"
Por la vida de las mujeres,https://www.facebook.com/Porlavidadelasmujeres.Bolivia,2025-06-02,2013-12-19,no,16000,0,2025-05-26,post,https://www.facebook.com/share/p/1Jat2juRYM/,0,0,,0,0,0,0,0,0,0,https://www.facebook.com/100069134842039/posts/1029385569375928/?mibextid=rS40aB7S9Ucbxw6v
Por la vida de las mujeres,https://www.facebook.com/Porlavidadelasmujeres.Bolivia,2025-06-02,2013-12-19,no,16000,0,2025-05-27,post,https://www.facebook.com/share/p/12Gqyx816KF/,3,1,,0,0,0,0,0,0,0,Cuando la soledad también es una opción de libertad
Por la vida de las mujeres,https://www.facebook.com/Porlavidadelasmujeres.Bolivia,2025-06-02,2013-12-19,no,16000,0,2025-05-27,post,https://www.facebook.com/share/p/1HMjkajd8Z/,0,0,,0,0,0,0,0,0,0,"Día de la madre boliviana, en medio de la crisis económica, el machismo de las elecciones nacionales de agosto y del trabajo doméstico que nunca acaba"
Por la vida de las mujeres,https://www.facebook.com/Porlavidadelasmujeres.Bolivia,2025-06-02,2013-12-19,no,16000,0,2025-05-28,post,https://www.facebook.com/share/p/1WWo7pTBdt/,0,0,,0,0,0,0,0,0,0,"También se vale 
h… Ver más"
Por la vida de las mujeres,https://www.facebook.com/Porlavidadelasmujeres.Bolivia,2025-06-02,2013-12-19,no,16000,0,2025-05-29,post,https://www.facebook.com/share/p/19LEgo5ij7/,9,0,,0,0,0,0,0,0,0,h… Ver más
Por la vida de las mujeres,https://www.facebook.com/Porlavidadelasmujeres.Bolivia,2025-06-02,2013-12-19,no,16000,0,2025-05-31,post,https://www.facebook.com/share/p/18xt9gc9hm/,0,0,,0,0,0,0,0,0,0,"Sus guerras patriarcales, imperialistas, gen0cid4s y encubiertas por su fe: no hay peor odio que el ""amor"" de un sionista por Sión… Ver más"
Por la vida de las mujeres,https://www.facebook.com/Porlavidadelasmujeres.Bolivia,2025-06-02,2013-12-19,no,16000,0,2025-06-01,post,https://www.facebook.com/share/p/1EeHxiJLVb/,0,0,,0,0,0,0,0,0,0,Nuestros sueños no caben en sus urnas!!!… Ver más
Por la vida de las mujeres,https://www.facebook.com/Porlavidadelasmujeres.Bolivia,2025-06-10,2013-12-19,no,16000,0,2025-06-03,post,https://www.facebook.com/share/p/14FMCkPHuTz/,1,0,9,0,0,0,0,0,0,0,Y en los 40 te pones mejorrr que piorrr 
Por la vida de las mujeres,https://www.facebook.com/Porlavidadelasmujeres.Bolivia,2025-06-10,2013-12-19,no,16000,0,2025-06-03,post,https://www.facebook.com/share/p/16ne6GCt9A/,0,0,3,0,0,0,0,0,0,0,"No estamos seguras en nuestras casas, con nuestro padres, tíos, primos.
No estamos seguras en la universidad, con nuestros maestros, compañeros de clase.… Ver más"
Por la vida de las mujeres,https://www.facebook.com/Porlavidadelasmujeres.Bolivia,2025-06-10,2013-12-19,no,16000,0,2025-06-03,post,https://www.facebook.com/share/p/1C8FGngFEh/,1,0,4,0,0,0,0,0,0,0,"Lo que piden // Lo que ofrecen 
… Ver más"
Por la vida de las mujeres,https://www.facebook.com/Porlavidadelasmujeres.Bolivia,2025-06-10,2013-12-19,no,16000,0,2025-06-04,post,https://www.facebook.com/share/p/19BoUeQF9T/,4,0,42,0,0,0,0,0,0,0,"De los autores de: ""no pinten las paredes donde me orino"", ahora llega el: ""no pinten el paso de cebra que nunca respeto"".… Ver más"
Por la vida de las mujeres,https://www.facebook.com/Porlavidadelasmujeres.Bolivia,2025-06-10,2013-12-19,no,16000,0,2025-06-08,post,https://www.facebook.com/share/p/1FBm2MSrwd/,1,0,3,0,0,0,0,0,0,0,"La voz de una mujer latina frente al f4c1sm0, la generación que nació gritando en las calles de su barrio: ""el pueblo unido, jamás será vencido""; ahora lo grita en las … Ver más"
Por la vida de las mujeres,https://www.facebook.com/Porlavidadelasmujeres.Bolivia,2025-06-10,2013-12-19,no,16000,0,2025-06-09,post,https://www.facebook.com/share/p/1FL2UCoJzb/,0,0,3,0,0,0,0,0,0,0,"Son mu3rt3s políticas, no ""pasionales"": mujeres que transgredieron el orden y la ley del patriarcado. 
Son 35 reconocidas por el E$tado pero triplican si contamos las n… Ver más"
Por la vida de las mujeres,https://www.facebook.com/Porlavidadelasmujeres.Bolivia,2025-06-10,2013-12-19,no,16000,0,2025-06-09,post,https://www.facebook.com/share/p/18F7R5DQx4/,0,0,19,0,0,0,0,0,0,0,
