nombre perfil,url perfil,snapshot_date,creación del perfil,candidato identificado,seguidores,seguidos,fecha post,url post,comparticiones,comentarios,reacciones en total,me gusta,me encanta,me divierte,me entristece,me sorprende,me enoja,me importa,contenido
Juventudes Liberales Bolivia ,https://www.facebook.com/juventudliberalbolivia,2025-06-03,2021-02-20,no,2400,144,2025-06-01,https://www.facebook.com/share/p/1WMHzX1xbL/,1,0,4,4,0,0,0,0,0,0,
Juventudes Liberales Bolivia ,https://www.facebook.com/juventudliberalbolivia,2025-06-03,2021-02-20,no,2400,144,2025-06-01,https://www.facebook.com/share/p/16jTXXXa1u/,1,7,9,8,0,0,1,0,0,0,Donde está Jaime Dunn Bolivia??
Juventudes Liberales Bolivia ,https://www.facebook.com/juventudliberalbolivia,2025-06-03,2021-02-20,no,2400,144,2025-06-01,https://www.facebook.com/share/p/198xhDZx31/,5,4,48,37,5,5,0,1,0,0,"Indignante como se dedican ACTIVAMENTE a INVISIVILIZAR A Jaime Dunn Bolivia 
pero somos ese 27% o + q está aburrido de q nos manejen como sus ovejas, ese voto disconfor… Ver más"
Juventudes Liberales Bolivia ,https://www.facebook.com/juventudliberalbolivia,2025-06-03,2021-02-20,no,2400,144,2025-06-02,https://www.facebook.com/share/p/1DTqWsi5do/,0,0,6,5,0,1,0,0,0,0,"Recuperen el Chapare!
El tilin, además de incendiar millones de hectáreas, ha perdido territorio nacional en manos de su padre, el pdflo."
Juventudes Liberales Bolivia ,https://www.facebook.com/juventudliberalbolivia,2025-06-03,2021-02-20,no,2400,144,2025-06-02,https://www.facebook.com/share/p/16K89JwAgh/,0,0,1,1,0,0,0,0,0,0,
Juventudes Liberales Bolivia ,https://www.facebook.com/juventudliberalbolivia,2025-06-03,2021-02-20,no,2400,144,2025-06-03,https://www.facebook.com/share/p/198Wxtqwoz/,0,0,0,0,0,0,0,0,0,0,Y nosotros gracias al MAS pronto volveremos a los caballos y lamparas de aceite (sin aceite)
Juventudes Liberales Bolivia ,https://www.facebook.com/juventudliberalbolivia,2025-06-03,2021-02-20,no,2400,144,2025-06-03,https://www.facebook.com/share/p/1BcZC7GUDh/,0,0,0,0,0,0,0,0,0,0,Dunn realmente es de otro corte
