nombre perfil,url perfil,snapshot_date,creación del perfil,candidato identificado,seguidores,seguidos,fecha post,url post,comparticiones,comentarios,reacciones en total,me gusta,me encanta,me divierte,me entristece,me sorprende,me enoja,me importa,contenido
Nadia Montaño,https://www.facebook.com/nadiamontanortiz,2025-06-02,2019-06-03,no,13000,1900,2025-05-29,https://www.facebook.com/share/p/16Nfq3snHy/,0,0,0,0,0,0,0,0,0,0,
Nadia Montaño,https://www.facebook.com/nadiamontanortiz,2025-06-02,2019-06-03,no,13000,1900,2025-05-29,https://www.facebook.com/share/p/1HvNJZY4Ra/,0,0,5,3,2,0,0,0,0,0,Felicidades Javier Siles Balladares
Nadia Montaño,https://www.facebook.com/nadiamontanortiz,2025-06-02,2019-06-03,no,13000,1900,2025-05-29,https://www.facebook.com/nadiamontanortiz/posts/pfbid08PEs6pe1NV2mNztwHyBADTK6Ez5CXLPssaxVX15rn81ZzG7UGTDi31DZBkhuycuJl,1,0,6,4,2,0,0,0,0,0,
Nadia Montaño,https://www.facebook.com/nadiamontanortiz,2025-06-02,2019-06-03,no,13000,1900,2025-05-30,https://www.facebook.com/share/p/16M5WXecT3/,0,0,0,0,0,0,0,0,0,0,
Nadia Montaño,https://www.facebook.com/nadiamontanortiz,2025-06-02,2019-06-03,no,13000,1900,2025-05-30,https://www.facebook.com/share/p/1CaTR94ijC/,1,8,60,41,17,0,0,0,0,2,En instantes en Prensa ATB 
Nadia Montaño,https://www.facebook.com/nadiamontanortiz,2025-06-02,2019-06-03,no,13000,1900,2025-05-30,https://www.facebook.com/share/p/1Epdk1DYqe/,0,0,1,1,0,0,0,0,0,0,
Nadia Montaño,https://www.facebook.com/nadiamontanortiz,2025-06-02,2019-06-03,no,13000,1900,2025-05-31,https://www.facebook.com/share/p/1YaeqcVZmP/,2,3,17,12,0,4,0,1,0,0,"Peter Erlwein Beckhauser vos SOS un sinvergüenza apareciste junto en las elecciones nacionales a querer buscar un cargo de diputado...
N… Ver más"
Nadia Montaño,https://www.facebook.com/nadiamontanortiz,2025-06-02,2019-06-03,no,13000,1900,2025-05-31,https://www.facebook.com/share/v/16HVZg9nrR/,3,4,88,84,5,0,0,0,0,0,"Me encanta encontrarme con estos personajes de la farándula 
Pablo Marquina "
Nadia Montaño,https://www.facebook.com/nadiamontanortiz,2025-06-02,2019-06-03,no,13000,1900,2025-06-01,https://www.facebook.com/share/p/1B8fxYQxg5/,4,1,9,8,1,0,0,0,0,0,"El día de mañana lunes 2 de junio nos unimos Escritores, Artesanos, Artistas 
a partir de las 11:30am hasta 10pm los esperamos en la Feria Cultura Viva … Ver más"
Nadia Montaño,https://www.facebook.com/nadiamontanortiz,2025-06-02,2019-06-03,no,13000,1900,2025-06-01,https://www.facebook.com/share/p/1CCJpe5xwm/,1,1,5,4,1,0,0,0,0,0,"""
 ¡Arrancamos el lunes 2 de Junio con la Gran Feria Cultura Viva en  Las Brisas!            
German Mos… Ver más"
Nadia Montaño,https://www.facebook.com/nadiamontanortiz,2025-06-02,2019-06-03,no,13000,1900,2025-06-01,https://www.facebook.com/share/p/19MpmA7YZ2/,0,1,38,32,6,0,0,0,0,0,"Estamos en Samaipata los Valles Cruceños con la Feria de su Aniversario del Bicentenario 407 años de Historia y Cultura 
 
 
 "
Nadia Montaño,https://www.facebook.com/nadiamontanortiz,2025-06-02,2019-06-03,no,13000,1900,2025-06-01,https://www.facebook.com/share/1EUbhic2DQ/,0,0,2,1,1,0,0,0,0,0,
