nombre perfil,url perfil,candidato identificado,creación del perfil,seguidores,seguidos,fecha post,tipo de post,url post,comparticiones,comentarios,reacciones en total,me gusta,me encanta,me divierte,me entristece,me sorprende,me enoja,me importa,contenido
TIRZA SUAREZ HINOJOSA,https://www.facebook.com/people/Nacional-Seguros-Agente-V%C3%ADctor-Hugo-Garc%C3%ADa/61563091755163/,no,,32000,38,2025-07-21,post,https://www.facebook.com/share/v/1NbTPgmSuj/,0,0,0,0,0,0,0,0,0,0,
TIRZA SUAREZ HINOJOSA,https://www.facebook.com/people/Nacional-Seguros-Agente-V%C3%ADctor-Hugo-Garc%C3%ADa/61563091755163/,no,,32000,38,2025-07-21,post,https://www.facebook.com/permalink.php?story_fbid=pfbid0LHNU7MRXYiNx8qPxCNKsvutEP5YHresEGGAw5qSpBKMeSwM6FdrHFFmNunRPq6wcl&id=61563091755163,0,0,0,0,0,0,0,0,0,0,
TIRZA SUAREZ HINOJOSA,https://www.facebook.com/people/Nacional-Seguros-Agente-V%C3%ADctor-Hugo-Garc%C3%ADa/61563091755163/,no,,32000,38,2025-07-21,post,https://www.facebook.com/share/p/1A6UJ6tSwF/,0,0,0,0,0,0,0,0,0,0,
TIRZA SUAREZ HINOJOSA,https://www.facebook.com/people/Nacional-Seguros-Agente-V%C3%ADctor-Hugo-Garc%C3%ADa/61563091755163/,no,,32000,38,2025-07-21,post,https://www.facebook.com/share/p/1Fmuys33YE/,5,0,3,3,0,0,0,0,0,0,
TIRZA SUAREZ HINOJOSA,https://www.facebook.com/people/Nacional-Seguros-Agente-V%C3%ADctor-Hugo-Garc%C3%ADa/61563091755163/,no,,32000,38,2025-07-24,post,https://www.facebook.com/share/p/19ipqYzZx6/,1,0,2,2,0,0,0,0,0,0,
TIRZA SUAREZ HINOJOSA,https://www.facebook.com/people/Nacional-Seguros-Agente-V%C3%ADctor-Hugo-Garc%C3%ADa/61563091755163/,no,,32000,38,2025-07-24,post,https://www.facebook.com/share/p/16jzmbEPXA/,2,0,1,1,0,0,0,0,0,0,
TIRZA SUAREZ HINOJOSA,https://www.facebook.com/people/Nacional-Seguros-Agente-V%C3%ADctor-Hugo-Garc%C3%ADa/61563091755163/,no,,32000,38,2025-07-24,post,https://www.facebook.com/share/v/1GDc4z9xRp/,2,0,2,2,0,0,0,0,0,0,GRAN CARAVANA C-49
TIRZA SUAREZ HINOJOSA,https://www.facebook.com/people/Nacional-Seguros-Agente-V%C3%ADctor-Hugo-Garc%C3%ADa/61563091755163/,no,,32000,38,2025-07-29,post,https://www.facebook.com/permalink.php?story_fbid=pfbid03735M994hbw6d2Wis5iT4jNDpC8VNppzt3Sh2nTDFUE8aDkjXLckaGM7bZfjiUjk9l&id=61563091755163,0,0,0,0,0,0,0,0,0,0,
TIRZA SUAREZ HINOJOSA,https://www.facebook.com/people/Nacional-Seguros-Agente-V%C3%ADctor-Hugo-Garc%C3%ADa/61563091755163/,no,,32000,38,2025-07-29,post,https://www.facebook.com/permalink.php?story_fbid=pfbid0FkPit6P8CCdCFBKD9MLdeguvrtw8Bfekkddcq1ZX71My6uQxaes9vz6uSEyxdvz6l&id=61563091755163,0,0,0,0,0,0,0,0,0,0,
