nombre perfil,url perfil,candidato identificado,creación del perfil,seguidores,seguidos,fecha post,tipo de post,url post,comparticiones,comentarios,reacciones en total,me gusta,me encanta,me divierte,me entristece,me sorprende,me enoja,me importa,contenido
Melania Torrico,https://www.facebook.com/melania.pericon,no,2008-06-17,20000,2800,2025-07-30,post,https://www.facebook.com/share/p/15ZroRPVkv/,0,0,1,1,0,0,0,0,0,0,"Para #Tarija 
Ayúdanos a ayudar!… Ver más"
Melania Torrico,https://www.facebook.com/melania.pericon,no,2008-06-17,20000,2800,2025-08-02,post,https://www.facebook.com/share/v/14KKoFvsLyA/,1,38,83,14,0,68,0,0,1,0,Vamos Andrónico Rodríguez !
Melania Torrico,https://www.facebook.com/melania.pericon,no,2008-06-17,20000,2800,2025-08-03,post,https://www.facebook.com/share/p/1B2yjKQnoD/,0,1,20,0,0,20,0,0,0,0,"Ojo!
2025-2035"
Melania Torrico,https://www.facebook.com/melania.pericon,no,2008-06-17,20000,2800,2025-08-03,post,https://www.facebook.com/share/p/16rWFfLFfk/,0,5,32,17,1,14,0,0,0,0,"HAY DE TODO POR AQUÍ: 
Este es mi perfil y puedo publicar lo que quiera.
Es mi pensamiento y así como ustedes tienen el suyo es respetable. 
Cada quien piensa diferente y si alguien se ofende por mis publicaciones les invito a irse de aquí.
Yo no necesito seguidores, ni amigos, ni familia ni nada para ir tras mis objetivos.… Ver más"
Melania Torrico,https://www.facebook.com/melania.pericon,no,2008-06-17,20000,2800,2025-08-03,post,https://www.facebook.com/share/v/1E6LWJBGKR/,0,0,7,3,0,4,0,0,0,0,
Melania Torrico,https://www.facebook.com/melania.pericon,no,2008-06-17,20000,2800,2025-08-04,post,https://www.facebook.com/share/v/1BYHrJLfGm/,0,0,2,2,0,0,0,0,0,0,Sobre nuestros atractivos turísticos .
Melania Torrico,https://www.facebook.com/melania.pericon,no,2008-06-17,20000,2800,2025-08-04,post,https://www.facebook.com/share/p/1DsyNu7sVS/,3,12,16,11,0,5,0,0,0,0,"Yo les digo a los jóvenes:
Muchos se acercan a contarme sus historias de penas y de asistencias familiares cuando dudan de su paternidad.
LES DIGO A TODOS: “LO PRIMERO DE LO PRIMERO ES UNA PRUEBA DE ADN”
* Todos los varones tienen que hacer la prueba porque estoy viendo muchísimos casos en que algunas mujeres se los están encajando sin ser ellos los padres. Eso tiene cárcel también !"
Melania Torrico,https://www.facebook.com/melania.pericon,no,2008-06-17,20000,2800,2025-08-05,post,https://www.facebook.com/share/v/1At2VBbfxR/,0,1,15,3,0,12,0,0,0,0,
Melania Torrico,https://www.facebook.com/melania.pericon,no,2008-06-17,20000,2800,2025-08-05,post,https://www.facebook.com/share/v/18WWrjPHN7/,0,1,12,12,0,0,0,0,0,0,
Melania Torrico,https://www.facebook.com/melania.pericon,no,2008-06-17,20000,2800,2025-08-05,post,https://www.facebook.com/share/v/1BzDAmFtuP/,0,0,0,0,0,0,0,0,0,0,Quién soy yo para opinar sobre la sexualidad de alguien?
Melania Torrico,https://www.facebook.com/melania.pericon,no,2008-06-17,20000,2800,2025-08-06,post,https://www.facebook.com/share/v/16qWnNugWa/,0,0,2,1,1,0,0,0,0,0,"Viva  #Bolivia !
#Tarija #BermejoTarija #Oruro #Tupiza"
