nombre perfil,url perfil,creación del perfil,seguidores,seguidos,fecha post,url post,comparticiones,reacciones en total,me gusta,me encanta,me divierte,me entristece,me sorprende,me enoja,me importa,contenido
CAROLINA ALIZON CHINO NICOLAS,https://www.facebook.com/carolinaalizon.chinonicolas/,2011-06-10,6600,0,2025-05-29,2025-05-29,0,15,11,3,0,0,0,0,1,
CAROLINA ALIZON CHINO NICOLAS,https://www.facebook.com/carolinaalizon.chinonicolas/,2011-06-10,6600,0,2025-05-31,https://www.facebook.com/share/p/19txELYm5F/,1,2,0,0,2,0,0,0,0,"Sera casualidad? que cada que su ex tiene fiesta pierde su celular, busca pelear o se pierde noche antes, ah no no es coincidencia"
CAROLINA ALIZON CHINO NICOLAS,https://www.facebook.com/carolinaalizon.chinonicolas/,2011-06-10,6600,0,2025-05-31,https://www.facebook.com/share/p/1BzuVGqTjC/,1,0,0,0,0,0,0,0,0,Desconectada!
CAROLINA ALIZON CHINO NICOLAS,https://www.facebook.com/carolinaalizon.chinonicolas/,2011-06-10,6600,0,2025-05-31,2025-05-31,0,2,2,0,0,0,0,0,0,
CAROLINA ALIZON CHINO NICOLAS,https://www.facebook.com/carolinaalizon.chinonicolas/,2011-06-10,6600,0,2025-05-31,https://www.facebook.com/share/p/16jvhbWnfH/,0,1,1,0,0,0,0,0,0,
CAROLINA ALIZON CHINO NICOLAS,https://www.facebook.com/carolinaalizon.chinonicolas/,2011-06-10,6600,0,2025-06-01,https://www.facebook.com/share/p/1GJbFQ16Wc/,1,2,1,0,1,0,0,0,0,"Tengo hambreeeee justo hoy día tenia que cocinar, pero como 1ro esta la pelea pues entro en dieta "
CAROLINA ALIZON CHINO NICOLAS,https://www.facebook.com/carolinaalizon.chinonicolas/,2011-06-10,6600,0,2025-06-01,https://www.facebook.com/share/p/18u6xHjJGR/,0,2,1,1,0,0,0,0,0,
CAROLINA ALIZON CHINO NICOLAS,https://www.facebook.com/carolinaalizon.chinonicolas/,2011-06-10,6600,0,2025-06-01,https://www.facebook.com/share/p/16TNEyMJBk/,0,1,1,0,0,0,0,0,0,Gracias Dios
CAROLINA ALIZON CHINO NICOLAS,https://www.facebook.com/carolinaalizon.chinonicolas/,2011-06-10,6600,0,2025-06-01,https://www.facebook.com/share/p/15PLcy39Ac/,0,0,0,0,0,0,0,0,0,Eres tu? 
CAROLINA ALIZON CHINO NICOLAS,https://www.facebook.com/carolinaalizon.chinonicolas/,2011-06-10,6600,0,2025-06-01,https://www.facebook.com/share/p/1AvbCCA8ud/,0,0,0,0,0,0,0,0,0,
CAROLINA ALIZON CHINO NICOLAS,https://www.facebook.com/carolinaalizon.chinonicolas/,2011-06-10,6600,0,2025-06-01,https://www.facebook.com/share/p/1BjkuhzBtS/,0,1,1,0,0,0,0,0,0,Por eso mejor ya ni comparto nada es más ya ni le respondo jajaja
CAROLINA ALIZON CHINO NICOLAS,https://www.facebook.com/carolinaalizon.chinonicolas/,2011-06-10,6600,0,2025-06-03,https://www.facebook.com/share/p/191hmRKd2B/,0,0,0,0,0,0,0,0,0,
