nombre perfil,url perfil,snapshot_date,creación del perfil,candidato identificado,seguidores,seguidos,fecha post,tipo de post,url post,comparticiones,comentarios,reacciones en total,me gusta,me encanta,me divierte,me entristece,me sorprende,me enoja,me importa,contenido
LUCERO CELESTE JUSTINIANO OROPEZA,https://www.facebook.com/lucero.justiniano.1,2025-07-23,2014-07-28,no,6400,1100,2025-07-18,post,https://www.facebook.com/share/p/1ZR7pperoi/,5,3,24,16,7,0,0,0,0,1," Gracias Barrio Fortaleza!
S… Ver más"
LUCERO CELESTE JUSTINIANO OROPEZA,https://www.facebook.com/lucero.justiniano.1,2025-07-23,2014-07-28,no,6400,1100,2025-07-18,post,https://www.facebook.com/share/p/16gCFq73xt/,2,5,23,16,6,0,0,0,0,1,Quiero agradecer de primera mano al Comité Pro Santa Cruz y a los organizadores de este evento tan maravilloso y sobre todo inspirador para los jóvenes que son parte … Ver más
LUCERO CELESTE JUSTINIANO OROPEZA,https://www.facebook.com/lucero.justiniano.1,2025-07-23,2014-07-28,no,6400,1100,2025-07-19,post,https://www.facebook.com/share/p/1JbG4mKL4Y/,3,1,14,10,4,0,0,0,0,0,"Muchas gracias querido Barrio El Fuerte.
G… Ver más"
LUCERO CELESTE JUSTINIANO OROPEZA,https://www.facebook.com/lucero.justiniano.1,2025-07-23,2014-07-28,no,6400,1100,2025-07-21,post,https://www.facebook.com/share/p/16BjtUSJNF/,10,1,31,22,9,0,0,0,0,0," Una semana llena de actividades, recorriendo toda mi Circunscripción 49.
A… Ver más"
LUCERO CELESTE JUSTINIANO OROPEZA,https://www.facebook.com/lucero.justiniano.1,2025-07-30,2014-07-28,no,6400,1100,2025-07-24,post,https://www.facebook.com/share/p/176KmotxXm/,9,9,31,22,9,0,0,0,0,0," Olla Común Barrio El Fuerte Sector Cañaveral DM12
M… Ver más"
LUCERO CELESTE JUSTINIANO OROPEZA,https://www.facebook.com/lucero.justiniano.1,2025-07-30,2014-07-28,no,6400,1100,2025-07-29,post,https://www.facebook.com/share/p/15yFHnXsFQ/,2,0,7,4,3,0,0,0,0,0," Gracias TVU por la Invitación.
Q… Ver más"
LUCERO CELESTE JUSTINIANO OROPEZA,https://www.facebook.com/lucero.justiniano.1,2025-07-30,2014-07-28,no,6400,1100,2025-07-29,post,https://www.facebook.com/share/p/1DCXxFYR5e/,2,4,4,2,2,0,0,0,0,0,"Seguimos Caminando
S… Ver más"
