nombre perfil,url perfil,candidato identificado,creación del perfil,seguidores,seguidos,fecha post,tipo de post,url post,comparticiones,comentarios,reacciones en total,me gusta,me encanta,me divierte,me entristece,me sorprende,me enoja,me importa,contenido
Nadia Beller,https://www.facebook.com/nadia.beller.5,no,2009-03-01,22000,0,2025-06-30,post,https://www.facebook.com/share/p/19Mi9wa3J3/,2,3,29,17,0,3,1,6,2,0,"El gobernador de Chuquisaca sigue delicado de salud. Arcistas y Evistas, aprovechando esta situación, se aliaron para darle un golpe a la democracia y poner un sustituto de su línea política"
Nadia Beller,https://www.facebook.com/nadia.beller.5,no,2009-03-01,22000,0,2025-06-30,post,https://www.facebook.com/share/p/14tMPeb9Ej/,1800,12,1700,1300,353,23,4,8,1,13,¿Te das cuenta que la nueva miss Bolivia es más preparada que el 98% de los candidatos a parlamentarios del país?… Ver más
Nadia Beller,https://www.facebook.com/nadia.beller.5,no,2009-03-01,22000,0,2025-06-30,post,https://www.facebook.com/share/p/1M5W4zpvBU/,2,6,42,22,0,4,1,3,12,0,"Pari sería el nuevo candidato de Evo Morales a acomodar en alguna dupla presidencial, las negociaciones más adelantadas estarían con Morena (partido de Eva Copa)"
Nadia Beller,https://www.facebook.com/nadia.beller.5,no,2009-03-01,22000,0,2025-07-01,post,https://www.facebook.com/share/p/19NpPG9JbD/,23,2,161,92,59,0,1,0,0,9,"Más casitas para michitos abandonados 
… Ver más"
Nadia Beller,https://www.facebook.com/nadia.beller.5,no,2009-03-01,22000,0,2025-07-02,post,https://www.facebook.com/share/p/18kixJsHse/,5,16,148,59,2,84,1,1,0,1,"Ya, fuera de broma, todavía tiene la posibilidad de plantear un amparo. Con seguridad lo hará. Pero si ni eso lo habilita, lo mínimo sería que se mantenga en su proyect… Ver más"
Nadia Beller,https://www.facebook.com/nadia.beller.5,no,2009-03-01,22000,0,2025-07-02,post,https://www.facebook.com/share/p/14xaPXAogY/,7,11,120,103,16,0,0,1,0,0,"Tengo un descubrimiento calladito desde hace algunos días, pero es tanta mi satisfacción que hoy decidí compartirlo.… Ver más"
Nadia Beller,https://www.facebook.com/nadia.beller.5,no,2009-03-01,22000,0,2025-07-03,post,https://www.facebook.com/share/p/1FEwbH19DV/,19,12,27,21,0,1,5,0,0,0,"Ayudemos a Perlita a volver a su casa.
Necesita juntar 500 Bs, todo aporte suma.… Ver más"
Nadia Beller,https://www.facebook.com/nadia.beller.5,no,2009-03-01,22000,0,2025-07-03,post,https://www.facebook.com/share/p/1CUex17vQk/,12,2,80,0,0,0,0,0,0,0,"¿Qué dicen? ¿Que vayamos a darle amor a Cukish antes de que cierren por la crisis económica? 
 okey.
Una empresa más que tiene que cerrar una sucursal y reducir perso… Ver más"
Nadia Beller,https://www.facebook.com/nadia.beller.5,no,2009-03-01,22000,0,2025-07-05,post,https://www.facebook.com/share/p/1GftyiExNT/,24,3,204,53,1,149,0,0,1,0,Bolivia: El país que todo hace meme
Nadia Beller,https://www.facebook.com/nadia.beller.5,no,2009-03-01,22000,0,2025-07-07,post,https://www.facebook.com/share/p/1AYw3m92v8/,2,8,413,267,133,1,0,1,0,11,"No importa qué tan malo haya sido tu día, no hay nada que no lo arregle un gato… y un postre. Mejor aún si es un postre enviado desde el otro lado del continente y disf… Ver más"
Nadia Beller,https://www.facebook.com/nadia.beller.5,no,2009-03-01,22000,0,2025-07-07,post,https://www.facebook.com/share/p/1ExGTPpzXu/,5,5,75,22,1,45,1,2,1,3,Cuiden su cora por favor…
Nadia Beller,https://www.facebook.com/nadia.beller.5,no,2009-03-01,22000,0,2025-07-07,post,https://www.facebook.com/share/p/1CMEt34Shj/,65,8,533,48,0,482,0,2,0,1,Tuto le respondió: “No miremos el pasado”
Nadia Beller,https://www.facebook.com/nadia.beller.5,no,2009-03-01,22000,0,2025-07-07,post,https://www.facebook.com/share/p/16Qax6FJYx/,2,3,107,57,1,48,0,1,0,0,Jhonny en el debate. Sin duda el perdedor de la noche
