nombre perfil,url perfil,candidato identificado,creación del perfil,seguidores,seguidos,fecha post,tipo de post,url post,comparticiones,comentarios,reacciones en total,me gusta,me encanta,me divierte,me entristece,me sorprende,me enoja,me importa,contenido
SILVANA MUCARZEL DEMETRY,https://www.facebook.com/silvanamucarzelconcejal/,sí,,8800,93,2025-06-16,post,https://www.facebook.com/share/p/16h6eVBXWo/,9,7,46,42,3,1,0,0,0,0,"¡Vamos a transformar Bolivia! 
 
Para… Ver más"
SILVANA MUCARZEL DEMETRY,https://www.facebook.com/silvanamucarzelconcejal/,sí,,8800,93,2025-06-17,post,https://www.facebook.com/share/p/19H7VvXPoB/,8,5,61,49,12,0,0,0,0,0,"¡FISCALIZAR ES PRIORIDAD! 
D… Ver más"
SILVANA MUCARZEL DEMETRY,https://www.facebook.com/silvanamucarzelconcejal/,sí,,8800,93,2025-06-17,post,https://www.facebook.com/share/p/16xd1aTcb5/,9,21,125,100,21,2,0,0,1,1,"¡Sumate para transformar Bolivia! 
 
So… Ver más"
SILVANA MUCARZEL DEMETRY,https://www.facebook.com/silvanamucarzelconcejal/,sí,,8800,93,2025-06-19,post,https://www.facebook.com/silvanamucarzelconcejal/posts/pfbid02V3PsztVCRsLWe2bdsYbhBS1Ut88RDRN6dkiFBKwCaTZ3j2WzbgXRgNFDrgR9NS9Hl,1,1,10,9,1,0,0,0,0,0,"#necesitamosbiotecnologia
#diésel_dolares… Ver más"
SILVANA MUCARZEL DEMETRY,https://www.facebook.com/silvanamucarzelconcejal/,sí,,8800,93,2025-06-19,post,https://www.facebook.com/silvanamucarzelconcejal/posts/pfbid0xwLuidnTf9GVpAUtEriuTwSVYNUkzWCVpzZr3MG6EZQLKQ6YEzGB7UujMUux5zWtl,5,1,23,0,0,1,0,0,0,0,"#esconpantalones
#manfredpresidente"
SILVANA MUCARZEL DEMETRY,https://www.facebook.com/silvanamucarzelconcejal/,sí,,8800,93,2025-06-20,post,https://www.facebook.com/silvanamucarzelconcejal/posts/pfbid02vuBG48G9jGcHNBgWWvi4BnS4YP36hg87TNpK54egCWDSvpUHmaMErzVYJ1D4FNhGl,11,19,115,0,0,0,0,0,0,0,¡Súmate al equipo!… Ver más
SILVANA MUCARZEL DEMETRY,https://www.facebook.com/silvanamucarzelconcejal/,sí,,8800,93,2025-06-20,post,https://www.facebook.com/share/p/16RAkmUZDk/,1,0,18,0,4,1,0,0,0,0,
SILVANA MUCARZEL DEMETRY,https://www.facebook.com/silvanamucarzelconcejal/,sí,,8800,93,2025-06-22,post,https://www.facebook.com/share/p/1C9wBKq85K/,16,19,76,51,18,5,0,0,1,1,"¡Santa Cruz avanza hacia la transformación! 
… Ver más"
SILVANA MUCARZEL DEMETRY,https://www.facebook.com/silvanamucarzelconcejal/,sí,,8800,93,2025-06-23,post,https://www.facebook.com/silvanamucarzelconcejal/posts/pfbid099GEZ5i11d17dMaP2C1KVJVUVaKTe4dmVvyinqut1xE4vYGxqhWEv8tocFvTCzEWl,1,1,6,4,2,0,0,0,0,0,Ratificamos nuestra posición! 
