nombre perfil,url perfil,snapshot_date,creación del perfil,candidato identificado,seguidores,seguidos,fecha post,url post,comparticiones,comentarios,reacciones en total,me gusta,me encanta,me divierte,me entristece,me sorprende,me enoja,me importa,contenido
Natalia Aparicio,https://www.facebook.com/la.aparicioooo,2025-06-02,2009-06-04,no,6600,0,2025-05-27,https://www.facebook.com/share/p/1BmJgWn3oG/,5,1,17,17,0,0,0,0,0,0,Los #pueblosindígenas están nuevamente ante un escenario incierto frente a los #incendiosforestales. … Ver más
Natalia Aparicio,https://www.facebook.com/la.aparicioooo,2025-06-02,2009-06-04,no,6600,0,2025-05-30,https://www.facebook.com/share/v/16RN4L9G6h/,0,3,17,15,1,1,0,0,0,0,"#BOLIVIA Improvisado, sexy, con ganas de aprender en el cargo sobre lo qué es la política y el Estado. Reveladora entrevista a J. P. Velasco y magistral trabajo de Natalia Aparicio"
Natalia Aparicio,https://www.facebook.com/la.aparicioooo,2025-06-02,2009-06-04,no,6600,0,2025-05-30,https://www.facebook.com/share/v/18yqz19r8U/,2,9,42,32,2,8,0,0,0,0,VICE SEXI DE TUTO DICE QUE TIENE TATUADOS A SUS PERROS A LA Natalia Aparicio !
Natalia Aparicio,https://www.facebook.com/la.aparicioooo,2025-06-02,2009-06-04,no,6600,0,2025-05-31,https://www.facebook.com/share/p/19SzTN68Wp/,80,54,294,216,20,46,0,5,5,2,"Ayer la viralización electoral fue la entrevista en POV de UNITEL, con la gran Natalia Aparicio, al candidato a vicepresidente de Tuto, Juan Pablo Velasco... 
Es una fa… Ver más"
Natalia Aparicio,https://www.facebook.com/la.aparicioooo,2025-06-02,2009-06-04,no,6600,0,2025-06-01,https://www.facebook.com/share/p/1F4nqbHWnQ/,1,3,17,12,3,0,0,0,0,2,
Natalia Aparicio,https://www.facebook.com/la.aparicioooo,2025-06-02,2009-06-04,no,6600,0,2025-06-02,https://www.facebook.com/share/p/15a17cVWmd/,1,4,20,11,5,1,0,2,0,1,Gracias Sayu por contarnos!
