name,snapshot_date,posts publicados,seguidores,siguiendo,comentarios,posts compartidos,me gusta,me encanta,me divierte,me entristece,me enoja,me sorprende,me importa,reacciones en total,url
Rosario Callejas,2025-05-23,9,75600,747,145,426,1882,88,79,7,9,4,13,2508,https://www.facebook.com/RosarioCallejasConcejalGremial
Silvana Mucarzel,2025-05-23,9,72900,783,163,86,56,9,1,1,1,2,5,161,https://www.facebook.com/silvanamucarzelconcejal
Paola Aguirre ,2025-05-23,6,336000,114,869,267,332,17,0,0,0,0,3,619,https://www.facebook.com/paolaaguirremelgar
Mueres Creando,2025-05-23,6,378000,402,19,31,215,8,1,2,1,1,3,262,https://www.facebook.com/MUJERESCREANDO1
Roxana Pérez,2025-05-23,5,95000,0,41,6,71,11,5,0,0,0,8,101,https://www.facebook.com/RoxanaPerezDelCastillo
María Patricia Arce,2025-05-23,5,160000,85,34,12,105,3,8,31,4,2,0,165,https://www.facebook.com/PatriciaArceSitioOficial
Laura Luisa Nayar,2025-05-23,5,185000,545,87,89,0,0,0,0,0,0,0,89,https://www.facebook.com/luisanayars
Wikimedistas de Bolivia,2025-05-23,3,12900,0,0,0,0,0,0,0,0,0,0,0,https://www.facebook.com/wikimedistasdebolivia
El Confesionario UCB ,2025-05-23,3,87000,228,1,3,6,0,2,1,0,21,0,33,https://www.facebook.com/profile.php?id=100063830662612
Mamás Sororas de Bolivia ,2025-05-23,2,26000,0,40,32,0,0,0,0,0,0,0,32,https://www.facebook.com/MamasSororasBolivia
Feminismo Comunitario Antipatriarcal,2025-05-23,2,68000,0,4,27,70,0,0,1,0,1,0,99,https://www.facebook.com/feminismo.comunitario.Antipatriarcal
Ciberwarmis - Mujeres ayudando a mujeres,2025-05-23,2,22000,0,0,0,0,0,0,0,0,0,0,0,https://www.facebook.com/Ciberwarmis.bo
Maria Rene Alvarez ,2025-05-23,2,44000,540,7,66,48,0,2,2,37,9,0,164,https://www.facebook.com/MReneAlvarezScz
Revuelta Malcriada,2025-05-23,1,6900,0,0,0,11,0,2,0,1,0,0,14,https://www.facebook.com/ninasmalcriadasbolivia
La Pesada Subversiva ,2025-05-23,1,5200,6,0,0,0,0,0,0,0,0,0,0,https://www.facebook.com/LaPesadaSubversiva
Angirü Bolivia ,2025-05-23,1,4900,0,0,0,0,0,0,0,0,0,1,1,https://www.facebook.com/ColectivoAngiru
Pan y Rosas Bolivia,2025-05-23,1,10000,279,1,6,0,0,0,0,0,0,0,6,https://www.facebook.com/panyrosasdebolivia
Por la vida de las mujeres,2025-05-23,1,16000,0,0,0,0,0,0,0,0,0,0,0,https://www.facebook.com/Porlavidadelasmujeres.Bolivia
Red LB Bol ,2025-05-23,1,3900,0,1,0,0,0,0,0,0,0,0,0,https://www.facebook.com/red.lbbol
