nombre perfil,url perfil,candidato identificado,creación del perfil,seguidores,seguidos,fecha post,tipo de post,url post,comparticiones,comentarios,reacciones en total,me gusta,me encanta,me divierte,me entristece,me sorprende,me enoja,me importa,contenido
Por la vida de las mujeres,https://www.facebook.com/Porlavidadelasmujeres.Bolivia,no,2013-12-19,16000,0,2025-06-22,post,https://www.facebook.com/share/p/16ThHxyFaQ/,6,0,15,13,2,0,0,0,0,0,Las cobardes guerras del patriarcado!
Por la vida de las mujeres,https://www.facebook.com/Porlavidadelasmujeres.Bolivia,no,2013-12-19,16000,0,2025-06-23,post,https://www.facebook.com/share/p/19JCV9eg85/,18,0,57,31,20,0,0,0,0,6,"AB0RTAM0S sus peleas por poder, sus peleas sobre lxs cuerpxs de las mujeres, de las niñas, sus peleas incendiarias por despojarnos de nuestra humanidad.… Ver más"
Por la vida de las mujeres,https://www.facebook.com/Porlavidadelasmujeres.Bolivia,no,2013-12-19,16000,0,2025-06-23,post,https://www.facebook.com/share/p/1AeJN4aec1/,0,0,1,1,0,0,0,0,0,0,"Un sistema diseñado para robar, concentrar el poder y el dinero, mientras la mayoría de la población entra en márgenes de pobreza.
#LaCrisisLaPaguenLosPolíticos"
Por la vida de las mujeres,https://www.facebook.com/Porlavidadelasmujeres.Bolivia,no,2013-12-19,16000,0,2025-06-23,post,https://www.facebook.com/share/p/1FBKNos6Qm/,3,0,27,4,0,0,19,0,4,0,"NO SOMOS BOTÍN DE GUERRA!
NO SOMOS ESCOMBROS!… Ver más"
