nombre perfil,url perfil,snapshot_date,creación del perfil,candidato identificado,seguidores,seguidos,fecha post,tipo de post,url post,comparticiones,comentarios,reacciones en total,me gusta,me encanta,me divierte,me entristece,me sorprende,me enoja,me importa,contenido
FLAVIA BARBERY RAMOS,https://www.facebook.com/flavia.barberyramos,2025-07-22,,no,0,0,2025-07-14,post,https://www.facebook.com/flaviabarberybo/posts/pfbid02LF59FXH6DqBw8j2fHMN4d9P2DzpAxm8H2EZNhMcv7CXDZzSRFMibKQGfGpE7vVvsl,2,1,13,0,2,0,0,0,0,0,
FLAVIA BARBERY RAMOS,https://www.facebook.com/flavia.barberyramos,2025-07-22,,no,0,0,2025-07-14,post,https://www.facebook.com/share/p/16nFT52TPm/,54,1,32,21,10,1,0,0,0,0,"Un cafecito y el manjar warneño en la Casa del Pan de Arroz, junto a doña Elida y mi equipo de comunicación.
Así empezamos el día: planificando, conversando y conectand… Ver más"
FLAVIA BARBERY RAMOS,https://www.facebook.com/flavia.barberyramos,2025-07-22,,no,0,0,2025-07-14,post,https://www.facebook.com/share/p/16wxyAKig2/,40,5,23,17,6,0,0,0,0,0,"¡El deporte une, fortalece y transforma!
Este martes 15 de julio los espero en la cancha municipal de Loma Alta para vivir juntos la Copa Libre, un espacio donde niños,… Ver más"
FLAVIA BARBERY RAMOS,https://www.facebook.com/flavia.barberyramos,2025-07-22,,no,0,0,2025-07-14,post,https://www.facebook.com/share/p/1DZvKQM8LU/,56,2,35,24,10,1,0,0,0,0,"Hoy compartimos un café con periodistas del municipio de Warnes.
Más que una reunión, fue un espacio para hablar con sinceridad sobre los desafíos que enfrentamos: el d… Ver más"
FLAVIA BARBERY RAMOS,https://www.facebook.com/flavia.barberyramos,2025-07-22,,no,0,0,2025-07-15,post,https://www.facebook.com/share/v/1YTQ83myqA/,75,4,25,19,6,0,0,0,0,0,Viví uno de esos momentos que te marcan para siempre.… Ver más
FLAVIA BARBERY RAMOS,https://www.facebook.com/flavia.barberyramos,2025-07-22,,no,0,0,2025-07-15,post,https://www.facebook.com/share/p/19RVJ8Engr/,31,9,33,24,7,1,0,0,0,1,"Este miércoles compartiremos una olla común en Integración del Norte.
Porque ayudar, escuchar y unirnos también es hacer política con el corazón.… Ver más"
FLAVIA BARBERY RAMOS,https://www.facebook.com/flavia.barberyramos,2025-07-22,,no,0,0,2025-07-16,post,https://www.facebook.com/share/p/1At6LfEfrr/,29,1,16,15,1,0,0,0,0,0,"Hoy a las 18:00 hrs los espero en la comunidad Turobito para compartir una olla común. Vamos a escucharnos, apoyarnos y seguir construyendo juntos una mejor Bolivia. ¡N… Ver más"
FLAVIA BARBERY RAMOS,https://www.facebook.com/flavia.barberyramos,2025-07-22,,no,0,0,2025-07-16,post,https://www.facebook.com/flaviabarberybo/posts/pfbid022ZUoLGZZuV5usrfRKA22FVpK4KUXDNNABHLaXHJD4KiLYrxJY2jcUG1mCBBe5VJJl,23,3,33,23,10,0,0,0,0,0,"Ayer vivimos la gran final de la Copa Libre en Loma Alta, y fue un verdadero espectáculo deportivo. ¡Qué orgullo ver tanto talento, entrega y pasión por el fútbol!… Ver más"
FLAVIA BARBERY RAMOS,https://www.facebook.com/flavia.barberyramos,2025-07-22,,no,0,0,2025-07-16,post,https://www.facebook.com/share/v/1FdLrpMTaE/,52,3,42,34,8,0,0,0,0,0,"Minero nos recibió con fuerza, fe y ganas de construir una nueva historia. Gracias por tanto cariño. ¡Esta casa es de ustedes!… Ver más"
FLAVIA BARBERY RAMOS,https://www.facebook.com/flavia.barberyramos,2025-07-22,,no,0,0,2025-07-17,post,https://www.facebook.com/share/p/17BQxE7MX8/,35,4,31,24,7,0,0,0,0,0,"Hoy jueves 17 de julio a las 19:00 hrs estaremos compartiendo una olla común en la zona del hospital Nuestra Señora del Rosario, en la casa de la Sra. Patricia Parada.… Ver más"
FLAVIA BARBERY RAMOS,https://www.facebook.com/flavia.barberyramos,2025-07-22,,no,0,0,2025-07-17,post,https://www.facebook.com/share/p/1AiciT9u8w/,3,0,11,9,2,0,0,0,0,0,
FLAVIA BARBERY RAMOS,https://www.facebook.com/flavia.barberyramos,2025-07-22,,no,0,0,2025-07-17,post,https://www.facebook.com/share/p/1AyYaxbrHX/,18,1,37,26,11,0,0,0,0,0,"Esta noche compartimos una hermosa olla común en la casa de la señora Patricia Parada, en la zona del hospital Nuestra Señora del Rosario.… Ver más"
FLAVIA BARBERY RAMOS,https://www.facebook.com/flavia.barberyramos,2025-07-22,,no,0,0,2025-07-18,post,https://www.facebook.com/share/p/18nJM4Maw3/,50,5,61,47,13,0,0,0,0,1,"Hoy participé del primer Foro Ciudadano con los candidatos a diputados por la C52, un espacio valioso para compartir nuestras propuestas y escuchar las inquietudes de l… Ver más"
FLAVIA BARBERY RAMOS,https://www.facebook.com/flavia.barberyramos,2025-07-22,,no,0,0,2025-07-18,post,https://www.facebook.com/share/p/15evddB8Kk/,38,3,31,26,4,1,0,0,0,0,"¡Este sábado nos ponemos en marcha con la Caravana de la Libertad! 
J… Ver más"
FLAVIA BARBERY RAMOS,https://www.facebook.com/flavia.barberyramos,2025-07-22,,no,0,0,2025-07-18,post,https://www.facebook.com/share/p/1VxHwgkcBi/,0,0,9,8,1,0,0,0,0,0,
FLAVIA BARBERY RAMOS,https://www.facebook.com/flavia.barberyramos,2025-07-22,,no,0,0,2025-07-19,post,https://www.facebook.com/share/p/1Bu9gZiLBJ/,0,0,10,9,1,0,0,0,0,0,
FLAVIA BARBERY RAMOS,https://www.facebook.com/flavia.barberyramos,2025-07-22,,no,0,0,2025-07-19,post,https://www.facebook.com/share/p/16et4y9V1k/,4,10,58,41,17,0,0,0,0,0,Preparados para la caravana 
FLAVIA BARBERY RAMOS,https://www.facebook.com/flavia.barberyramos,2025-07-22,,no,0,0,2025-07-19,post,https://www.facebook.com/share/p/1CTyZLjuH8/,30,5,75,51,23,0,0,0,0,1,"Lo que vivimos hoy en Warnes fue simplemente emocionante.
Desde que empezó la caravana, sentimos el cariño genuino de la gente en cada esquina, en cada aplauso, en cada… Ver más"
FLAVIA BARBERY RAMOS,https://www.facebook.com/flavia.barberyramos,2025-07-22,,no,0,0,2025-07-19,post,https://www.facebook.com/flaviabarberybo/posts/pfbid02Sm3m8xR5Jyk7SgGGdqyfXCtyJHzTTAqyx4T6nCWMFZ2ZYHAKHnhQmz1hvP3U5cBWl,34,3,76,39,37,0,0,0,0,0,"¡Gracias, Warnes querida!… Ver más"
FLAVIA BARBERY RAMOS,https://www.facebook.com/flavia.barberyramos,2025-07-22,,no,0,0,2025-07-19,post,https://www.facebook.com/flaviabarberybo/posts/pfbid0kPuqPboVgxrtcCp8aeYgpuK2FCwyFKY9aa6ges4DenHU3q4GpZ5Dx3H7FcncTQDbl,3,0,34,23,11,0,0,0,0,0,
FLAVIA BARBERY RAMOS,https://www.facebook.com/flavia.barberyramos,2025-07-22,,no,0,0,2025-07-19,post,https://www.facebook.com/share/p/1AxjuEsKNo/,2,2,30,19,9,0,0,0,0,2,La libertad la construimos entre todos. Pronto seremos libres! 
FLAVIA BARBERY RAMOS,https://www.facebook.com/flavia.barberyramos,2025-07-22,,no,0,0,2025-07-19,post,https://www.facebook.com/flaviabarberybo/posts/pfbid02e73EY2hCjgLrmAuKm2XSVk74MEwpQ6vLKKccRZCWcguJMUXbacFkZaw4NjQPq87Bl,2,0,13,12,1,0,0,0,0,0,
FLAVIA BARBERY RAMOS,https://www.facebook.com/flavia.barberyramos,2025-07-22,,no,0,0,2025-07-20,post,https://www.facebook.com/share/p/16gybonCQ8/,31,3,34,25,9,0,0,0,0,0,"Tuvimos una jornada increíble en Azusaqui, con una brigada médica gratuita, entrega de medicamentos y una olla común que unió a la comunidad.… Ver más"
FLAVIA BARBERY RAMOS,https://www.facebook.com/flavia.barberyramos,2025-07-22,,no,0,0,2025-07-20,post,2025-07-20,19,12,69,54,15,0,0,0,0,0,Barrio Cumavi 2
FLAVIA BARBERY RAMOS,https://www.facebook.com/flavia.barberyramos,2025-07-22,,no,0,0,2025-07-20,post,https://www.facebook.com/share/p/1Atf6q8tgM/,0,1,13,12,1,0,0,0,0,0,"Con mucho cariño llegamos este domingo a Azusaqui con una brigada médica gratuita para toda la comunidad. ¡Porque la salud no espera y el compromiso es con vos! 
 … Ver más"
FLAVIA BARBERY RAMOS,https://www.facebook.com/flavia.barberyramos,2025-07-22,,no,0,0,2025-07-21,post,https://www.facebook.com/flaviabarberybo/posts/pfbid0PUFzr7nxswpCEcsdCFqevYYMQfbg3XCQp1TKmcNfDWdTJYfsxa7yDGb5fUVReTsDl,0,0,13,10,3,0,0,0,0,0,
FLAVIA BARBERY RAMOS,https://www.facebook.com/flavia.barberyramos,2025-07-22,,no,0,0,2025-07-21,post,https://www.facebook.com/share/p/1Ax3UYaP8h/,20,6,18,12,6,0,0,0,0,0,Es #HOY!!
FLAVIA BARBERY RAMOS,https://www.facebook.com/flavia.barberyramos,2025-07-22,,no,0,0,2025-07-22,post,https://www.facebook.com/share/p/1BXabcWW2i/,12,1,23,18,5,0,0,0,0,0,"Anoche compartimos una hermosa y solidaria olla común en la urbanización Pentaguazú 2, en el Barrio 4 de Junio. Gracias de corazón a todas las familias que se sumaron y… Ver más"
