nombre perfil,url perfil,creación del perfil,seguidores,seguidos,fecha post,url post,comparticiones,reacciones en total,me gusta,me encanta,me divierte,me entristece,me sorprende,me enoja,me importa,contenido
Maria Rene Alvarez ,https://www.facebook.com/MReneAlvarezScz,2019-08-04,22000,270,2025-05-26,https://www.facebook.com/share/p/1AcA7HX8Xn/,52,,0,0,0,0,0,0,0,"Se ha marcado un importante hito y jurisprudencia para la defensa de los territorios indígenas, con la sentencia 0935/2024-S3 del TCP que devuelve sus derechos al puebl… Ver más"
Maria Rene Alvarez ,https://www.facebook.com/MReneAlvarezScz,2019-08-04,22000,270,2025-05-26,https://www.facebook.com/share/v/1FJgqwe3eo/,148,,34,0,0,1,3,12,1,Tremenda confesión de los interculturales: fueron ellos los que pidieron un decreto supremo al Gobierno para beneficio de sus ilegales asentamientos dentro de las reser… Ver más
Maria Rene Alvarez ,https://www.facebook.com/MReneAlvarezScz,2019-08-04,22000,270,2025-06-01,https://www.facebook.com/MReneAlvarezScz/posts/pfbid02cRAApvEVWNMBrzaRzDCx5G3wErCLXKbV1VmaNnMBaWRKxJDYxuMFfRfFvGb2mv1xl,6,,0,0,0,0,0,0,0,"El análisis de la coyuntura electoral en Bolivia también debe pasar por una renovación de criterios. Por eso, hoy hay que destacar a Fernando Hurtado en el set de la red Unitel, pues salió del análisis que quiere dividir al país entre masistas y no masistas.
Como mencionó, el votante debe buscar a aquel político que le dé soluciones sin caer en etiquetas, como la raza, que tanto daño nos ha hecho como país. Un paciente enfermo busca … Ver más"
