nombre perfil,url perfil,snapshot_date,creación del perfil,candidato identificado,seguidores,seguidos,fecha post,tipo de post,url post,comparticiones,comentarios,reacciones en total,me gusta,me encanta,me divierte,me entristece,me sorprende,me enoja,me importa,contenido
Carola Antezana,https://www.facebook.com/carola.a.pantoja,2025-06-11,,no,586,0,2025-04-09,post,https://www.facebook.com/share/p/1CMpu7G5hG/,0,2,2,0,0,0,0,0,0,0,"Hola Amigos..
Ayudaaaaaa
Alguien conoce un profesor que sea de química pero en alemán por favor urgente les pido referencias"
Carola Antezana,https://www.facebook.com/carola.a.pantoja,2025-06-11,,no,586,0,2025-04-12,post,https://www.facebook.com/share/p/14EpqetxmVW/,0,3,25,0,0,0,0,0,0,0,"Feliz día del niño a mis dos ángeles que me dieron vida.
Aunque ya no son niños siempre ante los ojos de una madre serán siempre siempre sus niños favoritos.
Los Amo!!! Su mamá"
Carola Antezana,https://www.facebook.com/carola.a.pantoja,2025-06-11,,no,586,0,2025-04-16,post,https://www.facebook.com/share/p/19oZjgMJ8j/,6,0,26,0,0,0,0,0,0,0,Vamos Xavier Iturralde
Carola Antezana,https://www.facebook.com/carola.a.pantoja,2025-06-11,,no,586,0,2025-04-25,post,https://www.facebook.com/share/p/19Cup8KVdL/,2,0,13,0,0,0,0,0,0,0,Bolivia se va a la mierda perdón la expresión
Carola Antezana,https://www.facebook.com/carola.a.pantoja,2025-06-11,,no,586,0,2025-04-25,post,https://www.facebook.com/share/p/1BwaK6xcwd/,4,1,17,0,0,0,0,0,0,0,Grande Xavier Iturralde
Carola Antezana,https://www.facebook.com/carola.a.pantoja,2025-06-11,,no,586,0,2025-04-26,post,https://www.facebook.com/share/p/1YYonxn2Ck/,0,0,0,0,0,0,0,0,0,0,Estamos jodidos
Carola Antezana,https://www.facebook.com/carola.a.pantoja,2025-06-11,,no,586,0,2025-05-01,post,https://www.facebook.com/share/v/199VuXuSUc/,0,1,21,0,0,0,0,0,0,0,"¡Felices 75 años a la Banda de Guerra del Colegio Alemán! Un honor celebrar este aniversario formando parte de esta historia, con el orgullo de ver a mi hija en la banda de este maravilloso colegio."
Carola Antezana,https://www.facebook.com/carola.a.pantoja,2025-06-11,,no,586,0,2025-05-03,post,2025-05-03,0,1,3,0,0,0,0,0,0,0,"Caro Macedo mira lo que me salió
Te mando un abrazo"
Carola Antezana,https://www.facebook.com/carola.a.pantoja,2025-06-11,,no,586,0,2025-05-19,post,2025-05-19,0,0,0,0,0,0,0,0,0,0,
Carola Antezana,https://www.facebook.com/carola.a.pantoja,2025-06-11,,no,586,0,2025-05-20,post,https://www.facebook.com/share/p/16SdqMXGXQ/,2,1,3,0,0,0,0,0,0,0,Eso es una buena opción para regalar a mamá
Carola Antezana,https://www.facebook.com/carola.a.pantoja,2025-06-11,,no,586,0,2025-05-21,post,https://www.facebook.com/share/p/1Ut46fs74p/,0,0,5,0,0,0,0,0,0,0,Vamos a lograr poner el estate quieta estoy segura Rita María Martínez
Carola Antezana,https://www.facebook.com/carola.a.pantoja,2025-06-11,,no,586,0,2025-05-22,post,https://www.facebook.com/share/p/16JLUNz1qN/,0,0,2,0,0,0,0,0,0,0,Plenamente de acuerdo
Carola Antezana,https://www.facebook.com/carola.a.pantoja,2025-06-11,,no,586,0,2025-05-24,post,https://www.facebook.com/share/p/1BVAmBAQvf/,0,22,90,0,0,0,0,0,0,0,"Mi princesa hermosa en Sucre, lista para alzar la artillería y empezar a tocar por su colegio para El bicentenario de Bolivia.
Vamos Alemán."
Carola Antezana,https://www.facebook.com/carola.a.pantoja,2025-06-02,,no,586,0,2025-05-27,post,https://www.facebook.com/share/p/1JZdKsGs9e/,0,3,,22,14,0,0,0,0,3,Feliz día Ma. La mujer más buena y la mejor mamá del mundo.
Carola Antezana,https://www.facebook.com/carola.a.pantoja,2025-06-11,,no,586,0,2025-05-27,post,https://www.facebook.com/share/p/16dyVxytJR/,0,3,39,0,0,0,0,0,0,0,Feliz día Ma. La mujer más buena y la mejor mamá del mundo.
Carola Antezana,https://www.facebook.com/carola.a.pantoja,2025-06-11,,no,586,0,2025-05-30,post,https://www.facebook.com/share/p/1JZEFUCF82/,0,0,3,0,0,0,0,0,0,0,"Aun me acuerdo Ale Pozzo te amo hasta el infinito y más allá.
Y tb se lo dedico a mi mamita bella Ximena Pantoja"
Carola Antezana,https://www.facebook.com/carola.a.pantoja,2025-06-02,,no,586,0,2025-05-30,post,https://www.facebook.com/share/p/16hjACf5VF/,0,0,,0,0,0,0,0,0,0,"Aun me acuerdo Ale Pozzo te amo hasta el infinito y más allá.
Y tb se lo dedico a mi mamita bella Ximena Pantoja"
Carola Antezana,https://www.facebook.com/carola.a.pantoja,2025-06-02,,no,586,0,2025-05-31,post,2025-05-31,0,2,,0,0,0,0,0,0,0,Un año ya de estar ahí con mi Frederick y mi flia
Carola Antezana,https://www.facebook.com/carola.a.pantoja,2025-06-11,,no,586,0,2025-05-31,post,2025-05-31,0,2,11,0,0,0,0,0,0,0,Un año ya de estar ahí con mi Frederick y mi flia
Carola Antezana,https://www.facebook.com/carola.a.pantoja,2025-06-02,,no,586,0,2025-06-01,post,https://www.facebook.com/share/p/16j6AQzywR/,0,6,,0,0,0,0,0,0,0,Las encuestas más truchas
Carola Antezana,https://www.facebook.com/carola.a.pantoja,2025-06-11,,no,586,0,2025-06-01,post,https://www.facebook.com/share/p/1Dpb7P3ctd/,0,6,7,0,0,0,0,0,0,0,Las encuestas más truchas
Carola Antezana,https://www.facebook.com/carola.a.pantoja,2025-06-11,,no,586,0,2025-06-01,post,https://www.facebook.com/share/p/1AcNCXAqLP/,0,1,8,0,0,0,0,0,0,0,Jajaja
Carola Antezana,https://www.facebook.com/carola.a.pantoja,2025-06-02,,no,586,0,2025-06-01,post,https://www.facebook.com/share/p/12F2wi9p8n5/,0,1,,0,0,0,0,0,0,0,Jajaja
Carola Antezana,https://www.facebook.com/carola.a.pantoja,2025-06-10,,no,586,0,2025-06-06,post,https://www.facebook.com/share/p/12LW3uBbN8u/,1,0,8,0,0,0,0,0,0,0,No te quedes sin tu promo
Carola Antezana,https://www.facebook.com/carola.a.pantoja,2025-06-10,,no,586,0,2025-06-08,post,https://www.facebook.com/share/p/18VDzHaBKk/,0,0,17,0,0,0,0,0,0,0,Literal
Carola Antezana,https://www.facebook.com/carola.a.pantoja,2025-06-10,,no,586,0,2025-06-08,post,https://www.facebook.com/share/p/1AveqTL2Tc/,1,0,38,0,0,0,0,0,0,0,Me faltaban tres autos para cargar gasolina en Los Pinos y no cerraron la gasolinera gobierno hdp zurdos hdp
Carola Antezana,https://www.facebook.com/carola.a.pantoja,2025-06-11,,no,586,0,2025-06-08,post,https://www.facebook.com/share/p/158PCFV26B9/,1,0,37,0,0,0,0,0,0,0,Me faltaban tres autos para cargar gasolina en Los Pinos y no cerraron la gasolinera gobierno hdp zurdos hdp
Carola Antezana,https://www.facebook.com/carola.a.pantoja,2025-06-11,,no,586,0,2025-06-10,post,https://www.facebook.com/share/p/197skDAzu5/,0,0,4,0,0,0,0,0,0,0,Quieres un buen catering Cinco Market
