nombre perfil,url perfil,snapshot_date,creación del perfil,candidato identificado,seguidores,seguidos,fecha post,tipo de post,url post,comparticiones,comentarios,reacciones en total,me gusta,me encanta,me divierte,me entristece,me sorprende,me enoja,me importa,contenido
MARINA ISABEL CACHAMBI ALVAREZ,https://www.facebook.com/profile.php?id=100063933884078,2025-06-05,2021-01-08,sí,636,15,2025-05-24,post,https://www.facebook.com/share/p/19V5PUq9QJ/,4,20,52,34,17,0,0,0,0,1,
MARINA ISABEL CACHAMBI ALVAREZ,https://www.facebook.com/profile.php?id=100063933884078,2025-06-05,2021-01-08,sí,636,15,2025-05-25,post,https://www.facebook.com/share/p/1B2T7dK3wi/,0,1,15,8,6,1,0,0,0,0,
MARINA ISABEL CACHAMBI ALVAREZ,https://www.facebook.com/profile.php?id=100063933884078,2025-06-05,2021-01-08,sí,636,15,2025-05-25,post,https://www.facebook.com/share/p/1LqcCJdSx3/,0,0,5,0,5,0,0,0,0,0,
MARINA ISABEL CACHAMBI ALVAREZ,https://www.facebook.com/profile.php?id=100063933884078,2025-06-05,2021-01-08,sí,636,15,2025-05-27,post,https://www.facebook.com/share/v/12MaxGmN1Jv/,88,89,351,300,41,9,0,0,0,1,"No nací para callar.
Nací para cuidar, para sostener, para luchar.… Ver más"
MARINA ISABEL CACHAMBI ALVAREZ,https://www.facebook.com/profile.php?id=100063933884078,2025-06-05,2021-01-08,sí,636,15,2025-05-27,post,https://www.facebook.com/share/v/16mm25oyLi/,86,56,372,322,44,3,0,0,0,3,"A las que sonríen con el alma rota. A las que hacen milagros con lo que hay.
Este Día de la Madre es para ustedes: las que luchan, cuidan y sostienen el mundo en silenc… Ver más"
MARINA ISABEL CACHAMBI ALVAREZ,https://www.facebook.com/profile.php?id=100063933884078,2025-06-03,2021-01-08,sí,618,14,2025-05-27,post,https://www.facebook.com/share/v/1H4CKQzoLr/,86,56,365,320,39,3,0,0,0,3,"A las que sonríen con el alma rota. A las que hacen milagros con lo que hay.
Este Día de la Madre es para ustedes: las que luchan, cuidan y sostienen el mundo en silenc… Ver más"
MARINA ISABEL CACHAMBI ALVAREZ,https://www.facebook.com/profile.php?id=100063933884078,2025-06-03,2021-01-08,sí,618,14,2025-05-27,post,https://www.facebook.com/share/v/1BojjDqp9U/,86,89,342,296,36,9,0,0,0,1,"No nací para callar.
Nací para cuidar, para sostener, para luchar.… Ver más"
MARINA ISABEL CACHAMBI ALVAREZ,https://www.facebook.com/profile.php?id=100063933884078,2025-06-05,2021-01-08,sí,636,15,2025-06-04,post,https://www.facebook.com/share/v/1LjR7JfZLy/,30,19,46,36,9,0,0,0,0,1,"¡Marina Cachambi, la voz del pueblo tarijeño!
Con el corazón en las comunidades y la mirada puesta en el futuro, Marina lucha por una Tarija más justa y con oportunidad… Ver más"
MARINA ISABEL CACHAMBI ALVAREZ,https://www.facebook.com/profile.php?id=100063933884078,2025-06-05,2021-01-08,sí,636,15,2025-06-05,post,https://www.facebook.com/share/v/16afG1Dizb/,17,16,43,35,8,0,0,0,0,0,"Ella no viene a prometer, viene a cumplir.
Desde la cuidad, desde los valles, desde el corazón del pueblo…… Ver más"
MARINA ISABEL CACHAMBI ALVAREZ,https://www.facebook.com/profile.php?id=100063933884078,2025-06-24,2021-01-08,sí,565,13,2025-06-17,post,https://www.facebook.com/share/p/1PphEaddUB/,57,67,128,106,22,0,0,0,0,0,
MARINA ISABEL CACHAMBI ALVAREZ,https://www.facebook.com/profile.php?id=100063933884078,2025-06-24,2021-01-08,sí,565,13,2025-06-19,post,https://www.facebook.com/share/v/1AanC18cZJ/,116,77,150,129,20,1,0,0,0,0,"Doña Inocencia y Don Romerito son dos tarijeños que reman contra la crisis. 
Su angustia es la misma que nos asfixia a todos en estos tiempos difíciles. Solo juntos vam… Ver más"
MARINA ISABEL CACHAMBI ALVAREZ,https://www.facebook.com/profile.php?id=100063933884078,2025-06-24,2021-01-08,sí,565,13,2025-06-19,post,https://www.facebook.com/share/p/1XBaXaFd3b/,69,64,137,107,27,1,0,0,0,2,"Seguimos caminando los Barrios y escuchando a los vecinos, hoy recorrimos el barrio San Pedro.… Ver más"
MARINA ISABEL CACHAMBI ALVAREZ,https://www.facebook.com/profile.php?id=100063933884078,2025-06-24,2021-01-08,sí,565,13,2025-06-19,post,https://www.facebook.com/share/p/19eTVewDZ8/,63,54,137,105,31,0,0,0,0,1,"Nuestras raíces, nuestra gente ,nuestra esperanza.
#Corpuschristi"
MARINA ISABEL CACHAMBI ALVAREZ,https://www.facebook.com/profile.php?id=100063933884078,2025-06-24,2021-01-08,sí,565,13,2025-06-20,post,https://www.facebook.com/share/p/1A5srB5Q2n/,69,53,112,89,22,0,0,0,0,1,"Hoy visité San Bernardo, Salamanca y 6 de agosto la gente recibe con mucho cariño nuestras #soluciones para #Bolivia
#… Ver más"
MARINA ISABEL CACHAMBI ALVAREZ,https://www.facebook.com/profile.php?id=100063933884078,2025-06-24,2021-01-08,sí,565,13,2025-06-21,post,https://www.facebook.com/share/p/19P23BfKSe/,67,50,114,97,14,1,0,0,0,2,"Mis caseritas de las plantas, ellas también quieren #soluciones ante la crisis. … Ver más"
MARINA ISABEL CACHAMBI ALVAREZ,https://www.facebook.com/profile.php?id=100063933884078,2025-07-02,2021-01-08,sí,565,13,2025-06-25,post,https://www.facebook.com/share/p/1G87mGwLfp/,110,91,165,130,33,2,0,0,0,0,"Hoy en el barrio Andaluz conocí a Cinthia, una emprendedora que no pierde la fe en Bolivia, la gente quiere #soluciones. Seguimos avanzando puerta a puerta
#SamuelPre… Ver más"
MARINA ISABEL CACHAMBI ALVAREZ,https://www.facebook.com/profile.php?id=100063933884078,2025-07-02,2021-01-08,sí,565,13,2025-06-26,post,https://www.facebook.com/share/1EXy7hD7ST/,12,22,84,61,22,0,0,0,0,1,
MARINA ISABEL CACHAMBI ALVAREZ,https://www.facebook.com/profile.php?id=100063933884078,2025-07-08,2021-01-08,sí,565,13,2025-07-01,post,https://www.facebook.com/share/p/19KdJGXvBp/,135,124,222,168,51,0,0,0,0,3,"#TodosConSamuel avanzamos a paso firme para cambiar #Bolivia en #100días 
… Ver más"
MARINA ISABEL CACHAMBI ALVAREZ,https://www.facebook.com/profile.php?id=100063933884078,2025-07-02,2021-01-08,sí,565,13,2025-07-01,post,https://www.facebook.com/share/p/19Py2ewNZE/,80,88,157,118,38,0,0,0,0,1,"#TodosConSamuel avanzamos a paso firme para cambiar #Bolivia en #100días 
… Ver más"
MARINA ISABEL CACHAMBI ALVAREZ,https://www.facebook.com/profile.php?id=100063933884078,2025-07-02,2021-01-08,sí,565,13,2025-07-02,post,https://www.facebook.com/share/v/1AiM12DADP/,17,19,32,29,3,0,0,0,0,0,"Ella es Cinthia, llegó hace 8 años y nunca se rindió. Emprende, sueña y cree. Con Samuel, traeremos certezas en 100 días, para que familias como la de Cinthia sigan apo… Ver más"
MARINA ISABEL CACHAMBI ALVAREZ,https://www.facebook.com/profile.php?id=100063933884078,2025-07-08,2021-01-08,sí,565,13,2025-07-02,post,https://www.facebook.com/share/v/1JKQ5DswB5/,108,106,156,136,19,0,0,0,0,1,"Ella es Cinthia, llegó hace 8 años y nunca se rindió. Emprende, sueña y cree. Con Samuel, traeremos certezas en 100 días, para que familias como la de Cinthia sigan apo… Ver más"
MARINA ISABEL CACHAMBI ALVAREZ,https://www.facebook.com/profile.php?id=100063933884078,2025-07-08,2021-01-08,sí,565,13,2025-07-04,post,https://www.facebook.com/share/v/1BrxVCdoVK/,118,99,172,135,36,0,0,0,0,1,451 años de historia ¡Viva Tarija!
MARINA ISABEL CACHAMBI ALVAREZ,https://www.facebook.com/profile.php?id=100063933884078,2025-07-08,2021-01-08,sí,565,13,2025-07-05,post,https://www.facebook.com/share/p/1HjnownURh/,109,95,149,0,0,0,0,0,0,0,"Un api, una sopaipilla y una charla sincera con quienes trabajan a pesar del frío de la noche.
Las soluciones comienzan escuchando.… Ver más"
MARINA ISABEL CACHAMBI ALVAREZ,https://www.facebook.com/profile.php?id=100063933884078,2025-07-08,2021-01-08,sí,565,13,2025-07-05,post,https://www.facebook.com/share/v/1CEj6gp2w1/,108,90,165,145,17,2,0,0,0,1,"#Tarija necesita certezas, con #SamuelPresidente traeremos soluciones en #100días"
MARINA ISABEL CACHAMBI ALVAREZ,https://www.facebook.com/profile.php?id=100063933884078,2025-07-08,2021-01-08,sí,565,13,2025-07-07,post,https://www.facebook.com/share/v/16fWBWY9gh/,93,74,110,96,13,0,0,0,0,1,"Tarija se viste de #unidad
 la gente quiere #soluciones con #SamuelPresidente #todoscontarija #marinadiputada"
MARINA ISABEL CACHAMBI ALVAREZ,https://www.facebook.com/profile.php?id=100063933884078,2025-07-15,2021-01-08,sí,565,13,2025-07-07,post,https://www.facebook.com/share/v/19FwmxFCcK/,146,113,193,171,21,0,0,0,0,1,"Tarija se viste de #unidad
 la gente quiere #soluciones con #SamuelPresidente #todoscontarija #marinadiputada"
MARINA ISABEL CACHAMBI ALVAREZ,https://www.facebook.com/profile.php?id=100063933884078,2025-07-15,2021-01-08,sí,565,13,2025-07-11,post,https://www.facebook.com/share/p/1Z1FkQ1fKL/,154,80,148,112,35,1,0,0,0,0,"Tarija se vistió de amarillo para recibir al próximo presidente de #Bolivia ¡100 días carajo!
#SamuelDoriaMedina #100DíasCarajo #Bolivia #Tarija #todoscontarija #marinadiputada"
MARINA ISABEL CACHAMBI ALVAREZ,https://www.facebook.com/profile.php?id=100063933884078,2025-07-22,2021-01-08,sí,565,13,2025-07-17,post,https://www.facebook.com/share/v/1CdE3wtzaT/,164,111,153,127,26,0,0,0,0,0,"Vamos escuchando, conociendo sus problemas y compartiendo nuestras propuestas, la gente necesita #soluciones y ese es nuestro compromiso.  #SamuelPresidente #marinadiputada #todoscontarija"
MARINA ISABEL CACHAMBI ALVAREZ,https://www.facebook.com/profile.php?id=100063933884078,2025-07-22,2021-01-08,sí,565,13,2025-07-18,post,https://www.facebook.com/share/v/16f57NFstq/,206,117,211,181,29,1,0,0,0,0,"Tarija la tiene clara, las #Soluciones vienen con #SamuelPresidente
#t… Ver más"
MARINA ISABEL CACHAMBI ALVAREZ,https://www.facebook.com/profile.php?id=100063933884078,2025-07-22,2021-01-08,sí,565,13,2025-07-21,post,https://www.facebook.com/share/v/16nsVyWYu1/,101,86,154,121,32,1,0,0,0,0,"Mi primer ping pong
  #SamuelPresidente  #marinadiputada  #todoscontarija"
MARINA ISABEL CACHAMBI ALVAREZ,https://www.facebook.com/profile.php?id=100063933884078,2025-07-22,2021-01-08,sí,565,13,2025-07-21,post,https://www.facebook.com/share/v/16LqpwsDsr/,138,93,149,129,20,0,0,0,0,0,"Seguimos sumando apoyo
este fin de semana estuvimos con los vecinos de Artesanal
#SamuelPresidente #marinadiputada #todoscontarija"
MARINA ISABEL CACHAMBI ALVAREZ,https://www.facebook.com/profile.php?id=100063933884078,2025-07-30,2021-01-08,sí,565,13,2025-07-24,post,https://www.facebook.com/share/v/19otvNExrX/,153,111,185,169,16,0,0,0,0,0,"El es don Bonifacio lo conocí en la fila del surtidor. Su historia refleja la angustia de muchos, gente trabajadora que ya no sabe si podrá seguir adelante. Esto tiene … Ver más"
MARINA ISABEL CACHAMBI ALVAREZ,https://www.facebook.com/profile.php?id=100063933884078,2025-07-30,2021-01-08,sí,565,13,2025-07-25,post,https://www.facebook.com/share/p/1SWRi8zWBA/,136,106,185,150,33,1,0,0,0,1,"La campaña crece, porque la confianza de la gente no se detiene
#SamuelPresidente #soluciones #100Días"
MARINA ISABEL CACHAMBI ALVAREZ,https://www.facebook.com/profile.php?id=100063933884078,2025-07-30,2021-01-08,sí,565,13,2025-07-27,post,https://www.facebook.com/share/v/1CnNeKDKTh/,182,124,205,168,36,0,0,0,0,1,"La voz del pueblo Marina Cachambi con fuerza y Esperanza con banderas en alto por una Tarija que quiere cambio, honestidad y trabajo verdadero con TODOS por un futuro m… Ver más"
MARINA ISABEL CACHAMBI ALVAREZ,https://www.facebook.com/profile.php?id=100063933884078,2025-08-06,2021-01-08,sí,565,13,2025-07-31,post,https://www.facebook.com/share/p/15C5VxvGyyG/,224,125,197,0,0,0,0,0,0,0,"Tenemos el mejor plan, tenemos soluciones
#100diascarajo #SamuelPresidente #todoscontarija
#… Ver más"
MARINA ISABEL CACHAMBI ALVAREZ,https://www.facebook.com/profile.php?id=100063933884078,2025-08-06,2021-01-08,sí,565,13,2025-08-01,post,https://www.facebook.com/share/p/1AvyKQHcJy/,83,83,151,70,3,0,77,0,0,1,Hoy Tarija arde y no podemos ser indiferentes.… Ver más
MARINA ISABEL CACHAMBI ALVAREZ,https://www.facebook.com/profile.php?id=100063933884078,2025-08-06,2021-01-08,sí,565,13,2025-08-05,post,https://www.facebook.com/share/v/19fcU4WfEh/,136,103,149,131,15,1,1,0,0,1,"La angustia que no te deja dormir, se va acabar este 17 de agosto. En 100 días vamos a devolver la esperanza a todos los Bolivianos. Vota por el cambio. #SamuelPresiden… Ver más"
