nombre perfil,url perfil,snapshot_date,creación del perfil,candidato identificado,seguidores,seguidos,fecha post,tipo de post,url post,comparticiones,comentarios,reacciones en total,me gusta,me encanta,me divierte,me entristece,me sorprende,me enoja,me importa,contenido
Mamás Sororas de Bolivia ,https://www.facebook.com/MamasSororasBolivia,2025-05-22,2021-05-07,no,13000,0,2025-05-17,post,not-found-post-url-269640,0,0,,0,0,0,0,0,0,0,Natalia González. … Ver más
Mamás Sororas de Bolivia ,https://www.facebook.com/MamasSororasBolivia,2025-05-22,2021-05-07,no,13000,0,2025-05-17,post,not-found-post-url--357442,0,0,,0,0,0,0,0,0,0,"""Empiezo a discutir con él papá de mi bendi.""
— yo:"
Mamás Sororas de Bolivia ,https://www.facebook.com/MamasSororasBolivia,2025-05-22,2021-05-07,no,13000,0,2025-05-18,post,not-found-post-url--207572,0,0,,0,0,0,0,0,0,0,"Por favor les pido a tod@s mis amig@s que compartan, es mi sobrina 
 
Si alguien tiene algún tipo de información  comunicarse al 69766152 - 69717073"
Mamás Sororas de Bolivia ,https://www.facebook.com/MamasSororasBolivia,2025-05-22,2021-05-07,no,13000,0,2025-05-19,post,not-found-post-url--427720,0,0,,4,2,0,0,0,0,3,"“Hablemos de Ansiedad”
Con la psicóloga Vanessa Gálvez
M… Ver más"
Mamás Sororas de Bolivia ,https://www.facebook.com/MamasSororasBolivia,2025-05-22,2021-05-07,no,13000,0,2025-05-19,post,not-found-post-url-69144,0,0,,2,1,0,0,0,0,1,
Mamás Sororas de Bolivia ,https://www.facebook.com/MamasSororasBolivia,2025-05-22,2021-05-07,no,13000,0,2025-05-19,post,https://www.facebook.com/share/p/15Wn55mHeQ/,3,1,,2,0,0,6,1,0,0,"En cuatro meses y medio, la Fiscalía registró 58 casos de tentativa de feminicidio en Bolivia. La Paz encabeza la lista con 24 casos, seguida de Cochabamba con 16, Sant… Ver más"
Mamás Sororas de Bolivia ,https://www.facebook.com/MamasSororasBolivia,2025-05-22,2021-05-07,no,13000,0,2025-05-19,post,https://www.facebook.com/MamasSororasBolivia/posts/pfbid02Rzg5UdBRPMi8VoqD3mTdK3uMVXbjPDJMsX2zA61SFbpdzEiq8Z8sYbTZCquEhciQl,4,11,,9,7,0,0,0,0,1," Porque todas tenemos derecho a decidir, a recibir educación sexual integral y a acceder a métodos anticonceptivos.
… Ver más"
Mamás Sororas de Bolivia ,https://www.facebook.com/MamasSororasBolivia,2025-05-22,2021-05-07,no,13000,0,2025-05-19,post,https://www.facebook.com/share/p/183qwYcj2r/,1,10,,18,3,0,0,3,1,0,"VicepresidentA
Con A
(Así sea de nuestro gusto o no)."
Mamás Sororas de Bolivia ,https://www.facebook.com/MamasSororasBolivia,2025-06-11,2021-05-07,no,13000,0,2025-05-20,post,https://www.facebook.com/share/p/1SH1PNXmJQ/,3,1,8,0,0,0,0,0,0,0,
Mamás Sororas de Bolivia ,https://www.facebook.com/MamasSororasBolivia,2025-05-22,2021-05-07,no,13000,0,2025-05-20,post,https://www.facebook.com/MamasSororasBolivia/posts/pfbid021QpwabMtbSafY3qe4fhyMd1jeimq7dJhK3VBARBpoiYLuF2FSGPF3dkA2d82F1Enl,1,1,,0,0,0,0,0,0,0," Porque todas tenemos derecho a decidir, a recibir educación sexual integral y a acceder a métodos anticonceptivos.
… Ver más"
Mamás Sororas de Bolivia ,https://www.facebook.com/MamasSororasBolivia,2025-05-22,2021-05-07,no,13000,0,2025-05-20,post,not-found-post-url--11756,0,0,,4,0,0,0,0,0,0,"Tenemos fé que el Nuevo Ministro ejecutará el MANDAMIENTO de aprehensión contra un prófugo feminicida, (lo que no hizo el Eduardo Del Castillo Del Carpio )"
Mamás Sororas de Bolivia ,https://www.facebook.com/MamasSororasBolivia,2025-05-22,2021-05-07,no,13000,0,2025-05-20,post,https://www.facebook.com/share/p/1AbZqvSr57/,3,1,,0,0,0,0,0,0,0,
Mamás Sororas de Bolivia ,https://www.facebook.com/MamasSororasBolivia,2025-06-11,2021-05-07,no,13000,0,2025-05-20,post,https://www.facebook.com/share/p/1QXYHA7hAd/,0,0,0,0,0,0,0,0,0,0,
Mamás Sororas de Bolivia ,https://www.facebook.com/MamasSororasBolivia,2025-06-11,2021-05-07,no,13000,0,2025-05-20,post,https://www.facebook.com/share/p/12Lffuwqadx/,31,2,90,0,0,0,0,0,0,0,Como padre es tu trabajo reorganizar tu vida en beneficio de tu hijo. No es al revés.
Mamás Sororas de Bolivia ,https://www.facebook.com/MamasSororasBolivia,2025-05-22,2021-05-07,no,13000,0,2025-05-21,post,not-found-post-url--199635,0,0,,7,0,0,7,0,9,0,Justicia
Mamás Sororas de Bolivia ,https://www.facebook.com/MamasSororasBolivia,2025-06-11,2021-05-07,no,13000,0,2025-05-21,post,https://www.facebook.com/share/p/1B5M5b989W/,16,20,78,0,0,0,0,0,0,0,COMUNICADO
Mamás Sororas de Bolivia ,https://www.facebook.com/MamasSororasBolivia,2025-06-11,2021-05-07,no,13000,0,2025-05-21,post,https://www.facebook.com/share/p/1L6zy9uZdw/,1,0,1,0,0,0,0,0,0,0,
Mamás Sororas de Bolivia ,https://www.facebook.com/MamasSororasBolivia,2025-06-11,2021-05-07,no,13000,0,2025-05-21,post,https://www.facebook.com/share/p/1BjrzGtrvq/,6,0,26,0,0,0,0,0,0,0,Justicia
Mamás Sororas de Bolivia ,https://www.facebook.com/MamasSororasBolivia,2025-05-22,2021-05-07,no,13000,0,2025-05-21,post,https://www.facebook.com/share/p/16nEXzv8BT/,15,20,,0,0,0,0,0,0,0,COMUNICADO
Mamás Sororas de Bolivia ,https://www.facebook.com/MamasSororasBolivia,2025-05-22,2021-05-07,no,13000,0,2025-05-21,post,https://www.facebook.com/share/p/16LAxi8wq2/,2,2,,3,0,6,0,1,5,0,"Martin Irusta, otro padre irresponsable"
Mamás Sororas de Bolivia ,https://www.facebook.com/MamasSororasBolivia,2025-05-22,2021-05-07,no,13000,0,2025-05-22,post,https://www.facebook.com/share/p/1Baoj15Xu1/,3,1,,0,0,0,0,0,0,0,La mujer que daña a otra mujer no es mala: es patriarcal. Se volvió verduga para sentirse a salvo.
Mamás Sororas de Bolivia ,https://www.facebook.com/MamasSororasBolivia,2025-05-22,2021-05-07,no,13000,0,2025-05-22,post,not-found-post-url--161420,0,0,,1,1,7,0,0,0,0,Jajaja
Mamás Sororas de Bolivia ,https://www.facebook.com/MamasSororasBolivia,2025-06-11,2021-05-07,no,13000,0,2025-05-22,post,https://www.facebook.com/share/p/1AC5A38pMR/,0,0,0,0,0,0,0,0,0,0,"Mi Amix: ya eres mamá, deberías ser más seria 
Yo:"
Mamás Sororas de Bolivia ,https://www.facebook.com/MamasSororasBolivia,2025-06-11,2021-05-07,no,13000,0,2025-05-22,post,https://www.facebook.com/share/p/1DPENxSGht/,2,1,16,0,0,0,0,0,0,0,Hay PAPikks que se quejan que la plata ya no alcanza pero que estan esperando bailar en el Gran Poder. En fin el hipopótamo
Mamás Sororas de Bolivia ,https://www.facebook.com/MamasSororasBolivia,2025-06-11,2021-05-07,no,13000,0,2025-05-22,post,https://www.facebook.com/share/p/16kY1nDzRZ/,16,4,63,0,0,0,0,0,0,0,La mujer que daña a otra mujer no es mala: es patriarcal. Se volvió verduga para sentirse a salvo.
Mamás Sororas de Bolivia ,https://www.facebook.com/MamasSororasBolivia,2025-05-23,2021-05-07,no,13000,0,2025-05-23,post,not-found-post-url--436567,32,40,,0,0,0,0,0,0,0,
Mamás Sororas de Bolivia ,https://www.facebook.com/MamasSororasBolivia,2025-06-11,2021-05-07,no,13000,0,2025-05-23,post,https://www.facebook.com/share/p/1Ff6nAXsYL/,3,0,23,0,0,0,0,0,0,0,"15:30 de hoy comienza la transmisión por Facebook Live, el CURSO DE ASISTENCIA FAMILIAR PARA NO ABOGADAS"
Mamás Sororas de Bolivia ,https://www.facebook.com/MamasSororasBolivia,2025-06-11,2021-05-07,no,13000,0,2025-05-23,post,https://www.facebook.com/share/p/1ZHhiJPez9/,1,0,22,0,0,0,0,0,0,0,"Gracias a todas las compañeras que están interesadas en el curso de Asistencia Familiar, EN JUNIO DAREMOS OTRO CURSO"
Mamás Sororas de Bolivia ,https://www.facebook.com/MamasSororasBolivia,2025-05-23,2021-05-07,no,13000,0,2025-05-23,post,not-found-post-url-134987,0,0,,0,0,0,0,0,0,0,"Gracias a todas las compañeras que están interesadas en el curso de Asistencia Familiar, EN JUNIO DAREMOS OTRO CURSO"
Mamás Sororas de Bolivia ,https://www.facebook.com/MamasSororasBolivia,2025-06-11,2021-05-07,no,13000,0,2025-05-25,post,https://www.facebook.com/share/p/14vs9uqmRD/,1,0,8,0,0,0,0,0,0,0,"Buscamos a ALEJANDRO CHACON eyaculador irresponsable, cuenta con mandamiento de Apremio.… Ver más"
Mamás Sororas de Bolivia ,https://www.facebook.com/MamasSororasBolivia,2025-06-11,2021-05-07,no,13000,0,2025-05-25,post,https://www.facebook.com/share/p/1BusXBDZhe/,3,3,33,0,0,0,0,0,0,0,"Recuerda que la frase ""al menos yo no tengo bendis"", es misoginia: pues implica considerarte superior y más exitosa que las mujeres que son madres."
Mamás Sororas de Bolivia ,https://www.facebook.com/MamasSororasBolivia,2025-06-11,2021-05-07,no,13000,0,2025-05-25,post,https://www.facebook.com/MamasSororasBolivia/posts/pfbid02kh9DUTyBmMc7FzH6bm5yPVTLja9GkWajAYzcnfG3k7kEqGomAms9ZdzhBdU9huHKl,1,0,10,0,0,0,0,0,0,0,
Mamás Sororas de Bolivia ,https://www.facebook.com/MamasSororasBolivia,2025-06-11,2021-05-07,no,13000,0,2025-05-25,post,https://www.facebook.com/share/p/16RRu2xjx8/,4,2,41,0,0,0,0,0,0,0,"""Elige bien tus reconciliaciones, a mucha gente es mejor seguir teniéndola lejos."" "
Mamás Sororas de Bolivia ,https://www.facebook.com/MamasSororasBolivia,2025-06-11,2021-05-07,no,13000,0,2025-05-26,post,https://www.facebook.com/share/p/1A4YQi8zyy/,0,0,19,0,0,0,0,0,0,0," Porque todas tenemos derecho a decidir, a recibir educación sexual integral y a acceder a métodos anticonceptivos.
… Ver más"
Mamás Sororas de Bolivia ,https://www.facebook.com/MamasSororasBolivia,2025-06-02,2021-05-07,no,13000,0,2025-05-26,post,https://www.facebook.com/share/p/16TwZ1Fpiw/,0,0,19,17,1,1,0,0,0,0," Porque todas tenemos derecho a decidir, a recibir educación sexual integral y a acceder a métodos anticonceptivos.
… Ver más"
Mamás Sororas de Bolivia ,https://www.facebook.com/MamasSororasBolivia,2025-06-11,2021-05-07,no,13000,0,2025-05-27,post,https://www.facebook.com/share/p/19MetPaMz7/,8,1,46,0,0,0,0,0,0,0,"Exigir justicia no debería costar la vida de nuestros hijos ni la nuestra.
Justicia para Demian y Virginia"
Mamás Sororas de Bolivia ,https://www.facebook.com/MamasSororasBolivia,2025-06-02,2021-05-07,no,13000,0,2025-05-27,post,https://www.facebook.com/share/p/1YyXLUd32P/,12,2,58,7,0,0,40,0,11,0,"#ElAlto: Velan los restos del niño Demian, quien fue encontrado sin vida; familiares buscan a la madre del menor y  las investigaciones apuntan al padre biológico como … Ver más"
Mamás Sororas de Bolivia ,https://www.facebook.com/MamasSororasBolivia,2025-06-11,2021-05-07,no,13000,0,2025-05-27,post,https://www.facebook.com/share/p/1AipzA8BRc/,12,2,60,0,0,0,0,0,0,0,"#ElAlto: Velan los restos del niño Demian, quien fue encontrado sin vida; familiares buscan a la madre del menor y  las investigaciones apuntan al padre biológico como … Ver más"
Mamás Sororas de Bolivia ,https://www.facebook.com/MamasSororasBolivia,2025-06-02,2021-05-07,no,13000,0,2025-05-27,post,https://www.facebook.com/share/p/16iLwy6DhJ/,8,1,46,35,2,0,9,0,0,0,"Exigir justicia no debería costar la vida de nuestros hijos ni la nuestra.
Justicia para Demian y Virginia"
Mamás Sororas de Bolivia ,https://www.facebook.com/MamasSororasBolivia,2025-06-02,2021-05-07,no,13000,0,2025-05-28,post,https://www.facebook.com/share/p/1BcoSwVPFn/,6,1,16,11,5,0,0,0,0,0,"Este sábado 31 de mayo, nos encontramos en un espacio seguro, sororo y gratuito para hablar claro sobre que necesitamos para iniciar un proceso de Asistencia F… Ver más"
Mamás Sororas de Bolivia ,https://www.facebook.com/MamasSororasBolivia,2025-06-11,2021-05-07,no,13000,0,2025-05-28,post,https://www.facebook.com/share/p/1618CTmx6L/,17,0,32,0,0,0,0,0,0,0,"JUSTICIA PARA VIRGINIA ARUCUTIPA MAMANI Y DEMIAN!
EXIGIMOS AL MINISTRO DE GOBIERNO, ROBERTO RÍOS, UNA RESPUESTA INMEDIATA"
Mamás Sororas de Bolivia ,https://www.facebook.com/MamasSororasBolivia,2025-06-11,2021-05-07,no,13000,0,2025-05-28,post,https://www.facebook.com/share/p/1HSMzcEyum/,6,1,17,0,0,0,0,0,0,0,"Este sábado 31 de mayo, nos encontramos en un espacio seguro, sororo y gratuito para hablar claro sobre que necesitamos para iniciar un proceso de Asistencia F… Ver más"
Mamás Sororas de Bolivia ,https://www.facebook.com/MamasSororasBolivia,2025-06-02,2021-05-07,no,13000,0,2025-05-28,post,https://www.facebook.com/share/p/1ARoMfibFR/,17,0,30,27,1,0,1,1,0,0,"JUSTICIA PARA VIRGINIA ARUCUTIPA MAMANI Y DEMIAN!
EXIGIMOS AL MINISTRO DE GOBIERNO, ROBERTO RÍOS, UNA RESPUESTA INMEDIATA"
Mamás Sororas de Bolivia ,https://www.facebook.com/MamasSororasBolivia,2025-06-11,2021-05-07,no,13000,0,2025-05-30,post,https://www.facebook.com/share/p/1G5V3J1odg/,3,1,14,0,0,0,0,0,0,0,"Este sábado 31 de mayo, nos encontramos en un espacio seguro, sororo y gratuito para hablar claro sobre que necesitamos para iniciar un proceso de Asistencia F… Ver más"
Mamás Sororas de Bolivia ,https://www.facebook.com/MamasSororasBolivia,2025-06-02,2021-05-07,no,13000,0,2025-05-30,post,https://www.facebook.com/share/p/1EVftX8GtF/,3,1,14,13,1,0,0,0,0,0,"Este sábado 31 de mayo, nos encontramos en un espacio seguro, sororo y gratuito para hablar claro sobre que necesitamos para iniciar un proceso de Asistencia F… Ver más"
Mamás Sororas de Bolivia ,https://www.facebook.com/MamasSororasBolivia,2025-06-02,2021-05-07,no,13000,0,2025-05-31,post,https://www.facebook.com/share/p/1AezqZCF8N/,6,2,25,20,2,0,2,0,0,1,"La historia de la humanidad ha estado repleta de genocidios, violencia, limpieza étnica y crímenes, pero nunca como hoy habíamos estado todos tan informados al respecto… Ver más"
Mamás Sororas de Bolivia ,https://www.facebook.com/MamasSororasBolivia,2025-06-11,2021-05-07,no,13000,0,2025-05-31,post,https://www.facebook.com/share/p/15QvLXq832/,0,0,2,0,0,0,0,0,0,0,
Mamás Sororas de Bolivia ,https://www.facebook.com/MamasSororasBolivia,2025-06-11,2021-05-07,no,13000,0,2025-05-31,post,https://www.facebook.com/share/p/19Z9a6FMus/,7,2,27,0,0,0,0,0,0,0,"La historia de la humanidad ha estado repleta de genocidios, violencia, limpieza étnica y crímenes, pero nunca como hoy habíamos estado todos tan informados al respecto… Ver más"
Mamás Sororas de Bolivia ,https://www.facebook.com/MamasSororasBolivia,2025-06-02,2021-05-07,no,13000,0,2025-05-31,post,https://www.facebook.com/share/p/19AmUY8GoE/,0,0,2,2,0,0,0,0,0,0,
Mamás Sororas de Bolivia ,https://www.facebook.com/MamasSororasBolivia,2025-06-09,2021-05-07,no,13000,0,2025-06-01,post,https://www.facebook.com/share/p/16LpAG76tj/,6,2,26,21,2,0,3,0,0,0,Justicia por Virginia y Demian
Mamás Sororas de Bolivia ,https://www.facebook.com/MamasSororasBolivia,2025-06-11,2021-05-07,no,13000,0,2025-06-01,post,https://www.facebook.com/share/p/1Dx6txSKoF/,6,2,26,0,0,0,0,0,0,0,Justicia por Virginia y Demian
Mamás Sororas de Bolivia ,https://www.facebook.com/MamasSororasBolivia,2025-06-02,2021-05-07,no,13000,0,2025-06-01,post,https://www.facebook.com/share/p/19fMBKh1ck/,6,1,23,18,2,0,3,0,0,0,Justicia por Virginia y Demian
Mamás Sororas de Bolivia ,https://www.facebook.com/MamasSororasBolivia,2025-06-09,2021-05-07,no,13000,0,2025-06-03,post,https://www.facebook.com/share/p/19SBa5g31P/,7,0,38,7,0,0,24,2,5,0,"ALERTA 
El día de hoy otra hermana fue víctima de feminicidio 
Ta… Ver más"
Mamás Sororas de Bolivia ,https://www.facebook.com/MamasSororasBolivia,2025-06-11,2021-05-07,no,13000,0,2025-06-03,post,https://www.facebook.com/share/p/1BDeNfTUJJ/,29,2,124,0,0,0,0,0,0,0,Justicia para las madres víctimas de feminicidio por exigir asistencia familiar
Mamás Sororas de Bolivia ,https://www.facebook.com/MamasSororasBolivia,2025-06-09,2021-05-07,no,13000,0,2025-06-03,post,https://www.facebook.com/share/p/1BgSyjqdJC/,5,2,21,19,2,0,0,0,0,0,A las madres se nos exige mucho
Mamás Sororas de Bolivia ,https://www.facebook.com/MamasSororasBolivia,2025-06-09,2021-05-07,no,13000,0,2025-06-03,post,https://www.facebook.com/share/p/15f1VRmbBW/,5,0,28,15,0,0,12,0,1,0,"Exigimos al gobierno a dar con el cuerpo de Virginia, ninguna mujer y madre que reclame los derechos de sus wawas debe morir"
Mamás Sororas de Bolivia ,https://www.facebook.com/MamasSororasBolivia,2025-06-10,2021-05-07,no,13000,0,2025-06-03,post,https://www.facebook.com/share/p/1JdZfwQWzA/,5,0,28,0,0,0,0,0,0,0,"Exigimos al gobierno a dar con el cuerpo de Virginia, ninguna mujer y madre que reclame los derechos de sus wawas debe morir"
Mamás Sororas de Bolivia ,https://www.facebook.com/MamasSororasBolivia,2025-06-10,2021-05-07,no,13000,0,2025-06-03,post,https://www.facebook.com/share/p/18pNa8Ej5K/,7,0,38,0,0,0,0,0,0,0,"ALERTA 
El día de hoy otra hermana fue víctima de feminicidio 
Ta… Ver más"
Mamás Sororas de Bolivia ,https://www.facebook.com/MamasSororasBolivia,2025-06-10,2021-05-07,no,13000,0,2025-06-03,post,https://www.facebook.com/share/p/14DnSX2zRYU/,29,2,124,0,0,0,0,0,0,0,Justicia para las madres víctimas de feminicidio por exigir asistencia familiar
Mamás Sororas de Bolivia ,https://www.facebook.com/MamasSororasBolivia,2025-06-10,2021-05-07,no,13000,0,2025-06-03,post,https://www.facebook.com/share/p/16PmVuhu1u/,5,2,21,0,0,0,0,0,0,0,A las madres se nos exige mucho
Mamás Sororas de Bolivia ,https://www.facebook.com/MamasSororasBolivia,2025-06-09,2021-05-07,no,13000,0,2025-06-03,post,https://www.facebook.com/share/p/1Dv8b6uJZ3/,29,2,124,90,7,0,27,0,0,0,Justicia para las madres víctimas de feminicidio por exigir asistencia familiar
Mamás Sororas de Bolivia ,https://www.facebook.com/MamasSororasBolivia,2025-06-09,2021-05-07,no,13000,0,2025-06-03,post,https://www.facebook.com/share/p/19ChF2o5zz/,66,3,88,62,10,0,5,0,0,11,"COMUNICADO OFICIAL
Justicia para las madres víctimas de feminicidio por exigir asistencia familiar… Ver más"
Mamás Sororas de Bolivia ,https://www.facebook.com/MamasSororasBolivia,2025-06-11,2021-05-07,no,13000,0,2025-06-03,post,https://www.facebook.com/share/p/1HSSvHZaWT/,5,0,29,0,0,0,0,0,0,0,"Exigimos al gobierno a dar con el cuerpo de Virginia, ninguna mujer y madre que reclame los derechos de sus wawas debe morir"
Mamás Sororas de Bolivia ,https://www.facebook.com/MamasSororasBolivia,2025-06-11,2021-05-07,no,13000,0,2025-06-03,post,https://www.facebook.com/share/p/14KRnvLo9aP/,5,2,21,0,0,0,0,0,0,0,A las madres se nos exige mucho
Mamás Sororas de Bolivia ,https://www.facebook.com/MamasSororasBolivia,2025-06-11,2021-05-07,no,13000,0,2025-06-03,post,https://www.facebook.com/share/p/1CBiZmZ4Ur/,7,0,38,0,0,0,0,0,0,0,"ALERTA 
El día de hoy otra hermana fue víctima de feminicidio 
Ta… Ver más"
Mamás Sororas de Bolivia ,https://www.facebook.com/MamasSororasBolivia,2025-06-11,2021-05-07,no,13000,0,2025-06-04,post,https://www.facebook.com/share/p/1A75qogRTa/,2,0,14,0,0,0,0,0,0,0,
Mamás Sororas de Bolivia ,https://www.facebook.com/MamasSororasBolivia,2025-06-10,2021-05-07,no,13000,0,2025-06-04,post,https://www.facebook.com/share/p/1AtDVa9CjQ/,1,2,18,0,0,0,0,0,0,0," Porque todas tenemos derecho a decidir, a recibir educación sexual integral y a acceder a métodos anticonceptivos.
… Ver más"
Mamás Sororas de Bolivia ,https://www.facebook.com/MamasSororasBolivia,2025-06-10,2021-05-07,no,13000,0,2025-06-04,post,https://www.facebook.com/share/p/1Exu6MJN91/,2,0,14,0,0,0,0,0,0,0,
Mamás Sororas de Bolivia ,https://www.facebook.com/MamasSororasBolivia,2025-06-11,2021-05-07,no,13000,0,2025-06-04,post,https://www.facebook.com/share/p/16mDTXNjGr/,1,2,18,0,0,0,0,0,0,0," Porque todas tenemos derecho a decidir, a recibir educación sexual integral y a acceder a métodos anticonceptivos.
… Ver más"
Mamás Sororas de Bolivia ,https://www.facebook.com/MamasSororasBolivia,2025-06-09,2021-05-07,no,13000,0,2025-06-05,post,https://www.facebook.com/share/p/1Acjdj4RG7/,1,1,11,11,0,0,0,0,0,0,
Mamás Sororas de Bolivia ,https://www.facebook.com/MamasSororasBolivia,2025-06-09,2021-05-07,no,13000,0,2025-06-05,post,https://www.facebook.com/share/v/19RvaQqvqs/,1300,43,231,144,2,3,1,12,69,0,"Denunciamos públicamente que ANIBAL URQUIETA  sentenciado por cometer VIOLENCIA FAMILIAR conNTRA SU HIJA, ahora va al trabajo de su segunda víctima a atemorizarla con e… Ver más"
Mamás Sororas de Bolivia ,https://www.facebook.com/MamasSororasBolivia,2025-06-09,2021-05-07,no,13000,0,2025-06-05,post,https://www.facebook.com/share/p/1AeZLYmfHt/,4,0,21,3,0,1,0,7,10,0,"Anibal Urquieta hoy fue descubierto infraganti acosando a una de sus víctimas, todo esto con el respaldo del senador William Torrez"
Mamás Sororas de Bolivia ,https://www.facebook.com/MamasSororasBolivia,2025-06-09,2021-05-07,no,13000,0,2025-06-05,post,https://www.facebook.com/share/p/15ZNsM72Fx/,4,0,3,1,0,0,0,0,2,0,Potencial feminicid4
Mamás Sororas de Bolivia ,https://www.facebook.com/MamasSororasBolivia,2025-06-10,2021-05-07,no,13000,0,2025-06-05,post,https://www.facebook.com/share/p/15Rm35DbWA/,1,1,11,0,0,0,0,0,0,0,
Mamás Sororas de Bolivia ,https://www.facebook.com/MamasSororasBolivia,2025-06-10,2021-05-07,no,13000,0,2025-06-05,post,https://www.facebook.com/share/v/1CKB6A9Qak/,1300,43,233,0,0,0,0,0,0,0,"Denunciamos públicamente que ANIBAL URQUIETA  sentenciado por cometer VIOLENCIA FAMILIAR conNTRA SU HIJA, ahora va al trabajo de su segunda víctima a atemorizarla con e… Ver más"
Mamás Sororas de Bolivia ,https://www.facebook.com/MamasSororasBolivia,2025-06-10,2021-05-07,no,13000,0,2025-06-05,post,https://www.facebook.com/share/p/15noWb6VLV/,4,0,21,0,0,0,0,0,0,0,"Anibal Urquieta hoy fue descubierto infraganti acosando a una de sus víctimas, todo esto con el respaldo del senador William Torrez"
Mamás Sororas de Bolivia ,https://www.facebook.com/MamasSororasBolivia,2025-06-11,2021-05-07,no,13000,0,2025-06-05,post,https://www.facebook.com/share/p/1FuwbYWgeD/,4,0,4,0,0,0,0,0,0,0,Potencial feminicid4
Mamás Sororas de Bolivia ,https://www.facebook.com/MamasSororasBolivia,2025-06-11,2021-05-07,no,13000,0,2025-06-05,post,https://www.facebook.com/share/p/1YHQVXVdvR/,4,0,22,0,0,0,0,0,0,0,"Anibal Urquieta hoy fue descubierto infraganti acosando a una de sus víctimas, todo esto con el respaldo del senador William Torrez"
Mamás Sororas de Bolivia ,https://www.facebook.com/MamasSororasBolivia,2025-06-11,2021-05-07,no,13000,0,2025-06-05,post,https://www.facebook.com/share/v/16VVEwJL4E/,1300,43,238,0,0,0,0,0,0,0,"Denunciamos públicamente que ANIBAL URQUIETA  sentenciado por cometer VIOLENCIA FAMILIAR conNTRA SU HIJA, ahora va al trabajo de su segunda víctima a atemorizarla con e… Ver más"
Mamás Sororas de Bolivia ,https://www.facebook.com/MamasSororasBolivia,2025-06-11,2021-05-07,no,13000,0,2025-06-05,post,https://www.facebook.com/share/p/19dHbhaUys/,1,1,13,0,0,0,0,0,0,0,
Mamás Sororas de Bolivia ,https://www.facebook.com/MamasSororasBolivia,2025-06-10,2021-05-07,no,13000,0,2025-06-05,post,https://www.facebook.com/share/p/1Aof23riko/,4,0,3,0,0,0,0,0,0,0,Potencial feminicid4
Mamás Sororas de Bolivia ,https://www.facebook.com/MamasSororasBolivia,2025-06-09,2021-05-07,no,13000,0,2025-06-06,post,https://www.facebook.com/share/p/1CAiRZ51vL/,15,2,10,9,0,0,0,0,1,0,"Alerta
 ANIBAL URQUIETA, en complicidad de sus amigos senadores y embajador de Bolivia en Venezuela busca eludir la justicia.
Anib… Ver más"
Mamás Sororas de Bolivia ,https://www.facebook.com/MamasSororasBolivia,2025-06-11,2021-05-07,no,13000,0,2025-06-06,post,https://www.facebook.com/share/p/1E9cBzPzkE/,15,2,10,0,0,0,0,0,0,0,"Alerta
 ANIBAL URQUIETA, en complicidad de sus amigos senadores y embajador de Bolivia en Venezuela busca eludir la justicia.
Anib… Ver más"
Mamás Sororas de Bolivia ,https://www.facebook.com/MamasSororasBolivia,2025-06-10,2021-05-07,no,13000,0,2025-06-06,post,https://www.facebook.com/share/p/15BFBs2Lajx/,15,2,10,0,0,0,0,0,0,0,"Alerta
 ANIBAL URQUIETA, en complicidad de sus amigos senadores y embajador de Bolivia en Venezuela busca eludir la justicia.
Anib… Ver más"
Mamás Sororas de Bolivia ,https://www.facebook.com/MamasSororasBolivia,2025-06-11,2021-05-07,no,13000,0,2025-06-09,post,https://www.facebook.com/share/p/1ChgDYsMwX/,3,0,11,0,0,0,0,0,0,0," Porque todas tenemos derecho a decidir, a recibir educación sexual integral y a acceder a métodos anticonceptivos.
… Ver más"
Mamás Sororas de Bolivia ,https://www.facebook.com/MamasSororasBolivia,2025-06-11,2021-05-07,no,13000,0,2025-06-09,post,https://www.facebook.com/share/p/1G3GeXDDr8/,8,1,18,0,0,0,0,0,0,0,"Anibal Urquieta a través del Senador William Torrez Tordoya, no sólo está haciendo uso indebido de influencias por la condición de Senador, sino que William Torrez tamb… Ver más"
Mamás Sororas de Bolivia ,https://www.facebook.com/MamasSororasBolivia,2025-06-09,2021-05-07,no,13000,0,2025-06-09,post,https://www.facebook.com/share/p/1HTC1Q87xr/,3,0,7,6,0,0,0,0,0,1," Porque todas tenemos derecho a decidir, a recibir educación sexual integral y a acceder a métodos anticonceptivos.
… Ver más"
Mamás Sororas de Bolivia ,https://www.facebook.com/MamasSororasBolivia,2025-06-10,2021-05-07,no,13000,0,2025-06-09,post,https://www.facebook.com/share/p/1E1uJ72i1y/,3,0,7,0,0,0,0,0,0,0," Porque todas tenemos derecho a decidir, a recibir educación sexual integral y a acceder a métodos anticonceptivos.
… Ver más"
Mamás Sororas de Bolivia ,https://www.facebook.com/MamasSororasBolivia,2025-06-10,2021-05-07,no,13000,0,2025-06-09,post,https://www.facebook.com/share/p/16ZMmULfUV/,7,1,12,0,0,0,0,0,0,0,"Anibal Urquieta a través del Senador William Torrez Tordoya, no sólo está haciendo uso indebido de influencias por la condición de Senador, sino que William Torrez tamb… Ver más"
Mamás Sororas de Bolivia ,https://www.facebook.com/MamasSororasBolivia,2025-06-09,2021-05-07,no,13000,0,2025-06-09,post,https://www.facebook.com/share/p/1LHPE6cwpo/,7,1,10,5,0,1,0,0,4,0,"Anibal Urquieta a través del Senador William Torrez Tordoya, no sólo está haciendo uso indebido de influencias por la condición de Senador, sino que William Torrez tamb… Ver más"
Mamás Sororas de Bolivia ,https://www.facebook.com/MamasSororasBolivia,2025-06-11,2021-05-07,no,13000,0,2025-06-10,post,https://www.facebook.com/share/p/16cKJvBB12/,10,0,40,0,0,0,0,0,0,0,
