nombre perfil,url perfil,candidato identificado,creación del perfil,seguidores,seguidos,fecha post,tipo de post,url post,comparticiones,comentarios,reacciones en total,me gusta,me encanta,me divierte,me entristece,me sorprende,me enoja,me importa,contenido
CLAUDIA ALIDA SALAS TAMBARE,https://www.facebook.com/claudiaalida.salastambare,sí,,0,0,2025-07-15,reel,/reel/709727051853829/?s=single_unit&__cft__[0]=AZVRpmvKDi1_mSnYRimDA6AaWVUJtFc_SXg_OXrrFMtA7UpOfrDkyVE2slsZLIyq4j2bg1hvUQZoWb1zrFRCRiNX_RUfHs8Ukt60m0hzPXbymE3dUMWRElA6fbhdgu4XjfGk0bGLHE1IzEMpQcXuYfALk8tm3IAVPe5HU_sH_ljQCQ&__tn__=H-R,11,17,94,94,0,0,0,0,0,0,
CLAUDIA ALIDA SALAS TAMBARE,https://www.facebook.com/claudiaalida.salastambare,sí,,0,0,2025-07-15,post,https://www.facebook.com/permalink.php?story_fbid=pfbid0qzhgR6k8pcf7xDHbeKJrbpLW4tiFGWZj2tuZSuiFh5JFqGMWGJiDD3AD5jKKDL54l&id=61578093544342,1,0,1,1,0,0,0,0,0,0,"PAVEL es una NUEVA OPCIÓN
PAVEL - PRESIDENTE -  #victorhugonuñez2025
SOMOS DE DERECHA, una derecha estratégica que reducirá el Estado Sin dañar a los que menos tienen.… Ver más"
CLAUDIA ALIDA SALAS TAMBARE,https://www.facebook.com/claudiaalida.salastambare,sí,,0,0,2025-07-15,post,https://www.facebook.com/share/p/1CR1VQ5Mqf/,7,1,13,12,1,0,0,0,0,0,Somos la única Opción de Derecha con propuestas Serias y Viables para Bolivia  con tu voto somos Ganadores Bolivia Merece un Futuro Mejor Pavel Aracena  Presidente de Bolivia 2025-2030  #libeetadavanza #LibertadYProgreso #PavelPresidente #Bolivia2025
CLAUDIA ALIDA SALAS TAMBARE,https://www.facebook.com/claudiaalida.salastambare,sí,,0,0,2025-07-15,post,https://www.facebook.com/share/p/1E3BKZFv1p/,0,0,3,3,0,0,0,0,0,0,Únete en este momento en vivo a #victorhugoadn #pavelpresidente2025
CLAUDIA ALIDA SALAS TAMBARE,https://www.facebook.com/claudiaalida.salastambare,sí,,0,0,2025-07-22,reel,/reel/1715021842472220/?s=single_unit&__cft__[0]=AZUmoKizebciIUtxGCWEQRo-2PSlvkfPWwqtIXJdwPPzZe79zSqOr2Beuw14pDh3W8C-itCGuTnf8M0xurZxuGJwoZ1CtKefe7oIqfiWsH7g7m6Xo8uN5RuKlBrWVbq-PztmnRh8hLSjm7IsMljKFDf7rXow4ubavhprAZJ59beD8A&__tn__=H-R,3,0,20,20,0,0,0,0,0,0,
