nombre perfil,url perfil,candidato identificado,creación del perfil,seguidores,seguidos,fecha post,tipo de post,url post,comparticiones,comentarios,reacciones en total,me gusta,me encanta,me divierte,me entristece,me sorprende,me enoja,me importa,contenido
Roxana Pérez,https://www.facebook.com/RoxanaPerezDelCastillo,no,2021-01-04,19000,0,2025-06-02,post,https://www.facebook.com/share/p/16U9rciRih/,0,8,26,0,0,0,0,0,0,0,"Nos adherimos al dolor de la familia y seres queridos por la partida de Elvia Moya, periodista de extensa trayectoria y compromiso con los sectores más vulnerables. Su … Ver más"
Roxana Pérez,https://www.facebook.com/RoxanaPerezDelCastillo,no,2021-01-04,19000,0,2025-06-02,post,https://www.facebook.com/share/p/1Es9xNnAK7/,2,9,24,0,0,0,0,0,0,0,"Un día como hoy, la historia creyó que podía poner punto final a la vida de Adela Zamudio. Pero su pensamiento insurgente, su pluma valiente y su lucha por la justicia … Ver más"
Roxana Pérez,https://www.facebook.com/RoxanaPerezDelCastillo,no,2021-01-04,19000,0,2025-06-02,post,https://www.facebook.com/share/p/1SGsXmyu34/,3,15,33,0,0,0,0,0,0,0,"La falta de empatía escudada en burocracia no sólo significa falta de atención y negligencia, es una señal de alerta para La Paz. La vulneración de los derechos tiene u… Ver más"
Roxana Pérez,https://www.facebook.com/RoxanaPerezDelCastillo,no,2021-01-04,19000,0,2025-06-03,post,https://www.facebook.com/share/p/15wNQmzjo7/,1,17,54,0,0,0,0,0,0,0,"En las calles donde pocos se detienen, hay trabajo honesto, esfuerzo y sacrificio que sostienen vidas y familias. Reconocer y respetar a quienes con su labor silenciosa… Ver más"
Roxana Pérez,https://www.facebook.com/RoxanaPerezDelCastillo,no,2021-01-04,19000,0,2025-06-04,post,https://www.facebook.com/share/p/15TrH8KbnT/,50,41,45,0,0,0,0,0,0,0,¿Nunca? Incluso con el mismo tono ...
Roxana Pérez,https://www.facebook.com/RoxanaPerezDelCastillo,no,2021-01-04,19000,0,2025-06-04,post,https://www.facebook.com/share/p/16hQe9ktFt/,1,12,30,0,0,0,0,0,0,0,"Por favor, se necesita más aerolíneas en nuestro país. El turismo como motor económico de La Paz se debe recuperar, recomponer y potenciar. Somos una ciudad de servicio… Ver más"
Roxana Pérez,https://www.facebook.com/RoxanaPerezDelCastillo,no,2021-01-04,19000,0,2025-06-04,post,https://www.facebook.com/share/p/1AagQKLkqk/,0,15,26,0,0,0,0,0,0,0,"En el eco vibrante de la historia resuena Antonio José de Sucre, faro de libertad y coraje inquebrantable. Su vida fue un fuego que iluminó el camino de la justicia y l… Ver más"
Roxana Pérez,https://www.facebook.com/RoxanaPerezDelCastillo,no,2021-01-04,19000,0,2025-06-06,post,https://www.facebook.com/share/p/16gWpT2Vyu/,2,6,18,0,0,0,0,0,0,0,"TODOS HABLAN, DISCUTEN Y ANALIZAN A LOS POLÍTICOS, HOY, COMO LOS PRINCIPALES TRANSGRESORES DE LA PAZ SOCIAL. A veces pienso que la memoria colectiva no es selectiva, si… Ver más"
Roxana Pérez,https://www.facebook.com/RoxanaPerezDelCastillo,no,2021-01-04,19000,0,2025-06-07,post,https://www.facebook.com/share/p/1DqZJwjdkq/,0,0,16,0,0,0,0,0,0,0,
Roxana Pérez,https://www.facebook.com/RoxanaPerezDelCastillo,no,2021-01-04,19000,0,2025-06-07,post,https://www.facebook.com/share/p/19CBhYTEu7/,0,1,21,0,0,0,0,0,0,0,
Roxana Pérez,https://www.facebook.com/RoxanaPerezDelCastillo,no,2021-01-04,19000,0,2025-06-07,post,https://www.facebook.com/RoxanaPerezDelCastillo/posts/pfbid02yKwaf8bqHbdSxFKLuv3t8D2Uc3K5JH1HrMdJsAcgcVqFLiRt728Wy6G1TLgtYnUrl,0,0,9,0,0,0,0,0,0,0,
Roxana Pérez,https://www.facebook.com/RoxanaPerezDelCastillo,no,2021-01-04,19000,0,2025-06-07,post,https://www.facebook.com/share/p/1GKoptgem8/,0,1,13,0,0,0,0,0,0,0,
Roxana Pérez,https://www.facebook.com/RoxanaPerezDelCastillo,no,2021-01-04,19000,0,2025-06-08,post,https://www.facebook.com/share/v/16XuhXF23f/,153,26,59,0,0,0,0,0,0,0," ¡Se llevaron todo y dejaron un Centro de Salud VACÍO!
¡… Ver más"
Roxana Pérez,https://www.facebook.com/RoxanaPerezDelCastillo,no,2021-01-04,19000,0,2025-06-10,post,2025-06-10,2,15,16,0,0,0,0,0,0,0,
Roxana Pérez,https://www.facebook.com/RoxanaPerezDelCastillo,no,2021-01-04,19000,0,2025-06-10,post,https://www.facebook.com/share/p/1BoS7Ei5QP/,0,5,84,0,0,0,0,0,0,0,"“La verdad es que yo sí quiero una historia bonita para contar, que alguien me pregunte cuando tenga sesenta o setenta años sobre el amor de mi vida y poder contarles q… Ver más"
