nombre perfil,url perfil,candidato identificado,creación del perfil,seguidores,seguidos,fecha post,tipo de post,url post,comparticiones,comentarios,reacciones en total,me gusta,me encanta,me divierte,me entristece,me sorprende,me enoja,me importa,contenido
Melisa Ibarra,https://www.facebook.com/melisa.ibarrarosario.5,no,,58316,0,2025-07-17,reel,/reel/1422041845802860/?s=single_unit&__cft__[0]=AZVo7blnJ1lBb6b73pbSdxUB5POqIAzEcYK5yol512pwyD3uUIQe-4f9nKZkBmNAHG9xQixkEACDQsRurpfDtPQ8FEW1mnvsfDkkoO4i2VSOGjkFdSi9LcPk1AcObHIRLCXc4SWxMGfkbGdPsv-igVGJ_gf_bOJ1xKDEHo69ejfGVyrdu9dzmjk10C18Vmaevx4&__tn__=H-R,0,0,0,0,0,0,0,0,0,0,
Melisa Ibarra,https://www.facebook.com/melisa.ibarrarosario.5,no,,58316,0,2025-07-20,reel,/reel/24014740108166956/?s=single_unit&__cft__[0]=AZWWIivsazEJQbVkWHxysLAZ7gphA_UejBIQAWWL6pvCD6cGAIhXVI25raRPvWhfRDV7do-PgbsPF95nrUlbGV4-I36c0lU0sXGqiXlgj-OWzq8aEeLDE7sVVkd_oX1BYgc3E0U2bvP5G9FdiFh1qGwEMFpMs38BCM6JSiv8tEusWw9OwvFxSTybzpkdYypr5mQ&__tn__=H-R,0,0,0,0,0,0,0,0,0,0,
Melisa Ibarra,https://www.facebook.com/melisa.ibarrarosario.5,no,,58316,0,2025-07-21,reel,/reel/30540450985603015/?s=single_unit&__cft__[0]=AZUvjQvKJff09HD0yu18W_YlJSeAkaSKtn-o2-bqdGodO9c58ob3lzKGbI5AL0lq7KkOWNUeFis-TCXCOeddZkPO9MU56G-uKemmKLPVe7UhHRq6ICKSbhJg9VuLNWImmLbV9hr5mYGeJFl5_0Nf-JD1HKHYL1qqMf6J36Bqnz25_UvvUtUVA0hlW1td0Ahkkzw&__tn__=H-R,0,0,0,0,0,0,0,0,0,0,
Melisa Ibarra,https://www.facebook.com/melisa.ibarrarosario.5,no,,58316,0,2025-07-21,reel,/reel/1378358219903433/?s=single_unit&__cft__[0]=AZXpmA7U9gYmPVLTNa5OfYhzVU1RLeGgVV5i0ZHZV_8vXtrKnUTtDWohFaix3K6yVW-OhBx-yJVqTOSJcqNffD3jyontH-ifefEdVwb6jmgu2dFq2mX_jo2vzs3iUa2l_-4iwlHroN29xbFDb-Qnf7-6Bs_SfVyDMWX6Z4CuaKFT2T2hlFQeSLl3CqHdZzHSy4E&__tn__=H-R,0,0,0,0,0,0,0,0,0,0,
Melisa Ibarra,https://www.facebook.com/melisa.ibarrarosario.5,no,,58316,0,2025-07-21,post,2025-07-21,0,0,0,0,0,0,0,0,0,0,
Melisa Ibarra,https://www.facebook.com/melisa.ibarrarosario.5,no,,58316,0,2025-07-21,post,https://www.facebook.com/share/p/1CbZ9sLzry/,5,13,99,81,4,13,1,0,0,0," Hay 300 presos políticos por liberar entre ellos a militares y policías.
Que vuelva la democracia "
Melisa Ibarra,https://www.facebook.com/melisa.ibarrarosario.5,no,,58316,0,2025-07-21,post,https://www.facebook.com/share/p/172nb7nfM9/,2,8,48,34,1,13,0,0,0,0,
Melisa Ibarra,https://www.facebook.com/melisa.ibarrarosario.5,no,,58316,0,2025-07-21,reel,/reel/1927597914709908/?s=single_unit&__cft__[0]=AZXpiNxuyYZGczTXQTdHbSI5Mry9CkNMYmz_Ap-ctuU14HkoSI9cXNggQvmWdtFKK9Qpqrz1QWk8DN45KhlrVkurjF8QaJ--6Mve84hTe727lCORC55Tq3MfTknaxxgCllQsKfz7KpEAfYSGmJIYR34aM01Tq4iculhfr5iZS_vim3tgJ6aCENl-ymKyvyzz5Sw&__tn__=H-R,0,0,0,0,0,0,0,0,0,0,
Melisa Ibarra,https://www.facebook.com/melisa.ibarrarosario.5,no,,58316,0,2025-07-21,post,https://www.facebook.com/share/p/1Ad4SeWAfL/,4,10,84,62,5,16,0,0,0,1,"Es con Kiko, kinkin, Tuto, Tutín"
Melisa Ibarra,https://www.facebook.com/melisa.ibarrarosario.5,no,,58316,0,2025-07-22,post,https://www.facebook.com/share/p/1Fgm9ew4tc/,2,7,16,13,0,3,0,0,0,0,"Opinión 
¿quién ganó el debate presidencial?
BOLIVIA YA NO QUIERE CUENTOS, NI MESÍAS, 
NI SLOGANS VACÍOS
Romer F Villarroel.… Ver más"
Melisa Ibarra,https://www.facebook.com/melisa.ibarrarosario.5,no,,58316,0,2025-07-22,post,https://www.facebook.com/share/p/16Y7sByQg8/,3,26,74,57,0,16,0,1,0,0,"Silencien a Marcelo Claure por favor!
No digas nada, basta de arruinarnos. No tienes el mínimo olfato político, nos vas a perjudicar. 
Por lo menos no te refieras al MAS ni a ninguno de sus candidatos que puedes traernos un efecto contrario. 
Sigue con tus escándalos si quieres pero no te refieras a los azules "
Melisa Ibarra,https://www.facebook.com/melisa.ibarrarosario.5,no,,58316,0,2025-07-22,post,https://www.facebook.com/share/p/16m9fWyn95/,1,7,17,12,1,2,2,0,0,0,Libérenla !
Melisa Ibarra,https://www.facebook.com/melisa.ibarrarosario.5,no,,58316,0,2025-07-22,post,https://www.facebook.com/share/p/16zc7oHVrC/,5,22,94,75,2,16,0,0,1,0,"  QUE RENUNCIE MANFRED 
A Manfred Reyes Villa 
le queda una opción:
Declinar su candidatura. … Ver más"
Melisa Ibarra,https://www.facebook.com/melisa.ibarrarosario.5,no,,58316,0,2025-07-22,post,https://www.facebook.com/share/p/15AC7mLbBH/,0,0,3,1,0,0,2,0,0,0,
Melisa Ibarra,https://www.facebook.com/melisa.ibarrarosario.5,no,,58316,0,2025-07-22,post,https://www.facebook.com/share/p/19Pzsb6Tui/,1,10,23,15,0,8,0,0,0,0,"Agustín Zambrana en el Comité Pro Santa Cruz 
Con carajxs no lograremos nada estimado Agustín. Aquí se requiere ser realista y valiente. 
1) Cada vez hay más errores políticos y escándalos por parte de un candidato que raya en la inmoralidad y en lo mitómano.  … Ver más"
Melisa Ibarra,https://www.facebook.com/melisa.ibarrarosario.5,no,,58316,0,2025-07-22,post,https://www.facebook.com/share/p/1Axs8eRLZ5/,1,0,5,3,2,0,0,0,0,0,
Melisa Ibarra,https://www.facebook.com/melisa.ibarrarosario.5,no,,58316,0,2025-07-22,post,https://www.facebook.com/share/p/16sUbyZG8G/,0,7,10,5,0,5,0,0,0,0,"Por Dainika- Boliviano silencioso
""¡Atención, votantes indecisos! Hoy no venimos con encuestas compradas ni con jingles pegajosos. Hoy venimos con lo que a la gente le encanta: el chisme político con sustancia, las verdades que todos conocen pero que los medios callan, y que nosotros, como buenos ciudadanos hastiados de tanto show, nos animamos a contar.
Porque si de elegir se trata… ¡por lo menos que elijan al que tiene menos mugre… Ver más"
Melisa Ibarra,https://www.facebook.com/melisa.ibarrarosario.5,no,,58316,0,2025-07-22,post,https://www.facebook.com/share/p/1Fah8Pzyot/,3,1,18,15,0,3,0,0,0,0,"Gracias Fabio Bascopé por tu TEMPLANZA Y VALENTÍA
Siendo un ex preso político de la dictadura te atreves a tomar partido mientras otros tiemblan detrás de su teléfono. 
Me encanta la gente con huevos y ovarios que comprende el momento histórico que estamos viviendo:… Ver más"
Melisa Ibarra,https://www.facebook.com/melisa.ibarrarosario.5,no,,58316,0,2025-07-22,post,https://www.facebook.com/share/p/1BauhUW5Ne/,1,0,3,1,0,0,2,0,0,0,
Melisa Ibarra,https://www.facebook.com/melisa.ibarrarosario.5,no,,58316,0,2025-07-22,post,https://www.facebook.com/share/p/16qqiR1N27/,3,0,18,15,0,3,0,0,0,0,
Melisa Ibarra,https://www.facebook.com/melisa.ibarrarosario.5,no,,58316,0,2025-07-22,post,https://www.facebook.com/share/p/1C7UEsTruC/,0,0,3,2,1,0,0,0,0,0,
Melisa Ibarra,https://www.facebook.com/melisa.ibarrarosario.5,no,,58316,0,2025-07-22,post,https://www.facebook.com/share/p/1Aui4D78xr/,10,12,78,61,7,10,0,0,0,0, Lo hará Tuto.
Melisa Ibarra,https://www.facebook.com/melisa.ibarrarosario.5,no,,58316,0,2025-07-22,reel,/reel/1038940351744206/?s=single_unit&__cft__[0]=AZU55j5ieLFcGLhmrLDKqj-oCcpOrRErnSb2OlORhp08_30PV6_lfd6aZd3Fiy-UkvgYKo0pKBArFZaImj3vZGAQ54e8r4KJiiN-YgfmGbQ0x0_uPhdQxXRPx-5ZsYiorMJyGYdAekQYizsxtjs_UMOpZkKB5wd-SFWTzge60juEqUPsXxexbcCoDNasJLenl5k&__tn__=H-R,0,0,0,0,0,0,0,0,0,0,
Melisa Ibarra,https://www.facebook.com/melisa.ibarrarosario.5,no,,58316,0,2025-07-22,post,https://www.facebook.com/share/p/1CMznjHnMn/,1,16,52,40,0,10,0,1,1,0,
Melisa Ibarra,https://www.facebook.com/melisa.ibarrarosario.5,no,,58316,0,2025-07-22,post,https://www.facebook.com/share/p/197Npustb2/,6,28,78,68,1,9,0,0,0,0," La única forma de sacar al Socialismo es sin más SOCIALISMO.
Simple."
Melisa Ibarra,https://www.facebook.com/melisa.ibarrarosario.5,no,,58316,0,2025-07-22,post,https://www.facebook.com/share/p/16X8GjdcKj/,16,24,52,26,1,24,0,0,1,0,"SOCIALISMO LIBERAL ?
Seamos serios por favor y no jueguen con nuestra inteligencia. 
La desesperación está acabando con su coherencia. 
Dunn fue claro: entrego mi propuesta a candidatos NO SOCIALISTAS, eso no incluye a UN puesto que su propuesta está ligado al centralismo, a los bonos y a más ministerios como lo anunció en la CAO y en la entrevista con el Deber. … Ver más"
Melisa Ibarra,https://www.facebook.com/melisa.ibarrarosario.5,no,,58316,0,2025-07-22,post,https://www.facebook.com/share/p/1F9VfrYjAB/,39,4,17,3,0,3,0,10,1,0,Por lo cual necesitamos un presidente con pantalones dispuesto a combatir el narcotráfico.
Melisa Ibarra,https://www.facebook.com/melisa.ibarrarosario.5,no,,58316,0,2025-07-22,post,https://www.facebook.com/share/p/1K91xuoeWW/,8,50,42,42,0,0,0,0,0,0," Para los que dicen:
1) ""El verdadero enemigo es el MAS""
2) ""Estás quemándote tú"", ellos se abrazarán al final. 
El número 1) como slogan es hermoso, trabajé un tiempo en ello, lo comparto, pero la realidad es otra: … Ver más"
