nombre perfil,url perfil,candidato identificado,creación del perfil,seguidores,seguidos,fecha post,tipo de post,url post,comparticiones,comentarios,reacciones en total,me gusta,me encanta,me divierte,me entristece,me sorprende,me enoja,me importa,contenido
Melisa Ibarra,https://www.facebook.com/melisa.ibarrarosario.5,no,,58316,0,2025-07-25,post,https://www.facebook.com/share/p/1B8KABBnAa/,0,2,14,14,0,0,0,0,0,0,"Por quien se inclina ROBACUSI, por ahí no es. 
A quién le da más palo ROBACUSI, ahí es. "
Melisa Ibarra,https://www.facebook.com/melisa.ibarrarosario.5,no,,58316,0,2025-07-25,post,https://www.facebook.com/share/p/1UoQRKsRpD/,62,56,123,95,8,18,0,0,0,2,"  EVO NO ES PRESIDENTE GRACIAS A TUTO. 
(En facilito)
 Camacho, Pumari y Bolivia derrotaron a Evo.
 La policía se acuarteló. 
 M… Ver más"
Melisa Ibarra,https://www.facebook.com/melisa.ibarrarosario.5,no,,58316,0,2025-07-25,post,https://www.facebook.com/share/p/1CYXZ3T2VV/,0,0,5,1,4,0,0,0,0,0,
Melisa Ibarra,https://www.facebook.com/melisa.ibarrarosario.5,no,,58316,0,2025-07-25,post,https://www.facebook.com/share/v/1CSDghJQuZ/,15,50,155,111,16,21,0,2,2,3," 3 razones para elegir al -único candidato-  desde lo real y no desde lo abstracto. 
1) Que sea el que menos errores políticos haya tenido en todo este proceso electoral. 
2) El que haya tenido la menor cantidad de escándalos políticos.  
3) El que tiene mayor coherencia ideológica y el que haya mentido menos, repito el que vaya mentido menos. 
… Ver más"
Melisa Ibarra,https://www.facebook.com/melisa.ibarrarosario.5,no,,58316,0,2025-07-25,post,https://www.facebook.com/share/p/17JHMkhffb/,6,6,56,42,9,5,0,0,0,0," Eso Gary Añez !!! 
Vamos con todo y con Tuto "
Melisa Ibarra,https://www.facebook.com/melisa.ibarrarosario.5,no,,58316,0,2025-07-25,post,https://www.facebook.com/share/p/1EDVJ1gGZq/,28,47,508,364,75,60,1,3,1,4," Destino? Coincidencia? Azar? Aletoriedad ? Señales ? 
Es por la derecha, #EsConTuto"
Melisa Ibarra,https://www.facebook.com/melisa.ibarrarosario.5,no,,58316,0,2025-07-26,post,https://www.facebook.com/share/v/19H65QbEkQ/,2,20,72,46,9,15,0,1,0,1," Pregunta Socrática para lograr pensamiento crítico:
(Imaginario)
 Yo Melisa Ibarra estoy postulando para ser presidenta y mamá de la Asociación de los perritos de la calle de Bolivia. 
Logré estar el 0,7%, 1% y 2% por encima de la que me sigue, resultados de encuestas cuyo margen de error va entre el 2% y 3 %.
Yo… Ver más"
Melisa Ibarra,https://www.facebook.com/melisa.ibarrarosario.5,no,,58316,0,2025-07-26,post,https://www.facebook.com/share/p/19AXEJ3gdB/,8,16,48,33,1,14,0,0,0,0,"Que manera de levantar polvo Marcelo Claure. A más posts, más repercusiones, más viralización 
.
Por Capiguara Libertaria. 
Claure dice que es libertario, pero...… Ver más"
Melisa Ibarra,https://www.facebook.com/melisa.ibarrarosario.5,no,,58316,0,2025-07-26,post,https://www.facebook.com/share/p/19XmDmtxkY/,10,6,96,84,8,2,0,0,0,2,
Melisa Ibarra,https://www.facebook.com/melisa.ibarrarosario.5,no,,58316,0,2025-07-26,post,https://www.facebook.com/share/p/1JBsfyFs23/,3,10,51,38,5,6,1,0,1,0,Libertad para Jeanine y todos los presos políticos!
Melisa Ibarra,https://www.facebook.com/melisa.ibarrarosario.5,no,,58316,0,2025-07-26,post,https://www.facebook.com/share/p/1CuEiWhPFq/,27,47,318,266,12,39,0,0,0,1," Desde que Marco Pumari, semanas atrás señaló que el próximo presidente de Bolivia será -el que menos se equivoque-, sabía que se refería al ing. Jorge Quiroga. 
Qué diferencia entre Pumari y Camacho, quién diría no? 
El que lo filmó y le tendió una trampa apoya al candidato socialista y Pumari al de derecha democrática.  
El potosino muy de valores, escrúpulos, principios y sentido común a todo nivel.
L… Ver más"
Melisa Ibarra,https://www.facebook.com/melisa.ibarrarosario.5,no,,58316,0,2025-07-26,post,https://www.facebook.com/share/p/14F65Z99vTd/,4,4,58,48,4,6,0,0,0,0,"Tuto aplicará:
* La de- construcción del zurdaje en los colegios. 
* Es decir, el des adoctrinamiento, la des cubanización.
* Se acabaron los dioses marxistas en el sistema educativo, se acabó el -Evito pedofilito- como el vergonzoso ""modelo de valores"". … Ver más"
Melisa Ibarra,https://www.facebook.com/melisa.ibarrarosario.5,no,,58316,0,2025-07-26,post,https://www.facebook.com/share/p/1G1TsCPmD9/,1,36,32,23,0,9,0,0,0,0," Cuál es candidato que tiene la mayor cantidad de procesos judiciales del MAS?.
Ahí es."
Melisa Ibarra,https://www.facebook.com/melisa.ibarrarosario.5,no,,58316,0,2025-07-26,post,https://www.facebook.com/share/p/19XTHxtiv8/,0,0,7,5,0,0,2,0,0,0,Hola Koalas 
Melisa Ibarra,https://www.facebook.com/melisa.ibarrarosario.5,no,,58316,0,2025-07-26,post,https://www.facebook.com/share/p/1EX3NRkKXQ/,2,0,5,2,0,3,0,0,0,0,"No creas NADA de lo que te dicen los Tutistas, date un tiempo y escúchalo tú mismo.
Que NADIE te la charle, que nadie sobrepase tu inteligencia ni manipule tu instinto."
Melisa Ibarra,https://www.facebook.com/melisa.ibarrarosario.5,no,,58316,0,2025-07-26,post,https://www.facebook.com/share/p/1E2zGkHE1x/,0,0,2,2,0,0,0,0,0,0,
Melisa Ibarra,https://www.facebook.com/melisa.ibarrarosario.5,no,,58316,0,2025-07-27,post,https://www.facebook.com/share/p/1A4FEuAakL/,48,72,390,282,42,60,0,2,1,3,"  EVO NO ES PRESIDENTE GRACIAS A TUTO. 
Historia mata campaña sucia.
(En facilito)
 Camacho, Pumari y Bolivia derrotaron a Evo.
 … Ver más"
Melisa Ibarra,https://www.facebook.com/melisa.ibarrarosario.5,no,,58316,0,2025-07-27,post,https://www.facebook.com/share/p/16tQ2U4mUr/,2,0,17,14,0,2,0,1,0,0,"Samuel no deja de hacerse guerra sucia 
.  Es una tras otra "
Melisa Ibarra,https://www.facebook.com/melisa.ibarrarosario.5,no,,58316,0,2025-07-27,post,https://www.facebook.com/share/p/1EhXRAgB28/,16,19,89,73,6,10,0,0,0,0," TUTO TIENE HONESTIDAD IDEOLOGICA E  INTELECTUAL 
 Tuto no es vicepresidente de la Internacional Socialista, los socios de Maduro.  No propone una ""Derecha Socialista"" para ganar o recuperar votos. 
 No cambia de ideología. Es derecha democrática seducido por el Liberalismo. 
 No… Ver más"
Melisa Ibarra,https://www.facebook.com/melisa.ibarrarosario.5,no,,58316,0,2025-07-27,post,https://www.facebook.com/share/p/1JEfm3csCk/,10,34,63,51,8,3,0,0,0,1,"Por Orlando Pacheco 
""Durante más de dos décadas, el régimen masista ha degradado el sistema judicial boliviano, convirtiéndolo en un instrumento de represión política. La justicia, en lugar de ser garante del Estado de derecho, ha sido pervertida para silenciar disidencias, encarcelar adversarios y perpetuar una narrativa de poder basada en el miedo y la manipulación. Casos emblemáticos como los de Luis Fernando Camacho, Marco Pumari, la expresidenta Jeanine Añez, y decenas… Ver más"
Melisa Ibarra,https://www.facebook.com/melisa.ibarrarosario.5,no,,58316,0,2025-07-27,post,https://www.facebook.com/share/p/1CdL27wJ7P/,41,69,292,223,46,21,0,0,0,2,"PUMARI SÍ LA VÍO
""Marco Pumari, el líder que junto a su homónimo cruceño, LF Camacho, lideró el paro que terminó con la renuncia de Evo Morales, ha tomado la decisión de apoyar a Tuto Quiroga. Pumari ""la vio"", me dijo un amigo, al comentarme la noticia. 
¿Qué vio Pumari desde su secuestro que LF Camacho no pudo ver desde su también injusto encierro? La respuesta es más simple: Marco Antonio Pumari sabe que un nuevo gobierno que no solucione la brutal crisis será presa fácil… Ver más"
Melisa Ibarra,https://www.facebook.com/melisa.ibarrarosario.5,no,,58316,0,2025-07-27,post,https://www.facebook.com/share/p/1CgFtxSx2P/,12,45,171,110,17,43,0,1,0,0," Qué diferencia un CEO empresarial de un CEO político ?
 Que el CEO político sabe que no es el manda más, que los gobernados no son sus empleados, que no tiene la última palabra. 
 Un CEO político es conciente que debe operar en un entorno de constante negociación, crítica, tensión, divergencias y consenso. 
 … Ver más"
Melisa Ibarra,https://www.facebook.com/melisa.ibarrarosario.5,no,,58316,0,2025-07-27,post,https://www.facebook.com/share/p/1AgzKCAK8D/,9,29,73,55,1,13,1,3,0,0,"Efecto Claure. 
Y después dicen que les hacen guerra sucia cuando ellos mismos se hacen guerra sucia 
. Un desastre, error tras error, cero tacto."
Melisa Ibarra,https://www.facebook.com/melisa.ibarrarosario.5,no,,58316,0,2025-07-27,post,https://www.facebook.com/share/p/1CUPsMPJ3g/,0,0,8,8,0,0,0,0,0,0,
Melisa Ibarra,https://www.facebook.com/melisa.ibarrarosario.5,no,,58316,0,2025-07-27,post,https://www.facebook.com/share/p/174GJXMni6/,0,0,0,0,0,0,0,0,0,0,"Para las solas y solos. 
Somos millones, recuérdalo 
.
El primer video es simplemente genial."
Melisa Ibarra,https://www.facebook.com/melisa.ibarrarosario.5,no,,58316,0,2025-07-28,post,https://www.facebook.com/share/p/1CcKuSRBH7/,3,5,14,8,0,4,0,2,0,0,
Melisa Ibarra,https://www.facebook.com/melisa.ibarrarosario.5,no,,58316,0,2025-07-28,post,https://www.facebook.com/share/p/16jWzK5eUn/,0,3,6,6,0,0,0,0,0,0,
Melisa Ibarra,https://www.facebook.com/melisa.ibarrarosario.5,no,,58316,0,2025-07-28,post,https://www.facebook.com/share/p/1Ax1vaqFim/,1,0,12,10,0,2,0,0,0,0,
Melisa Ibarra,https://www.facebook.com/melisa.ibarrarosario.5,no,,58316,0,2025-07-28,post,https://www.facebook.com/share/p/19MBGmiKLt/,0,0,8,6,0,2,0,0,0,0,
Melisa Ibarra,https://www.facebook.com/melisa.ibarrarosario.5,no,,58316,0,2025-07-28,post,https://www.facebook.com/share/p/1DyuYk7mXq/,1,2,4,4,0,0,0,0,0,0,
Melisa Ibarra,https://www.facebook.com/melisa.ibarrarosario.5,no,,58316,0,2025-07-28,post,https://www.facebook.com/share/p/16cJpM2z6s/,0,3,23,14,0,9,0,0,0,0,
Melisa Ibarra,https://www.facebook.com/melisa.ibarrarosario.5,no,,58316,0,2025-07-28,post,https://www.facebook.com/share/p/19U6MBsVFJ/,45,74,350,282,48,19,0,1,0,0," Con Tuto vuelve la DEA. 
Tiemblen narcos y amiguis de narcos. 
Es con Tuto, es con huevos "
Melisa Ibarra,https://www.facebook.com/melisa.ibarrarosario.5,no,,58316,0,2025-07-28,post,https://www.facebook.com/share/p/16qWefBC3p/,0,6,19,0,0,0,0,0,0,0,
Melisa Ibarra,https://www.facebook.com/melisa.ibarrarosario.5,no,,58316,0,2025-07-28,post,https://www.facebook.com/share/p/16dHQX53da/,14,115,267,147,22,97,0,0,0,1," Al final, Socialistas y no socialistas con la ""L"" de Libre 
Basta por favor."
Melisa Ibarra,https://www.facebook.com/melisa.ibarrarosario.5,no,,58316,0,2025-07-28,post,https://www.facebook.com/share/p/1AgNHr4eFX/,1,10,33,22,1,10,0,0,0,0,
Melisa Ibarra,https://www.facebook.com/melisa.ibarrarosario.5,no,,58316,0,2025-07-28,post,https://www.facebook.com/share/p/1B5QdwCQ8x/,4,7,34,28,1,5,0,0,0,0,
Melisa Ibarra,https://www.facebook.com/melisa.ibarrarosario.5,no,,58316,0,2025-07-28,post,https://www.facebook.com/share/p/19wnmnkgHp/,0,0,3,3,0,0,0,0,0,0,
Melisa Ibarra,https://www.facebook.com/melisa.ibarrarosario.5,no,,58316,0,2025-07-28,post,https://www.facebook.com/share/p/19ZFTnWAWF/,3,52,148,84,21,39,0,1,1,2,"Miechi que JP no se dejó eh 
Bien che 
La selfie es más comentada sin duda. 
Gol JP "
Melisa Ibarra,https://www.facebook.com/melisa.ibarrarosario.5,no,,58316,0,2025-07-28,post,https://www.facebook.com/share/p/1G1D6yrqfR/,3,18,61,44,1,16,0,0,0,0," Palabra registrada. 
Shirley Franco, una de las mejores mujeres políticas del país se inclina por la inteligencia y coherencia de Tuto "
Melisa Ibarra,https://www.facebook.com/melisa.ibarrarosario.5,no,,58316,0,2025-07-28,post,https://www.facebook.com/share/p/1BEUHYmYdQ/,2,13,43,23,0,20,0,0,0,0,
Melisa Ibarra,https://www.facebook.com/melisa.ibarrarosario.5,no,,58316,0,2025-07-28,post,https://www.facebook.com/share/p/16LwJKp1N5/,1,13,24,18,4,2,0,0,0,0,
Melisa Ibarra,https://www.facebook.com/melisa.ibarrarosario.5,no,,58316,0,2025-07-28,post,https://www.facebook.com/share/p/1EcaBqQ1Qd/,0,0,7,6,0,1,0,0,0,0,
Melisa Ibarra,https://www.facebook.com/melisa.ibarrarosario.5,no,,58316,0,2025-07-28,post,https://www.facebook.com/share/p/19JNq9riMJ/,4,35,93,81,2,10,0,0,0,0,"Sí señor  
 Es con huevos, es con Tuto"
Melisa Ibarra,https://www.facebook.com/melisa.ibarrarosario.5,no,,58316,0,2025-07-28,post,https://www.facebook.com/share/p/16jhzkDbR3/,4,33,48,41,4,3,0,0,0,0,"Por Dainika, Boliviano Silencioso
""Anoche UNITEL organizó lo que algunos ingenuos todavía llaman debate vicepresidencial. Un evento que prometía luces, ideas y propuestas… y nos entregó más silencios incómodos, ataques reciclados y sonrisas falsas que un bingo político en domingo. Pero ojo, no todo fue tan predecible: hubo un detalle que incomodó a varios, sobre todo a quienes llegaron al set creyéndose dueños del escenario.
Los candidatos se acomodaron de izquierda a derec… Ver más"
Melisa Ibarra,https://www.facebook.com/melisa.ibarrarosario.5,no,,58316,0,2025-07-28,post,https://www.facebook.com/share/p/1CjRHtYjVr/,5,126,264,155,9,100,0,0,0,0," Prefiero a un inexperto que adquirirá experiencia a quienes negociaron Litio, a quienes niegan a Añez y a listas negras."
Melisa Ibarra,https://www.facebook.com/melisa.ibarrarosario.5,no,,58316,0,2025-07-28,post,https://www.facebook.com/share/p/176FogzQKo/,1,0,4,4,0,0,0,0,0,0,
Melisa Ibarra,https://www.facebook.com/melisa.ibarrarosario.5,no,,58316,0,2025-07-28,post,https://www.facebook.com/share/p/1MxkY4KBGD/,0,0,11,7,1,3,0,0,0,0,
Melisa Ibarra,https://www.facebook.com/melisa.ibarrarosario.5,no,,58316,0,2025-07-29,post,https://www.facebook.com/share/p/19WHxgARTu/,21,17,198,0,0,0,0,0,0,0, Sí señor
Melisa Ibarra,https://www.facebook.com/melisa.ibarrarosario.5,no,,58316,0,2025-07-29,post,https://www.facebook.com/share/p/1EECwQCeCe/,1,1,2,2,0,0,0,0,0,0,
Melisa Ibarra,https://www.facebook.com/melisa.ibarrarosario.5,no,,58316,0,2025-07-29,post,https://www.facebook.com/share/p/197WJ5NJuv/,11,4,30,6,0,0,0,4,20,0,Denuncia
Melisa Ibarra,https://www.facebook.com/melisa.ibarrarosario.5,no,,58316,0,2025-07-29,post,https://www.facebook.com/share/p/19uWTTE3sS/,4,9,77,59,7,11,0,0,0,0," Industrializar el Litio, NO NEGOCIARLOS en almuerzos bufette a espaldas de Bolivia."
Melisa Ibarra,https://www.facebook.com/melisa.ibarrarosario.5,no,,58316,0,2025-07-29,post,https://www.facebook.com/share/p/1AhsdLcJwm/,1,0,6,3,0,0,0,3,0,0,Extraordinario! 
Melisa Ibarra,https://www.facebook.com/melisa.ibarrarosario.5,no,,58316,0,2025-07-29,post,https://www.facebook.com/share/p/1VcbTsakav/,4,0,4,1,0,3,0,0,0,0,
Melisa Ibarra,https://www.facebook.com/melisa.ibarrarosario.5,no,,58316,0,2025-07-29,post,https://www.facebook.com/share/p/15j9XqKrQR/,2,0,8,0,0,0,0,0,0,0,
Melisa Ibarra,https://www.facebook.com/melisa.ibarrarosario.5,no,,58316,0,2025-07-29,post,https://www.facebook.com/share/p/17K8nZxXgo/,9,0,21,19,0,2,0,0,0,0,"Más que ""país fallido"" es un gobierno fallido con consecuencias fallidas, lo cual dejó un país fallido, es lo mismo. 
Innecesario debate. 
Les recuerdo que Evo Morales preparó la incursión del Narco Socialismo en Perú hace dos años. 
Instaló sus oficinas en Puno y Arequipa. Operó su gente junto a cubanos y venezolanos serviles a los régimenes criminales.… Ver más"
Melisa Ibarra,https://www.facebook.com/melisa.ibarrarosario.5,no,,58316,0,2025-07-30,post,https://www.facebook.com/share/p/16h8hkFoAe/,0,0,1,1,0,0,0,0,0,0,"EL AMOR DE MI VIDA
Llegó sucio, herido,
con la mirada rota y el alma colgando de un hilo.
No sabía jugar,… Ver más"
Melisa Ibarra,https://www.facebook.com/melisa.ibarrarosario.5,no,,58316,0,2025-07-30,post,2025-07-30,0,0,0,0,0,0,0,0,0,0,"Se acuerdan de la selfie de un funcionario de la corte electoral de Venezuela donde se evidenció que Maduro estaba perdiendo y luego se lo declaró victorioso? 
Bueno pues, así opera el narco Socialismo. 
Dejar de subestimar a la mafia"
Melisa Ibarra,https://www.facebook.com/melisa.ibarrarosario.5,no,,58316,0,2025-07-30,post,https://www.facebook.com/share/p/1MJFhH8fE2/,1,1,7,7,0,0,0,0,0,0,
