name,posts publicados,seguidores,siguiendo,comentarios obtenidos,posts compartidos,me gusta,me encanta,me divierte,me entristece,me enoja,me sorprende,me importa,reacciones en total,candidato identificado,url del perfil,creación de perfil
Melisa Ibarra,78,58127,0,1185,563,2483,155,588,11,70,42,14,3363,no,https://www.facebook.com/melisa.ibarrarosario.5,2025-06-11
Sayuri Loza,76,56000,0,689,1641,10150,1032,5520,2366,1370,703,195,21418,no,https://www.facebook.com/sayuri.loza,2025-05-30
Cinthia Guidi,71,7800,0,69,3188,8113,402,334,54,275,154,38,9441,no,https://www.facebook.com/profile.php?id=100089615726605,2025-06-02
Rolando Schrupp,65,10000,1900,505,377,2227,73,1023,15,45,25,5,3700,no,https://www.facebook.com/RolandoSchrupp,2025-06-02
Maria Galindo,57,239000,0,2052,4546,21903,2523,836,821,132,198,143,27366,no,https://www.facebook.com/profile.php?id=100008591051800,2025-05-28
Andrea Cabrera Zambrana ,52,12000,1500,109,189,563,95,183,2,6,9,14,874,no,https://www.facebook.com/andrea.cabrera.1023611,2025-06-01
Batalla Cultural.Bo,43,14000,0,2783,10670,18067,129,50,48,169,63,10,18475,no,https://www.facebook.com/profile.php?id=61574943372897,2025-05-29
Lilibeth Coimbra ,26,63000,0,888,701,3058,120,346,645,546,70,18,4865,no,https://www.facebook.com/LilibethCoimbra1,2025-05-27
ROSA TATIANA AÑEZ CARRASCO,21,4300,0,27,145,445,55,5,0,10,1,3,519,sí,https://www.facebook.com/tatiana.anez.92,2025-05-28
PAULA PAXI SUXO,19,2400,268,0,11,67,6,10,0,5,0,0,88,sí,https://www.facebook.com/profile.php?id=100076489905888,2025-05-30
PATRICIA MAGIN ARANCIBIA IBAÑEZ,17,3100,505,246,296,887,190,0,0,0,1,24,1102,sí,https://www.facebook.com/patriciamagin.arancibiaibanez,2025-05-28
SILVIA MOLLER CHOQUE,16,0,0,5,8,74,3,1,0,0,0,2,81,sí,https://www.facebook.com/silvia.mollerchoque,2025-05-27
ERICKA CHAVEZ AGUILERA,16,662,60,85,60,349,68,0,0,0,0,8,425,sí,https://www.facebook.com/erickachavezc45,2025-05-28
Miguel Calderon,16,919,2200,7,30,48,0,2,5,0,0,0,55,no,https://www.facebook.com/miguel.calderongalindo,2025-06-03
Juventudes Liberales Bolivia ,16,2400,180,0,0,12,0,0,0,0,0,0,12,no,https://www.facebook.com/juventudliberalbolivia,2025-05-28
CARMEN SOLEDAD CHAPETON TANCARA,15,6100,476,114,87,423,82,11,2,0,0,4,522,sí,https://www.facebook.com/soledad.chapetontancara,2025-05-29
Rubi Garcia,15,15000,0,252,560,867,53,32,5,25,38,4,1034,no,https://www.facebook.com/rubi.garcia.360686/,2025-05-27
Mauro Landivar ,12,32000,182,1633,2380,2663,281,554,163,277,261,24,4223,no,https://www.facebook.com/profile.php?id=61552708002190,2025-05-28
Maria Rene Alvarez ,12,22000,267,57,275,549,67,2,8,143,34,2,805,no,https://www.facebook.com/MReneAlvarezScz,2025-05-15
MARIA ESTHER GONGORA MIRANDA,12,1500,0,25,3,101,12,2,0,0,0,1,116,sí,https://www.facebook.com/mariaestherasambleista,2025-05-27
Sara Andrea,12,148000,6,859,2354,9520,15,707,0,3,6,2,10154,no,https://www.facebook.com/sarahandreabolivia,2025-05-28
Erika J. Rivera,12,5300,339,13,1,21,7,0,0,0,1,0,29,no,https://www.facebook.com/erikajimena.riveravargas,2025-05-28
Nadia Beller,11,22000,0,93,345,950,90,878,6,192,73,12,2201,no,https://www.facebook.com/nadia.beller.5,2025-05-30
Roxana Pérez,11,19000,270,100,151,356,34,3,38,1,1,2,434,no,https://www.facebook.com/RoxanaPerezDelCastillo,2025-05-19
Andres Ortega,11,6300,0,32,44,178,7,29,0,0,1,2,217,no,https://www.facebook.com/pensardiferente,2025-05-28
AZUCENA ALEJANDRA FUERTES MAMANI,10,9700,0,67,18,163,15,5,41,3,0,9,236,sí,https://www.facebook.com/AzucenaFuertesPotosi,2025-05-29
Coordinadora de la Mujer - Observatorio de Género BO,10,22000,190,19,56,185,23,0,0,0,0,2,210,no,https://www.facebook.com/CoordinadoraBO,2025-05-19
Silvana Mucarzel,10,10000,104,15,26,191,24,1,0,0,0,0,290,no,https://www.facebook.com/silvanamucarzelconcejal,2025-05-19
MAGDALENA MOGRO LACUNZA,10,1000,2200,0,0,0,0,0,1,0,0,0,1,sí,https://www.facebook.com/magda.mogrolacunza,2025-05-30
MARIA KHALINE MORENO CARDENAS,10,20000,182,15,92,399,79,4,0,0,1,8,503,sí,https://www.facebook.com/profile.php?id=100048470096823,2025-06-02
Nadia Montaño,10,13000,1900,5,18,213,50,1,0,0,0,4,268,no,https://www.facebook.com/nadiamontanortiz,2025-05-29
ANDREA BRUNA BARRIENTOS SAHONERO,10,20000,82,130,77,350,23,37,0,1,0,2,413,sí,https://www.facebook.com/AndreaBarrientosCC,2025-06-01
NATHALY TOVIAS CLAURE,10,5600,0,260,394,2923,342,62,1,3,2,13,3419,no,https://www.facebook.com/nathaly.toviasclaure,2025-06-01
MARIA BERTHA GUTIERREZ MENDOZA,10,0,0,40,31,314,46,3,0,0,1,8,372,sí,https://www.facebook.com/mariabertha.gutierrezmendoza,2025-06-02
SILVANA MUCARZEL DEMETRY,10,10000,104,15,24,210,25,1,0,0,0,0,236,sí,https://www.facebook.com/silvanamucarzelconcejal/,2025-06-01
NIRVATH MARITZA VILLENA CARDOZO,9,2400,502,8,19,113,40,0,0,0,0,5,158,no,https://www.facebook.com/nirvathmaritza.villenacardozodelopez,2025-05-28
Andrea Barrientos,8,20000,82,126,72,321,12,28,0,1,0,1,363,no,https://www.facebook.com/AndreaBarrientosCC,2025-05-15
Ciberwarmis - Mujeres ayudando a mujeres,8,12000,349,2,6,35,10,0,0,0,0,2,47,no,https://www.facebook.com/Ciberwarmis.bo,2025-05-23
Nelly Flores,8,0,0,4,0,0,0,0,0,0,0,0,0,no,https://www.facebook.com/profile.php?id=100049763891374,2025-06-02
MARILU EUGENIA RAMOS MAMANI,8,0,0,0,0,0,0,0,0,0,0,0,0,sí,https://www.facebook.com/maria.eugenia.ramos.mamani.2025,2025-05-27
SHIRLEY MALDONADO ALVAREZ,8,2200,125,33,34,258,42,5,0,0,0,1,361,sí,https://www.facebook.com/profile.php?id=61576562194155,2025-05-28
Rosario Callejas,7,9600,82,63,188,153,9,8,4,3,1,1,664,no,https://www.facebook.com/RosarioCallejasConcejalGremial,2025-05-15
LORENA ANAIZ PEREZ DAVALOS,7,6900,0,1,8,8,0,0,4,0,0,0,12,sí,https://www.facebook.com/lorena.a.davalos,2025-05-27
EVA LUZ HUMEREZ ALVEZ,7,6000,3400,7,1,38,8,4,0,0,0,0,50,sí,https://www.facebook.com/eva.luz.humerez/,2025-05-28
YENNY NADYA CLADERA SAENZ,6,3700,598,30,14,145,43,0,3,0,9,5,205,sí,https://www.facebook.com/yenny.claderasaenz/,2025-05-27
Mamás Sororas de Bolivia ,6,13000,0,4,15,67,26,0,7,1,2,0,103,no,https://www.facebook.com/MamasSororasBolivia,2025-05-19
Natalia Aparicio,5,7500,0,10,13,221,31,1,0,0,0,2,255,no,https://www.facebook.com/la.aparicioooo,2025-05-28
YHISSEL MARISOL DAVALO LANCEA,5,2800,633,69,50,329,81,6,0,0,0,1,417,sí,https://www.facebook.com/nenita.savedra.7,2025-06-02
Luciana Campero,5,11000,0,239,510,1296,278,0,3,117,8,14,2042,no,https://www.facebook.com/lu.camperochavez,2025-05-15
Lourdes Chambilla,5,3200,612,14,4,38,0,4,0,0,3,0,45,no,https://www.facebook.com/LuliChambilla,2025-05-19
LUCILA MENDIETA PEREZ,5,2400,111,1,3,7,0,0,0,0,0,0,7,sí,https://www.facebook.com/lucila.mendietaperez,2025-05-28
KATHIUSKA GUZMAN ORELLANA,5,1200,152,6,13,142,12,0,0,0,1,0,155,no,https://www.facebook.com/walter.a.sanchez.50,2025-05-29
LUCIANA MICHELLE CAMPERO CHAVEZ,5,11000,0,234,361,1747,374,3,2,1,4,19,2150,sí,https://www.facebook.com/lu.camperochavez,2025-06-02
VALENTINA VERONICA LLANOS BARRON,5,1100,461,1,0,0,0,0,0,0,0,0,0,sí,https://www.facebook.com/valentinaveronica.llanosbarron.3/,2025-05-28
Laura Luisa Nayar,5,39000,107,1134,1387,8478,892,150,8,40,21,29,9723,no,https://www.facebook.com/luisanayars,2025-05-15
Feminismo Comunitario Antipatriarcal,4,35000,124,1,4,16,4,0,10,0,0,1,31,no,https://www.facebook.com/feminismo.comunitario.Antipatriarcal,2025-05-19
Paola Aguirre ,4,57000,21,375,425,2359,663,4,4,24,75,65,3190,no,https://www.facebook.com/paolaaguirremelgar,2025-05-19
Sofi Rocha,4,8000,2000,24,6,109,13,21,0,0,0,3,146,no,https://www.facebook.com/sofi.rocha.12,2025-05-27
Dimelza Rodriguez Quinsamolle,4,3000,18,41,80,313,0,1,0,1,2,0,317,no,https://www.facebook.com/profile.php?id=61570121371268,2025-05-27
Andrea Vaca Barbery ,4,39000,50,175,323,1635,111,0,0,0,0,3,1749,no,https://www.facebook.com/andreavacabarbery,2025-05-27
YESSICA PRISILA DANTES ESCALANTE,4,5500,1700,28,4,152,64,0,6,0,0,0,327,no,https://www.facebook.com/prisila.dantesescalante,2025-05-27
YOLANDA YHARSINA RENGIFO MUR,4,603,55,0,0,0,0,0,0,0,0,0,0,sí,https://www.facebook.com/people/Yharsina-Rengifo-Diputada-por-Chuquisaca/100064235523785/,2025-05-28
Carla Sandy Claure ,4,11000,0,13,11,55,7,1,0,3,1,2,69,no,https://www.facebook.com/carla.sandy.007,2025-05-28
JACQUELINE CINTIA POVEDA FUENTES,4,0,0,0,0,2,0,0,0,0,0,0,2,no,https://www.facebook.com/cintia.poveda,2025-05-28
Fernando Untoja,4,0,0,33,14,67,2,5,0,0,0,0,85,no,https://www.facebook.com/fuchitonano,2025-05-28
Susana Bejarano,4,8000,0,134,29,390,34,93,1,9,3,8,538,no,https://www.facebook.com/profile.php?id=772515640,2025-05-29
YAMILA NUR REYES ORTEGA,4,166,9,4,3,22,7,0,0,0,0,0,36,no,https://www.facebook.com/profile.php?id=61572021665143,2025-05-29
Melania Torrico,3,20000,2800,54,3,56,25,28,0,3,0,2,114,no,https://www.facebook.com/melania.pericon,2025-05-27
CECILIA ISABEL REQUENA ZARATE,3,4500,163,5,27,93,10,0,13,0,0,5,121,sí,https://www.facebook.com/CeciliaRequenaZarate,2025-05-30
Quya Reyna ,3,9300,0,164,27,537,170,7,4,0,6,25,855,no,https://www.facebook.com/quya.reyna,2025-05-28
YESENIA YARHUI ALBINO,3,12000,233,625,2120,2123,77,228,2,36,12,3,2484,sí,https://www.facebook.com/yarhuiyesenia,2025-05-28
Ana Lucía Velasco,3,2000,0,22,6,93,11,31,5,1,1,0,142,no,https://www.facebook.com/anavelascou,2025-05-29
Por la vida de las mujeres,3,16000,124,0,6,7,7,0,3,1,0,0,18,no,https://www.facebook.com/Porlavidadelasmujeres.Bolivia,2025-05-19
Roxana Duchên,3,63000,0,294,314,559,103,255,2,0,2,10,2531,no,https://www.facebook.com/RoxanaDuchenn,2025-05-27
CAROLINA ALIZON CHINO NICOLAS,3,6600,0,0,1,0,0,3,0,0,0,0,3,sí,https://www.facebook.com/carolinaalizon.chinonicolas/,2025-05-27
ROSS MARY BRAVO SALAZAR,2,5200,1500,0,0,9,0,0,0,0,0,0,9,sí,https://www.facebook.com/RBSVGR/,2025-05-28
Joshua Bellot,2,6800,1700,31,4,122,2,0,0,0,0,0,124,no,https://www.facebook.com/joshua.bellott,2025-05-28
BETTY NANCY GARCIA MARTINEZ,2,249,365,0,1,7,0,0,0,0,0,0,7,no,https://www.facebook.com/bettynancy.garciamartinez/,2025-05-29
LEINA SUELY LAVADENZ ROCA,2,0,0,0,0,0,0,0,0,0,0,0,0,no,https://www.facebook.com/leinasuely.lavadenzroca,2025-05-29
MARINA ISABEL CACHAMBI ALVAREZ,2,867,14,193,300,283,56,1,0,0,0,1,341,sí,https://www.facebook.com/profile.php?id=100063933884078,2025-05-27
Omarth Luna,2,4700,0,1,5,10,3,0,0,0,1,0,18,no,https://www.facebook.com/OmarthLuna/,2025-05-27
ROCIO RIVERA CALLE,2,3400,2200,4,3,2,0,22,0,0,0,0,24,no,https://www.facebook.com/rocio.riveracalle,2025-05-27
MARY ISABEL DEL LLANO ARCHONDO,2,0,0,4,0,43,18,0,0,0,0,2,71,sí,https://www.facebook.com/mary.delllano,2025-06-01
Jaime Dunn - Santa Cruz,2,3800,171,5,67,58,14,0,2,0,0,0,74,no,https://www.facebook.com/ActivismoLibertario,2025-05-27
Jhanisse V. Daza,2,11000,0,0,15,25,5,0,0,0,0,2,32,no,https://www.facebook.com/jhanisse,2025-06-02
Pan y Rosas Bolivia,2,10000,257,1,3,30,16,0,0,0,0,6,52,no,https://www.facebook.com/panyrosasdebolivia,2025-05-19
PAOLA LORENA BARRIGA MACHICAO,2,10000,0,0,0,0,0,0,0,0,0,0,0,sí,https://www.facebook.com/paola.barriga.104,2025-05-28
Mueres Creando,1,63000,67,0,0,6,0,0,0,1,1,0,8,no,https://www.facebook.com/MUJERESCREANDO1,2025-05-19
MAGALY MARGOT ICHAZO CHOQUE,1,0,0,42,0,50,19,0,0,0,0,4,73,no,https://www.facebook.com/magalymargot.ichazochoque.98,2025-05-27
ROSARIO RANET RODRIGUEZ PERALES,1,0,0,9,4,21,0,0,0,0,0,0,21,no,https://www.facebook.com/rosario.rodriguezperales,2025-06-23
ASUNTA FLORES SUAREZ,1,1004,0,4,4,34,9,0,0,0,0,0,43,no,https://www.facebook.com/asunta.floressuarez.5,2025-05-28
YAMELLY ROSMERY CALLE CONDORI,1,0,0,0,0,0,0,0,0,0,0,0,0,no,https://www.facebook.com/yameli.callecondori,2025-05-28
María Patricia Arce,1,31000,16,5,18,23,2,0,0,0,0,0,24,no,https://www.facebook.com/PatriciaArceSitioOficial,2025-05-15
GLADYS HIDALGO GALINDO,1,6200,516,4,0,37,11,0,0,0,0,1,49,no,https://www.facebook.com/gladyshidalgo.galindo,2025-05-27
GABRIELA MIROSLAVA GONZALES MACHICADO,1,7000,0,3,4,51,0,0,0,0,0,0,51,no,https://www.facebook.com/ggonzalesmachicado,2025-05-29
Víctimas de Feminicidio e Infanticidio Bolivia ,1,15000,61,2,1,4,1,1,0,0,0,0,6,no,https://www.facebook.com/profile.php?id=100064532303161,2025-05-19
FABIOLA ALBA SUAREZ,1,4100,0,2,0,4,0,0,0,0,0,0,4,no,https://www.facebook.com/fabiola.alba.suarez.2025,2025-05-28
Frente LIBRE ,1,1300,84,0,1,2,0,0,0,0,0,0,2,no,https://www.facebook.com/FrenteLiberalRepublicano,2025-06-02
Carola Antezana,1,579,0,3,1,11,0,0,0,0,0,0,11,no,https://www.facebook.com/carola.a.pantoja,2025-05-29
NASSIA JHOSELIN SALVADOR PALACIOS,1,3900,6800,0,3,17,11,0,0,0,0,0,28,no,https://www.facebook.com/nassiasalvado,2025-06-24
CLAUDIA ALIDA SALAS TAMBARE,1,55,0,0,65,42,8,0,0,0,0,0,50,sí,https://www.facebook.com/claudiaalida.salastambare,2025-05-28
Avanza Libertad Bolivia ,1,375,5,0,13,18,5,0,0,0,1,0,24,no,https://www.facebook.com/profile.php?id=61554129437310,2025-06-02
TOMASA YARHUI JACOME,1,2100,65,2,1,10,0,0,0,0,0,0,10,sí,https://www.facebook.com/TomasaYarhuiJ,2025-05-30
CARMEN ROSA SANDOVAL CASTRO,1,1700,0,0,0,0,0,0,0,0,0,0,0,no,https://www.facebook.com/carmenrosa.sandovalcastro,2025-06-24
KARINA PATRICIA LIEBERS CACERES,1,333,0,0,0,0,0,0,0,0,0,0,0,sí,https://www.facebook.com/karinalc3,2025-05-27
FELIPA RAMOS MAMANI,1,0,0,0,0,0,0,0,0,0,0,0,0,sí,https://www.facebook.com/felipa.ramosmamani.9,2025-05-28
