nombre perfil,url perfil,candidato identificado,creación del perfil,seguidores,seguidos,fecha post,tipo de post,url post,comparticiones,comentarios,reacciones en total,me gusta,me encanta,me divierte,me entristece,me sorprende,me enoja,me importa,contenido
INDIRA YAMBAR YAJAHIRA DESTRE ANTELO,https://www.facebook.com/profile.php?id=61576638942004,no,2025-05-30,1100,36,2025-07-17,post,https://www.facebook.com/share/v/1C6kQhbxLm/,13,0,60,45,11,0,0,0,0,4,"Estuvimos en Radio San Miguel, compartiendo nuestras ideas y propuestas… Ver más"
INDIRA YAMBAR YAJAHIRA DESTRE ANTELO,https://www.facebook.com/profile.php?id=61576638942004,no,2025-05-30,1100,36,2025-07-17,post,https://www.facebook.com/share/p/1AZhkZMYd3/,4,6,99,57,34,0,0,0,0,8,"Muchas gracias querido doctor, el respeto y admiración que le tengo va más allá de un color o ideología política.
Dios me lo bendiga siempre e ilumine nuestro camino en cada paso."
INDIRA YAMBAR YAJAHIRA DESTRE ANTELO,https://www.facebook.com/profile.php?id=61576638942004,no,2025-05-30,1100,36,2025-07-17,post,https://www.facebook.com/share/v/16FTj6psMe/,14,14,121,0,0,0,0,0,0,0,"La autonomía permite al Beni decidir su propio destino, gestionando sus recursos y respetando su diversidad cultural para impulsar un desarrollo acorde a su realidad.
#cambioradical 
#TutoPresidente 
#JP"
INDIRA YAMBAR YAJAHIRA DESTRE ANTELO,https://www.facebook.com/profile.php?id=61576638942004,no,2025-05-30,1100,36,2025-07-19,post,https://www.facebook.com/share/v/1QQu6E4wX7/,4,1,18,17,1,0,0,0,0,0,"A veces parece que no hay camino, pero en Bolivia nunca dejamos de avanzar. 
Nos levantamos con esfuerzo y corazón, incluso cuando todo pesa. … Ver más"
INDIRA YAMBAR YAJAHIRA DESTRE ANTELO,https://www.facebook.com/profile.php?id=61576638942004,no,2025-05-30,1100,36,2025-07-19,post,https://www.facebook.com/share/v/1CMEWoo6ps/,30,12,33,24,1,0,0,8,0,0,Casualidad o CAUSALIDAD? Saquen sus conclusiones amig@s.
INDIRA YAMBAR YAJAHIRA DESTRE ANTELO,https://www.facebook.com/profile.php?id=61576638942004,no,2025-05-30,1100,36,2025-07-19,post,https://www.facebook.com/share/v/191w52GRQ5/,17,8,112,79,32,0,0,0,0,1,"Indira Yambar Yajahira Destre Antelo, conocida como ""Pita"", es candidata a diputada uninominal por la circunscripción 60 con la alianza Libre. Ingeniera, madre, empresa… Ver más"
INDIRA YAMBAR YAJAHIRA DESTRE ANTELO,https://www.facebook.com/profile.php?id=61576638942004,no,2025-05-30,1100,36,2025-07-20,post,https://www.facebook.com/share/p/1GMBHnLpa9/,37,3,70,52,18,0,0,0,0,0,"Riberalta merece calles seguras, salud digna y oportunidades reales.
 ¡Vamos por un Cambio Radical que transforme la vida de todos!… Ver más"
INDIRA YAMBAR YAJAHIRA DESTRE ANTELO,https://www.facebook.com/profile.php?id=61576638942004,no,2025-05-30,1100,36,2025-07-20,post,https://www.facebook.com/share/p/1CA3dFwRcE/,18,1,49,0,0,0,0,0,0,0,"""Queridos hermanos y hermanas de Riberalta,… Ver más"
INDIRA YAMBAR YAJAHIRA DESTRE ANTELO,https://www.facebook.com/profile.php?id=61576638942004,no,2025-05-30,1100,36,2025-07-22,post,https://www.facebook.com/share/p/1AzA8FYJf3/,1,0,27,23,4,0,0,0,0,0,
