name,posts publicados,seguidores,siguiendo,comentarios obtenidos,posts compartidos,me gusta,me encanta,me divierte,me entristece,me enoja,me sorprende,me importa,reacciones en total,candidato identificado,url del perfil,creación de perfil
Miguel Calderon,46,897,2200,18,15,124,17,7,2,2,2,0,154,no,https://www.facebook.com/miguel.calderongalindo,2025-06-03
Andrea Cabrera Zambrana ,40,11000,1500,65,60,286,11,166,5,8,26,4,506,no,https://www.facebook.com/andrea.cabrera.1023611,2025-06-01
Melisa Ibarra,38,58232,0,581,130,670,21,244,33,30,71,1,1074,no,https://www.facebook.com/melisa.ibarrarosario.5,2025-06-11
EVA LUZ HUMEREZ ALVEZ,33,6000,3500,34,24,219,105,15,29,1,1,5,374,sí,https://www.facebook.com/eva.luz.humerez/,2025-05-28
Rubi Garcia,32,15000,0,257,955,1035,51,42,36,113,80,5,1359,no,https://www.facebook.com/rubi.garcia.360686/,2025-05-27
Lilibeth Coimbra ,31,63000,0,1979,791,6177,303,2220,99,72,703,31,9676,no,https://www.facebook.com/LilibethCoimbra1,2025-05-27
Jaime Dunn - Santa Cruz,31,2400,158,98,477,938,100,7,4,1,3,6,1058,no,https://www.facebook.com/ActivismoLibertario,2025-05-27
Cinthia Guidi,28,6700,0,17,2163,3907,113,221,56,76,82,13,4581,no,https://www.facebook.com/profile.php?id=100089615726605,2025-06-02
Rolando Schrupp,26,10000,1900,123,1015,1064,32,239,8,39,7,4,1764,no,https://www.facebook.com/RolandoSchrupp,2025-06-02
Andres Ortega,24,6300,0,36,75,313,14,19,1,2,0,1,350,no,https://www.facebook.com/pensardiferente,2025-05-28
MAGDALENA MOGRO LACUNZA,21,1000,2200,9,1,11,2,0,1,1,0,0,16,sí,https://www.facebook.com/magda.mogrolacunza,2025-05-30
Sayuri Loza,19,56000,0,123,713,1511,353,2471,305,16,35,76,4785,no,https://www.facebook.com/sayuri.loza,2025-05-30
SILVIA MOLLER CHOQUE,19,0,0,2,5,14,1,0,0,0,0,1,16,sí,https://www.facebook.com/silvia.mollerchoque,2025-05-27
Batalla Cultural.Bo,17,12000,0,547,3383,5498,219,54,4,8,9,28,5751,no,https://www.facebook.com/profile.php?id=61574943372897,2025-05-29
Capiguara Libertaria,16,0,0,63,47,301,48,13,26,8,3,10,409,no,https://www.facebook.com/luisita.balbian,2025-06-02
Roxana Pérez,16,19000,267,145,238,305,55,7,48,17,21,3,488,no,https://www.facebook.com/RoxanaPerezDelCastillo,2025-05-19
Juventudes Liberales Bolivia ,14,2400,169,3,8,24,2,18,6,3,0,0,53,no,https://www.facebook.com/juventudliberalbolivia,2025-05-28
Maria Galindo,14,238000,0,127,225,753,172,49,0,2,4,17,1415,no,https://www.facebook.com/profile.php?id=100008591051800,2025-05-28
Roxana Duchên,13,62000,0,632,2327,4699,113,7993,21,23,54,20,12949,no,https://www.facebook.com/RoxanaDuchenn,2025-05-27
VALENTINA VERONICA LLANOS BARRON,12,1100,460,3,1,14,4,0,0,0,1,0,19,sí,https://www.facebook.com/valentinaveronica.llanosbarron.3/,2025-05-28
MARILU EUGENIA RAMOS MAMANI,11,0,0,0,0,0,0,1,0,0,0,0,1,sí,https://www.facebook.com/maria.eugenia.ramos.mamani.2025,2025-05-27
Mauro Landivar ,11,31000,181,1661,1623,1890,97,5226,7,209,249,15,7644,no,https://www.facebook.com/profile.php?id=61552708002190,2025-05-28
Feminismo Comunitario Antipatriarcal,11,34000,124,4,181,103,40,5,2,1,0,22,231,no,https://www.facebook.com/feminismo.comunitario.Antipatriarcal,2025-05-19
Nadia Beller,11,22000,0,125,171,902,85,301,13,5,8,16,1330,no,https://www.facebook.com/nadia.beller.5,2025-05-30
LORENA ANAIZ PEREZ DAVALOS,11,6900,0,4,5,37,25,1,3,0,2,1,69,sí,https://www.facebook.com/lorena.a.davalos,2025-05-27
Sara Andrea,11,148000,5,326,475,2977,390,141,4,2,67,21,4790,no,https://www.facebook.com/sarahandreabolivia,2025-05-28
Carla Sandy Claure ,10,11000,0,75,23,229,28,21,19,1,2,1,301,no,https://www.facebook.com/carla.sandy.007,2025-05-28
CECILIA ISABEL REQUENA ZARATE,9,4500,161,6,44,173,19,0,6,0,0,3,201,sí,https://www.facebook.com/CeciliaRequenaZarate,2025-05-30
PAULA PAXI SUXO,9,2300,265,2,5,16,1,0,0,0,0,0,17,sí,https://www.facebook.com/profile.php?id=100076489905888,2025-05-30
SILVANA MUCARZEL DEMETRY,9,9600,100,74,61,255,61,10,0,2,0,2,480,sí,https://www.facebook.com/silvanamucarzelconcejal/,2025-06-01
Nelly Flores,8,0,0,1,0,3,0,0,0,0,0,0,3,no,https://www.facebook.com/profile.php?id=100049763891374,2025-06-02
PATRICIA MAGIN ARANCIBIA IBAÑEZ,8,2600,506,28,120,222,27,0,0,0,0,2,251,sí,https://www.facebook.com/patriciamagin.arancibiaibanez,2025-05-28
YAMILA NUR REYES ORTEGA,8,138,9,14,14,87,46,0,0,0,0,0,133,no,https://www.facebook.com/profile.php?id=61572021665143,2025-05-29
MARIA BERTHA GUTIERREZ MENDOZA,8,0,0,22,15,120,25,2,0,0,0,1,153,sí,https://www.facebook.com/mariabertha.gutierrezmendoza,2025-06-02
Natalia Aparicio,8,7300,0,11,11,275,53,5,2,0,0,1,336,no,https://www.facebook.com/la.aparicioooo,2025-05-28
Ciberwarmis - Mujeres ayudando a mujeres,8,11000,347,9,39,119,38,0,0,0,0,3,160,no,https://www.facebook.com/Ciberwarmis.bo,2025-05-23
Erika J. Rivera,8,5300,331,5,11,35,2,2,2,2,0,0,45,no,https://www.facebook.com/erikajimena.riveravargas,2025-05-28
Dimelza Rodriguez Quinsamolle,7,2800,17,5,6,39,4,2,0,9,1,0,55,no,https://www.facebook.com/profile.php?id=61570121371268,2025-05-27
Maria Rene Alvarez ,7,22000,266,59,82,440,120,1,0,16,4,12,593,no,https://www.facebook.com/MReneAlvarezScz,2025-05-15
Silvana Mucarzel,7,9600,100,57,43,316,67,6,1,2,0,4,396,no,https://www.facebook.com/silvanamucarzelconcejal,2025-05-19
Andrea Barrientos,7,20000,82,187,66,315,39,130,1,4,4,4,497,no,https://www.facebook.com/AndreaBarrientosCC,2025-05-15
NIRVATH MARITZA VILLENA CARDOZO,7,1800,493,104,64,377,186,0,0,0,2,7,571,no,https://www.facebook.com/nirvathmaritza.villenacardozodelopez,2025-05-28
JACQUELINE CINTIA POVEDA FUENTES,7,0,0,0,0,2,0,0,0,0,0,0,2,no,https://www.facebook.com/cintia.poveda,2025-05-28
AZUCENA ALEJANDRA FUERTES MAMANI,7,9700,0,51,29,230,23,14,1,0,0,4,272,sí,https://www.facebook.com/AzucenaFuertesPotosi,2025-05-29
ANDREA BRUNA BARRIENTOS SAHONERO,7,20000,82,187,66,315,39,130,1,4,4,4,497,sí,https://www.facebook.com/AndreaBarrientosCC,2025-06-01
Jhanisse V. Daza,7,9322,0,3,31,212,71,0,0,0,0,3,286,no,https://www.facebook.com/jhanisse,2025-06-02
MARINA ISABEL CACHAMBI ALVAREZ,6,763,16,365,441,633,136,3,0,0,0,6,778,sí,https://www.facebook.com/profile.php?id=100063933884078,2025-05-27
ROSA TATIANA AÑEZ CARRASCO,6,4200,0,2,6,26,0,0,1,0,0,0,27,sí,https://www.facebook.com/tatiana.anez.92,2025-05-28
Rosario Callejas,5,9500,82,19,71,231,9,2,1,1,5,2,251,no,https://www.facebook.com/RosarioCallejasConcejalGremial,2025-05-15
Mamás Sororas de Bolivia ,5,13000,0,17,58,127,1,2,3,31,13,0,177,no,https://www.facebook.com/MamasSororasBolivia,2025-05-19
Quya Reyna ,5,9100,0,186,211,787,163,390,3,2,16,32,1392,no,https://www.facebook.com/quya.reyna,2025-05-28
LEINA SUELY LAVADENZ ROCA,4,0,0,0,0,1,0,0,0,0,0,0,1,no,https://www.facebook.com/leinasuely.lavadenzroca,2025-05-29
MARIANA LOPEZ SAAVEDRA,4,566,0,0,0,1,0,0,0,0,0,0,1,no,https://www.facebook.com/mariana.lopezsaavedra.5,2025-05-27
Por la vida de las mujeres,4,16000,123,0,27,49,22,0,19,4,0,6,100,no,https://www.facebook.com/Porlavidadelasmujeres.Bolivia,2025-05-19
Laura Luisa Nayar,4,38000,107,124,280,845,96,16,12,14,3,12,998,no,https://www.facebook.com/luisanayars,2025-05-15
María Patricia Arce,4,32000,16,15,9,93,11,11,0,0,1,0,116,no,https://www.facebook.com/PatriciaArceSitioOficial,2025-05-15
ELIANA RINA ACOSTA QUISPE,4,0,0,1,2,26,1,0,0,0,0,0,27,sí,https://www.facebook.com/eliana.acosta.3150,2025-05-27
Walaichas WASAS ,4,1700,18,32,19,85,80,0,6,6,0,4,181,no,https://www.facebook.com/profile.php?id=100082900523964,2025-05-19
GABRIELA MIROSLAVA GONZALES MACHICADO,4,7000,0,8,3,25,4,0,0,0,0,3,43,no,https://www.facebook.com/ggonzalesmachicado,2025-05-29
Susana Bejarano,4,7900,0,122,61,428,9,8,49,36,9,2,540,no,https://www.facebook.com/profile.php?id=772515640,2025-05-29
DANIELA CABRERA GUILLEN,3,7000,100,0,0,9,1,1,0,0,0,0,11,sí,https://www.facebook.com/DanielaCabreraConcejal,2025-05-27
YHISSEL MARISOL DAVALO LANCEA,3,2700,630,9,1,47,5,2,0,1,1,1,57,sí,https://www.facebook.com/nenita.savedra.7,2025-06-02
Paola Aguirre ,3,56000,20,142,167,501,75,9,1,2,0,15,1287,no,https://www.facebook.com/paolaaguirremelgar,2025-05-19
Lourdes Chambilla,3,3200,611,3,2,15,1,2,0,0,0,0,18,no,https://www.facebook.com/LuliChambilla,2025-05-19
LUCIANA MICHELLE CAMPERO CHAVEZ,3,11000,0,51,29,224,24,0,1,0,0,0,249,sí,https://www.facebook.com/lu.camperochavez,2025-06-02
ROCIO RIVERA CALLE,3,3300,2200,16,4,74,47,12,0,0,0,1,134,no,https://www.facebook.com/rocio.riveracalle,2025-05-27
Sofi Rocha,3,8000,2000,37,15,128,28,3,0,1,0,2,162,no,https://www.facebook.com/sofi.rocha.12,2025-05-27
GLADYS HIDALGO GALINDO,3,6100,516,0,1,6,0,0,0,0,0,0,6,no,https://www.facebook.com/gladyshidalgo.galindo,2025-05-27
ERICKA CHAVEZ AGUILERA,3,578,53,35,10,77,16,0,0,0,1,8,102,sí,https://www.facebook.com/erickachavezc45,2025-05-28
Daniela Cabrera,3,7000,100,0,0,9,1,1,0,0,0,0,11,no,https://www.facebook.com/DanielaCabreraConcejal,2025-05-15
CARMEN ROSA SANDOVAL CASTRO,3,1700,0,0,0,0,1,0,0,0,0,0,1,no,https://www.facebook.com/carmenrosa.sandovalcastro,2025-06-24
Mueres Creando,2,63000,67,6,52,77,34,0,0,0,0,2,113,no,https://www.facebook.com/MUJERESCREANDO1,2025-05-19
ROSARIO RANET RODRIGUEZ PERALES,2,0,0,0,0,0,0,0,0,0,0,0,0,no,https://www.facebook.com/rosario.rodriguezperales,2025-06-23
MARIA ESTHER GONGORA MIRANDA,2,1400,0,0,0,5,0,0,0,0,0,0,5,sí,https://www.facebook.com/mariaestherasambleista,2025-05-27
Andrea Vaca Barbery ,2,38000,48,0,0,0,0,0,0,0,0,0,0,no,https://www.facebook.com/andreavacabarbery,2025-05-27
Clau Pami'sh Rzy ,2,4100,0,15,26,68,10,7,0,0,0,4,89,no,https://www.facebook.com/pamizapatachu/,2025-05-27
CAROLINA ALIZON CHINO NICOLAS,2,6600,0,0,2,10,11,0,0,0,0,1,22,sí,https://www.facebook.com/carolinaalizon.chinonicolas/,2025-05-27
NOELIA QUECAÑO OQUENDO,2,2000,285,1,0,19,20,0,0,0,0,0,39,no,https://www.facebook.com/noelia.oquendo.96,2025-05-28
LUCILA MENDIETA PEREZ,2,2400,111,0,3,1,0,0,0,0,0,0,1,sí,https://www.facebook.com/lucila.mendietaperez,2025-05-28
MARLENE FERNANDEZ MEJIAS,2,59,2,0,2,1,0,0,0,0,0,0,1,sí,https://www.facebook.com/profile.php?id=61570246115119,2025-05-27
Pan y Rosas Bolivia,2,10000,256,3,10,24,20,0,0,0,0,2,46,no,https://www.facebook.com/panyrosasdebolivia,2025-05-19
Carola Antezana,1,571,0,2,3,3,0,1,3,0,1,0,8,no,https://www.facebook.com/carola.a.pantoja,2025-05-29
YAMELLY ROSMERY CALLE CONDORI,1,0,0,0,0,0,0,0,0,0,0,0,0,no,https://www.facebook.com/yameli.callecondori,2025-05-28
Joshua Bellot,1,6800,1700,0,11,5,0,0,0,0,0,0,5,no,https://www.facebook.com/joshua.bellott,2025-05-28
PAOLA LORENA BARRIGA MACHICAO,1,8900,0,2,8,9,1,0,7,0,12,1,30,sí,https://www.facebook.com/paola.barriga.104,2025-05-28
ROSS MARY BRAVO SALAZAR,1,5200,1500,0,0,0,0,0,0,0,0,0,0,sí,https://www.facebook.com/RBSVGR/,2025-05-28
ASUNTA FLORES SUAREZ,1,988,0,0,0,0,0,0,0,0,0,0,0,no,https://www.facebook.com/asunta.floressuarez.5,2025-05-28
YENNY NADYA CLADERA SAENZ,1,3500,592,1,3,3,0,0,1,2,0,0,6,sí,https://www.facebook.com/yenny.claderasaenz/,2025-05-27
MARCELA ORELLANA BEJARANO,1,0,0,0,1,0,0,0,0,0,0,0,0,no,https://www.facebook.com/marcela.orellanabejarano,2025-05-29
Adriana Salvatierra,1,242000,4,51,7,101,4,54,36,1,2,0,198,no,https://www.facebook.com/Adriana1989sa,2025-05-27
MILDRET YAÑEZ INOFUENTES,1,1700,0,0,0,0,0,0,0,0,0,0,0,no,https://www.facebook.com/mildret.inofuentes,2025-05-28
EMPERATRIZ JHOSELIN GUTIERREZ ESPINOZA,1,3000,34,15,0,84,34,0,0,0,1,11,130,no,https://www.facebook.com/emperatriz.gutierrez.espinoza,2025-05-27
TOMASA YARHUI JACOME,1,2100,65,0,0,0,0,0,0,0,0,0,0,sí,https://www.facebook.com/TomasaYarhuiJ,2025-05-30
SALMA TOBIAS PAZ,1,4100,622,0,0,0,0,0,0,0,0,0,0,no,https://www.facebook.com/salma.tobias,2025-06-01
Sofi Rojas,1,0,0,0,0,0,0,0,0,0,0,0,0,no,https://www.facebook.com/sofi.rojas99,2025-06-02
Frente LIBRE ,1,1300,84,0,0,0,0,0,0,0,0,0,0,no,https://www.facebook.com/FrenteLiberalRepublicano,2025-06-02
Avanza Libertad Bolivia ,1,371,5,0,7,13,2,0,0,0,0,0,15,no,https://www.facebook.com/profile.php?id=61554129437310,2025-06-02
AVIGAIL MOLINA MARISCAL,1,0,0,0,0,0,0,0,0,0,0,0,3,no,https://www.facebook.com/avigail.mariscalmolina,2025-05-27
DIANA PATRICIA PAPUTSAKIS BURGOS,1,5900,0,1,2,23,1,0,0,0,0,0,24,sí,https://www.facebook.com/patricia.paputsakisburgos,2025-06-02
YESSICA PRISILA DANTES ESCALANTE,1,5300,1700,7,1,84,31,0,0,0,0,1,116,no,https://www.facebook.com/prisila.dantesescalante,2025-05-27
