nombre perfil,url perfil,snapshot_date,creación del perfil,candidato identificado,seguidores,seguidos,fecha post,tipo de post,url post,comparticiones,comentarios,reacciones en total,me gusta,me encanta,me divierte,me entristece,me sorprende,me enoja,me importa,contenido
NAYRA VASQUEZ LOBO,https://www.facebook.com/Nay.Vasquez.Lobo,2025-07-23,2021-07-19,no,883,450,2025-07-20,post,https://www.facebook.com/share/p/19No7SFjnQ/,0,0,2,0,2,0,0,0,0,0,"Niños que inspiran 
 gracias por la invitación Página: Los Trovadorcitos Sp 
Un merecido reconocimiento desde el Consejo Municipal de la Juventud de El Alto - Pagina Oficial"
NAYRA VASQUEZ LOBO,https://www.facebook.com/Nay.Vasquez.Lobo,2025-07-23,2021-07-19,no,883,450,2025-07-21,post,https://www.facebook.com/share/p/1AyYMDDv26/,5,13,106,44,53,0,0,2,0,7," Hoy quiero contarles algo que me emociona mucho
… Ver más"
NAYRA VASQUEZ LOBO,https://www.facebook.com/Nay.Vasquez.Lobo,2025-07-23,2021-07-19,no,883,450,2025-07-22,post,https://www.facebook.com/Nay.Vasquez.Lobo/posts/pfbid02y3FqTHwxGBNtrTCTyXduVVXbbYpdGoiDUvCfndRKyFv868MMTmaqTkga4JMtoBUcl,0,0,5,3,2,0,0,0,0,0,"Este jueves, les invito al quinto foro del movimiento #JuntasHacemosHistoria 
En esta oportunidad, estaré como candidata, para responder las interpelaciones y preguntas… Ver más"
