nombre perfil,url perfil,candidato identificado,creación del perfil,seguidores,seguidos,fecha post,tipo de post,url post,comparticiones,comentarios,reacciones en total,me gusta,me encanta,me divierte,me entristece,me sorprende,me enoja,me importa,contenido
Silvana Mucarzel,https://www.facebook.com/silvanamucarzelconcejal,no,2021-01-29,8100,87,2025-06-04,post,https://www.facebook.com/share/p/16FjANUBR8/,9,20,90,74,9,2,1,2,0,2,"NUESTRA VERDAD ANTE LA DESINFORMACIÓN, SEGUIMOS EN CARRERA! (HAY ALGUNOS QUE ESTÁN NERVIOSOS
)
En las últimas horas, algunos oficiosos se dieron a la tarea de hacer cir… Ver más"
Silvana Mucarzel,https://www.facebook.com/silvanamucarzelconcejal,no,2021-01-29,8100,87,2025-06-05,post,https://www.facebook.com/share/p/1J44r1FQBL/,1,0,11,11,0,0,0,0,0,0,
