nombre perfil,url perfil,candidato identificado,creación del perfil,seguidores,seguidos,fecha post,tipo de post,url post,comparticiones,comentarios,reacciones en total,me gusta,me encanta,me divierte,me entristece,me sorprende,me enoja,me importa,contenido
JAEL VELASQUEZ HUANCA,https://www.facebook.com/jael.velasquez.16,no,,0,0,2025-07-18,post,https://www.facebook.com/share/v/15xgzFH9BE/,2,1,35,27,1,5,0,0,0,2,
JAEL VELASQUEZ HUANCA,https://www.facebook.com/jael.velasquez.16,no,,0,0,2025-07-18,reel,/reel/1246435033689539/?s=single_unit&__cft__[0]=AZX33FdDChorFNMp44WGONkg7_iqv-tEoe65zr4R2SWhKgbntkp8PvFqGRNVPqVYd1wa4g0JpiOAPQ87O4CKUFfNaHcGnU0Fb-Qwrt6Ly_ir9osN3DGB3osS4WYH8g1DxwmFUgvtRAIvusUoSiZSl8-xS2ZeSCF5DaurewbfimVb8LRPJgFHE1q4Ce3uVAVXIIQ&__tn__=H-R,0,0,0,0,0,0,0,0,0,0,Quienes piden ahora unificación de partidos son los responsables de una posible proscripción del partido del MAS 
JAEL VELASQUEZ HUANCA,https://www.facebook.com/jael.velasquez.16,no,,0,0,2025-07-18,post,https://www.facebook.com/share/p/1FygqTagkz/,1,1,3,3,0,0,0,0,0,0,
JAEL VELASQUEZ HUANCA,https://www.facebook.com/jael.velasquez.16,no,,0,0,2025-07-19,reel,/reel/1669878750377874/?s=single_unit&__cft__[0]=AZXa6-nkKDlCROLpeDJ9k8n7IDujLxlU9cFyT2u-OtvQehXY0tv51mMAyFOF5VaqLYrhLwI-DTjzORrMZ5p7TX8bkc5xt7Phx4pcHh7P4oKhJY-Wq_O70PhAkmBlYsBefomhZ8AsKq1xjEwQzbHMEp7En6C8e_uCXpGi9nkVRdRgl6QeL4a5eI0haEUK9tXYkFY&__tn__=H-R,0,0,0,0,0,0,0,0,0,0,Que agilidad!!!
JAEL VELASQUEZ HUANCA,https://www.facebook.com/jael.velasquez.16,no,,0,0,2025-07-20,reel,/reel/634075295796239/?s=single_unit&__cft__[0]=AZWPpWGi749RVryYojO56FSJmsCZgA0sSUDY8XBfSwOasaLcjh1KWY6YI-mOlRY9TMexyz2loADn49INSeVVDDwtxzPNo913f76Dg77_NVPjKlv6c_SVhVV8U8KpeXcqv0TMH7S46DQCpI8ry3yPs1A1KJeDCwADiBXYFtLYjMpDs0JOYK_vEPn05KcoY5kQOK8&__tn__=H-R,0,0,0,0,0,0,0,0,0,0,Linda estuvo nuestra mañana.
JAEL VELASQUEZ HUANCA,https://www.facebook.com/jael.velasquez.16,no,,0,0,2025-07-20,post,https://www.facebook.com/share/p/1F3XQ5uZ5V/,0,1,7,6,0,1,0,0,0,0,
JAEL VELASQUEZ HUANCA,https://www.facebook.com/jael.velasquez.16,no,,0,0,2025-07-20,post,https://www.facebook.com/share/p/16xTy7T1vT/,0,1,20,7,1,12,0,0,0,0,
JAEL VELASQUEZ HUANCA,https://www.facebook.com/jael.velasquez.16,no,,0,0,2025-07-21,post,https://www.facebook.com/share/p/1E1FSnpspP/,31,0,54,30,6,17,0,0,1,0,Con EVO siempre..
JAEL VELASQUEZ HUANCA,https://www.facebook.com/jael.velasquez.16,no,,0,0,2025-07-22,post,https://www.facebook.com/share/p/14EDQP2a9YK/,1,0,7,5,1,1,0,0,0,0,
JAEL VELASQUEZ HUANCA,https://www.facebook.com/jael.velasquez.16,no,,0,0,2025-07-22,post,https://www.facebook.com/share/v/1AvX6fDa9D/,1,1,8,5,2,1,0,0,0,0,EVO MORALES AYMA EL LÍDER DE LOS PUEBLOS INDÍGENAS ORIGINARIOS A NIVEL MUNDIAL
JAEL VELASQUEZ HUANCA,https://www.facebook.com/jael.velasquez.16,no,,0,0,2025-07-22,post,https://www.facebook.com/share/p/164yJZqJat/,1,0,5,5,0,0,0,0,0,0,
JAEL VELASQUEZ HUANCA,https://www.facebook.com/jael.velasquez.16,no,,0,0,2025-07-22,reel,/reel/1234978798366236/?s=single_unit&__cft__[0]=AZWJhaAPPpro06IPMeBSolf6WccExIA4OSJAyhet4iP9F3D_CXr1g1d9AE4TLE9EyQqDakwXyl3sJ7lBK8x84LgE8ysIyYBFvlNpviV3aXW9OMqDd5aLnt4FIKiXHFAujx3n4sYqCD26Wc8X_ibpzEcdvRib_xA3BXnm_VpiVwMQsvBvzisBbGI8PbzIkYmt1TE&__tn__=H-R,0,0,0,0,0,0,0,0,0,0,... Junto a ellos todo
