nombre perfil,url perfil,candidato identificado,creación del perfil,seguidores,seguidos,fecha post,tipo de post,url post,comparticiones,comentarios,reacciones en total,me gusta,me encanta,me divierte,me entristece,me sorprende,me enoja,me importa,contenido
Erika J. Rivera,https://www.facebook.com/erikajimena.riveravargas,no,,5300,335,2025-06-15,post,https://www.facebook.com/share/p/1F2QXZ12bx/,0,0,7,7,0,0,0,0,0,0,
Erika J. Rivera,https://www.facebook.com/erikajimena.riveravargas,no,,5300,335,2025-06-15,post,https://www.facebook.com/share/p/19NczG1Whn/,9,1,15,13,0,0,2,0,0,0,
Erika J. Rivera,https://www.facebook.com/erikajimena.riveravargas,no,,5300,335,2025-06-15,post,https://www.facebook.com/share/p/19dVVMK4Zt/,0,0,2,2,0,0,0,0,0,0,
Erika J. Rivera,https://www.facebook.com/erikajimena.riveravargas,no,,5300,335,2025-06-17,post,https://www.facebook.com/share/p/1Lg5hfxQek/,0,0,2,0,0,0,0,0,0,0,
Erika J. Rivera,https://www.facebook.com/erikajimena.riveravargas,no,,5300,335,2025-06-19,post,https://www.facebook.com/share/p/1Znck2CgQq/,0,0,2,2,0,0,0,0,0,0,
Erika J. Rivera,https://www.facebook.com/erikajimena.riveravargas,no,,5300,335,2025-06-20,post,https://www.facebook.com/share/v/1BabKQMUmg/,0,0,3,3,0,0,0,0,0,0,
Erika J. Rivera,https://www.facebook.com/erikajimena.riveravargas,no,,5300,335,2025-06-20,post,https://www.facebook.com/share/p/1AqzNyM21M/,1,1,6,2,0,2,0,0,2,0,
Erika J. Rivera,https://www.facebook.com/erikajimena.riveravargas,no,,5300,335,2025-06-21,post,https://www.facebook.com/share/p/1G64K6e8jh/,1,3,8,6,2,0,0,0,0,0,
