nombre perfil,url perfil,snapshot_date,creación del perfil,candidato identificado,seguidores,seguidos,fecha post,tipo de post,url post,comparticiones,comentarios,reacciones en total,me gusta,me encanta,me divierte,me entristece,me sorprende,me enoja,me importa,contenido
Melisa Ibarra,https://www.facebook.com/melisa.ibarrarosario.5,2025-06-11,,no,58316,0,2025-06-08,post,https://www.facebook.com/share/p/1E8c2xR85q/,5,12,56,0,0,0,0,0,0,0," BOLIVIA SOPORTA TRES DICTADURAS:
Dictadura de Arce
Dictadura de Evo
Dictadura partidaria… Ver más"
Melisa Ibarra,https://www.facebook.com/melisa.ibarrarosario.5,2025-06-11,,no,58316,0,2025-06-08,post,https://www.facebook.com/share/p/16dfLk4mfP/,0,1,3,0,0,0,0,0,0,0,
Melisa Ibarra,https://www.facebook.com/melisa.ibarrarosario.5,2025-06-11,,no,58316,0,2025-06-08,post,https://www.facebook.com/share/p/172zCm47Fu/,3,25,155,0,0,0,0,0,0,0,Sería lo más patriótico que puede hacer Manfred. Pasaría de villano a héroe 
Melisa Ibarra,https://www.facebook.com/melisa.ibarrarosario.5,2025-06-11,,no,58316,0,2025-06-08,post,https://www.facebook.com/share/p/15NFG4SffX/,28,48,117,0,0,0,0,0,0,0," Y LA UNIDAD QUÉ?
Qué pasó aquí? 
Bolivia está esperando UNIDAD, no actos ""protocolares"" de buenas intenciones. 
No hay mayor certeza en este momento que anunciar una ALIANZA DE UNIDAD POR BOLIVIA. … Ver más"
Melisa Ibarra,https://www.facebook.com/melisa.ibarrarosario.5,2025-06-11,,no,58316,0,2025-06-08,post,https://www.facebook.com/share/p/1H3sZ6QHQc/,2,22,63,0,0,0,0,0,0,0,Sería genial que se baje Manfred y se una el resto 
Melisa Ibarra,https://www.facebook.com/melisa.ibarrarosario.5,2025-06-11,,no,58316,0,2025-06-09,post,https://www.facebook.com/share/p/1C7YBY884U/,1,8,19,0,0,0,0,0,0,0,
Melisa Ibarra,https://www.facebook.com/melisa.ibarrarosario.5,2025-06-11,,no,58316,0,2025-06-09,post,https://www.facebook.com/share/p/1663NgrHN7/,29,23,447,0,0,0,0,0,0,0,"EXPERIENCIA MATA INEXPERIENCIA
Prefiero al que condonó la deuda externa en su corta gestión, quien realizó la mayor erradicación de coca cuando fue presidente, al que tumbó la intensión de Evo Morales de reelegirse por ""derecho humano"", al que está bien relacionado en el exterior. Prefiero al que alertó sobre la crisis en Bolivia desde hace años, a quien les dijo a los argentinos en su propio país que para salir de la crisis debían recurrir al FMI y es precisamente lo que hi… Ver más"
Melisa Ibarra,https://www.facebook.com/melisa.ibarrarosario.5,2025-06-11,,no,58316,0,2025-06-09,post,https://www.facebook.com/share/p/1EZz9Nvqoi/,1,13,39,0,0,0,0,0,0,0,
Melisa Ibarra,https://www.facebook.com/melisa.ibarrarosario.5,2025-06-11,,no,58316,0,2025-06-09,post,https://www.facebook.com/share/p/15yMfEaq7E/,7,38,144,0,0,0,0,0,0,0,
Melisa Ibarra,https://www.facebook.com/melisa.ibarrarosario.5,2025-06-11,,no,58316,0,2025-06-09,post,https://www.facebook.com/share/p/16fhDY8wSA/,1,10,28,0,0,0,0,0,0,0,
Melisa Ibarra,https://www.facebook.com/melisa.ibarrarosario.5,2025-06-11,,no,58316,0,2025-06-09,post,https://www.facebook.com/share/p/16rJAaZTWf/,0,0,8,0,0,0,0,0,0,0,
Melisa Ibarra,https://www.facebook.com/melisa.ibarrarosario.5,2025-06-11,,no,58316,0,2025-06-09,post,https://www.facebook.com/share/p/1DiiVdQHM9/,0,2,6,0,0,0,0,0,0,0,Cuándo Manfred ?
Melisa Ibarra,https://www.facebook.com/melisa.ibarrarosario.5,2025-06-11,,no,58316,0,2025-06-09,post,https://www.facebook.com/share/p/19eoMva2eU/,2,26,153,0,0,0,0,0,0,0,
Melisa Ibarra,https://www.facebook.com/melisa.ibarrarosario.5,2025-06-11,,no,58316,0,2025-06-09,post,https://www.facebook.com/share/p/19UNge8APe/,6,26,46,0,0,0,0,0,0,0,"AMLO : ""Abrazos y no balazos"" (con el narcotráfico)
Samuel: “...Los productores de coca del Chapare no tienen por qué ser tratados como delincuentes en nuestro país”...(Erbol)
No querrá cantarles el We Are The World ó el ""te quiero yo y tu a mi de Barny...""?
 … Ver más"
Melisa Ibarra,https://www.facebook.com/melisa.ibarrarosario.5,2025-06-11,,no,58316,0,2025-06-10,post,https://www.facebook.com/melisa.ibarrarosario.5/posts/pfbid02b5QXVSYAaiURQtLmqL92KKrzFDjuNkABb9Jq3HAKDnKam5skP5pwdbpGnTfceQgWl,1,0,36,0,0,0,0,0,0,0,
Melisa Ibarra,https://www.facebook.com/melisa.ibarrarosario.5,2025-06-11,,no,58316,0,2025-06-10,post,https://www.facebook.com/share/p/16edQHLiwi/,7,0,10,0,0,0,0,0,0,0,"Un gran mensaje que deberíamos repasarlo hoy... 
Paciencia con sus papis mayores por favor "
Melisa Ibarra,https://www.facebook.com/melisa.ibarrarosario.5,2025-06-11,,no,58316,0,2025-06-10,post,https://www.facebook.com/share/p/1JsSu5zSAg/,5,31,36,0,0,0,0,0,0,0,Que falta de seriedad
Melisa Ibarra,https://www.facebook.com/melisa.ibarrarosario.5,2025-06-11,,no,58316,0,2025-06-10,post,https://www.facebook.com/share/p/16cTFhTizH/,2,2,42,0,0,0,0,0,0,0,"La tiranía de Arce está dispuesto a no enfrentar la tiranía de Evo. 
Busca que la población realice el trabajo que él debería ejecutar."
Melisa Ibarra,https://www.facebook.com/melisa.ibarrarosario.5,2025-06-11,,no,58316,0,2025-06-10,post,https://www.facebook.com/share/p/19QvPWpS6L/,1,2,14,0,0,0,0,0,0,0,
Melisa Ibarra,https://www.facebook.com/melisa.ibarrarosario.5,2025-06-11,,no,58316,0,2025-06-10,post,https://www.facebook.com/share/p/1DxJo3VByu/,5,18,78,0,0,0,0,0,0,0,"Jimena Costa sobre Tuto:
""Es ex mandatario, no es poca cosa. Es el candidato con mayor experiencia. Ha sido un gran gestor público"""
Melisa Ibarra,https://www.facebook.com/melisa.ibarrarosario.5,2025-06-11,,no,58316,0,2025-06-10,post,https://www.facebook.com/share/p/19tXuX7Aqj/,2,14,183,0,0,0,0,0,0,0, Mi solidaridad profunda 
Melisa Ibarra,https://www.facebook.com/melisa.ibarrarosario.5,2025-06-11,,no,58316,0,2025-06-10,post,https://www.facebook.com/share/p/1ZXtCpAnyG/,1,11,29,0,0,0,0,0,0,0,Tengo tanta tanta tanta desconfianza en el improvisado.
Melisa Ibarra,https://www.facebook.com/melisa.ibarrarosario.5,2025-06-11,,no,58316,0,2025-06-11,post,https://www.facebook.com/share/p/1AR1ChFVaD/,4,5,16,0,0,0,0,0,0,0,"Sí y la peor noticia que el dictador Arce lo permite y lo seguirá permitiendo. Así, por todos los frentes Bolivia está SECUESTRADA por estos dos tiranos , ah! Y también estamos de rehenes de los políticos que no se unen y le regalarán las elecciones otra vez a los terroristas por cuanto NADIE alcanza ni al 20%. Repito, les regalarán las elecciones, lo advierto y lo seguiré diciendo de manera clara y tácita. 
Así de atroz, así de terrible, así de inhumano, así de insufrible..."
Melisa Ibarra,https://www.facebook.com/melisa.ibarrarosario.5,2025-06-11,,no,58316,0,2025-06-11,post,https://www.facebook.com/share/p/1Z5n28ypDo/,5,32,81,0,0,0,0,0,0,0,"Ah! A propósito de esto, me acordé de algo:
Samuel: “...Los productores de coca del Chapare no tienen por qué ser tratados como delincuentes en nuestro país”...(Erbol, 8 de junio )
Ahora aplicarlo al resto de sectores."
Melisa Ibarra,https://www.facebook.com/melisa.ibarrarosario.5,2025-06-11,,no,58316,0,2025-06-11,post,https://www.facebook.com/share/p/196kDCExn7/,0,1,1,0,0,0,0,0,0,0,Tenemos una deuda con los animales 
Melisa Ibarra,https://www.facebook.com/melisa.ibarrarosario.5,2025-06-11,,no,58316,0,2025-06-11,post,https://www.facebook.com/melisa.ibarrarosario.5/posts/pfbid0311Mg7upoPYpoae6QCTayf1XwV3btcMy47Y8J12bJ44r5AFw3FDm1AqebkrKLX12dl,4,20,71,0,0,0,0,0,0,0,"Recuerdan el bloqueo en plena pandemia en el gobierno de Añez?
Qué nos sorprende? 
Convivimos con el terrorismo de Estado y el narco terrorismo desde hace 20 años. 
Y hoy los candidatos no se unen para hacerles frente por cuánto todos quieren ser ""presidentes"". … Ver más"
Melisa Ibarra,https://www.facebook.com/melisa.ibarrarosario.5,2025-06-11,,no,58316,0,2025-06-11,post,https://www.facebook.com/share/p/1HLUtcZLYN/,15,2,19,0,0,0,0,0,0,0,Correcto. El carnicero Juan Ramón Quintana está detrás de todo esto.
Melisa Ibarra,https://www.facebook.com/melisa.ibarrarosario.5,2025-06-11,,no,58316,0,2025-06-11,post,https://www.facebook.com/share/p/16PE1bD6fE/,1,2,19,0,0,0,0,0,0,0,"- FASCISMO: lo que perpetra Evo Morales. 
- TERRORISMO DE ESTADO: el permisismo de Arce. 
- ABUSO DE PODER POLÍTICO: lo que hacen los candidatos al no unirse.
-VÍCTIMA: Bolivia"
Melisa Ibarra,https://www.facebook.com/melisa.ibarrarosario.5,2025-06-11,,no,58316,0,2025-06-11,post,https://www.facebook.com/share/p/15mEuwHtDT/,6,0,7,0,0,0,0,0,0,0,"Sabemos que pagan a los bloqueadores, de dónde sale el dinero? Del narcotráfico. 
Conclusión: narco terrorismo.
Proyección: un candidato CON HUEVOS que le haga frente. 
Se dan cuenta que no vivimos exclusivamente una crisis económica? En consecuencia: las entrevistas a los candidatos debe incluir el plan que tienen para acabar con el narco terrorismo instalado desde hace 20 años cuyo cuartel es el Chapare."
Melisa Ibarra,https://www.facebook.com/melisa.ibarrarosario.5,2025-06-24,,no,58316,0,2025-06-20,reel,/reel/704284752356231/?s=single_unit&__cft__[0]=AZU3XGJcFhZlwP3Kyr5pgnzLbQYLF0gRW1bj6k3ZsMf30vJKc8wxJKj-ZpFHQJ9KbucxM9fka9j9cLOCe0JTox9Sq837PvGR_DBVxVQ4tkMrU-XHO55A0SkN6KGhVhIt-iKoPAmRWnr8eHCIF354TK6svtcjGpivgoslVmdyP3ELVOl3VByrlcWJX1XKBLdIpOw&__tn__=H-R,0,0,0,0,0,0,0,0,0,0,
Melisa Ibarra,https://www.facebook.com/melisa.ibarrarosario.5,2025-06-24,,no,58316,0,2025-06-21,post,https://www.facebook.com/share/p/1DvuPnX5u8/,2,0,3,2,0,0,0,0,0,1,
Melisa Ibarra,https://www.facebook.com/melisa.ibarrarosario.5,2025-06-24,,no,58316,0,2025-06-21,post,https://www.facebook.com/share/p/1C2UT1drYZ/,3,5,43,23,0,6,1,9,4,0,"Nos van a matar, deben irse en primera vuelta"
Melisa Ibarra,https://www.facebook.com/melisa.ibarrarosario.5,2025-06-24,,no,58316,0,2025-06-21,reel,/reel/2446143859103586/?s=single_unit&__cft__[0]=AZXe0M5L9Dr8hTZmwabxnRm8Mf6YakN2rFJpAUuq9ce2dBwxv3q3Gzs57Me9jizkFbplVKBMXvyx3kIALgq9_DT-3vBZvxlKQMEcWwaK-NyaIIATQzH1b5qEtyD0_qnH4Rn1vDdW0fKuWS7btNFYchbrQLO90v2UcG4vvomNAeQ8fAT09-Z7pjdOwj8vy-F2nrI&__tn__=H-R,0,0,0,0,0,0,0,0,0,0,
Melisa Ibarra,https://www.facebook.com/melisa.ibarrarosario.5,2025-06-24,,no,58316,0,2025-06-21,post,https://www.facebook.com/melisa.ibarrarosario.5/posts/pfbid02gfmUpMyX7ZeTjdzPFXw9Au22tKnJXhLdUohvk8Nfpr2JXL8Sb1RUNhBw94yA9yqTl,3,33,45,28,2,15,0,0,0,0,Correcto
Melisa Ibarra,https://www.facebook.com/melisa.ibarrarosario.5,2025-06-24,,no,58316,0,2025-06-21,post,https://www.facebook.com/share/p/19iXaERDrP/,10,52,92,52,3,36,1,0,0,0," Esta es la interpretación más cercana de la realidad. 
Tuto es nuevamente el ganador indiscutible de las Primarias del Búnker, como las tres anteriores.
De Manfred no vale la pena hablar. Es voto funcionario público, alcaldía, Api, etc. Es el gran margen de error de las Primarias.  
E… Ver más"
Melisa Ibarra,https://www.facebook.com/melisa.ibarrarosario.5,2025-06-24,,no,58316,0,2025-06-21,post,https://www.facebook.com/share/p/16dDxYNkkL/,2,28,34,7,1,23,0,0,3,0,
Melisa Ibarra,https://www.facebook.com/melisa.ibarrarosario.5,2025-06-24,,no,58316,0,2025-06-21,post,https://www.facebook.com/share/p/1CPuMLN5Vo/,0,19,48,33,2,13,0,0,0,0," RETO PARA EL BÚNKER
Primarias solo entre Tuto, Samuel y Dunn (si lo habilitan) 
Bolivia necesita certeza y la necesita ya. 
MASfred no es primero, lo saben. Basta de forzar la historia de Bolivia y pisotear la verdadera voluntad de la mayoría."
Melisa Ibarra,https://www.facebook.com/melisa.ibarrarosario.5,2025-06-24,,no,58316,0,2025-06-21,post,https://www.facebook.com/share/p/1Apz8jXTtb/,1,7,17,12,0,5,0,0,0,0,
Melisa Ibarra,https://www.facebook.com/melisa.ibarrarosario.5,2025-06-24,,no,58316,0,2025-06-21,post,https://www.facebook.com/share/p/18yi4u34RB/,0,0,2,0,0,0,0,0,0,0,
Melisa Ibarra,https://www.facebook.com/melisa.ibarrarosario.5,2025-06-24,,no,58316,0,2025-06-21,post,https://www.facebook.com/share/p/19Tc5Vm8by/,4,11,37,35,1,1,0,0,0,0,"Nada más alejado de la verdad creer que haya una posible segunda vuelta entre dos opositores. 
El MAS tiene 20% más su 20% de fraude = 40% (si no es más).
Ningún opositor llega al 20% y debes tener una diferencia menor que el 10% con el primero para ir a segunda vuelta. … Ver más"
Melisa Ibarra,https://www.facebook.com/melisa.ibarrarosario.5,2025-06-24,,no,58316,0,2025-06-21,post,https://www.facebook.com/share/p/1Gb666jSPs/,9,36,46,18,1,19,0,2,6,0,"Los únicos que ""celebraron el año nuevo"" fueron Samuel y Arce. 
No hubo bandera boliviana, sí la Wiphala. No es la bandera en sí, es la utilización de ese símbolo por el MAS para reemplazar la República de Bolivia, perpetuarse en el poder, oprimir a un país y encarcelar a centenares de disidentes. 
Símbolo con el cual el narco Socialismo adoctrinó 20 años haciéndoles creer en la conspiración de la derecha, el imperio y los neoliberales. 
La Wiphala es el MAS y Pachamamismo o… Ver más"
Melisa Ibarra,https://www.facebook.com/melisa.ibarrarosario.5,2025-06-24,,no,58316,0,2025-06-21,reel,/reel/572753115883519/?s=single_unit&__cft__[0]=AZW_wrgUhczLo6D7MCIJZX_YIAWwDU2LKa7QXOQoyPI9hCcLScxOQJfOKa7fflGkjAKcVCuOHu56pK-pxEsyFhUNjoFsXhEzIzQ4z7-eagGK60bqebB0gV7aTjt9MtU2jeU6Z86diCNqFl9iiV9J1sTk3atScAQZ_CSr4QOOvTdg9XXMrTzb8hjd6k1skSlbbeI&__tn__=H-R,0,0,0,0,0,0,0,0,0,0,"VENGANZA NO, DINERO ROBADO DEVUELTO SÍ "
Melisa Ibarra,https://www.facebook.com/melisa.ibarrarosario.5,2025-06-24,,no,58316,0,2025-06-22,post,https://www.facebook.com/share/p/1ZekGKJc19/,10,69,67,28,1,2,0,30,6,0,"Cómo explicarán que la hija de un narcotraficante preso era candidata de Samuel Doria Medina ? 
Listitas negras ? Yo no fuí, fue Camacho ?"
Melisa Ibarra,https://www.facebook.com/melisa.ibarrarosario.5,2025-06-24,,no,58316,0,2025-06-22,post,https://www.facebook.com/share/p/1CH2KcB4pK/,0,8,17,9,1,7,0,0,0,0,
Melisa Ibarra,https://www.facebook.com/melisa.ibarrarosario.5,2025-06-24,,no,58316,0,2025-06-22,post,https://www.facebook.com/share/p/16sF14izuN/,4,15,14,9,0,2,2,1,0,0,
Melisa Ibarra,https://www.facebook.com/melisa.ibarrarosario.5,2025-06-24,,no,58316,0,2025-06-22,reel,/reel/1279240773635712/?s=single_unit&__cft__[0]=AZV_oUnYvkVoIXuywsEokSZIp39nZeOm1eifmG7cL24EnvEMZYwmtOzSnArbLdW0HD8ygywAmJuqX5elScuIIi6F5AXOGpigD7EFarC7QfWB3IWvHmPnmteJi1PDpCiaTqIJDj2KKdcONUDY5M9ONydwd1YlPMBmNdo69yiiWI_1jU9-C0VmmBsdCDBJu4HBrF4&__tn__=H-R,0,0,0,0,0,0,0,0,0,0,"Con TUTO QUIROGA se acabarán las visitas de los grupos de Narcotráfico 
Pues volverán las empresas internacionales a invertir en BOLIVIA. 
VOTA INTELI… Ver más"
Melisa Ibarra,https://www.facebook.com/melisa.ibarrarosario.5,2025-06-24,,no,58316,0,2025-06-22,post,https://www.facebook.com/share/p/1BrNhVwVMc/,17,84,176,130,0,30,9,5,2,0,"NO HABRÁ SEGUNDA VUELTA ENTRE OPOSITORES.
EL MAS TIENE 40% ASEGURADOS. 20% VOTO DURO, 20% FRAUDE.
NO LE MIENTAN A LA GENTE."
Melisa Ibarra,https://www.facebook.com/melisa.ibarrarosario.5,2025-06-24,,no,58316,0,2025-06-22,post,https://www.facebook.com/share/19x4BQ7uKv/,2,0,7,7,0,0,0,0,0,0,"El MAS tiene el 20% de voto duro y 20% de fraude, si no es más. 
Su fraude es a través de servidores exteriores. 
La ingerencia venezolana y cubana están dentro porque sus tiranías también se sostienen de la dictadura de Bolivia y viceversa.  
Los que aseguran irresponsablemente que habrá segunda vuelta entre opositores no van a estar en primera línea cuando declaren ganador al MAS y tengamos que luchar en las calles contra el fraude. Ni siquiera van a salir a las calles. Lo… Ver más"
Melisa Ibarra,https://www.facebook.com/melisa.ibarrarosario.5,2025-06-24,,no,58316,0,2025-06-22,reel,/reel/2529459210726101/?s=single_unit&__cft__[0]=AZX23FroWDHu0XNLPhh797qo86wfw0dHsbl38WUZrH0QqjmUfMRDh0iVRZZcdh_72I3pgreATOAVUWkLZ1-taprAYS-4QtcYbM-19k49tNCGT7ZytumcQ4LXhjuVAUILfeomklV3Ukhrgpuor-UudwbM7NYatSTBThoPVC41WzxgK_SDKr4c5Lp-1WE6UHmjThk&__tn__=H-R,0,0,0,0,0,0,0,0,0,0,"Sí no se hubiera ventilado el caso, la candidata no hubiera renunciado. No es poca cosa en un país narco-socialista. "
Melisa Ibarra,https://www.facebook.com/melisa.ibarrarosario.5,2025-06-24,,no,58316,0,2025-06-22,post,https://www.facebook.com/melisa.ibarrarosario.5/posts/pfbid032BWepcHyokVcjkiS4sn1ctP7Ydkr7nLzbgYWxzZBqGo4pLpLDtopRSxkLom6PMRzl,1,11,21,16,0,3,0,2,0,0,Samuel debe explicaciones a Bolivia.
Melisa Ibarra,https://www.facebook.com/melisa.ibarrarosario.5,2025-06-24,,no,58316,0,2025-06-22,post,https://www.facebook.com/share/p/1ESDBCt36u/,1,15,26,17,1,6,0,2,0,0,Sí le resta ...
Melisa Ibarra,https://www.facebook.com/melisa.ibarrarosario.5,2025-06-24,,no,58316,0,2025-06-22,post,https://www.facebook.com/share/p/1Ay1C74se5/,10,4,8,2,1,0,5,0,0,0,
Melisa Ibarra,https://www.facebook.com/melisa.ibarrarosario.5,2025-06-24,,no,58316,0,2025-06-22,post,https://www.facebook.com/share/p/15ogxWVjmE/,6,9,32,19,0,12,0,1,0,0,
Melisa Ibarra,https://www.facebook.com/melisa.ibarrarosario.5,2025-06-24,,no,58316,0,2025-06-22,post,https://www.facebook.com/share/p/1CFRnwfD4v/,2,26,36,36,0,0,0,0,0,0," ES UNA TRAGEDIA de proporciones inimaginables no tener mediciones serias y confiables rumbo a las elecciones. Todas apuntan a intereses. Bolivia pierde. 
Tomarlas en cuenta sí , pero están lejos de marcar el rumbo del voto. Bolivia pierde. 
Las principales universidades tuvieron que realizar las encuestas más serias, transparentes e INCORRUPTIBLES de toda la historia pero ahí lo ven. 
Bolivia pierde. 
Un debate, o dos podría ayudar a este nefasto empate que nos puede devol… Ver más"
Melisa Ibarra,https://www.facebook.com/melisa.ibarrarosario.5,2025-06-24,,no,58316,0,2025-06-22,post,https://www.facebook.com/share/p/1P7yyfQrcN/,3,25,41,23,0,15,0,0,3,0,"Los únicos que ""celebraron el año nuevo"" fueron Samuel y Arce. 
No hubo bandera boliviana, sí la Wiphala. No es la bandera en sí, es la utilización de ese símbolo por el MAS para reemplazar la República de Bolivia, perpetuarse en el poder, oprimir a un país y encarcelar a centenares de disidentes. 
Símbolo con el cual el narco Socialismo adoctrinó 20 años haciéndoles creer en la conspiración de la derecha, el imperio y los neoliberales. 
La Wiphala es el MAS y Pachamamismo o… Ver más"
Melisa Ibarra,https://www.facebook.com/melisa.ibarrarosario.5,2025-06-24,,no,58316,0,2025-06-22,post,https://www.facebook.com/share/p/19GMzgof4k/,0,2,14,7,0,7,0,0,0,0,
Melisa Ibarra,https://www.facebook.com/melisa.ibarrarosario.5,2025-06-24,,no,58316,0,2025-06-22,post,https://www.facebook.com/share/p/19dVkagYCC/,7,74,89,46,0,24,0,16,3,0,"HIJA DE UN NARCOTRAFICANTE PRESO CANDIDATA DE UNIDAD NACIONAL. 
Si no se hubiera revelado, seguiría de candidata. 
Por qué una hija de un narco preso en EEUU con Samuel Doria Medina?… Ver más"
Melisa Ibarra,https://www.facebook.com/melisa.ibarrarosario.5,2025-06-24,,no,58316,0,2025-06-22,reel,/reel/759387303419702/?s=single_unit&__cft__[0]=AZU04X0agEeWWHHzCtO4suWDZ-Pb40cS9IsXrsG4hYb0p66z_-H4LQpASi0f_1TJvWwKsrrqPO1nvAqLerurynk86EH7b6UOueLud9zCxuPHTgtnDE3C8vhPXyP21kdVL7Uz-LtTR9hElIsBSco5UAS6SP8QzSKv-hOERxHrNkwRga5-pgLKwtrl_u8UvDdxRAM&__tn__=H-R,0,0,0,0,0,0,0,0,0,0,El TUTO no es Q'ENCHA 🤭
Melisa Ibarra,https://www.facebook.com/melisa.ibarrarosario.5,2025-06-24,,no,58316,0,2025-06-23,post,https://www.facebook.com/share/p/1Er9hS2gtd/,0,0,2,0,0,0,0,0,0,0,
Melisa Ibarra,https://www.facebook.com/melisa.ibarrarosario.5,2025-06-24,,no,58316,0,2025-06-23,post,https://www.facebook.com/share/p/16XJVUKkc3/,1,15,11,4,0,5,0,2,0,0,"Se podrá comprender desde este escándalo la BILLONARIA campaña?
Y nuevamente el silencio cunde como en las listas negras. 
Solo envía a voceros y asesoras a explicar lo inexplicable. 
Es la actitud de un primer mandatario no dar la cara? 
Qué es esto? "
Melisa Ibarra,https://www.facebook.com/melisa.ibarrarosario.5,2025-06-24,,no,58316,0,2025-06-23,post,https://www.facebook.com/melisa.ibarrarosario.5/posts/pfbid02VSsjJTkk2bSUXm9CcXi6XYi4MzqwFsbDimwQPtP2d1ZUnBcPDQLuCnScQuxybqpbl,2,9,25,15,0,5,1,1,3,0,"Un millón de lealtad, cero convicción. 
Nuevamente Camacho dividirá el voto. 
Para los entendidos."
Melisa Ibarra,https://www.facebook.com/melisa.ibarrarosario.5,2025-06-24,,no,58316,0,2025-06-23,post,https://www.facebook.com/share/p/1EoR6zQ8Dj/,9,6,30,30,0,0,0,0,0,0,Libertad para Guanipa !!!
Melisa Ibarra,https://www.facebook.com/melisa.ibarrarosario.5,2025-06-24,,no,58316,0,2025-06-23,post,https://www.facebook.com/share/p/16G51vJGPo/,13,1,9,1,0,0,8,0,0,0,
Melisa Ibarra,https://www.facebook.com/melisa.ibarrarosario.5,2025-06-24,,no,58316,0,2025-06-23,post,https://www.facebook.com/share/p/1G3fNUi2PU/,4,1,19,9,4,0,6,0,0,0,
Melisa Ibarra,https://www.facebook.com/melisa.ibarrarosario.5,2025-06-24,,no,58316,0,2025-06-24,post,https://www.facebook.com/share/p/1Aqxooo94V/,0,8,16,8,1,7,0,0,0,0,
Melisa Ibarra,https://www.facebook.com/melisa.ibarrarosario.5,2025-06-24,,no,58316,0,2025-06-24,post,https://www.facebook.com/share/p/19N47SbYBa/,3,5,39,37,1,1,0,0,0,0,"Pumari nos salió más hábil cognitivamente que otros.
Por supuesto que por la ley de la causalidad el que menos errores comete es el que debería llevar el proceso de la transformación de Bolivia. Sin embargo quien ha cometido más errores, los sigue cometiendo y quien es el centro de los mayores escándalos morales es el ligeramente sobrepasa al segundo con todo el poder económico a su favor. 
No tiene lógica,.menos el principio de causa-efecto. 
Se está comprando la voluntad de… Ver más"
Melisa Ibarra,https://www.facebook.com/melisa.ibarrarosario.5,2025-06-24,,no,58316,0,2025-06-24,post,https://www.facebook.com/share/p/162XXrtB8P/,1,3,8,7,1,0,0,0,0,0,"Mientras no haya encuestas transparentes no habrá un solo candidato y se dividirá el voto. Ellos no se van a unir, debemos luchar por una sola candidatura.  Por qué las universidades no lo realizan? Por qué en el momento histórico más importante de Bolivia del último siglo las casas de estudios superiores y sus sectores no lo proponen? Por qué no lo solicitamos masivamente? 
Se viene la gran Camacho nuevamente. Se conforman ?"
