nombre perfil,url perfil,candidato identificado,creación del perfil,seguidores,seguidos,fecha post,tipo de post,url post,comparticiones,comentarios,reacciones en total,me gusta,me encanta,me divierte,me entristece,me sorprende,me enoja,me importa,contenido
Miguel Calderon,https://www.facebook.com/miguel.calderongalindo,no,,285,0,2025-07-01,post,https://www.facebook.com/share/p/19SzeLuE21/,1,0,4,4,0,0,0,0,0,0,
Miguel Calderon,https://www.facebook.com/miguel.calderongalindo,no,,285,0,2025-07-01,post,https://www.facebook.com/share/p/1YGcZWjA3t/,0,0,1,1,0,0,0,0,0,0,
Miguel Calderon,https://www.facebook.com/miguel.calderongalindo,no,,285,0,2025-07-01,post,https://www.facebook.com/share/p/16ncRiUCnM/,0,0,0,0,0,0,0,0,0,0,
Miguel Calderon,https://www.facebook.com/miguel.calderongalindo,no,,285,0,2025-07-01,post,https://www.facebook.com/share/p/1AojWfYRn8/,0,0,0,0,0,0,0,0,0,0,
