nombre perfil,url perfil,candidato identificado,creación del perfil,seguidores,seguidos,fecha post,tipo de post,url post,comparticiones,comentarios,reacciones en total,me gusta,me encanta,me divierte,me entristece,me sorprende,me enoja,me importa,contenido
Rolando Schrupp,https://www.facebook.com/RolandoSchrupp,no,,6373,0,2025-06-04,post,https://www.facebook.com/share/p/1EYMYsnnrE/,3,2,43,0,0,0,0,0,0,0,"Jhonny responde críticas a su uso de aviones privados: “la que puede, puede” dijo, citando a su colega."
Rolando Schrupp,https://www.facebook.com/RolandoSchrupp,no,,6373,0,2025-06-04,post,https://www.facebook.com/share/p/18wrhgm5bK/,0,3,37,0,0,0,0,0,0,0,Candidato Arcista se desmarca de Arce. Lo único más sarnoso que Jhonny es Arce Catacora.
Rolando Schrupp,https://www.facebook.com/RolandoSchrupp,no,,6373,0,2025-06-04,post,https://www.facebook.com/share/p/15pxj4V5Cm/,2,7,70,0,0,0,0,0,0,0,Marcha del Orgullo Masista.
Rolando Schrupp,https://www.facebook.com/RolandoSchrupp,no,,6373,0,2025-06-04,post,https://www.facebook.com/share/p/15cunP3GQg/,12,13,137,0,0,0,0,0,0,0,"¡Triple empate!
Tongo, Arce y puchi de perro."
Rolando Schrupp,https://www.facebook.com/RolandoSchrupp,no,,6373,0,2025-06-04,post,https://www.facebook.com/share/p/16HfbsyTWi/,0,0,31,0,0,0,0,0,0,0,Evo odia tanto a los pititas que se convirtió en uno. Sólo falta que le lleve una carta a Ratacora y una guía de teléfonos.
Rolando Schrupp,https://www.facebook.com/RolandoSchrupp,no,,6373,0,2025-06-04,post,https://www.facebook.com/share/p/12LSzLHzFRW/,2,1,28,0,0,0,0,0,0,0,"Santo y seña en las rotondas de Lauca Eñe:
“Evo… mi huevo”"
Rolando Schrupp,https://www.facebook.com/RolandoSchrupp,no,,6373,0,2025-06-05,post,https://www.facebook.com/share/p/19SJf3Mqpx/,0,0,37,0,0,0,0,0,0,0,
Rolando Schrupp,https://www.facebook.com/RolandoSchrupp,no,,6373,0,2025-06-05,post,https://www.facebook.com/share/p/1ByPvoRMiB/,7,7,73,0,0,0,0,0,0,0,del Castillo pide que “los juzguemos por sus gestiones”… ¿se olvidó que él es protagonista de la gestión de Arce?
Rolando Schrupp,https://www.facebook.com/RolandoSchrupp,no,,6373,0,2025-06-05,post,https://www.facebook.com/share/p/1R5PLrewdJ/,1,3,24,0,0,0,0,0,0,0,Me lo imaginé a Masfred gritando: “Adelante el Chapare con su independencia”
Rolando Schrupp,https://www.facebook.com/RolandoSchrupp,no,,6373,0,2025-06-06,post,https://www.facebook.com/share/p/1BtjvxN2H3/,0,0,23,0,0,0,0,0,0,0,UCS cambia Gucci por Puchi cono esencia oficial.
Rolando Schrupp,https://www.facebook.com/RolandoSchrupp,no,,6373,0,2025-06-06,post,https://www.facebook.com/share/p/1EBBKR9F7t/,33,21,311,0,0,0,0,0,0,0,Jhonny aún puede ser presidente de su futuro condominio… el PC-4.
Rolando Schrupp,https://www.facebook.com/RolandoSchrupp,no,,6373,0,2025-06-06,post,https://www.facebook.com/share/p/19vXvg4GGi/,12,25,145,0,0,0,0,0,0,0,"¿ASÍ O MÁS REPULSIVO?
Jhonny no consigue ni quien quiera estar con él en la papeleta… la “dupla ganadora” es más estafa que el monorriel.
UCS no presenta candidato a vicepresidente ni lista completa en Santa Cruz."
Rolando Schrupp,https://www.facebook.com/RolandoSchrupp,no,,6373,0,2025-06-06,post,https://www.facebook.com/share/p/1Bbuzz2wUp/,2,2,94,0,0,0,0,0,0,0,"Evo-lución de Jhonny:
de payaso del pueblo a hazmereir del sistema político."
Rolando Schrupp,https://www.facebook.com/RolandoSchrupp,no,,6373,0,2025-06-06,post,https://www.facebook.com/share/p/12M9axTQTwd/,17,8,218,0,0,0,0,0,0,0,Jose Antonio Prado es de los ciudadanos que prefieren ser útiles 
Rolando Schrupp,https://www.facebook.com/RolandoSchrupp,no,,6373,0,2025-06-07,post,https://www.facebook.com/share/p/12Lr8VM8gLX/,8,3,107,0,0,0,0,0,0,0,"Introducción al liberalismo:
Ni me importa con quién tirás, ni me interesa que dios decís adorar.
Hacé lo que te de la gana, pero no conmigo
[ni a mi nombre, ni con mi plata]."
Rolando Schrupp,https://www.facebook.com/RolandoSchrupp,no,,6373,0,2025-06-07,post,https://www.facebook.com/share/p/19NtSoecjL/,2,8,71,0,0,0,0,0,0,0,"Es de lejos más honesta que los que están.
PD.: ¿ande están los que quieren un “Estado sexy”? "
Rolando Schrupp,https://www.facebook.com/RolandoSchrupp,no,,6373,0,2025-06-09,post,https://www.facebook.com/share/p/16xKv1AQMB/,5,6,43,0,0,0,0,0,0,0,"Definitivamente la estupidez es peor que la maldad… porque no tiene límites.
Me remito a la brutada que dijo éste:"
Rolando Schrupp,https://www.facebook.com/RolandoSchrupp,no,,6373,0,2025-06-09,post,https://www.facebook.com/share/p/1Bd6yVRowe/,6,0,45,0,0,0,0,0,0,0,
Rolando Schrupp,https://www.facebook.com/RolandoSchrupp,no,,6373,0,2025-06-09,post,https://www.facebook.com/share/p/1CTDBqYaNo/,4,9,40,0,0,0,0,0,0,0,"Hay sumas que restan…
Definitivamente esta será una elección de negativos."
