nombre perfil,url perfil,candidato identificado,creación del perfil,seguidores,seguidos,fecha post,tipo de post,url post,comparticiones,comentarios,reacciones en total,me gusta,me encanta,me divierte,me entristece,me sorprende,me enoja,me importa,contenido
NAYRA VASQUEZ LOBO,https://www.facebook.com/Nay.Vasquez.Lobo,no,,,,2025-07-29,post,https://www.facebook.com/share/p/1FLihoonkL/,0,0,2,1,0,0,1,0,0,0,"Ciudad Satélite de ser una de las zonas más seguras de El Alto, se está volviendo en un lugar donde nuestros jóvenes están perdiendo la vida a manos de delincuentes."
NAYRA VASQUEZ LOBO,https://www.facebook.com/Nay.Vasquez.Lobo,no,,,,2025-08-04,post,https://www.facebook.com/share/p/14H8RDod482/,1,2,27,12,11,0,0,0,0,4,"Con mucha ilusión quiero contarles que escribí un artículo en la revista ""Percepción Democrática en Jóvenes"".
Una publicación que recoge lo que pensamos, soñamos y cues… Ver más"
NAYRA VASQUEZ LOBO,https://www.facebook.com/Nay.Vasquez.Lobo,no,,,,2025-08-04,post,https://www.facebook.com/share/1CDoqmDFEj/,0,3,76,34,40,0,0,0,0,2,Que brillemos bonito siempre 
