nombre perfil,url perfil,candidato identificado,creación del perfil,seguidores,seguidos,fecha post,tipo de post,url post,comparticiones,comentarios,reacciones en total,me gusta,me encanta,me divierte,me entristece,me sorprende,me enoja,me importa,contenido
SILVIA MOLLER CHOQUE,https://www.facebook.com/silvia.mollerchoque,sí,,0,0,2025-07-27,post,https://www.facebook.com/share/p/1GRPGqgkf2/,0,0,0,0,0,0,0,0,0,0,
SILVIA MOLLER CHOQUE,https://www.facebook.com/silvia.mollerchoque,sí,,0,0,2025-07-27,post,https://www.facebook.com/share/p/15yeQC1qLH/,0,0,0,0,0,0,0,0,0,0,
SILVIA MOLLER CHOQUE,https://www.facebook.com/silvia.mollerchoque,sí,,0,0,2025-07-27,post,https://www.facebook.com/share/p/1C4Vo5vhmZ/,0,0,0,0,0,0,0,0,0,0,
SILVIA MOLLER CHOQUE,https://www.facebook.com/silvia.mollerchoque,sí,,0,0,2025-07-27,post,https://www.facebook.com/share/p/1PMZ3LcEaW/,0,0,0,0,0,0,0,0,0,0,
SILVIA MOLLER CHOQUE,https://www.facebook.com/silvia.mollerchoque,sí,,0,0,2025-07-27,post,https://www.facebook.com/share/p/1EKD38Hew1/,0,0,0,0,0,0,0,0,0,0,
SILVIA MOLLER CHOQUE,https://www.facebook.com/silvia.mollerchoque,sí,,0,0,2025-07-27,post,https://www.facebook.com/share/p/15if9syePn/,0,0,0,0,0,0,0,0,0,0,
SILVIA MOLLER CHOQUE,https://www.facebook.com/silvia.mollerchoque,sí,,0,0,2025-07-27,post,https://www.facebook.com/share/p/1CCtyk32Kh/,0,0,0,0,0,0,0,0,0,0,
SILVIA MOLLER CHOQUE,https://www.facebook.com/silvia.mollerchoque,sí,,0,0,2025-07-27,post,https://www.facebook.com/share/p/1B2D8j74Vy/,1,0,3,3,0,0,0,0,0,0,
SILVIA MOLLER CHOQUE,https://www.facebook.com/silvia.mollerchoque,sí,,0,0,2025-07-27,post,https://www.facebook.com/share/p/1A8jXfh14r/,0,0,0,0,0,0,0,0,0,0,
SILVIA MOLLER CHOQUE,https://www.facebook.com/silvia.mollerchoque,sí,,0,0,2025-07-27,post,https://www.facebook.com/share/p/16cZFVDtLy/,1,0,1,1,0,0,0,0,0,0,
SILVIA MOLLER CHOQUE,https://www.facebook.com/silvia.mollerchoque,sí,,0,0,2025-07-27,post,https://www.facebook.com/share/p/1AjjPy6Y7K/,2,0,3,3,0,0,0,0,0,0,
SILVIA MOLLER CHOQUE,https://www.facebook.com/silvia.mollerchoque,sí,,0,0,2025-07-27,post,https://www.facebook.com/share/p/1B2KFMvQjJ/,2,0,2,2,0,0,0,0,0,0,
SILVIA MOLLER CHOQUE,https://www.facebook.com/silvia.mollerchoque,sí,,0,0,2025-07-27,post,https://www.facebook.com/share/p/1Z4idn67U3/,0,0,0,0,0,0,0,0,0,0,
SILVIA MOLLER CHOQUE,https://www.facebook.com/silvia.mollerchoque,sí,,0,0,2025-07-27,post,https://www.facebook.com/share/p/17CwUH8Dx3/,1,0,0,0,0,0,0,0,0,0,
SILVIA MOLLER CHOQUE,https://www.facebook.com/silvia.mollerchoque,sí,,0,0,2025-07-27,post,https://www.facebook.com/share/p/1ay9585yCb/,3,0,2,2,0,0,0,0,0,0,
SILVIA MOLLER CHOQUE,https://www.facebook.com/silvia.mollerchoque,sí,,0,0,2025-07-27,post,https://www.facebook.com/share/p/16tcWzovrY/,0,0,0,0,0,0,0,0,0,0,
SILVIA MOLLER CHOQUE,https://www.facebook.com/silvia.mollerchoque,sí,,0,0,2025-07-27,post,https://www.facebook.com/share/p/1AtgmaT6qg/,0,0,1,1,0,0,0,0,0,0,
SILVIA MOLLER CHOQUE,https://www.facebook.com/silvia.mollerchoque,sí,,0,0,2025-07-27,post,https://www.facebook.com/share/p/1MV4EQ7qH4/,1,0,1,1,0,0,0,0,0,0,
SILVIA MOLLER CHOQUE,https://www.facebook.com/silvia.mollerchoque,sí,,0,0,2025-07-27,post,https://www.facebook.com/share/p/19wawutm9V/,0,0,0,0,0,0,0,0,0,0,
SILVIA MOLLER CHOQUE,https://www.facebook.com/silvia.mollerchoque,sí,,0,0,2025-07-27,post,https://www.facebook.com/share/p/1AS1dAMz1c/,0,0,0,0,0,0,0,0,0,0,
SILVIA MOLLER CHOQUE,https://www.facebook.com/silvia.mollerchoque,sí,,0,0,2025-07-27,post,https://www.facebook.com/share/p/1Lt9ZzpGuq/,0,0,0,0,0,0,0,0,0,0,
SILVIA MOLLER CHOQUE,https://www.facebook.com/silvia.mollerchoque,sí,,0,0,2025-07-27,post,https://www.facebook.com/share/p/19E3N5G3tZ/,0,0,1,1,0,0,0,0,0,0,
SILVIA MOLLER CHOQUE,https://www.facebook.com/silvia.mollerchoque,sí,,0,0,2025-07-27,post,https://www.facebook.com/share/p/1LpiNVzWka/,0,0,4,4,0,0,0,0,0,0,"#c30oruro
#tutoconoruro
#EsConTuto
#SilviaDiputada
#tutoyjpvelascoysilvia"
SILVIA MOLLER CHOQUE,https://www.facebook.com/silvia.mollerchoque,sí,,0,0,2025-07-27,post,https://www.facebook.com/share/p/16dKBMoqqo/,0,0,0,0,0,0,0,0,0,0,
SILVIA MOLLER CHOQUE,https://www.facebook.com/silvia.mollerchoque,sí,,0,0,2025-07-27,post,https://www.facebook.com/share/p/16cg7J2a7L/,0,0,1,1,0,0,0,0,0,0,
SILVIA MOLLER CHOQUE,https://www.facebook.com/silvia.mollerchoque,sí,,0,0,2025-07-27,post,https://www.facebook.com/share/p/1EyhmpKHKR/,0,0,0,0,0,0,0,0,0,0,
SILVIA MOLLER CHOQUE,https://www.facebook.com/silvia.mollerchoque,sí,,0,0,2025-07-27,post,https://www.facebook.com/share/p/15oDeVbrsi/,0,0,0,0,0,0,0,0,0,0,
SILVIA MOLLER CHOQUE,https://www.facebook.com/silvia.mollerchoque,sí,,0,0,2025-07-27,post,https://www.facebook.com/share/p/1CE4ABj4re/,0,0,1,1,0,0,0,0,0,0,
SILVIA MOLLER CHOQUE,https://www.facebook.com/silvia.mollerchoque,sí,,0,0,2025-07-27,post,https://www.facebook.com/share/p/1EDe1aMbU3/,1,0,8,8,0,0,0,0,0,0,
SILVIA MOLLER CHOQUE,https://www.facebook.com/silvia.mollerchoque,sí,,0,0,2025-07-27,post,https://www.facebook.com/share/p/19ykAxtCeF/,2,0,10,10,0,0,0,0,0,0,
SILVIA MOLLER CHOQUE,https://www.facebook.com/silvia.mollerchoque,sí,,0,0,2025-07-27,post,https://www.facebook.com/share/p/1FWK2TYkfX/,0,0,0,0,0,0,0,0,0,0,
SILVIA MOLLER CHOQUE,https://www.facebook.com/silvia.mollerchoque,sí,,0,0,2025-07-27,post,https://www.facebook.com/share/p/1AnjD6VXJh/,0,0,0,0,0,0,0,0,0,0,
SILVIA MOLLER CHOQUE,https://www.facebook.com/silvia.mollerchoque,sí,,0,0,2025-07-27,post,https://www.facebook.com/share/p/16srJcbsrR/,1,0,0,0,0,0,0,0,0,0,
SILVIA MOLLER CHOQUE,https://www.facebook.com/silvia.mollerchoque,sí,,0,0,2025-07-27,post,https://www.facebook.com/share/p/1An1mQb9PR/,1,0,4,4,0,0,0,0,0,0,
SILVIA MOLLER CHOQUE,https://www.facebook.com/silvia.mollerchoque,sí,,0,0,2025-07-27,post,https://www.facebook.com/share/p/14KQ6CSKwnM/,0,0,0,0,0,0,0,0,0,0,
SILVIA MOLLER CHOQUE,https://www.facebook.com/silvia.mollerchoque,sí,,0,0,2025-07-27,post,https://www.facebook.com/share/p/19P9kzSCDq/,0,0,3,1,0,0,2,0,0,0,
SILVIA MOLLER CHOQUE,https://www.facebook.com/silvia.mollerchoque,sí,,0,0,2025-07-27,post,https://www.facebook.com/share/p/16J6FgmbCc/,0,0,0,0,0,0,0,0,0,0,
SILVIA MOLLER CHOQUE,https://www.facebook.com/silvia.mollerchoque,sí,,0,0,2025-07-27,post,https://www.facebook.com/share/p/19tc7xeFNA/,0,0,0,0,0,0,0,0,0,0,
SILVIA MOLLER CHOQUE,https://www.facebook.com/silvia.mollerchoque,sí,,0,0,2025-07-27,post,https://www.facebook.com/share/p/1AoPQZoeT9/,0,0,2,2,0,0,0,0,0,0,
SILVIA MOLLER CHOQUE,https://www.facebook.com/silvia.mollerchoque,sí,,0,0,2025-07-27,post,https://www.facebook.com/share/p/1GSxmgu3Uz/,0,0,0,0,0,0,0,0,0,0,
SILVIA MOLLER CHOQUE,https://www.facebook.com/silvia.mollerchoque,sí,,0,0,2025-07-27,post,https://www.facebook.com/share/p/15hHnyczmV/,0,0,0,0,0,0,0,0,0,0,
SILVIA MOLLER CHOQUE,https://www.facebook.com/silvia.mollerchoque,sí,,0,0,2025-07-27,post,https://www.facebook.com/share/p/1Zcph1CSgo/,0,0,0,0,0,0,0,0,0,0,
SILVIA MOLLER CHOQUE,https://www.facebook.com/silvia.mollerchoque,sí,,0,0,2025-07-27,post,https://www.facebook.com/share/p/177fdNCcyW/,0,0,2,2,0,0,0,0,0,0,
SILVIA MOLLER CHOQUE,https://www.facebook.com/silvia.mollerchoque,sí,,0,0,2025-07-27,post,https://www.facebook.com/share/p/12Mf88XnjVC/,0,0,0,0,0,0,0,0,0,0,
SILVIA MOLLER CHOQUE,https://www.facebook.com/silvia.mollerchoque,sí,,0,0,2025-07-27,post,https://www.facebook.com/share/p/1Wkmze1BK4/,0,0,0,0,0,0,0,0,0,0,
SILVIA MOLLER CHOQUE,https://www.facebook.com/silvia.mollerchoque,sí,,0,0,2025-07-28,post,https://www.facebook.com/share/p/19UrvwasgZ/,1,0,4,4,0,0,0,0,0,0,
SILVIA MOLLER CHOQUE,https://www.facebook.com/silvia.mollerchoque,sí,,0,0,2025-07-28,post,https://www.facebook.com/share/p/1GLg4CJrtU/,0,0,0,0,0,0,0,0,0,0,IMPORTANTE  PARA  PREPARARSE
SILVIA MOLLER CHOQUE,https://www.facebook.com/silvia.mollerchoque,sí,,0,0,2025-07-28,post,https://www.facebook.com/share/p/1Aqm1Qv67Y/,0,0,0,0,0,0,0,0,0,0,
SILVIA MOLLER CHOQUE,https://www.facebook.com/silvia.mollerchoque,sí,,0,0,2025-07-28,post,https://www.facebook.com/share/p/19Xc5bDRqw/,3,2,17,15,1,1,0,0,0,0,
SILVIA MOLLER CHOQUE,https://www.facebook.com/silvia.mollerchoque,sí,,0,0,2025-07-29,post,https://www.facebook.com/share/p/16fbmGUVTz/,2,2,21,19,1,1,0,0,0,0,
SILVIA MOLLER CHOQUE,https://www.facebook.com/silvia.mollerchoque,sí,,0,0,2025-07-29,post,https://www.facebook.com/share/p/1AovQVmaHb/,1,3,5,4,1,0,0,0,0,0,
