nombre perfil,url perfil,candidato identificado,creación del perfil,seguidores,seguidos,fecha post,tipo de post,url post,comparticiones,comentarios,reacciones en total,me gusta,me encanta,me divierte,me entristece,me sorprende,me enoja,me importa,contenido
Feminismo Comunitario Antipatriarcal,https://www.facebook.com/feminismo.comunitario.Antipatriarcal,no,2014-05-16,34000,0,2025-07-29,post,https://www.facebook.com/share/p/1GSh3vFsdQ/,0,0,6,4,2,0,0,0,0,0,URIBE CULPABLE
Feminismo Comunitario Antipatriarcal,https://www.facebook.com/feminismo.comunitario.Antipatriarcal,no,2014-05-16,34000,0,2025-07-30,post,https://www.facebook.com/share/p/1FQjedA56S/,3,0,4,3,0,0,0,0,1,0," DECLARACIÓN DE FEMINISTAS DEL ABYA YALA: 
LA  JUSTICIA PATRIARCAL PRETENDE AISLARNOS Y SILENCIARNOS. LOS GOBIERNOS INTENTAN DISCIPLINARNOS CON VIOLENCIA Y CRUELDAD. 
LAS MUJERES Y DISIDENCIAS ESTAMOS EN LA PRIMERA LÍNEA DE LAS RESISTENCIAS POPULARES Y DE LA DEFENSA DE LA NATURALEZA, LOS TERRITORIOS, Y LAS COMUNIDADES. … Ver más"
Feminismo Comunitario Antipatriarcal,https://www.facebook.com/feminismo.comunitario.Antipatriarcal,no,2014-05-16,34000,0,2025-08-03,post,https://www.facebook.com/share/p/173hN24vQR/,3,0,3,2,0,0,0,0,0,1,"BASTA DE PERSECUCIÓN RACISTA EN BOLIVIA              
Denunciamos al gobierno racista 
y colonial de Luis Arce y David Choquehuanca 
q… Ver más"
Feminismo Comunitario Antipatriarcal,https://www.facebook.com/feminismo.comunitario.Antipatriarcal,no,2014-05-16,34000,0,2025-08-05,post,https://www.facebook.com/share/p/1C1XzUEteU/,1,0,1,1,0,0,0,0,0,0,CURSO DE ALTA FORMACIÓN · AÑO 2025… Ver más
Feminismo Comunitario Antipatriarcal,https://www.facebook.com/feminismo.comunitario.Antipatriarcal,no,2014-05-16,34000,0,2025-08-05,post,https://www.facebook.com/share/p/1Be69M1Nxq/,0,0,1,1,0,0,0,0,0,0,"Compartimos las palabras, la fuerza y fueguito de nuestra hermana desde Guatemala. Lolita Chavez... 
        No podemos quedarnos en silencio mientras siguen matando … Ver más"
