nombre perfil,url perfil,candidato identificado,creación del perfil,seguidores,seguidos,fecha post,tipo de post,url post,comparticiones,comentarios,reacciones en total,me gusta,me encanta,me divierte,me entristece,me sorprende,me enoja,me importa,contenido
Quya Reyna ,https://www.facebook.com/quya.reyna,no,2016-03-20,9100,0,2025-06-15,post,https://www.facebook.com/share/p/15Xi4dJdq6/,140,77,442,268,135,11,0,1,1,26,WIPHALA EN LLALLAGUA… Ver más
Quya Reyna ,https://www.facebook.com/quya.reyna,no,2016-03-20,9100,0,2025-06-15,post,https://www.facebook.com/share/p/1573c1Bucf/,3,2,106,92,13,0,0,1,0,0,"Hoy en TikTok, junto a Gonzalo Colque. También lo transmitiremos por el Jichha."
Quya Reyna ,https://www.facebook.com/quya.reyna,no,2016-03-20,9100,0,2025-06-16,post,https://www.facebook.com/share/p/1EXoNwrS5W/,15,21,197,187,7,0,1,1,0,1,"Recuerdo que en el 2020, RTP Bolivia iba casi todos los días a El Alto a acusarnos de que no cumplíamos la cuarentena, pero sólo iba a El Alto, a ningún lugar más. Obvi… Ver más"
Quya Reyna ,https://www.facebook.com/quya.reyna,no,2016-03-20,9100,0,2025-06-17,post,https://www.facebook.com/share/p/16f3xEVfBC/,26,27,184,174,1,0,1,5,1,2,"Y los medios, e incluso economistas, difundiendo noticias sobre el informe sin análisis del mismo y generando más alarma sobre un indicador de hambruna para Bolivia. Es… Ver más"
Quya Reyna ,https://www.facebook.com/quya.reyna,no,2016-03-20,9100,0,2025-06-18,post,https://www.facebook.com/share/p/1Ao4kiWLVS/,27,59,463,66,7,379,1,8,0,3,"Ni modo, Carlos Macusaya, te tocó ser anacrónico. Jajajaja … Ver más"
