nombre perfil,url perfil,snapshot_date,creación del perfil,candidato identificado,seguidores,seguidos,fecha post,tipo de post,url post,comparticiones,comentarios,reacciones en total,me gusta,me encanta,me divierte,me entristece,me sorprende,me enoja,me importa,contenido
PAOLA ANDREA FERNANDEZ REA,https://www.facebook.com/profile.php?id=100095305101750,2025-07-23,2023-08-07,no,115000,0,2025-07-15,post,https://www.facebook.com/share/v/1QyXBvqXFo/,5,1,49,41,6,2,0,0,0,0,"Lo de ayer en el Plan 3000 fue para recordar siempre! Venimos trabajando en el territorio desde el 2023, sin descanso transformando vidas con pequeñas y grandes accione… Ver más"
PAOLA ANDREA FERNANDEZ REA,https://www.facebook.com/profile.php?id=100095305101750,2025-07-23,2023-08-07,no,115000,0,2025-07-17,post,https://www.facebook.com/share/p/1C2n77s3dU/,4,0,45,34,7,4,0,0,0,0,¡Los esperamos en nuestro cierre de curso!
PAOLA ANDREA FERNANDEZ REA,https://www.facebook.com/profile.php?id=100095305101750,2025-07-23,2023-08-07,no,115000,0,2025-07-18,post,https://www.facebook.com/share/p/1CmhS2LHTK/,5,6,49,0,0,0,0,0,0,0,Mañana nos vemos para la entrega de leche y pan gratuito para nuestro amado Plan 3000… Ver más
PAOLA ANDREA FERNANDEZ REA,https://www.facebook.com/profile.php?id=100095305101750,2025-07-23,2023-08-07,no,115000,0,2025-07-19,post,https://www.facebook.com/share/p/16icT8SCF6/,4,5,34,27,7,0,0,0,0,0,"¡Solidaridad que transforma! 
La senadora Paola Fernández, junto al diputado Milton Yepes y la diputada suplente Georgina, estuvieron presentes en la UV-150 del Plan… Ver más"
PAOLA ANDREA FERNANDEZ REA,https://www.facebook.com/profile.php?id=100095305101750,2025-07-23,2023-08-07,no,115000,0,2025-07-20,post,https://www.facebook.com/share/p/1FTE8FLWpd/,5,20,88,72,2,12,0,0,1,1,
PAOLA ANDREA FERNANDEZ REA,https://www.facebook.com/profile.php?id=100095305101750,2025-07-23,2023-08-07,no,115000,0,2025-07-21,post,https://www.facebook.com/share/v/1F3hRwMBhf/,2,1,16,7,8,1,0,0,0,0,"Un fin de semana dando amor! 
… Ver más"
PAOLA ANDREA FERNANDEZ REA,https://www.facebook.com/profile.php?id=100095305101750,2025-07-23,2023-08-07,no,115000,0,2025-07-21,post,https://www.facebook.com/share/p/163qw3PK3i/,8,8,42,32,10,0,0,0,0,0," ¡Inauguramos el Comedor Solidario en el Plan 3000!
Gracias a la iniciativa de Paola Fernández, hoy se hizo realidad este espacio de apoyo y solidaridad donde se sirvi… Ver más"
