nombre perfil,url perfil,snapshot_date,creación del perfil,candidato identificado,seguidores,seguidos,fecha post,url post,comparticiones,comentarios,reacciones en total,me gusta,me encanta,me divierte,me entristece,me sorprende,me enoja,me importa,contenido
Mauro Landivar ,https://www.facebook.com/profile.php?id=61552708002190,2025-06-02,2023-10-31,no,31000,181,2025-05-26,https://www.facebook.com/share/p/16UvxyMfvP/,280,212,514,445,58,11,0,0,0,0,Sobre la encuesta del Bunker.… Ver más
Mauro Landivar ,https://www.facebook.com/profile.php?id=61552708002190,2025-06-02,2023-10-31,no,31000,181,2025-05-26,https://www.facebook.com/share/p/1BT4w3rruq/,879,127,677,255,3,6,0,60,351,2,#URGENTE |Jhonny Fernández se r0bó una parte del dinero del desayuno para los niños.… Ver más
Mauro Landivar ,https://www.facebook.com/profile.php?id=61552708002190,2025-06-02,2023-10-31,no,31000,181,2025-05-27,https://www.facebook.com/share/p/1ZjXZnfuzb/,211,169,415,332,64,11,1,5,0,2,#ULTIMO |Muchos vieron el plan de gobierno del partido NGP y dijeron: “¡Esto no tiene nada que ver con Jaime Dunn!” Y tenían razón.… Ver más
Mauro Landivar ,https://www.facebook.com/profile.php?id=61552708002190,2025-06-02,2023-10-31,no,31000,181,2025-05-27,https://www.facebook.com/share/p/1NMp2RetxT/,146,200,740,204,530,4,0,0,0,2,"El país está dividido en 3, los socialistas, los no socialistas, y los ""emputados"".… Ver más"
Mauro Landivar ,https://www.facebook.com/profile.php?id=61552708002190,2025-06-02,2023-10-31,no,31000,181,2025-05-27,https://www.facebook.com/share/p/16vEoPZpMn/,126,28,251,224,0,0,5,14,6,2,"Hago un llamado al Comité pro Santa Cruz y a los concejales del municipio de Santa Cruz de la Sierra. Silvana Mucarzel Concejal Municipal Mamen Saavedra Luis Alberto Vaca Jose Alberti - Mi Concejal de Santa Cruz Fede Morón  Marcelo Vidaurre Concejal Lola Terrazas - Concejal 
Al comité, dejen de estar buscando a qué candidato apoyar, enfoquense en el problema actual, el día de hoy el estado invadió la propiedad privada y robó producto… Ver más"
Mauro Landivar ,https://www.facebook.com/profile.php?id=61552708002190,2025-06-02,2023-10-31,no,31000,181,2025-05-28,https://www.facebook.com/share/p/1P26v3JcxT/,247,32,398,175,0,6,2,71,144,0,#ULTIMO Vergüenza mundial… Ver más
Mauro Landivar ,https://www.facebook.com/profile.php?id=61552708002190,2025-06-02,2023-10-31,no,31000,181,2025-05-28,https://www.facebook.com/share/v/1FXy2N8USX/,69,149,181,77,1,58,1,31,13,0,"Tuto Quiroga cambia de versión en su plan de gobierno. Ahora dice que no reducirá los funcionarios públicos del estado. 
En un principio en sus campañas hablaba de redu… Ver más"
Mauro Landivar ,https://www.facebook.com/profile.php?id=61552708002190,2025-06-02,2023-10-31,no,31000,181,2025-05-28,https://www.facebook.com/share/v/19fei8y1kd/,130,180,231,223,3,3,0,1,0,1,¿Eliminar o no la subvención?… Ver más
Mauro Landivar ,https://www.facebook.com/profile.php?id=61552708002190,2025-06-02,2023-10-31,no,31000,181,2025-05-28,https://www.facebook.com/share/p/1Epigxo5MM/,369,95,586,433,2,6,2,5,138,0,#URGENTE |Esto debe ser repudiado por todo el pueblo cruceño.… Ver más
Mauro Landivar ,https://www.facebook.com/profile.php?id=61552708002190,2025-06-02,2023-10-31,no,31000,181,2025-05-28,https://www.facebook.com/share/v/16Kn7TNRwm/,2100,93,530,326,0,3,9,24,167,1,"#URGENTE |Lo que pasó ayer debería encender todas las alarmas: entre militares, la FELCC y la complicidad de la Alcaldía, se metieron a los mercados, violaron el derech… Ver más"
Mauro Landivar ,https://www.facebook.com/profile.php?id=61552708002190,2025-06-02,2023-10-31,no,31000,181,2025-05-29,https://www.facebook.com/share/p/16PZMxWj9b/,226,307,418,383,12,14,0,6,1,2,Para los tutistas....… Ver más
Mauro Landivar ,https://www.facebook.com/profile.php?id=61552708002190,2025-06-02,2023-10-31,no,31000,181,2025-05-29,https://www.facebook.com/share/v/16HG5Mz4CW/,214,140,229,172,1,28,0,23,5,0,"¿Tuto contrario a Trump?
¿Eso quiere decir que se mantendrá la distancia con EEUU como todos los países gobernados por socialistas? … Ver más"
Mauro Landivar ,https://www.facebook.com/profile.php?id=61552708002190,2025-06-02,2023-10-31,no,31000,181,2025-05-30,https://www.facebook.com/share/v/18ZebK9mDK/,306,91,284,271,4,5,0,4,0,0,"Este tema está generando mucho debate en la población, los sectores más afectados, por así decirlo, como los transportistas, piden eliminar la subvención, pero sobre es… Ver más"
Mauro Landivar ,https://www.facebook.com/profile.php?id=61552708002190,2025-06-02,2023-10-31,no,31000,181,2025-05-30,https://www.facebook.com/share/p/14GZsESd7Px/,373,95,760,671,82,1,1,1,3,1,El alcalde se tiene que ir… Ver más
Mauro Landivar ,https://www.facebook.com/profile.php?id=61552708002190,2025-06-02,2023-10-31,no,31000,181,2025-06-01,https://www.facebook.com/share/v/12JYEyU1o8W/,246,98,272,207,2,2,53,4,4,0,"#ULTIMO |Llora mujer de pollera por falta de combustible:""¿Cuántas noches más? Yo soy papá y mamá. Llevo 4 días aquí. ¿Quién me responde del auto que debo al banco?""...… Ver más"
Mauro Landivar ,https://www.facebook.com/profile.php?id=61552708002190,2025-06-02,2023-10-31,no,31000,181,2025-06-01,https://www.facebook.com/share/v/16Uz8ZEVwG/,191,22,307,268,35,1,0,0,0,3,"Carlos Dabdoub, destacado personaje cruceño, dice que no se trata solo de cambiar de gobierno, sino de cambiar el sistema de gobierno o de estado, coincidiendo con la p… Ver más"
Mauro Landivar ,https://www.facebook.com/profile.php?id=61552708002190,2025-06-02,2023-10-31,no,31000,181,2025-06-01,https://www.facebook.com/share/p/16aQ8MfAqV/,48,127,515,336,57,111,0,4,0,7,"Las encuestas me dieron la razón, los ""emputados"" somos mayoría.… Ver más"
Mauro Landivar ,https://www.facebook.com/profile.php?id=61552708002190,2025-06-02,2023-10-31,no,31000,181,2025-06-01,https://www.facebook.com/share/p/1DU8AgTRwJ/,107,50,369,114,2,248,1,3,0,1,
Mauro Landivar ,https://www.facebook.com/profile.php?id=61552708002190,2025-06-02,2023-10-31,no,31000,181,2025-06-01,https://www.facebook.com/share/p/1JLQtxKAi2/,460,86,442,425,3,5,0,3,5,1,"Supongamos que Unitel no tomó en cuenta a Jaime Dunn, por no estar aún inscrito en el TSE, pero Andrónico tampoco está aún inscrito, es más hasta retiró sus papeles del… Ver más"
Mauro Landivar ,https://www.facebook.com/profile.php?id=61552708002190,2025-06-02,2023-10-31,no,31000,181,2025-06-02,https://www.facebook.com/share/p/16aBM8jiHQ/,197,119,496,399,62,33,0,1,0,1,"Para el analista Carlos Valverde, el ingreso de Jaime Dunn en las próximas encuestas puede cambiar radicalmente el escenario electoral. “Supongo que va a subir un poco … Ver más"
Mauro Landivar ,https://www.facebook.com/profile.php?id=61552708002190,2025-06-02,2023-10-31,no,31000,181,2025-06-02,https://www.facebook.com/share/p/18w6rJpW2V/,46,33,72,62,2,7,0,1,0,0,"La vieja política, nunca pudo conquistar un mayoritario voto del electorado boliviano.… Ver más"
Mauro Landivar ,https://www.facebook.com/profile.php?id=61552708002190,2025-06-02,2023-10-31,no,31000,181,2025-06-02,https://www.facebook.com/share/p/1BsgAbCGtD/,58,32,136,113,4,18,0,4,0,0,"¿Cátedra personalizada? 
… Ver más"
