nombre perfil,url perfil,snapshot_date,creación del perfil,candidato identificado,seguidores,seguidos,fecha post,tipo de post,url post,comparticiones,comentarios,reacciones en total,me gusta,me encanta,me divierte,me entristece,me sorprende,me enoja,me importa,contenido
ANAHI NAYELY ROCHA RODAS,https://www.facebook.com/nayeli.rocha.902,2025-07-23,2015-08-28,no,1500,0,2025-07-22,post,https://www.facebook.com/share/p/1BsTzw3Ewb/,1,0,0,0,0,0,0,0,0,0,
ANAHI NAYELY ROCHA RODAS,https://www.facebook.com/nayeli.rocha.902,2025-07-29,2015-08-28,no,1500,0,2025-07-23,post,https://www.facebook.com/share/p/1E8jqfMwN1/,8,3,24,20,4,0,0,0,0,0," BASTA DE PROMESAS VACÍAS 
N… Ver más"
ANAHI NAYELY ROCHA RODAS,https://www.facebook.com/nayeli.rocha.902,2025-07-29,2015-08-28,no,1500,0,2025-07-23,post,https://www.facebook.com/share/p/1QVcJeUjok/,0,0,0,0,0,0,0,0,0,0,
ANAHI NAYELY ROCHA RODAS,https://www.facebook.com/nayeli.rocha.902,2025-08-06,2015-08-28,no,1500,0,2025-07-30,post,https://www.facebook.com/share/v/1CZRDVWT3n/,0,0,9,5,4,0,0,0,0,0,"Salud mental también es dignidad, también es vida"
ANAHI NAYELY ROCHA RODAS,https://www.facebook.com/nayeli.rocha.902,2025-08-06,2015-08-28,no,1500,0,2025-07-30,post,https://www.facebook.com/share/p/16tYvDfsVn/,0,0,10,8,2,0,0,0,0,0,https://chat.whatsapp.com/DGwS2rbz3ih9ObJRFjJiR5
ANAHI NAYELY ROCHA RODAS,https://www.facebook.com/nayeli.rocha.902,2025-08-06,2015-08-28,no,1500,0,2025-07-30,post,https://www.facebook.com/share/p/1AcdBk7SwM/,0,0,6,4,1,1,0,0,0,0,Vamos adelante
ANAHI NAYELY ROCHA RODAS,https://www.facebook.com/nayeli.rocha.902,2025-08-06,2015-08-28,no,1500,0,2025-08-01,post,https://www.facebook.com/share/p/19TusnEc1s/,1,0,5,4,1,0,0,0,0,0,No tenemos promesas vacías propuestas con convicción
ANAHI NAYELY ROCHA RODAS,https://www.facebook.com/nayeli.rocha.902,2025-08-06,2015-08-28,no,1500,0,2025-08-02,post,https://www.facebook.com/share/p/15h26qE5Ew/,0,0,0,0,0,0,0,0,0,0,
