nombre perfil,url perfil,snapshot_date,creación del perfil,candidato identificado,seguidores,seguidos,fecha post,tipo de post,url post,comparticiones,comentarios,reacciones en total,me gusta,me encanta,me divierte,me entristece,me sorprende,me enoja,me importa,contenido
Rosario Callejas,https://www.facebook.com/RosarioCallejasConcejalGremial,2025-05-22,2021-01-11,no,8400,83,2025-05-15,post,not-found-post-url--197129,0,0,,0,0,0,0,0,0,0,"Gestionamos la limpieza del Parque Autonómico Etnias del Oriente en la zona de la villa 1ro de mayo, un espacio de recreación para las familias de la zona.
#𝐂𝐨𝐧𝐜𝐞𝐣𝐚𝐥𝐑𝐨𝐬… Ver más"
Rosario Callejas,https://www.facebook.com/RosarioCallejasConcejalGremial,2025-05-22,2021-01-11,no,8400,83,2025-05-15,post,https://www.facebook.com/share/v/12LmzLXXgMw/,27,10,,0,0,0,0,0,0,0,Denunciamos a Bolivia y al mundo estos atropellos de la policía contra nuestro pueblo que se moviliza pacíficamente rumbo a la ciudad de La Paz.… Ver más
Rosario Callejas,https://www.facebook.com/RosarioCallejasConcejalGremial,2025-05-23,2021-01-11,no,8400,83,2025-05-16,post,https://www.facebook.com/share/v/19NmoHNmWj/,261,73,,1500,62,52,2,1,6,9,"𝐀𝐯𝐚𝐧𝐳𝐚 𝐜𝐨𝐧 𝐞𝐥 𝐜𝐨𝐫𝐚𝐳𝐨́𝐧 𝐝𝐞𝐥 𝐩𝐮𝐞𝐛𝐥𝐨,
𝐜𝐨𝐧 𝐥𝐨𝐬 𝐩𝐚𝐬𝐨𝐬 𝐟𝐢𝐫𝐦𝐞𝐬 𝐝𝐞 𝐝𝐢𝐠𝐧𝐢𝐝𝐚𝐝,
𝐜𝐨𝐧 𝐞𝐥 𝐟𝐮𝐞𝐠𝐨 𝐝𝐞 𝐥𝐚 𝐦𝐞𝐦𝐨𝐫𝐢𝐚 𝐯𝐢𝐯𝐚.
𝐍𝐨 𝐞𝐬 𝐬𝐨𝐥𝐨 𝐮𝐧𝐚 𝐦𝐚𝐫𝐜𝐡… Ver más"
Rosario Callejas,https://www.facebook.com/RosarioCallejasConcejalGremial,2025-05-23,2021-01-11,no,8400,83,2025-05-16,post,not-found-post-url-85563,0,0,,12,0,1,4,0,0,1,"Con profundo dolor y absoluta indignación, expresamos nuestro enérgico repudio a la violencia ejercida por efectivos policiales contra ciudadanos y ciudadanas que parti… Ver más"
Rosario Callejas,https://www.facebook.com/RosarioCallejasConcejalGremial,2025-05-22,2021-01-11,no,8400,83,2025-05-16,post,not-found-post-url--207450,0,0,,11,0,1,4,0,0,1,"Con profundo dolor y absoluta indignación, expresamos nuestro enérgico repudio a la violencia ejercida por efectivos policiales contra ciudadanos y ciudadanas que parti… Ver más"
Rosario Callejas,https://www.facebook.com/RosarioCallejasConcejalGremial,2025-05-22,2021-01-11,no,8400,83,2025-05-16,post,https://www.facebook.com/share/p/15dBdmY5fp/,8,14,,82,13,7,0,0,0,1,"Presente en la multitudinaria marcha nacional en defensa de la democracia, reafirmando el compromiso con el pueblo boliviano, con convicción y valentía acompañamos a nu… Ver más"
Rosario Callejas,https://www.facebook.com/RosarioCallejasConcejalGremial,2025-05-22,2021-01-11,no,8400,83,2025-05-16,post,https://www.facebook.com/share/v/1Dh2dZzKyU/,2,1,,32,3,2,0,0,0,0,"¡𝐓𝐎𝐃𝐎𝐒 𝐒𝐎𝐌𝐎𝐒 𝐄𝐕𝐎
𝐄𝐧 𝐞𝐬𝐭𝐚 𝐦𝐚𝐫𝐜𝐡𝐚 𝐬𝐚𝐠𝐫𝐚𝐝𝐚,
𝐚𝐯𝐚𝐧𝐳𝐚 𝐥𝐚 𝐡𝐢𝐬𝐭𝐨𝐫𝐢𝐚 𝐬𝐨𝐛𝐫𝐞 𝐥𝐨𝐬 𝐩𝐚… Ver más"
Rosario Callejas,https://www.facebook.com/RosarioCallejasConcejalGremial,2025-05-23,2021-01-11,no,8400,83,2025-05-17,post,https://www.facebook.com/share/v/1AS9pCTu9b/,51,18,,0,0,0,0,0,0,0,Exigiendo el respeto a los derechos democráticos que  fueron brutalmente reprimidos por centenares de policías del actual gobierno.… Ver más
Rosario Callejas,https://www.facebook.com/RosarioCallejasConcejalGremial,2025-05-22,2021-01-11,no,8400,83,2025-05-17,post,https://www.facebook.com/share/p/1KgH4FzCbu/,14,6,,16,3,2,7,1,2,0,"Condenamos y denunciamos los abusos cometidos por la Policía contra las hermanas y hermanos que marcharon de manera pacífica en la ciudad del Alto, y exigimos que los r… Ver más"
Rosario Callejas,https://www.facebook.com/RosarioCallejasConcejalGremial,2025-05-22,2021-01-11,no,8400,83,2025-05-18,post,https://www.facebook.com/share/p/16TN32WGz2/,3,4,,12,2,1,0,0,0,0,"Quiero hacer llegar mis más cordiales saludos y felicitaciones a nuestro hermano #JoseQuiroz por el día de su cumpleaños. ¡Muchas felicidades!
#𝐂𝐨𝐧𝐜𝐞𝐣𝐚𝐥𝐑𝐨𝐬𝐚𝐫𝐢𝐨𝐂𝐚𝐥𝐥𝐞𝐣𝐚𝐬 #SantaCruz"
Rosario Callejas,https://www.facebook.com/RosarioCallejasConcejalGremial,2025-05-23,2021-01-11,no,8400,83,2025-05-18,post,https://www.facebook.com/share/p/1HAuFE2Z2Y/,3,4,,12,2,1,0,0,0,0,"Quiero hacer llegar mis más cordiales saludos y felicitaciones a nuestro hermano #JoseQuiroz por el día de su cumpleaños. ¡Muchas felicidades!
#𝐂𝐨𝐧𝐜𝐞𝐣𝐚𝐥𝐑𝐨𝐬𝐚𝐫𝐢𝐨𝐂𝐚𝐥𝐥𝐞𝐣𝐚𝐬 #SantaCruz"
Rosario Callejas,https://www.facebook.com/RosarioCallejasConcejalGremial,2025-05-23,2021-01-11,no,8400,83,2025-05-20,post,https://www.facebook.com/share/p/1ATJjH7BAv/,9,8,,41,4,5,0,0,1,1,"Seguimos en la lucha!!! Los medios de comunicación están desinformado, inscribimos nuestros candidatos, ahora solo queda luchar en contra de la injusticia. Evo esta hab… Ver más"
Rosario Callejas,https://www.facebook.com/RosarioCallejasConcejalGremial,2025-05-22,2021-01-11,no,8400,83,2025-05-20,post,https://www.facebook.com/share/p/1ALVsiTsEL/,9,8,,40,4,5,0,0,1,1,"Seguimos en la lucha!!! Los medios de comunicación están desinformado, inscribimos nuestros candidatos, ahora solo queda luchar en contra de la injusticia. Evo esta hab… Ver más"
Rosario Callejas,https://www.facebook.com/RosarioCallejasConcejalGremial,2025-05-22,2021-01-11,no,8400,83,2025-05-20,post,https://www.facebook.com/share/p/19xbw1WAR3/,4,2,,0,0,0,0,0,0,0,"Iniciamos la gestión 2025-2026 de la comisión de Educación, Cultura y Deporte, con el compromiso de seguir trabajando en beneficio de nuestra población. #Rosariocallejas"
Rosario Callejas,https://www.facebook.com/RosarioCallejasConcejalGremial,2025-05-23,2021-01-11,no,8400,83,2025-05-20,post,https://www.facebook.com/share/v/191AREP8a2/,83,22,,217,9,4,1,3,0,1,¡𝐔𝐍𝐀 𝐉𝐔𝐍𝐓𝐔𝐂𝐇𝐀 𝐍𝐎 𝐏𝐔𝐄𝐃𝐄 𝐄𝐒𝐓𝐀𝐑 𝐏𝐎𝐑 𝐄𝐍𝐂𝐈𝐌𝐀 𝐃𝐄 𝟑 𝐌𝐈𝐋𝐋𝐎𝐍𝐄𝐒 𝐃𝐄 𝐌𝐀𝐑𝐂𝐇𝐒𝐈𝐓𝐀𝐒... 𝐄𝐒𝐓𝐀́𝐍 𝐌𝐀𝐓𝐀𝐍𝐃𝐎 𝐋𝐀 𝐃𝐄𝐌𝐎𝐂𝐑𝐀𝐂𝐈𝐀!
Rosario Callejas,https://www.facebook.com/RosarioCallejasConcejalGremial,2025-05-23,2021-01-11,no,8400,83,2025-05-21,post,https://www.facebook.com/share/p/1B72Tzxt7N/,1,1,,0,0,0,0,0,0,0,"¡Felicitaciones, hermano Emilio Arancibia!… Ver más"
Rosario Callejas,https://www.facebook.com/RosarioCallejasConcejalGremial,2025-05-22,2021-01-11,no,8400,83,2025-05-21,post,https://www.facebook.com/share/p/15c6SjaHJJ/,1,1,,0,0,0,0,0,0,0,"¡Felicitaciones, hermano Emilio Arancibia!… Ver más"
Rosario Callejas,https://www.facebook.com/RosarioCallejasConcejalGremial,2025-05-23,2021-01-11,no,8400,83,2025-05-23,post,https://www.facebook.com/share/v/1AG8PZoq9Z/,7,6,,40,6,7,0,0,0,0,"𝐏𝐑𝐎𝐓𝐄𝐒𝐓𝐀𝐌𝐎𝐒 𝐄𝐍 𝐂𝐎𝐍𝐓𝐑𝐀 𝐃𝐄 𝐋𝐀 𝐈𝐍𝐉𝐔𝐒𝐓𝐈𝐂𝐈𝐀, 𝐘𝐀 𝐐𝐔𝐄 𝐄𝐒𝐓𝐀́𝐍 𝐌𝐀𝐓𝐀𝐍𝐃𝐎 𝐋𝐀 𝐃𝐄𝐌𝐎𝐂𝐑𝐀𝐂𝐈𝐀 𝐏𝐀𝐑𝐀 𝐆𝐀𝐍𝐀𝐑 𝐈𝐋𝐄𝐆𝐀𝐋𝐌𝐄𝐍𝐓𝐄 𝐋𝐎 𝐐𝐔𝐄 𝐃𝐄𝐁𝐄 𝐑𝐄𝐒𝐎𝐋𝐕𝐄𝐑𝐒𝐄 𝐄𝐍 𝐋𝐀𝐒 𝐔𝐑𝐍𝐀𝐒. 𝐈𝐍𝐒𝐓𝐀𝐌𝐎𝐒 𝐀𝐋 𝐓𝐒𝐄 𝐀 𝐐𝐔𝐄 𝐍𝐎 𝐏𝐈𝐒𝐎𝐓𝐄𝐄… Ver más"
Rosario Callejas,https://www.facebook.com/RosarioCallejasConcejalGremial,2025-05-23,2021-01-11,no,8400,83,2025-05-23,post,https://www.facebook.com/share/p/18w6ngCvNf/,11,13,,60,5,9,0,0,2,1,Marchamos y protestatamos junto a diferentes organizaciones sociales y sectores de Santa Cruz exigiendo la inscripción de nuestro hermano Evo Morales Ayma para las elec… Ver más
Rosario Callejas,https://www.facebook.com/RosarioCallejasConcejalGremial,2025-06-02,2021-01-11,no,8400,83,2025-05-26,post,https://www.facebook.com/share/p/16e9rP4e7m/,4,0,57,45,9,2,0,0,0,1,"Asi se desarrolla la masiva marcha contra la mala administración del gobierno en el departamento de La Paz, sectores sociales y la población en general exige respeto a … Ver más"
Rosario Callejas,https://www.facebook.com/RosarioCallejasConcejalGremial,2025-06-02,2021-01-11,no,8400,83,2025-05-26,post,https://www.facebook.com/share/v/1YQwi8G4a2/,32,5,88,70,9,3,1,2,1,2,"Desde hoy el pueblo se levanta en contra de la injusticia, ocasionada por mercenarios y corruptos cómplices en contra de la democracia, llamamos a todos los bolivianos … Ver más"
Rosario Callejas,https://www.facebook.com/RosarioCallejasConcejalGremial,2025-06-02,2021-01-11,no,8400,83,2025-05-27,post,https://www.facebook.com/share/v/1AUFAmDmw4/,2,2,33,25,6,0,0,0,0,2,¡Feliz Día de las Madres Comerciantes!… Ver más
Rosario Callejas,https://www.facebook.com/RosarioCallejasConcejalGremial,2025-06-02,2021-01-11,no,8400,83,2025-05-27,post,https://www.facebook.com/share/p/18mx2fqqBb/,4,2,40,32,7,0,0,0,0,1,¡Feliz Día de la Madre!… Ver más
Rosario Callejas,https://www.facebook.com/RosarioCallejasConcejalGremial,2025-06-02,2021-01-11,no,8400,83,2025-05-27,post,https://www.facebook.com/share/v/16TSLjVYJn/,4,3,32,28,2,0,1,0,0,1,Comerciantes se quejan de la crisis económica y piden el regreso del hermano Evo Morales… Ver más
Rosario Callejas,https://www.facebook.com/RosarioCallejasConcejalGremial,2025-06-02,2021-01-11,no,8400,83,2025-05-28,post,https://www.facebook.com/share/p/1BzLqF2WiQ/,1,2,50,38,6,3,1,0,1,1,Seguimos firmes en la lucha!!!… Ver más
Rosario Callejas,https://www.facebook.com/RosarioCallejasConcejalGremial,2025-06-02,2021-01-11,no,8400,83,2025-05-29,post,https://www.facebook.com/share/p/18uPafzvXQ/,2,0,14,12,2,0,0,0,0,0,"Reunión de la comisión de educación, cultura turismo y deporte #RosarioCallejas #SantaCruz"
Rosario Callejas,https://www.facebook.com/RosarioCallejasConcejalGremial,2025-06-02,2021-01-11,no,8400,83,2025-05-29,post,https://www.facebook.com/share/p/1FqWTaE12F/,0,0,12,10,2,0,0,0,0,0,Sesión Ordinaria N° 11 y 12 y Lectura de correspondencia #RosarioCallejas #SantaCruz #concejomunicipal
Rosario Callejas,https://www.facebook.com/RosarioCallejasConcejalGremial,2025-06-02,2021-01-11,no,8400,83,2025-05-30,post,https://www.facebook.com/share/v/1AZAcMJ9bp/,3,3,16,15,1,0,0,0,0,0,Mesa técnica de la Comisión de Defensa Ciudadana con dirigentes gremiales del mercado Mayorista Abasto para dar vialidad a sus pedidos y atender las demandas que tiene … Ver más
Rosario Callejas,https://www.facebook.com/RosarioCallejasConcejalGremial,2025-06-02,2021-01-11,no,8400,83,2025-05-30,post,https://www.facebook.com/share/p/1Xwrk7K2uC/,4,4,29,27,1,1,0,0,0,0,Mesa técnica de la Comisión de Defensa Ciudadana con dirigentes gremiales del mercado Mayorista Abasto para dar vialidad a sus pedidos y atender las demandas que tiene … Ver más
Rosario Callejas,https://www.facebook.com/RosarioCallejasConcejalGremial,2025-06-02,2021-01-11,no,8400,83,2025-05-31,post,https://www.facebook.com/share/p/1C6HGcnepW/,28,15,44,28,0,5,0,1,10,0,"¡Basta de manipulación y abuso de poder!
… Ver más"
Rosario Callejas,https://www.facebook.com/RosarioCallejasConcejalGremial,2025-06-02,2021-01-11,no,8400,83,2025-06-02,post,https://www.facebook.com/share/p/1AzBwhjxhr/,2,21,43,29,13,0,0,0,0,1," ¡Feliz cumpleaños, Pati! 
Que este nuevo año de vida te regale mil razones para sonreír, momentos que se queden en el alma y sueños que se conviertan en realidad.… Ver más"
Rosario Callejas,https://www.facebook.com/RosarioCallejasConcejalGremial,2025-06-10,2021-01-11,no,8400,83,2025-06-02,post,https://www.facebook.com/share/p/1Hp2rk9zpN/,4,30,61,0,0,0,0,0,0,0," ¡Feliz cumpleaños, Pati! 
Que este nuevo año de vida te regale mil razones para sonreír, momentos que se queden en el alma y sueños que se conviertan en realidad.… Ver más"
Rosario Callejas,https://www.facebook.com/RosarioCallejasConcejalGremial,2025-06-10,2021-01-11,no,8400,83,2025-06-04,post,https://www.facebook.com/share/p/1CQhtGUKFe/,0,0,12,0,0,0,0,0,0,0,"Hoy celebramos con orgullo y alegría los 55 aniversario del municipio de Villa Tunari, tierra de gente trabajadora, de paisajes exuberantes, de historia y cultura viva.… Ver más"
Rosario Callejas,https://www.facebook.com/RosarioCallejasConcejalGremial,2025-06-10,2021-01-11,no,8400,83,2025-06-05,post,https://www.facebook.com/share/v/1EpHzFEPKq/,8,5,30,0,0,0,0,0,0,0,"¡Arriba la voz del pueblo!
¡Abajo la crisis y la indiferencia del gobierno!!!… Ver más"
Rosario Callejas,https://www.facebook.com/RosarioCallejasConcejalGremial,2025-06-10,2021-01-11,no,8400,83,2025-06-05,post,https://www.facebook.com/share/v/19Bgp6LUrq/,15,2,57,0,0,0,0,0,0,0,¡BASTA DE CRISIS! ¡EL PUEBLO EXIGE SOLUCIONES!… Ver más
Rosario Callejas,https://www.facebook.com/RosarioCallejasConcejalGremial,2025-06-10,2021-01-11,no,8400,83,2025-06-06,post,https://www.facebook.com/share/p/1AXo6bpjT6/,4,3,27,0,0,0,0,0,0,0,"Reunión de comisión de defensa ciudadana.
#RosarioCallejas #SantaCruz #concejomunicipal"
Rosario Callejas,https://www.facebook.com/RosarioCallejasConcejalGremial,2025-06-10,2021-01-11,no,8400,83,2025-06-06,post,https://www.facebook.com/RosarioCallejasConcejalGremial/posts/pfbid02CqrQTsMAiS1S6J1ztv5Nk7k4HCBYSvhaUkwsBXwY5CZoHG2fqhEK488KszebFpmEl,2,0,15,0,0,0,0,0,0,0," ¡Feliz Día del Maestro! 
Hoy ren… Ver más"
Rosario Callejas,https://www.facebook.com/RosarioCallejasConcejalGremial,2025-06-10,2021-01-11,no,8400,83,2025-06-07,post,https://www.facebook.com/share/p/1XcA6NsyTi/,131,39,80,0,0,0,0,0,0,0,¡Rechazamos la aprehensión de nuestro hermano Enríque Mamani!… Ver más
Rosario Callejas,https://www.facebook.com/RosarioCallejasConcejalGremial,2025-06-10,2021-01-11,no,8400,83,2025-06-07,post,https://www.facebook.com/share/p/14Gzh7zJ7EP/,20,4,29,0,0,0,0,0,0,0,"Desde lo más profundo de nuestro corazón y con un compromiso inquebrantable con la justicia y la democracia, expresamos nuestro más sincero agradecimiento a todas las p… Ver más"
Rosario Callejas,https://www.facebook.com/RosarioCallejasConcejalGremial,2025-06-10,2021-01-11,no,8400,83,2025-06-08,post,https://www.facebook.com/share/p/1C19RGFWcw/,0,10,19,0,0,0,0,0,0,0,Agradecimiento a la Liga Mexicana por la Defensa de los Derechos Humanos (LIMEDDH)… Ver más
Rosario Callejas,https://www.facebook.com/RosarioCallejasConcejalGremial,2025-06-10,2021-01-11,no,8400,83,2025-06-09,post,https://www.facebook.com/share/p/1AzoTbLqwn/,1,0,11,0,0,0,0,0,0,0,"Este lunes se desarrollo la 5ta reunión de la comisión de Educación, Cultura, Turismo y Deporte donde se realizó la lectura de correspondencia y la aprobación de inform… Ver más"
Rosario Callejas,https://www.facebook.com/RosarioCallejasConcejalGremial,2025-06-10,2021-01-11,no,8400,83,2025-06-09,post,https://www.facebook.com/share/v/1CHwvYe4Gb/,6,5,22,0,0,0,0,0,0,0,"¡BASTA DE AJUSTES!
EL PUEBLO NO PUEDE PAGAR ESTA CRISIS… Ver más"
Rosario Callejas,https://www.facebook.com/RosarioCallejasConcejalGremial,2025-06-24,2021-01-11,no,8400,83,2025-06-17,post,https://www.facebook.com/share/p/19371kSmeP/,2,0,30,29,1,0,0,0,0,0,"Sesión ordinaria N° 19 aprobación de informes
Sesión ordinaria N° 20… Ver más"
Rosario Callejas,https://www.facebook.com/RosarioCallejasConcejalGremial,2025-06-24,2021-01-11,no,8400,83,2025-06-18,post,https://www.facebook.com/share/p/18uToobSzt/,6,2,43,41,2,0,0,0,0,0,"Hoy el Concejo Municipal de Santa Cruz de la Sierra sesiona desde el corazón del Plan Tres Mil, reafirmando nuestro compromiso con la participación ciudadana y la cerca… Ver más"
Rosario Callejas,https://www.facebook.com/RosarioCallejasConcejalGremial,2025-06-24,2021-01-11,no,8400,83,2025-06-18,post,https://www.facebook.com/share/v/19HX5Fdj9c/,8,9,46,39,0,0,0,5,1,1,Reprochamos con absoluta firmeza la agresión perpetrada por un grupo de personas contra concejales durante la sesión del Concejo Municipal realizada en el Plan Tres Mil… Ver más
Rosario Callejas,https://www.facebook.com/RosarioCallejasConcejalGremial,2025-06-24,2021-01-11,no,8400,83,2025-06-21,post,https://www.facebook.com/share/p/16SHkepkTP/,1,0,18,15,3,0,0,0,0,0,"Nuevo Año Amazónico, Andino y del Chaco… Ver más"
Rosario Callejas,https://www.facebook.com/RosarioCallejasConcejalGremial,2025-06-24,2021-01-11,no,8400,83,2025-06-23,post,https://www.facebook.com/share/v/16j2dwudU8/,54,8,114,107,3,2,1,0,0,1,"Reafirmamos nuestro compromiso con una democracia inclusiva, donde ninguna sigla sea silenciada por intereses ajenos a la voluntad del pueblo boliviano.… Ver más"
