nombre perfil,url perfil,candidato identificado,creación del perfil,seguidores,seguidos,fecha post,tipo de post,url post,comparticiones,comentarios,reacciones en total,me gusta,me encanta,me divierte,me entristece,me sorprende,me enoja,me importa,contenido
PALMENIA YESINA VILLEGAS FLORES,https://www.facebook.com/palmenia.villegasflores,no,,0,0,2025-07-14,post,https://www.facebook.com/palmenia.villegasflores/posts/pfbid02r2EJJiQpPMVfX4omKJwX13qf7q5x7uLDBAJevUBavZfvRXGPrZNBMh1cf3VTZmGul,0,0,0,0,0,0,0,0,0,0,
PALMENIA YESINA VILLEGAS FLORES,https://www.facebook.com/palmenia.villegasflores,no,,0,0,2025-07-14,post,https://www.facebook.com/palmenia.villegasflores/posts/pfbid024pK9w4ja68ciafZuFrcmo8K2GQdgi8pqDCEHUAkkPadveWktJtrYDmeGrhwqHfUDl,1,0,1,1,0,0,0,0,0,0,
PALMENIA YESINA VILLEGAS FLORES,https://www.facebook.com/palmenia.villegasflores,no,,0,0,2025-07-15,post,https://www.facebook.com/share/p/162vvDoy6W/,0,0,0,0,0,0,0,0,0,0,
PALMENIA YESINA VILLEGAS FLORES,https://www.facebook.com/palmenia.villegasflores,no,,0,0,2025-07-15,post,https://www.facebook.com/share/p/16ybJdYj67/,0,0,0,0,0,0,0,0,0,0,
PALMENIA YESINA VILLEGAS FLORES,https://www.facebook.com/palmenia.villegasflores,no,,0,0,2025-07-15,post,https://www.facebook.com/share/p/18CRTDEEQd/,2,0,8,8,0,0,0,0,0,0,
PALMENIA YESINA VILLEGAS FLORES,https://www.facebook.com/palmenia.villegasflores,no,,0,0,2025-07-17,reel,/reel/659442943805235/?s=single_unit&__cft__[0]=AZUBjes7FojUofrAur4ewu-mtZEPiR4gnLGL_XSl7OkX4x47qypaJdcavBMWOKWx48uERQKOx3DR6CHatjuTLPKVx1h6vyWrdlFbCET0Bvnactxw8E7uVetgrpIu6SIMZN2cjpiBHiEOZ3KTf0PqceIxZ76CHHMUh4GXS3Uo0vZ9k4WEd5P8fqFxp4I6PAXm8nQ&__tn__=H-R,0,0,0,0,0,0,0,0,0,0,"Hoy hemos venido a la provincia Arce, en Tarija, para dar inicio a la producción de gas en el campo Churumas. Esta es una clara evidencia de que nuest… Ver más"
PALMENIA YESINA VILLEGAS FLORES,https://www.facebook.com/palmenia.villegasflores,no,,0,0,2025-07-17,post,https://www.facebook.com/share/p/16iDzhQiki/,0,0,0,0,0,0,0,0,0,0,
PALMENIA YESINA VILLEGAS FLORES,https://www.facebook.com/palmenia.villegasflores,no,,0,0,2025-07-18,post,https://www.facebook.com/share/p/1EKMVov2iX/,0,0,1,1,0,0,0,0,0,0,
PALMENIA YESINA VILLEGAS FLORES,https://www.facebook.com/palmenia.villegasflores,no,,0,0,2025-07-18,post,https://www.facebook.com/palmenia.villegasflores/posts/pfbid0vViMtEvPnToho1CfiLL9QjTnbsrHhJDpcJD894rDAw8vNgsLB3qw18R9KnUbSD4Yl,0,0,0,0,0,0,0,0,0,0,
PALMENIA YESINA VILLEGAS FLORES,https://www.facebook.com/palmenia.villegasflores,no,,0,0,2025-07-18,post,https://www.facebook.com/share/p/1DkEM6zNbW/,0,0,0,0,0,0,0,0,0,0,
PALMENIA YESINA VILLEGAS FLORES,https://www.facebook.com/palmenia.villegasflores,no,,0,0,2025-07-18,post,https://www.facebook.com/share/p/1AtxFbmPjX/,0,0,0,0,0,0,0,0,0,0,
PALMENIA YESINA VILLEGAS FLORES,https://www.facebook.com/palmenia.villegasflores,no,,0,0,2025-07-19,post,https://www.facebook.com/share/p/16oXtLRe6s/,0,0,0,0,0,0,0,0,0,0,
PALMENIA YESINA VILLEGAS FLORES,https://www.facebook.com/palmenia.villegasflores,no,,0,0,2025-07-19,post,https://www.facebook.com/share/p/1Bpj4RKtB7/,0,0,1,1,0,0,0,0,0,0,
PALMENIA YESINA VILLEGAS FLORES,https://www.facebook.com/palmenia.villegasflores,no,,0,0,2025-07-20,post,https://www.facebook.com/share/p/16w4kuA2ef/,0,0,1,1,0,0,0,0,0,0,
PALMENIA YESINA VILLEGAS FLORES,https://www.facebook.com/palmenia.villegasflores,no,,0,0,2025-07-20,reel,/reel/639854679163482/?s=single_unit&__cft__[0]=AZWm3195EYBmWtMQ9ddMe06mtHryUzT8hrYD3gzMmvYYzWvLhzCEcTzNZDU2T9-dhlWypABD-nrISrNPlnBkkt2C1RNwHYHFa4z4yluJOyCsgnTPc-sNsYxHUoDKu9rdjDzxxHkYl3mxzGXHgeJ5RyXWG4x5Uh74nZagW6TmPx1iANWxeVsftjIWyo82xtnwRLQ&__tn__=H-R,0,0,0,0,0,0,0,0,0,0,
PALMENIA YESINA VILLEGAS FLORES,https://www.facebook.com/palmenia.villegasflores,no,,0,0,2025-07-20,reel,/reel/1417250036189366/?s=single_unit&__cft__[0]=AZWlpdhtGfsB9H7txo_kpjI-rKxIVPqOMx8pUSIxmMxMW2sv55SlDUFUR2hhXusB99V3_6KJoahoQ1g4lVZkccEkepmTQjfs9hCNfaQCUBRjnw_PueUrWrptg1zhWAAhKbwt9z_E8LN7c--OvhFNwK6UsekGI-4uQGLj4gFKvRmSS6h7A0yNOnyO0wA9YhbD0uw&__tn__=H-R,0,0,0,0,0,0,0,0,0,0,
PALMENIA YESINA VILLEGAS FLORES,https://www.facebook.com/palmenia.villegasflores,no,,0,0,2025-07-20,post,https://www.facebook.com/share/p/176nDMGJw1/,0,0,0,0,0,0,0,0,0,0,
PALMENIA YESINA VILLEGAS FLORES,https://www.facebook.com/palmenia.villegasflores,no,,0,0,2025-07-20,post,https://www.facebook.com/share/p/18h2waFX35/,0,0,0,0,0,0,0,0,0,0,
PALMENIA YESINA VILLEGAS FLORES,https://www.facebook.com/palmenia.villegasflores,no,,0,0,2025-07-20,post,https://www.facebook.com/share/p/14GraZ9Tzyi/,0,0,0,0,0,0,0,0,0,0,
PALMENIA YESINA VILLEGAS FLORES,https://www.facebook.com/palmenia.villegasflores,no,,0,0,2025-07-20,reel,/reel/1743933682895383/?s=single_unit&__cft__[0]=AZX6atE2_bJrVrUpx4HerAq-ul1NWjFL61v6wKbnaZ1NG6jvAQlvBq-N4JFtU9-msrRlzylVpQzg6kydu-9HNAt0fjwRwPIBSkq4yS2wjuDQQzxAOzyC5BxPOAfrnbmIcz-TNdUDS8IoGtO799-Gdz-P7aZUezX6MtZpFO8OShxtOVM3rbXCgTOWTuJaC5O1--c&__tn__=H-R,0,0,0,0,0,0,0,0,0,0,"Entregamos en Caranavi seis importantes obras, como las unidades educativas ""Simón Bolívar de El Palmar y Mejillones II"" y ""Nueva Llusta"", así como un… Ver más"
PALMENIA YESINA VILLEGAS FLORES,https://www.facebook.com/palmenia.villegasflores,no,,0,0,2025-07-20,post,https://www.facebook.com/share/p/1Aww217jF6/,1,0,2,2,0,0,0,0,0,0,
PALMENIA YESINA VILLEGAS FLORES,https://www.facebook.com/palmenia.villegasflores,no,,0,0,2025-07-20,post,https://www.facebook.com/share/p/1YWZwAY6bg/,0,0,0,0,0,0,0,0,0,0,
PALMENIA YESINA VILLEGAS FLORES,https://www.facebook.com/palmenia.villegasflores,no,,0,0,2025-07-20,post,https://www.facebook.com/share/p/1CZVC5n55P/,1,0,3,2,0,1,0,0,0,0,
PALMENIA YESINA VILLEGAS FLORES,https://www.facebook.com/palmenia.villegasflores,no,,0,0,2025-07-20,post,https://www.facebook.com/palmenia.villegasflores/posts/pfbid02vBhBgp8X1gJ2eH9vcY7nrgoeecYiZPtjC99YdyzDGod2BHLV7vRfX5SeyaNpmDvql,1,0,2,2,0,0,0,0,0,0,
PALMENIA YESINA VILLEGAS FLORES,https://www.facebook.com/palmenia.villegasflores,no,,0,0,2025-07-21,post,https://www.facebook.com/palmenia.villegasflores/posts/pfbid02ooUHymaXqfChvuyJg8sEGnspyBmVfbfN5V3EoLnif631Nnox9pqJecQcbks6JnDJl,0,0,0,0,0,0,0,0,0,0,
PALMENIA YESINA VILLEGAS FLORES,https://www.facebook.com/palmenia.villegasflores,no,,0,0,2025-07-21,post,https://www.facebook.com/share/p/19tX1vRHeo/,0,0,0,0,0,0,0,0,0,0,
PALMENIA YESINA VILLEGAS FLORES,https://www.facebook.com/palmenia.villegasflores,no,,0,0,2025-07-21,post,https://www.facebook.com/palmenia.villegasflores/posts/pfbid0rjx21MctTQieDVa9CRb7cmzALqSFCqA8EBPoVpo35azzXfssee1vadCekLv3MtaDl,0,0,0,0,0,0,0,0,0,0,
PALMENIA YESINA VILLEGAS FLORES,https://www.facebook.com/palmenia.villegasflores,no,,0,0,2025-07-21,reel,/reel/1458835085271950/?s=single_unit&__cft__[0]=AZV7OK4bkdWbVmPGcwk5osTKyW98hbDWdfFmLtYSSREEUIxesdayw3tK4gU3yHHk5dAgK3N-KetW7lCSsLKhxTx0hMIgjP2gXTGSj-kbc6w85W0oOFLj7BZBfDUKlv26eurZsPll0uSdAttWM_LReXjfFbAMgpz9EOY5TiwI4tGD5u2tmBlAIg1yRUp1BhBYtHs&__tn__=H-R,0,0,0,0,0,0,0,0,0,0,"En Irupana entregamos ocho importantes obras, como la construcción de dos sistemas de riego, la Unidad Educativa Victorio Lanza, un puente vehicular, … Ver más"
PALMENIA YESINA VILLEGAS FLORES,https://www.facebook.com/palmenia.villegasflores,no,,0,0,2025-07-21,post,https://www.facebook.com/palmenia.villegasflores/posts/pfbid0DVmp8axmJkJW6eN5iF2MCkxKP8zoJyewCzGSbscwFbf45SmasYbdwQYJEiioCUsnl,0,0,0,0,0,0,0,0,0,0,
PALMENIA YESINA VILLEGAS FLORES,https://www.facebook.com/palmenia.villegasflores,no,,0,0,2025-07-21,post,https://www.facebook.com/palmenia.villegasflores/posts/pfbid02GTtRxmXQz34NY2B7psXwz8DR6rrD4EmF8ff6ryMW483X4bYkrqhDGdcrT5qvRJB7l,0,1,4,4,0,0,0,0,0,0,
PALMENIA YESINA VILLEGAS FLORES,https://www.facebook.com/palmenia.villegasflores,no,,0,0,2025-07-21,post,https://www.facebook.com/palmenia.villegasflores/posts/pfbid02nPTKVZmndmbGAzu8tzDLGHfcm8e3YemvnmJLukHcXcsFJ2JFchbStnxPidijeDsDl,0,0,1,1,0,0,0,0,0,0,
