nombre perfil,url perfil,candidato identificado,creación del perfil,seguidores,seguidos,fecha post,tipo de post,url post,comparticiones,comentarios,reacciones en total,me gusta,me encanta,me divierte,me entristece,me sorprende,me enoja,me importa,contenido
MARINA ISABEL CACHAMBI ALVAREZ,https://www.facebook.com/profile.php?id=100063933884078,sí,2021-01-08,565,13,2025-06-25,post,https://www.facebook.com/share/p/1G87mGwLfp/,110,91,165,130,33,2,0,0,0,0,"Hoy en el barrio Andaluz conocí a Cinthia, una emprendedora que no pierde la fe en Bolivia, la gente quiere #soluciones. Seguimos avanzando puerta a puerta
#SamuelPre… Ver más"
MARINA ISABEL CACHAMBI ALVAREZ,https://www.facebook.com/profile.php?id=100063933884078,sí,2021-01-08,565,13,2025-06-26,post,https://www.facebook.com/share/1EXy7hD7ST/,12,22,84,61,22,0,0,0,0,1,
MARINA ISABEL CACHAMBI ALVAREZ,https://www.facebook.com/profile.php?id=100063933884078,sí,2021-01-08,565,13,2025-07-01,post,https://www.facebook.com/share/p/19Py2ewNZE/,80,88,157,118,38,0,0,0,0,1,"#TodosConSamuel avanzamos a paso firme para cambiar #Bolivia en #100días 
… Ver más"
MARINA ISABEL CACHAMBI ALVAREZ,https://www.facebook.com/profile.php?id=100063933884078,sí,2021-01-08,565,13,2025-07-02,post,https://www.facebook.com/share/v/1AiM12DADP/,17,19,32,29,3,0,0,0,0,0,"Ella es Cinthia, llegó hace 8 años y nunca se rindió. Emprende, sueña y cree. Con Samuel, traeremos certezas en 100 días, para que familias como la de Cinthia sigan apo… Ver más"
