nombre perfil,url perfil,candidato identificado,creación del perfil,seguidores,seguidos,fecha post,tipo de post,url post,comparticiones,comentarios,reacciones en total,me gusta,me encanta,me divierte,me entristece,me sorprende,me enoja,me importa,contenido
Justicia Por Las Niñas ,https://www.facebook.com/justicia.ninos,no,2020-07-22,7100,3300,2025-06-07,post,https://www.facebook.com/share/p/15PJWuPGrr/,35,16,219,196,4,1,14,0,1,3,"PERDONAR AL CRIMINAL ES CONDENAR A LA VÍCTIMA.
-Bukele-"
Justicia Por Las Niñas ,https://www.facebook.com/justicia.ninos,no,2020-07-22,7100,3300,2025-06-07,post,https://www.facebook.com/share/p/1Bx7pjkU4H/,35,16,223,0,0,0,0,0,0,0,"PERDONAR AL CRIMINAL ES CONDENAR A LA VÍCTIMA.
-Bukele-"
Justicia Por Las Niñas ,https://www.facebook.com/justicia.ninos,no,2020-07-22,7100,3300,2025-06-09,post,https://www.facebook.com/share/p/1BpPf3NrZK/,132,28,164,0,0,0,0,0,0,0,Pedimos JUSTICIA para una niña de 5 añitos cuyo Caso Nro 1577-2018 aún permanece en la impunidad. El violador PRÓFUGO amparado en el Encubrimiento de muchos con influen… Ver más
Justicia Por Las Niñas ,https://www.facebook.com/justicia.ninos,no,2020-07-22,7100,3300,2025-06-09,post,https://www.facebook.com/justicia.ninos/posts/pfbid02xT3oQDcezBVTUivEsjPKcjXeCyCck8NZqVUqT74j4NWKhrFRWAWxgJtHBUFfZKdRl,104,27,132,26,0,0,4,6,95,1,Pedimos JUSTICIA para una niña de 5 añitos cuyo Caso Nro 1577-2018 aún permanece en la impunidad. El violador PRÓFUGO amparado en el Encubrimiento de muchos con influen… Ver más
