nombre perfil,url perfil,candidato identificado,creación del perfil,seguidores,seguidos,fecha post,tipo de post,url post,comparticiones,comentarios,reacciones en total,me gusta,me encanta,me divierte,me entristece,me sorprende,me enoja,me importa,contenido
Víctimas de Feminicidio e Infanticidio Bolivia ,https://www.facebook.com/profile.php?id=100064532303161,no,2019-10-13,15000,0,2025-06-26,post,https://www.facebook.com/share/p/1DsDrhAGfr/,1,0,4,4,0,0,0,0,0,0,"CARCEL PARA RODRIGO. 
SI TU ERES VIOLADOR...!!!"
Víctimas de Feminicidio e Infanticidio Bolivia ,https://www.facebook.com/profile.php?id=100064532303161,no,2019-10-13,15000,0,2025-06-26,post,https://www.facebook.com/share/p/1ByaJ8XgDn/,2,0,30,2,0,0,12,1,15,0,"HOMBRE ASESINA A MADRE DE SUS HIJOS MIENTRAS DORMIAN.
2 MENORES QUEDAN EN ORFANDAD… Ver más"
Víctimas de Feminicidio e Infanticidio Bolivia ,https://www.facebook.com/profile.php?id=100064532303161,no,2019-10-13,15000,0,2025-06-26,post,https://www.facebook.com/share/p/16VsEcdvay/,6,0,24,5,0,0,15,2,2,0,"UN NUEVO FEMINICIDIO EN EL MUNICIPIO DE ACHACACHI DE LA CIUDAD DE LA PAZ. 
CANES… Ver más"
Víctimas de Feminicidio e Infanticidio Bolivia ,https://www.facebook.com/profile.php?id=100064532303161,no,2019-10-13,15000,0,2025-07-01,post,https://www.facebook.com/share/p/16vUhSAsGs/,0,0,0,0,0,0,0,0,0,0,"OTRO AÑO DONDE LOS FEMINICIDIOS SE DISPARAN.
Ojalá hubiera también un registro de las víctimas invisibles del Estado y son los HUÉRFANOS DE FEMINICIDIOS."
