nombre perfil,url perfil,candidato identificado,creación del perfil,seguidores,seguidos,fecha post,tipo de post,url post,comparticiones,comentarios,reacciones en total,me gusta,me encanta,me divierte,me entristece,me sorprende,me enoja,me importa,contenido
NIRVATH MARITZA VILLENA CARDOZO,https://www.facebook.com/nirvathmaritza.villenacardozodelopez,no,,0,0,2025-06-16,post,https://www.facebook.com/share/12Mc4rhJEKa/,3,41,158,96,59,0,0,0,0,3,
NIRVATH MARITZA VILLENA CARDOZO,https://www.facebook.com/nirvathmaritza.villenacardozodelopez,no,,0,0,2025-06-16,post,https://www.facebook.com/share/19ZpSiLCG3/,9,13,126,81,41,0,0,2,0,2,
NIRVATH MARITZA VILLENA CARDOZO,https://www.facebook.com/nirvathmaritza.villenacardozodelopez,no,,0,0,2025-06-20,post,https://www.facebook.com/share/p/1AkTBFPGDB/,11,21,103,70,32,0,0,0,0,1,"Hoy doy un paso importante.
Porque creo en una Tarija que se construye con valentía, con esfuerzo y con responsabilidad.… Ver más"
NIRVATH MARITZA VILLENA CARDOZO,https://www.facebook.com/nirvathmaritza.villenacardozodelopez,no,,0,0,2025-06-23,post,https://www.facebook.com/share/v/15qU2gAbSy/,25,27,104,70,34,0,0,0,0,0,"Hoy recorremos las calles de nuestra ciudad para conocer a nuestra gente, saber de sus necesidades y preocupaciones #Nirvath_Diputada #Manfed_presidente"
NIRVATH MARITZA VILLENA CARDOZO,https://www.facebook.com/nirvathmaritza.villenacardozodelopez,no,,0,0,2025-06-23,post,https://www.facebook.com/share/p/1QzMmAdnBW/,4,0,23,12,11,0,0,0,0,0,
NIRVATH MARITZA VILLENA CARDOZO,https://www.facebook.com/nirvathmaritza.villenacardozodelopez,no,,0,0,2025-06-24,post,https://www.facebook.com/share/p/16EUjQzq1o/,0,0,8,8,1,0,0,0,0,0,MUY FELIZ DE A VER CUMPLIDO A MIS VECINOS CON ESTA GRAN LUCHA DE RECUPERAR NUESTRAS ÁREAS VERDES Y CONVERTIRLAS EN ESPACIOS RECREATIVOS…
NIRVATH MARITZA VILLENA CARDOZO,https://www.facebook.com/nirvathmaritza.villenacardozodelopez,no,,0,0,2025-06-24,post,https://www.facebook.com/share/v/1BvjsrXH6P/,12,2,49,40,8,0,0,0,0,1,"NUEVAS PERSONAS, NUEVAS VOCES, NUEVAS ESPERANZAS PARA BOLIVIA. GRAN APERTURA DE CAMPAÑA Sábado 28 de junio a partir de las 19:00 horas no te lo pierdas  #nirvath_diputa… Ver más"
