nombre perfil,url perfil,snapshot_date,creación del perfil,candidato identificado,seguidores,seguidos,fecha post,tipo de post,url post,comparticiones,comentarios,reacciones en total,me gusta,me encanta,me divierte,me entristece,me sorprende,me enoja,me importa,contenido
MIRIAM JIMENA MICHEL LLANOS,https://www.facebook.com/miriam.michelllanos,2025-07-29,,no,0,0,2025-07-21,post,https://www.facebook.com/share/p/19My93MZzk/,24,1,11,3,6,1,0,0,0,1,"Gracias a la vida soy madre de dos hijos que los quiero con todo mi corazón!!
Al igual que muchas madres en BOLIVIA me preocupa que no tengan las condiciones y el apoyo… Ver más"
MIRIAM JIMENA MICHEL LLANOS,https://www.facebook.com/miriam.michelllanos,2025-07-29,,no,0,0,2025-07-21,post,https://www.facebook.com/share/p/1CTGTH2tRT/,0,0,6,1,4,1,0,0,0,0,
MIRIAM JIMENA MICHEL LLANOS,https://www.facebook.com/miriam.michelllanos,2025-07-29,,no,0,0,2025-07-21,post,https://www.facebook.com/share/p/16tHoyehBY/,0,0,4,2,2,0,0,0,0,0,"Estamos SUMANDO!!
PROPUESTA REAL !!!… Ver más"
MIRIAM JIMENA MICHEL LLANOS,https://www.facebook.com/miriam.michelllanos,2025-07-29,,no,0,0,2025-07-21,post,https://www.facebook.com/share/v/1AvRSFn97d/,2,2,11,6,5,0,0,0,0,0,"Visitamos a nuestros queridos vecinos de villa Copacabana escucharon mis propuestas, quieren una transformación y a apoyar para sacar adelante a nuestra circunscripción… Ver más"
MIRIAM JIMENA MICHEL LLANOS,https://www.facebook.com/miriam.michelllanos,2025-07-29,,no,0,0,2025-07-22,post,https://www.facebook.com/share/p/1HymPcvhEA/,5,0,3,0,1,0,0,0,0,2,"La empatía y solidaridad son parte  del corazon de los paceños!!! 
Nos llena de orgullo este tipo de muestras y actitudes, que son la mejor forma de restablecer el Teji… Ver más"
MIRIAM JIMENA MICHEL LLANOS,https://www.facebook.com/miriam.michelllanos,2025-07-29,,no,0,0,2025-07-23,post,https://www.facebook.com/share/p/16vLgemPEf/,30,2,19,10,8,0,0,1,0,0,"Una vez más cerca de los vecinos, ahora visitando las zona de 3 de Mayo y Periférica, lugares que necesitan una transformación real y solo se podrá hacerla con nuestra … Ver más"
MIRIAM JIMENA MICHEL LLANOS,https://www.facebook.com/miriam.michelllanos,2025-07-29,,no,0,0,2025-07-24,post,https://www.facebook.com/share/p/19vQhT7ox1/,0,0,11,7,3,1,0,0,0,0,Bolivia somos TODOS!!! Y la verdadera política entiende que todos necesitamos representación!!!
MIRIAM JIMENA MICHEL LLANOS,https://www.facebook.com/miriam.michelllanos,2025-07-29,,no,0,0,2025-07-25,post,https://www.facebook.com/share/p/1DwKafs9Jq/,32,2,18,11,6,0,0,0,0,1,"La esperanza crece, estar en contacto con los vecinos de villa Fátima fue muy importante, conocer sus inquietudes y sugerencias hacen que pueda avanzar para apoyarles d… Ver más"
MIRIAM JIMENA MICHEL LLANOS,https://www.facebook.com/miriam.michelllanos,2025-07-29,,no,0,0,2025-07-25,post,https://www.facebook.com/share/p/1MWzeJEaL3/,2,3,14,6,7,0,0,0,0,1,
MIRIAM JIMENA MICHEL LLANOS,https://www.facebook.com/miriam.michelllanos,2025-07-29,,no,0,0,2025-07-26,post,https://www.facebook.com/share/v/1RMpMTL5eL/,14,1,15,10,4,0,0,0,0,1,"SEGUIMOS SUMANDO!!!!
UNA JORNADA GRATIFICANTE!!!… Ver más"
MIRIAM JIMENA MICHEL LLANOS,https://www.facebook.com/miriam.michelllanos,2025-07-29,,no,0,0,2025-07-29,post,https://www.facebook.com/share/p/16iLZsohKX/,11,0,9,5,4,0,0,0,0,0,"Abrimos un espacio de diálogo ,queremos escuchar tu voz ,eres importante para el desarrollo de propuestas!!! https://chat.whatsapp.com/BxjhWA54SeN0bCyH5T7XGI?mode=ac_t … Ver más"
