nombre perfil,url perfil,candidato identificado,creación del perfil,seguidores,seguidos,fecha post,tipo de post,url post,comparticiones,comentarios,reacciones en total,me gusta,me encanta,me divierte,me entristece,me sorprende,me enoja,me importa,contenido
Feminismo Comunitario Antipatriarcal,https://www.facebook.com/feminismo.comunitario.Antipatriarcal,no,2014-05-16,34000,0,2025-06-16,post,https://www.facebook.com/share/p/18r1seBeqr/,1,0,4,0,0,0,2,0,1,1,
Feminismo Comunitario Antipatriarcal,https://www.facebook.com/feminismo.comunitario.Antipatriarcal,no,2014-05-16,34000,0,2025-06-16,post,https://www.facebook.com/feminismo.comunitario.Antipatriarcal/posts/pfbid02BSiYsX6S3mx7qvG64qe1skCG99Tn5YJ58Lx7CpqHV3Bk678jKPPDKihtN3pG3UAFl,10,3,29,0,0,2,0,0,0,3,"EXIGIMOS A LA PRENSA DEJAR DE PROMOVER RACISMO Y REPRESIÓN
Denunciamos que los medios de comunicación privada como RTP y otros promueven racismo deslegitimando las pr… Ver más"
Feminismo Comunitario Antipatriarcal,https://www.facebook.com/feminismo.comunitario.Antipatriarcal,no,2014-05-16,34000,0,2025-06-16,post,https://www.facebook.com/share/p/1BmHTreMmP/,0,0,14,9,2,1,0,0,0,2,"Hoy, a las 15:00 en la puerta de la Embajada de Francia
#PlatonUrgente #LAPAZ … Ver más"
Feminismo Comunitario Antipatriarcal,https://www.facebook.com/feminismo.comunitario.Antipatriarcal,no,2014-05-16,34000,0,2025-06-16,post,https://www.facebook.com/feminismo.comunitario.Antipatriarcal/posts/pfbid0bXdBo4orFicqzyqUopMdzaAkddXKBJCbgdJ8J9XnxXU9QjT5JBEfghNHnbxEhpACl,152,0,113,73,30,0,0,0,0,10,
Feminismo Comunitario Antipatriarcal,https://www.facebook.com/feminismo.comunitario.Antipatriarcal,no,2014-05-16,34000,0,2025-06-16,post,https://www.facebook.com/share/p/1JBGMBnZgR/,0,0,4,4,0,0,0,0,0,0,"#UMSSCochabamba Asamblea contra la violencia sexual en la Universidad Mayor de San Simon UMSS Cochabamba
 #JusticiaFeminista"
Feminismo Comunitario Antipatriarcal,https://www.facebook.com/feminismo.comunitario.Antipatriarcal,no,2014-05-16,34000,0,2025-06-17,post,https://www.facebook.com/feminismo.comunitario.Antipatriarcal/videos/740381935312043/,2,0,5,3,1,0,0,0,0,1,"#EmbajadaDeFranciaEnBolivia
#DelphineBorione… Ver más"
Feminismo Comunitario Antipatriarcal,https://www.facebook.com/feminismo.comunitario.Antipatriarcal,no,2014-05-16,34000,0,2025-06-17,post,https://www.facebook.com/feminismo.comunitario.Antipatriarcal/videos/1535161127662231/,0,0,2,2,0,0,0,0,0,0,"#PalestinaLibre #AltoAlGenocidio
#BastaDeBloqueo protesta en La Paz Bolivia frente a la Embajada de Estados Unidos por ser quienes financian al #EstadoDeIsraelGenocida"
Feminismo Comunitario Antipatriarcal,https://www.facebook.com/feminismo.comunitario.Antipatriarcal,no,2014-05-16,34000,0,2025-06-17,post,https://www.facebook.com/share/v/19NnwJ1Sia/,0,0,26,12,7,2,0,0,0,5,"#PalestinaLibre #BastaDeGenocidio movilización contra el genocidio y por la liberación de la flotilla La Libertad, en apoyo a la marcha mundial, contra el bloqueo!!
#La… Ver más"
Feminismo Comunitario Antipatriarcal,https://www.facebook.com/feminismo.comunitario.Antipatriarcal,no,2014-05-16,34000,0,2025-06-18,post,,11,1,8,0,0,0,0,0,0,0,FUERA CASTA DE MAL VIVIENTES 
Feminismo Comunitario Antipatriarcal,https://www.facebook.com/feminismo.comunitario.Antipatriarcal,no,2014-05-16,34000,0,2025-06-21,post,https://www.facebook.com/share/v/1F1UHE3utG/,5,0,26,0,0,0,0,0,0,0,"Willka kuti, Inti Raymi "
Feminismo Comunitario Antipatriarcal,https://www.facebook.com/feminismo.comunitario.Antipatriarcal,no,2014-05-16,34000,0,2025-06-21,post,2025-06-21,0,0,0,0,0,0,0,0,0,0,
