nombre perfil,url perfil,candidato identificado,creación del perfil,seguidores,seguidos,fecha post,tipo de post,url post,comparticiones,comentarios,reacciones en total,me gusta,me encanta,me divierte,me entristece,me sorprende,me enoja,me importa,contenido
GLADYS HIDALGO GALINDO,https://www.facebook.com/gladyshidalgo.galindo,no,2019-04-02,6100,529,2025-06-25,post,https://www.facebook.com/share/1AkKERStMH/,0,6,41,23,13,0,0,0,0,5,"LA VIDA ES DEMASIADO CORTA, COMO PARA NO SONREÍR
D… Ver más"
GLADYS HIDALGO GALINDO,https://www.facebook.com/gladyshidalgo.galindo,no,2019-04-02,6100,529,2025-06-29,post,https://www.facebook.com/share/1FTSc5Qnpz/,0,1,27,16,7,0,0,0,0,4,
GLADYS HIDALGO GALINDO,https://www.facebook.com/gladyshidalgo.galindo,no,2019-04-02,6100,529,2025-06-29,post,https://www.facebook.com/share/p/16aGys11b1/,4,0,157,112,38,0,0,0,0,7,"“Haz de cada día una obra maestra”
Feliz Domingo
#… Ver más"
