nombre perfil,url perfil,candidato identificado,creación del perfil,seguidores,seguidos,fecha post,tipo de post,url post,comparticiones,comentarios,reacciones en total,me gusta,me encanta,me divierte,me entristece,me sorprende,me enoja,me importa,contenido
JENNY GABRIELA ORELLANA PICCOLOMINI,https://www.facebook.com/profile.php?id=100063858108926,no,2021-01-11,699,34,2025-07-22,post,https://www.facebook.com/share/1JDCqc4d18/,7,0,16,14,2,0,0,0,0,0,
JENNY GABRIELA ORELLANA PICCOLOMINI,https://www.facebook.com/profile.php?id=100063858108926,no,2021-01-11,699,34,2025-07-22,post,https://www.facebook.com/share/p/1J91vtPYjH/,2,3,32,25,7,0,0,0,0,0,
JENNY GABRIELA ORELLANA PICCOLOMINI,https://www.facebook.com/profile.php?id=100063858108926,no,2021-01-11,699,34,2025-07-22,post,https://www.facebook.com/share/p/1DqXowiAg4/,3,0,9,8,1,0,0,0,0,0,COMO MAS-IPSP REALIZAMOS LA PROCLAMACIÓN Y PRESENTACIÓN DE NUESTROS CANDIDATOS PARA LAS ELECCIONES GENERALES ESTE PRÓXIMO 17 DE AGOSTO.
JENNY GABRIELA ORELLANA PICCOLOMINI,https://www.facebook.com/profile.php?id=100063858108926,no,2021-01-11,699,34,2025-07-22,post,https://www.facebook.com/share/p/17111H5Kfg/,4,0,20,17,3,0,0,0,0,0,"El Instrumento Político por la Soberanía de los Pueblos MAS-IPSP, presentes en la zona norte de Cochabamba."
JENNY GABRIELA ORELLANA PICCOLOMINI,https://www.facebook.com/profile.php?id=100063858108926,no,2021-01-11,699,34,2025-07-24,post,https://www.facebook.com/share/p/19AS6tKixY/,1,0,7,7,0,0,0,0,0,0,
JENNY GABRIELA ORELLANA PICCOLOMINI,https://www.facebook.com/profile.php?id=100063858108926,no,2021-01-11,699,34,2025-07-25,post,https://www.facebook.com/share/p/19RAUSzmeo/,0,0,19,19,0,0,0,0,0,0,"Acompañamos a nuestro hermano Jhonny Villarroel en la  inauguración de nuestra casa de campaña en ¡Arani! con la participación importante de la población, nada pudo fre… Ver más"
JENNY GABRIELA ORELLANA PICCOLOMINI,https://www.facebook.com/profile.php?id=100063858108926,no,2021-01-11,699,34,2025-07-25,post,https://www.facebook.com/share/p/1Azu6zURzk/,2,0,18,17,1,0,0,0,0,0,"Con gran recibimiento de la población, continuamos con la socialización del plan de gobierno de nuestro binomio presidencial Eduardo / Milan, que con juventud y experie… Ver más"
