nombre perfil,url perfil,snapshot_date,creación del perfil,candidato identificado,seguidores,seguidos,fecha post,tipo de post,url post,comparticiones,comentarios,reacciones en total,me gusta,me encanta,me divierte,me entristece,me sorprende,me enoja,me importa,contenido
Juventudes Liberales Bolivia ,https://www.facebook.com/juventudliberalbolivia,2025-06-03,2021-02-20,no,2400,144,2025-06-01,post,https://www.facebook.com/share/p/1WMHzX1xbL/,1,0,4,4,0,0,0,0,0,0,
Juventudes Liberales Bolivia ,https://www.facebook.com/juventudliberalbolivia,2025-06-03,2021-02-20,no,2400,144,2025-06-01,post,https://www.facebook.com/share/p/198xhDZx31/,5,4,48,37,5,5,0,1,0,0,"Indignante como se dedican ACTIVAMENTE a INVISIVILIZAR A Jaime Dunn Bolivia 
pero somos ese 27% o + q está aburrido de q nos manejen como sus ovejas, ese voto disconfor… Ver más"
Juventudes Liberales Bolivia ,https://www.facebook.com/juventudliberalbolivia,2025-06-03,2021-02-20,no,2400,144,2025-06-01,post,https://www.facebook.com/share/p/16jTXXXa1u/,1,7,9,8,0,0,1,0,0,0,Donde está Jaime Dunn Bolivia??
Juventudes Liberales Bolivia ,https://www.facebook.com/juventudliberalbolivia,2025-06-03,2021-02-20,no,2400,144,2025-06-02,post,https://www.facebook.com/share/p/1DTqWsi5do/,0,0,6,5,0,1,0,0,0,0,"Recuperen el Chapare!
El tilin, además de incendiar millones de hectáreas, ha perdido territorio nacional en manos de su padre, el pdflo."
Juventudes Liberales Bolivia ,https://www.facebook.com/juventudliberalbolivia,2025-06-03,2021-02-20,no,2400,144,2025-06-02,post,https://www.facebook.com/share/p/16K89JwAgh/,0,0,1,1,0,0,0,0,0,0,
Juventudes Liberales Bolivia ,https://www.facebook.com/juventudliberalbolivia,2025-06-10,2021-02-20,no,2400,144,2025-06-03,post,https://www.facebook.com/share/p/19FvDEv14x/,1,0,5,0,0,0,0,0,0,0,
Juventudes Liberales Bolivia ,https://www.facebook.com/juventudliberalbolivia,2025-06-03,2021-02-20,no,2400,144,2025-06-03,post,https://www.facebook.com/share/p/1BcZC7GUDh/,0,0,0,0,0,0,0,0,0,0,Dunn realmente es de otro corte
Juventudes Liberales Bolivia ,https://www.facebook.com/juventudliberalbolivia,2025-06-03,2021-02-20,no,2400,144,2025-06-03,post,https://www.facebook.com/share/p/198Wxtqwoz/,0,0,0,0,0,0,0,0,0,0,Y nosotros gracias al MAS pronto volveremos a los caballos y lamparas de aceite (sin aceite)
Juventudes Liberales Bolivia ,https://www.facebook.com/juventudliberalbolivia,2025-06-10,2021-02-20,no,2400,144,2025-06-03,post,https://www.facebook.com/share/p/1PJdCmTLB5/,0,0,2,0,0,0,0,0,0,0,"Felicidades!
Sigan defendiendo la verdad!"
Juventudes Liberales Bolivia ,https://www.facebook.com/juventudliberalbolivia,2025-06-10,2021-02-20,no,2400,144,2025-06-04,post,https://www.facebook.com/share/p/19C87XmWjm/,0,0,2,0,0,0,0,0,0,0,"Cofadena
Negocia permisos de extracción de oro.… Ver más"
Juventudes Liberales Bolivia ,https://www.facebook.com/juventudliberalbolivia,2025-06-10,2021-02-20,no,2400,144,2025-06-04,post,https://www.facebook.com/share/p/1EwoGTTgjJ/,0,0,0,0,0,0,0,0,0,0,
Juventudes Liberales Bolivia ,https://www.facebook.com/juventudliberalbolivia,2025-06-10,2021-02-20,no,2400,144,2025-06-04,post,https://www.facebook.com/share/p/1Ai5DrVH1W/,0,0,1,0,0,0,0,0,0,0,
Juventudes Liberales Bolivia ,https://www.facebook.com/juventudliberalbolivia,2025-06-10,2021-02-20,no,2400,144,2025-06-04,post,https://www.facebook.com/share/p/15TBD39yuk/,0,0,3,0,0,0,0,0,0,0,
Juventudes Liberales Bolivia ,https://www.facebook.com/juventudliberalbolivia,2025-06-10,2021-02-20,no,2400,144,2025-06-04,post,https://www.facebook.com/share/p/15QSX2iC79/,0,0,0,0,0,0,0,0,0,0,
Juventudes Liberales Bolivia ,https://www.facebook.com/juventudliberalbolivia,2025-06-10,2021-02-20,no,2400,144,2025-06-05,post,https://www.facebook.com/share/p/1Bp643hbav/,0,0,0,0,0,0,0,0,0,0,"Mas teatro:
El pdflo tiene 3 órdenes de aprehensión actualmente.… Ver más"
Juventudes Liberales Bolivia ,https://www.facebook.com/juventudliberalbolivia,2025-06-10,2021-02-20,no,2400,144,2025-06-05,post,https://www.facebook.com/share/p/1EsKyf1cRe/,0,0,6,0,0,0,0,0,0,0,Solo subió xq ellos fueron los q prohibieron las exportaciones en un principio.
Juventudes Liberales Bolivia ,https://www.facebook.com/juventudliberalbolivia,2025-06-10,2021-02-20,no,2400,144,2025-06-05,post,https://www.facebook.com/share/p/1BZ1oqHBi2/,0,4,2,0,0,0,0,0,0,0,
