nombre perfil,url perfil,candidato identificado,creación del perfil,seguidores,seguidos,fecha post,tipo de post,url post,comparticiones,comentarios,reacciones en total,me gusta,me encanta,me divierte,me entristece,me sorprende,me enoja,me importa,contenido
XIMENA ARISPE BERNABE,https://www.facebook.com/ximena.daniela.arispe/,no,2024-12-31,664,202,2025-07-29,post,https://www.facebook.com/share/p/1ZtgqGgUcC/,0,0,5,5,0,0,0,0,0,0,
XIMENA ARISPE BERNABE,https://www.facebook.com/ximena.daniela.arispe/,no,2024-12-31,664,202,2025-07-30,post,https://www.facebook.com/share/p/1A76sbWExG/,2,0,13,11,2,0,0,0,0,0,"Con la Fortaleza de Dios 
 de mi familia
 amigos transporte 
 vecinos profesionales vamos juntos mas fortalecidos hasta la meta gracias por el apoyo.
Una muj… Ver más"
XIMENA ARISPE BERNABE,https://www.facebook.com/ximena.daniela.arispe/,no,2024-12-31,664,202,2025-07-31,post,https://www.facebook.com/ximena.daniela.arispe/posts/pfbid02hLzs3XPMFe4AjkcJQnkoeeioo8CkXE2UtxiP8dLTAWc51NncTUN3UKUKdP5kKttzl,5,0,16,13,3,0,0,0,0,0,El 17 de Agosto ls decision es tuya la vos de Oruro el cambio y progreso esta en Ximena Arispe Diputada C - 29 Oruro
XIMENA ARISPE BERNABE,https://www.facebook.com/ximena.daniela.arispe/,no,2024-12-31,664,202,2025-07-31,post,https://www.facebook.com/share/v/1AyLCfcBy1/,29,19,64,61,2,0,0,1,0,0,"La representacion de Oruro la voz esta en esta mujer y la fuerza son toda la representacion de Oruro se vienen tiempos mejores.
Evaluen quien va trabajar por Oruro."
XIMENA ARISPE BERNABE,https://www.facebook.com/ximena.daniela.arispe/,no,2024-12-31,664,202,2025-08-01,post,https://www.facebook.com/share/p/1B1yDrn6mS/,3,4,34,30,4,0,0,0,0,0,"Muchas Felicidades por un año más de vida Asociación de Comerciantes Minoristas en Artículos Varios ""CENTRAL ALCOCHE"" en hora buena "
XIMENA ARISPE BERNABE,https://www.facebook.com/ximena.daniela.arispe/,no,2024-12-31,664,202,2025-08-03,post,https://www.facebook.com/share/p/1ACncJbKCt/,3,0,15,14,1,0,0,0,0,0,"Rodrigo Paz Pereira es ese Lider que necesita Bolivia quien sabe ESCUCHAR y recoger las necesidades de Bolivia 
 con el habra cambio este 17 de Agosto marcaca en la ca… Ver más"
XIMENA ARISPE BERNABE,https://www.facebook.com/ximena.daniela.arispe/,no,2024-12-31,664,202,2025-08-03,post,https://www.facebook.com/share/p/1CGAomvAi6/,8,0,29,24,4,0,0,0,0,1,
XIMENA ARISPE BERNABE,https://www.facebook.com/ximena.daniela.arispe/,no,2024-12-31,664,202,2025-08-03,post,https://www.facebook.com/share/p/1BbEpcEimP/,2,0,7,7,0,0,0,0,0,0,Marca en la casilla 10 tu voto por Rodrigo Paz. Ximena Arispe Diputada C - 29 Oruro
XIMENA ARISPE BERNABE,https://www.facebook.com/ximena.daniela.arispe/,no,2024-12-31,664,202,2025-08-05,post,https://www.facebook.com/share/p/16vd4fUD24/,14,2,31,28,3,0,0,0,0,0,La familia Gremial del Alto apoya a Rodrigo Paz Pereira junto a Oscar Elias Choque y Ximena Arispe Diputada C - 29 Oruro este 17 de Agosto apoya con tu voto por un cambio para Bolivia 
XIMENA ARISPE BERNABE,https://www.facebook.com/ximena.daniela.arispe/,no,2024-12-31,664,202,2025-08-06,post,https://www.facebook.com/share/r/14FxQK6bNHN/,3,4,38,32,6,0,0,0,0,0,
XIMENA ARISPE BERNABE,https://www.facebook.com/ximena.daniela.arispe/,no,2024-12-31,664,202,2025-08-06,post,https://www.facebook.com/share/p/1Bzpcqiump/,5,2,25,25,0,0,0,0,0,0,"Mercado SATELITE zona de Vinto con Ximena Arispe Diputada C - 29 Oruro este 17 de Agosto tu voto es por 
El Binomio Del Pueblo Rodrigo Paz Pereira"
