nombre perfil,url perfil,snapshot_date,creación del perfil,candidato identificado,seguidores,seguidos,fecha post,tipo de post,url post,comparticiones,comentarios,reacciones en total,me gusta,me encanta,me divierte,me entristece,me sorprende,me enoja,me importa,contenido
MARIA BERTHA GUTIERREZ MENDOZA,https://www.facebook.com/mariabertha.gutierrezmendoza,2025-06-05,,sí,0,0,2025-03-20,post,https://www.facebook.com/share/p/15D8ZXTWMb/,0,6,14,3,0,8,0,2,1,0,
MARIA BERTHA GUTIERREZ MENDOZA,https://www.facebook.com/mariabertha.gutierrezmendoza,2025-06-05,,sí,0,0,2025-03-23,post,https://www.facebook.com/share/p/1HQ7nZ1oMY/,1,0,4,2,1,0,0,0,0,1,","
MARIA BERTHA GUTIERREZ MENDOZA,https://www.facebook.com/mariabertha.gutierrezmendoza,2025-06-05,,sí,0,0,2025-03-27,reel,/reel/1151680280071061/?s=single_unit&__cft__[0]=AZUKhm4LgfaCjOxJeIs3IggD1EPfMIKV810dHuZb4CiHvFr8Wyqyq2uf-FaDHC1TFkQsOBo9uBAOHNCVrqZ2d6ZBOIglMfUJx0Nzxw1IyLlK94ddGPC8YJDjDuFJQxaEl2ZiWpZZhhO3c7iwXZXnra97i1fruf4YtTuDP3r-YilTs7CRWLaBzgkelqTSNtvHNyw&__tn__=H-R,0,0,0,0,0,0,0,0,0,0,
MARIA BERTHA GUTIERREZ MENDOZA,https://www.facebook.com/mariabertha.gutierrezmendoza,2025-06-05,,sí,0,0,2025-03-29,post,https://www.facebook.com/share/p/19CTnmvTYq/,0,0,2,2,0,0,0,0,0,0,
MARIA BERTHA GUTIERREZ MENDOZA,https://www.facebook.com/mariabertha.gutierrezmendoza,2025-06-05,,sí,0,0,2025-04-03,reel,/reel/1006088698120448/?s=single_unit&__cft__[0]=AZVD7HgvtHLNawJTmvXaOkvo-FHwPqzHHN6qxC2WkSaEJqBeSm-qZhKo11m8gqdIinSVEGuI2ZDyajy8_36sKMDn_yWspCdltM_iuswp_PpshDA4rXottprGdvH1eGxAM_RbmJI327ciulhWBYly-G1lTESe8_EdLV9KGLeZQ9jcBD8wYFwFt8GbjR12bIzhaQc&__tn__=H-R,0,0,0,0,0,0,0,0,0,0,
MARIA BERTHA GUTIERREZ MENDOZA,https://www.facebook.com/mariabertha.gutierrezmendoza,2025-06-05,,sí,0,0,2025-04-06,post,https://www.facebook.com/share/p/1PKwSVG9wp/,0,0,22,2,0,0,15,0,0,5,"Para tí mi angelito en el cielo Alison Andrea Quezada Gutierrez , cuesta creer que son cuatro meses q te fuiste de mi lado, y yo tratando de seguir adelante. Te extraño mi bebotita bella, mi corazón partió, para toda la vida r...."
MARIA BERTHA GUTIERREZ MENDOZA,https://www.facebook.com/mariabertha.gutierrezmendoza,2025-06-05,,sí,0,0,2025-04-08,post,https://www.facebook.com/share/p/16dMdYTSwo/,0,0,4,0,0,0,0,0,0,0,Así es ...la felicidad!!!!
MARIA BERTHA GUTIERREZ MENDOZA,https://www.facebook.com/mariabertha.gutierrezmendoza,2025-06-05,,sí,0,0,2025-04-12,post,https://www.facebook.com/share/p/16ry2H317F/,0,1,59,30,24,0,0,0,0,5,"Mi niña bonita. La mas pequeña de la casa, una niña a la.que le digo hoy, que es muy admirable por su fortaleza a su corta edad. Feliz día del niño mi amor. Mi Carmen Anahí, te amo con todo mi corazón "
MARIA BERTHA GUTIERREZ MENDOZA,https://www.facebook.com/mariabertha.gutierrezmendoza,2025-06-05,,sí,0,0,2025-04-13,post,https://www.facebook.com/share/p/195m3SKMkf/,0,0,4,3,0,0,0,0,0,1,"Vivir el hoy es lo importante, si miedo a equivocarse, somos humanos, y tenemos el derecho de hacerlo, pero sobre todo tenemos el derecho a vivir, a pesar de nuestros pesares."
MARIA BERTHA GUTIERREZ MENDOZA,https://www.facebook.com/mariabertha.gutierrezmendoza,2025-06-05,,sí,0,0,2025-04-14,reel,/reel/669374926040626/?s=single_unit&__cft__[0]=AZWafcj-jss9l-qU9pNQvaK278jXW_PY_iskVG1xH_fjReqC-uiXpYAHdGtA2hPRvwGhohoJ214OpaTywiqX6ofGY-2xlkwzB7ji4WNd1CnseVTQprsC016hxjOAnj9jgzo4JeP3lrW7ezuO685hzYX7f83sc6N6K04sAcDLJ8iQkPufgNPMakQ0O_nC4Uzl_eM&__tn__=H-R,0,0,0,0,0,0,0,0,0,0,
MARIA BERTHA GUTIERREZ MENDOZA,https://www.facebook.com/mariabertha.gutierrezmendoza,2025-06-05,,sí,0,0,2025-04-20,post,https://www.facebook.com/mariabertha.gutierrezmendoza/posts/pfbid02cmoRvASJKwHiw9bppW94DvKzc7coGAiBFrD2reyqBQdKaJnRBWPP9GyUshKF1TY5l,0,0,0,0,0,0,0,0,0,0,Upss!!!
MARIA BERTHA GUTIERREZ MENDOZA,https://www.facebook.com/mariabertha.gutierrezmendoza,2025-06-05,,sí,0,0,2025-04-21,reel,/reel/1664400601628736/?s=single_unit&__cft__[0]=AZUj1Bi7rSjGZ5Y5A1JNtsabyH06DKFqHwFBKObU_U02EXq0oWjKfANe5OVc28CEhK2BomFes6C30jKZaSe-MvjM8lhIRcyFSjJv1POQcYnu6sPeGWKQRamGjpOzXEPdBDEdz3t4RkHe8_k8e84rQRv1d9IXUNzlwo2xYFF7hdtBQKhO5syqAvVlVu7O6MeAPL0&__tn__=H-R,0,0,0,0,0,0,0,0,0,0,
MARIA BERTHA GUTIERREZ MENDOZA,https://www.facebook.com/mariabertha.gutierrezmendoza,2025-06-05,,sí,0,0,2025-04-21,post,https://www.facebook.com/share/p/16mxdzRagv/,1,1,4,1,0,0,1,1,1,0,"Nuestra solidaridad con el Diputado Richar Rivera, es demasiado lo que pasa con el país!"
MARIA BERTHA GUTIERREZ MENDOZA,https://www.facebook.com/mariabertha.gutierrezmendoza,2025-06-05,,sí,0,0,2025-04-22,post,2025-04-22,0,0,0,0,0,0,0,0,0,0,
MARIA BERTHA GUTIERREZ MENDOZA,https://www.facebook.com/mariabertha.gutierrezmendoza,2025-06-05,,sí,0,0,2025-04-23,reel,/reel/1395995341584381/?s=single_unit&__cft__[0]=AZWJILlps9sIrQjUoEy3uVfNOZjXGRPihYbyreU9yYY0Tka0Ku_cLogQXtSx0a8VhRb3e_ludkUdNEdYM_5b1e0vA4b5ZUd3svOXF3BdToFM4a1qEGpJfTpVshqMtwhVJfGoCFux0zBDXhje1jklfUhNKPwrQP5O55JMMlmD5usFPqSbuzwSUwwZsMud7oyZvUw&__tn__=H-R,0,0,0,0,0,0,0,0,0,0,
MARIA BERTHA GUTIERREZ MENDOZA,https://www.facebook.com/mariabertha.gutierrezmendoza,2025-06-05,,sí,0,0,2025-04-23,reel,/reel/667714252639660/?s=single_unit&__cft__[0]=AZUBDkQzD8_djAE1Ib-yHOIBPNBodfntVMp3I58bh_C4VP6Qflfm7rjCLdt3caiak0QKTBJeXmmuN0pyrcY8v5fgtNYmCqTjdaW8589Cj7yyFTl-lXM_21TdUTGjnRrO5z6RvSoyeiaGfyAdifJ-82JzrQNukjkLR6hIh6rVmPjNsIB5vns7oQPgKefonNttrkY&__tn__=H-R,0,0,0,0,0,0,0,0,0,0,
MARIA BERTHA GUTIERREZ MENDOZA,https://www.facebook.com/mariabertha.gutierrezmendoza,2025-06-05,,sí,0,0,2025-04-23,post,https://www.facebook.com/share/p/19BcYRm1ij/,0,3,9,5,0,2,0,0,2,0,"SAMUCO METIDO CON LOS DIPUTADOS DE CC, MAS INOPERANTES QUE CONOCIÓ POTOSÍ JJ ANDA A TRABAJAR DEJA DE QUERER VIVIR DE LA POLÍTICA, YA FUISTE"
MARIA BERTHA GUTIERREZ MENDOZA,https://www.facebook.com/mariabertha.gutierrezmendoza,2025-06-05,,sí,0,0,2025-04-23,post,https://www.facebook.com/share/1FZ3xuj55H/,1,2,94,70,20,0,0,0,0,4,
MARIA BERTHA GUTIERREZ MENDOZA,https://www.facebook.com/mariabertha.gutierrezmendoza,2025-06-05,,sí,0,0,2025-04-23,post,https://www.facebook.com/share/p/1Ejy7BFann/,1,0,1,1,0,0,0,0,0,0,
MARIA BERTHA GUTIERREZ MENDOZA,https://www.facebook.com/mariabertha.gutierrezmendoza,2025-06-05,,sí,0,0,2025-04-25,post,https://www.facebook.com/share/p/164axx9FS1/,2,0,28,27,1,0,0,0,0,0,
MARIA BERTHA GUTIERREZ MENDOZA,https://www.facebook.com/mariabertha.gutierrezmendoza,2025-06-05,,sí,0,0,2025-05-05,post,https://www.facebook.com/share/p/1AqoqzaufD/,0,1,10,7,1,0,0,0,0,2,Que tengan una linda semana!!!!
MARIA BERTHA GUTIERREZ MENDOZA,https://www.facebook.com/mariabertha.gutierrezmendoza,2025-06-05,,sí,0,0,2025-05-07,post,https://www.facebook.com/share/p/1AYqP5nT4P/,0,0,3,2,1,0,0,0,0,0,
MARIA BERTHA GUTIERREZ MENDOZA,https://www.facebook.com/mariabertha.gutierrezmendoza,2025-06-05,,sí,0,0,2025-05-09,post,https://www.facebook.com/share/p/16FcTJbcn4/,0,2,32,29,3,0,0,0,0,0,Buen día!!!!!!siempre agradeciendo a Dios por un día más de vida.
MARIA BERTHA GUTIERREZ MENDOZA,https://www.facebook.com/mariabertha.gutierrezmendoza,2025-06-05,,sí,0,0,2025-05-10,post,https://www.facebook.com/share/p/19qz9dRFSe/,0,3,14,8,3,0,0,0,0,3,Felicidades a todos mis queridos amigos periodistas!!!!
MARIA BERTHA GUTIERREZ MENDOZA,https://www.facebook.com/mariabertha.gutierrezmendoza,2025-06-05,,sí,0,0,2025-05-13,post,https://www.facebook.com/share/p/12Hj7xJ1kuo/,2,3,12,0,0,0,0,0,0,0,"Lo amo
 mi muñeco favorito tengo mil recuerdos de él"
MARIA BERTHA GUTIERREZ MENDOZA,https://www.facebook.com/mariabertha.gutierrezmendoza,2025-06-05,,sí,0,0,2025-05-18,post,https://www.facebook.com/share/p/163UNBuLot/,1,0,14,5,0,0,8,0,0,1,
MARIA BERTHA GUTIERREZ MENDOZA,https://www.facebook.com/mariabertha.gutierrezmendoza,2025-06-05,,sí,0,0,2025-05-18,post,https://www.facebook.com/share/p/1Di4YbTefh/,4,0,20,11,0,0,6,0,0,3,
MARIA BERTHA GUTIERREZ MENDOZA,https://www.facebook.com/mariabertha.gutierrezmendoza,2025-06-05,,sí,0,0,2025-05-21,post,https://www.facebook.com/share/p/15sPGmyr7P/,0,6,57,16,9,0,6,0,0,26,"Mi princesa te veías tan linda sin pelito, cuánto me has enseñado mi amor, te mando un abrazo hasta el cielo mi Alison Andrea Quezada Gutierrez"
MARIA BERTHA GUTIERREZ MENDOZA,https://www.facebook.com/mariabertha.gutierrezmendoza,2025-06-05,,sí,0,0,2025-05-21,post,https://www.facebook.com/share/p/1AcH8NXCWb/,0,0,0,0,0,0,0,0,0,0,
MARIA BERTHA GUTIERREZ MENDOZA,https://www.facebook.com/mariabertha.gutierrezmendoza,2025-06-05,,sí,0,0,2025-05-22,post,https://www.facebook.com/share/p/15Qya6dpP7/,0,1,1,1,0,0,0,0,0,0,"El.gobierno ante la situación  crítica del país, es un SHAKIRO  ciego sordo y mudo"
MARIA BERTHA GUTIERREZ MENDOZA,https://www.facebook.com/mariabertha.gutierrezmendoza,2025-06-05,,sí,0,0,2025-05-25,reel,/reel/935462701933032/?s=single_unit&__cft__[0]=AZUalhGwTfbrlZhkihG4hzQxqjrIAeycrdKD6Kk1S0Pr8Tk3evVyvvStyCcC1tKJYmGz8M8Dp_O6G8oIgIwzyc1NYGbDf1YjlsVDUrRn7HQ3VujwHxYuipFTlge9iw66hSrB44XRRXVOj9Mv_BXxjFukcnQ1kcdxq_JhGIHY_udEp7XpOdGGzyaTQr0e634RdZA&__tn__=H-R,0,0,0,0,0,0,0,0,0,0,"CRISIS igual MAS, solución sacar al MAS....Vamos con Tuto a salvar a nuestro país!!! Es la ûltima oportunidad"
MARIA BERTHA GUTIERREZ MENDOZA,https://www.facebook.com/mariabertha.gutierrezmendoza,2025-06-05,,sí,0,0,2025-05-27,post,https://www.facebook.com/share/p/16XbvLxiHF/,3,0,4,4,0,0,0,0,0,0,El.país que el MAS nos deja.
MARIA BERTHA GUTIERREZ MENDOZA,https://www.facebook.com/mariabertha.gutierrezmendoza,2025-06-02,,sí,0,0,2025-05-27,post,https://www.facebook.com/share/p/1UVxLSa2KY/,3,0,4,4,0,0,0,0,0,0,El.país que el MAS nos deja.
MARIA BERTHA GUTIERREZ MENDOZA,https://www.facebook.com/mariabertha.gutierrezmendoza,2025-06-05,,sí,0,0,2025-05-28,post,https://www.facebook.com/share/p/1HSsj8wp7w/,0,0,4,4,0,0,0,0,0,0,
MARIA BERTHA GUTIERREZ MENDOZA,https://www.facebook.com/mariabertha.gutierrezmendoza,2025-06-02,,sí,0,0,2025-05-28,post,https://www.facebook.com/share/p/1AD62SonMx/,0,0,4,4,0,0,0,0,0,0,
MARIA BERTHA GUTIERREZ MENDOZA,https://www.facebook.com/mariabertha.gutierrezmendoza,2025-06-05,,sí,0,0,2025-05-29,post,https://www.facebook.com/share/p/16iPswa5uy/,2,7,23,21,0,0,0,0,0,2,
MARIA BERTHA GUTIERREZ MENDOZA,https://www.facebook.com/mariabertha.gutierrezmendoza,2025-06-02,,sí,0,0,2025-05-29,post,https://www.facebook.com/share/p/1DU6rrkAjT/,2,1,42,38,3,1,0,0,0,0,"Felicidades a mis amigas cooperativistas, un reconocimiento a ustedes "
MARIA BERTHA GUTIERREZ MENDOZA,https://www.facebook.com/mariabertha.gutierrezmendoza,2025-06-02,,sí,0,0,2025-05-29,post,https://www.facebook.com/share/p/1Hpn4E5rED/,2,7,23,21,0,0,0,0,0,2,
MARIA BERTHA GUTIERREZ MENDOZA,https://www.facebook.com/mariabertha.gutierrezmendoza,2025-06-05,,sí,0,0,2025-05-29,post,https://www.facebook.com/share/p/19DUMSh6XD/,2,1,42,38,3,1,0,0,0,0,"Felicidades a mis amigas cooperativistas, un reconocimiento a ustedes "
MARIA BERTHA GUTIERREZ MENDOZA,https://www.facebook.com/mariabertha.gutierrezmendoza,2025-06-05,,sí,0,0,2025-05-30,post,https://www.facebook.com/share/v/1C8siakAXD/,4,4,24,19,0,5,0,0,0,0,"Apoyo incondicional al Comité Multisectorial,!!!! Viva Bolivia muera el Gobierno hambreador"
MARIA BERTHA GUTIERREZ MENDOZA,https://www.facebook.com/mariabertha.gutierrezmendoza,2025-06-02,,sí,0,0,2025-05-30,post,https://www.facebook.com/share/v/18tgCjWf1A/,4,4,22,17,0,5,0,0,0,0,"Apoyo incondicional al Comité Multisectorial,!!!! Viva Bolivia muera el Gobierno hambreador"
MARIA BERTHA GUTIERREZ MENDOZA,https://www.facebook.com/mariabertha.gutierrezmendoza,2025-06-05,,sí,0,0,2025-05-31,reel,/reel/1812752032622442/?s=single_unit&__cft__[0]=AZVvr6oyHxlZD_bENi__zkNNXxuBu6FhlOSdZginIsXkZ66gupI47iE8mClzczBMUQG4jKqVVhQLc6gFv6eJ0I8nBTE9-mpIHVq_KzUnHWyGv85u_CVv-EwszuD4TnO3QOvZ2oaqXZtL9Cu6sYFRbAyZq5nto4F4IYjdBTtOPQBWbsNyD9e0Sc6uFnptm3VCCTU&__tn__=H-R,0,0,0,0,0,0,0,0,0,0,"Yamil Nacif vicepresidente de la CAO, informó que son casi 100 lecherías cerradas en Cochabamba y 80 en Santa Cruz debido a la falta de rentabilidad. … Ver más"
MARIA BERTHA GUTIERREZ MENDOZA,https://www.facebook.com/mariabertha.gutierrezmendoza,2025-06-05,,sí,0,0,2025-06-01,post,https://www.facebook.com/share/p/1NWYW2prkn/,2,0,22,17,3,0,0,0,0,2,Por un mes de Junio lleno de prosperidad!!!!
MARIA BERTHA GUTIERREZ MENDOZA,https://www.facebook.com/mariabertha.gutierrezmendoza,2025-06-02,,sí,0,0,2025-06-01,post,https://www.facebook.com/share/p/1EhQQXxfj2/,2,0,20,16,2,0,0,0,0,2,Por un mes de Junio lleno de prosperidad!!!!
MARIA BERTHA GUTIERREZ MENDOZA,https://www.facebook.com/mariabertha.gutierrezmendoza,2025-06-05,,sí,0,0,2025-06-04,post,https://www.facebook.com/share/p/18wzBxmMfn/,4,4,9,0,0,0,3,1,5,0,En lo último que piensan es en nuestros niños. Que lamentable por la gente bloqueadora que perjudica sin razón en esta crisis que vivimos los bolívianos.
MARIA BERTHA GUTIERREZ MENDOZA,https://www.facebook.com/mariabertha.gutierrezmendoza,2025-06-09,,sí,0,0,2025-06-04,post,https://www.facebook.com/share/p/16eRh4vj6w/,4,4,9,0,0,0,3,1,5,0,En lo último que piensan es en nuestros niños. Que lamentable por la gente bloqueadora que perjudica sin razón en esta crisis que vivimos los bolívianos.
MARIA BERTHA GUTIERREZ MENDOZA,https://www.facebook.com/mariabertha.gutierrezmendoza,2025-06-09,,sí,0,0,2025-06-05,post,https://www.facebook.com/mariabertha.gutierrezmendoza/posts/pfbid02eXoi4sCQTgbeEpLy3DYAHFErQ8q6KtsXDuJAyYdXUxwtBX4GAWi7wo7YAR7SJxzLl,0,0,0,0,0,0,0,0,0,0,
MARIA BERTHA GUTIERREZ MENDOZA,https://www.facebook.com/mariabertha.gutierrezmendoza,2025-06-09,,sí,0,0,2025-06-06,post,https://www.facebook.com/share/v/1ARjZ3fAHK/,3,0,37,29,7,1,0,0,0,0,Feliz día a los maestros Potosínos!!!!
MARIA BERTHA GUTIERREZ MENDOZA,https://www.facebook.com/mariabertha.gutierrezmendoza,2025-06-09,,sí,0,0,2025-06-07,reel,/reel/1262487822251521/?s=single_unit&__cft__[0]=AZVBjlAhNdJRiFRGJhAlmKr1Q8lb-zMyoWKuxMB3iFyf1EOpTygbf9DFi4Hj1WJNckWpTeFfvQ1Y2c3vYwsXNBSC8-6OUyuTHY9cgsGj_cIjCh5upFZr7GIw3unzYcNXAUzsWLq9mIJooag654c6kvkU2Oz77fcF4Cspy7IQpSl3kiwtkErJtO8Zo7XybtT4u6M&__tn__=H-R,0,0,0,0,0,0,0,0,0,0,
MARIA BERTHA GUTIERREZ MENDOZA,https://www.facebook.com/mariabertha.gutierrezmendoza,2025-06-09,,sí,0,0,2025-06-08,post,https://www.facebook.com/mariabertha.gutierrezmendoza/posts/pfbid0DBqbYwizCSQ1uES6MPUtwNeWsXewg8iBgsxdjt5SzuJS3pFSDqdkPSR43miw9Z8nl,1,1,17,13,4,0,0,0,0,0,
MARIA BERTHA GUTIERREZ MENDOZA,https://www.facebook.com/mariabertha.gutierrezmendoza,2025-06-23,,sí,0,0,2025-06-15,post,https://www.facebook.com/share/p/1EGwpsA8qK/,0,0,5,0,0,0,0,0,0,0,INVITADOS A SER PARTE DE LA CIR 33. LES ESPERAMOS CON TODO EL CARIÑO Y LA GRATITUD PARA CON USTEDES. OFICINA PLAZUELA 25 DE MAYO #35
MARIA BERTHA GUTIERREZ MENDOZA,https://www.facebook.com/mariabertha.gutierrezmendoza,2025-06-23,,sí,0,0,2025-06-19,post,https://www.facebook.com/mariabertha.gutierrezmendoza/posts/pfbid02CG1EC3FkC8puCYpqNaQjbyXyRFXcmd6ApgseHHCndLkiWacDrpEERNkZCaJFLW2wl,0,0,0,0,0,0,0,0,0,0,
MARIA BERTHA GUTIERREZ MENDOZA,https://www.facebook.com/mariabertha.gutierrezmendoza,2025-06-23,,sí,0,0,2025-06-19,post,https://www.facebook.com/share/p/16kaDieYdW/,3,12,48,39,8,1,0,0,0,0,"CIR -33 trabajando en unidad, seguimos sumando el apoyo por una representación digna para Potosí!!! #Bolivia #seguidores #potosibolivia #tuto"
MARIA BERTHA GUTIERREZ MENDOZA,https://www.facebook.com/mariabertha.gutierrezmendoza,2025-06-23,,sí,0,0,2025-06-20,post,https://www.facebook.com/share/p/1BMNga7GUg/,5,0,36,32,2,1,0,0,0,1,Gracias a Lider radio.
MARIA BERTHA GUTIERREZ MENDOZA,https://www.facebook.com/mariabertha.gutierrezmendoza,2025-06-23,,sí,0,0,2025-06-21,post,https://www.facebook.com/share/p/1EoS9uu4jw/,7,10,64,49,15,0,0,0,0,0,https://alianzalibre.my.canva.site/ #seguidores #potosibolivia #tuto
MARIA BERTHA GUTIERREZ MENDOZA,https://www.facebook.com/mariabertha.gutierrezmendoza,2025-06-23,,sí,0,0,2025-06-23,reel,/reel/1650771788943463/?s=single_unit&__cft__[0]=AZU4wlKdPiW5ZJLOo3ce5f-WSzBDY-mklmhCXq5oMgjuoHNMJ4_uOoqfgpJ1YnSyIqDmJ0wjQ2u3J9mttiOo21XUw6Gh4xcKjkj3oRTQbMU9pCYY4j4uaU6R53A1Ma3ALvjwRdRp31CGfLiHWwvl32UuHCPG8y6vpdrnbvMmsOi12WSO2u2ihyGecdCDZD6hgDU&__tn__=H-R,0,0,0,0,0,0,0,0,0,0,
MARIA BERTHA GUTIERREZ MENDOZA,https://www.facebook.com/mariabertha.gutierrezmendoza,2025-06-23,,sí,0,0,2025-06-23,reel,/reel/1650771788943463/?s=single_unit&__cft__[0]=AZWtlHtgZxZRkAa3zLg0i9UNCuC8nsygCm-Vs842CZeMIGp_0Wj5m_I2Wo7iiRI2544q0SltIISXRXY17edq4cHI2X6SAdJK_1SJoUl6YoG965ci7kaTUMKUZtPTAaByDXtMBXGSRE1-XKdy0FN5s-69WQGOXMZXM24cF7h6rhAjcDCJkOQTdO0qKFPSQ1WpOsk&__tn__=H-R,0,0,0,0,0,0,0,0,0,0,
MARIA BERTHA GUTIERREZ MENDOZA,https://www.facebook.com/mariabertha.gutierrezmendoza,2025-06-23,,sí,0,0,2025-06-23,reel,/reel/1650771788943463/?s=single_unit&__cft__[0]=AZU4ZRUN__fI3ECSsOU4-M9i69wadC7d8C8q1BgrsADeF_uT6veF19qfB1mONEM1qLV4o8vYx9yi6YlTovF_MPidouYJXlF4wsGSISY0zhggXHEb5LoAmdfWoNZzbnQaU65JeOJCHEupdAH01y7vOP8B-yK6yhLzKagz98bkZnd--qVvdkA9HTq6zwIuktvA22s&__tn__=H-R,0,0,0,0,0,0,0,0,0,0,
