nombre perfil,url perfil,creación del perfil,seguidores,seguidos,fecha post,url post,comparticiones,reacciones en total,me gusta,me encanta,me divierte,me entristece,me sorprende,me enoja,me importa,contenido
MAGDALENA MOGRO LACUNZA,https://www.facebook.com/magda.mogrolacunza,,1000,2200,2025-05-31,https://www.facebook.com/share/p/1EoCWmU1nT/,0,2,2,0,0,0,0,0,0,
MAGDALENA MOGRO LACUNZA,https://www.facebook.com/magda.mogrolacunza,,1000,2200,2025-06-01,https://www.facebook.com/share/p/1Hp4PnHy92/,0,5,4,1,0,0,0,0,0,
MAGDALENA MOGRO LACUNZA,https://www.facebook.com/magda.mogrolacunza,,1000,2200,2025-06-01,2025-06-01,0,0,0,0,0,0,0,0,0,
MAGDALENA MOGRO LACUNZA,https://www.facebook.com/magda.mogrolacunza,,1000,2200,2025-06-02,https://www.facebook.com/share/p/197qYAsh7R/,0,0,0,0,0,0,0,0,0,
