nombre perfil,url perfil,candidato identificado,creación del perfil,seguidores,seguidos,fecha post,tipo de post,url post,comparticiones,comentarios,reacciones en total,me gusta,me encanta,me divierte,me entristece,me sorprende,me enoja,me importa,contenido
BLANCA TUEROS SUAREZ,https://www.facebook.com/BlancaTuerosDiputadac49,no,2021-08-27,165,124,2025-07-21,post,https://www.facebook.com/share/v/19AaL492Kc/,11,0,11,9,2,0,0,0,0,0,"Visitamos a Barrio Villa Moderna en su aniversario.
#blancatuerosdiputadaporc49 #ManfredPresidente #JuanCarlosMedrano #circunscripción49 #votaporblancatueros #VotaMorado"
BLANCA TUEROS SUAREZ,https://www.facebook.com/BlancaTuerosDiputadac49,no,2021-08-27,165,124,2025-07-22,post,https://www.facebook.com/share/p/1K3g6A4pEK/,10,0,9,8,1,0,0,0,0,0,"Gran caminata en los Barrios:
*Paraíso los infantes… Ver más"
BLANCA TUEROS SUAREZ,https://www.facebook.com/BlancaTuerosDiputadac49,no,2021-08-27,165,124,2025-07-23,post,https://www.facebook.com/share/p/1FL67Hh2iS/,10,0,2,2,0,0,0,0,0,0,FELIZ DÍA DE LA AMISTAD… Ver más
BLANCA TUEROS SUAREZ,https://www.facebook.com/BlancaTuerosDiputadac49,no,2021-08-27,165,124,2025-07-23,post,https://www.facebook.com/share/v/16wA87C12L/,21,0,10,10,0,0,0,0,0,0,"Cursos de panadería  en casa de campaña Central Ubicado en la Av Paurito a una cuadra del Mercado Guapurú.
Comunidad San Miguel De Los Junos, Santa Cruz, Bolivia Plan 3… Ver más"
BLANCA TUEROS SUAREZ,https://www.facebook.com/BlancaTuerosDiputadac49,no,2021-08-27,165,124,2025-07-23,post,https://www.facebook.com/share/p/1B19vhLE1d/,1,0,3,3,0,0,0,0,0,0," EN VIVO 
 Presentación del equipo económico, jurídico Manfred Presidente #blancatuerosdiputadac49 Manfred Reyes Villa"
BLANCA TUEROS SUAREZ,https://www.facebook.com/BlancaTuerosDiputadac49,no,2021-08-27,165,124,2025-07-24,post,https://www.facebook.com/share/p/171XqMGn2u/,0,0,5,4,1,0,0,0,0,0,161 años día de la bandera Cruceña … Ver más
BLANCA TUEROS SUAREZ,https://www.facebook.com/BlancaTuerosDiputadac49,no,2021-08-27,165,124,2025-07-25,post,https://www.facebook.com/share/p/16w319SeQz/,10,0,3,3,0,0,0,0,0,0,Vamos a aumentar al DOBLE la renta dignidad. Más que una política pública es una retribución a quienes a pesar de todo han mantenido a Bolivia de pie. … Ver más
BLANCA TUEROS SUAREZ,https://www.facebook.com/BlancaTuerosDiputadac49,no,2021-08-27,165,124,2025-07-25,post,https://www.facebook.com/share/v/1F4D1JyL51/,1,0,6,5,1,0,0,0,0,0,Llegamos hasta San Miguel de Los Junos para felicitar y llevar algunos vivres al sindicato de mototaxista 23 de julio en su aniversario. Comunidad San Miguel De Los Jun… Ver más
BLANCA TUEROS SUAREZ,https://www.facebook.com/BlancaTuerosDiputadac49,no,2021-08-27,165,124,2025-07-25,post,https://www.facebook.com/share/v/16gVNDrT7t/,8,1,3,3,0,0,0,0,0,0,"Vota por Blanca Tueros Diputada C-49 Manfred Reyes Villa presidente.
#blancatuerosdiputadac49 #ManfredPresidente #votaporblancatueros #candidataadiputada #VotaMorado"
BLANCA TUEROS SUAREZ,https://www.facebook.com/BlancaTuerosDiputadac49,no,2021-08-27,165,124,2025-07-25,post,https://www.facebook.com/share/v/16qHub9Yj7/,2,1,3,0,0,0,0,0,0,0,Vamos a aumentar al DOBLE la renta dignidad. Más que una política pública es una retribución a quienes a pesar de todo han mantenido a Bolivia de pie. … Ver más
BLANCA TUEROS SUAREZ,https://www.facebook.com/BlancaTuerosDiputadac49,no,2021-08-27,165,124,2025-07-25,post,https://www.facebook.com/share/v/1DnjwUkBV8/,14,0,6,5,1,0,0,0,0,0,"Así llegamos a los barrios y zonas de La circunscripción 49 haciendo conocer a cada uno de ud. La propuesta que tenemos para cambiar Bolivia.
Comunidad San Miguel De Lo… Ver más"
BLANCA TUEROS SUAREZ,https://www.facebook.com/BlancaTuerosDiputadac49,no,2021-08-27,165,124,2025-07-25,post,https://www.facebook.com/share/v/1EnRVHscKW/,3,0,7,6,1,0,0,0,0,0,"Presentación de propuestas de nuestra candidata, donde también se dio a toda la población un bolsas solidaria de viveres gracias por el recibimiento.
Comunidad San Migu… Ver más"
BLANCA TUEROS SUAREZ,https://www.facebook.com/BlancaTuerosDiputadac49,no,2021-08-27,165,124,2025-07-25,post,https://www.facebook.com/share/p/14GCjEusxHx/,0,0,7,0,0,0,0,0,0,0,GRAN CARAVANA DE MOTOTAXIS DISTRITO 12… Ver más
BLANCA TUEROS SUAREZ,https://www.facebook.com/BlancaTuerosDiputadac49,no,2021-08-27,165,124,2025-07-25,post,https://www.facebook.com/share/v/1EERGx9j1y/,1,0,4,4,0,0,0,0,0,0,"La Bolivia del futuro es la que tú y tu familia merecen: 5 bolivianos el combustible, sin colas y con tiempo para lo que más importa. #ManfredPresidente #5Bolivianos #b… Ver más"
BLANCA TUEROS SUAREZ,https://www.facebook.com/BlancaTuerosDiputadac49,no,2021-08-27,165,124,2025-07-26,post,https://www.facebook.com/share/v/16yNaxYo4a/,0,0,6,5,1,0,0,0,0,0,"Renta dignidad para las personas de la tercera edad doble los plantea el capitán.
#blancatueros #ManfredPresidente #VotaMorado #ElFuturoEsAhora"
BLANCA TUEROS SUAREZ,https://www.facebook.com/BlancaTuerosDiputadac49,no,2021-08-27,165,124,2025-07-26,post,https://www.facebook.com/share/v/15tyypZcpN/,34,0,7,5,2,0,0,0,0,0,¡Gracias por el recibimiento!… Ver más
BLANCA TUEROS SUAREZ,https://www.facebook.com/BlancaTuerosDiputadac49,no,2021-08-27,165,124,2025-07-26,post,https://www.facebook.com/share/v/196KyPXpZ9/,19,1,13,11,2,0,0,0,0,0,Iniciado la gran caravana del distrito 12
BLANCA TUEROS SUAREZ,https://www.facebook.com/BlancaTuerosDiputadac49,no,2021-08-27,165,124,2025-07-27,post,https://www.facebook.com/share/v/1CdbK2VPa3/,5,0,8,5,3,0,0,0,0,0,"Confraternización con un partido de fútbol el Club de Madres Guarda.
#blancatueros #ManfredPresidente #VotaMorado #ElFuturoEsAhora"
BLANCA TUEROS SUAREZ,https://www.facebook.com/BlancaTuerosDiputadac49,no,2021-08-27,165,124,2025-07-27,post,https://www.facebook.com/share/p/1CCuLyabd8/,0,0,2,2,0,0,0,0,0,0,Sigue en vivo la transmisión del Debate entre los Candidatos a la Vicepresidencia… Ver más
BLANCA TUEROS SUAREZ,https://www.facebook.com/BlancaTuerosDiputadac49,no,2021-08-27,165,124,2025-07-28,post,https://www.facebook.com/share/v/1CbTBZKLCh/,11,0,3,3,0,0,0,0,0,0,"Haciendo conocer nuestro propuesta, en Club de Madres Villa del Sol II en la Urbanización del mismo nombre.
#blancatueros #ManfredPresidente #juancarlosmedranoconcejal … Ver más"
BLANCA TUEROS SUAREZ,https://www.facebook.com/BlancaTuerosDiputadac49,no,2021-08-27,165,124,2025-07-28,post,https://www.facebook.com/share/v/15KDqxfht7/,11,0,2,2,0,0,0,0,0,0,"Estuvimos presente en el campamento relámpago Villa Hermosa de la zona.
#blancatueros #ManfredPresidente #juancarlosmedranoconcejal #VotaMorado #ElFuturoEsAhora"
BLANCA TUEROS SUAREZ,https://www.facebook.com/BlancaTuerosDiputadac49,no,2021-08-27,165,124,2025-07-28,post,https://www.facebook.com/share/p/1CaaUyf32d/,5,0,1,1,0,0,0,0,0,0,"Solo falta 20 días para cambiar Bolivia, Súmate 
#blancatueros #juancarlosmedranoconcejal #ManfredPresidente #VotaMorado #ElFuturoEsAhora"
BLANCA TUEROS SUAREZ,https://www.facebook.com/BlancaTuerosDiputadac49,no,2021-08-27,165,124,2025-07-28,post,https://www.facebook.com/share/v/15uwqmKzwA/,9,0,1,1,0,0,0,0,0,0,"Estos son las 7 transformaciones que van a devolver la esperanza y respeto a Bolivia.
#blancatueros #ManfredPresidente #juancarlosmedranoconcejal #VotaMorado #ElFuturoEsAhora"
BLANCA TUEROS SUAREZ,https://www.facebook.com/BlancaTuerosDiputadac49,no,2021-08-27,165,124,2025-07-28,post,https://www.facebook.com/share/p/174FLM1zur/,6,0,6,6,0,0,0,0,0,0,"Todos ellos se sumaron, para cambiar este 17 de agosto, tu también Súmate!!!
#blancatueros #ManfredPresidente #juancarlosmedranoconcejal #VotaMorado #ElFuturoEsAhora"
BLANCA TUEROS SUAREZ,https://www.facebook.com/BlancaTuerosDiputadac49,no,2021-08-27,165,124,2025-07-28,post,https://www.facebook.com/share/v/174qmDYUgY/,1,1,6,3,3,0,0,0,0,0,"Iniciamos la semana con buen ritmo 
#blancatueros #ManfredPresidente #juancarlosmedranoconcejal #VotaMorado #ElFuturoEsAhora"
BLANCA TUEROS SUAREZ,https://www.facebook.com/BlancaTuerosDiputadac49,no,2021-08-27,165,124,2025-07-29,post,https://www.facebook.com/share/p/14PgWa8dgTH/,2,0,4,3,1,0,0,0,0,0,"Este 17 de Agosto tu voto es morado, el cambio es ahora.
#blancatueros #ManfredPresidente #juancarlosmedranoconcejal #VotaMorado #ElFuturoEsAhora"
BLANCA TUEROS SUAREZ,https://www.facebook.com/BlancaTuerosDiputadac49,no,2021-08-27,165,124,2025-07-29,post,https://www.facebook.com/share/v/19PCi1Y1Us/,3,0,8,5,3,0,0,0,0,0,"llegamos a los barrios de la circunscripcion 49 haciendo conocer las propuestas.
@llokallayimilla2… Ver más"
BLANCA TUEROS SUAREZ,https://www.facebook.com/BlancaTuerosDiputadac49,no,2021-08-27,165,124,2025-07-29,post,https://www.facebook.com/share/v/172DxJzxZi/,2,0,3,2,1,0,0,0,0,0,"Haciendo conocer las propuestas de la candidata puerta a puerta en la circunscripción 49
#blancatueros #ManfredPresidente #juancarlosmedranoconcejal #VotaMorado #ElFuturoEsAhora"
BLANCA TUEROS SUAREZ,https://www.facebook.com/BlancaTuerosDiputadac49,no,2021-08-27,165,124,2025-07-29,post,https://www.facebook.com/share/v/1HkZ2cmamx/,1,0,4,3,1,0,0,0,0,0,"Confraternización y presentación de propuestas del distrito 12, 13 y 14
#blancatueros #juancarlosmedranoconcejal #ManfredPresidente #VotaMorado #ElFuturoEsAhora"
BLANCA TUEROS SUAREZ,https://www.facebook.com/BlancaTuerosDiputadac49,no,2021-08-27,165,124,2025-07-29,post,https://www.facebook.com/share/v/1G9hp7ausU/,3,0,5,3,2,0,0,0,0,0,"Blanca Tueros en el Distrito 12 
#blancatueros #ManfredPresidente #juancarlosmedranoconcejal #VotaMorado #ElFuturoEsAhora"
BLANCA TUEROS SUAREZ,https://www.facebook.com/BlancaTuerosDiputadac49,no,2021-08-27,165,124,2025-07-29,post,https://www.facebook.com/share/p/1ApoqHT6WR/,0,0,3,1,2,0,0,0,0,0,"Súmate este 17 de agosto, por un futuro mejor, el Cambio es ahora.
#blancatueros #ManfredPresidente #juancarlosmedranoconcejal #ElFuturoEsAhora #VotaMorado"
BLANCA TUEROS SUAREZ,https://www.facebook.com/BlancaTuerosDiputadac49,no,2021-08-27,165,124,2025-07-29,post,https://www.facebook.com/share/p/1E6fskRrPq/,0,0,2,1,1,0,0,0,0,0,"Salud para todos, Hospital Ontológico, atención Digna.
#blancatueros #ManfredPresidente #juancarlosmedranoconcejal #VotaMorado #ElFuturoEsAhora"
