nombre perfil,url perfil,candidato identificado,creación del perfil,seguidores,seguidos,fecha post,tipo de post,url post,comparticiones,comentarios,reacciones en total,me gusta,me encanta,me divierte,me entristece,me sorprende,me enoja,me importa,contenido
Clau Pami'sh Rzy ,https://www.facebook.com/pamizapatachu/,no,2008-01-27,4100,0,2025-04-09,post,https://www.facebook.com/share/p/1FaM9T1NMr/,38,26,76,0,0,0,0,0,0,0,
Clau Pami'sh Rzy ,https://www.facebook.com/pamizapatachu/,no,2008-01-27,4100,0,2025-04-11,post,https://www.facebook.com/share/p/1AqeH8PHtr/,10,8,30,0,0,0,0,0,0,0,"Jaime Dunn  manifiesta no nos van a callar Primero Bolivia.Ya es el colmo, Jaime Dunn rechazó la persecución del Gobierno, denunciando a las entidades Internacionales y… Ver más"
Clau Pami'sh Rzy ,https://www.facebook.com/pamizapatachu/,no,2008-01-27,4100,0,2025-05-10,post,https://www.facebook.com/share/v/1DTg9GpE7A/,39,20,70,0,0,0,0,0,0,0,"Que si baila ? Pasito DUNN DUNN !inteligente 
 uff !! Liberal si clásico 
 Que si canta en quechua ? No más escuchen !!!! Jaime Dunn"
Clau Pami'sh Rzy ,https://www.facebook.com/pamizapatachu/,no,2008-01-27,4100,0,2025-05-25,post,https://www.facebook.com/share/p/1RqssgKSLz/,13,4,12,0,0,0,0,0,0,0,"No es rebelde.
No es problemática.… Ver más"
Clau Pami'sh Rzy ,https://www.facebook.com/pamizapatachu/,no,2008-01-27,4100,0,2025-05-27,post,https://www.facebook.com/share/v/1AURn6hsBa/,4,10,30,0,0,0,0,0,0,0, La libertad ya avanzó Zurdos tiemblen !!!
