nombre perfil,url perfil,snapshot_date,creación del perfil,candidato identificado,seguidores,seguidos,fecha post,tipo de post,url post,comparticiones,comentarios,reacciones en total,me gusta,me encanta,me divierte,me entristece,me sorprende,me enoja,me importa,contenido
JAEL VELASQUEZ HUANCA,https://www.facebook.com/jael.velasquez.16,2025-07-23,,no,0,0,2025-07-18,post,https://www.facebook.com/share/v/15xgzFH9BE/,2,1,35,27,1,5,0,0,0,2,
JAEL VELASQUEZ HUANCA,https://www.facebook.com/jael.velasquez.16,2025-07-23,,no,0,0,2025-07-18,post,https://www.facebook.com/share/p/1FygqTagkz/,1,1,3,3,0,0,0,0,0,0,
JAEL VELASQUEZ HUANCA,https://www.facebook.com/jael.velasquez.16,2025-07-23,,no,0,0,2025-07-18,reel,/reel/1246435033689539/?s=single_unit&__cft__[0]=AZX33FdDChorFNMp44WGONkg7_iqv-tEoe65zr4R2SWhKgbntkp8PvFqGRNVPqVYd1wa4g0JpiOAPQ87O4CKUFfNaHcGnU0Fb-Qwrt6Ly_ir9osN3DGB3osS4WYH8g1DxwmFUgvtRAIvusUoSiZSl8-xS2ZeSCF5DaurewbfimVb8LRPJgFHE1q4Ce3uVAVXIIQ&__tn__=H-R,0,0,0,0,0,0,0,0,0,0,Quienes piden ahora unificación de partidos son los responsables de una posible proscripción del partido del MAS 
JAEL VELASQUEZ HUANCA,https://www.facebook.com/jael.velasquez.16,2025-07-23,,no,0,0,2025-07-19,reel,/reel/1669878750377874/?s=single_unit&__cft__[0]=AZXa6-nkKDlCROLpeDJ9k8n7IDujLxlU9cFyT2u-OtvQehXY0tv51mMAyFOF5VaqLYrhLwI-DTjzORrMZ5p7TX8bkc5xt7Phx4pcHh7P4oKhJY-Wq_O70PhAkmBlYsBefomhZ8AsKq1xjEwQzbHMEp7En6C8e_uCXpGi9nkVRdRgl6QeL4a5eI0haEUK9tXYkFY&__tn__=H-R,0,0,0,0,0,0,0,0,0,0,Que agilidad!!!
JAEL VELASQUEZ HUANCA,https://www.facebook.com/jael.velasquez.16,2025-07-23,,no,0,0,2025-07-20,reel,/reel/634075295796239/?s=single_unit&__cft__[0]=AZWPpWGi749RVryYojO56FSJmsCZgA0sSUDY8XBfSwOasaLcjh1KWY6YI-mOlRY9TMexyz2loADn49INSeVVDDwtxzPNo913f76Dg77_NVPjKlv6c_SVhVV8U8KpeXcqv0TMH7S46DQCpI8ry3yPs1A1KJeDCwADiBXYFtLYjMpDs0JOYK_vEPn05KcoY5kQOK8&__tn__=H-R,0,0,0,0,0,0,0,0,0,0,Linda estuvo nuestra mañana.
JAEL VELASQUEZ HUANCA,https://www.facebook.com/jael.velasquez.16,2025-07-23,,no,0,0,2025-07-20,post,https://www.facebook.com/share/p/1F3XQ5uZ5V/,0,1,7,6,0,1,0,0,0,0,
JAEL VELASQUEZ HUANCA,https://www.facebook.com/jael.velasquez.16,2025-07-23,,no,0,0,2025-07-20,post,https://www.facebook.com/share/p/16xTy7T1vT/,0,1,20,7,1,12,0,0,0,0,
JAEL VELASQUEZ HUANCA,https://www.facebook.com/jael.velasquez.16,2025-07-23,,no,0,0,2025-07-21,post,https://www.facebook.com/share/p/1E1FSnpspP/,31,0,54,30,6,17,0,0,1,0,Con EVO siempre..
JAEL VELASQUEZ HUANCA,https://www.facebook.com/jael.velasquez.16,2025-07-30,,no,0,0,2025-07-22,post,https://www.facebook.com/share/p/1Ar24m1jgq/,1,0,10,6,2,2,0,0,0,0,
JAEL VELASQUEZ HUANCA,https://www.facebook.com/jael.velasquez.16,2025-07-23,,no,0,0,2025-07-22,post,https://www.facebook.com/share/p/14EDQP2a9YK/,1,0,7,5,1,1,0,0,0,0,
JAEL VELASQUEZ HUANCA,https://www.facebook.com/jael.velasquez.16,2025-07-23,,no,0,0,2025-07-22,reel,/reel/1234978798366236/?s=single_unit&__cft__[0]=AZWJhaAPPpro06IPMeBSolf6WccExIA4OSJAyhet4iP9F3D_CXr1g1d9AE4TLE9EyQqDakwXyl3sJ7lBK8x84LgE8ysIyYBFvlNpviV3aXW9OMqDd5aLnt4FIKiXHFAujx3n4sYqCD26Wc8X_ibpzEcdvRib_xA3BXnm_VpiVwMQsvBvzisBbGI8PbzIkYmt1TE&__tn__=H-R,0,0,0,0,0,0,0,0,0,0,... Junto a ellos todo
JAEL VELASQUEZ HUANCA,https://www.facebook.com/jael.velasquez.16,2025-07-30,,no,0,0,2025-07-22,post,https://www.facebook.com/share/v/1Apnzc8nEi/,12,4,35,27,6,3,0,0,0,0,EVO MORALES AYMA EL LÍDER DE LOS PUEBLOS INDÍGENAS ORIGINARIOS A NIVEL MUNDIAL
JAEL VELASQUEZ HUANCA,https://www.facebook.com/jael.velasquez.16,2025-07-23,,no,0,0,2025-07-22,post,https://www.facebook.com/share/p/164yJZqJat/,1,0,5,5,0,0,0,0,0,0,
JAEL VELASQUEZ HUANCA,https://www.facebook.com/jael.velasquez.16,2025-07-30,,no,0,0,2025-07-22,post,https://www.facebook.com/share/p/1B5yhB5xCk/,2,0,13,12,0,1,0,0,0,0,
JAEL VELASQUEZ HUANCA,https://www.facebook.com/jael.velasquez.16,2025-07-23,,no,0,0,2025-07-22,post,https://www.facebook.com/share/v/1AvX6fDa9D/,1,1,8,5,2,1,0,0,0,0,EVO MORALES AYMA EL LÍDER DE LOS PUEBLOS INDÍGENAS ORIGINARIOS A NIVEL MUNDIAL
JAEL VELASQUEZ HUANCA,https://www.facebook.com/jael.velasquez.16,2025-07-30,,no,0,0,2025-07-23,post,https://www.facebook.com/share/p/16itPG2ZsT/,4,0,15,11,3,0,1,0,0,0,
JAEL VELASQUEZ HUANCA,https://www.facebook.com/jael.velasquez.16,2025-07-30,,no,0,0,2025-07-26,post,https://www.facebook.com/share/p/1AoHnXNLf4/,1,1,12,9,2,1,0,0,0,0,
JAEL VELASQUEZ HUANCA,https://www.facebook.com/jael.velasquez.16,2025-07-30,,no,0,0,2025-07-27,post,https://www.facebook.com/share/p/1CeTFDjhwE/,0,1,2,2,0,0,0,0,0,0,
JAEL VELASQUEZ HUANCA,https://www.facebook.com/jael.velasquez.16,2025-07-30,,no,0,0,2025-07-27,post,https://www.facebook.com/share/p/1BGzrs65wH/,0,0,0,0,0,0,0,0,0,0,
JAEL VELASQUEZ HUANCA,https://www.facebook.com/jael.velasquez.16,2025-08-06,,no,0,0,2025-07-30,reel,/reel/1750023915610252/?s=single_unit&__cft__[0]=AZXH2DB5wTfsb0TqNovQFGgkN4bAivpMwS61nMyhJiu0yfnTehEu5YIAcqcoOSNvHA-56J43G0EGlyhU0XoC8uMvQL0-eIdVJzEVBt3Rtj3QY5LwCelaXBqx6gdqO9gFqU_y5vfBhbUMr8BVm8RM867jQDLeNch45U1jzKWu1ejYrY4-auW_tVe6FLZNMxId-TE&__tn__=H-R,0,0,0,0,0,0,0,0,0,0,ETERNAMENTE AGRADECIDO. SEGUIMOS EL LUCHA ✊🏽🇧🇴
JAEL VELASQUEZ HUANCA,https://www.facebook.com/jael.velasquez.16,2025-08-06,,no,0,0,2025-07-31,post,https://www.facebook.com/share/p/16y9EQApou/,0,0,10,10,0,0,0,0,0,0,
JAEL VELASQUEZ HUANCA,https://www.facebook.com/jael.velasquez.16,2025-08-06,,no,0,0,2025-08-01,post,https://www.facebook.com/share/p/19jEU2CHaV/,26,1,3,2,0,0,0,0,1,0,
JAEL VELASQUEZ HUANCA,https://www.facebook.com/jael.velasquez.16,2025-08-06,,no,0,0,2025-08-01,post,https://www.facebook.com/share/p/15nEpJJUU3/,4,0,13,10,3,0,0,0,0,0,
JAEL VELASQUEZ HUANCA,https://www.facebook.com/jael.velasquez.16,2025-08-06,,no,0,0,2025-08-01,post,https://www.facebook.com/jael.velasquez.16/posts/pfbid0YD7RiAfvPm5RqiqRfwk5izNWPYBmBeHaSLU3Nwm2EHT6hSe83v2hpFbwxjfhD8N4l,0,0,1,1,0,0,0,0,0,0,
JAEL VELASQUEZ HUANCA,https://www.facebook.com/jael.velasquez.16,2025-08-06,,no,0,0,2025-08-02,post,https://www.facebook.com/share/p/167BqCKif9/,0,2,13,9,0,2,2,0,0,0,
JAEL VELASQUEZ HUANCA,https://www.facebook.com/jael.velasquez.16,2025-08-06,,no,0,0,2025-08-02,reel,/reel/3722982741333613/?s=single_unit&__cft__[0]=AZX0_gDolj_tS2ilP6gFBBjkMVNuNG0kjNPEPKTNtQW8QpdK1SatN3eJuTF_JkuBeJNdr_g5cWfBVNnHZNYdNTELScup9G7kxOVcqca5MGj0VJDmRw0IOLERzWYpmFm5AQ69AlRMKOJ6J-59BvR7TvXQwKxZSrhAU-mZfZtHdzlIcAtF8t8smy0fnlI1kdgSvzI&__tn__=H-R,0,0,0,0,0,0,0,0,0,0,
JAEL VELASQUEZ HUANCA,https://www.facebook.com/jael.velasquez.16,2025-08-06,,no,0,0,2025-08-03,reel,/reel/716931728006585/?s=single_unit&__cft__[0]=AZXZE0MSDmJFYQjcg57nS_e1dhctXDCEdC30pCLjzwgkQUk4jBfl56gAIot-Tamv2Publ8o50Wue4UypOPqDxUt_mVyMp7LRyfdJwS72f23iUVVLy48Lntl2k2Dxi7IUD8972NIZ5DVDGGN8XE8DtzrDODfofWfW8SDWr630FpAzmbZSGO34YYimqbOwcrJvvIQ&__tn__=H-R,0,0,0,0,0,0,0,0,0,0,"Llegamos al estadio Evo Morales en Ivirgarzama, hoy clausuramos el encuentro del RUNASUR que tuvo como participantes a 9 naciones de America Latina"
JAEL VELASQUEZ HUANCA,https://www.facebook.com/jael.velasquez.16,2025-08-06,,no,0,0,2025-08-04,post,https://www.facebook.com/share/p/1CZKNGPSJe/,2,1,13,9,1,1,0,0,0,2,
JAEL VELASQUEZ HUANCA,https://www.facebook.com/jael.velasquez.16,2025-08-06,,no,0,0,2025-08-05,reel,/reel/1294830575701084/?s=single_unit&__cft__[0]=AZWpdH8BUmDCemKg1ICBza9c_Xb4SjrZI41zxZcqK9uSb_pZl-aVwLIfDjOznzQJfhY5hmY2Q3qy01RLG1n4lZg_RPYfF0Ym5nssJm5XzRovC1KCvJS_-jIDtBfqnHQYYNGkVwpQJ0LKHSVXJhSkp8YmVtj_gvlreXDm61rKPV4BbIeb2q-QiuenTMGQrkOry2k&__tn__=H-R,0,0,0,0,0,0,0,0,0,0,Siempre junto a mi pueblo
JAEL VELASQUEZ HUANCA,https://www.facebook.com/jael.velasquez.16,2025-08-06,,no,0,0,2025-08-05,post,https://www.facebook.com/share/p/16etmPCmmb/,0,2,1,1,0,0,0,0,0,0,
JAEL VELASQUEZ HUANCA,https://www.facebook.com/jael.velasquez.16,2025-08-06,,no,0,0,2025-08-05,post,https://www.facebook.com/share/p/179ktZu9Wj/,0,0,7,4,2,1,0,0,0,0,
JAEL VELASQUEZ HUANCA,https://www.facebook.com/jael.velasquez.16,2025-08-06,,no,0,0,2025-08-06,post,https://www.facebook.com/share/p/1D1Nin5N1f/,0,0,2,0,0,0,0,2,0,0,
JAEL VELASQUEZ HUANCA,https://www.facebook.com/jael.velasquez.16,2025-08-06,,no,0,0,2025-08-06,post,https://www.facebook.com/share/p/167s6VJBK5/,0,0,1,1,0,0,0,0,0,0,
JAEL VELASQUEZ HUANCA,https://www.facebook.com/jael.velasquez.16,2025-08-06,,no,0,0,2025-08-06,post,https://www.facebook.com/share/p/1A26n3Qqp6/,0,0,1,1,0,0,0,0,0,0,
