nombre perfil,url perfil,candidato identificado,creación del perfil,seguidores,seguidos,fecha post,tipo de post,url post,comparticiones,comentarios,reacciones en total,me gusta,me encanta,me divierte,me entristece,me sorprende,me enoja,me importa,contenido
Mauro Landivar ,https://www.facebook.com/profile.php?id=61552708002190,no,2023-10-31,31000,181,2025-06-19,post,https://www.facebook.com/share/p/16rwVM5eGf/,265,243,527,44,0,350,0,9,123,1,"Según el INE, en Bolivia solo necesitamos 15 Bs al día para alimentarnos.… Ver más"
Mauro Landivar ,https://www.facebook.com/profile.php?id=61552708002190,no,2023-10-31,31000,181,2025-06-20,post,https://www.facebook.com/share/p/1AgTMHVj5D/,215,270,459,314,64,78,0,1,0,3,El efecto Dunn es imparable.… Ver más
Mauro Landivar ,https://www.facebook.com/profile.php?id=61552708002190,no,2023-10-31,31000,181,2025-06-20,post,https://www.facebook.com/share/p/1Q9PR5kjDE/,428,344,2600,295,1,2300,1,11,20,1,"Marco antelo después de 30 segundos de haberlo dado todo 
..."
Mauro Landivar ,https://www.facebook.com/profile.php?id=61552708002190,no,2023-10-31,31000,181,2025-06-20,post,https://www.facebook.com/share/p/16SrM13q5Y/,27,22,233,178,20,27,0,2,3,3,"#URGENTE | El MAS inauguró su casa de campaña en Santa Cruz, 2do anillo y Av. Alemana… ¡Casualmente en el mismo lugar donde fue quemada en 2019 por los conflictos por e… Ver más"
Mauro Landivar ,https://www.facebook.com/profile.php?id=61552708002190,no,2023-10-31,31000,181,2025-06-20,post,https://www.facebook.com/share/p/1ZPixVp6mr/,160,234,1900,171,2,1700,2,13,26,5,Marco Antelo en el vídeo filtrado mirándose al espejo 
Mauro Landivar ,https://www.facebook.com/profile.php?id=61552708002190,no,2023-10-31,31000,181,2025-06-21,post,https://www.facebook.com/share/p/1BvAkeb3Ms/,209,45,401,174,3,220,0,2,2,0,Que levante la mano el opa emierd4 que no sabe de economía.
Mauro Landivar ,https://www.facebook.com/profile.php?id=61552708002190,no,2023-10-31,31000,181,2025-06-21,post,https://www.facebook.com/share/p/1BgdQJrdms/,101,75,185,91,0,65,0,11,18,0,Samuel y su desesperación por ganar votos… Ver más
Mauro Landivar ,https://www.facebook.com/profile.php?id=61552708002190,no,2023-10-31,31000,181,2025-06-21,post,https://www.facebook.com/share/p/19XERBCNRY/,95,43,305,45,0,256,0,1,3,0,El gobierno dice que está listo para apoyar a Irán tras el ataque de Estados Unidos.
Mauro Landivar ,https://www.facebook.com/profile.php?id=61552708002190,no,2023-10-31,31000,181,2025-06-22,post,https://www.facebook.com/share/v/1JsANKU35h/,66,84,328,243,2,31,0,44,7,1,"Llevo tiempo recibiendo ataques cobardes y guerra sucia. Sé perfectamente quién está detrás, metiéndose en mi vida privada y familia. ¿La razón? Por haber denunciado a … Ver más"
Mauro Landivar ,https://www.facebook.com/profile.php?id=61552708002190,no,2023-10-31,31000,181,2025-06-23,post,https://www.facebook.com/share/p/1BaqbWpfWz/,15,50,147,84,1,25,2,33,2,0,"""Me culpan de todo"", ""me obligaron""
Eso dice la activista que se quedó con los libros del revocatorio. No te culpamos de todo, pero sí queremos respuestas claras. Las f… Ver más"
Mauro Landivar ,https://www.facebook.com/profile.php?id=61552708002190,no,2023-10-31,31000,181,2025-06-23,post,https://www.facebook.com/share/p/1FhC3FkZcX/,42,251,559,251,4,174,2,122,5,1,"A Lilibeth Coimbra últimamente le ha dado por jugar con las relaciones ajenas, como lo quiere hacer ahora con Rafa y su esposa, subiendo conversaciones privadas que con… Ver más"
