nombre perfil,url perfil,candidato identificado,creación del perfil,seguidores,seguidos,fecha post,tipo de post,url post,comparticiones,comentarios,reacciones en total,me gusta,me encanta,me divierte,me entristece,me sorprende,me enoja,me importa,contenido
Silvana Mucarzel,https://www.facebook.com/silvanamucarzelconcejal,no,2021-01-29,8100,87,2025-06-16,post,https://www.facebook.com/share/p/16SyKo9aBd/,9,7,46,42,3,1,0,0,0,0,"¡Vamos a transformar Bolivia! 
 
Para… Ver más"
Silvana Mucarzel,https://www.facebook.com/silvanamucarzelconcejal,no,2021-01-29,8100,87,2025-06-17,post,https://www.facebook.com/share/p/16b3hwA2b6/,9,21,125,100,21,2,0,0,1,1,"¡Sumate para transformar Bolivia! 
 
So… Ver más"
Silvana Mucarzel,https://www.facebook.com/silvanamucarzelconcejal,no,2021-01-29,8100,87,2025-06-17,post,https://www.facebook.com/share/p/19Hkvg2Jmo/,8,5,61,49,12,0,0,0,0,0,"¡FISCALIZAR ES PRIORIDAD! 
D… Ver más"
Silvana Mucarzel,https://www.facebook.com/silvanamucarzelconcejal,no,2021-01-29,8100,87,2025-06-20,post,https://www.facebook.com/share/p/1ZnyKxxffc/,1,0,18,13,4,1,0,0,0,0,
Silvana Mucarzel,https://www.facebook.com/silvanamucarzelconcejal,no,2021-01-29,8100,87,2025-06-20,post,https://www.facebook.com/share/p/1En56PoNrm/,11,19,115,89,19,2,1,0,1,3,¡Súmate al equipo!… Ver más
Silvana Mucarzel,https://www.facebook.com/silvanamucarzelconcejal,no,2021-01-29,8100,87,2025-06-23,post,https://www.facebook.com/share/p/1JT4uJdJtD/,1,1,6,4,2,0,0,0,0,0,Ratificamos nuestra posición! 
Silvana Mucarzel,https://www.facebook.com/silvanamucarzelconcejal,no,2021-01-29,8100,87,2025-06-24,post,https://www.facebook.com/share/p/1AYUxWTunr/,4,4,25,19,6,0,0,0,0,0,"Estamos atendiendo los requerimientos de la ciudad porque cada día se evidencia la mala gestión del Ejecutivo municipal.
No vamos a permitir que la corrupción y la inop… Ver más"
