nombre perfil,url perfil,snapshot_date,creación del perfil,candidato identificado,seguidores,seguidos,fecha post,tipo de post,url post,comparticiones,comentarios,reacciones en total,me gusta,me encanta,me divierte,me entristece,me sorprende,me enoja,me importa,contenido
MINERVA WARA RUEDA LOPEZ,https://www.facebook.com/WaraRuedaDiputadaC32,2025-07-22,2025-01-20,no,123,1,2025-07-15,post,https://www.facebook.com/share/p/1EukBQqDCa/,24,3,42,0,0,0,0,0,0,0,"Somos jóvenes con vocación, nacidos  en nuestra tierra de la Circunscripción 32. 
C… Ver más"
MINERVA WARA RUEDA LOPEZ,https://www.facebook.com/WaraRuedaDiputadaC32,2025-07-22,2025-01-20,no,123,1,2025-07-15,post,https://www.facebook.com/share/p/16wo4CZ3ZF/,0,1,4,2,0,2,0,0,0,0,
MINERVA WARA RUEDA LOPEZ,https://www.facebook.com/WaraRuedaDiputadaC32,2025-07-22,2025-01-20,no,123,1,2025-07-16,post,https://www.facebook.com/share/p/16ZDFbBT99/,5,4,58,47,6,5,0,0,0,0,"¡Gracias, Caracollo!… Ver más"
MINERVA WARA RUEDA LOPEZ,https://www.facebook.com/WaraRuedaDiputadaC32,2025-07-22,2025-01-20,no,123,1,2025-07-17,post,https://www.facebook.com/share/p/19WJqjaZqq/,17,3,24,19,2,3,0,0,0,0,"Desde la C32 venimos a trabajar por nuestra gente. Somos jóvenes, somos profesionales, tenemos vocación y estamos preparados para dar soluciones reales.
¡Con compromiso… Ver más"
MINERVA WARA RUEDA LOPEZ,https://www.facebook.com/WaraRuedaDiputadaC32,2025-07-22,2025-01-20,no,123,1,2025-07-18,post,https://www.facebook.com/share/p/1M8oZKUYCo/,17,1,26,22,1,3,0,0,0,0,"Este 17 de agosto, junto a Eduardo y Milan, con tu voto le pondremos fin a la incertidumbre. Porque con tu apoyo, seguiremos garantizando los bonos, los programas socia… Ver más"
MINERVA WARA RUEDA LOPEZ,https://www.facebook.com/WaraRuedaDiputadaC32,2025-07-22,2025-01-20,no,123,1,2025-07-18,post,https://www.facebook.com/share/p/14HVSjRh1NK/,2,1,20,18,1,1,0,0,0,0,"Acompañamos con firmeza revolucionaria a nuestros hermanos candidatos en la apertura de la Casa de Campaña de nuestro hermano Adalid Challa, candidato a Representante S… Ver más"
MINERVA WARA RUEDA LOPEZ,https://www.facebook.com/WaraRuedaDiputadaC32,2025-07-22,2025-01-20,no,123,1,2025-07-18,post,https://www.facebook.com/share/v/1Amnv9XY27/,2,0,12,11,0,1,0,0,0,0,"De esta manera llego la caravana de  victoria, acompañando a nuestros Candidatos por el MAS IPSP, gracias hnos."
MINERVA WARA RUEDA LOPEZ,https://www.facebook.com/WaraRuedaDiputadaC32,2025-07-22,2025-01-20,no,123,1,2025-07-19,post,https://www.facebook.com/share/p/1AegaMZfGx/,2,0,12,12,0,0,0,0,0,0,Síguenos en Tiktok
MINERVA WARA RUEDA LOPEZ,https://www.facebook.com/WaraRuedaDiputadaC32,2025-07-22,2025-01-20,no,123,1,2025-07-19,post,https://www.facebook.com/share/p/1ByLxUaJqS/,10,0,10,10,0,0,0,0,0,0,"Hoy reafirmo mi compromiso con este pueblo valiente; me comprometo a trabajar incansablemente por ustedes y para ustedes
#wararuedalopezdiputadac32"
MINERVA WARA RUEDA LOPEZ,https://www.facebook.com/WaraRuedaDiputadaC32,2025-07-22,2025-01-20,no,123,1,2025-07-20,post,https://www.facebook.com/share/p/1YyCoA5vgD/,7,1,25,25,0,0,0,0,0,0,"Recorriendo la Feria de Camélidos: Escuchando de Cerca, Proponiendo con el Corazón.… Ver más"
MINERVA WARA RUEDA LOPEZ,https://www.facebook.com/WaraRuedaDiputadaC32,2025-07-22,2025-01-20,no,123,1,2025-07-21,post,https://www.facebook.com/share/p/1BHnAcjY1S/,0,0,3,3,0,0,0,0,0,0,
MINERVA WARA RUEDA LOPEZ,https://www.facebook.com/WaraRuedaDiputadaC32,2025-07-29,2025-01-20,no,123,1,2025-07-21,post,https://www.facebook.com/share/p/1XP4wcXKH9/,0,0,4,4,0,0,0,0,0,0,
MINERVA WARA RUEDA LOPEZ,https://www.facebook.com/WaraRuedaDiputadaC32,2025-07-29,2025-01-20,no,123,1,2025-07-22,post,2025-07-22,23,8,46,45,1,0,0,0,0,0,
MINERVA WARA RUEDA LOPEZ,https://www.facebook.com/WaraRuedaDiputadaC32,2025-07-22,2025-01-20,no,123,1,2025-07-22,post,https://www.facebook.com/share/p/1Cpbds8WdV/,1,0,5,4,0,0,0,0,0,1,
MINERVA WARA RUEDA LOPEZ,https://www.facebook.com/WaraRuedaDiputadaC32,2025-07-22,2025-01-20,no,123,1,2025-07-22,post,https://www.facebook.com/share/p/1B4C7BrPtx/,4,0,17,17,0,0,0,0,0,0,seguimos avanzando
MINERVA WARA RUEDA LOPEZ,https://www.facebook.com/WaraRuedaDiputadaC32,2025-07-29,2025-01-20,no,123,1,2025-07-22,post,https://www.facebook.com/share/p/1Cd8GDj8KL/,4,0,20,20,0,0,0,0,0,0,seguimos avanzando
MINERVA WARA RUEDA LOPEZ,https://www.facebook.com/WaraRuedaDiputadaC32,2025-07-29,2025-01-20,no,123,1,2025-07-22,post,https://www.facebook.com/share/p/16z9MzR4iy/,1,0,6,5,0,0,0,0,0,1,
MINERVA WARA RUEDA LOPEZ,https://www.facebook.com/WaraRuedaDiputadaC32,2025-07-29,2025-01-20,no,123,1,2025-07-23,post,https://www.facebook.com/share/p/1Lxy4SwsUR/,2,0,22,22,0,0,0,0,0,0,
MINERVA WARA RUEDA LOPEZ,https://www.facebook.com/WaraRuedaDiputadaC32,2025-07-29,2025-01-20,no,123,1,2025-07-25,post,https://www.facebook.com/share/p/18HkfjZKgF/,4,1,24,24,0,0,0,0,0,0,
MINERVA WARA RUEDA LOPEZ,https://www.facebook.com/WaraRuedaDiputadaC32,2025-07-29,2025-01-20,no,123,1,2025-07-25,post,https://www.facebook.com/share/p/1723P6e4T9/,6,0,18,17,0,1,0,0,0,0," ¡Con mucha alegría seguimos avanzando! 
Hoy… Ver más"
MINERVA WARA RUEDA LOPEZ,https://www.facebook.com/WaraRuedaDiputadaC32,2025-07-29,2025-01-20,no,123,1,2025-07-25,post,https://www.facebook.com/share/p/15jR8po8W5/,24,4,40,38,2,0,0,0,0,0," Sentimos el calor de la gente 
… Ver más"
MINERVA WARA RUEDA LOPEZ,https://www.facebook.com/WaraRuedaDiputadaC32,2025-07-29,2025-01-20,no,123,1,2025-07-26,post,https://www.facebook.com/share/p/1683jWMFDq/,2,0,5,5,0,0,0,0,0,0,
MINERVA WARA RUEDA LOPEZ,https://www.facebook.com/WaraRuedaDiputadaC32,2025-07-29,2025-01-20,no,123,1,2025-07-26,post,https://www.facebook.com/share/v/18W1r7LwsW/,16,4,49,41,5,3,0,0,0,0," Wara, mujer joven con vocación de servicio 
C… Ver más"
