nombre perfil,url perfil,candidato identificado,creación del perfil,seguidores,seguidos,fecha post,tipo de post,url post,comparticiones,comentarios,reacciones en total,me gusta,me encanta,me divierte,me entristece,me sorprende,me enoja,me importa,contenido
Víctimas de Feminicidio e Infanticidio Bolivia ,https://www.facebook.com/profile.php?id=100064532303161,no,2019-10-13,15000,0,2025-03-13,post,https://www.facebook.com/share/p/16YuWNGmYz/,6,6,55,0,0,0,0,0,0,0,"DICTAN 5 AÑOS DE PRISION PARA EL JUEZ QUE LIBERO AL ASESINO SERIAL RICHARD CHOQUE
OTRA VEZ LA PODRIDA MAL LLAMADA JUSTICIA, BENEFICIANDO A MALECHORES QUE LIBERAN ASESIN… Ver más"
Víctimas de Feminicidio e Infanticidio Bolivia ,https://www.facebook.com/profile.php?id=100064532303161,no,2019-10-13,15000,0,2025-03-13,post,https://www.facebook.com/share/p/1ATpeVDnKz/,44,8,297,0,0,0,0,0,0,0,"COMPARTIR
SE BUSCA FEMINICIDA PROFUGO !!!
#F… Ver más"
Víctimas de Feminicidio e Infanticidio Bolivia ,https://www.facebook.com/profile.php?id=100064532303161,no,2019-10-13,15000,0,2025-03-14,post,https://www.facebook.com/share/p/1A1c1Fk7GB/,85,25,316,0,0,0,0,0,0,0,"COMPARTIR 
SE BUSCA A JOSE MIGUEL MOLINA ROJAS ACUSADO DE ASESINAR A SU PAREJA DE TAN SOLO 14 AÑOS, ADEMAS DE SER FEMINICIDA TAMBIEN COMETIO ESTUPRO CON UNA MENOR.… Ver más"
Víctimas de Feminicidio e Infanticidio Bolivia ,https://www.facebook.com/profile.php?id=100064532303161,no,2019-10-13,15000,0,2025-03-14,post,https://www.facebook.com/share/p/16pKGFHEv4/,2,0,2,0,0,0,0,0,0,0,
Víctimas de Feminicidio e Infanticidio Bolivia ,https://www.facebook.com/profile.php?id=100064532303161,no,2019-10-13,15000,0,2025-03-14,post,https://www.facebook.com/share/v/1Q3yAh3Qw8/,23,14,131,0,0,0,0,0,0,0,"FEMINICIDIO SEGUIDO DE SUICIDIO 
SARGENTO DE LA POLICÍA ASESINA A SU PAREJA Y LUEGO SE QUITA LA VIDA… Ver más"
Víctimas de Feminicidio e Infanticidio Bolivia ,https://www.facebook.com/profile.php?id=100064532303161,no,2019-10-13,15000,0,2025-03-26,post,https://www.facebook.com/share/p/1AZZfHYL2h/,1,0,4,0,0,0,0,0,0,0,
Víctimas de Feminicidio e Infanticidio Bolivia ,https://www.facebook.com/profile.php?id=100064532303161,no,2019-10-13,15000,0,2025-03-27,post,https://www.facebook.com/share/v/19LKWf8pen/,180,83,511,0,0,0,0,0,0,0,"TENTATIVA DE FEMINICIDIO 
#COMPARTIR … Ver más"
Víctimas de Feminicidio e Infanticidio Bolivia ,https://www.facebook.com/profile.php?id=100064532303161,no,2019-10-13,15000,0,2025-03-28,post,https://www.facebook.com/share/p/1ASbMZXup3/,54,22,230,0,0,0,0,0,0,0,#COCHABAMBA: CAPTURAN AL COBARDE QUE APUÑALÓ A SU ESPOSA DELANTE DE SUS PEQUEÑOS  HIJOS… Ver más
Víctimas de Feminicidio e Infanticidio Bolivia ,https://www.facebook.com/profile.php?id=100064532303161,no,2019-10-13,15000,0,2025-03-29,post,https://www.facebook.com/share/v/1ASn7qmxqh/,18,3,63,0,0,0,0,0,0,0,JOVEN PERIODISTA MUJER SE HABRÍA SU!C!DAD0  POR CASO DE VIOLACIÓN… Ver más
Víctimas de Feminicidio e Infanticidio Bolivia ,https://www.facebook.com/profile.php?id=100064532303161,no,2019-10-13,15000,0,2025-03-30,post,https://www.facebook.com/share/p/16SfwLkkfg/,8,3,36,0,0,0,0,0,0,0,
Víctimas de Feminicidio e Infanticidio Bolivia ,https://www.facebook.com/profile.php?id=100064532303161,no,2019-10-13,15000,0,2025-03-30,post,https://www.facebook.com/share/p/19EnpJDjzR/,25,3,64,0,0,0,0,0,0,0,"""El FEMINICIDIO es violencia estatal - El FEMICIDIO es violencia extrema que termina con la vida de una mujer por el hecho de serlo""
La dolorosa muerte de NADIA se cons… Ver más"
Víctimas de Feminicidio e Infanticidio Bolivia ,https://www.facebook.com/profile.php?id=100064532303161,no,2019-10-13,15000,0,2025-04-01,post,https://www.facebook.com/share/p/19UHLLAXM9/,122,6,129,0,0,0,0,0,0,0,"COMPARTIR 
SE BUSCA A VIOLENTO Y COBARDE  MACHISTA MARCO ANTONIO AGUIRRE BERRIOS, EL SUJETO QUE AGREDIÓ BRUTALMENTE A SU PAREJA EN EL EDIFICIO “EL PRADO”… Ver más"
Víctimas de Feminicidio e Infanticidio Bolivia ,https://www.facebook.com/profile.php?id=100064532303161,no,2019-10-13,15000,0,2025-04-02,post,https://www.facebook.com/share/p/1Z8JR5DEbs/,75,55,177,0,0,0,0,0,0,0,"EL PRINCIPAL SINDICADO DE ABUSO SEXUAL A UN NIÑO DE 12 AÑOS EN EL COLEGIO ALEMAN SEBASTIÁN DELIUS SE ENCUENTRA EN SUELO BOLIVIANO, Y SU FAMILIA LO RECIBE CON CARTELES S… Ver más"
Víctimas de Feminicidio e Infanticidio Bolivia ,https://www.facebook.com/profile.php?id=100064532303161,no,2019-10-13,15000,0,2025-04-03,post,https://www.facebook.com/share/p/1AvSrEVXjj/,158,13,162,0,0,0,0,0,0,0,"Ël es ALVARO ALEX VALERO LAURA, el fotoperiodista que VI0LÓ y que luego provocó la MUERTE de la periodista Nadia. 
Hay una cómplice: se llama Nataly Navia Canaviri. Ell… Ver más"
Víctimas de Feminicidio e Infanticidio Bolivia ,https://www.facebook.com/profile.php?id=100064532303161,no,2019-10-13,15000,0,2025-04-04,post,https://www.facebook.com/share/p/1BxsmfbewD/,140,18,244,0,0,0,0,0,0,0,WALTER IVAN MONTIYA OTRO VIOLENTO MACHISTA… Ver más
Víctimas de Feminicidio e Infanticidio Bolivia ,https://www.facebook.com/profile.php?id=100064532303161,no,2019-10-13,15000,0,2025-04-05,post,https://www.facebook.com/share/p/1ESKNcFymq/,18,10,83,0,0,0,0,0,0,0,"FEMINICIDIO 
ADOLESCENTE TERMINÓ CON LA VIDA DE JENIFE LA VICTIMA DEJA UN MENOR EN ORFANDAD… Ver más"
Víctimas de Feminicidio e Infanticidio Bolivia ,https://www.facebook.com/profile.php?id=100064532303161,no,2019-10-13,15000,0,2025-04-10,post,https://www.facebook.com/share/p/16hwAa4qcz/,31,2,103,0,0,0,0,0,0,0,UN TIO ABUSO DE SU SOBRINA MENOR Y FUE ENTERRADA EN UN PATIO DE LA ZONA HUAYNA POTOSÍ.… Ver más
Víctimas de Feminicidio e Infanticidio Bolivia ,https://www.facebook.com/profile.php?id=100064532303161,no,2019-10-13,15000,0,2025-05-11,post,https://www.facebook.com/share/p/19LpBUQtLA/,14,1,84,0,0,0,0,0,0,0,FEMINICIDIO EN COTOCA SANTA CRUZ… Ver más
Víctimas de Feminicidio e Infanticidio Bolivia ,https://www.facebook.com/profile.php?id=100064532303161,no,2019-10-13,15000,0,2025-05-27,post,https://www.facebook.com/share/p/1P2jYNrVZj/,16,0,71,0,0,0,0,0,0,0,"Velan los restos del niño Demian, quien fue encontrado sin vida; familiares buscan a la madre del menor y  las investigaciones apuntan al padre biológico como el autor … Ver más"
Víctimas de Feminicidio e Infanticidio Bolivia ,https://www.facebook.com/profile.php?id=100064532303161,no,2019-10-13,15000,0,2025-06-09,post,https://www.facebook.com/share/p/1BepbA2Q8K/,6,0,36,0,0,0,0,0,0,0,"FEMINICIDIO EN LA PAZ
LA VICTIMA UNA JOVEN UNIVERSITARIA DE NACIONALIDAD PERUANA.… Ver más"
Víctimas de Feminicidio e Infanticidio Bolivia ,https://www.facebook.com/profile.php?id=100064532303161,no,2019-10-13,15000,0,2025-06-09,post,https://www.facebook.com/share/p/16ck3TXDBp/,11,0,52,0,0,0,0,0,0,0,"FEMINICIDIO LA PAZ
ENCUENTRAN EN UNA BOLSA, RESTOS DE UNA MUJER QUE FUE DESCUARTIZADA EN LA AVENIDA PERIFÉRICA DE LA PAZ… Ver más"
Víctimas de Feminicidio e Infanticidio Bolivia ,https://www.facebook.com/profile.php?id=100064532303161,no,2019-10-13,15000,0,2025-06-09,post,https://www.facebook.com/share/p/1Eg8kjh8ez/,14,17,66,0,0,0,0,0,0,0,FEMINICIDIO EN WARNES SANTA CRUZ… Ver más
Víctimas de Feminicidio e Infanticidio Bolivia ,https://www.facebook.com/profile.php?id=100064532303161,no,2019-10-13,15000,0,2025-06-09,post,https://www.facebook.com/share/p/16SkygF2GS/,0,4,18,0,0,0,0,0,0,0,"36 FEMINICIDIOS
LA VIOLENCIA MACHISTA SE APODERE MÁS DE NUESTRAS VIDAS."
