nombre perfil,url perfil,snapshot_date,creación del perfil,candidato identificado,seguidores,seguidos,fecha post,tipo de post,url post,comparticiones,comentarios,reacciones en total,me gusta,me encanta,me divierte,me entristece,me sorprende,me enoja,me importa,contenido
Silvana Mucarzel,https://www.facebook.com/silvanamucarzelconcejal,2025-05-22,2021-01-29,no,8100,87,2025-05-15,post,https://www.facebook.com/share/p/1NbxWDxiEF/,5,6,,56,1,0,0,0,0,0,"Que tu sí sea sí y tu no, sea no, para que no sean condenados 
 les dejo con este lindo versículo lleno de sabiduría."
Silvana Mucarzel,https://www.facebook.com/silvanamucarzelconcejal,2025-05-23,2021-01-29,no,8100,87,2025-05-20,post,https://www.facebook.com/share/v/15LnZ1169P/,32,85,,0,0,0,0,0,0,0,"SOMOS PROTAGONISTAS EN LAS PRÓXIMAS ELECCIONES NACIONALES, REPRESENTANDO A SANTA CRUZ.                                                              Haber sido designada… Ver más"
Silvana Mucarzel,https://www.facebook.com/silvanamucarzelconcejal,2025-05-23,2021-01-29,no,8100,87,2025-05-20,post,https://www.facebook.com/share/p/191R6TfaSN/,1,3,,0,0,0,0,0,0,0,
Silvana Mucarzel,https://www.facebook.com/silvanamucarzelconcejal,2025-05-22,2021-01-29,no,8100,87,2025-05-20,post,https://www.facebook.com/share/v/1BzUQEg9zU/,30,80,,0,0,0,0,0,0,0,"SOMOS PROTAGONISTAS EN LAS PRÓXIMAS ELECCIONES NACIONALES, REPRESENTANDO A SANTA CRUZ.                                                              Haber sido designada… Ver más"
Silvana Mucarzel,https://www.facebook.com/silvanamucarzelconcejal,2025-05-23,2021-01-29,no,8100,87,2025-05-20,post,https://www.facebook.com/share/p/1AdTfuJvqD/,3,4,,23,4,1,1,0,0,3,
Silvana Mucarzel,https://www.facebook.com/silvanamucarzelconcejal,2025-05-22,2021-01-29,no,8100,87,2025-05-20,post,https://www.facebook.com/share/v/18pQUeM1Zy/,279,63,,0,0,0,0,0,0,0,"En el Cordón Ecológico, los avasallamientos continúan. Junto con los concejales hemos visto que existe más deforestación, tala de árboles y ocupación ilegal de espacios… Ver más"
Silvana Mucarzel,https://www.facebook.com/silvanamucarzelconcejal,2025-05-23,2021-01-29,no,8100,87,2025-05-22,post,not-found-post-url-472251,0,0,,4,0,0,0,0,0,0,
Silvana Mucarzel,https://www.facebook.com/silvanamucarzelconcejal,2025-05-22,2021-01-29,no,8100,87,2025-05-22,post,not-found-post-url-87307,0,0,,0,0,0,0,0,0,0,
Silvana Mucarzel,https://www.facebook.com/silvanamucarzelconcejal,2025-05-23,2021-01-29,no,8100,87,2025-05-22,post,not-found-post-url-168490,0,0,,8,1,0,0,0,0,2,
Silvana Mucarzel,https://www.facebook.com/silvanamucarzelconcejal,2025-05-23,2021-01-29,no,8100,87,2025-05-22,post,https://www.facebook.com/share/p/1BbW9WCXvX/,11,7,,0,0,0,0,0,0,0,
Silvana Mucarzel,https://www.facebook.com/silvanamucarzelconcejal,2025-05-23,2021-01-29,no,8100,87,2025-05-22,post,https://www.facebook.com/share/v/16UxvRzhRf/,3,4,,21,4,0,0,2,1,0,"LUCHAREMOS POR EL EDIFICIO DE LA BRIGADA PARLAMENTARIAJunto con nuestros representantes nacionales, fuimos parte de una inspección al edificio de la Brigada Parlamentar… Ver más"
Silvana Mucarzel,https://www.facebook.com/silvanamucarzelconcejal,2025-05-23,2021-01-29,no,8100,87,2025-05-22,post,not-found-post-url--485605,0,0,,0,0,0,0,0,0,0,"Te esperamos!!!!!
es con hechos !"
Silvana Mucarzel,https://www.facebook.com/silvanamucarzelconcejal,2025-05-23,2021-01-29,no,8100,87,2025-05-23,post,https://www.facebook.com/share/p/199B3J9P8x/,36,60,,0,0,0,0,0,0,0,"SE HIZO JUSTICIA. AUTORIDAD CONSTITUCIONAL NIEGA LA TUTELA A CONCEJALES QUE BUSCABAN TITULARIDAD 
Hoy se hizo justicia! Se realizó una audiencia de acción constituciona… Ver más"
Silvana Mucarzel,https://www.facebook.com/silvanamucarzelconcejal,2025-06-02,2021-01-29,no,8100,87,2025-05-26,post,https://www.facebook.com/share/p/16b9mNPmUj/,10,14,,0,0,0,0,0,0,0,"MERECIDO RECONOCIMIENTO A VLADIMIR PEÑA, EN EL CONCEJO MUNICIPAL … Ver más"
Silvana Mucarzel,https://www.facebook.com/silvanamucarzelconcejal,2025-06-02,2021-01-29,no,8100,87,2025-05-27,post,https://www.facebook.com/share/p/15xu8NpZyh/,3,6,,55,26,0,0,0,0,3,"¡Feliz Día de la Madre! 
En este día tan especial quiero expresar mi profunda admiración a cada una de las madres de nuestra querida Santa Cruz, que día a día luchan i… Ver más"
Silvana Mucarzel,https://www.facebook.com/silvanamucarzelconcejal,2025-06-02,2021-01-29,no,8100,87,2025-05-28,post,https://www.facebook.com/share/p/1AdQVC4iw5/,23,5,,91,3,0,0,14,2,0,"Al conocer que mi firma fue falsificada en tres recibos de aportes de UCS, envié una solicitud al Tribunal Supremo Electoral (TSE), para que certifiquen si estos fueron… Ver más"
Silvana Mucarzel,https://www.facebook.com/silvanamucarzelconcejal,2025-06-09,2021-01-29,no,8100,87,2025-06-04,post,https://www.facebook.com/share/p/16FjANUBR8/,9,20,90,74,9,2,1,2,0,2,"NUESTRA VERDAD ANTE LA DESINFORMACIÓN, SEGUIMOS EN CARRERA! (HAY ALGUNOS QUE ESTÁN NERVIOSOS
)
En las últimas horas, algunos oficiosos se dieron a la tarea de hacer cir… Ver más"
Silvana Mucarzel,https://www.facebook.com/silvanamucarzelconcejal,2025-06-09,2021-01-29,no,8100,87,2025-06-05,post,https://www.facebook.com/share/p/1J44r1FQBL/,1,0,11,11,0,0,0,0,0,0,
Silvana Mucarzel,https://www.facebook.com/silvanamucarzelconcejal,2025-06-24,2021-01-29,no,8100,87,2025-06-16,post,https://www.facebook.com/share/p/16SyKo9aBd/,9,7,46,42,3,1,0,0,0,0,"¡Vamos a transformar Bolivia! 
 
Para… Ver más"
Silvana Mucarzel,https://www.facebook.com/silvanamucarzelconcejal,2025-06-24,2021-01-29,no,8100,87,2025-06-17,post,https://www.facebook.com/share/p/16b3hwA2b6/,9,21,125,100,21,2,0,0,1,1,"¡Sumate para transformar Bolivia! 
 
So… Ver más"
Silvana Mucarzel,https://www.facebook.com/silvanamucarzelconcejal,2025-06-24,2021-01-29,no,8100,87,2025-06-17,post,https://www.facebook.com/share/p/19Hkvg2Jmo/,8,5,61,49,12,0,0,0,0,0,"¡FISCALIZAR ES PRIORIDAD! 
D… Ver más"
Silvana Mucarzel,https://www.facebook.com/silvanamucarzelconcejal,2025-06-24,2021-01-29,no,8100,87,2025-06-20,post,https://www.facebook.com/share/p/1En56PoNrm/,11,19,115,89,19,2,1,0,1,3,¡Súmate al equipo!… Ver más
Silvana Mucarzel,https://www.facebook.com/silvanamucarzelconcejal,2025-06-24,2021-01-29,no,8100,87,2025-06-20,post,https://www.facebook.com/share/p/1ZnyKxxffc/,1,0,18,13,4,1,0,0,0,0,
Silvana Mucarzel,https://www.facebook.com/silvanamucarzelconcejal,2025-06-24,2021-01-29,no,8100,87,2025-06-23,post,https://www.facebook.com/share/p/1JT4uJdJtD/,1,1,6,4,2,0,0,0,0,0,Ratificamos nuestra posición! 
Silvana Mucarzel,https://www.facebook.com/silvanamucarzelconcejal,2025-06-24,2021-01-29,no,8100,87,2025-06-24,post,https://www.facebook.com/share/p/1AYUxWTunr/,4,4,25,19,6,0,0,0,0,0,"Estamos atendiendo los requerimientos de la ciudad porque cada día se evidencia la mala gestión del Ejecutivo municipal.
No vamos a permitir que la corrupción y la inop… Ver más"
