nombre perfil,url perfil,candidato identificado,creación del perfil,seguidores,seguidos,fecha post,tipo de post,url post,comparticiones,comentarios,reacciones en total,me gusta,me encanta,me divierte,me entristece,me sorprende,me enoja,me importa,contenido
DALVA LORGIA CESAR REYES,https://www.facebook.com/dalva.cesar.reyes,no,,6900,0,2025-07-22,post,https://www.facebook.com/share/p/16oZ3E2VhC/,1,0,7,7,0,0,0,0,0,0,"Una grata sorpresa querida Tatiana Castro, hay abrazos que reconfortan y éste encuentro fue uno de ellos. "
DALVA LORGIA CESAR REYES,https://www.facebook.com/dalva.cesar.reyes,no,,6900,0,2025-07-22,post,https://www.facebook.com/share/p/1CGiwcZdk5/,3,0,15,13,2,0,0,0,0,0,"""Hoy seguimos recorriendo nuestras calles, casa por casa, barrio por barrio, llevando el mensaje de esperanza y cambio para nuestra Circunscripción 48. Estuve en el 2 d… Ver más"
DALVA LORGIA CESAR REYES,https://www.facebook.com/dalva.cesar.reyes,no,,6900,0,2025-07-24,post,https://www.facebook.com/share/p/1BH9mJ9eA8/,34,3,24,24,0,0,0,0,0,0,"""Casa por casa, barrio por barrio, llevando un mensaje de cambio y esperanza. ¡Gracias Plan 3000 por su fuerza y cariño! #VienenTiemposMejores"" #PDC #PazLara
#DalvaDipu… Ver más"
DALVA LORGIA CESAR REYES,https://www.facebook.com/dalva.cesar.reyes,no,,6900,0,2025-07-26,post,https://www.facebook.com/share/v/19fKrT1uHY/,18,2,22,17,5,0,0,0,0,0,#plan3000condalva #VienenTiemposMejores #pazlara #PDC
DALVA LORGIA CESAR REYES,https://www.facebook.com/dalva.cesar.reyes,no,,6900,0,2025-07-28,post,https://www.facebook.com/share/p/172ruUU4wM/,4,2,27,24,3,0,0,0,0,0,"¡Hola, mi gente linda de la C48! Empezamos la semana con fe, con fuerza, con esperanza. Sé que estamos cansados de promesas vacías… pero yo no vengo a prometer, vengo a… Ver más"
DALVA LORGIA CESAR REYES,https://www.facebook.com/dalva.cesar.reyes,no,,6900,0,2025-07-29,post,https://www.facebook.com/share/v/1He42Muin6/,1,3,14,12,1,0,0,0,0,1,"Está campaña no tiene millones, pero tiene corazón, compromiso y verdad. 
#plan3000condalva #esperanza #C48 #richardsuplentec48 #PDC #pazlara"
