nombre perfil,url perfil,candidato identificado,creación del perfil,seguidores,seguidos,fecha post,tipo de post,url post,comparticiones,comentarios,reacciones en total,me gusta,me encanta,me divierte,me entristece,me sorprende,me enoja,me importa,contenido
MARILU EUGENIA RAMOS MAMANI,https://www.facebook.com/maria.eugenia.ramos.mamani.2025,sí,,0,0,2025-07-05,post,https://www.facebook.com/share/p/19ecSP7Aqh/,0,0,1,0,0,1,0,0,0,0,
MARILU EUGENIA RAMOS MAMANI,https://www.facebook.com/maria.eugenia.ramos.mamani.2025,sí,,0,0,2025-07-05,post,https://www.facebook.com/share/p/1NqUGG8iER/,0,0,0,0,0,0,0,0,0,0,
MARILU EUGENIA RAMOS MAMANI,https://www.facebook.com/maria.eugenia.ramos.mamani.2025,sí,,0,0,2025-07-05,post,https://www.facebook.com/maria.eugenia.ramos.mamani.2025/posts/pfbid02Lp9vyTotZwcAniUK9pwKqe3d8a9Shpk6Fm75Qtj4ezfSegnrVGD8p8VRm9ZUdxhjl,0,0,0,0,0,0,0,0,0,0,
MARILU EUGENIA RAMOS MAMANI,https://www.facebook.com/maria.eugenia.ramos.mamani.2025,sí,,0,0,2025-07-06,post,https://www.facebook.com/share/p/18v8ZNFMUP/,0,0,0,0,0,0,0,0,0,0,
MARILU EUGENIA RAMOS MAMANI,https://www.facebook.com/maria.eugenia.ramos.mamani.2025,sí,,0,0,2025-07-06,post,https://www.facebook.com/share/p/1AoLJfr1WZ/,0,0,0,0,0,0,0,0,0,0,
MARILU EUGENIA RAMOS MAMANI,https://www.facebook.com/maria.eugenia.ramos.mamani.2025,sí,,0,0,2025-07-06,post,https://www.facebook.com/share/p/1689d8BhXB/,0,0,0,0,0,0,0,0,0,0,
MARILU EUGENIA RAMOS MAMANI,https://www.facebook.com/maria.eugenia.ramos.mamani.2025,sí,,0,0,2025-07-06,post,https://www.facebook.com/share/p/19JtDbZXiy/,0,0,0,0,0,0,0,0,0,0,
MARILU EUGENIA RAMOS MAMANI,https://www.facebook.com/maria.eugenia.ramos.mamani.2025,sí,,0,0,2025-07-06,post,https://www.facebook.com/share/p/198iXG9vLB/,0,0,0,0,0,0,0,0,0,0,
MARILU EUGENIA RAMOS MAMANI,https://www.facebook.com/maria.eugenia.ramos.mamani.2025,sí,,0,0,2025-07-06,post,https://www.facebook.com/share/p/1AqgNqhEE8/,0,0,0,0,0,0,0,0,0,0,
MARILU EUGENIA RAMOS MAMANI,https://www.facebook.com/maria.eugenia.ramos.mamani.2025,sí,,0,0,2025-07-06,post,https://www.facebook.com/maria.eugenia.ramos.mamani.2025/posts/pfbid02LrEHFK9cCtRyLPwXJmKkDREzUiXw81RLr7c2GX3nu7vv7zrW762JXPbmt8DZbp1dl,0,0,0,0,0,0,0,0,0,0,
MARILU EUGENIA RAMOS MAMANI,https://www.facebook.com/maria.eugenia.ramos.mamani.2025,sí,,0,0,2025-07-06,post,https://www.facebook.com/share/p/1AwaRsBq68/,0,0,0,0,0,0,0,0,0,0,
MARILU EUGENIA RAMOS MAMANI,https://www.facebook.com/maria.eugenia.ramos.mamani.2025,sí,,0,0,2025-07-06,post,https://www.facebook.com/maria.eugenia.ramos.mamani.2025/posts/pfbid02rCbaQVxVdZgRMTh9jW15w7mKrtKLaeSAtDVv1FT33iiwdyBV9NR3DioDsP2ATGsKl,0,0,0,0,0,0,0,0,0,0,
MARILU EUGENIA RAMOS MAMANI,https://www.facebook.com/maria.eugenia.ramos.mamani.2025,sí,,0,0,2025-07-06,post,https://www.facebook.com/share/p/12Ku7drpDoQ/,0,0,0,0,0,0,0,0,0,0,
MARILU EUGENIA RAMOS MAMANI,https://www.facebook.com/maria.eugenia.ramos.mamani.2025,sí,,0,0,2025-07-06,post,https://www.facebook.com/share/p/16s86FXnST/,0,0,0,0,0,0,0,0,0,0,
MARILU EUGENIA RAMOS MAMANI,https://www.facebook.com/maria.eugenia.ramos.mamani.2025,sí,,0,0,2025-07-06,post,https://www.facebook.com/share/p/1LeAyrsuPq/,0,0,0,0,0,0,0,0,0,0,
MARILU EUGENIA RAMOS MAMANI,https://www.facebook.com/maria.eugenia.ramos.mamani.2025,sí,,0,0,2025-07-06,post,https://www.facebook.com/share/p/16KBKS3XZW/,0,0,0,0,0,0,0,0,0,0,
MARILU EUGENIA RAMOS MAMANI,https://www.facebook.com/maria.eugenia.ramos.mamani.2025,sí,,0,0,2025-07-06,post,https://www.facebook.com/share/p/1JuZE3A7hT/,0,0,0,0,0,0,0,0,0,0,
MARILU EUGENIA RAMOS MAMANI,https://www.facebook.com/maria.eugenia.ramos.mamani.2025,sí,,0,0,2025-07-06,post,https://www.facebook.com/share/p/1CMTtQr1iS/,0,0,0,0,0,0,0,0,0,0,
MARILU EUGENIA RAMOS MAMANI,https://www.facebook.com/maria.eugenia.ramos.mamani.2025,sí,,0,0,2025-07-06,post,https://www.facebook.com/share/p/1EuwJ6ZU9M/,0,0,0,0,0,0,0,0,0,0,
MARILU EUGENIA RAMOS MAMANI,https://www.facebook.com/maria.eugenia.ramos.mamani.2025,sí,,0,0,2025-07-06,post,https://www.facebook.com/share/p/1AnEZ1e7zt/,0,0,0,0,0,0,0,0,0,0,
MARILU EUGENIA RAMOS MAMANI,https://www.facebook.com/maria.eugenia.ramos.mamani.2025,sí,,0,0,2025-07-06,post,https://www.facebook.com/share/p/1L8ohKCzJZ/,0,0,0,0,0,0,0,0,0,0,
MARILU EUGENIA RAMOS MAMANI,https://www.facebook.com/maria.eugenia.ramos.mamani.2025,sí,,0,0,2025-07-06,post,https://www.facebook.com/share/p/1Ds15qjsJh/,0,0,0,0,0,0,0,0,0,0,
MARILU EUGENIA RAMOS MAMANI,https://www.facebook.com/maria.eugenia.ramos.mamani.2025,sí,,0,0,2025-07-06,post,https://www.facebook.com/share/p/15aeDeu9WX/,0,0,2,1,1,0,0,0,0,0,
MARILU EUGENIA RAMOS MAMANI,https://www.facebook.com/maria.eugenia.ramos.mamani.2025,sí,,0,0,2025-07-06,post,https://www.facebook.com/share/p/19vgnE5FjC/,0,0,0,0,0,0,0,0,0,0,
MARILU EUGENIA RAMOS MAMANI,https://www.facebook.com/maria.eugenia.ramos.mamani.2025,sí,,0,0,2025-07-06,post,https://www.facebook.com/share/p/15WtwZmdNM/,0,0,0,0,0,0,0,0,0,0,
MARILU EUGENIA RAMOS MAMANI,https://www.facebook.com/maria.eugenia.ramos.mamani.2025,sí,,0,0,2025-07-06,post,https://www.facebook.com/share/p/14DuLxdPHZa/,0,0,0,0,0,0,0,0,0,0,
MARILU EUGENIA RAMOS MAMANI,https://www.facebook.com/maria.eugenia.ramos.mamani.2025,sí,,0,0,2025-07-07,post,https://www.facebook.com/share/p/19Bek8f8Mm/,0,0,0,0,0,0,0,0,0,0,
MARILU EUGENIA RAMOS MAMANI,https://www.facebook.com/maria.eugenia.ramos.mamani.2025,sí,,0,0,2025-07-07,post,https://www.facebook.com/share/p/1AYGqxcDL7/,0,0,0,0,0,0,0,0,0,0,
MARILU EUGENIA RAMOS MAMANI,https://www.facebook.com/maria.eugenia.ramos.mamani.2025,sí,,0,0,2025-07-07,post,https://www.facebook.com/share/p/1ELpCpQpAT/,0,0,0,0,0,0,0,0,0,0,
