nombre perfil,url perfil,creación del perfil,seguidores,seguidos,fecha post,url post,comparticiones,reacciones en total,me gusta,me encanta,me divierte,me entristece,me sorprende,me enoja,me importa,contenido
YENNY NADYA CLADERA SAENZ,https://www.facebook.com/yenny.claderasaenz/,,0,0,2025-05-31,https://www.facebook.com/share/p/1HVFSq87fr/,0,38,28,10,0,0,0,0,0,"Esta semana nos visitó en el INSTITUTO DE GASTROENTEROLOGÍA BOLIVIANO - JAPONÉS de Cochabamba, el Dr. CHAKRADHAR REDDY ,especialista en Gastroenterología y Hepatología ,de origen hindú, procedente de la Universidad de Miami, Florida, quién impartió varias conferencias magistrales sobre temas de actualidad en nuestra práctica diaria.
En el marco de esta visita también se desarrolló una importante reunión para establecer futuros nexos de colaboración interinstitucional en el ám… Ver más"
YENNY NADYA CLADERA SAENZ,https://www.facebook.com/yenny.claderasaenz/,,0,0,2025-05-31,https://www.facebook.com/share/v/1AWbQMVb55/,1,32,27,4,0,0,0,0,1,"Los bolivianos estamos cansados de este Estado indolente, ineficiente y  perverso que persigue a los emprendedores ,castigando el esfuerzo y la iniciativa privada. 
Los  bolivianos necesitamos un Estado amigable que promueva los emprendimientos,  ofreciendo un entorno favorable y seguridad jurídica para la iniciativa privada. Necesitamos un Estado eficiente y  facilitador  que remueva las trabas burocráticas ,que  no nos  asalte a través de  altísimos  impuestos  y  que más b… Ver más"
YENNY NADYA CLADERA SAENZ,https://www.facebook.com/yenny.claderasaenz/,,0,0,2025-06-02,https://www.facebook.com/share/p/1Dv8DA8VCV/,7,29,22,2,2,0,2,1,0,"EL ""OUT SIDER"" NO FIGURA EN LA ENCUESTA DE UNITEL.
ES SEÑAL DE QUE INCOMODA AL SISTEMA Y QUE :
¡ LA LIBERTAD AVANZA !"
YENNY NADYA CLADERA SAENZ,https://www.facebook.com/yenny.claderasaenz/,,0,0,2025-06-03,https://www.facebook.com/share/p/16Koj2rD1c/,1,11,10,0,1,0,0,0,0,EL FRAUDE ELECTORAL COMIENZA DESDE EL MOMENTO EN EL QUE SE PUBLICAN ENCUESTAS TRUCHAS .
