nombre perfil,url perfil,snapshot_date,creación del perfil,candidato identificado,seguidores,seguidos,fecha post,tipo de post,url post,comparticiones,comentarios,reacciones en total,me gusta,me encanta,me divierte,me entristece,me sorprende,me enoja,me importa,contenido
MARLENE FERNANDEZ MEJIAS,https://www.facebook.com/profile.php?id=61570246115119,2025-06-05,2024-12-10,sí,58,0,2025-01-31,post,https://www.facebook.com/share/p/1C5jJiHQC4/,3,0,5,5,0,0,0,0,0,0,"Emotivo reconocimiento a nuestros maestros rurales de Alcalá ‍
Hoy celebramos con profunda gratitud la invaluable labor de los maestros rurales de nuestro municipio de … Ver más"
MARLENE FERNANDEZ MEJIAS,https://www.facebook.com/profile.php?id=61570246115119,2025-06-05,2024-12-10,sí,58,0,2025-02-02,post,https://www.facebook.com/share/p/1AUd9sXAZo/,0,0,1,1,0,0,0,0,0,0,
MARLENE FERNANDEZ MEJIAS,https://www.facebook.com/profile.php?id=61570246115119,2025-06-05,2024-12-10,sí,58,0,2025-02-09,post,https://www.facebook.com/share/p/1XG27ja7eW/,0,0,2,2,0,0,0,0,0,0,"¡Feliz Aniversario, Oruro!
Hoy celebramos la historia y el legado de Oruro. Ciudad minera, crisol de culturas y cuna de grandes hombres y mujeres.… Ver más"
MARLENE FERNANDEZ MEJIAS,https://www.facebook.com/profile.php?id=61570246115119,2025-06-05,2024-12-10,sí,58,0,2025-02-12,post,https://www.facebook.com/share/p/1Aijys4z5i/,1,0,1,1,0,0,0,0,0,0,"¡Emoción y aprendizaje van de la mano!
Hoy, en la Comisión de Educación y Salud, dimos un paso clave: ¡Buscamos un psicólogo para cada unidad educativa!… Ver más"
MARLENE FERNANDEZ MEJIAS,https://www.facebook.com/profile.php?id=61570246115119,2025-06-05,2024-12-10,sí,58,0,2025-02-17,post,https://www.facebook.com/share/p/1BzewzW9Wz/,1,0,0,0,0,0,0,0,0,0,"Hoy nos reunimos para abordar un tema fundamental: la construcción del hospital de segundo nivel que tanto anhelamos en Padilla.
Como diputada nacional, mi prioridad es… Ver más"
MARLENE FERNANDEZ MEJIAS,https://www.facebook.com/profile.php?id=61570246115119,2025-06-05,2024-12-10,sí,58,0,2025-02-21,post,https://www.facebook.com/share/p/1E9yThBPEY/,1,3,3,1,2,0,0,0,0,0,
MARLENE FERNANDEZ MEJIAS,https://www.facebook.com/profile.php?id=61570246115119,2025-06-05,2024-12-10,sí,58,0,2025-02-26,post,https://www.facebook.com/share/p/19kKyDmUnL/,1,0,2,0,2,0,0,0,0,0,"Hoy, como diputada nacional, tuve el honor de entregar un merecido homenaje camaral a la Facultad de Ciencias Tecnológicas de la Universidad San Francisco Xavier de Chu… Ver más"
MARLENE FERNANDEZ MEJIAS,https://www.facebook.com/profile.php?id=61570246115119,2025-06-05,2024-12-10,sí,58,0,2025-03-12,post,https://www.facebook.com/share/p/1ZHvjTGyF4/,1,0,2,2,0,0,0,0,0,0,"Hoy sostuvimos una importante reunión con Eunju Cha, Directora Nacional de KOICA en Bolivia (Agencia de Cooperación Internacional de Corea).
En la actual coyuntura, la … Ver más"
MARLENE FERNANDEZ MEJIAS,https://www.facebook.com/profile.php?id=61570246115119,2025-06-05,2024-12-10,sí,58,0,2025-03-13,post,https://www.facebook.com/share/p/1a7iq79ZbQ/,3,0,3,2,1,0,0,0,0,0,"¡𝐍𝐨 𝐩𝐨𝐝𝐞𝐦𝐨𝐬 𝐞𝐬𝐩𝐞𝐫𝐚𝐫 𝐦𝐚́𝐬! ¡𝐋𝐚 𝐃𝐢𝐚𝐠𝐨𝐧𝐚𝐥 𝐉𝐚𝐢𝐦𝐞 𝐌𝐞𝐧𝐝𝐨𝐳𝐚 𝐞𝐬 𝐮𝐧𝐚 𝐩𝐫𝐢𝐨𝐫𝐢𝐝𝐚𝐝!
Hoy nos reunimos con Antonio Mullisaca Díaz, Viceministro de Inversión Pública y Financiamiento E… Ver más"
MARLENE FERNANDEZ MEJIAS,https://www.facebook.com/profile.php?id=61570246115119,2025-06-05,2024-12-10,sí,58,0,2025-03-21,post,https://www.facebook.com/share/p/19dJEEd8Fy/,5,0,2,1,0,0,1,0,0,0,"Con profundo pesar, lamento la partida de una gran padillense. Su amor por nuestras tradiciones y gastronomía deja un vacío enorme, pero su legado perdurará en cada sab… Ver más"
MARLENE FERNANDEZ MEJIAS,https://www.facebook.com/profile.php?id=61570246115119,2025-06-05,2024-12-10,sí,58,0,2025-03-21,post,https://www.facebook.com/share/p/18rp5AZM5p/,2,0,0,0,0,0,0,0,0,0,"Hoy es un día especial, un día para celebrar 15 años de dedicación, esfuerzo y logros en la formación de profesionales de la salud. … Ver más"
MARLENE FERNANDEZ MEJIAS,https://www.facebook.com/profile.php?id=61570246115119,2025-06-05,2024-12-10,sí,58,0,2025-03-23,post,https://www.facebook.com/share/p/16brFKkEso/,1,0,0,0,0,0,0,0,0,0,"En este día de profunda reflexión, recordamos con fervor nuestro derecho irrenunciable al mar. Un anhelo que nos une como nación y que permanece vivo en el corazón de c… Ver más"
MARLENE FERNANDEZ MEJIAS,https://www.facebook.com/profile.php?id=61570246115119,2025-06-05,2024-12-10,sí,58,0,2025-04-03,post,https://www.facebook.com/share/p/16c499CRQb/,1,0,3,3,0,0,0,0,0,0,"¡𝗜𝗺𝗽𝘂𝗹𝘀𝗮𝗻𝗱𝗼 𝗲𝗹 𝗱𝗲𝗽𝗼𝗿𝘁𝗲 𝘆 𝗽𝗿𝗼𝘁𝗲𝗴𝗶𝗲𝗻𝗱𝗼 𝗮 𝗾𝘂𝗶𝗲𝗻𝗲𝘀 𝗺𝗮́𝘀 𝗹𝗼 𝗻𝗲𝗰𝗲𝘀𝗶𝘁𝗮𝗻
Hoy, en la 3ra sesión ordinaria del Comité de Salud, Deportes y Recreación, analizamos dos proyectos d… Ver más"
MARLENE FERNANDEZ MEJIAS,https://www.facebook.com/profile.php?id=61570246115119,2025-06-05,2024-12-10,sí,58,0,2025-04-05,post,https://www.facebook.com/share/p/1BdZuVnQ3Y/,1,1,4,2,2,0,0,0,0,0,"Hoy, tuve el inmenso honor de participar y acompañar al Centro de Educación Especial del municipio de Padilla en su brillante participación en la segunda entrada cultur… Ver más"
MARLENE FERNANDEZ MEJIAS,https://www.facebook.com/profile.php?id=61570246115119,2025-06-05,2024-12-10,sí,58,0,2025-04-12,post,https://www.facebook.com/share/p/1D5J9hgnpz/,0,0,1,1,0,0,0,0,0,0,
MARLENE FERNANDEZ MEJIAS,https://www.facebook.com/profile.php?id=61570246115119,2025-06-05,2024-12-10,sí,58,0,2025-04-12,post,https://www.facebook.com/share/p/19B5VN7GxE/,1,0,2,2,0,0,0,0,0,0,"¡Feliz Día del Niño!
Hoy, mi corazón se llena de alegría al celebrar a cada uno de nuestros niños y niñas en Bolivia. Su sonrisa es la luz que ilumina nuestro presente … Ver más"
MARLENE FERNANDEZ MEJIAS,https://www.facebook.com/profile.php?id=61570246115119,2025-06-05,2024-12-10,sí,58,0,2025-04-28,post,https://www.facebook.com/share/p/16cxXE4MAQ/,2,0,3,2,1,0,0,0,0,0,"¡𝑬𝒙𝒄𝒆𝒍𝒆𝒏𝒕𝒆 𝒏𝒐𝒕𝒊𝒄𝒊𝒂 𝒑𝒂𝒓𝒂 𝑪𝒂𝒎𝒑𝒐 𝑹𝒆𝒅𝒐𝒏𝒅𝒐
Este fin de semana tuve el honor de acompañar y hacer entrega formal de la Personalidad Jurídica al Comité de Agua Potable y Sane… Ver más"
MARLENE FERNANDEZ MEJIAS,https://www.facebook.com/profile.php?id=61570246115119,2025-06-05,2024-12-10,sí,58,0,2025-05-01,post,https://www.facebook.com/share/p/1CGcdrh9ks/,0,0,1,1,0,0,0,0,0,0,"¡Feliz Día del Trabajador!
En este día de profunda reivindicación, envío un saludo fraterno y lleno de esperanza a cada hombre y mujer que con su esfuerzo diario constr… Ver más"
MARLENE FERNANDEZ MEJIAS,https://www.facebook.com/profile.php?id=61570246115119,2025-06-05,2024-12-10,sí,58,0,2025-05-16,post,https://www.facebook.com/share/p/1EE9ECiLcP/,1,0,1,1,0,0,0,0,0,0,"¡𝐔𝐧 𝐦𝐞𝐫𝐞𝐜𝐢𝐝𝐨 𝐫𝐞𝐜𝐨𝐧𝐨𝐜𝐢𝐦𝐢𝐞𝐧𝐭𝐨 𝐚 𝐧𝐮𝐞𝐬𝐭𝐫𝐨𝐬 𝐡𝐞́𝐫𝐨𝐞𝐬 𝐝𝐞 𝐥𝐚 𝐬𝐚𝐥𝐮𝐝!
En conmemoración del Día Internacional de la Enfermera (12 de mayo), tuve el honor de participar en emotivos… Ver más"
MARLENE FERNANDEZ MEJIAS,https://www.facebook.com/profile.php?id=61570246115119,2025-06-05,2024-12-10,sí,58,0,2025-05-22,post,https://www.facebook.com/share/p/1ArEBqEfGz/,0,0,5,3,2,0,0,0,0,0,"𝑼𝒏 𝑯𝒐𝒎𝒆𝒏𝒂𝒋𝒆 𝒂𝒍 𝑻𝒂𝒍𝒆𝒏𝒕𝒐 𝑪𝒉𝒂𝒒𝒖𝒆𝒏̃𝒐 𝒆𝒏 𝑽𝒊𝒍𝒍𝒂𝒎𝒐𝒏𝒕𝒆𝒔
El pasado 17 y 18 de mayo, tuve el gran honor de participar en un emotivo reconocimiento a la trayectoria artística del … Ver más"
MARLENE FERNANDEZ MEJIAS,https://www.facebook.com/profile.php?id=61570246115119,2025-06-05,2024-12-10,sí,58,0,2025-05-25,post,https://www.facebook.com/share/p/1CZW4tXycP/,1,0,2,2,0,0,0,0,0,0,"¡Feliz 25 de Mayo, Mi Querida Chuquisaca!
Como hija de esta noble y heroica tierra, mi corazón se llena de orgullo al celebrar un año más de aquel primer grito de liber… Ver más"
MARLENE FERNANDEZ MEJIAS,https://www.facebook.com/profile.php?id=61570246115119,2025-06-02,2024-12-10,sí,58,0,2025-05-27,post,https://www.facebook.com/share/p/16QTLj39FU/,1,0,0,0,0,0,0,0,0,0,"¡Feliz Día de la Madre Boliviana!
En este 27 de mayo, mi corazón se llena de profunda admiración y gratitud al celebrar a cada una de las madres bolivianas. Son ustedes… Ver más"
MARLENE FERNANDEZ MEJIAS,https://www.facebook.com/profile.php?id=61570246115119,2025-06-02,2024-12-10,sí,58,0,2025-06-02,post,https://www.facebook.com/share/p/1Qe2A1Q2KQ/,0,0,0,0,0,0,0,0,0,0,"¡Un merecido reconocimiento a la Facultad de Contaduría Pública y Ciencias Financieras! 
Hoy, realice un emotivo homenaje camaral a la Facultad de Contaduría Pública y… Ver más"
MARLENE FERNANDEZ MEJIAS,https://www.facebook.com/profile.php?id=61570246115119,2025-06-05,2024-12-10,sí,58,0,2025-06-02,post,https://www.facebook.com/share/p/16jTc7oPiQ/,2,0,0,0,0,0,0,0,0,0,"¡Un merecido reconocimiento a la Facultad de Contaduría Pública y Ciencias Financieras! 
Hoy, realice un emotivo homenaje camaral a la Facultad de Contaduría Pública y… Ver más"
MARLENE FERNANDEZ MEJIAS,https://www.facebook.com/profile.php?id=61570246115119,2025-06-10,2024-12-10,sí,58,0,2025-06-02,post,https://www.facebook.com/share/p/1G6ZxdW1MW/,2,0,0,0,0,0,0,0,0,0,"¡Un merecido reconocimiento a la Facultad de Contaduría Pública y Ciencias Financieras! 
Hoy, realice un emotivo homenaje camaral a la Facultad de Contaduría Pública y… Ver más"
MARLENE FERNANDEZ MEJIAS,https://www.facebook.com/profile.php?id=61570246115119,2025-06-05,2024-12-10,sí,58,0,2025-06-05,post,https://www.facebook.com/share/p/1Dg8DkRLG7/,1,0,0,0,0,0,0,0,0,0,"¡𝐇𝐨𝐦𝐞𝐧𝐚𝐣𝐞 𝐚 𝐥𝐚 𝐢𝐧𝐯𝐚𝐥𝐮𝐚𝐛𝐥𝐞 𝐥𝐚𝐛𝐨𝐫 𝐝𝐞 𝐧𝐮𝐞𝐬𝐭𝐫𝐨𝐬 𝐦𝐚𝐞𝐬𝐭𝐫𝐨𝐬!
En conmemoración del Día del Maestro, tuvimos el honor de entregar certificados de reconocimiento a los dedicados … Ver más"
MARLENE FERNANDEZ MEJIAS,https://www.facebook.com/profile.php?id=61570246115119,2025-06-10,2024-12-10,sí,58,0,2025-06-05,post,https://www.facebook.com/share/p/16fYffUdau/,1,0,1,0,0,0,0,0,0,0,"¡𝐇𝐨𝐦𝐞𝐧𝐚𝐣𝐞 𝐚 𝐥𝐚 𝐢𝐧𝐯𝐚𝐥𝐮𝐚𝐛𝐥𝐞 𝐥𝐚𝐛𝐨𝐫 𝐝𝐞 𝐧𝐮𝐞𝐬𝐭𝐫𝐨𝐬 𝐦𝐚𝐞𝐬𝐭𝐫𝐨𝐬!
En conmemoración del Día del Maestro, tuvimos el honor de entregar certificados de reconocimiento a los dedicados … Ver más"
MARLENE FERNANDEZ MEJIAS,https://www.facebook.com/profile.php?id=61570246115119,2025-06-10,2024-12-10,sí,58,0,2025-06-06,post,https://www.facebook.com/share/p/1Z5uyx4FUj/,1,0,0,0,0,0,0,0,0,0,"¡𝐅𝐞𝐥𝐢𝐳 𝐃𝐢́𝐚 𝐝𝐞𝐥 𝐌𝐚𝐞𝐬𝐭𝐫𝐨 𝐁𝐨𝐥𝐢𝐯𝐢𝐚𝐧𝐨!
Hoy celebramos y honramos a quienes, con vocación y compromiso, iluminan el camino de miles de bolivianos: ¡nuestros queridos maestro… Ver más"
