nombre perfil,url perfil,candidato identificado,creación del perfil,seguidores,seguidos,fecha post,tipo de post,url post,comparticiones,comentarios,reacciones en total,me gusta,me encanta,me divierte,me entristece,me sorprende,me enoja,me importa,contenido
MILKA ROJAS GRAGEDA,https://www.facebook.com/MilkaRojasGrageda,no,2024-09-18,359,11,2025-07-23,post,https://www.facebook.com/share/p/16zvHmEWV4/,1,0,2,1,1,0,0,0,0,0,Dios -Patria y Familia
MILKA ROJAS GRAGEDA,https://www.facebook.com/MilkaRojasGrageda,no,2024-09-18,359,11,2025-07-24,post,https://www.facebook.com/share/p/1FLPKKyk2i/,0,0,2,1,1,0,0,0,0,0,
MILKA ROJAS GRAGEDA,https://www.facebook.com/MilkaRojasGrageda,no,2024-09-18,359,11,2025-07-26,post,https://www.facebook.com/share/p/1GTam8ZBmK/,1,0,4,4,0,0,0,0,0,0,
MILKA ROJAS GRAGEDA,https://www.facebook.com/MilkaRojasGrageda,no,2024-09-18,359,11,2025-07-27,post,https://www.facebook.com/share/p/15kmEShEMW/,0,0,2,2,0,0,0,0,0,0,
MILKA ROJAS GRAGEDA,https://www.facebook.com/MilkaRojasGrageda,no,2024-09-18,359,11,2025-07-27,post,https://www.facebook.com/share/p/1DkQhVsa6y/,1,0,3,3,0,0,0,0,0,0,"Dios Patria y Familia 
Apoyo de más de 200 personas C 23 … Ver más"
MILKA ROJAS GRAGEDA,https://www.facebook.com/MilkaRojasGrageda,no,2024-09-18,359,11,2025-07-27,post,https://www.facebook.com/share/p/1MvTLosR6v/,4,0,5,5,0,0,0,0,0,0,Apoyo total de la juventud vamos con ayuda de Dios -Patria-Famila
