nombre perfil,url perfil,snapshot_date,creación del perfil,candidato identificado,seguidores,seguidos,fecha post,tipo de post,url post,comparticiones,comentarios,reacciones en total,me gusta,me encanta,me divierte,me entristece,me sorprende,me enoja,me importa,contenido
NAYRA VASQUEZ LOBO,https://www.facebook.com/Nay.Vasquez.Lobo,2025-07-23,2021-07-19,no,883,450,2025-07-20,post,https://www.facebook.com/share/p/19No7SFjnQ/,0,0,2,0,2,0,0,0,0,0,"Niños que inspiran 
 gracias por la invitación Página: Los Trovadorcitos Sp 
Un merecido reconocimiento desde el Consejo Municipal de la Juventud de El Alto - Pagina Oficial"
NAYRA VASQUEZ LOBO,https://www.facebook.com/Nay.Vasquez.Lobo,2025-07-23,2021-07-19,no,883,450,2025-07-21,post,https://www.facebook.com/share/p/1AyYMDDv26/,5,13,106,44,53,0,0,2,0,7," Hoy quiero contarles algo que me emociona mucho
… Ver más"
NAYRA VASQUEZ LOBO,https://www.facebook.com/Nay.Vasquez.Lobo,2025-07-30,2021-07-19,no,883,450,2025-07-22,post,https://www.facebook.com/share/p/1Fzz8bWRBj/,0,0,5,3,2,0,0,0,0,0,"Este jueves, les invito al quinto foro del movimiento #JuntasHacemosHistoria 
En esta oportunidad, estaré como candidata, para responder las interpelaciones y preguntas… Ver más"
NAYRA VASQUEZ LOBO,https://www.facebook.com/Nay.Vasquez.Lobo,2025-07-23,2021-07-19,no,883,450,2025-07-22,post,https://www.facebook.com/Nay.Vasquez.Lobo/posts/pfbid02y3FqTHwxGBNtrTCTyXduVVXbbYpdGoiDUvCfndRKyFv868MMTmaqTkga4JMtoBUcl,0,0,5,3,2,0,0,0,0,0,"Este jueves, les invito al quinto foro del movimiento #JuntasHacemosHistoria 
En esta oportunidad, estaré como candidata, para responder las interpelaciones y preguntas… Ver más"
NAYRA VASQUEZ LOBO,https://www.facebook.com/Nay.Vasquez.Lobo,2025-07-30,2021-07-19,no,883,450,2025-07-24,post,https://www.facebook.com/share/p/1AfKKoqsRA/,1,0,9,3,6,0,0,0,0,0,"Quinto foro, autonomía de los cuerpos, derechos y democracia ¿Quien decide sobre nuestra salud?
Del movimiento #JuntasHacemosHistoria … Ver más"
NAYRA VASQUEZ LOBO,https://www.facebook.com/Nay.Vasquez.Lobo,2025-07-30,2021-07-19,no,883,450,2025-07-25,post,https://www.facebook.com/share/p/1CMFFSbtZx/,1,3,16,10,5,1,0,0,0,0,"¡Nuestros cuerpos, nuestros derechos!… Ver más"
NAYRA VASQUEZ LOBO,https://www.facebook.com/Nay.Vasquez.Lobo,2025-07-30,2021-07-19,no,883,450,2025-07-27,post,https://www.facebook.com/share/p/16dNYuMojH/,1,2,39,22,17,0,0,0,0,0,"El placer también es político, la autonomía de nuestros cuerpos también lo es.
Que nada, ni nadie nos calle ni quiera controlar nuestros cuerpos.… Ver más"
NAYRA VASQUEZ LOBO,https://www.facebook.com/Nay.Vasquez.Lobo,2025-07-30,2021-07-19,no,883,450,2025-07-29,post,https://www.facebook.com/share/p/19RS7vRvKD/,0,0,2,1,0,0,1,0,0,0,"Ciudad Satélite de ser una de las zonas más seguras de El Alto, se está volviendo en un lugar donde nuestros jóvenes están perdiendo la vida a manos de delincuentes."
