nombre perfil,url perfil,candidato identificado,creación del perfil,seguidores,seguidos,fecha post,tipo de post,url post,comparticiones,comentarios,reacciones en total,me gusta,me encanta,me divierte,me entristece,me sorprende,me enoja,me importa,contenido
Cinthia Guidi,https://www.facebook.com/profile.php?id=100089615726605,no,,3475,0,2025-05-31,post,,0,1,4,3,1,0,0,0,0,0,
Cinthia Guidi,https://www.facebook.com/profile.php?id=100089615726605,no,,3475,0,2025-06-13,post,https://www.facebook.com/share/v/1ES1Kdcbij/,1100,11,2200,2000,59,76,5,13,7,9,
Cinthia Guidi,https://www.facebook.com/profile.php?id=100089615726605,no,,3475,0,2025-06-13,post,https://www.facebook.com/share/v/167AaZx5FN/,60,5,114,95,14,3,0,0,0,2,
Cinthia Guidi,https://www.facebook.com/profile.php?id=100089615726605,no,,3475,0,2025-06-13,post,https://www.facebook.com/cinthya.sandi.321275/videos/1892067571580844/,93,0,53,39,3,2,7,0,2,0,
Cinthia Guidi,https://www.facebook.com/profile.php?id=100089615726605,no,,3475,0,2025-06-13,post,https://www.facebook.com/cinthya.sandi.321275/posts/pfbid02Z8GS5eq9zLKXJkEWwrLgftGdbVYdQ3fcjuLe4eddu9MfYnpxLMgy33sWutp4znvGl,0,0,18,16,1,1,0,0,0,0,
Cinthia Guidi,https://www.facebook.com/profile.php?id=100089615726605,no,,3475,0,2025-06-13,post,https://www.facebook.com/cinthya.sandi.321275/posts/pfbid02gHNg7zaWityMS26DAuGRUqMyjnKz61xfcEcRgfyW8yMnAuXQP1QSoiTPXUSeudXyl,0,0,5,3,1,1,0,0,0,0,
Cinthia Guidi,https://www.facebook.com/profile.php?id=100089615726605,no,,3475,0,2025-06-13,post,https://www.facebook.com/cinthya.sandi.321275/videos/1157546996412889/,335,2,529,462,13,17,21,12,3,1,
Cinthia Guidi,https://www.facebook.com/profile.php?id=100089615726605,no,,3475,0,2025-06-13,post,https://www.facebook.com/cinthya.sandi.321275/posts/pfbid0mFuexfVEuVdMZAoD13DL8Lk5KjPuVNWN6cRYFH4YyFHQ5nMjiottkUxGvkGxZb5Ll,3,0,24,9,0,8,4,1,2,0,
Cinthia Guidi,https://www.facebook.com/profile.php?id=100089615726605,no,,3475,0,2025-06-14,post,https://www.facebook.com/share/p/1AoJX5T4u9/,11,1,110,93,4,12,0,0,0,1,
Cinthia Guidi,https://www.facebook.com/profile.php?id=100089615726605,no,,3475,0,2025-06-14,post,https://www.facebook.com/share/p/16q9J9zkd8/,14,1,50,38,1,10,1,0,0,0,
Cinthia Guidi,https://www.facebook.com/profile.php?id=100089615726605,no,,3475,0,2025-06-14,post,https://www.facebook.com/cinthya.sandi.321275/videos/1647609329282039/,351,3,255,0,14,2,2,3,0,3,
Cinthia Guidi,https://www.facebook.com/profile.php?id=100089615726605,no,,3475,0,2025-06-14,post,https://www.facebook.com/cinthya.sandi.321275/posts/pfbid023rhsCcsTFZ299sJYnRuqQxRnLUYnLXaK61aWHCdz1e9CdQJLfnKn6BLGTLRW6Y5ol,11,0,21,5,0,0,15,0,1,0,
Cinthia Guidi,https://www.facebook.com/profile.php?id=100089615726605,no,,3475,0,2025-06-14,post,https://www.facebook.com/share/v/16Q74muBXR/,338,4,270,219,6,10,4,9,21,1,
Cinthia Guidi,https://www.facebook.com/profile.php?id=100089615726605,no,,3475,0,2025-06-14,post,https://www.facebook.com/share/v/1C2FEqqj6G/,29,1,114,99,12,2,0,0,0,1,
Cinthia Guidi,https://www.facebook.com/profile.php?id=100089615726605,no,,3475,0,2025-06-14,post,https://www.facebook.com/share/p/16ZVkVqyg3/,4,0,11,7,0,4,0,0,0,0,
Cinthia Guidi,https://www.facebook.com/profile.php?id=100089615726605,no,,3475,0,2025-06-14,post,https://www.facebook.com/share/p/1C87vK7RVw/,10,0,65,55,2,8,0,0,0,0,
Cinthia Guidi,https://www.facebook.com/profile.php?id=100089615726605,no,,3475,0,2025-06-14,post,https://www.facebook.com/share/p/16LVeWbvji/,6,0,41,34,3,3,0,0,0,1,
Cinthia Guidi,https://www.facebook.com/profile.php?id=100089615726605,no,,3475,0,2025-06-14,post,https://www.facebook.com/share/p/164YZGQAun/,40,1,85,81,2,1,0,0,1,0,
Cinthia Guidi,https://www.facebook.com/profile.php?id=100089615726605,no,,3475,0,2025-06-14,post,https://www.facebook.com/share/p/1C98DFduEP/,9,0,48,45,1,2,0,0,0,0,
Cinthia Guidi,https://www.facebook.com/profile.php?id=100089615726605,no,,3475,0,2025-06-14,post,https://www.facebook.com/share/p/15s3WWSShN/,9,0,26,16,0,0,0,0,10,0,"Lamentablemente los mismos funcionarios arcistas no conformes con ganar sueldo de calentar asientos, se hacen dar contratos extras de publicidad pagada por el gobierno. Mientras los medios independientes son atacados"
Cinthia Guidi,https://www.facebook.com/profile.php?id=100089615726605,no,,3475,0,2025-06-14,post,https://www.facebook.com/share/v/18NLEPix1P/,194,2,268,243,5,8,3,5,4,0,
Cinthia Guidi,https://www.facebook.com/profile.php?id=100089615726605,no,,3475,0,2025-06-14,post,https://www.facebook.com/share/v/1N5xf5ozK4/,358,6,580,547,17,9,2,3,1,1,
Cinthia Guidi,https://www.facebook.com/profile.php?id=100089615726605,no,,3475,0,2025-06-14,post,https://www.facebook.com/share/p/16f5Yb1dAw/,31,0,113,100,7,3,1,1,1,0,
Cinthia Guidi,https://www.facebook.com/profile.php?id=100089615726605,no,,3475,0,2025-06-14,post,https://www.facebook.com/share/p/195JyJoMqH/,10,2,53,15,1,1,36,0,0,0,
Cinthia Guidi,https://www.facebook.com/profile.php?id=100089615726605,no,,3475,0,2025-06-14,post,https://www.facebook.com/share/p/14F6jQjKodZ/,4,0,11,7,0,0,1,0,3,0,
Cinthia Guidi,https://www.facebook.com/profile.php?id=100089615726605,no,,3475,0,2025-06-14,post,https://www.facebook.com/share/v/1CCe3hXnry/,534,4,613,565,11,4,14,7,9,3,
Cinthia Guidi,https://www.facebook.com/profile.php?id=100089615726605,no,,3475,0,2025-06-14,post,https://www.facebook.com/share/v/16oCeoaAKZ/,57,2,114,105,2,2,3,2,0,0,
Cinthia Guidi,https://www.facebook.com/profile.php?id=100089615726605,no,,3475,0,2025-06-14,post,https://www.facebook.com/share/v/12LiFe68uFM/,225,0,378,350,4,8,0,10,5,1,
Cinthia Guidi,https://www.facebook.com/profile.php?id=100089615726605,no,,3475,0,2025-06-14,post,https://www.facebook.com/share/p/1GDNuqMAs3/,4,0,21,19,1,0,0,0,0,1,
Cinthia Guidi,https://www.facebook.com/profile.php?id=100089615726605,no,,3475,0,2025-06-14,post,https://www.facebook.com/cinthya.sandi.321275/posts/pfbid0BGLcd8tztWsowUsmMrujsHcSfvxAeUhkJG2aJxGZTqyX7mt4cwZVAsbqegZcJmUHl,6,0,25,24,1,0,0,0,0,0,
Cinthia Guidi,https://www.facebook.com/profile.php?id=100089615726605,no,,3475,0,2025-06-14,post,https://www.facebook.com/share/p/15RMufTvHX/,14,0,72,64,6,2,0,0,0,0,
Cinthia Guidi,https://www.facebook.com/profile.php?id=100089615726605,no,,3475,0,2025-06-14,post,https://www.facebook.com/share/p/12JUUQdw7ab/,30,0,59,26,0,4,29,0,0,0,
Cinthia Guidi,https://www.facebook.com/profile.php?id=100089615726605,no,,3475,0,2025-06-14,post,https://www.facebook.com/share/v/199o2gsc38/,846,4,760,663,21,31,19,15,8,3,
Cinthia Guidi,https://www.facebook.com/profile.php?id=100089615726605,no,,3475,0,2025-06-14,post,https://www.facebook.com/cinthya.sandi.321275/videos/1587127688911124/,299,7,401,345,4,4,34,8,4,2,
Cinthia Guidi,https://www.facebook.com/profile.php?id=100089615726605,no,,3475,0,2025-06-14,post,https://www.facebook.com/cinthya.sandi.321275/videos/1069992788375260/,163,0,242,216,7,4,2,4,8,1,
Cinthia Guidi,https://www.facebook.com/profile.php?id=100089615726605,no,,3475,0,2025-06-14,post,https://www.facebook.com/cinthya.sandi.321275/posts/pfbid0HNwh9xt7TxK59J3n2XSWvyjS1xCvdXV6VMKzrhmpSM4q9SdVDYyQRA4gsCfSENMyl,11,0,40,37,2,0,1,0,0,0,
Cinthia Guidi,https://www.facebook.com/profile.php?id=100089615726605,no,,3475,0,2025-06-15,post,https://www.facebook.com/share/v/19BoWX9H7k/,111,1,185,176,0,1,0,6,2,0,
Cinthia Guidi,https://www.facebook.com/profile.php?id=100089615726605,no,,3475,0,2025-06-15,post,https://www.facebook.com/share/p/1ASworjGzK/,21,0,37,29,0,1,7,0,0,0,
Cinthia Guidi,https://www.facebook.com/profile.php?id=100089615726605,no,,3475,0,2025-06-15,post,https://www.facebook.com/share/p/1EwrvxGe8b/,5,0,18,18,0,0,0,0,0,0,
Cinthia Guidi,https://www.facebook.com/profile.php?id=100089615726605,no,,3475,0,2025-06-15,post,https://www.facebook.com/share/v/16nUUDvBny/,182,0,328,310,7,5,2,1,2,1,
Cinthia Guidi,https://www.facebook.com/profile.php?id=100089615726605,no,,3475,0,2025-06-15,post,https://www.facebook.com/share/v/1XtLhrtWz4/,94,1,210,201,3,3,0,2,2,0,
Cinthia Guidi,https://www.facebook.com/profile.php?id=100089615726605,no,,3475,0,2025-06-15,post,https://www.facebook.com/share/v/1JcUgLVAAr/,60,2,123,120,2,0,1,0,0,0,
Cinthia Guidi,https://www.facebook.com/profile.php?id=100089615726605,no,,3475,0,2025-06-15,post,https://www.facebook.com/cinthya.sandi.321275/videos/1784733745588907/,268,0,461,434,18,6,0,1,0,4,
Cinthia Guidi,https://www.facebook.com/profile.php?id=100089615726605,no,,3475,0,2025-06-15,post,https://www.facebook.com/share/v/14Fu7bjw6gK/,74,2,181,167,8,2,2,1,1,0,
Cinthia Guidi,https://www.facebook.com/profile.php?id=100089615726605,no,,3475,0,2025-06-15,post,https://www.facebook.com/share/p/1AdCx67GHQ/,7,0,32,29,2,1,0,0,0,0,
Cinthia Guidi,https://www.facebook.com/profile.php?id=100089615726605,no,,3475,0,2025-06-15,post,https://www.facebook.com/share/p/1C58rZYGx7/,1,0,53,48,0,0,0,4,1,0,
Cinthia Guidi,https://www.facebook.com/profile.php?id=100089615726605,no,,3475,0,2025-06-15,post,https://www.facebook.com/share/v/1ETLfNak1d/,692,3,1100,975,36,81,5,9,9,4,
Cinthia Guidi,https://www.facebook.com/profile.php?id=100089615726605,no,,3475,0,2025-06-15,post,https://www.facebook.com/share/p/1C8ZBtkW7H/,14,0,36,29,1,2,0,0,4,0,
Cinthia Guidi,https://www.facebook.com/profile.php?id=100089615726605,no,,3475,0,2025-06-15,post,https://www.facebook.com/share/p/1AmWWXB7sC/,41,1,70,58,0,3,0,8,1,0,
Cinthia Guidi,https://www.facebook.com/profile.php?id=100089615726605,no,,3475,0,2025-06-15,post,https://www.facebook.com/share/p/16cdgHzHHD/,8,1,47,45,0,0,0,1,1,0,
Cinthia Guidi,https://www.facebook.com/profile.php?id=100089615726605,no,,3475,0,2025-06-15,post,https://www.facebook.com/share/p/18uXBCc1gi/,0,0,4,4,0,0,0,0,0,0,
Cinthia Guidi,https://www.facebook.com/profile.php?id=100089615726605,no,,3475,0,2025-06-15,post,https://www.facebook.com/share/p/1EX1eNiSW9/,5,0,50,48,0,1,0,0,0,1,
Cinthia Guidi,https://www.facebook.com/profile.php?id=100089615726605,no,,3475,0,2025-06-15,post,https://www.facebook.com/share/p/15m8EE4gmR/,21,0,18,7,0,0,0,8,4,0,
