nombre perfil,url perfil,snapshot_date,creación del perfil,candidato identificado,seguidores,seguidos,fecha post,tipo de post,url post,comparticiones,comentarios,reacciones en total,me gusta,me encanta,me divierte,me entristece,me sorprende,me enoja,me importa,contenido
Quya Reyna ,https://www.facebook.com/quya.reyna,2025-06-02,2016-03-20,no,8800,0,2025-05-26,post,https://www.facebook.com/share/p/1CcwiqfbZV/,1,25,,0,0,0,0,0,0,0,"Amigos, misión cumplida. Ya conocí, probé y amé la mejor papa a la huancaína del mundo. Gracias a Leda Quintana Rondón, una gran poeta y persona. … Ver más"
Quya Reyna ,https://www.facebook.com/quya.reyna,2025-06-02,2016-03-20,no,8800,0,2025-05-27,post,https://www.facebook.com/share/p/1VcgbQgv1h/,31,56,,236,315,0,1,0,0,51,"Hace tiempo dejé de creer en Dios. Ya no lo quería. Ya no voy a creer en ti, le dije furiosa a mis 18 años. Si fueras real, no me habría pasado lo que me pasó. ¡Así que… Ver más"
Quya Reyna ,https://www.facebook.com/quya.reyna,2025-06-02,2016-03-20,no,8800,0,2025-05-30,post,https://www.facebook.com/share/p/1E4RHsDQEc/,14,67,,265,31,35,0,2,0,5,"Bueno, ya revisé todo lo referido a la reunión en Harvard. Escuché y leí el desarrollo y las conclusiones de sus invitados, incluso leí la última publicación de Marcelo Claure, refiriéndose a la gente que no fue como: personas con opinión ""que no influye en nada"". 
Y llegué a la conclusión: no, ahí, no hubo ninguna conspiración ni planificación gringa para estructurar el país. 
Pensar en eso, me haría pensar que Claure posee una int… Ver más"
Quya Reyna ,https://www.facebook.com/quya.reyna,2025-06-02,2016-03-20,no,8800,0,2025-05-31,post,https://www.facebook.com/share/p/16PoP3QuEb/,95,43,,0,0,0,0,0,0,0,"Del ""Never in the life"" al ""sexy""… Ver más"
Quya Reyna ,https://www.facebook.com/quya.reyna,2025-06-02,2016-03-20,no,8800,0,2025-05-31,post,https://www.facebook.com/share/p/1J7pSDLG3H/,35,9,,0,0,0,0,0,0,0,"Ya, esto es lo último y ya. Adiós."
Quya Reyna ,https://www.facebook.com/quya.reyna,2025-06-02,2016-03-20,no,8800,0,2025-06-02,post,https://www.facebook.com/share/p/1GDoowJVTA/,0,0,,18,6,0,0,0,0,0,"Un día como hoy nació la Adela. A pesar de que su origen fue en las verdes praderas y bosques de Palos Blancos, su destino la llevó a conocer a sus verdaderos padres en… Ver más"
Quya Reyna ,https://www.facebook.com/quya.reyna,2025-06-02,2016-03-20,no,8800,0,2025-06-02,post,https://www.facebook.com/share/p/1DV3az7mHr/,5,21,,0,0,0,0,0,0,0,"Este artículo es lo más absurdo que he leído en años. No hay indicios de colapsos sociales en Bolivia comparados con Afganistán. Bolivia no es un Estadio fallido, es un… Ver más"
