nombre perfil,url perfil,snapshot_date,creación del perfil,candidato identificado,seguidores,seguidos,fecha post,tipo de post,url post,comparticiones,comentarios,reacciones en total,me gusta,me encanta,me divierte,me entristece,me sorprende,me enoja,me importa,contenido
Carola Antezana,https://www.facebook.com/carola.a.pantoja,2025-06-02,,no,586,0,2025-05-27,post,https://www.facebook.com/share/p/1JZdKsGs9e/,0,3,,22,14,0,0,0,0,3,Feliz día Ma. La mujer más buena y la mejor mamá del mundo.
Carola Antezana,https://www.facebook.com/carola.a.pantoja,2025-06-02,,no,586,0,2025-05-30,post,https://www.facebook.com/share/p/16hjACf5VF/,0,0,,0,0,0,0,0,0,0,"Aun me acuerdo Ale Pozzo te amo hasta el infinito y más allá.
Y tb se lo dedico a mi mamita bella Ximena Pantoja"
Carola Antezana,https://www.facebook.com/carola.a.pantoja,2025-06-02,,no,586,0,2025-05-31,post,2025-05-31,0,2,,0,0,0,0,0,0,0,Un año ya de estar ahí con mi Frederick y mi flia
Carola Antezana,https://www.facebook.com/carola.a.pantoja,2025-06-02,,no,586,0,2025-06-01,post,https://www.facebook.com/share/p/16j6AQzywR/,0,6,,0,0,0,0,0,0,0,Las encuestas más truchas
Carola Antezana,https://www.facebook.com/carola.a.pantoja,2025-06-02,,no,586,0,2025-06-01,post,https://www.facebook.com/share/p/12F2wi9p8n5/,0,1,,0,0,0,0,0,0,0,Jajaja
Carola Antezana,https://www.facebook.com/carola.a.pantoja,2025-06-10,,no,586,0,2025-06-06,post,https://www.facebook.com/share/p/12LW3uBbN8u/,1,0,8,0,0,0,0,0,0,0,No te quedes sin tu promo
Carola Antezana,https://www.facebook.com/carola.a.pantoja,2025-06-10,,no,586,0,2025-06-08,post,https://www.facebook.com/share/p/1AveqTL2Tc/,1,0,38,0,0,0,0,0,0,0,Me faltaban tres autos para cargar gasolina en Los Pinos y no cerraron la gasolinera gobierno hdp zurdos hdp
Carola Antezana,https://www.facebook.com/carola.a.pantoja,2025-06-10,,no,586,0,2025-06-08,post,https://www.facebook.com/share/p/18VDzHaBKk/,0,0,17,0,0,0,0,0,0,0,Literal
