nombre perfil,url perfil,snapshot_date,creación del perfil,candidato identificado,seguidores,seguidos,fecha post,tipo de post,url post,comparticiones,comentarios,reacciones en total,me gusta,me encanta,me divierte,me entristece,me sorprende,me enoja,me importa,contenido
Por la vida de las mujeres,https://www.facebook.com/Porlavidadelasmujeres.Bolivia,2025-06-17,2013-12-19,no,16000,0,2025-02-05,post,https://www.facebook.com/share/p/19kDcny9Ed/,0,0,1,0,0,0,0,0,0,0,#antifascismo #FeminismoAntiFascista
Por la vida de las mujeres,https://www.facebook.com/Porlavidadelasmujeres.Bolivia,2025-06-17,2013-12-19,no,16000,0,2025-02-06,post,https://www.facebook.com/share/p/16k1K5RkSM/,6,1,45,5,0,0,26,2,12,0,"Por nuestras muertas, ni un minuto de silencio.
Las mujeres no somos botín de guerra.… Ver más"
Por la vida de las mujeres,https://www.facebook.com/Porlavidadelasmujeres.Bolivia,2025-06-17,2013-12-19,no,16000,0,2025-02-17,post,https://www.facebook.com/share/p/1AavbSqNJk/,17,2,23,0,0,0,0,0,0,0," Salud, comadre 
Por… Ver más"
Por la vida de las mujeres,https://www.facebook.com/Porlavidadelasmujeres.Bolivia,2025-06-17,2013-12-19,no,16000,0,2025-02-20,post,https://www.facebook.com/share/p/1E7t1fTaXa/,0,0,8,0,0,0,6,0,2,0,Gobierno miserable y su política racista
Por la vida de las mujeres,https://www.facebook.com/Porlavidadelasmujeres.Bolivia,2025-06-17,2013-12-19,no,16000,0,2025-02-21,post,https://www.facebook.com/share/p/16vL9EyCKM/,0,0,7,4,3,0,0,0,0,0,"Decidamos antes que decidan por nosotras. Es lo que el patriarcado nos ha quitado: nuestra capacidad de pensar, decidir y actuar por nosotras mismas."
Por la vida de las mujeres,https://www.facebook.com/Porlavidadelasmujeres.Bolivia,2025-06-17,2013-12-19,no,16000,0,2025-02-22,post,https://www.facebook.com/share/p/15iKQrwoDa/,0,0,2,2,0,0,0,0,0,0,"AMIGA, NADA DE ESTO ES NORMAL, ES ACOSO!"
Por la vida de las mujeres,https://www.facebook.com/Porlavidadelasmujeres.Bolivia,2025-06-17,2013-12-19,no,16000,0,2025-02-23,post,https://www.facebook.com/share/p/16Rv4yhh17/,17,1,112,89,21,0,0,0,0,2," Salud, comadre 
 … Ver más"
Por la vida de las mujeres,https://www.facebook.com/Porlavidadelasmujeres.Bolivia,2025-06-17,2013-12-19,no,16000,0,2025-02-24,post,https://www.facebook.com/share/p/1BYF1ZEBkr/,12,2,20,13,7,0,0,0,0,0,"POR UN JUEVES DE COMADRES SOLIDARIAS Y CARNAVALERAS
LIBRO YERBAJES (ACOMPAÑAR CON PLANTAS) + 
CERVEZA ARTESANAL, FEMINISTA Y SIN PATRONES A BS 50!!! 
Che… Ver más"
Por la vida de las mujeres,https://www.facebook.com/Porlavidadelasmujeres.Bolivia,2025-06-17,2013-12-19,no,16000,0,2025-03-02,post,https://www.facebook.com/share/p/14FHcVGtZXq/,0,0,7,5,2,0,0,0,0,0,
Por la vida de las mujeres,https://www.facebook.com/Porlavidadelasmujeres.Bolivia,2025-06-17,2013-12-19,no,16000,0,2025-03-03,post,https://www.facebook.com/share/p/1YyJbDQKRm/,0,0,5,4,1,0,0,0,0,0,Lo que no perdona el patriarcado es nuestra libertad en cualquier forma alejada del estándar conservador
Por la vida de las mujeres,https://www.facebook.com/Porlavidadelasmujeres.Bolivia,2025-06-17,2013-12-19,no,16000,0,2025-03-07,post,https://www.facebook.com/share/p/1ApAr2ub53/,23,0,39,23,15,1,0,0,0,0,"SÁBADO 8 DE MARZO, DÍA INTERNACIONAL DE LAS MUJERES 
 Vamos a abrir todo el día sábado 8 de marzo una sesión de preguntas y respuestas sobre todo lo que quiera… Ver más"
Por la vida de las mujeres,https://www.facebook.com/Porlavidadelasmujeres.Bolivia,2025-06-17,2013-12-19,no,16000,0,2025-03-07,post,https://www.facebook.com/share/p/1HQKxmZUHZ/,4,0,31,17,11,0,1,0,0,2,#8M DÍA INTERNACIONAL DE LA MUJER!
Por la vida de las mujeres,https://www.facebook.com/Porlavidadelasmujeres.Bolivia,2025-06-17,2013-12-19,no,16000,0,2025-03-08,post,https://www.facebook.com/share/p/16osvXcswc/,9,0,6,6,0,0,0,0,0,0,"¿QUÉ ES UN TENDEDERO FEMINISTA Y POR QUÉ USARLO ES UNA LUCHA CONTRA EL ESTIGMA DE LA DENUNCIA DE MUJERES VÍCTIMAS  DE VIOLENCIA MACHISTA?
 
En las colectivas feminist… Ver más"
Por la vida de las mujeres,https://www.facebook.com/Porlavidadelasmujeres.Bolivia,2025-06-17,2013-12-19,no,16000,0,2025-03-08,post,https://www.facebook.com/share/p/16gsV3JVkk/,0,0,8,5,3,0,0,0,0,0,"ACTIVISMO FEMINISTA EN LA AMAZONÍA BOLIVIANA, PASO A PASO FLORECE "
Por la vida de las mujeres,https://www.facebook.com/Porlavidadelasmujeres.Bolivia,2025-06-17,2013-12-19,no,16000,0,2025-03-08,post,https://www.facebook.com/share/p/1EvdBnKoVD/,0,0,0,0,0,0,0,0,0,0,"REPITAN: CADA 8 DE MARZO, NO-SE-FELICITA!
 
FELIZ VA A SER EL DÍA QUE NO FALTE NINGUNA"
Por la vida de las mujeres,https://www.facebook.com/Porlavidadelasmujeres.Bolivia,2025-06-17,2013-12-19,no,16000,0,2025-03-12,post,https://www.facebook.com/share/p/16VA2je2fb/,8,1,58,56,1,1,0,0,0,0,Disonancia cognitiva del machista
Por la vida de las mujeres,https://www.facebook.com/Porlavidadelasmujeres.Bolivia,2025-06-17,2013-12-19,no,16000,0,2025-03-19,post,https://www.facebook.com/share/p/16QiMzwS11/,2,6,97,68,22,6,0,0,0,1,"Vergüenza que el alcalde de La Paz califique así una protesta simbólica de mujeres, y no diga nada de los dinamitazos de empresarios mineros que destruyen la ciudad cad… Ver más"
Por la vida de las mujeres,https://www.facebook.com/Porlavidadelasmujeres.Bolivia,2025-06-17,2013-12-19,no,16000,0,2025-03-20,post,https://www.facebook.com/share/p/1Dq7Dy2H6B/,9,9,78,0,0,0,0,0,0,0," qué esperar de un pastor evangélico, colonialista de almas y vividor de diezmos ¿quién es el mantenido? 
#coCHIno"
Por la vida de las mujeres,https://www.facebook.com/Porlavidadelasmujeres.Bolivia,2025-06-17,2013-12-19,no,16000,0,2025-03-20,post,https://www.facebook.com/share/p/1AmJPjiTFV/,2,0,20,9,8,1,0,0,0,2,WE CAN! 
Por la vida de las mujeres,https://www.facebook.com/Porlavidadelasmujeres.Bolivia,2025-06-17,2013-12-19,no,16000,0,2025-03-20,post,https://www.facebook.com/share/p/1FcVQ5VRGX/,17,8,55,32,0,1,0,8,14,0,"Baya baya baya, el pastor CHI ejemplo de la moral patriarcal: a dios rezando y con el mazo dando 
A… Ver más"
Por la vida de las mujeres,https://www.facebook.com/Porlavidadelasmujeres.Bolivia,2025-06-17,2013-12-19,no,16000,0,2025-03-24,post,https://www.facebook.com/share/p/19MKH84Sna/,6,0,50,36,14,0,0,0,0,0,También consulta por inbox acá mismo o manda un email 
Por la vida de las mujeres,https://www.facebook.com/Porlavidadelasmujeres.Bolivia,2025-06-17,2013-12-19,no,16000,0,2025-03-29,post,https://www.facebook.com/share/p/1BX71nqJUA/,11,1,50,0,0,0,0,0,0,0,"¡No estamos todas, nos falta Nadia!
#AlvaroValeroViolador #Bolivia"
Por la vida de las mujeres,https://www.facebook.com/Porlavidadelasmujeres.Bolivia,2025-06-17,2013-12-19,no,16000,0,2025-03-29,post,https://www.facebook.com/share/p/1BGpBLZsQ8/,10,0,45,14,0,0,5,0,26,0,"Lo sentimos hermana Nadia, el sistema te falló, la sociedad te falló a ti y tu familia; y el m4ld1t0 que te lastimó confirma la vigencia de la enferma moralina corrupta… Ver más"
Por la vida de las mujeres,https://www.facebook.com/Porlavidadelasmujeres.Bolivia,2025-06-17,2013-12-19,no,16000,0,2025-04-07,post,https://www.facebook.com/share/p/1M1DbNk1qw/,0,2,38,26,1,0,2,0,1,8,"NUESTRO DERECHO A NUESTRA NARRATIVA SOBRE NUESTRAS HISTORIAS COMO SOBREVIVIENTES DE LA V10L3NC1A MACH1ST4!
No estamos solas ni calladas nunca más!… Ver más"
Por la vida de las mujeres,https://www.facebook.com/Porlavidadelasmujeres.Bolivia,2025-06-17,2013-12-19,no,16000,0,2025-04-10,post,https://www.facebook.com/share/p/18vdaiPp23/,3,0,21,10,1,10,0,0,0,0,La primera lucha está en la casa y en los roles
Por la vida de las mujeres,https://www.facebook.com/Porlavidadelasmujeres.Bolivia,2025-06-17,2013-12-19,no,16000,0,2025-04-10,post,https://www.facebook.com/share/p/15SDfF6Ff8/,3,0,10,9,1,0,0,0,0,0,"Amiga, es necesario contarlo todo hasta que ya no duela, hasta que ya no moleste
#RompeElPactoPatriarcal #RompeElSilencio"
Por la vida de las mujeres,https://www.facebook.com/Porlavidadelasmujeres.Bolivia,2025-06-17,2013-12-19,no,16000,0,2025-04-14,post,https://www.facebook.com/share/p/15jtH6nhLJ/,9,15,37,0,0,0,0,0,0,0,hagamos humanos funcionales
Por la vida de las mujeres,https://www.facebook.com/Porlavidadelasmujeres.Bolivia,2025-06-17,2013-12-19,no,16000,0,2025-04-16,post,https://www.facebook.com/share/p/1FHQqu1aXR/,0,10,18,14,0,0,1,0,3,0,"Ser ""empresario"" o de una clase social media a media alta no te quita lo machista ni v10lent0, ni como mujer te deja libre de sufrir v10lenc1a. 
Ella denunció porque el… Ver más"
Por la vida de las mujeres,https://www.facebook.com/Porlavidadelasmujeres.Bolivia,2025-06-17,2013-12-19,no,16000,0,2025-04-16,post,https://www.facebook.com/share/p/16NsqtyZbE/,4,1,16,2,0,11,3,0,0,0," Imaginario mundial sobre la presencia paterna, lamentable y cierto."
Por la vida de las mujeres,https://www.facebook.com/Porlavidadelasmujeres.Bolivia,2025-06-17,2013-12-19,no,16000,0,2025-04-17,post,https://www.facebook.com/share/p/18vWw7g7fP/,1,0,13,10,3,0,0,0,0,0,"El feminismo: te acompaña si decides no ser madre // te acompaña si eres madre. 
En ambos casos no te juzga ni abandona. Te cree y te acompaña.… Ver más"
Por la vida de las mujeres,https://www.facebook.com/Porlavidadelasmujeres.Bolivia,2025-06-17,2013-12-19,no,16000,0,2025-04-18,post,https://www.facebook.com/share/p/1EaTLkLMrU/,1,0,4,2,2,0,0,0,0,0,El agradecimiento sincero también es parte de los procesos de sanar y soltar.
Por la vida de las mujeres,https://www.facebook.com/Porlavidadelasmujeres.Bolivia,2025-06-17,2013-12-19,no,16000,0,2025-04-20,post,https://www.facebook.com/share/p/1DkCLcT6F9/,4,0,16,5,0,0,10,0,1,0,"Nos están m4t4nd0! 
Estos son los casos que se llegan a denunciar y calificar como tal, no sabemos los casos que son calificados de otra manera o los ""intentos"", segura… Ver más"
Por la vida de las mujeres,https://www.facebook.com/Porlavidadelasmujeres.Bolivia,2025-06-17,2013-12-19,no,16000,0,2025-04-22,post,https://www.facebook.com/share/p/1XyFtncGkq/,1,0,12,2,1,9,0,0,0,0,"O te dice que no es machista porque ""ayuda"" en su casa.
O que no es machista, que a lo mejor taaal vez tiene ""micromachismos""… Ver más"
Por la vida de las mujeres,https://www.facebook.com/Porlavidadelasmujeres.Bolivia,2025-06-17,2013-12-19,no,16000,0,2025-04-23,post,https://www.facebook.com/share/p/1Ames7uh5H/,1,2,4,1,0,0,0,0,3,0,"LA IGLESIA ENCUBRE: ""El entorno de la #CompañíadeJesús sigue haciendo caso omiso a los protocolos establecidos para la seguridad de niñas, niños y adolescentes, y se al… Ver más"
Por la vida de las mujeres,https://www.facebook.com/Porlavidadelasmujeres.Bolivia,2025-06-17,2013-12-19,no,16000,0,2025-04-27,post,https://www.facebook.com/share/p/1Ae3HFgDGf/,4,0,34,33,0,0,0,0,0,1,"Un hombre dice: “ella quiere conmigo”, y todos le creen. 
Una mujer dice: “él me acosa”, y nadie le cree.… Ver más"
Por la vida de las mujeres,https://www.facebook.com/Porlavidadelasmujeres.Bolivia,2025-06-17,2013-12-19,no,16000,0,2025-04-28,post,https://www.facebook.com/share/p/1Aq88DnuyP/,4,1,32,7,0,0,13,1,11,0,"NO ESTÁS SOLA HERMANA! 
#MarcoGandarillas #ÁlvaroMarca v10lad0r3s!!! … Ver más"
Por la vida de las mujeres,https://www.facebook.com/Porlavidadelasmujeres.Bolivia,2025-06-17,2013-12-19,no,16000,0,2025-04-29,post,https://www.facebook.com/share/p/19xzTceL4d/,6,2,54,45,9,0,0,0,0,0,Privilegios de 
Por la vida de las mujeres,https://www.facebook.com/Porlavidadelasmujeres.Bolivia,2025-06-17,2013-12-19,no,16000,0,2025-04-29,post,https://www.facebook.com/share/p/1Ak1efKy8M/,2,0,5,2,3,0,0,0,0,0,"¡NIÑAS NO SON MADRES, NIÑAS NO SON ESPOSAS NI NOVIAS!
Siglo XXI y todavía son necesarias leyes para que los hombres adultos no justifiquen delitos de rapto y trata de n… Ver más"
Por la vida de las mujeres,https://www.facebook.com/Porlavidadelasmujeres.Bolivia,2025-06-17,2013-12-19,no,16000,0,2025-05-01,post,https://www.facebook.com/share/p/1AiDHmvj8t/,1,0,3,3,0,0,0,0,0,0,"Los derechos laborales son producto de luchas sociales, no fueron regalos del estado o las empresas. Los discursos neoliberales de “emprendedurismo” solo adornan formas… Ver más"
Por la vida de las mujeres,https://www.facebook.com/Porlavidadelasmujeres.Bolivia,2025-06-17,2013-12-19,no,16000,0,2025-05-01,post,https://www.facebook.com/share/p/16cVHM9xCS/,3,0,11,11,0,0,0,0,0,0,https://www.facebook.com/100066461235650/posts/1019553063603392/?mibextid=rS40aB7S9Ucbxw6v
Por la vida de las mujeres,https://www.facebook.com/Porlavidadelasmujeres.Bolivia,2025-06-17,2013-12-19,no,16000,0,2025-05-08,post,https://www.facebook.com/share/p/15Zh7dzeHE/,4,5,26,9,1,1,5,0,10,0,"Un conflicto mal gestionado por un alcalde y un grupo de dirigentes -todos hombres- termina en violencia brutal contra varias mujeres, nada lo justifica, es el ejemplo … Ver más"
Por la vida de las mujeres,https://www.facebook.com/Porlavidadelasmujeres.Bolivia,2025-06-17,2013-12-19,no,16000,0,2025-05-08,post,https://www.facebook.com/share/p/1EXJTxiMPQ/,2,0,1,1,0,0,0,0,0,0,Realidades para nuevos pensares: machismos en los espacios digitales y pedagogías de la crueldad 
Por la vida de las mujeres,https://www.facebook.com/Porlavidadelasmujeres.Bolivia,2025-06-17,2013-12-19,no,16000,0,2025-05-11,post,https://www.facebook.com/share/p/1AgcBUqdQW/,3,0,7,4,0,0,0,0,0,3,"SER MADRE, A QUÉ COSTO? El tipo de desigualdades que nos hacen pensar y decidir por parir o no, cuando podemos decidir."
Por la vida de las mujeres,https://www.facebook.com/Porlavidadelasmujeres.Bolivia,2025-06-17,2013-12-19,no,16000,0,2025-05-12,post,https://www.facebook.com/share/p/1Ba7vsqXsc/,2,0,12,10,0,2,0,0,0,0,Así es vivir en la sociedad machista!… Ver más
Por la vida de las mujeres,https://www.facebook.com/Porlavidadelasmujeres.Bolivia,2025-05-23,2013-12-19,no,16000,0,2025-05-18,post,not-found-post-url-18113,0,0,,0,0,0,0,0,0,0,"Si no es con ternura, es lo mismo de siempre"
Por la vida de las mujeres,https://www.facebook.com/Porlavidadelasmujeres.Bolivia,2025-05-22,2013-12-19,no,16000,0,2025-05-18,post,not-found-post-url--256195,0,0,,0,0,0,0,0,0,0,"Si no es con ternura, es lo mismo de siempre"
Por la vida de las mujeres,https://www.facebook.com/Porlavidadelasmujeres.Bolivia,2025-06-17,2013-12-19,no,16000,0,2025-05-18,post,https://www.facebook.com/share/p/1HqdNJkXvS/,4,0,10,8,2,0,0,0,0,0,"Si no es con ternura, es lo mismo de siempre"
Por la vida de las mujeres,https://www.facebook.com/Porlavidadelasmujeres.Bolivia,2025-06-17,2013-12-19,no,16000,0,2025-05-25,post,https://www.facebook.com/share/p/162LW1sHBv/,0,0,11,10,0,1,0,0,0,0,Decisiones responsables para una humanidad compleja y para un mundo en riesgo...… Ver más
Por la vida de las mujeres,https://www.facebook.com/Porlavidadelasmujeres.Bolivia,2025-06-17,2013-12-19,no,16000,0,2025-05-25,post,https://www.facebook.com/share/p/1B6Uzyc5k8/,0,0,7,7,0,0,0,0,0,0,"Las crisis y las guerras terminan en las espaldas de las mujeres, que deben administrar las miserias del patriarcado para alimentar a sus hijxs. Su corrupción, sus elec… Ver más"
Por la vida de las mujeres,https://www.facebook.com/Porlavidadelasmujeres.Bolivia,2025-06-02,2013-12-19,no,16000,0,2025-05-26,post,https://www.facebook.com/share/p/1Jat2juRYM/,0,0,,0,0,0,0,0,0,0,https://www.facebook.com/100069134842039/posts/1029385569375928/?mibextid=rS40aB7S9Ucbxw6v
Por la vida de las mujeres,https://www.facebook.com/Porlavidadelasmujeres.Bolivia,2025-06-17,2013-12-19,no,16000,0,2025-05-26,post,https://www.facebook.com/share/p/16bJGDAYph/,0,0,2,0,0,0,2,0,0,0,https://www.facebook.com/100069134842039/posts/1029385569375928/?mibextid=rS40aB7S9Ucbxw6v
Por la vida de las mujeres,https://www.facebook.com/Porlavidadelasmujeres.Bolivia,2025-06-17,2013-12-19,no,16000,0,2025-05-27,post,https://www.facebook.com/share/p/16FW9PumKw/,0,0,2,1,1,0,0,0,0,0,"Día de la madre boliviana, en medio de la crisis económica, el machismo de las elecciones nacionales de agosto y del trabajo doméstico que nunca acaba"
Por la vida de las mujeres,https://www.facebook.com/Porlavidadelasmujeres.Bolivia,2025-06-17,2013-12-19,no,16000,0,2025-05-27,post,https://www.facebook.com/share/p/1AGHCJ3qvA/,3,1,26,20,5,0,0,0,0,1,Cuando la soledad también es una opción de libertad
Por la vida de las mujeres,https://www.facebook.com/Porlavidadelasmujeres.Bolivia,2025-06-02,2013-12-19,no,16000,0,2025-05-27,post,https://www.facebook.com/share/p/1HMjkajd8Z/,0,0,,0,0,0,0,0,0,0,"Día de la madre boliviana, en medio de la crisis económica, el machismo de las elecciones nacionales de agosto y del trabajo doméstico que nunca acaba"
Por la vida de las mujeres,https://www.facebook.com/Porlavidadelasmujeres.Bolivia,2025-06-02,2013-12-19,no,16000,0,2025-05-27,post,https://www.facebook.com/share/p/12Gqyx816KF/,3,1,,0,0,0,0,0,0,0,Cuando la soledad también es una opción de libertad
Por la vida de las mujeres,https://www.facebook.com/Porlavidadelasmujeres.Bolivia,2025-06-02,2013-12-19,no,16000,0,2025-05-28,post,https://www.facebook.com/share/p/1WWo7pTBdt/,0,0,,0,0,0,0,0,0,0,"También se vale 
h… Ver más"
Por la vida de las mujeres,https://www.facebook.com/Porlavidadelasmujeres.Bolivia,2025-06-17,2013-12-19,no,16000,0,2025-05-28,post,https://www.facebook.com/share/p/1FuaeveXZF/,0,0,5,4,1,0,0,0,0,0,"También se vale 
h… Ver más"
Por la vida de las mujeres,https://www.facebook.com/Porlavidadelasmujeres.Bolivia,2025-06-02,2013-12-19,no,16000,0,2025-05-29,post,https://www.facebook.com/share/p/19LEgo5ij7/,9,0,,0,0,0,0,0,0,0,h… Ver más
Por la vida de las mujeres,https://www.facebook.com/Porlavidadelasmujeres.Bolivia,2025-06-17,2013-12-19,no,16000,0,2025-05-29,post,https://www.facebook.com/share/p/16X9CkXJyL/,9,0,65,42,22,0,0,0,0,1,h… Ver más
Por la vida de las mujeres,https://www.facebook.com/Porlavidadelasmujeres.Bolivia,2025-06-02,2013-12-19,no,16000,0,2025-05-31,post,https://www.facebook.com/share/p/18xt9gc9hm/,0,0,,0,0,0,0,0,0,0,"Sus guerras patriarcales, imperialistas, gen0cid4s y encubiertas por su fe: no hay peor odio que el ""amor"" de un sionista por Sión… Ver más"
Por la vida de las mujeres,https://www.facebook.com/Porlavidadelasmujeres.Bolivia,2025-06-02,2013-12-19,no,16000,0,2025-06-01,post,https://www.facebook.com/share/p/1EeHxiJLVb/,0,0,,0,0,0,0,0,0,0,Nuestros sueños no caben en sus urnas!!!… Ver más
Por la vida de las mujeres,https://www.facebook.com/Porlavidadelasmujeres.Bolivia,2025-06-17,2013-12-19,no,16000,0,2025-06-01,post,https://www.facebook.com/share/p/1AkHG7HZbi/,0,0,5,4,1,0,0,0,0,0,Nuestros sueños no caben en sus urnas!!!… Ver más
Por la vida de las mujeres,https://www.facebook.com/Porlavidadelasmujeres.Bolivia,2025-06-17,2013-12-19,no,16000,0,2025-06-01,post,2025-06-01,0,0,0,0,0,0,0,0,0,0,
Por la vida de las mujeres,https://www.facebook.com/Porlavidadelasmujeres.Bolivia,2025-06-10,2013-12-19,no,16000,0,2025-06-03,post,https://www.facebook.com/share/p/1C8FGngFEh/,1,0,4,0,0,0,0,0,0,0,"Lo que piden // Lo que ofrecen 
… Ver más"
Por la vida de las mujeres,https://www.facebook.com/Porlavidadelasmujeres.Bolivia,2025-06-10,2013-12-19,no,16000,0,2025-06-03,post,https://www.facebook.com/share/p/16ne6GCt9A/,0,0,3,0,0,0,0,0,0,0,"No estamos seguras en nuestras casas, con nuestro padres, tíos, primos.
No estamos seguras en la universidad, con nuestros maestros, compañeros de clase.… Ver más"
Por la vida de las mujeres,https://www.facebook.com/Porlavidadelasmujeres.Bolivia,2025-06-10,2013-12-19,no,16000,0,2025-06-03,post,https://www.facebook.com/share/p/14FMCkPHuTz/,1,0,9,0,0,0,0,0,0,0,Y en los 40 te pones mejorrr que piorrr 
Por la vida de las mujeres,https://www.facebook.com/Porlavidadelasmujeres.Bolivia,2025-06-17,2013-12-19,no,16000,0,2025-06-03,post,https://www.facebook.com/share/p/15BSERYNWa/,1,0,4,4,0,0,0,0,0,0,"Lo que piden // Lo que ofrecen 
… Ver más"
Por la vida de las mujeres,https://www.facebook.com/Porlavidadelasmujeres.Bolivia,2025-06-17,2013-12-19,no,16000,0,2025-06-03,post,https://www.facebook.com/share/p/1DPzegjhfz/,0,0,3,3,0,0,0,0,0,0,"No estamos seguras en nuestras casas, con nuestro padres, tíos, primos.
No estamos seguras en la universidad, con nuestros maestros, compañeros de clase.… Ver más"
Por la vida de las mujeres,https://www.facebook.com/Porlavidadelasmujeres.Bolivia,2025-06-17,2013-12-19,no,16000,0,2025-06-03,post,https://www.facebook.com/share/p/1ENQYctjDP/,1,0,9,5,4,0,0,0,0,0,Y en los 40 te pones mejorrr que piorrr 
Por la vida de las mujeres,https://www.facebook.com/Porlavidadelasmujeres.Bolivia,2025-06-10,2013-12-19,no,16000,0,2025-06-04,post,https://www.facebook.com/share/p/19BoUeQF9T/,4,0,42,0,0,0,0,0,0,0,"De los autores de: ""no pinten las paredes donde me orino"", ahora llega el: ""no pinten el paso de cebra que nunca respeto"".… Ver más"
Por la vida de las mujeres,https://www.facebook.com/Porlavidadelasmujeres.Bolivia,2025-06-17,2013-12-19,no,16000,0,2025-06-04,post,https://www.facebook.com/share/p/19Ezdad5k4/,4,0,43,29,11,1,0,0,0,2,"De los autores de: ""no pinten las paredes donde me orino"", ahora llega el: ""no pinten el paso de cebra que nunca respeto"".… Ver más"
Por la vida de las mujeres,https://www.facebook.com/Porlavidadelasmujeres.Bolivia,2025-06-17,2013-12-19,no,16000,0,2025-06-08,post,https://www.facebook.com/share/p/18SxkY9Vze/,1,0,3,2,0,0,0,0,0,1,"La voz de una mujer latina frente al f4c1sm0, la generación que nació gritando en las calles de su barrio: ""el pueblo unido, jamás será vencido""; ahora lo grita en las … Ver más"
Por la vida de las mujeres,https://www.facebook.com/Porlavidadelasmujeres.Bolivia,2025-06-10,2013-12-19,no,16000,0,2025-06-08,post,https://www.facebook.com/share/p/1FBm2MSrwd/,1,0,3,0,0,0,0,0,0,0,"La voz de una mujer latina frente al f4c1sm0, la generación que nació gritando en las calles de su barrio: ""el pueblo unido, jamás será vencido""; ahora lo grita en las … Ver más"
Por la vida de las mujeres,https://www.facebook.com/Porlavidadelasmujeres.Bolivia,2025-06-17,2013-12-19,no,16000,0,2025-06-09,post,https://www.facebook.com/share/p/1FvpU67KH1/,0,0,21,11,10,0,0,0,0,0,
Por la vida de las mujeres,https://www.facebook.com/Porlavidadelasmujeres.Bolivia,2025-06-10,2013-12-19,no,16000,0,2025-06-09,post,https://www.facebook.com/share/p/1FL2UCoJzb/,0,0,3,0,0,0,0,0,0,0,"Son mu3rt3s políticas, no ""pasionales"": mujeres que transgredieron el orden y la ley del patriarcado. 
Son 35 reconocidas por el E$tado pero triplican si contamos las n… Ver más"
Por la vida de las mujeres,https://www.facebook.com/Porlavidadelasmujeres.Bolivia,2025-06-17,2013-12-19,no,16000,0,2025-06-09,post,https://www.facebook.com/share/p/1FunJ6tBMm/,1,0,7,4,0,0,2,1,0,0,"Son mu3rt3s políticas, no ""pasionales"": mujeres que transgredieron el orden y la ley del patriarcado. 
Son 35 reconocidas por el E$tado pero triplican si contamos las n… Ver más"
Por la vida de las mujeres,https://www.facebook.com/Porlavidadelasmujeres.Bolivia,2025-06-10,2013-12-19,no,16000,0,2025-06-09,post,https://www.facebook.com/share/p/18F7R5DQx4/,0,0,19,0,0,0,0,0,0,0,
Por la vida de las mujeres,https://www.facebook.com/Porlavidadelasmujeres.Bolivia,2025-06-17,2013-12-19,no,16000,0,2025-06-10,post,https://www.facebook.com/share/p/1EeuuHpJs1/,0,0,5,4,0,1,0,0,0,0,"Receta para un negocio capitalista rentable: bajas la calidad, sacrificas al consumidorx y el medio ambiente. No falla "
Por la vida de las mujeres,https://www.facebook.com/Porlavidadelasmujeres.Bolivia,2025-06-17,2013-12-19,no,16000,0,2025-06-11,post,https://www.facebook.com/share/p/14qpQi1FcD/,0,0,6,3,2,0,0,0,0,1,Solidaridad frente al f4cs1sm0… Ver más
Por la vida de las mujeres,https://www.facebook.com/Porlavidadelasmujeres.Bolivia,2025-06-17,2013-12-19,no,16000,0,2025-06-13,post,https://www.facebook.com/share/p/16waxwUhDh/,2,0,17,2,0,0,12,0,3,0,"Nuestras madres no nos parieron para buscarnos pegando carteles en postes, para recoger nuestros pedazos en bolsas, para buscar nuestras partes en las esquinas y los ba… Ver más"
Por la vida de las mujeres,https://www.facebook.com/Porlavidadelasmujeres.Bolivia,2025-06-17,2013-12-19,no,16000,0,2025-06-15,post,https://www.facebook.com/share/p/1CBnKFJydb/,0,0,0,0,0,0,0,0,0,0,"Cosas que tienen que arder 
#TrumpFascism #InmigrantesUnidos… Ver más"
