nombre perfil,url perfil,candidato identificado,creación del perfil,seguidores,seguidos,fecha post,tipo de post,url post,comparticiones,comentarios,reacciones en total,me gusta,me encanta,me divierte,me entristece,me sorprende,me enoja,me importa,contenido
Roxana Duchên,https://www.facebook.com/RoxanaDuchenn,no,2015-03-11,59000,0,2025-02-03,post,https://www.facebook.com/share/v/19Ne35wF9Y/,96,886,1200,202,6,1000,5,7,19,1,Lo que deberían banear de su vida son los carbohidratos 
Roxana Duchên,https://www.facebook.com/RoxanaDuchenn,no,2015-03-11,59000,0,2025-02-03,post,https://www.facebook.com/share/p/1CH2GtKVeW/,64,6,153,136,3,1,1,0,12,0,Buen día! Excelente semana!
Roxana Duchên,https://www.facebook.com/RoxanaDuchenn,no,2015-03-11,59000,0,2025-02-04,post,https://www.facebook.com/share/p/1C7rXmcbQ9/,40,8,159,146,12,1,0,0,0,0,Buen día!
Roxana Duchên,https://www.facebook.com/RoxanaDuchenn,no,2015-03-11,59000,0,2025-02-04,post,https://www.facebook.com/share/p/1CanMV7PeW/,128,38,933,0,0,0,0,0,0,0,Me quieren decir que las tortugas ninja siempre tuvieron inclusión real? 
Roxana Duchên,https://www.facebook.com/RoxanaDuchenn,no,2015-03-11,59000,0,2025-02-05,post,https://www.facebook.com/share/p/1J5SM5YbXF/,104,20,275,265,9,0,1,0,0,0,Buen día!
Roxana Duchên,https://www.facebook.com/RoxanaDuchenn,no,2015-03-11,59000,0,2025-02-06,post,https://www.facebook.com/share/p/1JWo3NX5uN/,36,3,105,0,0,0,0,0,0,0,Buen día!
Roxana Duchên,https://www.facebook.com/RoxanaDuchenn,no,2015-03-11,59000,0,2025-02-07,post,https://www.facebook.com/share/p/16WteZVAJG/,32,11,120,0,0,0,0,0,0,0,Buen día...
Roxana Duchên,https://www.facebook.com/RoxanaDuchenn,no,2015-03-11,59000,0,2025-02-10,post,https://www.facebook.com/share/p/1FvM6ha7i7/,120,17,356,316,39,0,0,0,0,1,Buen día!
Roxana Duchên,https://www.facebook.com/RoxanaDuchenn,no,2015-03-11,59000,0,2025-02-11,post,https://www.facebook.com/share/p/1C1eCMtmmY/,140,9,382,303,75,0,0,1,0,3,Buen día!
Roxana Duchên,https://www.facebook.com/RoxanaDuchenn,no,2015-03-11,59000,0,2025-02-11,post,https://www.facebook.com/share/p/16tZ2kRTKw/,316,65,1500,895,452,122,0,2,0,39,Jajaja adoro los finales felices
Roxana Duchên,https://www.facebook.com/RoxanaDuchenn,no,2015-03-11,59000,0,2025-02-12,post,https://www.facebook.com/share/p/1FrTqVyD8U/,77,2,181,161,19,0,0,0,0,1,Buen día!
Roxana Duchên,https://www.facebook.com/RoxanaDuchenn,no,2015-03-11,59000,0,2025-02-13,post,https://www.facebook.com/share/p/1DuoHJ4vPM/,19,2,94,89,5,0,0,0,0,0,Buen día!
Roxana Duchên,https://www.facebook.com/RoxanaDuchenn,no,2015-03-11,59000,0,2025-02-17,post,https://www.facebook.com/share/p/16PBg7fhhe/,83,5,192,172,18,1,1,0,0,0,Buen día! Excelente semana!
Roxana Duchên,https://www.facebook.com/RoxanaDuchenn,no,2015-03-11,59000,0,2025-02-18,post,https://www.facebook.com/share/p/1AXgD5SN3S/,55,4,162,144,15,2,0,0,0,1,Buen día!
Roxana Duchên,https://www.facebook.com/RoxanaDuchenn,no,2015-03-11,59000,0,2025-02-19,post,https://www.facebook.com/share/p/14Hf2DXBgdQ/,149,16,365,0,0,0,0,0,0,0,Buen día!
Roxana Duchên,https://www.facebook.com/RoxanaDuchenn,no,2015-03-11,59000,0,2025-02-20,post,https://www.facebook.com/share/p/16kmqv32pi/,200,16,419,374,36,8,0,1,0,0,Buen día!
Roxana Duchên,https://www.facebook.com/RoxanaDuchenn,no,2015-03-11,59000,0,2025-02-21,post,https://www.facebook.com/share/p/1AZeMKQDth/,918,463,4200,2600,823,616,5,66,2,50,"Increíble la recuperación de Demi Lovato!!
Adiós al wokismo!!… Ver más"
Roxana Duchên,https://www.facebook.com/RoxanaDuchenn,no,2015-03-11,59000,0,2025-02-24,post,https://www.facebook.com/share/p/14xEYSkcGB/,75,3,198,173,23,1,0,1,0,0,Buen día!
Roxana Duchên,https://www.facebook.com/RoxanaDuchenn,no,2015-03-11,59000,0,2025-02-26,post,https://www.facebook.com/share/p/16fuChSzbw/,70,7,185,0,0,0,0,0,0,0,Buen día!
Roxana Duchên,https://www.facebook.com/RoxanaDuchenn,no,2015-03-11,59000,0,2025-02-27,post,https://www.facebook.com/share/p/15Xi8AuACQ/,69,280,897,65,3,730,6,10,83,0,Las luchonas o luchones de alto valor están cada vez más raros 
Roxana Duchên,https://www.facebook.com/RoxanaDuchenn,no,2015-03-11,59000,0,2025-02-27,post,https://www.facebook.com/share/p/1BshCwgVxb/,46,4,134,0,0,0,0,0,0,0,Buen día!
Roxana Duchên,https://www.facebook.com/RoxanaDuchenn,no,2015-03-11,59000,0,2025-02-28,post,https://www.facebook.com/share/p/1ZtFG9N1Yt/,41,4,113,101,12,0,0,0,0,0,Buen día!! Excelente viernes!
Roxana Duchên,https://www.facebook.com/RoxanaDuchenn,no,2015-03-11,59000,0,2025-03-03,post,https://www.facebook.com/share/p/18xrmabRex/,19,57,405,104,2,285,0,12,1,1,Yo creo que Sean Penn es LGTV.
Roxana Duchên,https://www.facebook.com/RoxanaDuchenn,no,2015-03-11,59000,0,2025-03-04,post,https://www.facebook.com/share/p/1DetiM26mS/,54,3,159,142,16,1,0,0,0,0,Buen día!
Roxana Duchên,https://www.facebook.com/RoxanaDuchenn,no,2015-03-11,59000,0,2025-03-05,post,https://www.facebook.com/share/p/1FNFF9dSba/,336,15,690,646,17,1,17,0,4,5,Buen día!
Roxana Duchên,https://www.facebook.com/RoxanaDuchenn,no,2015-03-11,59000,0,2025-03-06,post,https://www.facebook.com/share/p/19TpzTsApD/,88,11,351,268,80,2,0,0,0,1,Buen día!!
Roxana Duchên,https://www.facebook.com/RoxanaDuchenn,no,2015-03-11,59000,0,2025-03-07,post,https://www.facebook.com/share/p/1CBqBzk6Qf/,622,172,1800,628,41,1100,2,6,2,10,"Ya vienen 
Caballeros están preparados para la batalla? … Ver más"
Roxana Duchên,https://www.facebook.com/RoxanaDuchenn,no,2015-03-11,59000,0,2025-03-07,post,https://www.facebook.com/share/p/16VzY1ghUo/,8000,1200,19000,6300,173,12000,130,38,27,37,"Todos los años la misma historia. 
#8M #8Meme"
Roxana Duchên,https://www.facebook.com/RoxanaDuchenn,no,2015-03-11,59000,0,2025-03-09,post,https://www.facebook.com/share/p/16jGrbnfhv/,215,88,529,308,2,12,44,13,148,2,"Chicas estudien! Para que no crean que destruyendo la fuente de trabajo de alguien, (encima de otra mujer) van a mejorar su país.… Ver más"
Roxana Duchên,https://www.facebook.com/RoxanaDuchenn,no,2015-03-11,59000,0,2025-03-09,post,https://www.facebook.com/share/p/1AxBCcJEfF/,40,14,285,148,3,133,1,0,0,0," Atención feministas, terminó el #8M! Simulacro de sororidad terminado!… Ver más"
Roxana Duchên,https://www.facebook.com/RoxanaDuchenn,no,2015-03-11,59000,0,2025-03-10,post,https://www.facebook.com/share/p/16bpgf463U/,39,5,171,149,19,1,2,0,0,0,Buen día!!! Excelente semana!
Roxana Duchên,https://www.facebook.com/RoxanaDuchenn,no,2015-03-11,59000,0,2025-03-11,post,https://www.facebook.com/share/p/19GkxSLaow/,120,50,340,0,0,0,0,0,0,0,Buen día!!
Roxana Duchên,https://www.facebook.com/RoxanaDuchenn,no,2015-03-11,59000,0,2025-03-11,post,https://www.facebook.com/share/p/1AmhSAWiuB/,4000,566,17000,0,0,0,0,0,0,0,Ay no puedo 
Roxana Duchên,https://www.facebook.com/RoxanaDuchenn,no,2015-03-11,59000,0,2025-03-11,post,https://www.facebook.com/share/p/1APcGV7uZH/,124,110,1200,0,0,0,0,0,0,0,Con razón el patriarcado siempre gana! Con eso no se aplasta nada! 
Roxana Duchên,https://www.facebook.com/RoxanaDuchenn,no,2015-03-11,59000,0,2025-03-12,post,https://www.facebook.com/share/p/19QPsLu4Dv/,169,73,483,456,24,2,0,0,0,1,Buen día!
Roxana Duchên,https://www.facebook.com/RoxanaDuchenn,no,2015-03-11,59000,0,2025-03-13,post,https://www.facebook.com/share/p/1JdzSq6fbc/,42,10,142,0,0,0,0,0,0,0,Buen día!
Roxana Duchên,https://www.facebook.com/RoxanaDuchenn,no,2015-03-11,59000,0,2025-03-13,post,https://www.facebook.com/share/p/1DmhJ8iktd/,1300,330,5600,3100,513,1900,2,6,2,42,"No puedo fingir que no! 
Tanta ofendide!"
Roxana Duchên,https://www.facebook.com/RoxanaDuchenn,no,2015-03-11,59000,0,2025-03-14,post,https://www.facebook.com/share/p/1AcXorVss4/,77,11,270,240,27,0,0,0,0,3,Buen día!
Roxana Duchên,https://www.facebook.com/RoxanaDuchenn,no,2015-03-11,59000,0,2025-03-17,post,https://www.facebook.com/share/p/16ctP7SLUA/,47,216,1000,208,1,852,1,1,3,0,"No importa que no se parezca en nada a la historia, además no hay nada como la inclusión forzada! 
Blanca nieves "
Roxana Duchên,https://www.facebook.com/RoxanaDuchenn,no,2015-03-11,59000,0,2025-03-17,post,https://www.facebook.com/share/p/1961NczwhD/,47,6,191,172,16,1,0,0,0,2,Buen día!! Excelente semana!
Roxana Duchên,https://www.facebook.com/RoxanaDuchenn,no,2015-03-11,59000,0,2025-03-19,post,https://www.facebook.com/share/p/1Aqaby2418/,30,17,285,198,77,0,1,0,0,9,"Hoy es el día del padre en varios países.
Quiero felicitar a todos los papás de nuestra linda comunidad! … Ver más"
Roxana Duchên,https://www.facebook.com/RoxanaDuchenn,no,2015-03-11,59000,0,2025-03-19,post,https://www.facebook.com/share/p/1HqC4cJ87B/,394,17,781,751,21,0,5,2,1,1,Buen día! … Ver más
Roxana Duchên,https://www.facebook.com/RoxanaDuchenn,no,2015-03-11,59000,0,2025-03-20,post,https://www.facebook.com/share/p/16ckjWdCmB/,73,3,200,169,29,1,0,0,0,1,Buen día!!!
Roxana Duchên,https://www.facebook.com/RoxanaDuchenn,no,2015-03-11,59000,0,2025-03-21,post,https://www.facebook.com/share/p/16KYCUqvhB/,41,4,141,125,15,0,0,0,0,1,Buen día!
Roxana Duchên,https://www.facebook.com/RoxanaDuchenn,no,2015-03-11,59000,0,2025-03-22,post,https://www.facebook.com/share/p/1GLK2EYa8a/,416,164,1600,1000,203,385,0,9,2,17,Go woke! Go broke!
Roxana Duchên,https://www.facebook.com/RoxanaDuchenn,no,2015-03-11,59000,0,2025-03-22,post,https://www.facebook.com/share/v/15dw2wr2eh/,1,2,23,0,0,0,0,0,0,0,"Pero por lo menos no gobierna la derecha! No? 
… Ver más"
Roxana Duchên,https://www.facebook.com/RoxanaDuchenn,no,2015-03-11,59000,0,2025-03-24,post,https://www.facebook.com/share/p/1DnE2Lh719/,183,57,908,120,1,773,4,8,2,0,
Roxana Duchên,https://www.facebook.com/RoxanaDuchenn,no,2015-03-11,59000,0,2025-03-25,post,https://www.facebook.com/share/p/16P8h9Qx7f/,166,21,425,0,0,0,0,0,0,0,"Buen día!!
Huele a nuestro país!!"
Roxana Duchên,https://www.facebook.com/RoxanaDuchenn,no,2015-03-11,59000,0,2025-03-25,post,https://www.facebook.com/share/p/1EEixXptLX/,307,106,1400,143,1,1300,2,2,0,4,
Roxana Duchên,https://www.facebook.com/RoxanaDuchenn,no,2015-03-11,59000,0,2025-03-27,post,https://www.facebook.com/share/p/1NbrXxtfqC/,357,322,7100,0,0,0,0,0,0,0,"Ya, ahora sí el último"
Roxana Duchên,https://www.facebook.com/RoxanaDuchenn,no,2015-03-11,59000,0,2025-03-27,post,https://www.facebook.com/share/p/15hUNkf4qm/,58,3,177,163,13,0,1,0,0,0,Buen día!
Roxana Duchên,https://www.facebook.com/RoxanaDuchenn,no,2015-03-11,59000,0,2025-03-28,post,https://www.facebook.com/share/p/19WG7asPBq/,295,33,592,506,84,0,0,0,0,2,Buen día!
Roxana Duchên,https://www.facebook.com/RoxanaDuchenn,no,2015-03-11,59000,0,2025-03-31,post,https://www.facebook.com/share/p/1AZFoxMFWy/,101,13,334,0,0,0,0,0,0,0,Buen día!!!
Roxana Duchên,https://www.facebook.com/RoxanaDuchenn,no,2015-03-11,59000,0,2025-04-01,post,https://www.facebook.com/share/p/14JNtQwDkZz/,24,0,115,103,12,0,0,0,0,0,Buen día!
Roxana Duchên,https://www.facebook.com/RoxanaDuchenn,no,2015-03-11,59000,0,2025-04-02,post,https://www.facebook.com/share/p/1Ni4YmPDK7/,75,4,252,0,0,0,0,0,0,0,Buen día!
Roxana Duchên,https://www.facebook.com/RoxanaDuchenn,no,2015-03-11,59000,0,2025-04-02,post,https://www.facebook.com/share/p/19MAzk5ZB8/,518,74,2400,462,11,1900,0,3,1,6,
Roxana Duchên,https://www.facebook.com/RoxanaDuchenn,no,2015-03-11,59000,0,2025-04-03,post,https://www.facebook.com/share/p/16howkQrkz/,20,1,108,91,17,0,0,0,0,0,"Buen día!
Quienes se ofenden por la verdad"
Roxana Duchên,https://www.facebook.com/RoxanaDuchenn,no,2015-03-11,59000,0,2025-04-05,post,https://www.facebook.com/share/p/16xLBPwPq3/,1600,190,7100,1900,36,5100,3,27,1,5,"Esto de las fotos estilo Ghibli se está saliendo de control! 
Salen identificas!"
Roxana Duchên,https://www.facebook.com/RoxanaDuchenn,no,2015-03-11,59000,0,2025-04-06,post,https://www.facebook.com/share/p/16v1qMoJiC/,16,91,537,33,3,492,2,5,0,2,Uuuuuuy qué afortunado!
Roxana Duchên,https://www.facebook.com/RoxanaDuchenn,no,2015-03-11,59000,0,2025-04-06,post,https://www.facebook.com/share/p/16oHEwkv5A/,536,286,4300,1900,44,2200,15,11,1,10,Si Blanca Nieves fuera chico:
Roxana Duchên,https://www.facebook.com/RoxanaDuchenn,no,2015-03-11,59000,0,2025-04-09,post,https://www.facebook.com/share/p/12L7yuN21KM/,5,41,338,22,0,315,0,0,1,0,Aaaaaaaaaajjaajajaja querían un creeper con peluca y hormonas 
Roxana Duchên,https://www.facebook.com/RoxanaDuchenn,no,2015-03-11,59000,0,2025-04-11,post,https://www.facebook.com/share/p/1Ao8QiRY1d/,2000,2500,26000,15000,3700,6700,22,460,45,270,Justicia se llama...
Roxana Duchên,https://www.facebook.com/RoxanaDuchenn,no,2015-03-11,59000,0,2025-04-12,post,https://www.facebook.com/share/p/1AkecE6XUX/,125,922,4400,220,27,4100,12,19,16,5,Tan hetero como Juan Gabriel 
Roxana Duchên,https://www.facebook.com/RoxanaDuchenn,no,2015-03-11,59000,0,2025-04-13,post,https://www.facebook.com/share/p/1Xvnno4QdQ/,74,201,739,546,50,129,4,4,2,4,"Opiniones?
Personalmente no me gustan los tatuajes y no me haría ninguno."
Roxana Duchên,https://www.facebook.com/RoxanaDuchenn,no,2015-03-11,59000,0,2025-04-13,post,https://www.facebook.com/share/p/1YdTgf7nff/,24,346,695,80,9,592,2,8,2,2," La primera tripulación completamente femenina viajará al espacio este lunes a bordo del New Shepard de Blue Origin. 
L… Ver más"
Roxana Duchên,https://www.facebook.com/RoxanaDuchenn,no,2015-03-11,59000,0,2025-04-15,post,https://www.facebook.com/share/p/127EQ3HGgCK/,141,36,716,521,173,4,3,0,0,15,"Hace exactamente 113 años la valiente tripulación del #Titanic salvó al 70% de mujeres abordo, frente al 20% de hombres.… Ver más"
Roxana Duchên,https://www.facebook.com/RoxanaDuchenn,no,2015-03-11,59000,0,2025-04-17,post,https://www.facebook.com/share/p/16n7eWJLwJ/,647,1800,5200,3700,793,619,0,5,2,42,
Roxana Duchên,https://www.facebook.com/RoxanaDuchenn,no,2015-03-11,59000,0,2025-04-19,post,https://www.facebook.com/share/p/1Kov3HWMVY/,1700,182,6000,1300,35,4700,0,10,0,12,Millonario el psicólogo 
Roxana Duchên,https://www.facebook.com/RoxanaDuchenn,no,2015-03-11,59000,0,2025-04-20,post,https://www.facebook.com/share/p/1B4WSakZTA/,29,131,558,30,0,496,10,11,11,0,Khomoooooooooo que alguien me explique
Roxana Duchên,https://www.facebook.com/RoxanaDuchenn,no,2015-03-11,59000,0,2025-04-20,post,https://www.facebook.com/share/p/19odKtp6Ae/,585,676,5000,3000,41,1700,44,50,33,7,Se podía evitar con un buen padre 
Roxana Duchên,https://www.facebook.com/RoxanaDuchenn,no,2015-03-11,59000,0,2025-04-20,post,https://www.facebook.com/share/p/1FxNkoFeLS/,35,26,307,157,120,12,0,1,0,17,"El cuerpo de Karl Marx está en su tumba, Londres.… Ver más"
Roxana Duchên,https://www.facebook.com/RoxanaDuchenn,no,2015-03-11,59000,0,2025-04-20,post,https://www.facebook.com/share/p/1CByu84sA3/,3600,380,17000,14000,2400,62,104,71,1,130,Uyuyuyuyyyyyy
Roxana Duchên,https://www.facebook.com/RoxanaDuchenn,no,2015-03-11,59000,0,2025-04-20,post,https://www.facebook.com/share/p/1Aq7SFxFLP/,132,38,1000,156,6,923,1,3,0,1,
Roxana Duchên,https://www.facebook.com/RoxanaDuchenn,no,2015-03-11,59000,0,2025-04-22,post,https://www.facebook.com/share/p/16UPpV7ToJ/,106,83,1400,260,5,1200,0,1,0,3,Ya salió la muñeca menos esperada 
Roxana Duchên,https://www.facebook.com/RoxanaDuchenn,no,2015-03-11,59000,0,2025-04-22,post,https://www.facebook.com/share/p/16oiaa9Rkf/,211,275,1800,351,75,1400,0,12,11,10," Kerem Demir Bay: “Las mujeres deberían estar en la cocina”.
E… Ver más"
Roxana Duchên,https://www.facebook.com/RoxanaDuchenn,no,2015-03-11,59000,0,2025-04-23,post,https://www.facebook.com/share/p/16P4SE822W/,12,24,691,131,4,554,0,0,0,2,"Gracias Arigameplays! Salvaste a la abuelita de Felipe! 
E… Ver más"
Roxana Duchên,https://www.facebook.com/RoxanaDuchenn,no,2015-03-11,59000,0,2025-04-25,post,https://www.facebook.com/share/p/16KQ7A8FRy/,121,52,717,125,3,583,0,2,0,4," 
Ahora le dicen así?"
Roxana Duchên,https://www.facebook.com/RoxanaDuchenn,no,2015-03-11,59000,0,2025-04-25,post,https://www.facebook.com/share/p/16bbCVRUZV/,1600,4000,18000,6400,294,11000,229,150,7,67,El futuro de las trapo verde axila tupida 
Roxana Duchên,https://www.facebook.com/RoxanaDuchenn,no,2015-03-11,59000,0,2025-04-27,post,https://www.facebook.com/share/p/16dwEyZr8g/,30,4,401,124,4,269,0,0,0,4,Jajajaja si
Roxana Duchên,https://www.facebook.com/RoxanaDuchenn,no,2015-03-11,59000,0,2025-05-01,post,https://www.facebook.com/share/p/1G9TW3iQNj/,55,27,329,0,0,0,0,0,0,0,"Feliz día del trabajo! 
Feliz día a ti, que con tu esfuerzo pones el pan en tu mesa y procuras por ti mismo y por los tuyos! … Ver más"
Roxana Duchên,https://www.facebook.com/RoxanaDuchenn,no,2015-03-11,59000,0,2025-05-03,post,https://www.facebook.com/share/v/1GT1AQ7x3Q/,112,131,671,557,88,15,1,2,1,7,"Totalmente de acuerdo con el Temach 
Opiniones?"
Roxana Duchên,https://www.facebook.com/RoxanaDuchenn,no,2015-03-11,59000,0,2025-05-06,post,https://www.facebook.com/share/p/1BxtNMPmXH/,1,10,148,112,29,3,0,0,0,4,"Yo (y ustedes tb) hoy, después de publicar un facto ayer...
Buenas noches damas y caballeros! "
Roxana Duchên,https://www.facebook.com/RoxanaDuchenn,no,2015-03-11,59000,0,2025-05-07,post,https://www.facebook.com/share/p/1JgheXHAbF/,14,135,573,121,1,448,1,2,0,0,"Pq estos seres de luz lastiman mis sentimientos 
 
 está gente es un meme"
Roxana Duchên,https://www.facebook.com/RoxanaDuchenn,no,2015-03-11,59000,0,2025-05-08,post,https://www.facebook.com/share/p/1bara1oEWP/,104,20,427,106,3,314,4,0,0,0,Yo muy fan de Optimus Prime y también me cae bien Wendy 
Roxana Duchên,https://www.facebook.com/RoxanaDuchenn,no,2015-03-11,59000,0,2025-05-09,post,https://www.facebook.com/share/p/16QFbVhrGg/,242,223,1400,1200,193,8,0,1,0,10,"Decir la verdad no es discurso de odio. Qué no te guste la verdad es otra cosa.
Fin."
Roxana Duchên,https://www.facebook.com/RoxanaDuchenn,no,2015-03-11,59000,0,2025-05-10,post,https://www.facebook.com/share/p/1Ey4AyXnKa/,14,26,280,63,0,215,1,1,0,0,Jajajajajajaaaaaaaaa las empoderadas no defraudan 
Roxana Duchên,https://www.facebook.com/RoxanaDuchenn,no,2015-03-11,59000,0,2025-05-11,post,https://www.facebook.com/share/p/18qizX7S7v/,8,35,329,178,36,113,0,1,0,1,A ver si esto no censura Facebook 
Roxana Duchên,https://www.facebook.com/RoxanaDuchenn,no,2015-03-11,59000,0,2025-05-11,post,https://www.facebook.com/share/p/1AYSuMw8NY/,0,3,54,35,17,0,0,0,0,2,"Me dicen que es el día dew la madre en algunos países!!! 
Feliz día de la madre a todas las mujeres valientes que abrazan con amor y entrega su maternidad! … Ver más"
Roxana Duchên,https://www.facebook.com/RoxanaDuchenn,no,2015-03-11,59000,0,2025-05-11,post,https://www.facebook.com/share/p/18hcMDPNwQ/,0,2,46,31,15,0,0,0,0,0,
Roxana Duchên,https://www.facebook.com/RoxanaDuchenn,no,2015-03-11,59000,0,2025-05-11,post,https://www.facebook.com/share/p/1YtKEFAg6X/,558,222,2800,1100,19,1700,0,5,3,3,Tbt recuerdito
Roxana Duchên,https://www.facebook.com/RoxanaDuchenn,no,2015-03-11,59000,0,2025-05-11,post,https://www.facebook.com/share/p/1Eq5bKJz7y/,15,36,339,36,0,300,0,2,1,0,The last of us. Literalmente
Roxana Duchên,https://www.facebook.com/RoxanaDuchenn,no,2015-03-11,59000,0,2025-05-11,post,https://www.facebook.com/share/p/19Vfq1MYtU/,68,9,458,199,11,246,0,0,0,2,
Roxana Duchên,https://www.facebook.com/RoxanaDuchenn,no,2015-03-11,59000,0,2025-05-12,post,https://www.facebook.com/share/p/16Z3CiB3aP/,11,13,159,48,4,105,0,0,0,2,Ya abrieron el casting para el live action de Rapunzel! Esperemos que está vez Disney escoja bien!! 
Roxana Duchên,https://www.facebook.com/RoxanaDuchenn,no,2015-03-11,59000,0,2025-05-13,post,https://www.facebook.com/share/p/1AinPyBi4r/,43,6,287,84,3,199,1,0,0,0,Una broma en 2005 pero una importante aclaración en 2025 
Roxana Duchên,https://www.facebook.com/RoxanaDuchenn,no,2015-03-11,59000,0,2025-05-14,post,https://www.facebook.com/share/p/1M4tdY1urm/,24,0,121,116,4,0,0,0,0,1,Buen día!
Roxana Duchên,https://www.facebook.com/RoxanaDuchenn,no,2015-03-11,59000,0,2025-05-15,post,https://www.facebook.com/share/p/1BmNYMKSVV/,31,4,139,119,19,0,0,0,0,1,Buen día!
Roxana Duchên,https://www.facebook.com/RoxanaDuchenn,no,2015-03-11,59000,0,2025-05-15,post,https://www.facebook.com/share/p/1AdFhDhfhA/,75,10,359,239,104,1,0,8,0,7,Esto SI es inclusión! … Ver más
Roxana Duchên,https://www.facebook.com/RoxanaDuchenn,no,2015-03-11,59000,0,2025-05-16,post,https://www.facebook.com/share/p/16n99GBosx/,20000,1900,33000,0,0,0,0,0,0,0,Si... Un poco bizarre 
Roxana Duchên,https://www.facebook.com/RoxanaDuchenn,no,2015-03-11,59000,0,2025-05-16,post,https://www.facebook.com/share/p/15jUAz2djL/,195,120,1500,0,0,0,0,0,0,0,"Está on fire el papa León XIV 
 … Ver más"
Roxana Duchên,https://www.facebook.com/RoxanaDuchenn,no,2015-03-11,59000,0,2025-05-17,post,https://www.facebook.com/share/p/16P4vEuEMR/,132,14,585,0,0,0,0,0,0,0,La familia es la base de la sociedad
Roxana Duchên,https://www.facebook.com/RoxanaDuchenn,no,2015-03-11,59000,0,2025-05-17,post,https://www.facebook.com/share/p/16RqWGcDAT/,14,81,316,36,0,271,0,3,6,0,Y este SIMPático youtuber nadaqueveriento de dónde salió? 
Roxana Duchên,https://www.facebook.com/RoxanaDuchenn,no,2015-03-11,59000,0,2025-05-18,post,https://www.facebook.com/share/p/1CTfPyarQ7/,145,46,654,436,13,204,0,1,0,0,Noooooo quién lo diría!!! Una absoluta sorpresa!
Roxana Duchên,https://www.facebook.com/RoxanaDuchenn,no,2015-03-11,59000,0,2025-05-19,post,https://www.facebook.com/share/p/18z2vwccs5/,32,88,673,118,0,547,1,3,2,2,Confirmado para ser femi es requisito no saber biología 
Roxana Duchên,https://www.facebook.com/RoxanaDuchenn,no,2015-03-11,59000,0,2025-05-20,post,https://www.facebook.com/share/p/1AeYmetTWU/,57,14,226,201,21,3,0,0,1,0,Buen día!
Roxana Duchên,https://www.facebook.com/RoxanaDuchenn,no,2015-03-11,59000,0,2025-05-21,post,https://www.facebook.com/share/p/1YyHrLBJkh/,91,8,275,0,0,0,0,0,0,0,Buen día!
Roxana Duchên,https://www.facebook.com/RoxanaDuchenn,no,2015-03-11,59000,0,2025-05-21,post,https://www.facebook.com/share/p/15TsbJ61ii/,50,71,740,566,75,92,0,5,0,2,Basado don Agustin Laje
Roxana Duchên,https://www.facebook.com/RoxanaDuchenn,no,2015-03-11,59000,0,2025-05-21,post,https://www.facebook.com/share/p/1BpgUHzNsh/,416,1100,20000,0,0,0,0,0,0,0,"Según la prensa: Bella Ramsey está furiosa tras ver una serie de memes sobre su escena: ""Voy a ser papá"". Exigió demandar a las personas u organizaciones que se burlaro… Ver más"
Roxana Duchên,https://www.facebook.com/RoxanaDuchenn,no,2015-03-11,59000,0,2025-05-22,post,https://www.facebook.com/share/p/1AbV3gNBaB/,629,664,4300,688,6,3600,1,10,2,2,Haberlo sabido antes!!!!!!… Ver más
Roxana Duchên,https://www.facebook.com/RoxanaDuchenn,no,2015-03-11,59000,0,2025-05-23,post,https://www.facebook.com/share/p/19jJLxeQj2/,38,2,178,159,17,1,0,1,0,0,Buen día!
Roxana Duchên,https://www.facebook.com/RoxanaDuchenn,no,2015-03-11,59000,0,2025-05-25,post,https://www.facebook.com/share/p/16NVmCLQ5b/,80,18,604,157,8,437,0,0,0,2,Soy toda una empresaria y con mentalidad de TI BU RON!
Roxana Duchên,https://www.facebook.com/RoxanaDuchenn,no,2015-03-11,59000,0,2025-05-26,post,https://www.facebook.com/share/p/16RXeeJneg/,154,22,454,428,13,6,2,0,0,5,Buen día! Excelente semana!
Roxana Duchên,https://www.facebook.com/RoxanaDuchenn,no,2015-03-11,59000,0,2025-05-27,post,https://www.facebook.com/share/p/1J8u1NGDo2/,29,18,159,150,5,3,1,0,0,0,"Buen día! 
Hablando de empleados públicos..."
Roxana Duchên,https://www.facebook.com/RoxanaDuchenn,no,2015-03-11,59000,0,2025-05-30,post,https://www.facebook.com/share/p/16KMGKSJ6q/,14,0,102,84,13,2,1,1,0,1,Buen día!
Roxana Duchên,https://www.facebook.com/RoxanaDuchenn,no,2015-03-11,59000,0,2025-05-31,post,https://www.facebook.com/share/p/19cUdizkuZ/,26,47,370,0,0,0,0,0,0,0,Pobre compa 
Roxana Duchên,https://www.facebook.com/RoxanaDuchenn,no,2015-03-11,59000,0,2025-05-31,post,https://www.facebook.com/share/p/1P2q5f1NRT/,50,76,428,226,4,160,29,6,1,2,
Roxana Duchên,https://www.facebook.com/RoxanaDuchenn,no,2015-03-11,59000,0,2025-06-01,post,https://www.facebook.com/share/p/1AJbTCguSB/,108,58,598,144,3,448,1,1,0,1,Este mes nos da muuuucho material 
Roxana Duchên,https://www.facebook.com/RoxanaDuchenn,no,2015-03-11,59000,0,2025-06-01,post,https://www.facebook.com/share/p/19j3KmT3P7/,71,91,560,0,0,0,0,0,0,0,Dejen sus mejores memes para re distribuirlos jajaja
Roxana Duchên,https://www.facebook.com/RoxanaDuchenn,no,2015-03-11,59000,0,2025-06-03,post,https://www.facebook.com/share/p/19FA1X1EHu/,45,5,194,174,14,5,1,0,0,0,Buen día!
Roxana Duchên,https://www.facebook.com/RoxanaDuchenn,no,2015-03-11,59000,0,2025-06-04,post,https://www.facebook.com/share/p/18xDWdZnz3/,768,976,9600,6400,2600,363,4,8,15,132,"En mi ciudad en Bolivia 
 duró una noche el arcoiris en un paso de cebra!
E… Ver más"
Roxana Duchên,https://www.facebook.com/RoxanaDuchenn,no,2015-03-11,59000,0,2025-06-05,post,https://www.facebook.com/share/p/1BjGcPHHkY/,44,2,235,215,16,0,0,0,0,2,Buen diaaaaa
Roxana Duchên,https://www.facebook.com/RoxanaDuchenn,no,2015-03-11,59000,0,2025-06-06,post,https://www.facebook.com/share/p/1AcPtzbPYq/,0,3,166,153,10,3,0,0,0,0,Buen día!
Roxana Duchên,https://www.facebook.com/RoxanaDuchenn,no,2015-03-11,59000,0,2025-06-06,post,https://www.facebook.com/share/p/192mcneScv/,14,44,292,232,53,4,0,0,0,3,A mis amigos de Bolivia
Roxana Duchên,https://www.facebook.com/RoxanaDuchenn,no,2015-03-11,59000,0,2025-06-07,post,https://www.facebook.com/share/p/1Ed9QNwgc5/,82,27,745,143,5,593,1,3,0,0,"Eso explica muchoooooo. 
… Ver más"
Roxana Duchên,https://www.facebook.com/RoxanaDuchenn,no,2015-03-11,59000,0,2025-06-08,post,https://www.facebook.com/share/p/16rZwHobFC/,53,17,314,146,7,157,1,2,0,1,No será eso herrmana?
Roxana Duchên,https://www.facebook.com/RoxanaDuchenn,no,2015-03-11,59000,0,2025-06-08,post,https://www.facebook.com/share/p/1YebXJnW7w/,1300,2000,15000,2400,137,12000,138,90,3,36,
Roxana Duchên,https://www.facebook.com/RoxanaDuchenn,no,2015-03-11,59000,0,2025-06-08,post,https://www.facebook.com/share/p/1L6CC6uqNR/,16000,2900,68000,11000,361,55000,138,350,46,127,
Roxana Duchên,https://www.facebook.com/RoxanaDuchenn,no,2015-03-11,59000,0,2025-06-09,post,https://www.facebook.com/share/p/15tA2mhZtq/,116,61,1500,1000,397,6,0,2,0,31,Si Bob!
Roxana Duchên,https://www.facebook.com/RoxanaDuchenn,no,2015-03-11,59000,0,2025-06-11,post,https://www.facebook.com/share/p/1AuAHgijxR/,21,9,112,0,0,0,0,0,0,0,Buen día!!
Roxana Duchên,https://www.facebook.com/RoxanaDuchenn,no,2015-03-11,59000,0,2025-06-11,post,https://www.facebook.com/share/p/1CU64NqjJ1/,1100,423,4600,1300,31,3200,10,8,2,9,Cualquier parecido con la realidad es pura coincidencia! 
Roxana Duchên,https://www.facebook.com/RoxanaDuchenn,no,2015-03-11,59000,0,2025-06-12,post,https://www.facebook.com/share/p/164obHbU8G/,46,17,299,0,0,0,0,0,0,0,Buen día!!
Roxana Duchên,https://www.facebook.com/RoxanaDuchenn,no,2015-03-11,59000,0,2025-06-12,post,https://www.facebook.com/share/p/1ENGjvoh6D/,61,39,761,463,168,121,0,2,0,7,J.K. Rowling en medio de la tormenta nuevamente.
Roxana Duchên,https://www.facebook.com/RoxanaDuchenn,no,2015-03-11,59000,0,2025-06-15,post,https://www.facebook.com/share/p/1XWUwnJ8i5/,2,9,89,64,21,1,0,0,0,3,"Una disculpa por la tardanza, para mí el día del padre es el 19 de marzo! … Ver más"
