nombre perfil,url perfil,candidato identificado,creación del perfil,seguidores,seguidos,fecha post,tipo de post,url post,comparticiones,comentarios,reacciones en total,me gusta,me encanta,me divierte,me entristece,me sorprende,me enoja,me importa,contenido
AZUCENA ALEJANDRA FUERTES MAMANI,https://www.facebook.com/AzucenaFuertesPotosi,sí,2016-08-16,9700,0,2025-07-22,post,https://www.facebook.com/share/p/1JMRAPNaVR/,1,10,31,23,6,0,0,0,0,2,"Enfocamos nuestra campaña en la salud popular. 
UNIDAD POR LA SALUD es un gesto de empatía que simboliza que sabemos cuáles son las prioridades de la población.… Ver más"
AZUCENA ALEJANDRA FUERTES MAMANI,https://www.facebook.com/AzucenaFuertesPotosi,sí,2016-08-16,9700,0,2025-07-22,post,https://www.facebook.com/share/p/16ctGY2ns5/,1,4,37,28,8,0,0,0,0,1,Agradecemos a nuestro equipo médico por ser parte de Unidad Por La Salud. ¡Seguiremos recorriendo los diferentes distritos de Potosí para atender las necesidades de los… Ver más
AZUCENA ALEJANDRA FUERTES MAMANI,https://www.facebook.com/AzucenaFuertesPotosi,sí,2016-08-16,9700,0,2025-07-22,post,https://www.facebook.com/share/p/1D7p5pQz9M/,5,2,21,14,5,0,0,0,0,2,UNIDAD POR LA SALUD MERCADO CAMPESINO … Ver más
AZUCENA ALEJANDRA FUERTES MAMANI,https://www.facebook.com/AzucenaFuertesPotosi,sí,2016-08-16,9700,0,2025-07-23,post,https://www.facebook.com/share/v/1CJ7SymXJU/,1,8,40,0,0,0,0,0,0,0,UNIDAD POR LA SALUD ZONA SAN BENITO. Estuvimos en el distrito 8 con nuestro equipo médico para brindar control de presión gratuito!
AZUCENA ALEJANDRA FUERTES MAMANI,https://www.facebook.com/AzucenaFuertesPotosi,sí,2016-08-16,9700,0,2025-07-24,post,https://www.facebook.com/share/p/19P7A4qagk/,1,4,18,10,4,0,0,0,0,4,¡Nos encontramos en el Mercado Uyuni!.
AZUCENA ALEJANDRA FUERTES MAMANI,https://www.facebook.com/AzucenaFuertesPotosi,sí,2016-08-16,9700,0,2025-07-25,post,https://www.facebook.com/share/p/1B6TSJwbFp/,8,16,25,18,6,0,0,0,0,1,¡Este sábado continuamos con los cursos gratuitos de primeros auxilios! … Ver más
AZUCENA ALEJANDRA FUERTES MAMANI,https://www.facebook.com/AzucenaFuertesPotosi,sí,2016-08-16,9700,0,2025-07-26,post,https://www.facebook.com/share/p/18T1dADbKk/,9,39,137,81,26,26,0,1,1,2,"Samuel Doria Medina  es, ante todo, un gran ser humano. Lo que muchos no ven —porque no sale ni el 0,1% en los medios— es su inmensa capacidad de empatía, su humanidad … Ver más"
AZUCENA ALEJANDRA FUERTES MAMANI,https://www.facebook.com/AzucenaFuertesPotosi,sí,2016-08-16,9700,0,2025-07-27,post,https://www.facebook.com/share/p/19oFtCd2En/,3,7,20,15,4,0,0,0,0,1,¡UNIDAD POR LA SALUD EL CALVARIO!… Ver más
AZUCENA ALEJANDRA FUERTES MAMANI,https://www.facebook.com/AzucenaFuertesPotosi,sí,2016-08-16,9700,0,2025-07-28,post,https://www.facebook.com/share/p/1AEqfhDjEb/,2,10,27,20,7,0,0,0,0,0,¡Control de presión arterial en el Mercado Uyuni!… Ver más
AZUCENA ALEJANDRA FUERTES MAMANI,https://www.facebook.com/AzucenaFuertesPotosi,sí,2016-08-16,9700,0,2025-07-28,post,https://www.facebook.com/share/p/1A6QjME8Dq/,3,5,18,14,3,0,0,0,0,1,¡UNIDAD POR LA SALUD EN MERCADO CAMPESINO!… Ver más
AZUCENA ALEJANDRA FUERTES MAMANI,https://www.facebook.com/AzucenaFuertesPotosi,sí,2016-08-16,9700,0,2025-07-28,post,https://www.facebook.com/share/p/1JwZzbhJYN/,3,5,21,20,1,0,0,0,0,0,Unidad por la Salud en Plaza “El Minero”… Ver más
AZUCENA ALEJANDRA FUERTES MAMANI,https://www.facebook.com/AzucenaFuertesPotosi,sí,2016-08-16,9700,0,2025-07-28,post,2025-07-28,0,0,0,0,0,0,0,0,0,0,
