nombre perfil,url perfil,candidato identificado,creación del perfil,seguidores,seguidos,fecha post,tipo de post,url post,comparticiones,comentarios,reacciones en total,me gusta,me encanta,me divierte,me entristece,me sorprende,me enoja,me importa,contenido
MARIBEL AVALOS PADILLA,https://www.facebook.com/maribel.avalos.370,no,,0,0,2025-08-04,reel,/reel/1451080869422871/?s=single_unit&__cft__[0]=AZWk1jtQi6j8fReflnnVTN16xdBW3O9JHkNF7e3EMYaAmT0RR1Wb1HYz0Vu9C5WQOiLDgmuCPEcBsUT7Q7NR_FxIj-r0INN8OW60HY5nIY68BK0ijpDSNhEQBSruAxUrTKpUgIWn60VvN0FPJCnZeLIYZMYBDzlNY846SQEuI7OZpaee7QtjFUI8c7hLcw-9CJs&__tn__=H-R,0,0,0,0,0,0,0,0,0,0,¿Sabes qué es lo que más teme la derecha? Que tus hijos estudien en las mismas escuelas que los hijos de ellos. Que los bonos continúen. Que las conqu… Ver más
MARIBEL AVALOS PADILLA,https://www.facebook.com/maribel.avalos.370,no,,0,0,2025-08-05,post,https://www.facebook.com/share/p/1FL6bcAYx1/,0,0,0,0,0,0,0,0,0,0,
MARIBEL AVALOS PADILLA,https://www.facebook.com/maribel.avalos.370,no,,0,0,2025-08-06,post,https://www.facebook.com/share/p/19AndPwQx1/,0,0,0,0,0,0,0,0,0,0,"Que se haga también una investigación profunda de violaciones a niñas, niños y adolescentes en los hogares"
MARIBEL AVALOS PADILLA,https://www.facebook.com/maribel.avalos.370,no,,0,0,2025-08-06,post,https://www.facebook.com/maribel.avalos.370/posts/pfbid02sBjJ9RzT5BX7mZHb2XNcvcLDhSsZA1WFmd6Lex2iGuvuoekwCdBBDivAp49sC13bl,0,0,0,0,0,0,0,0,0,0,
MARIBEL AVALOS PADILLA,https://www.facebook.com/maribel.avalos.370,no,,0,0,2025-08-06,post,https://www.facebook.com/share/p/1C36BqWdG9/,0,0,0,0,0,0,0,0,0,0,
MARIBEL AVALOS PADILLA,https://www.facebook.com/maribel.avalos.370,no,,0,0,2025-08-06,post,https://www.facebook.com/share/p/1Z43ewTuRz/,0,0,0,0,0,0,0,0,0,0,
