nombre perfil,url perfil,candidato identificado,creación del perfil,seguidores,seguidos,fecha post,tipo de post,url post,comparticiones,comentarios,reacciones en total,me gusta,me encanta,me divierte,me entristece,me sorprende,me enoja,me importa,contenido
YAMILKA SOFIA SADUD BANZER,https://www.facebook.com/yamilka.sadudbanzer,no,,9,0,2025-07-16,post,https://www.facebook.com/share/15c4viQ4Ma/,7,2,27,19,8,0,0,0,0,0,
YAMILKA SOFIA SADUD BANZER,https://www.facebook.com/yamilka.sadudbanzer,no,,9,0,2025-07-17,post,https://www.facebook.com/share/p/1AhyfDMx2X/,2,3,19,14,4,1,0,0,0,0,Bienvenido a Santa Cruz 
YAMILKA SOFIA SADUD BANZER,https://www.facebook.com/yamilka.sadudbanzer,no,,9,0,2025-07-20,post,https://www.facebook.com/share/p/16k4T8NWHj/,2,0,2,2,0,0,0,0,0,0,
YAMILKA SOFIA SADUD BANZER,https://www.facebook.com/yamilka.sadudbanzer,no,,9,0,2025-07-20,post,https://www.facebook.com/share/p/176kCn43gE/,0,0,12,9,3,0,0,0,0,0,
YAMILKA SOFIA SADUD BANZER,https://www.facebook.com/yamilka.sadudbanzer,no,,9,0,2025-07-21,post,https://www.facebook.com/share/v/1BLswofjgw/,0,0,4,3,1,0,0,0,0,0,
YAMILKA SOFIA SADUD BANZER,https://www.facebook.com/yamilka.sadudbanzer,no,,9,0,2025-07-21,post,https://www.facebook.com/share/v/14EoCALvytw/,0,1,11,7,4,0,0,0,0,0,
