nombre perfil,url perfil,candidato identificado,creación del perfil,seguidores,seguidos,fecha post,tipo de post,url post,comparticiones,comentarios,reacciones en total,me gusta,me encanta,me divierte,me entristece,me sorprende,me enoja,me importa,contenido
CECILIA ISABEL REQUENA ZARATE,https://www.facebook.com/CeciliaRequenaZarate,sí,,4500,158,2025-07-11,post,https://www.facebook.com/share/p/1ZAnZNcVoY/,2,0,24,6,1,0,13,0,0,4,
CECILIA ISABEL REQUENA ZARATE,https://www.facebook.com/CeciliaRequenaZarate,sí,,4500,158,2025-07-11,post,https://www.facebook.com/share/p/1CTALTg47J/,24,5,92,82,9,0,0,0,0,1," Este sábado en #EnPantalla: 
Deforestación, incendios, minería ilegal y derechos indígenas en crisis.
… Ver más"
CECILIA ISABEL REQUENA ZARATE,https://www.facebook.com/CeciliaRequenaZarate,sí,,4500,158,2025-07-12,post,https://www.facebook.com/share/p/16edMkPMep/,1,0,5,5,0,0,0,0,0,0,
