nombre perfil,url perfil,candidato identificado,creación del perfil,seguidores,seguidos,fecha post,tipo de post,url post,comparticiones,comentarios,reacciones en total,me gusta,me encanta,me divierte,me entristece,me sorprende,me enoja,me importa,contenido
Melania Torrico,https://www.facebook.com/melania.pericon,no,2008-06-17,20000,2800,2025-06-24,post,https://www.facebook.com/share/v/1B3ekuxEF6/,0,4,36,0,0,0,0,0,0,0,
Melania Torrico,https://www.facebook.com/melania.pericon,no,2008-06-17,20000,2800,2025-06-26,post,https://www.facebook.com/share/v/1C9hZzHESW/,0,3,7,6,0,1,0,0,0,0,
Melania Torrico,https://www.facebook.com/melania.pericon,no,2008-06-17,20000,2800,2025-06-26,post,https://www.facebook.com/share/v/1AfxJPCxqt/,0,3,19,0,0,0,0,0,0,0,
Melania Torrico,https://www.facebook.com/melania.pericon,no,2008-06-17,20000,2800,2025-06-27,post,https://www.facebook.com/share/v/1EkiJRe2fX/,0,1,13,11,1,1,0,0,0,0,
Melania Torrico,https://www.facebook.com/melania.pericon,no,2008-06-17,20000,2800,2025-06-27,post,https://www.facebook.com/share/p/16sFg1zofk/,0,0,1,0,0,1,0,0,0,0,En unos minutos estaré en este canal para hablar de  Andrónico Rodríguez con Nivar Hevia Vaca
Melania Torrico,https://www.facebook.com/melania.pericon,no,2008-06-17,20000,2800,2025-06-29,post,https://www.facebook.com/share/v/19JBZuUWCv/,0,1,8,4,0,4,0,0,0,0,"Quieres ser parte?
Andrónico Rodríguez"
Melania Torrico,https://www.facebook.com/melania.pericon,no,2008-06-17,20000,2800,2025-06-29,post,https://www.facebook.com/share/v/127BcDGrHGi/,0,4,19,0,0,0,0,0,0,0,
Melania Torrico,https://www.facebook.com/melania.pericon,no,2008-06-17,20000,2800,2025-06-29,post,https://www.facebook.com/share/v/1JGh5ZCjFS/,0,20,44,0,0,0,0,0,0,0,La victoria será de Andrónico Rodríguez !
Melania Torrico,https://www.facebook.com/melania.pericon,no,2008-06-17,20000,2800,2025-06-29,post,https://www.facebook.com/share/p/14GBZ7S7bj2/,1,20,50,10,0,35,0,0,5,0,"Ustedes ya verán!
Andrónico será el Presidente!"
Melania Torrico,https://www.facebook.com/melania.pericon,no,2008-06-17,20000,2800,2025-06-30,post,https://www.facebook.com/share/p/1EZGmDD9YQ/,1,60,56,6,0,37,4,2,7,0,"El candidato Dunn no pudo cumplir con los requisitos para postularse a la presidencia . 
Por tanto, no será candidato el 2025, 
Quizás el 2030 pueda conseguir poner en orden todo su historial .
* Tuto, Samuel y otros del otro lado del charco dicen que están saltando de una pata, por qué será ?
PD.: Ni a Tuto ni a Samuel le convenía que jamás este señor Dunn vaya a habilitarse, les hubiera restado votos y con eso Andrónico ganaría en p… Ver más"
