nombre perfil,url perfil,candidato identificado,creación del perfil,seguidores,seguidos,fecha post,tipo de post,url post,comparticiones,comentarios,reacciones en total,me gusta,me encanta,me divierte,me entristece,me sorprende,me enoja,me importa,contenido
NAIR STIVEN SANCHEZ OROZCO,https://www.facebook.com/nair.stiven.sanchez.orozco,no,,0,0,2025-07-24,post,https://www.facebook.com/share/v/1B2xJhFWbv/,0,0,6,4,1,0,0,0,0,1,Rendimos homenaje a la que nos cubre en tiempos de paz y de lucha!!!
NAIR STIVEN SANCHEZ OROZCO,https://www.facebook.com/nair.stiven.sanchez.orozco,no,,0,0,2025-07-27,post,https://www.facebook.com/share/p/1a6ZnzZ94B/,2,4,23,14,8,0,0,0,0,1,"Apoyar el deporte es sembrar futuro y construir esperanza. 
… Ver más"
NAIR STIVEN SANCHEZ OROZCO,https://www.facebook.com/nair.stiven.sanchez.orozco,no,,0,0,2025-07-28,post,https://www.facebook.com/share/v/1A9Q3bTm7o/,1,0,9,6,3,0,0,0,0,0,"¡Feliz aniversario, Barrio 24 de Julio! 
… Ver más"
