nombre perfil,url perfil,candidato identificado,creación del perfil,seguidores,seguidos,fecha post,tipo de post,url post,comparticiones,comentarios,reacciones en total,me gusta,me encanta,me divierte,me entristece,me sorprende,me enoja,me importa,contenido
Maria Rene Alvarez ,https://www.facebook.com/MReneAlvarezScz,no,2019-08-04,22000,270,2025-06-24,post,https://www.facebook.com/share/v/16oti36geY/,65,5,101,75,6,0,0,17,2,1,¡ATENCIÓN! … Ver más
Maria Rene Alvarez ,https://www.facebook.com/MReneAlvarezScz,no,2019-08-04,22000,270,2025-06-25,post,https://www.facebook.com/share/p/1DeLBAtRDD/,24,19,143,116,25,0,0,0,0,2,"Estuvimos presentes en el Foro Agropecuario organizado por la Cámara Agropecuaria del Oriente (CAO), que invitó a los candidatos presidenciales para escuchar sus propue… Ver más"
Maria Rene Alvarez ,https://www.facebook.com/MReneAlvarezScz,no,2019-08-04,22000,270,2025-06-26,post,https://www.facebook.com/share/p/19JJJ9Pe9R/,8,5,107,82,24,0,0,0,1,0," ¡La #NuevaBolivia está en marcha! 
  
Ho… Ver más"
Maria Rene Alvarez ,https://www.facebook.com/MReneAlvarezScz,no,2019-08-04,22000,270,2025-06-27,post,https://www.facebook.com/share/p/1AgdNSK5eJ/,7,3,39,36,3,0,0,0,0,0, ¿CRÉDITO PARA EL INRA: SEGURIDAD JURÍDICA O MÁS AVASALLAMIENTOS?… Ver más
Maria Rene Alvarez ,https://www.facebook.com/MReneAlvarezScz,no,2019-08-04,22000,270,2025-06-28,post,https://www.facebook.com/share/v/16kBaKf9e8/,44,4,50,34,0,0,7,2,7,0,Pretenden volver a quemar nuestros bosques. Agosto es un mes crucial para ellos y coincide con las elecciones.… Ver más
Maria Rene Alvarez ,https://www.facebook.com/MReneAlvarezScz,no,2019-08-04,22000,270,2025-06-30,post,https://www.facebook.com/share/p/19P4tvFARN/,12,1,22,16,0,0,0,2,4,0,"Deberían vigilar de cerca a los verdaderos responsables: los criminales que año tras año incendian nuestros bosques. Son ellos los que arrasan con la naturaleza, destru… Ver más"
Maria Rene Alvarez ,https://www.facebook.com/MReneAlvarezScz,no,2019-08-04,22000,270,2025-07-01,post,https://www.facebook.com/share/p/16DGhU5EoG/,0,0,15,12,3,0,0,0,0,0, ¡Una tarde de emprendimiento y tradición! … Ver más
