nombre perfil,url perfil,snapshot_date,creación del perfil,candidato identificado,seguidores,seguidos,fecha post,url post,comparticiones,comentarios,reacciones en total,me gusta,me encanta,me divierte,me entristece,me sorprende,me enoja,me importa,contenido
Ana Lucía Velasco,https://www.facebook.com/anavelascou,2025-06-02,2007-09-02,no,2000,0,2025-05-28,https://www.facebook.com/share/p/16b9EKiDUX/,0,10,,56,19,0,0,10,0,0,¡Vean FIDES! Estoy por entrevistarlo al Tuto 
Ana Lucía Velasco,https://www.facebook.com/anavelascou,2025-06-02,2007-09-02,no,2000,0,2025-05-29,https://www.facebook.com/share/p/1BjvWtofzs/,3,20,,0,0,0,0,0,0,0,"Ahí les comparto amigos la entrevista que pude hacerle al Tuto, junto con John Arandia. 
¡Gracias FIDES por invitarme!"
Ana Lucía Velasco,https://www.facebook.com/anavelascou,2025-06-02,2007-09-02,no,2000,0,2025-06-01,https://www.facebook.com/share/p/1ETbxJupt1/,7,11,,11,0,0,15,3,1,0,Estamos comenzando a preocupar a nuestros vecinos…… Ver más
Ana Lucía Velasco,https://www.facebook.com/anavelascou,2025-06-02,2007-09-02,no,2000,0,2025-06-02,https://www.facebook.com/share/p/16oZzZkTQa/,2,23,,0,0,0,0,0,0,0,Lo que veo en la encuesta de CIES MORI:… Ver más
