nombre perfil,url perfil,candidato identificado,creación del perfil,seguidores,seguidos,fecha post,tipo de post,url post,comparticiones,comentarios,reacciones en total,me gusta,me encanta,me divierte,me entristece,me sorprende,me enoja,me importa,contenido
Ciberwarmis - Mujeres ayudando a mujeres,https://www.facebook.com/Ciberwarmis.bo,no,2020-04-21,11000,0,2025-07-29,post,https://www.facebook.com/share/p/1CZKkADLHb/,6,2,19,18,1,0,0,0,0,0,¿Sabías qué?… Ver más
Ciberwarmis - Mujeres ayudando a mujeres,https://www.facebook.com/Ciberwarmis.bo,no,2020-04-21,11000,0,2025-07-31,post,https://www.facebook.com/share/p/1CWZfs9XYs/,2,0,8,6,2,0,0,0,0,0,"“Estamos buscando a nuestras familias” un nuevo proyecto desarrollado por la Red de Personas Bolivianas Adoptadas, en el que buscamos reunir a familias que fueron separadas."
Ciberwarmis - Mujeres ayudando a mujeres,https://www.facebook.com/Ciberwarmis.bo,no,2020-04-21,11000,0,2025-08-01,post,https://www.facebook.com/share/p/161HE7ueCk/,3,0,12,10,2,0,0,0,0,0,"¿Sabías qué?
Algunas organizaciones políticas hacen firmar acuerdos previos para que la candidata en caso de ganar renuncie al cargo para dar paso al suplente varón. … Ver más"
Ciberwarmis - Mujeres ayudando a mujeres,https://www.facebook.com/Ciberwarmis.bo,no,2020-04-21,11000,0,2025-08-01,post,https://www.facebook.com/share/p/1CggaZDy4B/,4,0,12,12,0,0,0,0,0,0,"Iniciamos #Agosto con A de aliadas por nuestros #DerechosPoliticos  
Sin mujeres, no hay democracia 
R… Ver más"
Ciberwarmis - Mujeres ayudando a mujeres,https://www.facebook.com/Ciberwarmis.bo,no,2020-04-21,11000,0,2025-08-02,post,https://www.facebook.com/share/v/1BrNyDZovs/,0,0,6,4,1,0,0,0,0,1,"Tenemos derecho a apoyar la candidatura que querramos. 
Recuerda, la ciudadanía merece campañas limpias y
t… Ver más"
Ciberwarmis - Mujeres ayudando a mujeres,https://www.facebook.com/Ciberwarmis.bo,no,2020-04-21,11000,0,2025-08-02,post,https://www.facebook.com/share/p/1CY1RYViEU/,3,0,9,9,0,0,0,0,0,0," ¡Hoy es el día! Acompáñanos en la transmisión del Foro por la Igualdad, en colaboración con #JuntasHacemosHistoria
Un espacio para compartir propuestas, debatir soluc… Ver más"
Ciberwarmis - Mujeres ayudando a mujeres,https://www.facebook.com/Ciberwarmis.bo,no,2020-04-21,11000,0,2025-08-02,post,https://www.facebook.com/share/p/1E2KDZX7pb/,3,0,7,7,0,0,0,0,0,0,"¿Sabías qué?
Algunas organizaciones políticas en anteriores elecciones colocaron los nombres de sus esposas, familiares, amistades y otros como préstamo para llenar l… Ver más"
Ciberwarmis - Mujeres ayudando a mujeres,https://www.facebook.com/Ciberwarmis.bo,no,2020-04-21,11000,0,2025-08-02,post,https://www.facebook.com/share/p/15PxSoMbv4/,1,0,9,9,0,0,0,0,0,0,"Tenemos derecho a apoyar la candidatura que querramos. 
Recuerda, la ciudadanía merece campañas limpias y
t… Ver más"
Ciberwarmis - Mujeres ayudando a mujeres,https://www.facebook.com/Ciberwarmis.bo,no,2020-04-21,11000,0,2025-08-02,post,https://www.facebook.com/share/p/1ESiPAwHPG/,2,0,7,7,0,0,0,0,0,0,"Las campañas electorales deben ser con ideas y propuestas. 
Vivamos el proceso electoral informados. 
Oj… Ver más"
Ciberwarmis - Mujeres ayudando a mujeres,https://www.facebook.com/Ciberwarmis.bo,no,2020-04-21,11000,0,2025-08-03,post,https://www.facebook.com/share/p/1FYFBEoid2/,0,0,5,5,0,0,0,0,0,0,"Tenemos derecho a apoyar la candidatura que querramos. 
Recuerda, la ciudadanía merece campañas limpias y… Ver más"
Ciberwarmis - Mujeres ayudando a mujeres,https://www.facebook.com/Ciberwarmis.bo,no,2020-04-21,11000,0,2025-08-03,post,https://www.facebook.com/share/p/1DnnmyxNuu/,2,0,4,4,0,0,0,0,0,0,"Te has enterado bien: ¿qué es el SIREPRE?, ¿cómo funciona?
¿cuándo? 
… Ver más"
Ciberwarmis - Mujeres ayudando a mujeres,https://www.facebook.com/Ciberwarmis.bo,no,2020-04-21,11000,0,2025-08-03,post,https://www.facebook.com/share/p/1HVgf3Thpy/,2,0,3,3,0,0,0,0,0,0,"¿Sabías qué?
Algunas organizaciones políticas en la elección pasada inscribieron a mujeres como candidatas sin que ellas las sepan (muchas se enteraron por medios de … Ver más"
Ciberwarmis - Mujeres ayudando a mujeres,https://www.facebook.com/Ciberwarmis.bo,no,2020-04-21,11000,0,2025-08-03,post,https://www.facebook.com/share/p/1G6vgdiWom/,0,0,3,3,0,0,0,0,0,0,"Te has enterado bien: ¿qué es el SIREPRE?, ¿cómo funciona?
¿cuándo? 
… Ver más"
Ciberwarmis - Mujeres ayudando a mujeres,https://www.facebook.com/Ciberwarmis.bo,no,2020-04-21,11000,0,2025-08-04,post,https://www.facebook.com/share/p/173xc53fwr/,5,0,4,4,0,0,0,0,0,0,"¿Cuál es la diferencia entre campaña y propaganda electoral? 
Ambas son parte de la comunicación en tiempo electoral, pero… Ver más"
Ciberwarmis - Mujeres ayudando a mujeres,https://www.facebook.com/Ciberwarmis.bo,no,2020-04-21,11000,0,2025-08-04,post,https://www.facebook.com/share/p/1AgL9oJPLn/,0,0,5,5,0,0,0,0,0,0,"¿Cuestionamientos al SIREPRE?
Ojo, el SIREPRE no reporta documentos, sino sólo resultados. 
… Ver más"
Ciberwarmis - Mujeres ayudando a mujeres,https://www.facebook.com/Ciberwarmis.bo,no,2020-04-21,11000,0,2025-08-05,post,https://www.facebook.com/share/p/1BUztYgSVd/,0,0,5,4,1,0,0,0,0,0,"#6DeAgosto 
Aprovecha el #DíaDeLaIndendencia de #Bolivia 
 para buscar tu #IndependenciaEconómica 
 , emocional 
 y digital 
. 
...
#C… Ver más"
Ciberwarmis - Mujeres ayudando a mujeres,https://www.facebook.com/Ciberwarmis.bo,no,2020-04-21,11000,0,2025-08-05,post,https://www.facebook.com/share/p/198nrReLjg/,6,1,19,17,2,0,0,0,0,0,"¡HERMANA CANDIDATA! 
Sabemos que el camino digital en estas elecciones puede ser retador, pero tu voz y tu lucha son vitales para la democracia. Por eso, hemos creado e… Ver más"
Ciberwarmis - Mujeres ayudando a mujeres,https://www.facebook.com/Ciberwarmis.bo,no,2020-04-21,11000,0,2025-08-05,post,https://www.facebook.com/share/v/16tBjbxg6Z/,2,0,2,0,2,0,0,0,0,0,"La presencia de las mujeres en espacios digitales no es solo una cuestión de visibilidad, sino de justicia y representación política.… Ver más"
Ciberwarmis - Mujeres ayudando a mujeres,https://www.facebook.com/Ciberwarmis.bo,no,2020-04-21,11000,0,2025-08-05,post,https://www.facebook.com/share/p/1Xsjsw5wcz/,1,0,4,2,2,0,0,0,0,0,"¿Cuál es la diferencia entre campaña y propaganda electoral? 
Ambas son parte de la comunicación en tiempo electoral, pero… Ver más"
Ciberwarmis - Mujeres ayudando a mujeres,https://www.facebook.com/Ciberwarmis.bo,no,2020-04-21,11000,0,2025-08-05,post,https://www.facebook.com/share/p/12HphfmjwKW/,1,0,2,2,0,0,0,0,0,0,"¿Cuestionamientos al SIREPRE?
Ojo, el SIREPRE no reporta documentos, sino sólo resultados. 
… Ver más"
Ciberwarmis - Mujeres ayudando a mujeres,https://www.facebook.com/Ciberwarmis.bo,no,2020-04-21,11000,0,2025-08-05,post,https://www.facebook.com/share/p/1NQYTPvRXt/,1,1,5,5,0,0,0,0,0,0,"¿Sabías qué?
Algunas organizaciones políticas eligen como candidatas a mujeres que no consideran fuertes o independientes, porque quieren tener el control sobre el pa… Ver más"
Ciberwarmis - Mujeres ayudando a mujeres,https://www.facebook.com/Ciberwarmis.bo,no,2020-04-21,11000,0,2025-08-05,post,https://www.facebook.com/Ciberwarmis.bo/posts/pfbid02HdAm35bVp8QQwNbV2EoguxMzuqemZtwWA5AhXZZVxWMXkmEQtgbv4E7VCenmbqVCl,3,1,7,6,1,0,0,0,0,0,"¿Sabías qué?
Algunas organizaciones políticas para lograr su inscripción hicieron aparecer a muchas mujeres como militantes sin su consentimiento, muchas de las candi… Ver más"
