nombre perfil,url perfil,creación del perfil,seguidores,seguidos,fecha post,url post,comparticiones,reacciones en total,me gusta,me encanta,me divierte,me entristece,me sorprende,me enoja,me importa,contenido
El Confesionario UCB ,https://www.facebook.com/profile.php?id=100063830662612,2021-01-18,29000,76,2025-05-26,https://www.facebook.com/share/p/1BgTqNErby/,1,,12,0,0,0,9,1,1,"Confesión #663
Soy estudiante de la carrera de Psicología y hoy alzo la voz no por mí, sino por muchos compañeros y compañeras que han sido víctimas de situaciones inaceptables dentro de nuestro entorno académico.
A lo largo de estos años he conocido personas valiosas, con verdadero compromiso y vocación de servicio en centros de estudiantes y sociedades científicas. Gente que representa los valores que debería tener nuestra carrera:… Ver más"
El Confesionario UCB ,https://www.facebook.com/profile.php?id=100063830662612,2021-01-18,29000,76,2025-05-26,https://www.facebook.com/share/p/1ZUw4GAseh/,4,,8,0,5,0,5,0,0,"Confesión #664 
Ahora toca dar testimonio de unas clases y experiencias con la pésima y barata copia del profesor Fletcher de la película “Whiplash”, Carolina Muñoz (DG… Ver más"
El Confesionario UCB ,https://www.facebook.com/profile.php?id=100063830662612,2021-01-18,29000,76,2025-05-27,https://www.facebook.com/share/p/16o2LKR7cu/,0,,1,0,5,0,2,0,0,"Confesión #665
Vi muchas reacciones a la confesión sobre Carolina Muñoz, su trabajo y su enseñanza. Ella critica la mediocridad, pero sus propios trabajos parecen hechos por estudiantes de primeros semestres, o incluso por aficionados. Si ese es el nivel de diseño de una docente a tiempo completo, no quiero imaginar cómo serán los trabajos de otros docentes.
No es un secreto que la anterior directora de carrera, Cecilia Mariaca, colo… Ver más"
