nombre perfil,url perfil,creación del perfil,seguidores,seguidos,fecha post,url post,comparticiones,reacciones en total,me gusta,me encanta,me divierte,me entristece,me sorprende,me enoja,me importa,contenido
El Confesionario UCB ,https://www.facebook.com/profile.php?id=100063830662612,2021-01-18,29000,76,2025-05-19,https://www.facebook.com/share/p/1EmcKroFmm/,3,0,0,0,0,0,0,0,0,Lo más irónico es que el anterior director de la carrera de Derecho desde la gestión 2013-2021 fue parte de esta titulación irregular y aún continúa en la universidad c… Ver más
El Confesionario UCB ,https://www.facebook.com/profile.php?id=100063830662612,2021-01-18,29000,76,2025-05-19,not-found-post-url-202389,0,0,0,0,0,0,0,0,0,
El Confesionario UCB ,https://www.facebook.com/profile.php?id=100063830662612,2021-01-18,29000,76,2025-05-19,not-found-post-url--25279,0,30,6,0,2,1,21,0,0,"Confesión #662
Aquí les paso una muestra del “portafolio” hecho en Power Point de Cecilia Mariaca (DGR-UCB), sin una pizca de diseño ni de criterio estético que no proy… Ver más"
