nombre perfil,url perfil,candidato identificado,creación del perfil,seguidores,seguidos,fecha post,tipo de post,url post,comparticiones,comentarios,reacciones en total,me gusta,me encanta,me divierte,me entristece,me sorprende,me enoja,me importa,contenido
CARMEN SOLEDAD CHAPETON TANCARA,https://www.facebook.com/soledad.chapetontancara,sí,,6000,467,2025-07-06,post,https://www.facebook.com/soledad.chapetontancara/posts/pfbid02Ngi7Uv1sN9VSE6ikcaAMHGc2rbEUrfE8DHjkt2vtGQht7efgnBhExMfCFZ58tCnNl,1,1,20,20,0,0,0,0,0,0,"Tenemos al mejor binomio para nuestra Patria Bolivia Samuel Doria Medina Presidente!!! y el mejor, el mejor Vice Presidente José Luis Lupo!!!"
CARMEN SOLEDAD CHAPETON TANCARA,https://www.facebook.com/soledad.chapetontancara,sí,,6000,467,2025-07-06,post,https://www.facebook.com/share/p/14FqNZdjeSC/,2,3,21,20,1,0,0,0,0,0,
CARMEN SOLEDAD CHAPETON TANCARA,https://www.facebook.com/soledad.chapetontancara,sí,,6000,467,2025-07-06,post,https://www.facebook.com/share/12LcdnokSu9/,14,42,241,0,0,0,0,0,0,0,
CARMEN SOLEDAD CHAPETON TANCARA,https://www.facebook.com/soledad.chapetontancara,sí,,6000,467,2025-07-06,post,https://www.facebook.com/share/p/19FhYxJzuj/,2,0,13,13,0,0,0,0,0,0,
CARMEN SOLEDAD CHAPETON TANCARA,https://www.facebook.com/soledad.chapetontancara,sí,,6000,467,2025-07-07,post,https://www.facebook.com/share/p/16rUSiLAsc/,2,9,19,15,4,0,0,0,0,0,
CARMEN SOLEDAD CHAPETON TANCARA,https://www.facebook.com/soledad.chapetontancara,sí,,6000,467,2025-07-07,post,https://www.facebook.com/share/v/1CAfi41P5A/,7,14,51,43,8,0,0,0,0,0,"Ayer se vio quién tiene la capacidad para poder gobernar toda Bolivia! 
#SamuelDoriaMedina … Ver más"
