nombre perfil,url perfil,candidato identificado,creación del perfil,seguidores,seguidos,fecha post,tipo de post,url post,comparticiones,comentarios,reacciones en total,me gusta,me encanta,me divierte,me entristece,me sorprende,me enoja,me importa,contenido
INDIRA YAMBAR YAJAHIRA DESTRE ANTELO,https://www.facebook.com/profile.php?id=61576638942004,no,2025-05-30,1100,36,2025-07-29,post,https://www.facebook.com/share/p/1JFLZEGTEo/,4,11,66,43,21,2,0,0,0,0,"Su camino estaba escrito, Indira Yambar Yajahira Destre Antelo diputada uninominal por Riberalta, Tuto presidente!"
INDIRA YAMBAR YAJAHIRA DESTRE ANTELO,https://www.facebook.com/profile.php?id=61576638942004,no,2025-05-30,1100,36,2025-07-30,post,https://www.facebook.com/share/v/16xqPzrF4s/,65,21,144,0,0,0,0,0,0,0,GRAN RECIBIMIENTO HISTÓRICO EN RIBERALTA AL CANDIDATO A LA PRESIDENCIA JORGE TUTO QUIROGA… Ver más
INDIRA YAMBAR YAJAHIRA DESTRE ANTELO,https://www.facebook.com/profile.php?id=61576638942004,no,2025-05-30,1100,36,2025-07-30,post,https://www.facebook.com/share/v/14De5gF7sUe/,109,33,204,0,0,0,0,0,0,0,TUTO QUIROGA JUNTO A JUAN PABLO VELASCO EN CARAVANA RECORREN LA AVENIDA BENI MAMORÉ EN RIBERALTA.… Ver más
INDIRA YAMBAR YAJAHIRA DESTRE ANTELO,https://www.facebook.com/profile.php?id=61576638942004,no,2025-05-30,1100,36,2025-07-31,post,https://www.facebook.com/share/v/1CFBbtsiDE/,9,5,19,19,0,0,0,0,0,0,"Para los que alardean de las falsas encuestas de Ciesmori  ahí está el presidente de la INTERNACIONAL SOCIALISTA, de la cual es el vicepresidente , no entiendo cómo quieren eliminar a la izquierda con otro ZURDO SOCIALISTA, por favor seamos concientes a la hora de emitir nuestro voto y votemos LIBRES, no por encuestas pagadas"
INDIRA YAMBAR YAJAHIRA DESTRE ANTELO,https://www.facebook.com/profile.php?id=61576638942004,no,2025-05-30,1100,36,2025-08-01,post,https://www.facebook.com/share/p/1Hfygyq4KJ/,0,0,16,13,3,0,0,0,0,0,"Felicidades a los ganadores y que sean personas que de verdad lo necesitan vale doble, Dios los bendiga "
INDIRA YAMBAR YAJAHIRA DESTRE ANTELO,https://www.facebook.com/profile.php?id=61576638942004,no,2025-05-30,1100,36,2025-08-01,post,https://www.facebook.com/share/p/16rgTvgyvG/,0,5,12,9,3,0,0,0,0,0,"Quiero agradecerles a todos quienes se dieron tiempito para hacerme llegar sus felicitaciones.
Los adoro a todos mil gracias"
INDIRA YAMBAR YAJAHIRA DESTRE ANTELO,https://www.facebook.com/profile.php?id=61576638942004,no,2025-05-30,1100,36,2025-08-01,post,https://www.facebook.com/share/p/1GKHgvc7fk/,4,1,62,48,14,0,0,0,0,0,"En este Día del Taxista Amazónico, quiero reconocer la labor  de los mototaxistas que con su esfuerzo diario contribuyen al progreso de nuestra región.… Ver más"
INDIRA YAMBAR YAJAHIRA DESTRE ANTELO,https://www.facebook.com/profile.php?id=61576638942004,no,2025-05-30,1100,36,2025-08-01,post,https://www.facebook.com/share/p/1h4xAtJaPn/,5,3,54,44,10,0,0,0,0,0,"Felicidades 1ra Federación de Moto Taxistas, y felicidades ing. Destre por cumplir y con seguridad cumplirá en su gestion como asambleísta
 vamos Libre "
INDIRA YAMBAR YAJAHIRA DESTRE ANTELO,https://www.facebook.com/profile.php?id=61576638942004,no,2025-05-30,1100,36,2025-08-01,post,https://www.facebook.com/share/v/15nPHFWpuF/,5,0,16,15,0,1,0,0,0,0,"En Bolivia llevamos más de 20 años bajo políticas socialistas que han limitado nuestras libertades, debilitado nuestra economía y creado una dependencia peligrosa del Estado. 
Ya es hora de abrir los ojos y reconocer que necesitamos un cambio profundo, uno que apueste por la libertad, la propiedad privada, la meritocracia y las autonomías regionales. 
Es triste ver a Luis Fernando Camacho, quien lideró con valentía los 21 días por la libertad, hoy respaldando a un candidato… Ver más"
INDIRA YAMBAR YAJAHIRA DESTRE ANTELO,https://www.facebook.com/profile.php?id=61576638942004,no,2025-05-30,1100,36,2025-08-03,post,https://www.facebook.com/share/v/172kXzzcwh/,7,18,52,46,2,2,0,1,0,1,"Caballerosidad vs Arrogancia e irrespeto.,
Qué queremos para nuestro próximo Gobierno?, saludos y Feliz domingo."
INDIRA YAMBAR YAJAHIRA DESTRE ANTELO,https://www.facebook.com/profile.php?id=61576638942004,no,2025-05-30,1100,36,2025-08-04,post,https://www.facebook.com/share/p/1Bvc4WjRtq/,8,5,52,39,13,0,0,0,0,0,"El plan de gobierno de Tuto está llegando a todo el norte del Beni.
Estamos recorriendo cada rincón, escuchando a la gente y compartiendo nuestras propuestas para un futuro mejor. 
Juntos construiremos una región con más oportunidades, desarrollo y dignidad para todos.
#TutoConElNorte… Ver más"
INDIRA YAMBAR YAJAHIRA DESTRE ANTELO,https://www.facebook.com/profile.php?id=61576638942004,no,2025-05-30,1100,36,2025-08-04,post,https://www.facebook.com/share/p/16uzdHYnui/,13,1,76,59,16,0,0,0,0,1,"Riberalta merece calles seguras, salud digna y oportunidades reales.
 ¡Vamos por un Cambio Radical que transforme la vida de todos!… Ver más"
INDIRA YAMBAR YAJAHIRA DESTRE ANTELO,https://www.facebook.com/profile.php?id=61576638942004,no,2025-05-30,1100,36,2025-08-05,post,https://www.facebook.com/share/p/1FVFDgSVX2/,5,0,33,25,8,0,0,0,0,0,"Vamos a cambiar Bolivia de raíz, un cambio radical para mejorar la situación, que nos permita llegar a la estabilidad, tenemos que trabajar y actualizar nuestro país pa… Ver más"
INDIRA YAMBAR YAJAHIRA DESTRE ANTELO,https://www.facebook.com/profile.php?id=61576638942004,no,2025-05-30,1100,36,2025-08-06,post,https://www.facebook.com/share/p/18h8jDzrCe/,1,1,10,8,2,0,0,0,0,0,"Un Bicentenario de Gloria y Esperanza: ¡Felicidades, Bolivia!… Ver más"
INDIRA YAMBAR YAJAHIRA DESTRE ANTELO,https://www.facebook.com/profile.php?id=61576638942004,no,2025-05-30,1100,36,2025-08-06,post,https://www.facebook.com/share/v/1DWKaHWgBs/,0,0,5,5,0,0,0,0,0,0,"Lo dice Amalia Pando, Tuto gana sondeo por goleada en su canal, hablamos de una persona que no es precisamente fans de Tuto, nada más que lo que se ve se anota, saludos… Ver más"
