nombre perfil,url perfil,candidato identificado,creación del perfil,seguidores,seguidos,fecha post,tipo de post,url post,comparticiones,comentarios,reacciones en total,me gusta,me encanta,me divierte,me entristece,me sorprende,me enoja,me importa,contenido
DANIELA COVARRUBIAS BEDOYA,https://www.facebook.com/daniela.covarrubiasbedoya,no,2009-12-31,4800,0,2025-07-22,post,https://www.facebook.com/share/p/1Apms5X6kf/,0,0,1,1,0,0,0,0,0,0,
DANIELA COVARRUBIAS BEDOYA,https://www.facebook.com/daniela.covarrubiasbedoya,no,2009-12-31,4800,0,2025-07-24,post,https://www.facebook.com/share/p/19jfxNMFbM/,0,0,0,0,0,0,0,0,0,0,
DANIELA COVARRUBIAS BEDOYA,https://www.facebook.com/daniela.covarrubiasbedoya,no,2009-12-31,4800,0,2025-07-24,post,https://www.facebook.com/share/p/19URvAqgtt/,0,0,0,0,0,0,0,0,0,0,
DANIELA COVARRUBIAS BEDOYA,https://www.facebook.com/daniela.covarrubiasbedoya,no,2009-12-31,4800,0,2025-07-24,post,https://www.facebook.com/share/p/19SWtvJsTf/,0,0,4,2,0,0,1,1,0,0,
DANIELA COVARRUBIAS BEDOYA,https://www.facebook.com/daniela.covarrubiasbedoya,no,2009-12-31,4800,0,2025-07-24,post,https://www.facebook.com/share/p/1767kjE7c6/,0,0,0,0,0,0,0,0,0,0,
DANIELA COVARRUBIAS BEDOYA,https://www.facebook.com/daniela.covarrubiasbedoya,no,2009-12-31,4800,0,2025-07-25,post,https://www.facebook.com/share/p/15C5edq6Ux/,2,0,8,3,0,0,4,1,0,0,
DANIELA COVARRUBIAS BEDOYA,https://www.facebook.com/daniela.covarrubiasbedoya,no,2009-12-31,4800,0,2025-07-25,post,https://www.facebook.com/share/p/19UcKPpJ7b/,0,0,1,1,0,0,0,0,0,0,Que lamentable.....
DANIELA COVARRUBIAS BEDOYA,https://www.facebook.com/daniela.covarrubiasbedoya,no,2009-12-31,4800,0,2025-07-25,post,https://www.facebook.com/share/p/16nD7XMvQ6/,1,0,1,1,0,0,0,0,0,0,
