nombre perfil,url perfil,candidato identificado,creación del perfil,seguidores,seguidos,fecha post,tipo de post,url post,comparticiones,comentarios,reacciones en total,me gusta,me encanta,me divierte,me entristece,me sorprende,me enoja,me importa,contenido
Susana Bejarano,https://www.facebook.com/profile.php?id=772515640,no,2007-02-23,7800,0,2025-06-25,post,https://www.facebook.com/share/p/16GDC2ovnF/,3,15,39,24,1,14,0,0,0,0,"Cuidado con el lectura de las encuestas. Aquí lo dice es cuánto voto se trasfiere intrabloques, no entre los bloques. 
En el bloque opositor, Samuel queda posicionado m… Ver más"
Susana Bejarano,https://www.facebook.com/profile.php?id=772515640,no,2007-02-23,7800,0,2025-06-28,post,https://www.facebook.com/share/p/1Aijmcq9jn/,5,57,92,9,0,0,60,0,0,23,
Susana Bejarano,https://www.facebook.com/profile.php?id=772515640,no,2007-02-23,7800,0,2025-06-28,post,https://www.facebook.com/share/p/12FmEqb9VMY/,2,201,292,0,0,0,0,0,0,0,"Tu fortaleza, nos ha hecho fuertes
Tu dignidad, nos ha hecho dignos … Ver más"
