nombre perfil,url perfil,snapshot_date,creación del perfil,candidato identificado,seguidores,seguidos,fecha post,url post,comparticiones,comentarios,reacciones en total,me gusta,me encanta,me divierte,me entristece,me sorprende,me enoja,me importa,contenido
Luciana Campero,https://www.facebook.com/lu.camperochavez,2025-06-02,2008-12-01,no,10000,0,2025-05-27,https://www.facebook.com/share/p/1PYsgHxMfi/,2,19,147,77,67,0,0,0,0,3,"Gigita,
Hoy no solo celebro a la mamá increíble que eres, sino también a la mujer que me enseñó a caminar con firmeza, con valores, con coraje.… Ver más"
Luciana Campero,https://www.facebook.com/lu.camperochavez,2025-06-02,2008-12-01,no,10000,0,2025-05-29,https://www.facebook.com/share/p/16iCDAYcnE/,10,21,90,76,10,0,1,2,0,1,Sobre las  declaraciones de Arnoldo Méndez.… Ver más
Luciana Campero,https://www.facebook.com/lu.camperochavez,2025-06-02,2008-12-01,no,10000,0,2025-05-30,https://www.facebook.com/share/p/15vWdw2S8F/,48,67,247,190,1,2,1,25,28,0,"Es totalmente falso Samuel. La investigación y denuncia a Botrading la hice yo junto a Amalia Pando el año 2023, con documentos en mano, con contratos en mano, con info… Ver más"
