nombre perfil,url perfil,candidato identificado,creación del perfil,seguidores,seguidos,fecha post,tipo de post,url post,comparticiones,comentarios,reacciones en total,me gusta,me encanta,me divierte,me entristece,me sorprende,me enoja,me importa,contenido
Susana Bejarano,https://www.facebook.com/profile.php?id=772515640,no,2007-02-23,7800,0,2025-06-15,post,https://www.facebook.com/share/p/1Btojzto3w/,24,52,172,144,4,5,12,2,4,1,"Aún no se sabe a ciencia cierta qué pasó en Llallagua, NO hay un informe claro e independiente de lo que sucedió; esperaríamos que la prensa nos informe usando diversas fuentes sobre lo ocurrido; en lugar de eso, igual que en 2019, algunos se han puesto en el rol de azuzadores de la violencia llegando incluso a pedir  ""militares armados"" en las calles. ¡Irresponsables! 
Lo que sabemos es que son 4 policías muertos y 1 campesino. 
Orga… Ver más"
Susana Bejarano,https://www.facebook.com/profile.php?id=772515640,no,2007-02-23,7800,0,2025-06-17,post,https://www.facebook.com/share/p/16XA4VyRcz/,8,29,109,97,0,2,3,3,4,0,"Lo del exministro, César Siles parece ser solo la punta del iceberg, existen autoridades que han ""confesado"", hoy se denuncian entre ellos, y bueno, lo obvio es que no lo hacen por devolverle la dignidad que ellos mismos le han quitado a la justicia, son signos de que se acaba un tiempo político. 
Tal cosa es otra prueba de la politización de justicia y la judicialización de la política, esto siempre ha exististo, es verdad, pero hoy … Ver más"
Susana Bejarano,https://www.facebook.com/profile.php?id=772515640,no,2007-02-23,7800,0,2025-06-22,post,https://www.facebook.com/share/p/16nnwUo4pb/,28,40,236,182,5,1,22,3,23,1,"Que quede claro, señores, que sólo los países que EEUU decide tienen derecho a la legítima defensa. 
EEUU puede atacar impunemente dentro de una guerra que no es suya sin autorización de nadie, solo porque puede. 
EEUU puede inventar que hay armas de destrucción masiva en un país y entrarse en ese territorio  a (supuestamente) destruirlas, pero debemos estar en silencio si ellos las poseen. 
Si sucede un genocidio en vivo y el inhuman… Ver más"
Susana Bejarano,https://www.facebook.com/profile.php?id=772515640,no,2007-02-23,7800,0,2025-06-22,post,https://www.facebook.com/share/p/19wqENPG5L/,1,1,23,5,0,0,12,1,5,0,
