nombre perfil,url perfil,snapshot_date,creación del perfil,candidato identificado,seguidores,seguidos,fecha post,tipo de post,url post,comparticiones,comentarios,reacciones en total,me gusta,me encanta,me divierte,me entristece,me sorprende,me enoja,me importa,contenido
Melania Torrico,https://www.facebook.com/melania.pericon,2025-06-16,2008-06-17,no,20000,2800,2025-02-02,post,https://www.facebook.com/share/v/16RzB9jKqz/,2,1,16,16,0,0,0,0,0,0,"CASO: SANTINO CÓRDOVA MENOR DESPARECIDO
Qué impotencia, qué ira que siento, nadie piensa en el niño."
Melania Torrico,https://www.facebook.com/melania.pericon,2025-06-16,2008-06-17,no,20000,2800,2025-02-03,post,https://www.facebook.com/melania.pericon/videos/927357956218269/,1,2,14,13,1,0,0,0,0,0,Justicia para Santino!
Melania Torrico,https://www.facebook.com/melania.pericon,2025-06-16,2008-06-17,no,20000,2800,2025-02-08,post,https://www.facebook.com/melania.pericon/videos/644337158066860/,0,3,30,19,8,3,0,0,0,0,Disfrutando luego del trabajo.
Melania Torrico,https://www.facebook.com/melania.pericon,2025-06-16,2008-06-17,no,20000,2800,2025-02-09,post,https://www.facebook.com/melania.pericon/videos/1339385950735272/,1,1,13,9,4,0,0,0,0,0,"Puede ver el video completo 
… Ver más"
Melania Torrico,https://www.facebook.com/melania.pericon,2025-06-16,2008-06-17,no,20000,2800,2025-02-23,post,https://www.facebook.com/share/v/16XwDT9352/,3,5,30,24,5,0,0,0,0,1,Que viva el civismo. Que viva el respeto a nuestros símbolos patrios y que viva el amor por Bolivia.
Melania Torrico,https://www.facebook.com/melania.pericon,2025-06-16,2008-06-17,no,20000,2800,2025-03-02,post,https://www.facebook.com/melania.pericon/videos/669033065459885/,13,4,32,30,1,0,0,1,0,0,
Melania Torrico,https://www.facebook.com/melania.pericon,2025-06-16,2008-06-17,no,20000,2800,2025-03-06,post,https://www.facebook.com/melania.pericon/videos/893519646085917/,1,1,7,7,0,0,0,0,0,0,
Melania Torrico,https://www.facebook.com/melania.pericon,2025-06-16,2008-06-17,no,20000,2800,2025-03-06,post,https://www.facebook.com/melania.pericon/videos/653208703847612/,0,4,39,37,2,0,0,0,0,0,
Melania Torrico,https://www.facebook.com/melania.pericon,2025-06-16,2008-06-17,no,20000,2800,2025-03-06,post,2025-03-06,0,1,24,0,0,0,0,0,0,0,
Melania Torrico,https://www.facebook.com/melania.pericon,2025-06-16,2008-06-17,no,20000,2800,2025-03-08,post,https://www.facebook.com/melania.pericon/videos/2104905620026506/,0,4,43,0,0,0,0,0,0,0,"Mujeres fuertes e invencibles!
De ese equipo soy yo!"
Melania Torrico,https://www.facebook.com/melania.pericon,2025-06-16,2008-06-17,no,20000,2800,2025-03-08,post,https://www.facebook.com/share/p/1AZEKcvjZg/,1,1,37,31,5,0,0,0,0,1,"Feliz día a las mujeres que eligieron la paz y no la venganza.
Feliz día de la mujer!"
Melania Torrico,https://www.facebook.com/melania.pericon,2025-06-16,2008-06-17,no,20000,2800,2025-03-11,post,https://www.facebook.com/melania.pericon/videos/985010300261425/,5,1,21,14,4,0,1,0,0,2,"Las gestiones hacen la diferencia.
La señora Simona Espada de Bermejo me llama muy pero muy angustiada para comentarme sobre la delicada situación de salud de su hija D… Ver más"
Melania Torrico,https://www.facebook.com/melania.pericon,2025-06-16,2008-06-17,no,20000,2800,2025-03-12,post,https://www.facebook.com/share/p/15p261P61t/,19,0,0,0,0,0,0,0,0,0,
Melania Torrico,https://www.facebook.com/melania.pericon,2025-06-16,2008-06-17,no,20000,2800,2025-03-12,post,https://www.facebook.com/share/p/1AaC2oZoUa/,2,3,27,26,1,0,0,0,0,0,"POR QUÉ NO DESPARECEN LAS SUB GOBERNACIONES?
Son un gasto!
No tienen plata para pagar salarios
No tienen presupuesto para hacer una gestión eficiente con obras
EN FIN , son un gasto insulso!"
Melania Torrico,https://www.facebook.com/melania.pericon,2025-06-16,2008-06-17,no,20000,2800,2025-03-13,post,https://www.facebook.com/share/v/1HVd6LBRKm/,9,3,24,24,0,0,0,0,0,0,
Melania Torrico,https://www.facebook.com/melania.pericon,2025-06-16,2008-06-17,no,20000,2800,2025-03-13,post,https://www.facebook.com/share/v/16ad5KtHdR/,2,0,31,25,4,0,1,0,1,0,"Para los mal agradecid@s del mundo.
DICEN QUE UN MAL AGRADECIDO NUNCA PROPSERA, nunca tiene abundancia."
Melania Torrico,https://www.facebook.com/melania.pericon,2025-06-16,2008-06-17,no,20000,2800,2025-03-14,post,https://www.facebook.com/share/p/1VjyXZYY4W/,0,0,4,3,0,1,0,0,0,0,Mil felicidades !
Melania Torrico,https://www.facebook.com/melania.pericon,2025-06-16,2008-06-17,no,20000,2800,2025-03-14,post,https://www.facebook.com/share/v/1CGaAkQjvv/,3,1,11,11,0,0,0,0,0,0,
Melania Torrico,https://www.facebook.com/melania.pericon,2025-06-16,2008-06-17,no,20000,2800,2025-03-15,post,https://www.facebook.com/melania.pericon/videos/694456966430395/,1,7,20,18,2,0,0,0,0,0,No permitan vivillos en sus vidas.
Melania Torrico,https://www.facebook.com/melania.pericon,2025-06-16,2008-06-17,no,20000,2800,2025-03-15,post,https://www.facebook.com/melania.pericon/videos/557221010051436/,1,8,88,68,4,2,4,10,0,0,No me van a doblegar!
Melania Torrico,https://www.facebook.com/melania.pericon,2025-06-16,2008-06-17,no,20000,2800,2025-03-17,post,https://www.facebook.com/share/v/19Pq8HZNxZ/,1,1,17,15,0,0,0,0,2,0,Señores Agencia Nacional de Hidrocarburos
Melania Torrico,https://www.facebook.com/melania.pericon,2025-06-16,2008-06-17,no,20000,2800,2025-03-17,post,https://www.facebook.com/melania.pericon/videos/1365931648167724/,0,0,6,6,0,0,0,0,0,0,
Melania Torrico,https://www.facebook.com/melania.pericon,2025-06-16,2008-06-17,no,20000,2800,2025-03-17,post,https://www.facebook.com/melania.pericon/posts/pfbid0p4rHYHC5satMsSZWjXKnQ19Rsouuoit3viHAQYXsuTV4uz34BdnHk2k8RWeXRj6Dl,1,9,34,0,0,0,0,0,0,0,"Así inició un proyecto de vida en Tarija 
Arq. Ledy Vaca León"
Melania Torrico,https://www.facebook.com/melania.pericon,2025-06-16,2008-06-17,no,20000,2800,2025-03-17,post,https://www.facebook.com/share/v/16MQhsoH9s/,4,0,6,0,0,0,0,0,0,0,
Melania Torrico,https://www.facebook.com/melania.pericon,2025-06-16,2008-06-17,no,20000,2800,2025-03-18,post,https://www.facebook.com/share/v/1RyevisXSU/,2,0,11,11,0,0,0,0,0,0,
Melania Torrico,https://www.facebook.com/melania.pericon,2025-06-16,2008-06-17,no,20000,2800,2025-03-20,post,https://www.facebook.com/melania.pericon/posts/pfbid02h85kHcq6cft6jbh7dXWjFfC3Yc6Hs2VSWTygahD2SxHVXjBNmpG3USdmJUipcGh4l,0,2,9,9,0,0,0,0,0,0,"Yo no sabía que por llevar apellidos extranjeros o ser descendientes de otros países o aquellas familias que se hacen llamar pispirisnais son mejores que otros.
YA BASTA DE CLASES SOCIALES!
Y pensar que hay políticos que son parte de roscas y son de esas roscas que se creen superiores socialmente hablando. 
“Piensen bien antes de votar “
Todos somos iguales!"
Melania Torrico,https://www.facebook.com/melania.pericon,2025-06-16,2008-06-17,no,20000,2800,2025-03-21,post,https://www.facebook.com/melania.pericon/posts/pfbid0LqZcoVyCidyHumovayFNamxCjcyrkQcHz87ksfEN3tEwGCTGgxk1d2p69KxRAXYQl,0,0,5,0,0,0,0,0,0,0,"ATENCIÓN TARIJA! 
Los jubilados en Tarija me llamaron para abordar temas de gran interés para ellos. … Ver más"
Melania Torrico,https://www.facebook.com/melania.pericon,2025-06-16,2008-06-17,no,20000,2800,2025-03-21,post,https://www.facebook.com/melania.pericon/videos/1034755295341697/,1,2,17,4,0,0,5,1,7,0,
Melania Torrico,https://www.facebook.com/melania.pericon,2025-06-16,2008-06-17,no,20000,2800,2025-03-22,post,https://www.facebook.com/melania.pericon/posts/pfbid0oPkfvxdsMftRku2WQCux8UU3iRHba26KGstZZmA6p4KAEXcELqfhvdxkMNxcdFt7l,0,0,3,0,0,0,0,0,0,0,"Se hará justicia para Singry Paco en Tarija.
- Que siempre la verdad prevalezca, que la verdad histórica de los hechos esté en la cúspide de la justicia."
Melania Torrico,https://www.facebook.com/melania.pericon,2025-06-16,2008-06-17,no,20000,2800,2025-03-22,post,https://www.facebook.com/melania.pericon/videos/1373070157452688/,6,17,64,44,11,1,0,0,0,8,"Cómo es la vida no?
Sin duda, la historia reivindica."
Melania Torrico,https://www.facebook.com/melania.pericon,2025-06-16,2008-06-17,no,20000,2800,2025-03-23,post,https://www.facebook.com/melania.pericon/videos/1141272997778673/,2,9,53,0,0,0,0,1,0,4,
Melania Torrico,https://www.facebook.com/melania.pericon,2025-06-16,2008-06-17,no,20000,2800,2025-03-24,post,https://www.facebook.com/melania.pericon/posts/pfbid02ACCQLbZ5DXz44aYJgNWg9rXsd7iLEnQY2YErWpBpCeijXyKBXySv3g135FrQCH9fl,0,1,2,0,0,0,0,0,0,0,Reunión jubilados de Tarija.
Melania Torrico,https://www.facebook.com/melania.pericon,2025-06-16,2008-06-17,no,20000,2800,2025-03-24,post,https://www.facebook.com/melania.pericon/videos/1326212965316046/,1,0,17,16,1,0,0,0,0,0,
Melania Torrico,https://www.facebook.com/melania.pericon,2025-06-16,2008-06-17,no,20000,2800,2025-03-25,post,https://www.facebook.com/share/v/16fvX1ST3Y/,1,2,35,29,0,5,0,1,0,0,"Cuando las feminazis hablan sin ton ni son.
Ella acaso no sabe que hay varones denunciados falsamente por mujeres ?"
Melania Torrico,https://www.facebook.com/melania.pericon,2025-06-16,2008-06-17,no,20000,2800,2025-03-26,post,https://www.facebook.com/share/v/1AwU6FnHHK/,2,3,33,30,3,0,0,0,0,0,
Melania Torrico,https://www.facebook.com/melania.pericon,2025-06-16,2008-06-17,no,20000,2800,2025-03-28,post,https://www.facebook.com/share/v/19BNHYKsKN/,3,14,44,36,8,0,0,0,0,0,Les iré mostrando cada avance con la Arq. Ledy Vaca.
Melania Torrico,https://www.facebook.com/melania.pericon,2025-06-16,2008-06-17,no,20000,2800,2025-03-28,post,https://www.facebook.com/share/v/1WiT9YiJWB/,111,14,83,35,0,1,34,11,2,0,Cómo puede ser posible?
Melania Torrico,https://www.facebook.com/melania.pericon,2025-06-16,2008-06-17,no,20000,2800,2025-03-29,post,https://www.facebook.com/share/v/18SgJNpe3i/,0,0,1,1,0,0,0,0,0,0,"Mañana Domingo 30 de marzo 
20 00 horas.… Ver más"
Melania Torrico,https://www.facebook.com/melania.pericon,2025-06-16,2008-06-17,no,20000,2800,2025-03-30,post,https://www.facebook.com/melania.pericon/posts/pfbid02o97qAabuXBjUKfSE1pYzzBVkedpJ7hVtUg3Msxrx4iifpoAuttXR3pw5E3FYmaZQl,2,66,60,18,0,24,13,0,5,0,"Bolivia no tiene cura eh? Bolivia más enferma que nunca.
Evo hoy llegó concentrar todo este gentío en el Chapare. … Ver más"
Melania Torrico,https://www.facebook.com/melania.pericon,2025-06-16,2008-06-17,no,20000,2800,2025-03-30,post,https://www.facebook.com/share/p/1CUPXgH1tb/,0,0,2,2,0,0,0,0,0,0,
Melania Torrico,https://www.facebook.com/melania.pericon,2025-06-16,2008-06-17,no,20000,2800,2025-03-31,post,https://www.facebook.com/share/p/1Dr21dAzqU/,0,0,4,3,0,1,0,0,0,0,“Cada país tiene el gobierno que merece”
Melania Torrico,https://www.facebook.com/melania.pericon,2025-06-16,2008-06-17,no,20000,2800,2025-04-02,post,https://www.facebook.com/melania.pericon/posts/pfbid0piduzQL763PQyDpS49kRFvjnQx5a1qK6XYrxRTN8mPMrPMqd4Nka7LZJLhHeLgBNl,0,0,4,0,0,0,0,0,0,0,
Melania Torrico,https://www.facebook.com/melania.pericon,2025-06-16,2008-06-17,no,20000,2800,2025-04-05,post,https://www.facebook.com/share/p/1CETeSu3Bm/,0,4,37,0,0,0,0,0,0,0,Una gran noche en #tarija @redmoon_restobar plazuela Sucre .
Melania Torrico,https://www.facebook.com/melania.pericon,2025-06-16,2008-06-17,no,20000,2800,2025-04-08,post,https://www.facebook.com/melania.pericon/videos/646720991329856/,0,0,2,0,0,0,0,0,0,0,
Melania Torrico,https://www.facebook.com/melania.pericon,2025-06-16,2008-06-17,no,20000,2800,2025-04-10,post,https://www.facebook.com/melania.pericon/videos/1872799503489216/,0,14,55,0,0,0,0,0,0,0,"Estudio 
1. Carrera de Derecho… Ver más"
Melania Torrico,https://www.facebook.com/melania.pericon,2025-06-16,2008-06-17,no,20000,2800,2025-04-10,post,2025-04-10,3,0,9,0,0,0,0,0,0,0,
Melania Torrico,https://www.facebook.com/melania.pericon,2025-06-16,2008-06-17,no,20000,2800,2025-04-10,post,https://www.facebook.com/melania.pericon/videos/1186404626218087/,0,0,5,3,2,0,0,0,0,0,
Melania Torrico,https://www.facebook.com/melania.pericon,2025-06-16,2008-06-17,no,20000,2800,2025-04-14,post,https://www.facebook.com/melania.pericon/videos/557235964071707/,0,3,6,6,0,0,0,0,0,0,Por qué nadie habla de las causas oscuras e invisibles de la violencia?
Melania Torrico,https://www.facebook.com/melania.pericon,2025-06-16,2008-06-17,no,20000,2800,2025-04-14,post,https://www.facebook.com/melania.pericon/videos/1034613894777568/,0,1,6,0,0,0,0,0,0,0,"Qué nada los detenga!
Siempre para arriba, sin excusas, sin quejas, sin pasado y SIN CULPAS."
Melania Torrico,https://www.facebook.com/melania.pericon,2025-06-16,2008-06-17,no,20000,2800,2025-04-14,post,https://www.facebook.com/melania.pericon/posts/pfbid0JPNXprwjpddTxTJBoWYk6sMGtKw62eAaefW3A46bZrV86bWXio7gDVV33H7ZyxgVl,0,0,0,0,0,0,0,0,0,0,Consulte si está inscrito en un partido .
Melania Torrico,https://www.facebook.com/melania.pericon,2025-06-16,2008-06-17,no,20000,2800,2025-04-14,post,https://www.facebook.com/share/p/19FUjVUPH3/,0,7,0,0,0,0,0,0,0,0,
Melania Torrico,https://www.facebook.com/melania.pericon,2025-06-16,2008-06-17,no,20000,2800,2025-04-15,post,https://www.facebook.com/share/v/16xawVQY2m/,1,2,17,0,0,0,0,0,0,0,
Melania Torrico,https://www.facebook.com/melania.pericon,2025-06-16,2008-06-17,no,20000,2800,2025-04-17,post,https://www.facebook.com/melania.pericon/posts/pfbid02PZv9qP5MGLy2EwAMDRBUbVGM7cGmkNmEVpwZZ5TWdgvSkHDPAhKJWfqUquYME78Ml,1,0,12,11,1,0,0,0,0,0,
Melania Torrico,https://www.facebook.com/melania.pericon,2025-06-16,2008-06-17,no,20000,2800,2025-04-17,post,https://www.facebook.com/melania.pericon/posts/pfbid0h1y7kj6ytxCe7j8dPbQ2E9cfgiQXfYD3xA5uf8Dp6StnZZBbcDiqHPm84SkkLVKCl,3,58,83,0,0,0,0,0,0,0,"Mil felicidades ! 
No es fácil sacar adelante una carrera y ella lo hizo.… Ver más"
Melania Torrico,https://www.facebook.com/melania.pericon,2025-06-16,2008-06-17,no,20000,2800,2025-04-18,post,https://www.facebook.com/share/p/16jFsnJ4xM/,1,2,9,8,0,0,0,1,0,0,"Me da pena ver que nosotros los bolivianos estemos en una montaña rusa, llenos de dudas y nos emocionamos con cada persona nueva que llega, antes era Evo, Camacho, Pumari, Manfred, Tuto, Samuel y ahora Dunn, y es en ese orden de llegada.
Estamos desolados y les manifiesto con absoluta seguridad que la oposición NO EXISTE, es más, NUNCA EXISTIÓ.
Ahora tendremos que ser más fuertes y esperar que cada día los opositores NOS MIENTAN, nos … Ver más"
Melania Torrico,https://www.facebook.com/melania.pericon,2025-06-16,2008-06-17,no,20000,2800,2025-04-19,post,https://www.facebook.com/melania.pericon/videos/1458679328909344/,0,0,10,0,0,0,0,0,0,0,
Melania Torrico,https://www.facebook.com/melania.pericon,2025-06-16,2008-06-17,no,20000,2800,2025-04-20,post,https://www.facebook.com/share/v/1L9SFR7c6L/,5,7,22,18,0,0,2,2,0,0,2do video caso  Alejandro “El Joker”
Melania Torrico,https://www.facebook.com/melania.pericon,2025-06-16,2008-06-17,no,20000,2800,2025-04-21,post,https://www.facebook.com/share/v/1FGku7D4Rg/,5,4,53,44,9,0,0,0,0,0,
Melania Torrico,https://www.facebook.com/melania.pericon,2025-06-16,2008-06-17,no,20000,2800,2025-04-21,post,https://www.facebook.com/melania.pericon/videos/1312166050418197/,1,0,7,0,0,0,0,0,0,0,
Melania Torrico,https://www.facebook.com/melania.pericon,2025-06-16,2008-06-17,no,20000,2800,2025-04-21,post,https://www.facebook.com/share/v/1YWErDWQqw/,1,4,14,0,0,0,0,0,0,0,
Melania Torrico,https://www.facebook.com/melania.pericon,2025-06-16,2008-06-17,no,20000,2800,2025-04-22,post,https://www.facebook.com/share/v/1ABueZPYpg/,0,1,9,9,0,0,0,0,0,0,Pobre hijo!
Melania Torrico,https://www.facebook.com/melania.pericon,2025-06-16,2008-06-17,no,20000,2800,2025-04-22,post,https://www.facebook.com/melania.pericon/videos/1493856314908940/,4,5,22,0,0,0,0,0,0,0,"Los hijos no pueden quitar bienes a los padres por infidelidad.
Por más dolor que sientan los hijos, ellos no deben tomar decisiones ya que las leyes están por encima d… Ver más"
Melania Torrico,https://www.facebook.com/melania.pericon,2025-06-16,2008-06-17,no,20000,2800,2025-04-23,post,https://www.facebook.com/melania.pericon/videos/2973301572838259/,1,0,10,9,1,0,0,0,0,0,
Melania Torrico,https://www.facebook.com/melania.pericon,2025-06-16,2008-06-17,no,20000,2800,2025-04-24,post,https://www.facebook.com/melania.pericon/videos/2415500012167067/,0,2,28,0,0,0,0,0,0,0,
Melania Torrico,https://www.facebook.com/melania.pericon,2025-06-16,2008-06-17,no,20000,2800,2025-04-25,post,https://www.facebook.com/share/v/1BkaZwX5fi/,0,2,18,16,1,1,0,0,0,0,
Melania Torrico,https://www.facebook.com/melania.pericon,2025-06-16,2008-06-17,no,20000,2800,2025-04-25,post,https://www.facebook.com/share/v/1CX9xyLEX6/,2,1,9,0,0,0,0,0,0,0,
Melania Torrico,https://www.facebook.com/melania.pericon,2025-06-16,2008-06-17,no,20000,2800,2025-04-26,post,https://www.facebook.com/melania.pericon/videos/1593963574635560/,1,0,15,0,0,0,0,0,0,0,Cuando una niña te deja asombrada por su pregunta.  @SamyAventura
Melania Torrico,https://www.facebook.com/melania.pericon,2025-06-16,2008-06-17,no,20000,2800,2025-04-28,post,https://www.facebook.com/melania.pericon/posts/pfbid02rBbrLrcbvqrDLpdpVd6U5MCGgnoajosujSHNMZ4SVypb5tj1dHPzucsVoz5T21FZl,0,2,21,0,0,0,0,0,0,0,
Melania Torrico,https://www.facebook.com/melania.pericon,2025-06-16,2008-06-17,no,20000,2800,2025-04-29,post,https://www.facebook.com/melania.pericon/videos/1011717263928859/,5,25,134,90,40,2,0,0,1,1,
Melania Torrico,https://www.facebook.com/melania.pericon,2025-06-16,2008-06-17,no,20000,2800,2025-05-01,post,https://www.facebook.com/melania.pericon/videos/1250053660080048/,0,5,56,0,4,15,0,1,0,0,
Melania Torrico,https://www.facebook.com/melania.pericon,2025-06-16,2008-06-17,no,20000,2800,2025-05-01,post,https://www.facebook.com/melania.pericon/posts/pfbid09RXnEvmQweuHz1W7bFXMGJ9Q1p7y9Nske9B6dDYTC4ztyTi7R7zExDWvqRW57gcTl,1,39,76,41,6,23,1,5,0,0,"Qué tal?
Tengo propuestas para ser candidata a Alcaldesa de La Paz.
Qué opinan? Sería un hito histórico en esa ciudad que me dio tanto.
(Ayer tuve dos reuniones)"
Melania Torrico,https://www.facebook.com/melania.pericon,2025-06-16,2008-06-17,no,20000,2800,2025-05-02,post,https://www.facebook.com/melania.pericon/videos/1723851531899784/,0,12,43,26,16,0,0,0,1,0,"Qué bonitas palabras!
Silvia Pericon Mendieta"
Melania Torrico,https://www.facebook.com/melania.pericon,2025-06-16,2008-06-17,no,20000,2800,2025-05-02,post,https://www.facebook.com/melania.pericon/videos/2054141095076064/,7,13,77,49,26,0,0,0,1,1,"Con la maestra que me enseñó a leer y a escribir, Prof. Zoila Llanos de Arancibia. #Tarija"
Melania Torrico,https://www.facebook.com/melania.pericon,2025-06-16,2008-06-17,no,20000,2800,2025-05-04,post,https://www.facebook.com/melania.pericon/videos/1023170099363544/,15,1,57,0,8,0,0,0,0,2,"Todo esto en Tarija-MUEBLES Y ADORNOS EXCLUSIVOS 
Llamar al 72567138"
Melania Torrico,https://www.facebook.com/melania.pericon,2025-06-16,2008-06-17,no,20000,2800,2025-05-04,post,https://www.facebook.com/melania.pericon/posts/pfbid0utxvhjrL71XLPXft7n8SXhMYLx7p8u1eLcJ843JPaWa1CWjWpMV2pNBjAnAetRD4l,0,0,1,1,0,0,0,0,0,0,
Melania Torrico,https://www.facebook.com/melania.pericon,2025-06-16,2008-06-17,no,20000,2800,2025-05-05,post,https://www.facebook.com/melania.pericon/videos/1023899033209784/,3,3,20,20,0,0,0,0,0,0,
Melania Torrico,https://www.facebook.com/melania.pericon,2025-06-16,2008-06-17,no,20000,2800,2025-05-09,post,https://www.facebook.com/melania.pericon/videos/1237404448064383/,0,1,18,14,1,1,0,0,2,0,
Melania Torrico,https://www.facebook.com/melania.pericon,2025-06-16,2008-06-17,no,20000,2800,2025-05-10,post,https://www.facebook.com/melania.pericon/videos/1452312292817903/,2,4,27,23,1,2,0,0,1,0,
Melania Torrico,https://www.facebook.com/melania.pericon,2025-06-16,2008-06-17,no,20000,2800,2025-05-10,post,https://www.facebook.com/share/p/16YRydTuSt/,0,1,13,6,0,5,0,1,1,0,"LA OPOSICIÓN YA FUÉ!
Ahora nos toca decidir por quién del otro lado."
Melania Torrico,https://www.facebook.com/melania.pericon,2025-06-16,2008-06-17,no,20000,2800,2025-05-11,post,https://www.facebook.com/share/v/1Nmus8FTnA/,0,4,22,20,0,2,0,0,0,0,
Melania Torrico,https://www.facebook.com/melania.pericon,2025-06-16,2008-06-17,no,20000,2800,2025-05-11,post,https://www.facebook.com/share/v/1EYPd3G4Te/,0,1,27,19,4,2,0,0,2,0,
Melania Torrico,https://www.facebook.com/melania.pericon,2025-06-16,2008-06-17,no,20000,2800,2025-05-12,post,https://www.facebook.com/melania.pericon/videos/1764406891154132/,1,120,293,43,5,159,11,47,28,0,"Me sumo a la candidatura de ANDRONICO RODRÍGUEZ.  
ANDRÓNICO PRESIDENTE ! @destacar"
Melania Torrico,https://www.facebook.com/melania.pericon,2025-06-16,2008-06-17,no,20000,2800,2025-05-12,post,https://www.facebook.com/melania.pericon/posts/pfbid0VCnQbxFsTvqJUGpk6MPkjHxQSoY6ab235EvcuTWqw4EUmGeFdybseGPX6Xs7ox4rl,0,93,163,20,1,95,4,8,35,0,"APOYEN AL GANADOR! 
La gente que quiera unirse al Proyecto de Andronico Rodríguez está invitado.
Estaremos con acciones en la zona sur de la ciudad de La Paz.
72567138"
Melania Torrico,https://www.facebook.com/melania.pericon,2025-06-16,2008-06-17,no,20000,2800,2025-05-12,post,https://www.facebook.com/melania.pericon/posts/pfbid0dBBMQ3oeBZPzLZHaVLDmLG8RrQMWDW1fzBozdnoKFs6h9RWrMMjXXKyas4S6aczwl,0,0,2,0,0,0,0,0,0,0,https://www.facebook.com/share/1AMxauqkav/?mibextid=wwXIfr
Melania Torrico,https://www.facebook.com/melania.pericon,2025-06-16,2008-06-17,no,20000,2800,2025-05-12,post,https://www.facebook.com/melania.pericon/videos/1836731007167529/,1,12,35,4,0,27,0,2,2,0,
Melania Torrico,https://www.facebook.com/melania.pericon,2025-06-16,2008-06-17,no,20000,2800,2025-05-12,post,https://www.facebook.com/melania.pericon/videos/1783229162601591/,1,12,18,6,0,11,0,0,1,0,
Melania Torrico,https://www.facebook.com/melania.pericon,2025-06-16,2008-06-17,no,20000,2800,2025-05-12,post,https://www.facebook.com/melania.pericon/posts/pfbid02EuzD2gg4drERg5LgtgU8bTyvZajJ4bJu8vPEMHDVCJeBJg3phgb3bzvpNmnDktejl,1,35,91,0,0,0,0,0,0,0,"Unite
Llamar al 72567138"
Melania Torrico,https://www.facebook.com/melania.pericon,2025-06-16,2008-06-17,no,20000,2800,2025-05-12,post,https://www.facebook.com/melania.pericon/posts/pfbid02rUJyus67yBiL5z4DWWDQ7YvsmTGNQ5P5Ai4Z2EVQiezGmjNkbyD9uJTiDkLFKd4Zl,1,9,20,0,0,13,0,0,3,0,https://chat.whatsapp.com/J1pu5uOuk6T7A48lM0n6HB
Melania Torrico,https://www.facebook.com/melania.pericon,2025-06-16,2008-06-17,no,20000,2800,2025-05-12,post,https://www.facebook.com/melania.pericon/posts/pfbid01U7qtf1caiAxBybK3nc321dAbQafJrWBUbyzbBL9EZNXiwjTigrKza18E83q258Ul,0,20,42,0,0,21,0,1,9,0,"El día de mañana estaré en Tarija para tener reunión con el Grupo que apoya la candidatura de Andrónico Rodríguez.
* Si usted quiere unirse será muy bien recibido .
Llamar al 72567138"
Melania Torrico,https://www.facebook.com/melania.pericon,2025-06-16,2008-06-17,no,20000,2800,2025-05-12,post,https://www.facebook.com/melania.pericon/posts/pfbid02Ls6Eh7dtHYtn3Vuxq1ReiPYY2JM8dHVa9Gce9NjMAr4Yecz4bWKvTkH2e1AT9xkKl,1,44,136,0,0,0,0,0,0,0,"Quiero agradecer a las cientas de personas que ofrecieron sus casas, sus apoyos logísticos, movilidades y sobre todo la voluntad de apoyar a ANDRÓNICO, no saben cuánto agradezco a la gente de todo el país. 
Desde mañana Tarija será otra! 
Desde mañana Bolivia tendrá nueva visión!"
Melania Torrico,https://www.facebook.com/melania.pericon,2025-06-16,2008-06-17,no,20000,2800,2025-05-13,post,https://www.facebook.com/melania.pericon/posts/pfbid034qVannS6a9zYXt5t9zTKvAadvw6QjvYCFbSYqi3HT5ax3xdPmy4hzbdQjZo3VHDhl,0,22,30,2,0,27,0,0,0,1,"EVO NUNCA MÁS!
Evo Morales Ayma tienes estás inhabilitado !… Ver más"
Melania Torrico,https://www.facebook.com/melania.pericon,2025-06-16,2008-06-17,no,20000,2800,2025-05-13,post,https://www.facebook.com/melania.pericon/videos/605747735111091/,0,2,14,0,0,2,0,0,0,0,"En la bella tierra de la uva, el durazno y el vino."
Melania Torrico,https://www.facebook.com/melania.pericon,2025-06-16,2008-06-17,no,20000,2800,2025-05-14,post,https://www.facebook.com/melania.pericon/posts/pfbid0rL1eHgdQquWmXDA6g94FUQNigq75de9AUShLs6dUZyGNW84SQMAtiLPZMWQey9anl,0,40,70,12,3,41,1,3,10,0,"Nosotros somos el #grupopanteras
Por la Justicia y la Familia! … Ver más"
Melania Torrico,https://www.facebook.com/melania.pericon,2025-06-16,2008-06-17,no,20000,2800,2025-05-14,post,https://www.facebook.com/share/v/18fe9hSdhq/,0,40,66,0,0,0,0,0,15,0,
Melania Torrico,https://www.facebook.com/melania.pericon,2025-06-16,2008-06-17,no,20000,2800,2025-05-14,post,https://www.facebook.com/melania.pericon/posts/pfbid02vKRhYgNankyxX4g4rY9Dg3WYmXQmYkp1RTD71JyiJqkVnqhwyfcvdyaJ1BhZuYD3l,0,0,19,6,1,8,0,0,3,1,"Hoy/ 72567138.  Ingresa 
… Ver más"
Melania Torrico,https://www.facebook.com/melania.pericon,2025-06-16,2008-06-17,no,20000,2800,2025-05-14,post,https://www.facebook.com/melania.pericon/posts/pfbid02khULoFS1kRa2tzE3DPTZf6YN6A7jRJb1PzEairigq4BaScGaRMbddTtKGUc48LgLl,0,0,2,2,0,0,0,0,0,0,GRUPO PANTERAS
Melania Torrico,https://www.facebook.com/melania.pericon,2025-06-16,2008-06-17,no,20000,2800,2025-05-14,post,https://www.facebook.com/melania.pericon/posts/pfbid02eb5w2pxT2fdDrC25Qj8Jr2mdSQ5Wcn9k4WHns4Pf3WQTChAFJ1qTAFjkwxVrntVTl,0,22,55,0,0,36,0,0,11,0,"Es hoy!  72567138
#Tarija"
Melania Torrico,https://www.facebook.com/melania.pericon,2025-06-16,2008-06-17,no,20000,2800,2025-05-15,post,https://www.facebook.com/melania.pericon/videos/1768916687304764/,2,18,30,16,0,12,0,0,2,0,Gracias por la confianza!
Melania Torrico,https://www.facebook.com/melania.pericon,2025-06-16,2008-06-17,no,20000,2800,2025-05-15,post,https://www.facebook.com/melania.pericon/videos/1251312826355478/,5,16,45,26,0,16,2,0,1,0,
Melania Torrico,https://www.facebook.com/melania.pericon,2025-06-16,2008-06-17,no,20000,2800,2025-05-16,post,https://www.facebook.com/share/v/16FVGPQ4iG/,2,21,39,8,1,20,1,0,9,0,
Melania Torrico,https://www.facebook.com/melania.pericon,2025-06-16,2008-06-17,no,20000,2800,2025-05-16,post,https://www.facebook.com/share/v/1Afn7m2ZkZ/,0,42,54,0,0,36,2,2,6,0,"Necesitamos un cambio en la justicia y Andrónico ha entendido que todos somos iguales ante la ley, varones y mujeres con los mismos derechos!  @destacar Marvia Georbana Subirana"
Melania Torrico,https://www.facebook.com/melania.pericon,2025-06-16,2008-06-17,no,20000,2800,2025-05-16,post,https://www.facebook.com/melania.pericon/videos/2723811031160473/,1,19,36,7,0,22,1,0,6,0,"QUE LINDO QUERIDOS AMIGOS! 
Mis amigos de las cooperativas mineras… Ver más"
Melania Torrico,https://www.facebook.com/melania.pericon,2025-06-16,2008-06-17,no,20000,2800,2025-05-18,post,https://www.facebook.com/melania.pericon/posts/pfbid0YpaQQWk2hiCTYFjgp5oYjorfSgsWVLDdGhGD8se5bhsGsjEaArRhyGcHJ1DGHt9pl,0,18,5,0,0,2,2,0,0,0,"Por qué creen que no se unió la oposición?
PD: respuestas coherentes por favor."
Melania Torrico,https://www.facebook.com/melania.pericon,2025-06-16,2008-06-17,no,20000,2800,2025-05-18,post,https://www.facebook.com/melania.pericon/videos/722652057119441/,0,3,24,0,1,8,0,0,0,0,
Melania Torrico,https://www.facebook.com/melania.pericon,2025-06-16,2008-06-17,no,20000,2800,2025-05-18,post,https://www.facebook.com/melania.pericon/posts/pfbid0gtDN96st9A3GZ2QNQP6EjuEfWmgrmUBZQW4oiy17wBnnbUr1gMFBEipN7q7rBcJgl,2,0,7,4,0,2,0,1,0,0,"#ULTIMO_MOMENTO
9 partidos políticos pueden perder su personería jurídica.… Ver más"
Melania Torrico,https://www.facebook.com/melania.pericon,2025-06-16,2008-06-17,no,20000,2800,2025-05-18,post,https://www.facebook.com/melania.pericon/videos/1411723196500044/,4,30,74,0,0,0,0,0,8,0,
Melania Torrico,https://www.facebook.com/melania.pericon,2025-06-16,2008-06-17,no,20000,2800,2025-05-19,post,https://www.facebook.com/melania.pericon/posts/pfbid0Gpj8fQshSFQ681mEkDotan6hYE1Zs1mfiLEWJM7aHfnu56QAN3mr8JtDiT6YfL3bl,0,10,24,0,0,20,0,0,3,0,"COMUNICADO
A las 18 :30 estaré en un live Tik Tok con el siguiente temario:
1. Por qué Andrónico?
2. ⁠Por qué somos Panteras?
3. ⁠Acción de Cumplimiento contra MTS… Ver más"
Melania Torrico,https://www.facebook.com/melania.pericon,2025-06-16,2008-06-17,no,20000,2800,2025-05-20,post,https://www.facebook.com/share/p/1Q6kt8byFo/,0,12,41,5,0,27,0,1,8,0,"SEREMOS GOBIERNO!
Ya lo verán !"
Melania Torrico,https://www.facebook.com/melania.pericon,2025-06-16,2008-06-17,no,20000,2800,2025-05-20,post,https://www.facebook.com/share/v/19fW89mRFH/,0,0,15,3,0,11,0,0,1,0,
Melania Torrico,https://www.facebook.com/melania.pericon,2025-06-16,2008-06-17,no,20000,2800,2025-05-20,post,https://www.facebook.com/melania.pericon/posts/pfbid037zRLzFcbbJt1q1x1pLyBTLc8fDQ4RkXzdZWKZc4P62C1shYJedKs787MaMF9WsbXl,0,0,5,0,0,0,0,0,0,0,Se cae candidatura de Jaime Dunn por solvencia fiscal; Fidel Tapia lo reemplaza… Ver más
Melania Torrico,https://www.facebook.com/melania.pericon,2025-06-16,2008-06-17,no,20000,2800,2025-05-20,post,https://www.facebook.com/share/v/1FsKdHSNb4/,0,1,16,5,0,8,0,0,3,0,
Melania Torrico,https://www.facebook.com/melania.pericon,2025-06-16,2008-06-17,no,20000,2800,2025-05-20,post,https://www.facebook.com/melania.pericon/videos/992074652757092/,0,2,5,0,0,2,0,0,0,0,
Melania Torrico,https://www.facebook.com/melania.pericon,2025-06-16,2008-06-17,no,20000,2800,2025-05-20,post,https://www.facebook.com/melania.pericon/videos/669926979275956/,0,0,1,0,0,0,0,0,0,0,Cómo puede ser posible?
Melania Torrico,https://www.facebook.com/melania.pericon,2025-06-16,2008-06-17,no,20000,2800,2025-05-21,post,https://www.facebook.com/share/v/1DfgqzcezG/,0,0,1,1,0,0,0,0,0,0,
Melania Torrico,https://www.facebook.com/melania.pericon,2025-06-16,2008-06-17,no,20000,2800,2025-05-22,post,https://www.facebook.com/share/v/15gshafitC/,0,3,1,0,0,1,0,0,0,0,
Melania Torrico,https://www.facebook.com/melania.pericon,2025-06-16,2008-06-17,no,20000,2800,2025-05-22,post,https://www.facebook.com/share/v/16rzsUqQpf/,0,3,4,3,0,1,0,0,0,0,"PERO LOS DEL TSE SON LOS CULPABLES 
Tantas denuncias a los partidos que se avisora que quedarán el MAS y el MTS.… Ver más"
Melania Torrico,https://www.facebook.com/melania.pericon,2025-06-16,2008-06-17,no,20000,2800,2025-05-22,post,https://www.facebook.com/share/v/1BrqifqM6F/,0,14,28,7,0,18,0,0,3,0,
Melania Torrico,https://www.facebook.com/melania.pericon,2025-06-16,2008-06-17,no,20000,2800,2025-05-22,post,https://www.facebook.com/share/v/1F1b7jkM5d/,0,3,19,0,0,18,0,0,1,0,
Melania Torrico,https://www.facebook.com/melania.pericon,2025-06-16,2008-06-17,no,20000,2800,2025-05-24,post,https://www.facebook.com/share/v/14DnfZ7nf8z/,1,3,12,8,0,4,0,0,0,0,
Melania Torrico,https://www.facebook.com/melania.pericon,2025-06-16,2008-06-17,no,20000,2800,2025-05-25,post,https://www.facebook.com/share/v/1CVE6iGbd6/,1,0,13,4,0,9,0,0,0,0,CEO CON TACONES
Melania Torrico,https://www.facebook.com/melania.pericon,2025-06-16,2008-06-17,no,20000,2800,2025-05-25,post,https://www.facebook.com/share/v/1CC1bekNNK/,0,0,5,3,0,2,0,0,0,0,Acompañamiento y seguimiento de casos.
Melania Torrico,https://www.facebook.com/melania.pericon,2025-06-16,2008-06-17,no,20000,2800,2025-05-28,post,https://www.facebook.com/share/p/19JAc4JQdp/,0,29,64,7,2,54,0,0,1,0,"Señores:
ANDRÓNICO SERÁ EL NUEVO PRESIDENTE DE LOS BOLIVIANOS! … Ver más"
Melania Torrico,https://www.facebook.com/melania.pericon,2025-06-16,2008-06-17,no,20000,2800,2025-05-28,post,https://www.facebook.com/share/v/1AZbFwhvfX/,0,0,2,1,1,0,0,0,0,0,
Melania Torrico,https://www.facebook.com/melania.pericon,2025-06-03,2008-06-17,no,20000,2800,2025-05-28,post,https://www.facebook.com/share/v/15RRguyY2g/,2,46,65,13,0,49,1,0,2,0,"Es Licenciado, tiene una Maestría y 2 Diplomados."
Melania Torrico,https://www.facebook.com/melania.pericon,2025-06-16,2008-06-17,no,20000,2800,2025-05-28,post,https://www.facebook.com/share/v/166YKAppi7/,0,0,22,6,0,13,0,0,3,0,"Los espero en: MELANIA.BO
20:00 Horas"
Melania Torrico,https://www.facebook.com/melania.pericon,2025-06-16,2008-06-17,no,20000,2800,2025-05-28,post,https://www.facebook.com/share/v/1FJExvJwX9/,2,48,69,13,0,52,1,0,3,0,"Es Licenciado, tiene una Maestría y 2 Diplomados."
Melania Torrico,https://www.facebook.com/melania.pericon,2025-06-03,2008-06-17,no,20000,2800,2025-05-28,post,https://www.facebook.com/share/v/16PYL1Hh5D/,0,0,20,6,0,11,0,0,3,0,"Los espero en: MELANIA.BO
20:00 Horas"
Melania Torrico,https://www.facebook.com/melania.pericon,2025-06-03,2008-06-17,no,20000,2800,2025-05-28,post,https://www.facebook.com/share/v/1BuZcMeAnQ/,0,0,2,1,1,0,0,0,0,0,
Melania Torrico,https://www.facebook.com/melania.pericon,2025-06-03,2008-06-17,no,20000,2800,2025-05-28,post,https://www.facebook.com/share/p/1BfQwFxiDQ/,0,28,64,7,2,54,0,0,1,0,"Señores:
ANDRÓNICO SERÁ EL NUEVO PRESIDENTE DE LOS BOLIVIANOS! … Ver más"
Melania Torrico,https://www.facebook.com/melania.pericon,2025-06-03,2008-06-17,no,20000,2800,2025-05-28,post,https://www.facebook.com/share/v/1FMJ7TXMw5/,0,0,5,2,0,3,0,0,0,0,
Melania Torrico,https://www.facebook.com/melania.pericon,2025-06-16,2008-06-17,no,20000,2800,2025-05-28,post,https://www.facebook.com/share/v/16v4yrwhcK/,0,0,5,2,0,3,0,0,0,0,
Melania Torrico,https://www.facebook.com/melania.pericon,2025-06-03,2008-06-17,no,20000,2800,2025-05-31,post,https://www.facebook.com/share/p/16gcFcEMJo/,0,0,11,6,0,5,0,0,0,0,"La candidatura a Vicepresidencia cuesta entre 40 y 60 mil dólares americanos a tipo de cambio 15. Es decir, vaya que cuesta ser candidato .
Che! Y si pones plata, mínimo lee, averigua, conoce, prepárate y NO PASES PAPELONES.
Los emojis de monitos quedaron pequeños."
Melania Torrico,https://www.facebook.com/melania.pericon,2025-06-16,2008-06-17,no,20000,2800,2025-05-31,post,https://www.facebook.com/share/p/1Afk4a39fN/,0,0,12,6,0,6,0,0,0,0,"La candidatura a Vicepresidencia cuesta entre 40 y 60 mil dólares americanos a tipo de cambio 15. Es decir, vaya que cuesta ser candidato .
Che! Y si pones plata, mínimo lee, averigua, conoce, prepárate y NO PASES PAPELONES.
Los emojis de monitos quedaron pequeños."
Melania Torrico,https://www.facebook.com/melania.pericon,2025-06-16,2008-06-17,no,20000,2800,2025-06-01,post,https://www.facebook.com/share/p/1C1UqAGvbR/,1,16,64,9,0,49,0,0,6,0,Andrónico Presidente ! Así será señores !
Melania Torrico,https://www.facebook.com/melania.pericon,2025-06-03,2008-06-17,no,20000,2800,2025-06-01,post,https://www.facebook.com/share/p/16KgfeTUxW/,1,15,59,8,0,46,0,0,5,0,Andrónico Presidente ! Así será señores !
Melania Torrico,https://www.facebook.com/melania.pericon,2025-06-03,2008-06-17,no,20000,2800,2025-06-01,post,https://www.facebook.com/share/p/15XMRTVgx7/,0,0,4,0,0,0,0,0,0,0,Andrónico Rodríguez será en nuevo Presidente !
Melania Torrico,https://www.facebook.com/melania.pericon,2025-06-03,2008-06-17,no,20000,2800,2025-06-01,post,https://www.facebook.com/share/v/1AbhgFz1SR/,1,6,17,2,0,15,0,0,0,0,
Melania Torrico,https://www.facebook.com/melania.pericon,2025-06-03,2008-06-17,no,20000,2800,2025-06-01,post,https://www.facebook.com/share/v/12LLhefkqZF/,0,0,2,2,0,0,0,0,0,0,
Melania Torrico,https://www.facebook.com/melania.pericon,2025-06-16,2008-06-17,no,20000,2800,2025-06-01,post,https://www.facebook.com/share/v/15crpHVAwn/,0,0,2,0,0,0,0,0,0,0,
Melania Torrico,https://www.facebook.com/melania.pericon,2025-06-16,2008-06-17,no,20000,2800,2025-06-01,post,https://www.facebook.com/share/v/16qEszbUSv/,1,8,20,2,0,18,0,0,0,0,
Melania Torrico,https://www.facebook.com/melania.pericon,2025-06-16,2008-06-17,no,20000,2800,2025-06-01,post,https://www.facebook.com/share/p/1B7CMhkFh1/,0,0,7,0,0,0,0,0,0,0,Andrónico Rodríguez será en nuevo Presidente !
Melania Torrico,https://www.facebook.com/melania.pericon,2025-06-16,2008-06-17,no,20000,2800,2025-06-02,post,https://www.facebook.com/share/v/1BrzLzYqq9/,0,6,6,0,0,6,0,0,0,0,
Melania Torrico,https://www.facebook.com/melania.pericon,2025-06-03,2008-06-17,no,20000,2800,2025-06-02,post,https://www.facebook.com/share/v/16vZiizGEc/,0,3,4,0,0,4,0,0,0,0,
Melania Torrico,https://www.facebook.com/melania.pericon,2025-06-10,2008-06-17,no,20000,2800,2025-06-02,post,https://www.facebook.com/share/v/1CanCW4W3W/,0,6,6,0,0,0,0,0,0,0,
Melania Torrico,https://www.facebook.com/melania.pericon,2025-06-03,2008-06-17,no,20000,2800,2025-06-03,post,https://www.facebook.com/share/p/19YWaxmyGN/,1,6,27,3,0,24,0,0,0,0,Tres encuestas hasta el momento.
Melania Torrico,https://www.facebook.com/melania.pericon,2025-06-16,2008-06-17,no,20000,2800,2025-06-03,post,https://www.facebook.com/share/p/1C9CNTrquA/,1,9,47,4,0,42,0,0,1,0,Tres encuestas hasta el momento.
Melania Torrico,https://www.facebook.com/melania.pericon,2025-06-10,2008-06-17,no,20000,2800,2025-06-03,post,https://www.facebook.com/share/p/15aPm6ELqw/,1,9,47,0,0,0,0,0,0,0,Tres encuestas hasta el momento.
Melania Torrico,https://www.facebook.com/melania.pericon,2025-06-16,2008-06-17,no,20000,2800,2025-06-05,post,https://www.facebook.com/share/p/15grredNGc/,1,0,19,7,1,8,0,0,3,0,
Melania Torrico,https://www.facebook.com/melania.pericon,2025-06-16,2008-06-17,no,20000,2800,2025-06-05,post,https://www.facebook.com/share/v/1CYrqXyuS3/,0,44,73,14,2,46,1,0,10,0,Andrónico PRESIDENTE DEL BICENTENARIO.
Melania Torrico,https://www.facebook.com/melania.pericon,2025-06-16,2008-06-17,no,20000,2800,2025-06-05,post,https://www.facebook.com/share/v/18qUNthejU/,1,10,24,5,0,18,0,0,1,0,
Melania Torrico,https://www.facebook.com/melania.pericon,2025-06-10,2008-06-17,no,20000,2800,2025-06-05,post,https://www.facebook.com/share/p/15nAnxJwo8/,1,0,19,0,0,0,0,0,0,0,
Melania Torrico,https://www.facebook.com/melania.pericon,2025-06-10,2008-06-17,no,20000,2800,2025-06-05,post,https://www.facebook.com/share/v/1GrksWPET3/,0,43,71,0,0,0,0,0,0,0,Andrónico PRESIDENTE DEL BICENTENARIO.
Melania Torrico,https://www.facebook.com/melania.pericon,2025-06-10,2008-06-17,no,20000,2800,2025-06-05,post,https://www.facebook.com/share/v/1C9GciY2Jy/,1,9,23,0,0,0,0,0,0,0,
Melania Torrico,https://www.facebook.com/melania.pericon,2025-06-16,2008-06-17,no,20000,2800,2025-06-06,post,https://www.facebook.com/share/v/1EhqeuAafR/,0,3,13,8,0,5,0,0,0,0,
Melania Torrico,https://www.facebook.com/melania.pericon,2025-06-10,2008-06-17,no,20000,2800,2025-06-06,post,https://www.facebook.com/share/v/19QjNm9seq/,0,3,13,0,0,0,0,0,0,0,
Melania Torrico,https://www.facebook.com/melania.pericon,2025-06-16,2008-06-17,no,20000,2800,2025-06-07,post,https://www.facebook.com/share/p/1Eh5oFNgo4/,1,5,11,7,0,0,3,0,1,0,"Será posible que una mujer quien tiene tres hijos haga un trato económico con el padre y le diga: 
- tú quédate con el mayor y yo me quedo con los dos menores, PERO QUIERO LA CASA Y TÚ PAGAS TODO EL COLEGIO Y GASTOS QUE SE REQUIERAN.
- él le dice: estás negociando con nuestros hijos? 
- ella responde: si quieres no más o quieres ir a la cárcel por violencia?
- él le dice: yo me quedo con los dos varones y tú quédate con nuestra hija m… Ver más"
Melania Torrico,https://www.facebook.com/melania.pericon,2025-06-10,2008-06-17,no,20000,2800,2025-06-07,post,https://www.facebook.com/share/p/1LsWrBinDW/,1,5,11,0,0,0,0,0,0,0,"Será posible que una mujer quien tiene tres hijos haga un trato económico con el padre y le diga: 
- tú quédate con el mayor y yo me quedo con los dos menores, PERO QUIERO LA CASA Y TÚ PAGAS TODO EL COLEGIO Y GASTOS QUE SE REQUIERAN.
- él le dice: estás negociando con nuestros hijos? 
- ella responde: si quieres no más o quieres ir a la cárcel por violencia?
- él le dice: yo me quedo con los dos varones y tú quédate con nuestra hija m… Ver más"
Melania Torrico,https://www.facebook.com/melania.pericon,2025-06-10,2008-06-17,no,20000,2800,2025-06-09,post,https://www.facebook.com/share/p/164K3rK6po/,0,5,12,0,0,0,0,0,0,0,"Hoy tengo un caso importante:
Un varón fue contratado por una empresa constructora, hizo inversiones en la obra adjudicada, cambió su lugar de residencia para ir tras ese trabajo Y NUNCA LE PAGARON.
Hoy, después de años haré posible el pago !
POR FAVOR! :
- No trabajen con gente amiga y mafiosa… Ver más"
Melania Torrico,https://www.facebook.com/melania.pericon,2025-06-16,2008-06-17,no,20000,2800,2025-06-09,post,https://www.facebook.com/share/p/15dySfegUN/,42,0,27,8,0,0,19,0,0,0,Yamil Soliz necesita al menos 10 donantes para continuar su tratamiento… Ver más
Melania Torrico,https://www.facebook.com/melania.pericon,2025-06-10,2008-06-17,no,20000,2800,2025-06-09,post,https://www.facebook.com/share/p/1C28N6qsqg/,0,2,27,0,0,0,0,0,0,0,"Ante tantos problemas en nuestro país LAS PAGOS POR DEUDAS BANCARIAS DEBEN PARALIZARSE HASTA QUE LA SITUACIÓN MEJORE.
- Nadie en estas condiciones podrá pagar deudas!"
Melania Torrico,https://www.facebook.com/melania.pericon,2025-06-10,2008-06-17,no,20000,2800,2025-06-09,post,https://www.facebook.com/share/v/19Y5r35GhK/,1,0,5,0,0,0,0,0,0,0,
Melania Torrico,https://www.facebook.com/melania.pericon,2025-06-10,2008-06-17,no,20000,2800,2025-06-09,post,https://www.facebook.com/share/p/1ETeYAcwFo/,35,0,21,0,0,0,0,0,0,0,Yamil Soliz necesita al menos 10 donantes para continuar su tratamiento… Ver más
Melania Torrico,https://www.facebook.com/melania.pericon,2025-06-16,2008-06-17,no,20000,2800,2025-06-09,post,https://www.facebook.com/share/p/16LYtiWWpP/,1,3,32,28,0,4,0,0,0,0,"Ante tantos problemas en nuestro país LAS PAGOS POR DEUDAS BANCARIAS DEBEN PARALIZARSE HASTA QUE LA SITUACIÓN MEJORE.
- Nadie en estas condiciones podrá pagar deudas!"
Melania Torrico,https://www.facebook.com/melania.pericon,2025-06-16,2008-06-17,no,20000,2800,2025-06-09,post,https://www.facebook.com/share/p/1AV72CiqnD/,0,5,13,12,0,1,0,0,0,0,"Hoy tengo un caso importante:
Un varón fue contratado por una empresa constructora, hizo inversiones en la obra adjudicada, cambió su lugar de residencia para ir tras ese trabajo Y NUNCA LE PAGARON.
Hoy, después de años haré posible el pago !
POR FAVOR! :
- No trabajen con gente amiga y mafiosa… Ver más"
Melania Torrico,https://www.facebook.com/melania.pericon,2025-06-16,2008-06-17,no,20000,2800,2025-06-10,post,https://www.facebook.com/share/p/1Xvi4PMbef/,1,0,21,16,1,4,0,0,0,0,"Levántate y trabaja aunque no estés motivada.
El 80% de tus problemas se resuelven con disciplina!"
Melania Torrico,https://www.facebook.com/melania.pericon,2025-06-16,2008-06-17,no,20000,2800,2025-06-10,post,https://www.facebook.com/share/p/1NJyZsyQQz/,6,6,26,14,1,9,0,1,1,0,
Melania Torrico,https://www.facebook.com/melania.pericon,2025-06-10,2008-06-17,no,20000,2800,2025-06-10,post,https://www.facebook.com/share/p/18zRsVcK6f/,1,0,14,0,0,0,0,0,0,0,"Levántate y trabaja aunque no estés motivada.
El 80% de tus problemas se resuelven con disciplina!"
Melania Torrico,https://www.facebook.com/melania.pericon,2025-06-10,2008-06-17,no,20000,2800,2025-06-10,post,Dani's Family Schools,0,0,3,0,0,0,0,0,0,0,
Melania Torrico,https://www.facebook.com/melania.pericon,2025-06-16,2008-06-17,no,20000,2800,2025-06-10,post,https://www.facebook.com/share/v/1CaKaa2vWa/,10,5,17,12,0,5,0,0,0,0,"OFERTA! CASA EN VENTA #Tarija , SE RECIBE VEHÍCULO COMO FORMA DE PAGO- LLAMA
AL 72567138… Ver más"
Melania Torrico,https://www.facebook.com/melania.pericon,2025-06-16,2008-06-17,no,20000,2800,2025-06-11,post,https://www.facebook.com/share/p/1FL571Noii/,0,9,22,4,0,0,18,0,0,0,"Anoche recibí el siguiente mensaje vía whatsapp:
Señora Melania buenas noches, mire tengo un serio problema desde niña y tengo episodios depresivos que han ido en aumento y no tengo ganas de vivir ni soportar que siempre debo estar con psicólogos y psiquiatras y mi familia sufre mucho. yo solo vivo con mi madre porque mi padre nos abandonó y no sabemos nada de el y supongo que eso me afectó porque siempre vi a mi madre llorar por mí … Ver más"
Melania Torrico,https://www.facebook.com/melania.pericon,2025-06-16,2008-06-17,no,20000,2800,2025-06-11,post,https://www.facebook.com/share/v/16UsQitH1Z/,0,0,2,2,0,0,0,0,0,0,
Melania Torrico,https://www.facebook.com/melania.pericon,2025-06-16,2008-06-17,no,20000,2800,2025-06-12,post,https://www.facebook.com/share/v/1EkUwSUnBK/,1,0,1,0,0,0,1,0,0,0,
Melania Torrico,https://www.facebook.com/melania.pericon,2025-06-16,2008-06-17,no,20000,2800,2025-06-12,post,https://www.facebook.com/share/v/1Hjv6VNPPY/,1,21,48,6,0,31,1,0,10,0,Presidente del Senado plantea tres acciones inmediatas para enfrentar la crisis en Bolivia durante Encuentro MultipartidarioDurante el cuarto Encuentro Multipartidario … Ver más
Melania Torrico,https://www.facebook.com/melania.pericon,2025-06-16,2008-06-17,no,20000,2800,2025-06-13,post,https://www.facebook.com/share/v/1C57UCVGqQ/,1,9,37,14,2,19,0,0,0,2,"Todos los que me conocen saben que no soy macanuda ni voluptuosa.
Soy tablita y soy orgullosa!"
Melania Torrico,https://www.facebook.com/melania.pericon,2025-06-16,2008-06-17,no,20000,2800,2025-06-13,post,https://www.facebook.com/melania.pericon/videos/1029916882584113/,0,15,12,5,0,7,0,0,0,0,
Melania Torrico,https://www.facebook.com/melania.pericon,2025-06-16,2008-06-17,no,20000,2800,2025-06-14,post,https://www.facebook.com/share/v/1ES5C91r9J/,0,0,2,2,0,0,0,0,0,0,"Será posible que a esta hora 7:03 am exista una luna así?
Espectacular!"
Melania Torrico,https://www.facebook.com/melania.pericon,2025-06-16,2008-06-17,no,20000,2800,2025-06-16,post,https://www.facebook.com/share/p/1Hv85u56rD/,0,0,2,2,0,0,0,0,0,0,"Me llama una mamá y me dice:
Señora Melania, vivo con mis 3 hijos, el mayor ya es profesional y trabaj, la segunda es mujer y estudia en primer año de la U y tengo uno más chiquito que está en 4to de secundaria. Estoy pasando por un problema grave, yo con mi hijo mayor me llevo bien pero con mi hija no tengo forma de solucionar mis conflictos, hemos llegado al punto de faltarnos el respeto y su padre no me ayuda en nada, él ya se casó… Ver más"
Melania Torrico,https://www.facebook.com/melania.pericon,2025-07-01,2008-06-17,no,20000,2800,2025-06-24,post,https://www.facebook.com/share/v/1B3ekuxEF6/,0,4,36,0,0,0,0,0,0,0,
Melania Torrico,https://www.facebook.com/melania.pericon,2025-07-01,2008-06-17,no,20000,2800,2025-06-26,post,https://www.facebook.com/share/v/1AfxJPCxqt/,0,3,19,0,0,0,0,0,0,0,
Melania Torrico,https://www.facebook.com/melania.pericon,2025-07-01,2008-06-17,no,20000,2800,2025-06-26,post,https://www.facebook.com/share/v/1C9hZzHESW/,0,3,7,6,0,1,0,0,0,0,
Melania Torrico,https://www.facebook.com/melania.pericon,2025-07-01,2008-06-17,no,20000,2800,2025-06-27,post,https://www.facebook.com/share/v/1EkiJRe2fX/,0,1,13,11,1,1,0,0,0,0,
Melania Torrico,https://www.facebook.com/melania.pericon,2025-07-01,2008-06-17,no,20000,2800,2025-06-27,post,https://www.facebook.com/share/p/16sFg1zofk/,0,0,1,0,0,1,0,0,0,0,En unos minutos estaré en este canal para hablar de  Andrónico Rodríguez con Nivar Hevia Vaca
Melania Torrico,https://www.facebook.com/melania.pericon,2025-07-01,2008-06-17,no,20000,2800,2025-06-29,post,https://www.facebook.com/share/v/19JBZuUWCv/,0,1,8,4,0,4,0,0,0,0,"Quieres ser parte?
Andrónico Rodríguez"
Melania Torrico,https://www.facebook.com/melania.pericon,2025-07-01,2008-06-17,no,20000,2800,2025-06-29,post,https://www.facebook.com/share/v/1JGh5ZCjFS/,0,20,44,0,0,0,0,0,0,0,La victoria será de Andrónico Rodríguez !
Melania Torrico,https://www.facebook.com/melania.pericon,2025-07-01,2008-06-17,no,20000,2800,2025-06-29,post,https://www.facebook.com/share/p/14GBZ7S7bj2/,1,20,50,10,0,35,0,0,5,0,"Ustedes ya verán!
Andrónico será el Presidente!"
Melania Torrico,https://www.facebook.com/melania.pericon,2025-07-01,2008-06-17,no,20000,2800,2025-06-29,post,https://www.facebook.com/share/v/127BcDGrHGi/,0,4,19,0,0,0,0,0,0,0,
Melania Torrico,https://www.facebook.com/melania.pericon,2025-07-01,2008-06-17,no,20000,2800,2025-06-30,post,https://www.facebook.com/share/p/1EZGmDD9YQ/,1,60,56,6,0,37,4,2,7,0,"El candidato Dunn no pudo cumplir con los requisitos para postularse a la presidencia . 
Por tanto, no será candidato el 2025, 
Quizás el 2030 pueda conseguir poner en orden todo su historial .
* Tuto, Samuel y otros del otro lado del charco dicen que están saltando de una pata, por qué será ?
PD.: Ni a Tuto ni a Samuel le convenía que jamás este señor Dunn vaya a habilitarse, les hubiera restado votos y con eso Andrónico ganaría en p… Ver más"
Melania Torrico,https://www.facebook.com/melania.pericon,2025-07-08,2008-06-17,no,20000,2800,2025-07-04,post,https://www.facebook.com/share/v/1A5n1oSwdw/,10,6,91,67,0,0,23,0,1,0,"#Tarija
Richard fue sentenciado por el delito de violacion sexual a su primita, sin embargo, el verdadero autor es su cuñado esposo de su hermana mayor."
Melania Torrico,https://www.facebook.com/melania.pericon,2025-07-08,2008-06-17,no,20000,2800,2025-07-04,post,https://www.facebook.com/share/v/1BxohBvkW9/,1,2,16,0,0,0,0,0,0,0,
Melania Torrico,https://www.facebook.com/melania.pericon,2025-07-08,2008-06-17,no,20000,2800,2025-07-05,post,https://www.facebook.com/share/v/19pHi8Lfkw/,3,0,9,9,0,0,0,0,0,0,
Melania Torrico,https://www.facebook.com/melania.pericon,2025-07-08,2008-06-17,no,20000,2800,2025-07-05,post,https://www.facebook.com/share/v/1BwT5Crhp6/,0,3,5,5,0,0,0,0,0,0,
Melania Torrico,https://www.facebook.com/melania.pericon,2025-07-15,2008-06-17,no,20000,2800,2025-07-11,post,https://www.facebook.com/share/p/1H2jDiRYnq/,0,8,53,36,15,1,0,0,0,1,Festejando éxitos !
Melania Torrico,https://www.facebook.com/melania.pericon,2025-07-15,2008-06-17,no,20000,2800,2025-07-13,post,https://www.facebook.com/share/v/1LLNncZB4k/,0,10,28,15,10,2,0,0,0,1,"Sigo en festejos, esta vez con mi mejor amiga Paula Alejandra Lema Bacarreza y mostrando la casa Levite de Ale y Pau."
Melania Torrico,https://www.facebook.com/melania.pericon,2025-07-15,2008-06-17,no,20000,2800,2025-07-14,post,https://www.facebook.com/share/v/1C22qUgdNH/,3,36,33,5,0,25,0,0,3,0,Vamos Andrónico Rodríguez !
Melania Torrico,https://www.facebook.com/melania.pericon,2025-07-23,2008-06-17,no,20000,2800,2025-07-15,post,https://www.facebook.com/share/v/1AgJwXVUtp/,1,2,30,26,0,0,0,3,1,0,"#santacruzdelasierra
ALGUNAS MUJERES SON CAPAZ DE TODO PARA QUEDARSE CON TODOS LOS BIENES … Ver más"
Melania Torrico,https://www.facebook.com/melania.pericon,2025-07-23,2008-06-17,no,20000,2800,2025-07-16,post,https://www.facebook.com/share/v/1BF14kYCqc/,0,9,34,3,0,31,0,0,0,0,"Vamos Andrónico Rodríguez !
Sin duda alguna, Andrónico será el Presidente !… Ver más"
Melania Torrico,https://www.facebook.com/melania.pericon,2025-07-23,2008-06-17,no,20000,2800,2025-07-18,post,https://www.facebook.com/share/p/16qBifT9ym/,0,20,63,2,0,59,0,0,2,0,"Quien no ve la realidad objetivamente está perdido!
El 17 de agosto estaremos en una conversación seria entre ustedes y yo porque Andrónico será elegido!"
Melania Torrico,https://www.facebook.com/melania.pericon,2025-07-23,2008-06-17,no,20000,2800,2025-07-18,post,https://www.facebook.com/share/p/1ApwuhBEA8/,0,17,62,5,0,57,0,0,0,0,"Así se mide con la realidad !
Radio Compañera 106.3"
Melania Torrico,https://www.facebook.com/melania.pericon,2025-07-23,2008-06-17,no,20000,2800,2025-07-18,post,https://www.facebook.com/share/v/1UPhmE1YVt/,1,21,43,0,0,0,0,0,0,0,Vamos  Andrónico Rodríguez nuestro Futuro Presidente!
Melania Torrico,https://www.facebook.com/melania.pericon,2025-07-23,2008-06-17,no,20000,2800,2025-07-18,post,https://www.facebook.com/share/v/1CyTWeZEdK/,1,7,24,0,0,0,0,0,0,0,
Melania Torrico,https://www.facebook.com/melania.pericon,2025-07-23,2008-06-17,no,20000,2800,2025-07-19,post,https://www.facebook.com/share/v/16h3qWw53z/,0,0,3,1,0,2,0,0,0,0,
Melania Torrico,https://www.facebook.com/melania.pericon,2025-07-23,2008-06-17,no,20000,2800,2025-07-19,post,https://www.facebook.com/share/p/1DnnX8P8Ux/,0,0,21,15,5,1,0,0,0,0,La vida es una !
Melania Torrico,https://www.facebook.com/melania.pericon,2025-07-23,2008-06-17,no,20000,2800,2025-07-20,post,https://www.facebook.com/share/p/1FDzcTWtvR/,0,0,18,5,1,12,0,0,0,0,
Melania Torrico,https://www.facebook.com/melania.pericon,2025-07-23,2008-06-17,no,20000,2800,2025-07-20,post,https://www.facebook.com/share/p/1B7tijxHBg/,6,65,99,17,0,79,1,1,1,0,"ÉL SERÁ EL PRESIDENTE Y USTEDES LO VERÁN! Andrónico Rodríguez recibimiento a Andrónico Rodríguez en #Oruro.
NINGÚN CANDIDATO TUVO TANTO RESPALDO!"
Melania Torrico,https://www.facebook.com/melania.pericon,2025-07-23,2008-06-17,no,20000,2800,2025-07-21,post,https://www.facebook.com/share/v/16aeSvSoXV/,0,20,32,0,0,0,0,0,0,0,"Andrónico Rodríguez mira la realidad boliviana desde las aristas sociales también y alza su voz para aquellos que la han perdido y definitivamente, el tema de la justic… Ver más"
Melania Torrico,https://www.facebook.com/melania.pericon,2025-07-30,2008-06-17,no,20000,2800,2025-07-22,post,https://www.facebook.com/share/v/16tXYKSDwH/,0,4,25,0,0,0,0,0,0,0,
Melania Torrico,https://www.facebook.com/melania.pericon,2025-07-30,2008-06-17,no,20000,2800,2025-07-22,post,https://www.facebook.com/share/p/1FWdzKzAaB/,0,7,30,6,0,23,0,0,1,0,"Los esperamos !
Vamos con todo Andrónico Rodríguez"
Melania Torrico,https://www.facebook.com/melania.pericon,2025-07-23,2008-06-17,no,20000,2800,2025-07-22,post,https://www.facebook.com/share/v/16bEabJP3v/,2,4,11,0,0,0,0,0,0,0,Andrónico Rodríguez
Melania Torrico,https://www.facebook.com/melania.pericon,2025-07-23,2008-06-17,no,20000,2800,2025-07-22,post,https://www.facebook.com/share/v/1Aub6hF6b7/,0,0,4,3,0,1,0,0,0,0,Además soy chapaca !
Melania Torrico,https://www.facebook.com/melania.pericon,2025-07-23,2008-06-17,no,20000,2800,2025-07-22,post,https://www.facebook.com/share/p/1NivQvSoZf/,0,0,0,0,0,0,0,0,0,0,"Seguimos trabajando por todo el país! 
Contacto: 72567138"
Melania Torrico,https://www.facebook.com/melania.pericon,2025-07-23,2008-06-17,no,20000,2800,2025-07-22,post,https://www.facebook.com/share/p/1YtdnK1X86/,0,3,26,6,0,19,0,0,1,0,"Los esperamos !
Vamos con todo Andrónico Rodríguez"
Melania Torrico,https://www.facebook.com/melania.pericon,2025-07-23,2008-06-17,no,20000,2800,2025-07-22,post,https://www.facebook.com/share/p/1AsvrNSbsm/,0,0,6,4,0,1,1,0,0,0,
Melania Torrico,https://www.facebook.com/melania.pericon,2025-07-23,2008-06-17,no,20000,2800,2025-07-22,post,https://www.facebook.com/share/v/1CA1Y2bYe1/,0,4,22,12,0,9,0,0,1,0,
Melania Torrico,https://www.facebook.com/melania.pericon,2025-07-30,2008-06-17,no,20000,2800,2025-07-22,post,https://www.facebook.com/share/p/15kioGMWAK/,0,0,0,0,0,0,0,0,0,0,"Seguimos trabajando por todo el país! 
Contacto: 72567138"
Melania Torrico,https://www.facebook.com/melania.pericon,2025-07-30,2008-06-17,no,20000,2800,2025-07-22,post,https://www.facebook.com/share/v/1AsMyN4Ms4/,0,2,18,10,0,7,0,0,0,1,Además soy chapaca !
Melania Torrico,https://www.facebook.com/melania.pericon,2025-07-30,2008-06-17,no,20000,2800,2025-07-22,post,https://www.facebook.com/share/v/18F8joN6d9/,2,6,15,7,0,8,0,0,0,0,Andrónico Rodríguez
Melania Torrico,https://www.facebook.com/melania.pericon,2025-07-30,2008-06-17,no,20000,2800,2025-07-25,post,https://www.facebook.com/share/p/1AqsAJoALY/,0,0,6,2,2,2,0,0,0,0,"#Tarija
La Dra Marvia Subirana estará atendiendo casos el día de hoy 25 de julio y 26 de julio.
Llamar al 72567138"
Melania Torrico,https://www.facebook.com/melania.pericon,2025-07-30,2008-06-17,no,20000,2800,2025-07-26,post,https://www.facebook.com/share/p/16KT7q4cLK/,1,2,12,5,1,6,0,0,0,0,Fecha confirmada por el Pacto Popular en Tarija
Melania Torrico,https://www.facebook.com/melania.pericon,2025-07-30,2008-06-17,no,20000,2800,2025-07-26,post,https://www.facebook.com/share/v/1DohhpfGHr/,1,13,19,10,1,6,1,0,0,1,
Melania Torrico,https://www.facebook.com/melania.pericon,2025-07-30,2008-06-17,no,20000,2800,2025-07-26,post,https://www.facebook.com/share/v/1RAt4XbHrz/,1,10,15,6,0,9,0,0,0,0,"Andrónico Rodríguez PRESIDENTE!
Ya lo verán!"
Melania Torrico,https://www.facebook.com/melania.pericon,2025-07-30,2008-06-17,no,20000,2800,2025-07-27,post,https://www.facebook.com/share/p/1B7ZDN6gVM/,0,0,1,0,0,1,0,0,0,0,
Melania Torrico,https://www.facebook.com/melania.pericon,2025-07-30,2008-06-17,no,20000,2800,2025-07-27,post,https://www.facebook.com/share/p/1BRNpAhvwx/,0,2,16,6,0,9,0,0,1,0,Vamos Jaime!
Melania Torrico,https://www.facebook.com/melania.pericon,2025-07-30,2008-06-17,no,20000,2800,2025-07-27,post,https://www.facebook.com/share/p/16efpaBNRV/,0,0,21,4,0,16,1,0,0,0,
Melania Torrico,https://www.facebook.com/melania.pericon,2025-07-30,2008-06-17,no,20000,2800,2025-07-28,post,https://www.facebook.com/share/v/19Rg5KDZ2m/,1,0,8,3,0,5,0,0,0,0,
Melania Torrico,https://www.facebook.com/melania.pericon,2025-07-30,2008-06-17,no,20000,2800,2025-07-28,post,https://www.facebook.com/share/v/176jaWc1zG/,2,13,39,14,0,25,0,0,0,0,Vamos  Andrónico Rodríguez nos vemos mañana !
Melania Torrico,https://www.facebook.com/melania.pericon,2025-08-06,2008-06-17,no,20000,2800,2025-07-30,post,https://www.facebook.com/share/p/15ZroRPVkv/,0,0,1,1,0,0,0,0,0,0,"Para #Tarija 
Ayúdanos a ayudar!… Ver más"
Melania Torrico,https://www.facebook.com/melania.pericon,2025-08-06,2008-06-17,no,20000,2800,2025-08-02,post,https://www.facebook.com/share/v/14KKoFvsLyA/,1,38,83,14,0,68,0,0,1,0,Vamos Andrónico Rodríguez !
Melania Torrico,https://www.facebook.com/melania.pericon,2025-08-06,2008-06-17,no,20000,2800,2025-08-03,post,https://www.facebook.com/share/p/16rWFfLFfk/,0,5,32,17,1,14,0,0,0,0,"HAY DE TODO POR AQUÍ: 
Este es mi perfil y puedo publicar lo que quiera.
Es mi pensamiento y así como ustedes tienen el suyo es respetable. 
Cada quien piensa diferente y si alguien se ofende por mis publicaciones les invito a irse de aquí.
Yo no necesito seguidores, ni amigos, ni familia ni nada para ir tras mis objetivos.… Ver más"
Melania Torrico,https://www.facebook.com/melania.pericon,2025-08-06,2008-06-17,no,20000,2800,2025-08-03,post,https://www.facebook.com/share/p/1B2yjKQnoD/,0,1,20,0,0,20,0,0,0,0,"Ojo!
2025-2035"
Melania Torrico,https://www.facebook.com/melania.pericon,2025-08-06,2008-06-17,no,20000,2800,2025-08-03,post,https://www.facebook.com/share/v/1E6LWJBGKR/,0,0,7,3,0,4,0,0,0,0,
Melania Torrico,https://www.facebook.com/melania.pericon,2025-08-06,2008-06-17,no,20000,2800,2025-08-04,post,https://www.facebook.com/share/p/1DsyNu7sVS/,3,12,16,11,0,5,0,0,0,0,"Yo les digo a los jóvenes:
Muchos se acercan a contarme sus historias de penas y de asistencias familiares cuando dudan de su paternidad.
LES DIGO A TODOS: “LO PRIMERO DE LO PRIMERO ES UNA PRUEBA DE ADN”
* Todos los varones tienen que hacer la prueba porque estoy viendo muchísimos casos en que algunas mujeres se los están encajando sin ser ellos los padres. Eso tiene cárcel también !"
Melania Torrico,https://www.facebook.com/melania.pericon,2025-08-06,2008-06-17,no,20000,2800,2025-08-04,post,https://www.facebook.com/share/v/1BYHrJLfGm/,0,0,2,2,0,0,0,0,0,0,Sobre nuestros atractivos turísticos .
Melania Torrico,https://www.facebook.com/melania.pericon,2025-08-06,2008-06-17,no,20000,2800,2025-08-05,post,https://www.facebook.com/share/v/18WWrjPHN7/,0,1,12,12,0,0,0,0,0,0,
Melania Torrico,https://www.facebook.com/melania.pericon,2025-08-06,2008-06-17,no,20000,2800,2025-08-05,post,https://www.facebook.com/share/v/1BzDAmFtuP/,0,0,0,0,0,0,0,0,0,0,Quién soy yo para opinar sobre la sexualidad de alguien?
Melania Torrico,https://www.facebook.com/melania.pericon,2025-08-06,2008-06-17,no,20000,2800,2025-08-05,post,https://www.facebook.com/share/v/1At2VBbfxR/,0,1,15,3,0,12,0,0,0,0,
Melania Torrico,https://www.facebook.com/melania.pericon,2025-08-06,2008-06-17,no,20000,2800,2025-08-06,post,https://www.facebook.com/share/v/16qWnNugWa/,0,0,2,1,1,0,0,0,0,0,"Viva  #Bolivia !
#Tarija #BermejoTarija #Oruro #Tupiza"
