nombre perfil,url perfil,candidato identificado,creación del perfil,seguidores,seguidos,fecha post,tipo de post,url post,comparticiones,comentarios,reacciones en total,me gusta,me encanta,me divierte,me entristece,me sorprende,me enoja,me importa,contenido
AZUCENA ALEJANDRA FUERTES MAMANI,https://www.facebook.com/AzucenaFuertesPotosi,sí,2016-08-16,9700,0,2025-07-01,post,https://www.facebook.com/share/p/1FkU9Sc5bV/,1,2,23,21,0,2,0,0,0,0," Conmemorando la Amistad y Cooperación entre Pueblos Hermanos
Tuve… Ver más"
AZUCENA ALEJANDRA FUERTES MAMANI,https://www.facebook.com/AzucenaFuertesPotosi,sí,2016-08-16,9700,0,2025-07-02,post,https://www.facebook.com/share/p/1C61BDbW63/,1,0,16,15,1,0,0,0,0,0,"¡Compromiso con la salud de Potosí!.
Samuel Doria Medina se comprometió a poner en funcionamiento total el Hospital de Tercer Nivel de Potosí, demostrando que con decis… Ver más"
AZUCENA ALEJANDRA FUERTES MAMANI,https://www.facebook.com/AzucenaFuertesPotosi,sí,2016-08-16,9700,0,2025-07-03,post,https://www.facebook.com/share/p/1DkmcTjnQP/,2,0,10,9,0,0,0,1,0,0,"El litio no puede decidirse entre pocos ni a la carrera. No reconoceremos contratos impuestos sin diálogo real.
Las regiones  deben ser parte, con voz y con respeto. So… Ver más"
AZUCENA ALEJANDRA FUERTES MAMANI,https://www.facebook.com/AzucenaFuertesPotosi,sí,2016-08-16,9700,0,2025-07-04,post,https://www.facebook.com/share/p/16TebXmpDz/,5,0,12,11,0,0,0,1,0,0,Desde la Asamblea Legislativa Departamental se rechaza la intención de aprobar los contratos de litio a espaldas de Potosí.
AZUCENA ALEJANDRA FUERTES MAMANI,https://www.facebook.com/AzucenaFuertesPotosi,sí,2016-08-16,9700,0,2025-07-04,post,https://www.facebook.com/share/p/16uGdcZDBc/,2,1,40,39,1,0,0,0,0,0,Agradezco la invitación de la Embajada de los Estados Unidos en Bolivia y el valioso espacio de diálogo en su aniversario.… Ver más
AZUCENA ALEJANDRA FUERTES MAMANI,https://www.facebook.com/AzucenaFuertesPotosi,sí,2016-08-16,9700,0,2025-07-04,post,https://www.facebook.com/share/p/18GjhZsBPA/,5,9,41,37,4,0,0,0,0,0," Los contratos del litio NO deben aprobarse sin consulta previa a los beneficiarios. 
 "
AZUCENA ALEJANDRA FUERTES MAMANI,https://www.facebook.com/AzucenaFuertesPotosi,sí,2016-08-16,9700,0,2025-07-06,post,https://www.facebook.com/share/v/16oCgV6neN/,1,2,12,9,0,3,0,0,0,0,"Samuel Doria Medina habló fuerte y con la verdad.
Anoche en el debate lo dijo claro, sin rodeos: “100 días, carajo”.… Ver más"
AZUCENA ALEJANDRA FUERTES MAMANI,https://www.facebook.com/AzucenaFuertesPotosi,sí,2016-08-16,9700,0,2025-07-07,post,https://www.facebook.com/share/p/16nML2t7bp/,0,2,20,17,1,1,0,0,0,1,Presente en la sesión extraordinaria de la Asamblea Legislativa Departamental de Potosí.… Ver más
AZUCENA ALEJANDRA FUERTES MAMANI,https://www.facebook.com/AzucenaFuertesPotosi,sí,2016-08-16,9700,0,2025-07-07,post,https://www.facebook.com/share/p/1CANFwEigk/,0,0,15,1,0,0,13,0,0,1,"Hace ya un año…
Y el vacío sigue intacto, como el primer día.… Ver más"
