nombre perfil,url perfil,candidato identificado,creación del perfil,seguidores,seguidos,fecha post,tipo de post,url post,comparticiones,comentarios,reacciones en total,me gusta,me encanta,me divierte,me entristece,me sorprende,me enoja,me importa,contenido
YENNY NADYA CLADERA SAENZ,https://www.facebook.com/yenny.claderasaenz/,sí,,0,0,2025-06-02,post,https://www.facebook.com/share/p/19YmVrzdeK/,7,26,40,0,0,0,0,0,0,0,"EL ""OUT SIDER"" NO FIGURA EN LA ENCUESTA DE UNITEL.
ES SEÑAL DE QUE INCOMODA AL SISTEMA Y QUE :
¡ LA LIBERTAD AVANZA !"
YENNY NADYA CLADERA SAENZ,https://www.facebook.com/yenny.claderasaenz/,sí,,0,0,2025-06-03,post,https://www.facebook.com/share/p/18td8vDTP9/,4,9,45,0,0,0,0,0,0,0,EL FRAUDE ELECTORAL COMIENZA DESDE EL MOMENTO EN EL QUE SE PUBLICAN ENCUESTAS TRUCHAS .
YENNY NADYA CLADERA SAENZ,https://www.facebook.com/yenny.claderasaenz/,sí,,0,0,2025-06-04,post,https://www.facebook.com/share/p/1ATtmrBrM6/,10,8,48,0,0,0,0,0,0,0,"COCHABAMBA, REHÉN DE LA AMBICIÓN DE UN DESQUICIADO .
¿GOBIERNO, PORQUÉ NO EJECUTA LA ORDEN DE APREHENSIÓN .
¿MIEDO O COMPLICIDAD?"
YENNY NADYA CLADERA SAENZ,https://www.facebook.com/yenny.claderasaenz/,sí,,0,0,2025-06-06,post,https://www.facebook.com/share/p/15pdvPDyuz/,3,8,49,0,0,0,0,0,0,0,"Gracias por encender mentes,inspirar corazones y sembrar el futuro con cada lección.
¡ Feliz Día del Maestro!"
YENNY NADYA CLADERA SAENZ,https://www.facebook.com/yenny.claderasaenz/,sí,,0,0,2025-06-07,post,https://www.facebook.com/share/p/1CULFmLy7w/,2,8,45,0,0,0,0,0,0,0,"A PESAR DE LOS COBARDES ATAQUES CONTRA EL PERSONAL DE SALUD, LOS CERCOS CRIMINALES Y LA VIOLENCIA ,
¡BOLIVIA DICE NO!"
YENNY NADYA CLADERA SAENZ,https://www.facebook.com/yenny.claderasaenz/,sí,,0,0,2025-06-07,post,https://www.facebook.com/share/p/19BTVzWkUs/,7,11,60,0,0,0,0,0,0,0,"El salvaje y cobarde ataque contra el sector salud, es un CRIMEN contra nuestros médicos y enfermeras y atenta contra el derecho a la
VIDA de todos los bolivianos."
