nombre perfil,url perfil,candidato identificado,creación del perfil,seguidores,seguidos,fecha post,tipo de post,url post,comparticiones,comentarios,reacciones en total,me gusta,me encanta,me divierte,me entristece,me sorprende,me enoja,me importa,contenido
PAULA PAXI SUXO,https://www.facebook.com/profile.php?id=100076489905888,sí,,159,0,2025-06-21,post,https://www.facebook.com/share/p/16jCoXiK6N/,0,0,1,1,0,0,0,0,0,0,
PAULA PAXI SUXO,https://www.facebook.com/profile.php?id=100076489905888,sí,,159,0,2025-06-21,post,https://www.facebook.com/share/p/16UHanwJLc/,1,2,5,5,0,0,0,0,0,0,
PAULA PAXI SUXO,https://www.facebook.com/profile.php?id=100076489905888,sí,,159,0,2025-06-21,post,https://www.facebook.com/share/p/1R67XTE1gg/,0,0,0,0,0,0,0,0,0,0,
PAULA PAXI SUXO,https://www.facebook.com/profile.php?id=100076489905888,sí,,159,0,2025-06-22,post,https://www.facebook.com/share/p/16Uqppu2QZ/,0,0,0,0,0,0,0,0,0,0,
PAULA PAXI SUXO,https://www.facebook.com/profile.php?id=100076489905888,sí,,159,0,2025-06-22,post,https://www.facebook.com/share/p/1Bp7gkGo17/,1,0,2,2,0,0,0,0,0,0,
PAULA PAXI SUXO,https://www.facebook.com/profile.php?id=100076489905888,sí,,159,0,2025-06-23,post,https://www.facebook.com/share/p/1C57aetMdu/,0,0,0,0,0,0,0,0,0,0,
PAULA PAXI SUXO,https://www.facebook.com/profile.php?id=100076489905888,sí,,159,0,2025-06-23,post,https://www.facebook.com/share/p/1Dtk97GeUn/,0,0,1,1,0,0,0,0,0,0,
PAULA PAXI SUXO,https://www.facebook.com/profile.php?id=100076489905888,sí,,159,0,2025-06-23,post,https://www.facebook.com/share/p/1F6mBdSnDe/,1,0,6,5,1,0,0,0,0,0,
PAULA PAXI SUXO,https://www.facebook.com/profile.php?id=100076489905888,sí,,159,0,2025-06-23,post,https://www.facebook.com/share/p/1Afks2hYZn/,2,0,2,2,0,0,0,0,0,0,
