nombre perfil,url perfil,snapshot_date,creación del perfil,candidato identificado,seguidores,seguidos,fecha post,tipo de post,url post,comparticiones,comentarios,reacciones en total,me gusta,me encanta,me divierte,me entristece,me sorprende,me enoja,me importa,contenido
Mochas Copleras,https://www.facebook.com/mochas.copleras,2025-06-11,2017-05-10,no,5200,0,2025-02-22,post,https://www.facebook.com/share/p/19Ca8Jt58K/,6,0,5,0,0,0,0,0,0,0,"Cumas este lunes nos organizamos rumbo al 8M
Ante la avanzada de la derecha, con sus discursos de odio, las warmis, cunumis, imillas y Mochas nos autoconvocamos para… Ver más"
Mochas Copleras,https://www.facebook.com/mochas.copleras,2025-06-11,2017-05-10,no,5200,0,2025-02-25,post,https://www.facebook.com/share/p/1AVEYa77r3/,2,0,10,0,0,0,0,0,0,0,"Cumas y cumpitas, condenamos cualquier tipo de instrumentalización de nuestras luchas.
Las colectivas feministas no tenemos dueños ni patronas, y no creemos, ni necesit… Ver más"
Mochas Copleras,https://www.facebook.com/mochas.copleras,2025-06-11,2017-05-10,no,5200,0,2025-03-01,post,https://www.facebook.com/share/p/19KnoZL6tf/,3,0,15,0,0,0,0,0,0,0,"Cumitas compartimos lo que fué nuestro jueves de comadres 
Sellamos la amistad, hermandad, complicidad, rebeldías y amor con nuestras cumas @lcs.licas 
 Nos entregaron… Ver más"
Mochas Copleras,https://www.facebook.com/mochas.copleras,2025-06-11,2017-05-10,no,5200,0,2025-03-05,post,https://www.facebook.com/share/p/198aSUbWfF/,11,0,21,0,0,0,0,0,0,0,"Cumas este año nos acuerpamos!
Plaza de la rotonda de los carboneros 
… Ver más"
Mochas Copleras,https://www.facebook.com/mochas.copleras,2025-06-11,2017-05-10,no,5200,0,2025-03-08,post,https://www.facebook.com/share/v/1F229Kt2he/,17,2,83,0,0,0,0,0,0,0,"La MARCHA del #8m en Tarija
¡Estamos organizadas, no tenemos miedo!"
Mochas Copleras,https://www.facebook.com/mochas.copleras,2025-06-11,2017-05-10,no,5200,0,2025-04-20,post,https://www.facebook.com/share/v/12LbS94cVrs/,1,0,6,0,0,0,0,0,0,0,"Cumitas y cumpitas, que en estás pascuas pasemos de la muerte a la vida, del odio y miedo al amor a la comunidad.
Que se acaben  los viacrucis … Ver más"
Mochas Copleras,https://www.facebook.com/mochas.copleras,2025-06-11,2017-05-10,no,5200,0,2025-04-21,post,https://www.facebook.com/share/v/1ARs9b9MCa/,1,0,7,0,0,0,0,0,0,0,Anunciando vida!!!… Ver más
Mochas Copleras,https://www.facebook.com/mochas.copleras,2025-06-11,2017-05-10,no,5200,0,2025-04-24,post,https://www.facebook.com/share/p/15fRGDzmnH/,1,0,11,0,0,0,0,0,0,0,"¡La in-justicia patriarcal no se reforma, se destruye!"
Mochas Copleras,https://www.facebook.com/mochas.copleras,2025-06-11,2017-05-10,no,5200,0,2025-04-24,post,https://www.facebook.com/share/p/18a58qa1MF/,0,0,2,0,0,0,0,0,0,0,Nunca más nos vamos a callar
Mochas Copleras,https://www.facebook.com/mochas.copleras,2025-06-11,2017-05-10,no,5200,0,2025-05-07,post,https://www.facebook.com/share/p/1CBf5qkdFt/,1,0,3,0,0,0,0,0,0,0,Justicia para Wanda!
Mochas Copleras,https://www.facebook.com/mochas.copleras,2025-06-11,2017-05-10,no,5200,0,2025-05-17,post,https://www.facebook.com/share/p/1ARUaAFEDd/,0,0,0,0,0,0,0,0,0,0," 17 de mayo. Día Internacional contra la Homofobia, Transfobia y Bifobia
No estamos solxs. Estamos organizadxs
No e… Ver más"
Mochas Copleras,https://www.facebook.com/mochas.copleras,2025-06-09,2017-05-10,no,5200,0,2025-06-07,post,https://www.facebook.com/share/p/1AZizkkMxX/,1,0,0,0,0,0,0,0,0,0,"Denunciamos las acciones de odio y el atenta a la vida, libertad, y al gozo de ser quién quiero ser, esta arremetida descarada fundamentalista contra los derechos human… Ver más"
Mochas Copleras,https://www.facebook.com/mochas.copleras,2025-06-11,2017-05-10,no,5200,0,2025-06-07,post,https://www.facebook.com/share/v/1GuRq91VoH/,1,0,0,0,0,0,0,0,0,0,"Denunciamos las acciones de odio y el atenta a la vida, libertad, y al gozo de ser quién quiero ser, esta arremetida descarada fundamentalista contra los derechos human… Ver más"
