nombre perfil,url perfil,snapshot_date,creación del perfil,candidato identificado,seguidores,seguidos,fecha post,tipo de post,url post,comparticiones,comentarios,reacciones en total,me gusta,me encanta,me divierte,me entristece,me sorprende,me enoja,me importa,contenido
YOLANDA YHARSINA RENGIFO MUR,https://www.facebook.com/people/Yharsina-Rengifo-Diputada-por-Chuquisaca/100064235523785/,2025-06-05,2020-09-01,sí,604,56,2025-04-03,post,https://www.facebook.com/share/p/1YMrvgQWGj/,0,0,1,0,1,0,0,0,0,0,
YOLANDA YHARSINA RENGIFO MUR,https://www.facebook.com/people/Yharsina-Rengifo-Diputada-por-Chuquisaca/100064235523785/,2025-06-05,2020-09-01,sí,604,56,2025-04-10,post,https://www.facebook.com/share/p/1EymNWmk3c/,0,0,0,0,0,0,0,0,0,0,
YOLANDA YHARSINA RENGIFO MUR,https://www.facebook.com/people/Yharsina-Rengifo-Diputada-por-Chuquisaca/100064235523785/,2025-06-05,2020-09-01,sí,604,56,2025-05-03,post,https://www.facebook.com/share/p/1C9zkKJXwD/,0,0,8,5,3,0,0,0,0,0,
YOLANDA YHARSINA RENGIFO MUR,https://www.facebook.com/people/Yharsina-Rengifo-Diputada-por-Chuquisaca/100064235523785/,2025-07-15,2020-09-01,sí,604,56,2025-07-08,post,https://www.facebook.com/share/p/1GAf7NLaNX/,0,0,0,0,0,0,0,0,0,0,
YOLANDA YHARSINA RENGIFO MUR,https://www.facebook.com/people/Yharsina-Rengifo-Diputada-por-Chuquisaca/100064235523785/,2025-07-15,2020-09-01,sí,604,56,2025-07-08,post,https://www.facebook.com/share/p/16cvYH4k9H/,0,0,0,0,0,0,0,0,0,0,
YOLANDA YHARSINA RENGIFO MUR,https://www.facebook.com/people/Yharsina-Rengifo-Diputada-por-Chuquisaca/100064235523785/,2025-07-15,2020-09-01,sí,604,56,2025-07-08,post,https://www.facebook.com/share/p/1EyMhRaXMD/,0,0,0,0,0,0,0,0,0,0,
YOLANDA YHARSINA RENGIFO MUR,https://www.facebook.com/people/Yharsina-Rengifo-Diputada-por-Chuquisaca/100064235523785/,2025-07-15,2020-09-01,sí,604,56,2025-07-08,post,https://www.facebook.com/share/p/14HWzWzyMCB/,0,0,0,0,0,0,0,0,0,0,
