nombre perfil,url perfil,candidato identificado,creación del perfil,seguidores,seguidos,fecha post,tipo de post,url post,comparticiones,comentarios,reacciones en total,me gusta,me encanta,me divierte,me entristece,me sorprende,me enoja,me importa,contenido
ESTHER SALVATIERRA LANDIVAR,https://www.facebook.com/esther.salvatierralandivar,no,,0,0,2025-07-31,post,https://www.facebook.com/share/v/1E9cUS6uXP/,17,0,19,18,1,0,0,0,0,0,"El cambio que quiere Bolivia, viene de la mano de Jorge Tuto Quiroga Ramirez .… Ver más"
ESTHER SALVATIERRA LANDIVAR,https://www.facebook.com/esther.salvatierralandivar,no,,0,0,2025-08-01,post,https://www.facebook.com/share/p/175p47mi6C/,4,1,16,13,3,0,0,0,0,0,Caminé de la mano del vecino por el casco viejo de la Villa Primero de Mayo y sentí en cada mirada y apretón de manos la fuerza de un pueblo que quiere un verdadero cam… Ver más
ESTHER SALVATIERRA LANDIVAR,https://www.facebook.com/esther.salvatierralandivar,no,,0,0,2025-08-02,post,https://www.facebook.com/share/p/1CYomsbc3a/,3,0,9,9,0,0,0,0,0,0,"Viernes 1 de agosto estuve con los vecinos del barrio Lucerito, quienes abrieron las puertas de su hogar y su corazón. Les presentamos la propuesta más sólida y esperan… Ver más"
ESTHER SALVATIERRA LANDIVAR,https://www.facebook.com/esther.salvatierralandivar,no,,0,0,2025-08-04,post,https://www.facebook.com/share/p/16dmRkvZNE/,9,2,18,17,1,0,0,0,0,0,"AGRADECIMIENTO AL BARRIO BOLÍVAR
Esther Salvatierra Landívar – Candidata a Diputada Uninominal por la Circunscripción 47… Ver más"
ESTHER SALVATIERRA LANDIVAR,https://www.facebook.com/esther.salvatierralandivar,no,,0,0,2025-08-05,post,https://www.facebook.com/share/p/1YKKMzCDxy/,2,0,9,8,1,0,0,0,0,0,"Gracias, barrio Patujú, por abrirme las puertas y el corazón.… Ver más"
