nombre perfil,url perfil,snapshot_date,creación del perfil,candidato identificado,seguidores,seguidos,fecha post,tipo de post,url post,comparticiones,comentarios,reacciones en total,me gusta,me encanta,me divierte,me entristece,me sorprende,me enoja,me importa,contenido
Jeanine Añez,https://www.facebook.com/jeanineanezc,2025-06-12,2017-09-20,no,380000,39,2025-02-03,post,https://www.facebook.com/share/p/1AcG9n1opW/,8,16,73,0,0,0,0,0,0,0,"Felicito a Radio Fides al cumplir 86 años, una vida institucional en la comunicación social que llega a cada rincón de Bolivia, día a día, plena de compromiso e hitos h… Ver más"
Jeanine Añez,https://www.facebook.com/jeanineanezc,2025-06-12,2017-09-20,no,380000,39,2025-02-05,post,https://www.facebook.com/share/p/16ANh5nj2M/,23,124,333,0,0,0,0,0,0,0,"Quiero destacar la convicción del presidente electo del Comité pro Santa Cruz, Stello Cochamanidis, de que la clase política verdaderamente representativa y democrática… Ver más"
Jeanine Añez,https://www.facebook.com/jeanineanezc,2025-06-12,2017-09-20,no,380000,39,2025-02-09,post,https://www.facebook.com/share/p/1AnouGHPEj/,14,64,214,0,0,0,0,0,0,0,"Al ex diputado Amilcar Barral, en su visita al penal de Miraflores, le transmití mi preocupación porque se consolide la UNIDAD del bloque opositor con miras a las elecc… Ver más"
Jeanine Añez,https://www.facebook.com/jeanineanezc,2025-06-12,2017-09-20,no,380000,39,2025-02-10,post,https://www.facebook.com/share/p/15gS4DSQzh/,27,160,305,0,0,0,0,0,0,0,El régimen del MAS en Bolivia ha ordenado recrudecer la violencia política a través de la guillotina de la justicia sometida.… Ver más
Jeanine Añez,https://www.facebook.com/jeanineanezc,2025-06-12,2017-09-20,no,380000,39,2025-02-14,post,https://www.facebook.com/share/p/1C7VYyP3EY/,20,70,210,0,0,0,0,0,0,0,"""El 13 de marzo Jeanine Añez cumplirá 4 años del secuestro y la privación de libertad confabulada por la élite del Movimiento Al Socialismo y el gobierno de Luis Arce C… Ver más"
Jeanine Añez,https://www.facebook.com/jeanineanezc,2025-06-12,2017-09-20,no,380000,39,2025-02-21,post,https://www.facebook.com/share/p/19EFjW8PUd/,22,43,278,0,0,0,0,0,0,0,"El domingo 16 de febrero recibí la visita del empresario, político y amigo Samuel Doria Medina, a quien por primer vez el régimen le permitió ingresar al penal de Miraf… Ver más"
Jeanine Añez,https://www.facebook.com/jeanineanezc,2025-06-12,2017-09-20,no,380000,39,2025-02-26,post,https://www.facebook.com/share/p/199zaQk1zA/,25,33,310,0,0,0,0,0,0,0,"A 464 años de la fundación de Santa Cruz de la Sierra, cuna del mestizaje de las tierras bajas del Oriente boliviano y destino elegido por miles de compatriotas con la … Ver más"
Jeanine Añez,https://www.facebook.com/jeanineanezc,2025-06-12,2017-09-20,no,380000,39,2025-02-28,post,https://www.facebook.com/share/p/1CWxwU1yoX/,12,17,255,0,0,0,0,0,0,0,"Querida Karen:
Lamento muchísimo el fallecimiento de su hermana Sonia, ex vicepresidente del Comité Cívico Femenino de Santa Cruz y connotada defensora del Derecho y la… Ver más"
Jeanine Añez,https://www.facebook.com/jeanineanezc,2025-06-12,2017-09-20,no,380000,39,2025-02-28,post,https://www.facebook.com/share/p/161qENYC6V/,82,181,1000,0,0,0,0,0,0,0,"El último viernes de 2019, en mi condición de Presidente de Bolivia, envié a la Asamblea Legislativa el proyecto de ley 026 proponiendo el debate obligatorio entre los … Ver más"
Jeanine Añez,https://www.facebook.com/jeanineanezc,2025-06-12,2017-09-20,no,380000,39,2025-03-09,post,https://www.facebook.com/share/p/1CFHGrQSvN/,17,31,877,0,0,0,0,0,0,0,Estimado Samuel: … Ver más
Jeanine Añez,https://www.facebook.com/jeanineanezc,2025-06-12,2017-09-20,no,380000,39,2025-03-10,post,https://www.facebook.com/share/p/19EjuU2eLH/,74,359,2800,0,0,0,0,0,0,0,"Hago llegar mi sentimiento de pesar hasta San Joaquín, mi pueblo natal, por el fallecimiento de mi tía. "
Jeanine Añez,https://www.facebook.com/jeanineanezc,2025-06-12,2017-09-20,no,380000,39,2025-03-10,post,https://www.facebook.com/share/p/1DfW7VooRh/,129,81,576,0,0,0,0,0,0,0,"El régimen del MAS agotó su modelo socialista, populista y racista y quiere arrastrar al país a una debacle social de consecuencias imprevisibles.  El ministro de econo… Ver más"
Jeanine Añez,https://www.facebook.com/jeanineanezc,2025-06-12,2017-09-20,no,380000,39,2025-03-12,post,https://www.facebook.com/share/p/15XarprvXC/,34,95,396,0,0,0,0,0,0,0,https://www.infobae.com/.../a-cuatro-anos-de-su.../
Jeanine Añez,https://www.facebook.com/jeanineanezc,2025-06-12,2017-09-20,no,380000,39,2025-03-16,post,https://www.facebook.com/share/p/1FwnFHnGQ3/,70,236,759,0,0,0,0,0,0,0,"Miraflores, La Paz, 16 de marzo de 2025… Ver más"
Jeanine Añez,https://www.facebook.com/jeanineanezc,2025-06-12,2017-09-20,no,380000,39,2025-03-19,post,https://www.facebook.com/share/p/1DQijubnBX/,708,411,1200,0,0,0,0,0,0,0,El ladrón cree que todos son de su condición.… Ver más
Jeanine Añez,https://www.facebook.com/jeanineanezc,2025-06-12,2017-09-20,no,380000,39,2025-03-19,post,https://www.facebook.com/share/p/19cUnYvtMG/,6,25,348,0,0,0,0,0,0,0,"Feliz día del padre a todos los progenitores bolivianos, en especial al mío, padre querido, maestro de escuela en San Joaquín, amado y recordado por todos.  
Dios lo ti… Ver más"
Jeanine Añez,https://www.facebook.com/jeanineanezc,2025-06-12,2017-09-20,no,380000,39,2025-03-20,post,https://www.facebook.com/share/p/1Eq1KacfCR/,31,180,1500,0,0,0,0,0,0,0,"A un año de su partida, amada mamita, no hay día que no derrame lágrimas por su ausencia ni melancolía más grande que los años que me robaron de estar junto a usted.… Ver más"
Jeanine Añez,https://www.facebook.com/jeanineanezc,2025-06-12,2017-09-20,no,380000,39,2025-03-29,post,https://www.facebook.com/share/p/1BmrxDR55j/,93,608,2000,0,0,0,0,0,0,0,"Miedoso, aparte de cobarde, pedófilo y delincuente.… Ver más"
Jeanine Añez,https://www.facebook.com/jeanineanezc,2025-06-12,2017-09-20,no,380000,39,2025-03-31,post,https://www.facebook.com/share/p/1C8zRNiffp/,51,145,348,0,0,0,0,0,0,0,"La resolución del Grupo de Trabajo sobre la Detención Arbitraria del Consejo de Derechos Humanos de la ONU- United Nations sobre el secuestro del gobernador Camacho,  e… Ver más"
Jeanine Añez,https://www.facebook.com/jeanineanezc,2025-06-12,2017-09-20,no,380000,39,2025-04-03,post,https://www.facebook.com/share/p/1ATofNfco1/,284,1400,2500,0,0,0,0,0,0,0,Mañana me condenarán otra vez en juicio express por orden del MAS… Ver más
Jeanine Añez,https://www.facebook.com/jeanineanezc,2025-06-12,2017-09-20,no,380000,39,2025-04-03,post,https://www.facebook.com/share/p/19FUHieSuE/,11,26,136,0,0,0,0,0,0,0,El Tribunal Supremo Electoral debe cumplir su responsabilidad constitucional de convocar a las elecciones generales para el mes de agosto de 2025.… Ver más
Jeanine Añez,https://www.facebook.com/jeanineanezc,2025-06-12,2017-09-20,no,380000,39,2025-04-03,post,https://www.facebook.com/share/p/1Bh7gjk4jz/,160,1800,3500,0,0,0,0,0,0,0,La unidad es lo primero.… Ver más
Jeanine Añez,https://www.facebook.com/jeanineanezc,2025-06-12,2017-09-20,no,380000,39,2025-04-04,post,https://www.facebook.com/share/p/1HG7D8Qdyr/,40,123,505,0,0,0,0,0,0,0,"El “renovador” del masismo copia las mañas de sus mentores Evo Morales y García Linera. A eso debió ir a Argentina, a recibir las instrucciones de inventar una narrativ… Ver más"
Jeanine Añez,https://www.facebook.com/jeanineanezc,2025-06-12,2017-09-20,no,380000,39,2025-04-05,post,https://www.facebook.com/share/p/1AW74Xp2rw/,144,1200,3200,0,0,0,0,0,0,0,https://erbol.com.bo/seguridad/jeanine-añez-después-de-la-cárcel-no-le-tengo-miedo-nada
Jeanine Añez,https://www.facebook.com/jeanineanezc,2025-06-12,2017-09-20,no,380000,39,2025-04-06,post,https://www.facebook.com/share/p/19Ab2X6mpH/,118,2100,3800,0,0,0,0,0,0,0,
Jeanine Añez,https://www.facebook.com/jeanineanezc,2025-06-12,2017-09-20,no,380000,39,2025-04-08,post,https://www.facebook.com/share/p/16RVcsrhaN/,20,31,162,0,0,0,0,0,0,0,"Los socios estratégicos de los régimenes autoritarios también abandonan el barco a la deriva capitaneado por Luis Arce Catacora, Evo Morales y Andrónico Rodríguez.… Ver más"
Jeanine Añez,https://www.facebook.com/jeanineanezc,2025-06-12,2017-09-20,no,380000,39,2025-04-11,post,https://www.facebook.com/share/p/1Cbo6U9iUW/,146,268,732,0,0,0,0,0,0,0,"La gente tiene que vivir mendigando dólares para sacar a flote su empresa, su emprendimiento, su negocio familiar; mendigando combustible por horas en filas desperdicia… Ver más"
Jeanine Añez,https://www.facebook.com/jeanineanezc,2025-06-12,2017-09-20,no,380000,39,2025-04-13,post,https://www.facebook.com/share/p/1AwyCQbb9U/,58,123,1300,0,0,0,0,0,0,0,"Felicito el nuevo triunfo del presidente Daniel Noboa  Azin, reelecto con amplio margen de votación del pueblo ecuatoriano y al Tribunal Electoral por un conteo rápido … Ver más"
Jeanine Añez,https://www.facebook.com/jeanineanezc,2025-06-12,2017-09-20,no,380000,39,2025-04-14,post,https://www.facebook.com/share/p/1AVto3ZdcW/,39,147,503,0,0,0,0,0,0,0,Los expresidentes iberoamericanos del Grupo Libertad y Democracia saludamos al presidente Daniel Noboa  Azin y al pueblo ecuatoriano que renovó su confianza en el manda… Ver más
Jeanine Añez,https://www.facebook.com/jeanineanezc,2025-06-12,2017-09-20,no,380000,39,2025-04-21,post,https://www.facebook.com/share/p/1MU1cqWCCK/,20,39,480,0,0,0,0,0,0,0,"Lamento el deceso del Papa Francisco, líder de la Iglesia Católica y su primer pontífice latinoamericano.  Su visita al país en julio de 2015 trajo un mensaje de reconc… Ver más"
Jeanine Añez,https://www.facebook.com/jeanineanezc,2025-06-12,2017-09-20,no,380000,39,2025-04-23,post,https://www.facebook.com/jeanineanezc/posts/pfbid032US2m2QLRrQhT1Bpbru3W3G3Ykse6ZVmpWmifT549qtKb1Q3nGvDw2Y8rRuPg39Ul,285,523,1600,0,0,0,0,0,0,0,"Hoy se cumplen 1500 días del secuestro y encarcelamiento político de la ex presidente constitucional de Bolivia, Jeanine Añez Chávez, quien hasta la fecha ha sido somet… Ver más"
Jeanine Añez,https://www.facebook.com/jeanineanezc,2025-06-12,2017-09-20,no,380000,39,2025-04-26,post,https://www.facebook.com/share/p/1AYDMhfpHA/,69,227,600,0,0,0,0,0,0,0,El sinvergüenza de Luis Arce Catacora menosprecia al pueblo boliviano y se burla del sufrimiento de la mayoría de las familias empobrecidas por sus políticas nefastas.… Ver más
Jeanine Añez,https://www.facebook.com/jeanineanezc,2025-06-12,2017-09-20,no,380000,39,2025-04-27,post,https://www.facebook.com/share/p/1614uke1Eu/,6,30,242,0,0,0,0,0,0,0,"Mi sentido pésame, querida Kindy. "
Jeanine Añez,https://www.facebook.com/jeanineanezc,2025-06-12,2017-09-20,no,380000,39,2025-05-01,post,https://www.facebook.com/share/p/12MA4upWn7L/,76,497,3300,0,0,0,0,0,0,0,"Hoy es un día especial, un día que celebro con todo mi corazón, aunque a la distancia y con el dolor de no poder estar juntas.  Te amo, hijita, y no sabes cuánto me due… Ver más"
Jeanine Añez,https://www.facebook.com/jeanineanezc,2025-06-12,2017-09-20,no,380000,39,2025-05-05,post,https://www.facebook.com/share/p/1AofjDpBEu/,871,1300,2400,0,0,0,0,0,0,0,"Todos los abogados de Evo Morales, los que aceptaron ser operadores del pedófilo siendo funcionarios públicos para negarme el debido proceso de #JuicioDeResponsabilidad… Ver más"
Jeanine Añez,https://www.facebook.com/jeanineanezc,2025-06-12,2017-09-20,no,380000,39,2025-05-07,post,https://www.facebook.com/share/p/16QVCkDFQF/,18,22,315,0,0,0,0,0,0,0,"Celebro el rescate exitoso de los perseguidos políticos venezolanos Magalli Meda, Claudia Macero, Omar González, Pedro Urruchurtu y Humberto Villalobos, quienes fueron … Ver más"
Jeanine Añez,https://www.facebook.com/jeanineanezc,2025-06-12,2017-09-20,no,380000,39,2025-05-10,post,https://www.facebook.com/share/p/18poZx8ikQ/,7,16,119,0,0,0,0,0,0,0,"Feliz Día del Periodista a todas las mujeres y los hombres de prensa de Bolivia, cuya labor diaria permite que el pueblo boliviano esté informado.… Ver más"
Jeanine Añez,https://www.facebook.com/jeanineanezc,2025-06-12,2017-09-20,no,380000,39,2025-05-13,post,https://www.facebook.com/share/p/1E6U4bhd5u/,23,35,212,0,0,0,0,0,0,0,"El líder uruguayo de izquierda, José Mujica, ha fallecido.  … Ver más"
Jeanine Añez,https://www.facebook.com/jeanineanezc,2025-06-12,2017-09-20,no,380000,39,2025-05-20,post,https://www.facebook.com/share/p/16Qmoo2bJc/,4,48,459,0,0,0,0,0,0,0,"Papá, no hay noche que falte en mis oraciones. … Ver más"
Jeanine Añez,https://www.facebook.com/jeanineanezc,2025-06-12,2017-09-20,no,380000,39,2025-05-21,post,https://www.facebook.com/share/p/1Cuy79ebAr/,467,141,921,0,0,0,0,0,0,0,El pecado original de “Adán y Eva”… Ver más
Jeanine Añez,https://www.facebook.com/jeanineanezc,2025-06-12,2017-09-20,no,380000,39,2025-05-27,post,https://www.facebook.com/share/p/1DkNmL2bo3/,21,209,1200,0,0,0,0,0,0,0,"Abrazo a cada una de las madres bolivianas en su día, fuente de vida, de cuidado, de sustento y protección de cada familia y de la sociedad, y pido a Dios que su bendic… Ver más"
Jeanine Añez,https://www.facebook.com/jeanineanezc,2025-06-03,2017-09-20,no,380000,39,2025-05-27,post,https://www.facebook.com/share/p/18eegsFKnT/,21,209,1200,887,327,19,8,0,1,37,"Abrazo a cada una de las madres bolivianas en su día, fuente de vida, de cuidado, de sustento y protección de cada familia y de la sociedad, y pido a Dios que su bendic… Ver más"
Jeanine Añez,https://www.facebook.com/jeanineanezc,2025-06-09,2017-09-20,no,380000,39,2025-06-06,post,https://www.facebook.com/share/p/16Kgg15N2G/,216,348,1400,1100,16,199,13,12,57,3,"Evo Morales está reeditando la historia de 2019, con las mismas mañas conspiracionistas, las mismas instrucciones sediciosas,las mismas acciones t4rroristas, con las qu… Ver más"
Jeanine Añez,https://www.facebook.com/jeanineanezc,2025-06-12,2017-09-20,no,380000,39,2025-06-06,post,https://www.facebook.com/share/p/1DyW7cSK12/,231,374,1500,0,0,0,0,0,0,0,"Evo Morales está reeditando la historia de 2019, con las mismas mañas conspiracionistas, las mismas instrucciones sediciosas,las mismas acciones t4rroristas, con las qu… Ver más"
Jeanine Añez,https://www.facebook.com/jeanineanezc,2025-06-12,2017-09-20,no,380000,39,2025-06-11,post,https://www.facebook.com/share/p/19C6ow2D4X/,157,314,2200,0,0,0,0,0,0,0,"Evo asesino, otra vez… Ver más"
Jeanine Añez,https://www.facebook.com/jeanineanezc,2025-06-12,2017-09-20,no,380000,39,2025-06-11,post,https://www.facebook.com/share/p/1AR98UWfEZ/,10,61,374,0,0,0,0,0,0,0,"Donde hay justicia, hay democracia.… Ver más"
