nombre perfil,url perfil,snapshot_date,creación del perfil,candidato identificado,seguidores,seguidos,fecha post,tipo de post,url post,comparticiones,comentarios,reacciones en total,me gusta,me encanta,me divierte,me entristece,me sorprende,me enoja,me importa,contenido
Feminismo Comunitario Antipatriarcal,https://www.facebook.com/feminismo.comunitario.Antipatriarcal,2025-06-11,2014-05-16,no,34000,0,2025-04-12,post,https://www.facebook.com/share/p/18NfPC24fK/,0,0,2,0,0,0,0,0,0,0,"PRIMERO DE ABRIL 1545: EL NACIMIENTO DE UN POTOSÍ EN CLAVE MINERA, EN CLAVE DE SACRIFICIO AMBIENTAL Y SOCIAL.
Por: Milenka Vanessa Almanza López… Ver más"
Feminismo Comunitario Antipatriarcal,https://www.facebook.com/feminismo.comunitario.Antipatriarcal,2025-06-11,2014-05-16,no,34000,0,2025-04-12,post,https://www.facebook.com/share/p/1Mu9rEbCYq/,4,3,1,0,0,0,0,0,0,0,Urgente!!! Información!!! La estamos buscando!!
Feminismo Comunitario Antipatriarcal,https://www.facebook.com/feminismo.comunitario.Antipatriarcal,2025-06-11,2014-05-16,no,34000,0,2025-04-15,post,https://www.facebook.com/share/p/1HQxbDcfd2/,4,3,0,0,0,0,0,0,0,0,
Feminismo Comunitario Antipatriarcal,https://www.facebook.com/feminismo.comunitario.Antipatriarcal,2025-06-11,2014-05-16,no,34000,0,2025-04-16,post,https://www.facebook.com/share/p/19DoWGB1Xy/,0,1,15,0,0,0,0,0,0,0,"Lof Paicil Antreao 
terrorista racista es el estado ( de argentina de chile, todos)"
Feminismo Comunitario Antipatriarcal,https://www.facebook.com/feminismo.comunitario.Antipatriarcal,2025-06-11,2014-05-16,no,34000,0,2025-04-16,post,https://www.facebook.com/share/p/15bQaMXaqk/,1,1,8,0,0,0,0,0,0,0,Apoyo y respaldo a Leonidas Iza Salazar nuestras formas no caben en sus urnas 
Feminismo Comunitario Antipatriarcal,https://www.facebook.com/feminismo.comunitario.Antipatriarcal,2025-06-11,2014-05-16,no,34000,0,2025-04-16,post,https://www.facebook.com/share/p/16Z6MFe9yH/,0,0,2,0,0,0,0,0,0,0,"Amenazan la vida de #MiriamMirandaOFRANEH exigimos garantías para su vida en #Honduras que dejen de criminalizar al pueblo Garifuna, aparición con vida de Max Gil ya!!!"
Feminismo Comunitario Antipatriarcal,https://www.facebook.com/feminismo.comunitario.Antipatriarcal,2025-06-11,2014-05-16,no,34000,0,2025-04-22,post,https://www.facebook.com/share/p/1BeVmBNFp8/,1,0,2,0,0,0,0,0,0,0,"El gobierno de Honduras está masacrando, desapareciendo, criminalizando al pueblo Garifuna, para robarles su territorio y entregarlo a las empresas, aunque se dice un g… Ver más"
Feminismo Comunitario Antipatriarcal,https://www.facebook.com/feminismo.comunitario.Antipatriarcal,2025-06-11,2014-05-16,no,34000,0,2025-04-25,post,https://www.facebook.com/share/p/15PpCNUSaQ/,0,0,1,0,0,0,0,0,0,0,
Feminismo Comunitario Antipatriarcal,https://www.facebook.com/feminismo.comunitario.Antipatriarcal,2025-06-11,2014-05-16,no,34000,0,2025-04-26,post,https://www.facebook.com/share/p/1MnHimhLRS/,12,0,17,0,0,0,0,0,0,0,"Está noche nos escuchamos, nos vemos!!!
Análisis de coyuntura en la región, Ecuador, Bolivia, Perú, Argentina!!! Fascismos, estados, represión, criminalizacion, reorgan… Ver más"
Feminismo Comunitario Antipatriarcal,https://www.facebook.com/feminismo.comunitario.Antipatriarcal,2025-06-11,2014-05-16,no,34000,0,2025-05-11,post,https://www.facebook.com/share/p/16fnVKbrvf/,0,0,25,0,0,0,0,0,0,0,"TENEMOS MEMORIA, CUIDAMOS LA VIDA!!!"
Feminismo Comunitario Antipatriarcal,https://www.facebook.com/feminismo.comunitario.Antipatriarcal,2025-06-11,2014-05-16,no,34000,0,2025-05-13,post,https://www.facebook.com/share/p/15rswvR8tq/,5,1,16,0,0,0,0,0,0,0,"TENEMOS MEMORIA: CUUDAMOS LA VIDA!!! 
Como Feministas Comunitarias Antipatriarcales en responsabilidad política con nuestras ancestras, abuelas, madres, tías, Tránsi… Ver más"
Feminismo Comunitario Antipatriarcal,https://www.facebook.com/feminismo.comunitario.Antipatriarcal,2025-05-22,2014-05-16,no,34000,0,2025-05-16,post,https://www.facebook.com/share/p/1598uUFhua/,25,3,,52,0,0,1,1,0,0,"!CHOQUEHUANCA NO!
Desde Qollasuyo marka como aymaras feministas comunitarias decimos !CHOQUEHUANCA NO! cómo secretario permanente de la ONU, por su incoherencia c… Ver más"
Feminismo Comunitario Antipatriarcal,https://www.facebook.com/feminismo.comunitario.Antipatriarcal,2025-05-23,2014-05-16,no,34000,0,2025-05-16,post,https://www.facebook.com/share/p/1E5X38ifNE/,25,3,,54,0,0,1,1,0,0,"!CHOQUEHUANCA NO!
Desde Qollasuyo marka como aymaras feministas comunitarias decimos !CHOQUEHUANCA NO! cómo secretario permanente de la ONU, por su incoherencia c… Ver más"
Feminismo Comunitario Antipatriarcal,https://www.facebook.com/feminismo.comunitario.Antipatriarcal,2025-06-11,2014-05-16,no,34000,0,2025-05-16,post,https://www.facebook.com/share/p/16bfQWDVfe/,25,3,56,0,0,0,0,0,0,0,"!CHOQUEHUANCA NO!
Desde Qollasuyo marka como aymaras feministas comunitarias decimos !CHOQUEHUANCA NO! cómo secretario permanente de la ONU, por su incoherencia c… Ver más"
Feminismo Comunitario Antipatriarcal,https://www.facebook.com/feminismo.comunitario.Antipatriarcal,2025-06-11,2014-05-16,no,34000,0,2025-05-17,post,https://www.facebook.com/feminismo.comunitario.Antipatriarcal/posts/pfbid0GqhzVpq4kjBVwYoBSdsibEz7Hbt7cDz64C8pZfv8HinzrCVdZpbxwp4VYBYf5imtl,2,1,16,0,0,0,0,0,0,0,"Denunciamos la represión a la marcha que llegó a La Paz el 16 de mayo para inscribir candidatos:
Los pueb… Ver más"
Feminismo Comunitario Antipatriarcal,https://www.facebook.com/feminismo.comunitario.Antipatriarcal,2025-05-22,2014-05-16,no,34000,0,2025-05-17,post,https://www.facebook.com/share/p/1BCxpqjoR8/,2,1,,15,0,0,0,0,0,0,"Denunciamos la represión a la marcha que llegó a La Paz el 16 de mayo para inscribir candidatos:
Los pueb… Ver más"
Feminismo Comunitario Antipatriarcal,https://www.facebook.com/feminismo.comunitario.Antipatriarcal,2025-05-23,2014-05-16,no,34000,0,2025-05-17,post,https://www.facebook.com/share/p/16eybqRGdC/,2,1,,16,0,0,0,0,0,0,"Denunciamos la represión a la marcha que llegó a La Paz el 16 de mayo para inscribir candidatos:
Los pueb… Ver más"
Feminismo Comunitario Antipatriarcal,https://www.facebook.com/feminismo.comunitario.Antipatriarcal,2025-06-11,2014-05-16,no,34000,0,2025-05-28,post,2025-05-28,0,0,6,0,0,0,0,0,0,0,
Feminismo Comunitario Antipatriarcal,https://www.facebook.com/feminismo.comunitario.Antipatriarcal,2025-06-03,2014-05-16,no,34000,0,2025-05-28,post,2025-05-28,0,0,6,6,0,0,0,0,0,0,
Feminismo Comunitario Antipatriarcal,https://www.facebook.com/feminismo.comunitario.Antipatriarcal,2025-06-11,2014-05-16,no,34000,0,2025-06-02,post,https://www.facebook.com/feminismo.comunitario.Antipatriarcal/posts/pfbid0yz4JAKYSZGHrxSK2UEKLMMieMfprxLDwQoNmE2x7vaJUR988EPi6Z3ewemUFpKM6l,0,0,3,0,0,0,0,0,0,0,Tejeremos!!!!
Feminismo Comunitario Antipatriarcal,https://www.facebook.com/feminismo.comunitario.Antipatriarcal,2025-06-10,2014-05-16,no,34000,0,2025-06-02,post,https://www.facebook.com/share/p/1C21AfsEih/,0,0,3,0,0,0,0,0,0,0,Tejeremos!!!!
Feminismo Comunitario Antipatriarcal,https://www.facebook.com/feminismo.comunitario.Antipatriarcal,2025-06-11,2014-05-16,no,34000,0,2025-06-02,post,2025-06-02,0,0,16,0,0,0,0,0,0,0,
Feminismo Comunitario Antipatriarcal,https://www.facebook.com/feminismo.comunitario.Antipatriarcal,2025-06-03,2014-05-16,no,34000,0,2025-06-02,post,https://www.facebook.com/share/p/1DiBUnBrZ2/,0,0,1,1,0,0,0,0,0,0,Tejeremos!!!!
Feminismo Comunitario Antipatriarcal,https://www.facebook.com/feminismo.comunitario.Antipatriarcal,2025-06-10,2014-05-16,no,34000,0,2025-06-04,post,https://www.facebook.com/share/v/1Lo4uWPNzQ/,8,0,11,0,0,0,0,0,0,0,"!Justicia para Mery!!! Les pedimos acompañar está audiencia el LUNES 9 DE JUNIO, HRS 14: 00 Tribunal de El Alto, planta baja.… Ver más"
Feminismo Comunitario Antipatriarcal,https://www.facebook.com/feminismo.comunitario.Antipatriarcal,2025-06-11,2014-05-16,no,34000,0,2025-06-04,post,https://www.facebook.com/feminismo.comunitario.Antipatriarcal/videos/732555612469006/,8,0,11,0,0,0,0,0,0,0,"!Justicia para Mery!!! Les pedimos acompañar está audiencia el LUNES 9 DE JUNIO, HRS 14: 00 Tribunal de El Alto, planta baja.… Ver más"
Feminismo Comunitario Antipatriarcal,https://www.facebook.com/feminismo.comunitario.Antipatriarcal,2025-06-11,2014-05-16,no,34000,0,2025-06-05,post,https://www.facebook.com/share/p/1G9MfNRBQ9/,0,0,1,0,0,0,0,0,0,0,PRESOS POLÍTICOS MAPUCHE DE LA CÁRCEL DE TEMUCO DENUNCIAN NEGATIVA DE GENDARMERÍA A LA REALIZACIÓN DE CEREMONIA DE WIÑOLTRIPANTU… Ver más
Feminismo Comunitario Antipatriarcal,https://www.facebook.com/feminismo.comunitario.Antipatriarcal,2025-06-11,2014-05-16,no,34000,0,2025-06-05,post,https://www.facebook.com/share/p/19c7v6aJAD/,0,0,4,0,0,0,0,0,0,0,#DavidChoquehuancaRepresor
Feminismo Comunitario Antipatriarcal,https://www.facebook.com/feminismo.comunitario.Antipatriarcal,2025-06-10,2014-05-16,no,34000,0,2025-06-05,post,https://www.facebook.com/share/p/1ZGxBc9sBs/,0,0,1,0,0,0,0,0,0,0,PRESOS POLÍTICOS MAPUCHE DE LA CÁRCEL DE TEMUCO DENUNCIAN NEGATIVA DE GENDARMERÍA A LA REALIZACIÓN DE CEREMONIA DE WIÑOLTRIPANTU… Ver más
Feminismo Comunitario Antipatriarcal,https://www.facebook.com/feminismo.comunitario.Antipatriarcal,2025-06-10,2014-05-16,no,34000,0,2025-06-05,post,https://www.facebook.com/share/p/1XqMLcGgaD/,0,0,4,0,0,0,0,0,0,0,#DavidChoquehuancaRepresor
Feminismo Comunitario Antipatriarcal,https://www.facebook.com/feminismo.comunitario.Antipatriarcal,2025-06-10,2014-05-16,no,34000,0,2025-06-07,post,https://www.facebook.com/share/p/14xduM9Snv/,0,0,1,0,0,0,0,0,0,0,"Es urgente un análisis de coyuntura desde las organizaciones, es urgente organizarnos más frente a la crisis y frente al Estado.  
 Análisis de coyuntura hoy 
7 de jun… Ver más"
Feminismo Comunitario Antipatriarcal,https://www.facebook.com/feminismo.comunitario.Antipatriarcal,2025-06-10,2014-05-16,no,34000,0,2025-06-07,post,https://www.facebook.com/events/1018717503705973/,0,0,0,0,0,0,0,0,0,0,
Feminismo Comunitario Antipatriarcal,https://www.facebook.com/feminismo.comunitario.Antipatriarcal,2025-06-11,2014-05-16,no,34000,0,2025-06-07,post,https://www.facebook.com/feminismo.comunitario.Antipatriarcal/posts/pfbid023RarYbSgh2E6BRx32jzAhh6cergw4ksJsi3jrx9YVQue2Dhb61FwRG2b2D4Tvfsnl,0,0,2,0,0,0,0,0,0,0,"Es urgente un análisis de coyuntura desde las organizaciones, es urgente organizarnos más frente a la crisis y frente al Estado.  
 Análisis de coyuntura hoy 
7 de jun… Ver más"
Feminismo Comunitario Antipatriarcal,https://www.facebook.com/feminismo.comunitario.Antipatriarcal,2025-06-10,2014-05-16,no,34000,0,2025-06-09,post,https://www.facebook.com/share/p/1BhxS6JEo6/,0,1,5,0,0,0,0,0,0,0,"Compañeras necesitamos su apoyo, mañana 
 9 de junio lunes, inicia el juicio oral por violación y tentativa de feminicidio contra 
#WilsonOchoPintoViolador la juez San… Ver más"
Feminismo Comunitario Antipatriarcal,https://www.facebook.com/feminismo.comunitario.Antipatriarcal,2025-06-11,2014-05-16,no,34000,0,2025-06-09,post,https://www.facebook.com/share/p/1G9sGgZY4L/,5,0,14,0,0,0,0,0,0,0,"LIBERTAD PARA LOS SECUESTRADOS QUE IBAN A GAZA
El Estado de Israel genocida, el poder sionista ha secuestrado a la tripulación de la Flotilla de la Libertad que lleva… Ver más"
Feminismo Comunitario Antipatriarcal,https://www.facebook.com/feminismo.comunitario.Antipatriarcal,2025-06-11,2014-05-16,no,34000,0,2025-06-09,post,https://www.facebook.com/share/p/1DeZftcyvu/,4,0,11,0,0,0,0,0,0,0,"URGENTE audiencia, el violador quiere salir libre, 
lunes 9 de junio, 
hrs 10:00 am en la 
Sala Penal Tercera, piso 9, Tribunal Departamental, Calle Genaro Sanjinés"
Feminismo Comunitario Antipatriarcal,https://www.facebook.com/feminismo.comunitario.Antipatriarcal,2025-06-11,2014-05-16,no,34000,0,2025-06-09,post,https://www.facebook.com/feminismo.comunitario.Antipatriarcal/posts/pfbid0jwTdFrcbgvJauYKDQXhiEbvGWTmSkHVZhsAu3GBeYfiQmvZv47NV5dyw6VBTuNMkl,0,1,7,0,0,0,0,0,0,0,"Compañeras necesitamos su apoyo, mañana 
 9 de junio lunes, inicia el juicio oral por violación y tentativa de feminicidio contra 
#WilsonOchoPintoViolador la juez San… Ver más"
Feminismo Comunitario Antipatriarcal,https://www.facebook.com/feminismo.comunitario.Antipatriarcal,2025-06-10,2014-05-16,no,34000,0,2025-06-09,post,https://www.facebook.com/share/p/16czvjBGGi/,1,0,10,0,0,0,0,0,0,0,"URGENTE audiencia, el violador quiere salir libre, 
lunes 9 de junio, 
hrs 10:00 am en la 
Sala Penal Tercera, piso 9, Tribunal Departamental, Calle Genaro Sanjinés"
Feminismo Comunitario Antipatriarcal,https://www.facebook.com/feminismo.comunitario.Antipatriarcal,2025-06-10,2014-05-16,no,34000,0,2025-06-09,post,https://www.facebook.com/share/p/1BvLWekWS8/,4,0,10,0,0,0,0,0,0,0,"LIBERTAD PARA LOS SECUESTRADOS QUE IBAN A GAZA
El Estado de Israel genocida, el poder sionista ha secuestrado a la tripulación de la Flotilla de la Libertad que lleva… Ver más"
Feminismo Comunitario Antipatriarcal,https://www.facebook.com/feminismo.comunitario.Antipatriarcal,2025-06-11,2014-05-16,no,34000,0,2025-06-10,post,https://www.facebook.com/share/p/12LpvESCp25/,7,0,25,0,0,0,0,0,0,0,
Feminismo Comunitario Antipatriarcal,https://www.facebook.com/feminismo.comunitario.Antipatriarcal,2025-06-11,2014-05-16,no,34000,0,2025-06-10,post,https://www.facebook.com/feminismo.comunitario.Antipatriarcal/posts/pfbid0RJcACpN1mxm6QcZvBnRTt8UNaMKkgghCT4cbTx2F7VB1Ddd9jXvD57zpiQyWJQfAl,8,1,8,0,0,0,0,0,0,0,"Miércoles 11 de junio, nos encontramos en los tribunales "
Feminismo Comunitario Antipatriarcal,https://www.facebook.com/feminismo.comunitario.Antipatriarcal,2025-06-10,2014-05-16,no,34000,0,2025-06-10,post,https://www.facebook.com/share/p/1EKKpZBeBv/,0,0,5,0,0,0,0,0,0,0,
Feminismo Comunitario Antipatriarcal,https://www.facebook.com/feminismo.comunitario.Antipatriarcal,2025-06-11,2014-05-16,no,34000,0,2025-06-11,post,https://www.facebook.com/share/p/19Nii3x1Y8/,0,0,1,0,0,0,0,0,0,0,
Feminismo Comunitario Antipatriarcal,https://www.facebook.com/feminismo.comunitario.Antipatriarcal,2025-06-11,2014-05-16,no,34000,0,2025-06-11,post,https://www.facebook.com/share/p/16W8HWo6cH/,0,0,4,0,0,0,0,0,0,0,#ArceEsResponsable #ArceQueRenuncie el gobierno de Arce Choquehuanca y Castillo reprimen y promueven enfrentamientos en distintos lugares del país porque NO QUIEREN SOL… Ver más
Feminismo Comunitario Antipatriarcal,https://www.facebook.com/feminismo.comunitario.Antipatriarcal,2025-06-24,2014-05-16,no,34000,0,2025-06-16,post,https://www.facebook.com/feminismo.comunitario.Antipatriarcal/posts/pfbid02BSiYsX6S3mx7qvG64qe1skCG99Tn5YJ58Lx7CpqHV3Bk678jKPPDKihtN3pG3UAFl,10,3,29,0,0,2,0,0,0,3,"EXIGIMOS A LA PRENSA DEJAR DE PROMOVER RACISMO Y REPRESIÓN
Denunciamos que los medios de comunicación privada como RTP y otros promueven racismo deslegitimando las pr… Ver más"
Feminismo Comunitario Antipatriarcal,https://www.facebook.com/feminismo.comunitario.Antipatriarcal,2025-06-24,2014-05-16,no,34000,0,2025-06-16,post,https://www.facebook.com/share/p/1JBGMBnZgR/,0,0,4,4,0,0,0,0,0,0,"#UMSSCochabamba Asamblea contra la violencia sexual en la Universidad Mayor de San Simon UMSS Cochabamba
 #JusticiaFeminista"
Feminismo Comunitario Antipatriarcal,https://www.facebook.com/feminismo.comunitario.Antipatriarcal,2025-06-24,2014-05-16,no,34000,0,2025-06-16,post,https://www.facebook.com/feminismo.comunitario.Antipatriarcal/posts/pfbid0bXdBo4orFicqzyqUopMdzaAkddXKBJCbgdJ8J9XnxXU9QjT5JBEfghNHnbxEhpACl,152,0,113,73,30,0,0,0,0,10,
Feminismo Comunitario Antipatriarcal,https://www.facebook.com/feminismo.comunitario.Antipatriarcal,2025-06-24,2014-05-16,no,34000,0,2025-06-16,post,https://www.facebook.com/share/p/1BmHTreMmP/,0,0,14,9,2,1,0,0,0,2,"Hoy, a las 15:00 en la puerta de la Embajada de Francia
#PlatonUrgente #LAPAZ … Ver más"
Feminismo Comunitario Antipatriarcal,https://www.facebook.com/feminismo.comunitario.Antipatriarcal,2025-06-24,2014-05-16,no,34000,0,2025-06-16,post,https://www.facebook.com/share/p/18r1seBeqr/,1,0,4,0,0,0,2,0,1,1,
Feminismo Comunitario Antipatriarcal,https://www.facebook.com/feminismo.comunitario.Antipatriarcal,2025-06-24,2014-05-16,no,34000,0,2025-06-17,post,https://www.facebook.com/feminismo.comunitario.Antipatriarcal/videos/1535161127662231/,0,0,2,2,0,0,0,0,0,0,"#PalestinaLibre #AltoAlGenocidio
#BastaDeBloqueo protesta en La Paz Bolivia frente a la Embajada de Estados Unidos por ser quienes financian al #EstadoDeIsraelGenocida"
Feminismo Comunitario Antipatriarcal,https://www.facebook.com/feminismo.comunitario.Antipatriarcal,2025-06-24,2014-05-16,no,34000,0,2025-06-17,post,https://www.facebook.com/share/v/19NnwJ1Sia/,0,0,26,12,7,2,0,0,0,5,"#PalestinaLibre #BastaDeGenocidio movilización contra el genocidio y por la liberación de la flotilla La Libertad, en apoyo a la marcha mundial, contra el bloqueo!!
#La… Ver más"
Feminismo Comunitario Antipatriarcal,https://www.facebook.com/feminismo.comunitario.Antipatriarcal,2025-06-24,2014-05-16,no,34000,0,2025-06-17,post,https://www.facebook.com/feminismo.comunitario.Antipatriarcal/videos/740381935312043/,2,0,5,3,1,0,0,0,0,1,"#EmbajadaDeFranciaEnBolivia
#DelphineBorione… Ver más"
Feminismo Comunitario Antipatriarcal,https://www.facebook.com/feminismo.comunitario.Antipatriarcal,2025-06-24,2014-05-16,no,34000,0,2025-06-18,post,,11,1,8,0,0,0,0,0,0,0,FUERA CASTA DE MAL VIVIENTES 
Feminismo Comunitario Antipatriarcal,https://www.facebook.com/feminismo.comunitario.Antipatriarcal,2025-06-24,2014-05-16,no,34000,0,2025-06-21,post,https://www.facebook.com/share/v/1F1UHE3utG/,5,0,26,0,0,0,0,0,0,0,"Willka kuti, Inti Raymi "
Feminismo Comunitario Antipatriarcal,https://www.facebook.com/feminismo.comunitario.Antipatriarcal,2025-06-24,2014-05-16,no,34000,0,2025-06-21,post,2025-06-21,0,0,0,0,0,0,0,0,0,0,
Feminismo Comunitario Antipatriarcal,https://www.facebook.com/feminismo.comunitario.Antipatriarcal,2025-07-08,2014-05-16,no,34000,0,2025-07-01,post,https://www.facebook.com/share/p/1FEesQ2ReS/,1500,6,2400,1300,871,1,37,1,0,132,"@danielasamaniegor
#DanielaSamaniego"
Feminismo Comunitario Antipatriarcal,https://www.facebook.com/feminismo.comunitario.Antipatriarcal,2025-07-02,2014-05-16,no,34000,0,2025-07-01,post,https://www.facebook.com/share/p/1Eim3Ai5ga/,469,1,616,327,220,0,11,1,0,57,@danielasamaniegor
Feminismo Comunitario Antipatriarcal,https://www.facebook.com/feminismo.comunitario.Antipatriarcal,2025-07-08,2014-05-16,no,34000,0,2025-07-01,post,https://www.facebook.com/share/p/1AkUm7ZzEh/,2,0,15,14,1,0,0,0,0,0,#JusticiaParaElPuebloLenca
Feminismo Comunitario Antipatriarcal,https://www.facebook.com/feminismo.comunitario.Antipatriarcal,2025-07-02,2014-05-16,no,34000,0,2025-07-01,post,https://www.facebook.com/share/p/1Ep5BUUDNE/,2,0,10,9,1,0,0,0,0,0,#JusticiaParaElPuebloLenca
Feminismo Comunitario Antipatriarcal,https://www.facebook.com/feminismo.comunitario.Antipatriarcal,2025-07-08,2014-05-16,no,34000,0,2025-07-02,post,https://www.facebook.com/share/p/171J2w2KUG/,1,0,4,3,1,0,0,0,0,0,"Estamos alerta!!!
El litio no está en venta!!!… Ver más"
Feminismo Comunitario Antipatriarcal,https://www.facebook.com/feminismo.comunitario.Antipatriarcal,2025-07-08,2014-05-16,no,34000,0,2025-07-04,post,https://www.facebook.com/share/p/1G7QqE6MoB/,0,0,11,7,4,0,0,0,0,0,
Feminismo Comunitario Antipatriarcal,https://www.facebook.com/feminismo.comunitario.Antipatriarcal,2025-07-08,2014-05-16,no,34000,0,2025-07-05,post,https://www.facebook.com/share/p/1CW42uahdL/,0,0,3,1,0,0,0,0,0,2,"#LibertadaParaOcalan
#LaRevolucionDelPuebloKurdoSigue"
Feminismo Comunitario Antipatriarcal,https://www.facebook.com/feminismo.comunitario.Antipatriarcal,2025-07-15,2014-05-16,no,34000,0,2025-07-08,post,https://www.facebook.com/share/p/1FmEaTeS3Z/,1,0,2,0,0,0,2,0,0,0,#IsraelEstadoGenocida #GobiernosCómplices
Feminismo Comunitario Antipatriarcal,https://www.facebook.com/feminismo.comunitario.Antipatriarcal,2025-07-15,2014-05-16,no,34000,0,2025-07-08,post,https://www.facebook.com/share/p/1AjPXixKLY/,3,1,10,1,0,0,8,0,0,1,
Feminismo Comunitario Antipatriarcal,https://www.facebook.com/feminismo.comunitario.Antipatriarcal,2025-07-15,2014-05-16,no,34000,0,2025-07-09,post,https://www.facebook.com/share/p/17Agh5wiGb/,0,0,16,12,4,0,0,0,0,0,"Pay suma
 jallalla!! Gracias compañeras, hermanas, a todas, todes quienes estuvieron, gracias a Zaida por la lucha!!!"
Feminismo Comunitario Antipatriarcal,https://www.facebook.com/feminismo.comunitario.Antipatriarcal,2025-07-15,2014-05-16,no,34000,0,2025-07-09,post,https://www.facebook.com/share/p/1BAoD5AG27/,0,0,3,3,0,0,0,0,0,0,
Feminismo Comunitario Antipatriarcal,https://www.facebook.com/feminismo.comunitario.Antipatriarcal,2025-07-23,2014-05-16,no,34000,0,2025-07-15,post,2025-07-15,0,0,0,0,0,0,0,0,0,0,
Feminismo Comunitario Antipatriarcal,https://www.facebook.com/feminismo.comunitario.Antipatriarcal,2025-07-23,2014-05-16,no,34000,0,2025-07-15,post,https://www.facebook.com/share/p/16wYxXNZc3/,0,0,4,1,3,0,0,0,0,0,
Feminismo Comunitario Antipatriarcal,https://www.facebook.com/feminismo.comunitario.Antipatriarcal,2025-07-23,2014-05-16,no,34000,0,2025-07-15,post,https://www.facebook.com/share/p/1ZPhNq6c5h/,0,2,8,8,0,0,0,0,0,0,"COMUNICADO PÚBLICO
El mes de junio 2025 varias organizaciones feministas asistimos a las audiencias virtuales y presenciales en el juicio oral por feminicidio en grado … Ver más"
Feminismo Comunitario Antipatriarcal,https://www.facebook.com/feminismo.comunitario.Antipatriarcal,2025-07-23,2014-05-16,no,34000,0,2025-07-17,post,https://www.facebook.com/share/p/19eUvmvddV/,0,0,3,0,1,0,0,0,2,0,"#AlertaHondurasAsesinatos a hermanos, compañeros que defiende el territorio, la vida, el trabajo de la tierra #HondurasImpunidad… Ver más"
Feminismo Comunitario Antipatriarcal,https://www.facebook.com/feminismo.comunitario.Antipatriarcal,2025-07-23,2014-05-16,no,34000,0,2025-07-18,post,https://www.facebook.com/share/p/1Adxa71ZR8/,0,0,2,2,0,0,0,0,0,0,
Feminismo Comunitario Antipatriarcal,https://www.facebook.com/feminismo.comunitario.Antipatriarcal,2025-07-23,2014-05-16,no,34000,0,2025-07-18,post,https://www.facebook.com/share/p/16j6QEDjvD/,0,0,11,10,1,0,0,0,0,0,
Feminismo Comunitario Antipatriarcal,https://www.facebook.com/feminismo.comunitario.Antipatriarcal,2025-07-23,2014-05-16,no,34000,0,2025-07-20,post,https://www.facebook.com/share/p/19TuvrPH53/,1,0,12,6,5,0,0,0,0,1,"! JALLALLA CONGRESO DE LA CONAIE CHINCHAYSUYO!
RESPALDO A LEONIDAS IZA PRESIDENTE … Ver más"
Feminismo Comunitario Antipatriarcal,https://www.facebook.com/feminismo.comunitario.Antipatriarcal,2025-07-23,2014-05-16,no,34000,0,2025-07-20,post,https://www.facebook.com/share/p/16BmcVQZAw/,0,0,7,5,2,0,0,0,0,0,"EXPULSADOS LOS DIPUTADOS QUE VINIENDO DE PUEBLOS INDIGENAS HAN APOYADO A NOBOA O FIRMADO CUALQUIER LEY EN CONTRA DEL PUEBLO 
FUERA FUERA FUERA!!!!"
Feminismo Comunitario Antipatriarcal,https://www.facebook.com/feminismo.comunitario.Antipatriarcal,2025-07-23,2014-05-16,no,34000,0,2025-07-20,post,https://www.facebook.com/share/p/1CYWh4iihP/,4,0,8,4,1,0,0,0,0,3,Un añoo
Feminismo Comunitario Antipatriarcal,https://www.facebook.com/feminismo.comunitario.Antipatriarcal,2025-07-23,2014-05-16,no,34000,0,2025-07-21,post,https://www.facebook.com/share/p/1CzvyNsZvv/,1,2,8,2,0,0,1,1,4,0,"#AndronicoRodriguezElMalMayor ha negado el golpe al pueblo, las masacres y el golpe de Estado, quiere que liberen a Camacho que es reaponsable de la masacre racista en … Ver más"
Feminismo Comunitario Antipatriarcal,https://www.facebook.com/feminismo.comunitario.Antipatriarcal,2025-07-30,2014-05-16,no,34000,0,2025-07-22,post,https://www.facebook.com/share/p/1R5LTquvdD/,0,1,3,1,0,0,0,0,0,2,"Pedagogía patriarcal para el disciplinamiento del silencio, para callarnos, pero Cristina Burneo Salazar nos enseña a no callar, a no aceptar la violencia dentro de las… Ver más"
Feminismo Comunitario Antipatriarcal,https://www.facebook.com/feminismo.comunitario.Antipatriarcal,2025-07-23,2014-05-16,no,34000,0,2025-07-22,post,https://www.facebook.com/share/p/1Y4dgnarC6/,0,1,3,1,0,0,0,0,0,2,"Pedagogía patriarcal para el disciplinamiento del silencio, para callarnos, pero Cristina Burneo Salazar nos enseña a no callar, a no aceptar la violencia dentro de las… Ver más"
Feminismo Comunitario Antipatriarcal,https://www.facebook.com/feminismo.comunitario.Antipatriarcal,2025-07-30,2014-05-16,no,34000,0,2025-07-24,post,https://www.facebook.com/share/p/16k4FgAsgH/,16,6,26,12,1,11,0,0,0,2,"!LIBERTAD YA PARA RUTH NINA!
LA JUSTICIA EN BOLIVIA NO ES INDEPENDIENTE… Ver más"
Feminismo Comunitario Antipatriarcal,https://www.facebook.com/feminismo.comunitario.Antipatriarcal,2025-08-06,2014-05-16,no,34000,0,2025-07-29,post,https://www.facebook.com/share/p/1GSh3vFsdQ/,0,0,6,4,2,0,0,0,0,0,URIBE CULPABLE
Feminismo Comunitario Antipatriarcal,https://www.facebook.com/feminismo.comunitario.Antipatriarcal,2025-07-30,2014-05-16,no,34000,0,2025-07-29,post,https://www.facebook.com/share/p/1CJVuntM2n/,0,0,4,3,1,0,0,0,0,0,URIBE CULPABLE
Feminismo Comunitario Antipatriarcal,https://www.facebook.com/feminismo.comunitario.Antipatriarcal,2025-08-06,2014-05-16,no,34000,0,2025-07-30,post,https://www.facebook.com/share/p/1FQjedA56S/,3,0,4,3,0,0,0,0,1,0," DECLARACIÓN DE FEMINISTAS DEL ABYA YALA: 
LA  JUSTICIA PATRIARCAL PRETENDE AISLARNOS Y SILENCIARNOS. LOS GOBIERNOS INTENTAN DISCIPLINARNOS CON VIOLENCIA Y CRUELDAD. 
LAS MUJERES Y DISIDENCIAS ESTAMOS EN LA PRIMERA LÍNEA DE LAS RESISTENCIAS POPULARES Y DE LA DEFENSA DE LA NATURALEZA, LOS TERRITORIOS, Y LAS COMUNIDADES. … Ver más"
Feminismo Comunitario Antipatriarcal,https://www.facebook.com/feminismo.comunitario.Antipatriarcal,2025-08-06,2014-05-16,no,34000,0,2025-08-03,post,https://www.facebook.com/share/p/173hN24vQR/,3,0,3,2,0,0,0,0,0,1,"BASTA DE PERSECUCIÓN RACISTA EN BOLIVIA              
Denunciamos al gobierno racista 
y colonial de Luis Arce y David Choquehuanca 
q… Ver más"
Feminismo Comunitario Antipatriarcal,https://www.facebook.com/feminismo.comunitario.Antipatriarcal,2025-08-06,2014-05-16,no,34000,0,2025-08-05,post,https://www.facebook.com/share/p/1Be69M1Nxq/,0,0,1,1,0,0,0,0,0,0,"Compartimos las palabras, la fuerza y fueguito de nuestra hermana desde Guatemala. Lolita Chavez... 
        No podemos quedarnos en silencio mientras siguen matando … Ver más"
Feminismo Comunitario Antipatriarcal,https://www.facebook.com/feminismo.comunitario.Antipatriarcal,2025-08-06,2014-05-16,no,34000,0,2025-08-05,post,https://www.facebook.com/share/p/1C1XzUEteU/,1,0,1,1,0,0,0,0,0,0,CURSO DE ALTA FORMACIÓN · AÑO 2025… Ver más
