nombre perfil,url perfil,candidato identificado,creación del perfil,seguidores,seguidos,fecha post,tipo de post,url post,comparticiones,comentarios,reacciones en total,me gusta,me encanta,me divierte,me entristece,me sorprende,me enoja,me importa,contenido
YOVANA TERRAZAS POLANCO,https://www.facebook.com/yovana.terrazaspolanco,no,,0,0,2025-07-21,post,https://www.facebook.com/share/p/16gXFvpK9T/,24,13,45,35,9,0,0,0,0,1,"SALVEMOS BOLIVIA...!! 
TUTO PRESIDENTE... 
YOVANA DIPUTADA..!! 
SE VIENE EL CAMBIO RADICAL PARA LOS BOLIVIANOS "
YOVANA TERRAZAS POLANCO,https://www.facebook.com/yovana.terrazaspolanco,no,,0,0,2025-07-21,post,https://www.facebook.com/share/p/1AoN2dWXrd/,2,3,15,11,4,0,0,0,0,0,"RESPALDADOS Y FORTALECIDOS COMO CANDIDATOS ..
TUTO PRESIDENTE... 
YOVANA DIPUTADA.. 
ESTE 17 DE AGOSTO COMIENZA EL CAMBIO RADICAL PARA BOLIVIA 
 ...!! "
YOVANA TERRAZAS POLANCO,https://www.facebook.com/yovana.terrazaspolanco,no,,0,0,2025-07-25,post,https://www.facebook.com/share/p/16sQo3nuGE/,26,6,21,18,2,1,0,0,0,0,"POR QUE BOLIVIA ESTÁ CONCIENTE...!!
LA CIRCUNSCRIPCIÓN 42 QUIERE EL VERDADERO CAMBIO!! .. 
ESTE  17 DE AGOSTO VOTARÁ ASI 
EL CAMBIO RADICAL SOLO CON:
 TUTO … Ver más"
YOVANA TERRAZAS POLANCO,https://www.facebook.com/yovana.terrazaspolanco,no,,0,0,2025-07-27,post,https://www.facebook.com/share/p/196f8SYpUB/,14,10,25,22,3,0,0,0,0,0,"Los Bolivianos 
 van a votar por la libertad y el progreso de nuestro País, ya basta de gobiernos qué llevaron a la crisis que actualmente vivimos todos...!!
Por mejores días y por un Cambio Radical contamos con tu voto este 17 de Agosto...!! 
TUTO PRESIDENTE   
YOVANA DIPUTADA  C42"
