nombre perfil,url perfil,candidato identificado,creación del perfil,seguidores,seguidos,fecha post,tipo de post,url post,comparticiones,comentarios,reacciones en total,me gusta,me encanta,me divierte,me entristece,me sorprende,me enoja,me importa,contenido
MARIBEL AVALOS PADILLA,https://www.facebook.com/maribel.avalos.370,no,,0,0,2025-07-19,reel,/reel/1368635124220041/?s=single_unit&__cft__[0]=AZXgkVQ2DAUaSkI5C7S8dgqA32TB8cgRc0sO1ykTXAzcZRWpHlL7IjmlSt5IsyLZleVm6ENwy8Pn8DyJa2pGBg4V5-_47fkOT9fhc7hQ5OS9fjcsCcSfoiNXPfYopt_qCmqOWrwMV2llpukElz37joinzqcHxZnGXWCXjju8cQcrMX2BA9XM45wY6XjLf3rOm7Y&__tn__=H-R,0,0,0,0,0,0,0,0,0,0,"Hoy estuvimos en La Asunta para entregar con mucho cariño seis importantes proyectos, como ser la Unidad Educativa ""La Calzada"", tres puentes vehicula… Ver más"
MARIBEL AVALOS PADILLA,https://www.facebook.com/maribel.avalos.370,no,,0,0,2025-07-21,reel,/reel/1076314740736526/?s=single_unit&__cft__[0]=AZW9Gamw_RAJMNrK3XYcsRFxC6mgIKonBul6TFZ6ydIFnFEj1PdIPKGwxgj9bIjvjuldDZWhzwd6oX7TMulUvPr9mq8MQv7xVJ6HaUzlciyt6CFeAk5BodRPzX6LkF4Eny2qWYY9PuqDpksXgL215TfGDllfcmIA-noSvpgZ_58ChqaNoFf4z-lBP4aMJkgLn8U&__tn__=H-R,0,0,0,0,0,0,0,0,0,0,¡Bolivianos y bolivianas debemos proteger nuestros recursos naturales de quienes quieren usarlos para sus beneficios personales! #NoALosBaronesDelLitio
MARIBEL AVALOS PADILLA,https://www.facebook.com/maribel.avalos.370,no,,0,0,2025-07-22,post,https://www.facebook.com/share/p/178XMMdimg/,0,0,1,0,0,1,0,0,0,0,
MARIBEL AVALOS PADILLA,https://www.facebook.com/maribel.avalos.370,no,,0,0,2025-07-22,post,https://www.facebook.com/share/1YyiQWasvs/,1,5,27,17,0,9,0,0,0,1,
MARIBEL AVALOS PADILLA,https://www.facebook.com/maribel.avalos.370,no,,0,0,2025-07-22,post,https://www.facebook.com/share/p/1Ahiw1UKF9/,0,0,1,0,1,0,0,0,0,0,
MARIBEL AVALOS PADILLA,https://www.facebook.com/maribel.avalos.370,no,,0,0,2025-07-22,post,https://www.facebook.com/share/p/16Br9mjoFL/,0,0,0,0,0,0,0,0,0,0,
MARIBEL AVALOS PADILLA,https://www.facebook.com/maribel.avalos.370,no,,0,0,2025-07-22,post,https://www.facebook.com/share/p/16dZ5NMbSQ/,0,0,0,0,0,0,0,0,0,0,
