nombre perfil,url perfil,candidato identificado,creación del perfil,seguidores,seguidos,fecha post,tipo de post,url post,comparticiones,comentarios,reacciones en total,me gusta,me encanta,me divierte,me entristece,me sorprende,me enoja,me importa,contenido
Melisa Ibarra,https://www.facebook.com/melisa.ibarrarosario.5,no,,58316,0,2025-06-24,reel,/reel/1453052039055171/?s=single_unit&__cft__[0]=AZVPYdenrrIETEuoIKBbpahaJ2L0mD9fumHcvw3PzrK5QsHPXBIzkVdWAB0ZlapudrhPul34opmOJ5tQVCx7HSZVRZUidvbqt8m3IMqKMMcbAkoSWZWwDN4rCsxTCWU40hbHN4z4r9fQ0MrbrIjl69noHbxpd09C64OENVOJO7EwowVy3ykgCIxZE8rfJAX-60U&__tn__=H-R,0,0,0,0,0,0,0,0,0,0,
Melisa Ibarra,https://www.facebook.com/melisa.ibarrarosario.5,no,,58316,0,2025-06-27,reel,/reel/2243305276128347/?s=single_unit&__cft__[0]=AZXcdw9arGvqo7amOqaN-RYc3R4VtytFg2XJZz7W-98LhACHZc6trtb2Ky7U5IWV0QwOmdwrloosSbreJfe41qufklPnox6KwUHNiKYEJWTvHrqYHL1rgssPoudpHkpdLcRfcBHHB09hDfXqxiR6Sb8mO7N3vty3QeB-4cqGSVaZkNURmnyODN3wBv8377ln6tg&__tn__=H-R,0,0,0,0,0,0,0,0,0,0,
Melisa Ibarra,https://www.facebook.com/melisa.ibarrarosario.5,no,,58316,0,2025-06-27,reel,/reel/1010021417621453/?s=single_unit&__cft__[0]=AZWXuxBQlVTWhDuyKcVs_0b8ZqBVPhTMgYpBvCa0sqNLaMaM2kS5NBc7x7j4Fd6y9DQnOPrz0L4cdTbx16uQ2cgOnGbdAIIvQk-3JVKZgO1YHghdmTa-PfZ5kKlLF8A7cv3p3U01hzeH1U97X62NrpvKB7j-K2p1Zej6kLMCw0TrHPUDygAcHXN1gt2lU9PWNfE&__tn__=H-R,0,0,0,0,0,0,0,0,0,0,
Melisa Ibarra,https://www.facebook.com/melisa.ibarrarosario.5,no,,58316,0,2025-06-28,post,https://www.facebook.com/melisa.ibarrarosario.5/posts/pfbid05Z1Btwpo1QU2LcaBiNywXApGEDJ5g3NySqTjMZtDXkBnJ6rJjDtph7zWUscZmY5Vl,10,56,102,68,1,29,0,3,1,0,
Melisa Ibarra,https://www.facebook.com/melisa.ibarrarosario.5,no,,58316,0,2025-06-28,reel,/reel/1393662011747381/?s=single_unit&__cft__[0]=AZXBojmzRa-LK8cryT8AqZqlF91F4MnHW029UFQ0JFzlD-3HzzvjUVfPQsxc_uzS4PSn9nU9tkKhT1QuDbrUyQUaIu78vSujB0_tgyEnHM89sn1twvhMnrgs8alsv1aX8U5OZnjLHV70LnkdonM6r5WQTF3CHjr22ZTAgWOV2ODjmKuXV7j0theaAOhSFfT-X98&__tn__=H-R,0,0,0,0,0,0,0,0,0,0,"Presentes en El Alto, recibiendo el cariño y la fuerza del pueblo de Senkata. ¡Se viene el #CambioRadical junto a Tuto!"
Melisa Ibarra,https://www.facebook.com/melisa.ibarrarosario.5,no,,58316,0,2025-06-28,post,https://www.facebook.com/melisa.ibarrarosario.5/posts/pfbid0DRW626cjbDuxWuqKtCopRgKbNSjcHjQEXKnJWoY4qEkQCGUPRzDzyhMJyMaSTuB6l,6,3,26,0,0,4,0,0,0,0,"  Esta es la mejor explicación.  
Tuto didáctico, de profe, en facilito."
Melisa Ibarra,https://www.facebook.com/melisa.ibarrarosario.5,no,,58316,0,2025-06-28,post,https://www.facebook.com/melisa.ibarrarosario.5/posts/pfbid07K1KSEkJ6wCFufKkCv8GMFdA2zmbX51edgn6YE8VgMe9fxjiAjvWhmFAiqCVCAsbl,3,20,126,80,11,36,0,0,0,0,
Melisa Ibarra,https://www.facebook.com/melisa.ibarrarosario.5,no,,58316,0,2025-06-28,post,https://www.facebook.com/melisa.ibarrarosario.5/posts/pfbid02DgF9EEc9VTxW18RXz3HSQfpDNuKdrbn66dVV21jeyjHNKW9xNTK9ta9Gr3Mq1LNjl,0,0,7,0,0,0,0,0,0,0, Autonomía plena para Santa Cruz con Tuto Quiroga
Melisa Ibarra,https://www.facebook.com/melisa.ibarrarosario.5,no,,58316,0,2025-06-30,post,https://www.facebook.com/share/p/14DW2U5Ay3G/,1,7,27,22,0,5,0,0,0,0,
Melisa Ibarra,https://www.facebook.com/melisa.ibarrarosario.5,no,,58316,0,2025-06-30,post,https://www.facebook.com/share/p/1HiuUxm84X/,2,22,27,24,1,1,0,0,0,1,"Lo único que deben saber es que el MAS vuelve si van dos o tres candidatos de la oposición. A llorar al río señores, es una gran mentira la segunda vuelta entre opositores. La peor falacia como en el 2020. El que mínimamente repasó algo de historia de Cuba, Nicaragua y Venezuela sabe perfectamente que eso es imposible. 
Arriesgar a un país para jugar al cacho con el MAS, venezolanos, cubanos y toda su estructura fraudulenta desarrollada en 20 años es por demás irresponsable."
Melisa Ibarra,https://www.facebook.com/melisa.ibarrarosario.5,no,,58316,0,2025-06-30,post,https://www.facebook.com/share/p/1EkBQSLTeF/,2,19,25,24,0,1,0,0,0,0,"Están subestimando el voto oculto del MAS, el voto fraude, el voto identidad, el voto oveja, el voto adoctrinamiento. 
Repito, están subestimando."
Melisa Ibarra,https://www.facebook.com/melisa.ibarrarosario.5,no,,58316,0,2025-06-30,post,https://www.facebook.com/share/p/14DbCRv5XLQ/,3,17,25,23,1,0,1,0,0,0," Muere la verdad en Bolivia, muere la única posibilidad de libertad. 
La manipulación de la intención del voto en todas las mediciones sepultará la única oportunidad que tenemos para liberarnos del MAS, la única. 
Otra vez los políticos rifarán a Bolivia si lo permitimos."
Melisa Ibarra,https://www.facebook.com/melisa.ibarrarosario.5,no,,58316,0,2025-06-30,post,https://www.facebook.com/share/p/1ByRpxKjBN/,0,0,1,1,0,0,0,0,0,0,
Melisa Ibarra,https://www.facebook.com/melisa.ibarrarosario.5,no,,58316,0,2025-07-01,post,https://www.facebook.com/share/p/16Cdfk5hRV/,23,13,11,10,0,1,0,0,0,0,"Pregunta para los defensores de las encuestas. 
 Primera pregunta:
En qué país del mundo en los últimos 50 años ha ganado por -elecciones presidenciales- la izquierda ""moderada"" a la izquierda radical después de 20 años de autoritarismo y crisis generalizada económica?… Ver más"
Melisa Ibarra,https://www.facebook.com/melisa.ibarrarosario.5,no,,58316,0,2025-07-01,post,https://www.facebook.com/share/p/16u7sJXmnm/,15,7,34,14,1,14,0,4,1,0,Esto sería muy muy grave...
Melisa Ibarra,https://www.facebook.com/melisa.ibarrarosario.5,no,,58316,0,2025-07-01,post,https://www.facebook.com/share/p/1CHaMYqyK3/,8,1,19,12,0,5,0,1,1,0," Décimo tercer error garrafal y luego es primero en las encuestas? 
.
Aquí está pasando algo muy muy grave alejado de la rectitud."
Melisa Ibarra,https://www.facebook.com/melisa.ibarrarosario.5,no,,58316,0,2025-07-01,post,https://www.facebook.com/share/p/1Awrts9PaG/,9,4,9,8,0,1,0,0,0,0,"Muy muy grave, gravísimo...
Y yo que casi me creo las encuestas y estaba a punto de pedir el voto para él. 
I N A D M I S I B L E"
Melisa Ibarra,https://www.facebook.com/melisa.ibarrarosario.5,no,,58316,0,2025-07-01,post,https://www.facebook.com/share/p/16Y6JnJnvG/,0,14,22,14,0,8,0,0,0,0,
Melisa Ibarra,https://www.facebook.com/melisa.ibarrarosario.5,no,,58316,0,2025-07-01,post,https://www.facebook.com/share/p/16kQCRFoLZ/,1,36,42,23,1,17,0,0,1,0,"PODER ECONÓMICO TE POSESIONA COMO TENDENCIA, NO COMO CERTEZA NI CONVICCIÓN
Con las decenas de millones, millones, millones invertidos, Samuel solo logra el 3% de margen sobre el segundo, es preocupante. 
La encuesta tuvo un margen de error del 2,2% . Es decir estamos hablando de un ligerísima ventaja de aproximadamente del 0,8% en números más reales para no decir empate técnico y en virtud a una muestra de 2500 consultados el 8% significaría 20 personas.… Ver más"
Melisa Ibarra,https://www.facebook.com/melisa.ibarrarosario.5,no,,58316,0,2025-07-01,post,https://www.facebook.com/share/p/19Bq6DduVn/,0,14,42,14,0,24,1,2,1,0,"Rodrigo Paz Pereira 
DIVIDIR EL VOTO, UN GRAN NEGOCIO
Conseguir dos o cuatro miserables diputadillos para mercantilizarlos comercializarlos a cuan mejor postor con el objetivo de aprobar una determinada ley. … Ver más"
Melisa Ibarra,https://www.facebook.com/melisa.ibarrarosario.5,no,,58316,0,2025-07-01,post,https://www.facebook.com/share/p/199hBuMW4P/,0,9,18,15,3,0,0,0,0,0," Pregunta:
Fuera que lo habiliten o no. 
Sí Dunn fuese de izquierda ""moderada"", tendría el apoyo que tiene actualmente? 
Qué opinas?"
Melisa Ibarra,https://www.facebook.com/melisa.ibarrarosario.5,no,,58316,0,2025-07-01,post,https://www.facebook.com/share/p/15pLxXPo6s/,0,0,1,1,0,0,0,0,0,0,"Su lugar seguro de los perritos es con nosotros y con todo el cariño que les podemos dar 
.
Adopta, no compres "
