nombre perfil,url perfil,snapshot_date,creación del perfil,candidato identificado,seguidores,seguidos,fecha post,tipo de post,url post,comparticiones,comentarios,reacciones en total,me gusta,me encanta,me divierte,me entristece,me sorprende,me enoja,me importa,contenido
ELIANA RINA ACOSTA QUISPE,https://www.facebook.com/eliana.acosta.3150,2025-06-05,,sí,0,0,2025-01-31,reel,/reel/3024586664375076/?s=single_unit&__cft__[0]=AZWXzqRFqV1_FS0jeUx94tkHEL3Vh-gtb8z7A5GFW4Zf20IbkSQzAvGa9apZVsS-uUmkWNo7xNBC34gqXIB9nLmNgBGlWsl2W6vHvcmJzUwc1g4CwHxyeiLENOxWo9vnT2ngBleO0HREzzF-zFolc58pJNhgK-toY5T53IdjOWezy0lqBXGY8PksMJBEHFR_-Ds&__tn__=H-R,0,0,0,0,0,0,0,0,0,0,
ELIANA RINA ACOSTA QUISPE,https://www.facebook.com/eliana.acosta.3150,2025-06-05,,sí,0,0,2025-02-11,post,https://www.facebook.com/share/p/1CEiSbgckU/,2,8,55,45,9,0,0,0,0,1,"Samuel Doria Medina se encuentra con el presidente de El Salvador
El político y empresario boliviano Samuel Doria Medina comparte con el presidente de El Salvador, Nayib Bukele, en un encuentro en la casa presidencial en San Salvador. En el evento, los líderes intercambiaron opiniones sobre el futuro de sus países e ideas de progreso en la región.
San Salvador, 10 de febrero del 2025. - Samuel Doria Medina, en calidad de miembro del Consejo Empresarial Alianza por Iberoam… Ver más"
ELIANA RINA ACOSTA QUISPE,https://www.facebook.com/eliana.acosta.3150,2025-06-05,,sí,0,0,2025-03-15,post,https://www.facebook.com/share/p/1NSs4WcZK3/,4,0,21,15,3,2,0,1,0,0,"Gracias SAMUEL DORIA MEDINA por las SOLUCIÓNES PARA PANDO, una PROPUESTA y mirada de PANDINOS muy bien plasmada en la propuesta de UN GRAN EMPRESARIO Y LÍDER POLÍTICO, que entendio QUE PANDO NO NECESITA LA TUTELA DE UN GOBIERNO CENTRALISTA, NECESITA LA COMPRENSIÓN Y COMPROMISO DE UN PRESIDENTE QUE  CONSOLIDE LAS VISIONES DE DESARROLLO QUE CADA PANDINO Y HABITANTE SABE Y CONOCE, Y ESTAS SOLUCIONES MUY BIEN TRADUCEN NUESTROS ANHELOS Y SE CONSOLIDARÁN CUANDO SEAS EL PRESIDENTE, … Ver más"
ELIANA RINA ACOSTA QUISPE,https://www.facebook.com/eliana.acosta.3150,2025-06-05,,sí,0,0,2025-03-16,post,https://www.facebook.com/share/p/1Fbz1kWC8j/,0,1,2,1,0,1,0,0,0,0,"Algunos testimonios del RESULTADO DE LOS CITES, UNA VISIÓN DE SAMUEL Y APORTE A LA MEJORA DE LA HABILIDAD PRODUCTIVA DE ARTESANOS Y EMPRENDEDORES DESDE EL 2014, SAMUEL ES SOLUCIONES #100 DIAS CARAJO # SAMUELPRESIDENTE"
ELIANA RINA ACOSTA QUISPE,https://www.facebook.com/eliana.acosta.3150,2025-06-05,,sí,0,0,2025-03-19,reel,/reel/1559947334670783/?s=single_unit&__cft__[0]=AZXkSAjcogknAs-aLgvtySL6TNwKEvnHfsnl9bSnm6sWy-rNxGH4DXaZ1bU2fQBcNyPspdvc7DUIf9ci6HRfpHj_9BpR3iSexXzB7XpO8vF_n96sBfYOtqdzAKa4taabJ2j9yFOsMgXyon7DJSCpLdGgUKgA-5i1f6eXUhsz_eu9XtqK6T92iuOEN4EV7mNR1UQ&__tn__=H-R,0,0,0,0,0,0,0,0,0,0,
ELIANA RINA ACOSTA QUISPE,https://www.facebook.com/eliana.acosta.3150,2025-06-05,,sí,0,0,2025-03-23,post,https://www.facebook.com/share/p/16Qw8Hg1fz/,2,13,26,21,4,1,0,0,0,0,"Los HECHOS Y ACTOS PESAN MAS Y SAMUEL LO SABE, NUNCA DEJO DE INVERTIR EN BOLIVIA , DE GENERAR OPORTUNIDADES PARA MILES, SIN MIRAR ORIGEN NI IDEOLOGÍA.. A diferencia de otros que con una sonrisa falsa solo se aprovecharon de los bolivianos, CON SAMUEL HAY SOLUCIONES #100DÍASCARAJO"
ELIANA RINA ACOSTA QUISPE,https://www.facebook.com/eliana.acosta.3150,2025-06-05,,sí,0,0,2025-03-28,post,https://www.facebook.com/share/16i3mSJHcq/,1,7,27,25,2,0,0,0,0,0,
ELIANA RINA ACOSTA QUISPE,https://www.facebook.com/eliana.acosta.3150,2025-06-05,,sí,0,0,2025-03-28,post,https://www.facebook.com/share/p/16h4B3AwrK/,4,2,39,32,5,2,0,0,0,0,"Asi se habla SAMUEL... Unidad. Unidad para derrotar al MAS, Unidad para superar la crisis , Unidad para cambiar a BOLIVIA. Con vos eso es posible #100diascarajo"
ELIANA RINA ACOSTA QUISPE,https://www.facebook.com/eliana.acosta.3150,2025-06-05,,sí,0,0,2025-03-28,reel,/reel/645355898284568/?s=single_unit&__cft__[0]=AZVRHsK3M3eusqJmBJsyd60qJRbhteNVmMxC2R8gpI8GokQw700O1K3l7SSMN90A8FpmYxwJpA7RLjzUgCV20gJJkMj_F24Dh0q6amX4fbAEmW408nEmr4yaXphylreBB835V9V8hDhS9xlPinPxVLJq4lZR2OeOBD9H3N6UvYixAnd1WoXls6XG8QHWTcFk6KE&__tn__=H-R,0,0,0,0,0,0,0,0,0,0,
ELIANA RINA ACOSTA QUISPE,https://www.facebook.com/eliana.acosta.3150,2025-06-05,,sí,0,0,2025-03-28,reel,/reel/645355898284568/?s=single_unit&__cft__[0]=AZXosAv7fbpnrW3F7Ln19GYvaGfv2jzkWCuKxoM4s8pT1AxYMZlpA0tfJQuneyYI2MBDjsitE4Zt-QqUZmGR4UauYKMB92HguckEk3utlPgehv0PXxzxPj-KENQI0Eft9SwJ3dXzShgh9OVbJsoZ3cStVO11mID7ufmwy_vtdZcUhBlcHP3SlN_KV77bymIVTIs&__tn__=H-R,0,0,0,0,0,0,0,0,0,0,
ELIANA RINA ACOSTA QUISPE,https://www.facebook.com/eliana.acosta.3150,2025-06-05,,sí,0,0,2025-04-19,post,https://www.facebook.com/share/p/1AuPAuE3DD/,0,0,15,13,2,0,0,0,0,0,"UNIDAD, es más que un proyecto POLÍTICO, es el MEDIO  para LIBRAR a BOLIVIA de la CRISIS Y GENERAR LAS OPORTUNIDAD PARA TODOS, SEAMOS PARTE DE ESTE RETO, POR VOS, POR TUS HIJOS, POR BOLIVIA #100diascarajo"
ELIANA RINA ACOSTA QUISPE,https://www.facebook.com/eliana.acosta.3150,2025-06-05,,sí,0,0,2025-04-21,post,https://www.facebook.com/share/p/19hpPJFJiD/,2,0,10,9,0,1,0,0,0,0,"Quiero recordar una vez más UNA FRACCIÓN DE LA HISTORIA DE SOBOCE, CONTADA DE PRIMERA MANO, NO ESA MENTIRA QUE INVENTAN PARA DESACREDITAR A UN EMPRESARIO VISIONARIO, AUDAZ Y ARRIESGADO, QUE MUESTRA Y SIEMPRE LO DICE ""AUN EN CRISIS HAY QUE SABER GENERAR OPORTUNIDADES"", EL LO HIZO ASI A SUS 27 AÑOS Y AHORA CON UNA SÓLIDA EXPERIENCIA, CREARA OPORTUNIDADES PARA LOS TODOS LOS BOLIVIANOS"" #SAMUELSOLUCIONES"
ELIANA RINA ACOSTA QUISPE,https://www.facebook.com/eliana.acosta.3150,2025-06-05,,sí,0,0,2025-04-21,post,https://www.facebook.com/share/v/1LPnC57pH6/,1,1,15,13,1,1,0,0,0,0,"Samuel es un Empresario Político, con visión, experiencia y ALTO COMPROMISO SOCIAL, SIEMPRE APOSTÓ POR BOLIVIA, GENERANDO INVERSIONES IMPORTANTES AUN EN CIRCUNSTANCIAS ADVERSAS, SU VISIÓN DE PAÍS, ES LA VISIÓN INTEGRADORA DE UNA BOLIVIA CON OPORTUNIDADES PARA TODOS, SEAMOS PARTE DE ELLA #100diascarajo"
ELIANA RINA ACOSTA QUISPE,https://www.facebook.com/eliana.acosta.3150,2025-06-05,,sí,0,0,2025-04-28,reel,/reel/2133392410511794/?s=single_unit&__cft__[0]=AZX-tG6d1B-YY_zU80wshH6qPsd8xJC5uIC-H5StNTxjjdrIt3XdyoH4bSLmifa_WBmyqrBemO2tWrxrmXYdzVcC5vaE4Men7WGuHM4RPykXbJjvO1jvLKLaitbNeYNlLfWA8N5_ojNvf_sT1tJmS5JGEAtkMoaIIHxiPxbqt2jY0hUrGbgmixZwxvinT-XFomM&__tn__=H-R,0,0,0,0,0,0,0,0,0,0,"Cuando estuve en Fancesa, las utilidades se multiplicaron 400%. Hoy la empresa va de tumbo en tumbo y por eso me acusan de unos líos en los que no ten… Ver más"
ELIANA RINA ACOSTA QUISPE,https://www.facebook.com/eliana.acosta.3150,2025-06-05,,sí,0,0,2025-04-28,reel,/reel/2133392410511794/?s=single_unit&__cft__[0]=AZXVLcBthSdbch_b6y_SXm8HVELmir6CSbceLhbV0-qIXmdILpVF2eyOPTkUxCmXsZYvW4cDNj9pdQ_UvBJvq1LDQY-KJsSjgKYe4T4bURsUxj-Tig7SYGR_FAOeOT3_srehI5lvqJbDBVZfxXNVuCpZR4-n4mlyM-nGs64CauLfxg7vTrcZjtBBSuXHQXO2qPI&__tn__=H-R,0,0,0,0,0,0,0,0,0,0,
ELIANA RINA ACOSTA QUISPE,https://www.facebook.com/eliana.acosta.3150,2025-06-05,,sí,0,0,2025-05-03,reel,/reel/1093993552783958/?s=single_unit&__cft__[0]=AZXhO2-QqO1SRK1tZwEP8KAj2isJC8q3ziA-a-MQ48PeF3fUWkaeeTeu0UQ_FrXoxxQ53zyfSUN10sVxPXFShmVKIqdSgP2XeuteATVX3PvTVTEGTHW_4Y3I3fqFJIElb96xmENxBL4L4VAu4oB0wTrijpdgFuxVHJZdjJJ4-9VG9yMeIk5UBS2LaLIfH8IHfUw&__tn__=H-R,0,0,0,0,0,0,0,0,0,0,
ELIANA RINA ACOSTA QUISPE,https://www.facebook.com/eliana.acosta.3150,2025-06-05,,sí,0,0,2025-05-19,post,https://www.facebook.com/share/p/19G7GhpqcE/,0,0,7,7,0,0,0,0,0,0,"José Luis Lupo, un BOLIVIANO experto en la GESTIÓN DE DESARROLLO, ECONOMISTA DESTACADO Y DE SINGULAR TRAYECTORIA EN LA GESTIÓN PÚBLICA, COMO DIJO SAMUEL, AL MOMENTO DE ASUMIR RETOS, ELIGE AL MEJOR EQUIPO Y LA EXPERIENCIA Y RECORRIDO PROFESIONAL DE JOSE LUIS LUPO, CONFIRMAN QUE ELIGIÓ AL MEJOR.
ESTE BINOMIO ES EL QUE SACARA A BOLIVIA DE ESTA CRISIS A LA QUE EL MAS NOS ORILLO, SEAMOS PARTE DE ESTE ESFUERZO, SAMUEL PRESIDENTE, JOSE LUIS LUPO VICEPRESIDENTE."
ELIANA RINA ACOSTA QUISPE,https://www.facebook.com/eliana.acosta.3150,2025-06-05,,sí,0,0,2025-05-25,reel,/reel/1896467031157111/?s=single_unit&__cft__[0]=AZV4y1_eGuSz-X9lRJjadvuixqm_JjczUB-2qsQdnq1qH6ISspurYP3fSSofc8wANnPrFhQUmw8qO8MaTGaPwEkyHh801PtfgqiGd8L2i1Nl6hxVCE7bb5RgyIwm5e0PxATskZ9thaM2yl_xTZW-CAFeCye21MDRUZznT7xD_s5TPOJWdd1y6psGjZvBQcYfDhk&__tn__=H-R,0,0,0,0,0,0,0,0,0,0,
ELIANA RINA ACOSTA QUISPE,https://www.facebook.com/eliana.acosta.3150,2025-06-05,,sí,0,0,2025-05-30,post,https://www.facebook.com/share/p/1ELoJpkQV1/,7,23,76,49,25,1,0,0,0,1,"INAUGURAMOS NUESTRA CASA DE CAMPAÑA PRESENTANDO A NUESTROS CANDIDATOS, LA MAYORIA JOVENES O NUEVOS EN POLITICA PARTIDARIA, PERO CON EXPERIENCIA Y RECORRIDO EN EL ACTIVISMO SOCIAL, SEA DESDE LA DIRIGENCIA BARRIAL, EN EL SECTOR CAMPESINO, SECTORIAL Y DIRIGENCIA UNIVERSITARIA, HOMBRES Y MUJERES CON VOCACIÓN EN LAS PRACTICAS DEMOCRATICAS, CON LIDERAZGO EN EL DESEMPEÑO DE SUS CARGOS Y ACTIVIDADES Y CON LA FIRME CONVICCIÓN DE APOYAR LA TRANSFORMACIÓN DE BOLIVIA Y PANDO, BAJO LA LID… Ver más"
ELIANA RINA ACOSTA QUISPE,https://www.facebook.com/eliana.acosta.3150,2025-06-02,,sí,0,0,2025-05-30,post,https://www.facebook.com/share/p/16RzRfbAeS/,7,21,,0,0,0,0,0,0,0,"INAUGURAMOS NUESTRA CASA DE CAMPAÑA PRESENTANDO A NUESTROS CANDIDATOS, LA MAYORIA JOVENES O NUEVOS EN POLITICA PARTIDARIA, PERO CON EXPERIENCIA Y RECORRIDO EN EL ACTIVISMO SOCIAL, SEA DESDE LA DIRIGENCIA BARRIAL, EN EL SECTOR CAMPESINO, SECTORIAL Y DIRIGENCIA UNIVERSITARIA, HOMBRES Y MUJERES CON VOCACIÓN EN LAS PRACTICAS DEMOCRATICAS, CON LIDERAZGO EN EL DESEMPEÑO DE SUS CARGOS Y ACTIVIDADES Y CON LA FIRME CONVICCIÓN DE APOYAR LA TRANSFORMACIÓN DE BOLIVIA Y PANDO, BAJO LA LID… Ver más"
ELIANA RINA ACOSTA QUISPE,https://www.facebook.com/eliana.acosta.3150,2025-06-10,,sí,0,0,2025-06-07,post,https://www.facebook.com/share/p/1JJfCwN6kj/,2,0,16,0,0,0,0,0,0,0,"En Cobija como en TODA BOLIVIA, la gente está preocupada por ESTA CRISIS, cansada de hacer filas de reducir la ración en su comida, de privarse de cosas básicas, CANSADA de este modelo de Gobierno, HOY  la escuchamos y le CONFIRMAMOS QUE LA PERSONA CAPAZ DE SACARNOS DE ESTA CRISIS ES SAMUEL DORIA MEDINA Y JOSE LUIS LUPO, ACOPAÑADOS DEL EQUIPO INDICADO EN CADA REGIÓN, SE PARTE DE ESTA TRANSFORMAVION #100diascarajo"
ELIANA RINA ACOSTA QUISPE,https://www.facebook.com/eliana.acosta.3150,2025-06-24,,sí,0,0,2025-06-16,reel,/reel/1085468460160821/?s=single_unit&__cft__[0]=AZVOpgF8kXJov_L2-oIqsQuMTIaZPhNNRPKYjwhidfJ7MZzuUVraD0WhsSWQ00LNHjaNlrI8yC_9gIHP7l7Uno3wPbALFjUdlBl8jIQZ5gz6s0iD__uGnadxTUukgAGj61bELe_ko6aQfMoc6TzSVl8vF5JKUytOyxW0OKouKggHDanz8Df9B5oktkdVwyKmuHw&__tn__=H-R,0,0,0,0,0,0,0,0,0,0,
ELIANA RINA ACOSTA QUISPE,https://www.facebook.com/eliana.acosta.3150,2025-06-24,,sí,0,0,2025-06-16,reel,/reel/710338448274133/?s=single_unit&__cft__[0]=AZXg-phWPzbY4rl46m_Jv9MU3n39u-e2hwI54Keq2XVE1QgkIF0jje5AVUm56dcNfrYzG-BhykPi4kkFrfOHkfMGB-Lx13rZOkJnLwLgKJR9v1YMSXuEzc6vCsPEDS9lGGPqOzRSJgi8fwqZuDNRe_CUWxRMWBGGbnothvCus-qh2EhrEmGcGoQT27kPmP3pPs8&__tn__=H-R,0,0,0,0,0,0,0,0,0,0,
ELIANA RINA ACOSTA QUISPE,https://www.facebook.com/eliana.acosta.3150,2025-06-24,,sí,0,0,2025-06-18,post,https://www.facebook.com/eliana.acosta.3150/posts/pfbid02L4F7pXFaQsaMNLhox6D3cpBdy6eAWQcUx6buAerR5DeBM1hAcGunuUyP9PYHma2fl,1,0,15,14,1,0,0,0,0,0,"Para salir de está CRISIS, ES CON PROPUESTAS CLARAS Y EQUIPO CON CAPACIDAD Y EXPERIENCIA, SAMUEL Y JOSE LUÍS LUPO, EL BINOMIO QUE SABE DE ECONOMÍA, SOLIDO Y CAPAZ, APOYEMOS ESTA TRANSFORMACIÓN #100diascarajo"
ELIANA RINA ACOSTA QUISPE,https://www.facebook.com/eliana.acosta.3150,2025-06-24,,sí,0,0,2025-06-23,post,https://www.facebook.com/share/p/16hMKMrwKT/,1,1,12,12,0,0,0,0,0,0,"Proveerse de lo básico se volvió un vía crucis para mucha gente, el encarecimiento de los artículos de la canasta familiar preocupa a cientos de personas y llevar las PROPUESTAS DE SOLUCIÓN A ESTA CRISIS genera esperanza y espectativa en miles, recorrimos  la feria del Mdo. Abasto y mucha GENTE CONFÍA EN LA CAPACIDAD, SOLIDEZ Y EXPERIENCIA DE SAMUEL Y JOSE LUIS LUPO para salir de esta crisis, pongamosle fin este 17 de agosto APOYANDO A SAMUEL DORIA MEDINA #100diascarajo"
ELIANA RINA ACOSTA QUISPE,https://www.facebook.com/eliana.acosta.3150,2025-07-01,,sí,0,0,2025-06-24,post,https://www.facebook.com/share/p/19ZbVfShVV/,1,0,12,10,1,0,0,0,0,1,"FUERZA a esa JUVENTUD CON PROPÓSITO, EN UNIDAD NACIONAL APOSTAMOS POR UDS.JUNTO A SAMUEL Y JOSE LUÍS LUPO, CAMBIAR PANDO SERA POSIBLE, 70 % DE RENOVACIÓN, 30% DE EXPERIENCIA PARA RESOLVER ESTÁ CRISIS, DEVOLVER LOS DÓLARES Y CREAR OPORTUNIDAD PARA TODOS #100diascarajo"
ELIANA RINA ACOSTA QUISPE,https://www.facebook.com/eliana.acosta.3150,2025-07-01,,sí,0,0,2025-06-27,post,https://www.facebook.com/share/p/16mpDfSj7q/,3,2,10,7,3,0,0,0,0,0,"Sólido y con el conocimiento pleno para RESOLVER CRISIS Y GENERAR OPORTUNIDADES AUN EN CONDICIONES ADVERSAS , ESE ES SAMUEL, APOYEMOSLO Y APOYEMOS A QUIENES LO ACOMPAÑAN, HERNAN Y JENNY CANDIDATOS POR LA C-62 #100diascarajo"
ELIANA RINA ACOSTA QUISPE,https://www.facebook.com/eliana.acosta.3150,2025-07-01,,sí,0,0,2025-07-01,post,https://www.facebook.com/share/p/12Lt2TBNDE7/,0,1,5,4,1,0,0,0,0,0,"La ALIANZA SE FORJA CON TODOS , ESCUCHANDO Y DIALOGANDO, HOY NUESTRO CANDIDATO UNINOMINAL POR LA CIRCUNSCRIPCIÓN 62 DE LA ALIANZA UNIDAD , ESPERA TU PARTICIPACIÓN, CONÉCTATE Y CONOCE A LOS NUEVOS Y JÓVENES ACTORES EN LA POLÍTICA #SamuelDoriaMedinaPRESIDENTE"
ELIANA RINA ACOSTA QUISPE,https://www.facebook.com/eliana.acosta.3150,2025-07-08,,sí,0,0,2025-07-01,post,https://www.facebook.com/share/p/15vzxNFhet/,0,1,11,8,1,2,0,0,0,0,"La ALIANZA SE FORJA CON TODOS , ESCUCHANDO Y DIALOGANDO, HOY NUESTRO CANDIDATO UNINOMINAL POR LA CIRCUNSCRIPCIÓN 62 DE LA ALIANZA UNIDAD , ESPERA TU PARTICIPACIÓN, CONÉCTATE Y CONOCE A LOS NUEVOS Y JÓVENES ACTORES EN LA POLÍTICA #SamuelDoriaMedinaPRESIDENTE"
