nombre perfil,url perfil,candidato identificado,creación del perfil,seguidores,seguidos,fecha post,tipo de post,url post,comparticiones,comentarios,reacciones en total,me gusta,me encanta,me divierte,me entristece,me sorprende,me enoja,me importa,contenido
YHISSEL MARISOL DAVALO LANCEA,https://www.facebook.com/nenita.savedra.7,sí,,1470,0,2025-07-21,post,https://www.facebook.com/share/p/1Aqt8P1aPm/,27,13,90,77,10,2,0,0,0,1,"Seguimos recorriendo los barrios de nuestra Circunscripción 48!
Llevamos nuestras propuestas a cada vecino y vecina, escuchando sus necesidades y compartiendo nuestro c… Ver más"
YHISSEL MARISOL DAVALO LANCEA,https://www.facebook.com/nenita.savedra.7,sí,,1470,0,2025-07-22,post,https://www.facebook.com/share/v/1AomKZu1Yw/,34,28,94,76,16,0,0,0,1,1,"Desde muy temprano visitamos el Barrio 24 de Septiembre, de la Circunscripción 48.
Agradecidos con cada vecino y vecina por recibirnos con tanto cariño y escucharnos co… Ver más"
YHISSEL MARISOL DAVALO LANCEA,https://www.facebook.com/nenita.savedra.7,sí,,1470,0,2025-07-23,post,https://www.facebook.com/share/p/1A7unft3R1/,5,10,88,69,18,1,0,0,0,0,"Gracias Barrio 4 de Septiembre Día a día recorremos nuestros barrios más alejados, escuchando con atención las necesidades de cada vecino y vecina. 
Nos llena de orgul… Ver más"
YHISSEL MARISOL DAVALO LANCEA,https://www.facebook.com/nenita.savedra.7,sí,,1470,0,2025-07-23,post,2025-07-23,0,15,82,0,0,0,0,0,0,0,
YHISSEL MARISOL DAVALO LANCEA,https://www.facebook.com/nenita.savedra.7,sí,,1470,0,2025-07-26,post,https://www.facebook.com/share/p/1VqwE1Mpck/,14,4,49,43,6,0,0,0,0,0,"Llevamos nuestras propuestas al ""Mercado Bicentenario"" de nuestra Circunscripción 48. Estamos comprometidos con todos ustedes y contamos con su apoyo para este 17 de ag… Ver más"
YHISSEL MARISOL DAVALO LANCEA,https://www.facebook.com/nenita.savedra.7,sí,,1470,0,2025-07-27,post,2025-07-27,0,0,7,6,1,0,0,0,0,0,BLANCA TUEROS DIPUTADA UNINOMINAL C-49
YHISSEL MARISOL DAVALO LANCEA,https://www.facebook.com/nenita.savedra.7,sí,,1470,0,2025-07-28,post,2025-07-28,12,5,54,40,12,2,0,0,0,0,
YHISSEL MARISOL DAVALO LANCEA,https://www.facebook.com/nenita.savedra.7,sí,,1470,0,2025-07-29,post,https://www.facebook.com/share/p/16hQn5Jydq/,0,0,6,0,0,0,0,0,0,0,
