nombre perfil,url perfil,snapshot_date,creación del perfil,candidato identificado,seguidores,seguidos,fecha post,tipo de post,url post,comparticiones,comentarios,reacciones en total,me gusta,me encanta,me divierte,me entristece,me sorprende,me enoja,me importa,contenido
Nelly Flores,https://www.facebook.com/profile.php?id=100049763891374,2025-06-11,,no,0,0,2025-05-04,post,https://www.facebook.com/share/p/15py5bxp7v/,0,1,0,0,0,0,0,0,0,0,
Nelly Flores,https://www.facebook.com/profile.php?id=100049763891374,2025-06-11,,no,0,0,2025-05-05,post,https://www.facebook.com/permalink.php?story_fbid=pfbid02isY4JV982qPTxs1X2Au6udXY7CQp87HTJ2zRGhTL7Mti8WgR3sPVjs3wAutFZpnKl&id=100049763891374,0,0,0,0,0,0,0,0,0,0,
Nelly Flores,https://www.facebook.com/profile.php?id=100049763891374,2025-06-11,,no,0,0,2025-05-09,post,https://www.facebook.com/permalink.php?story_fbid=pfbid0kAZhkwYTFmdgm8cagbd7VS6LJpoUc4ybFJ4671Go4q9zwzxkrQY7kHgmqTHM2j9nl&id=100049763891374,0,0,0,0,0,0,0,0,0,0,
Nelly Flores,https://www.facebook.com/profile.php?id=100049763891374,2025-06-11,,no,0,0,2025-05-09,post,https://www.facebook.com/share/p/1AYppgpL2h/,0,1,0,0,0,0,0,0,0,0,
Nelly Flores,https://www.facebook.com/profile.php?id=100049763891374,2025-06-11,,no,0,0,2025-05-10,post,https://www.facebook.com/share/p/1SJX8zUXWa/,0,0,0,0,0,0,0,0,0,0,
Nelly Flores,https://www.facebook.com/profile.php?id=100049763891374,2025-06-11,,no,0,0,2025-05-10,post,https://www.facebook.com/share/p/1CKES4sN9N/,0,1,0,0,0,0,0,0,0,0,
Nelly Flores,https://www.facebook.com/profile.php?id=100049763891374,2025-06-11,,no,0,0,2025-05-11,post,https://www.facebook.com/share/p/1ZvVkb7yfj/,0,2,1,0,0,0,0,0,0,0,
Nelly Flores,https://www.facebook.com/profile.php?id=100049763891374,2025-06-11,,no,0,0,2025-05-12,post,https://www.facebook.com/share/p/1AciKXvbzQ/,0,1,0,0,0,0,0,0,0,0,
Nelly Flores,https://www.facebook.com/profile.php?id=100049763891374,2025-06-11,,no,0,0,2025-05-14,post,https://www.facebook.com/share/p/19TWMUcCi1/,0,1,1,0,0,0,0,0,0,0,
Nelly Flores,https://www.facebook.com/profile.php?id=100049763891374,2025-06-11,,no,0,0,2025-05-15,post,https://www.facebook.com/share/p/15QmNoLtmm/,0,1,0,0,0,0,0,0,0,0,
Nelly Flores,https://www.facebook.com/profile.php?id=100049763891374,2025-06-11,,no,0,0,2025-05-16,post,https://www.facebook.com/share/p/1EdpYNMS7U/,0,1,0,0,0,0,0,0,0,0,
Nelly Flores,https://www.facebook.com/profile.php?id=100049763891374,2025-06-11,,no,0,0,2025-05-17,post,https://www.facebook.com/permalink.php?story_fbid=pfbid02AkdWRNsXuKC8sozvtC5aYKGmkDNGi49CAWPxUZ3JXRyYRftPAJetTLZ9rfqUNZ99l&id=100049763891374,0,0,0,0,0,0,0,0,0,0,
Nelly Flores,https://www.facebook.com/profile.php?id=100049763891374,2025-06-11,,no,0,0,2025-05-17,post,https://www.facebook.com/share/p/1RBxtcWinV/,0,0,2,0,0,0,0,0,0,0,Venid a celebrar todas juntas!!!
Nelly Flores,https://www.facebook.com/profile.php?id=100049763891374,2025-06-11,,no,0,0,2025-05-18,post,https://www.facebook.com/permalink.php?story_fbid=pfbid02HBajGFenSnbeQEPUDdGFZWjjBsoDmcdCLGWPcx8q9ys5ooYxF9q263e6X2TTgQP4l&id=100049763891374,0,0,0,0,0,0,0,0,0,0,
Nelly Flores,https://www.facebook.com/profile.php?id=100049763891374,2025-06-11,,no,0,0,2025-05-18,post,https://www.facebook.com/permalink.php?story_fbid=pfbid0hGAPURjyhv4zP3BLeQeMuCMARkUsw4LuRoqbrAHPQxUiX5Ecfq4xSfA61QLg7Fhnl&id=100049763891374,0,0,0,0,0,0,0,0,0,0,
Nelly Flores,https://www.facebook.com/profile.php?id=100049763891374,2025-06-11,,no,0,0,2025-05-18,post,https://www.facebook.com/share/p/16VNLtJL9A/,0,1,1,0,0,0,0,0,0,0,
Nelly Flores,https://www.facebook.com/profile.php?id=100049763891374,2025-06-11,,no,0,0,2025-05-18,post,https://www.facebook.com/permalink.php?story_fbid=pfbid0bJWgtz1HRGaESc18L1gkaeTXHmfkGDdqPyRBx6fFDCxJsHc7emYpxQBrj5JC3Wwjl&id=100049763891374,0,0,0,0,0,0,0,0,0,0,
Nelly Flores,https://www.facebook.com/profile.php?id=100049763891374,2025-06-11,,no,0,0,2025-05-19,post,https://www.facebook.com/share/p/1HpNXea5Ma/,0,1,3,0,0,0,0,0,0,0,
Nelly Flores,https://www.facebook.com/profile.php?id=100049763891374,2025-06-11,,no,0,0,2025-05-20,post,https://www.facebook.com/share/p/1ATzNtxAw9/,0,1,3,0,0,0,0,0,0,0,
Nelly Flores,https://www.facebook.com/profile.php?id=100049763891374,2025-06-11,,no,0,0,2025-05-21,post,https://www.facebook.com/share/p/1AUxkNbZFr/,0,1,3,0,0,0,0,0,0,0,
Nelly Flores,https://www.facebook.com/profile.php?id=100049763891374,2025-06-11,,no,0,0,2025-05-25,post,https://www.facebook.com/share/p/172eXR1Szx/,0,0,2,0,0,0,0,0,0,0,
Nelly Flores,https://www.facebook.com/profile.php?id=100049763891374,2025-06-11,,no,0,0,2025-05-25,post,https://www.facebook.com/permalink.php?story_fbid=pfbid0LJYZUXnc2RNNLb9DUd7ty7AyVBp8tqnKpQRGtX8bYhPZvPUFYeqm1d1bKaJycYEEl&id=100049763891374,1,0,2,0,0,0,0,0,0,0,
Nelly Flores,https://www.facebook.com/profile.php?id=100049763891374,2025-06-02,,no,0,0,2025-05-26,post,https://www.facebook.com/permalink.php?story_fbid=pfbid02ktVg4inYExQU7cEcco3tuQahCGxumAPQok4dsUeq9XP7ezW2WvXwy8kMiYN3NxyEl&id=100049763891374,0,0,,0,0,0,0,0,0,0,
Nelly Flores,https://www.facebook.com/profile.php?id=100049763891374,2025-06-11,,no,0,0,2025-05-26,post,https://www.facebook.com/permalink.php?story_fbid=pfbid026VVDhWGTAW5qHYYYZDEzRHV2qUEmAdfm1YFnK5eu3f4kpApqujHrhwyBscBQ5QUBl&id=100049763891374,0,0,0,0,0,0,0,0,0,0,
Nelly Flores,https://www.facebook.com/profile.php?id=100049763891374,2025-06-11,,no,0,0,2025-05-26,post,https://www.facebook.com/permalink.php?story_fbid=pfbid0h8BzXdeRwBnTNEeBH2EnCcCJD64yJJvtwZcuBQKwDVRYavkEjrT5KYsWtCu47MzEl&id=100049763891374,0,0,0,0,0,0,0,0,0,0,
Nelly Flores,https://www.facebook.com/profile.php?id=100049763891374,2025-06-02,,no,0,0,2025-05-26,post,https://www.facebook.com/permalink.php?story_fbid=pfbid02ri18krNmX7tBSk5x54c3MTGrAh5X2c8DdPgCkt2AVykUnCGbubEfELAiNRkmStkl&id=100049763891374,0,0,,0,0,0,0,0,0,0,
Nelly Flores,https://www.facebook.com/profile.php?id=100049763891374,2025-06-02,,no,0,0,2025-05-31,post,https://www.facebook.com/permalink.php?story_fbid=pfbid02dxpY7JsThSjiL3jfcN7pAGtd2yRjaMYiU5BLTpoiaDGf1trv8zL4feVoPZqH7gBCl&id=100049763891374,0,0,,0,0,0,0,0,0,0,
Nelly Flores,https://www.facebook.com/profile.php?id=100049763891374,2025-06-11,,no,0,0,2025-05-31,post,https://www.facebook.com/permalink.php?story_fbid=pfbid0agUP8sJZDUVJUp13PMwMEAfo5h6dPCyeJ1HgBYYdQqpLReBYVD1a7YGXouePGtTDl&id=100049763891374,0,0,0,0,0,0,0,0,0,0,
Nelly Flores,https://www.facebook.com/profile.php?id=100049763891374,2025-06-02,,no,0,0,2025-05-31,post,https://www.facebook.com/permalink.php?story_fbid=pfbid036VUtShLBVk15C2iaFGrVTsuMuQTiBEXRhK9XGcJREnvvGZ3kEww2hYJAiYYSQQ7tl&id=100049763891374,0,0,,0,0,0,0,0,0,0,
Nelly Flores,https://www.facebook.com/profile.php?id=100049763891374,2025-06-11,,no,0,0,2025-06-03,post,https://www.facebook.com/permalink.php?story_fbid=pfbid0azPDMLihJwz9vhSa1zR4jtHnWA8ugnH4ixXbVymi2FsY1xxurMTN8He6cfh88ePDl&id=100049763891374,0,0,0,0,0,0,0,0,0,0,
Nelly Flores,https://www.facebook.com/profile.php?id=100049763891374,2025-06-11,,no,0,0,2025-06-04,post,https://www.facebook.com/permalink.php?story_fbid=pfbid02h34E4tGrsTRGHzX8p7z1xp5dNxqpbe4bpxAE2LJrVxGbPFYonX6M51b9GqnidZdTl&id=100049763891374,0,0,0,0,0,0,0,0,0,0,
Nelly Flores,https://www.facebook.com/profile.php?id=100049763891374,2025-06-11,,no,0,0,2025-06-08,post,https://www.facebook.com/permalink.php?story_fbid=pfbid0BhEfHw91XAc36YhzhJVuEwKCVaNZqD8mG7zw1eyCcabcmq5qydy1niwq7TXsQiaVl&id=100049763891374,0,0,0,0,0,0,0,0,0,0,
