nombre perfil,url perfil,snapshot_date,creación del perfil,candidato identificado,seguidores,seguidos,fecha post,tipo de post,url post,comparticiones,comentarios,reacciones en total,me gusta,me encanta,me divierte,me entristece,me sorprende,me enoja,me importa,contenido
SILVIA MOLLER CHOQUE,https://www.facebook.com/silvia.mollerchoque,2025-06-05,,sí,0,0,2025-04-10,reel,/reel/2447581825576682/?s=single_unit&__cft__[0]=AZWNM_8BmxwvjgcIu5q9BzXYlPsFpuT7o9Cz9j2gegmKvghrEgM0JpuyRuJ7sIyMv-R1kw6tRX24TNSuit2NVh_B4WBFOcre0xZS_QK2SCW0pmvPWEw62ZBIQtPq6XQkim4hdHrQF-i0eGu2k74qPFPuAdYBouQNazBRxj97c8qAK11oEvUYISw2T_LfytzojhE&__tn__=H-R,0,0,0,0,0,0,0,0,0,0,Looks elegantes con pantalones
SILVIA MOLLER CHOQUE,https://www.facebook.com/silvia.mollerchoque,2025-06-05,,sí,0,0,2025-05-30,reel,/reel/1736818367211715/?s=single_unit&__cft__[0]=AZW8rQDKkZZfez89EUBWlfsTpv8YB_XWxGlXmQCQubciIHC_5BXLmwd4ZN_ITIc5GgqHk_0t-flIJmZgAtIxrTUURK0WLzbt-4ZpE0Z_tmhEJFRbnJr5K_nIPqN8Fbct07kObF3bB5XCzJ6aAEc52HR-lpY_b5EoVqESqyvTQH4qRm-dTYWQ2iLGPjmC4K6mLiU&__tn__=H-R,0,0,0,0,0,0,0,0,0,0,Jajajajajajjaja CUANTITO SIEMPRE PAGAN PARA HACER ESE SHOW???👊🏽👊🏽
SILVIA MOLLER CHOQUE,https://www.facebook.com/silvia.mollerchoque,2025-06-05,,sí,0,0,2025-05-30,reel,/reel/1736818367211715/?s=single_unit&__cft__[0]=AZXw3UkrjP-MpmZZTde6wk7AJSUJ1FmO1-VQRXIa-Uq3BlTbNb4DEz1hWxc17es_pEV0qe2T4bISLBVo_Z1duHdnJtu8jCnsMAtm7VGK132r7bApmXXx4Qo3-KNMeQdP5zD9OXM_bNve68mfvs1qp4fphH56kv8emnM06QsqWZ80C6otGSH-lqKQgC3fUKiidH0&__tn__=H-R,0,0,0,0,0,0,0,0,0,0,Jajajajajajjaja CUANTITO SIEMPRE PAGAN PARA HACER ESE SHOW???👊🏽👊🏽
SILVIA MOLLER CHOQUE,https://www.facebook.com/silvia.mollerchoque,2025-06-05,,sí,0,0,2025-06-02,post,https://www.facebook.com/share/p/1GiXH5TQpo/,0,0,0,0,0,0,0,0,0,0,
SILVIA MOLLER CHOQUE,https://www.facebook.com/silvia.mollerchoque,2025-06-05,,sí,0,0,2025-06-02,post,https://www.facebook.com/share/p/1D8Ng5Ju3j/,0,0,0,0,0,0,0,0,0,0,
SILVIA MOLLER CHOQUE,https://www.facebook.com/silvia.mollerchoque,2025-06-05,,sí,0,0,2025-06-02,post,https://www.facebook.com/share/p/1Nw41e2QKS/,0,0,0,0,0,0,0,0,0,0,
SILVIA MOLLER CHOQUE,https://www.facebook.com/silvia.mollerchoque,2025-06-05,,sí,0,0,2025-06-02,post,https://www.facebook.com/share/p/16U7Z5NrUS/,0,0,0,0,0,0,0,0,0,0,
SILVIA MOLLER CHOQUE,https://www.facebook.com/silvia.mollerchoque,2025-06-03,,sí,0,0,2025-06-02,post,https://www.facebook.com/silvia.mollerchoque/posts/pfbid0SnzEDYKdt1eawfeNXzc3XUA8EoRerrgd6xK7QPg7LPP2zJ3E479XF7dm4bFdT1sQl,0,0,0,0,0,0,0,0,0,0,
SILVIA MOLLER CHOQUE,https://www.facebook.com/silvia.mollerchoque,2025-06-03,,sí,0,0,2025-06-02,post,https://www.facebook.com/share/p/19c4PDeRwJ/,0,0,0,0,0,0,0,0,0,0,
SILVIA MOLLER CHOQUE,https://www.facebook.com/silvia.mollerchoque,2025-06-03,,sí,0,0,2025-06-02,post,https://www.facebook.com/share/p/1EUNmAF5co/,0,0,0,0,0,0,0,0,0,0,
SILVIA MOLLER CHOQUE,https://www.facebook.com/silvia.mollerchoque,2025-06-03,,sí,0,0,2025-06-02,post,https://www.facebook.com/share/p/18nhznK9vX/,0,0,0,0,0,0,0,0,0,0,
SILVIA MOLLER CHOQUE,https://www.facebook.com/silvia.mollerchoque,2025-06-05,,sí,0,0,2025-06-02,post,https://www.facebook.com/share/p/16RVXEbR9T/,0,0,0,0,0,0,0,0,0,0,
SILVIA MOLLER CHOQUE,https://www.facebook.com/silvia.mollerchoque,2025-06-05,,sí,0,0,2025-06-02,post,https://www.facebook.com/share/p/1ESArm81BL/,0,0,0,0,0,0,0,0,0,0,
SILVIA MOLLER CHOQUE,https://www.facebook.com/silvia.mollerchoque,2025-06-05,,sí,0,0,2025-06-02,post,https://www.facebook.com/share/p/1EoKebJfER/,0,0,0,0,0,0,0,0,0,0,
SILVIA MOLLER CHOQUE,https://www.facebook.com/silvia.mollerchoque,2025-06-05,,sí,0,0,2025-06-02,post,https://www.facebook.com/share/p/1DEtYtku1i/,0,0,0,0,0,0,0,0,0,0,
SILVIA MOLLER CHOQUE,https://www.facebook.com/silvia.mollerchoque,2025-06-05,,sí,0,0,2025-06-02,post,https://www.facebook.com/share/p/1CFUmmfi7c/,0,0,0,0,0,0,0,0,0,0,
SILVIA MOLLER CHOQUE,https://www.facebook.com/silvia.mollerchoque,2025-06-05,,sí,0,0,2025-06-03,reel,/reel/1011964344352792/?s=single_unit&__cft__[0]=AZXCVTOE0FGBbv72JB2WjeyAHOPNLAlnNocVZPra-s6fwGuY6hMQoZdTlzyAL0a_8PnjsXJdr9r7fRv0bRecgKju5WwP5HeLt7hMVAZLJm9N1kVlHMUk9TyJQaRZBglP4bwgxTxuwZyqYe6DG3s3yFg1CJqci5XeoXxTiGmnJyVcaTmOcU-p34acS3hdqPJ4DCg&__tn__=H-R,0,0,0,0,0,0,0,0,0,0,"Hay Esperanza Tuto está en acción, debemos recuperarnos de forma Urgente!. 🇧🇴 #EsConTUTOyJP"
SILVIA MOLLER CHOQUE,https://www.facebook.com/silvia.mollerchoque,2025-06-05,,sí,0,0,2025-06-03,post,https://www.facebook.com/share/p/1Aj6kcuYJr/,0,0,0,0,0,0,0,0,0,0,
SILVIA MOLLER CHOQUE,https://www.facebook.com/silvia.mollerchoque,2025-06-05,,sí,0,0,2025-06-03,post,https://www.facebook.com/share/p/19xoGhskR5/,0,0,0,0,0,0,0,0,0,0,
SILVIA MOLLER CHOQUE,https://www.facebook.com/silvia.mollerchoque,2025-06-05,,sí,0,0,2025-06-03,post,https://www.facebook.com/share/p/19LRhj5EKG/,0,0,0,0,0,0,0,0,0,0,
SILVIA MOLLER CHOQUE,https://www.facebook.com/silvia.mollerchoque,2025-06-05,,sí,0,0,2025-06-03,post,https://www.facebook.com/share/p/1Bq71gATXC/,0,0,0,0,0,0,0,0,0,0,
SILVIA MOLLER CHOQUE,https://www.facebook.com/silvia.mollerchoque,2025-06-05,,sí,0,0,2025-06-03,post,https://www.facebook.com/share/p/1CPgkvpMA4/,0,0,1,1,0,0,0,0,0,0,
SILVIA MOLLER CHOQUE,https://www.facebook.com/silvia.mollerchoque,2025-06-05,,sí,0,0,2025-06-03,post,https://www.facebook.com/share/p/1BgES78pUj/,0,0,0,0,0,0,0,0,0,0,
SILVIA MOLLER CHOQUE,https://www.facebook.com/silvia.mollerchoque,2025-06-05,,sí,0,0,2025-06-03,post,https://www.facebook.com/share/p/1ALsLp2YnY/,0,0,0,0,0,0,0,0,0,0,
SILVIA MOLLER CHOQUE,https://www.facebook.com/silvia.mollerchoque,2025-06-05,,sí,0,0,2025-06-03,post,https://www.facebook.com/share/p/194tki9Cqc/,0,1,6,4,1,0,0,0,0,1,
SILVIA MOLLER CHOQUE,https://www.facebook.com/silvia.mollerchoque,2025-06-05,,sí,0,0,2025-06-03,post,https://www.facebook.com/share/p/1NRJg2qXng/,0,0,3,3,0,0,0,0,0,0,
SILVIA MOLLER CHOQUE,https://www.facebook.com/silvia.mollerchoque,2025-06-05,,sí,0,0,2025-06-03,post,https://www.facebook.com/share/p/168UioL119/,0,0,3,3,0,0,0,0,0,0,
SILVIA MOLLER CHOQUE,https://www.facebook.com/silvia.mollerchoque,2025-06-05,,sí,0,0,2025-06-03,post,https://www.facebook.com/share/v/16RhF2aykQ/,2,5,12,10,1,0,0,0,0,1,
SILVIA MOLLER CHOQUE,https://www.facebook.com/silvia.mollerchoque,2025-06-05,,sí,0,0,2025-06-03,post,https://www.facebook.com/share/v/15SAi9CtgR/,2,3,18,16,0,1,0,0,0,1,
SILVIA MOLLER CHOQUE,https://www.facebook.com/silvia.mollerchoque,2025-06-03,,sí,0,0,2025-06-03,post,https://www.facebook.com/share/v/1AeBFbQTXA/,0,1,6,6,0,0,0,0,0,0,
SILVIA MOLLER CHOQUE,https://www.facebook.com/silvia.mollerchoque,2025-06-03,,sí,0,0,2025-06-03,post,https://www.facebook.com/share/p/1XGz2v23ms/,0,1,10,8,1,1,0,0,0,0,
SILVIA MOLLER CHOQUE,https://www.facebook.com/silvia.mollerchoque,2025-06-05,,sí,0,0,2025-06-03,reel,/reel/1259381432268647/?s=single_unit&__cft__[0]=AZWEPC_dyqu6eiM9yZqYt7QFpZ_tu--xF7AK8vbZxJ8II5dFDOE3J3H7OQebTD0z9V6gM5U-MlB7Ua9jvzYS-GUfwUbDPDRZLNAiqu9qvZ-_kauFzVRnpB7HYxtJbQqFAEUPTa4ntpWxI52w6cL-VRqtzFMGFLO9j2cBOXsy0V2N_lRkZ9kksmeMcNaHNaoIRH8&__tn__=H-R,0,0,0,0,0,0,0,0,0,0,"Te aaamo, soy un idiota, te perdio pero te amo🥹❤
#LaCasaNuncaPierde #romanticStyle #IbisaProducciones"
SILVIA MOLLER CHOQUE,https://www.facebook.com/silvia.mollerchoque,2025-06-05,,sí,0,0,2025-06-04,reel,/reel/1627559537944782/?s=single_unit&__cft__[0]=AZXqZT5jkWgFyDAnaBv8BL6MSLPrbJhdOFGvu3_G1pjiaF-sW4W7GgLbJY5or5tfoNM9TGE_E-26XTLBJXTVdep6CfDCcXReTM0zzXFcyDN0VYDtFxViU4cYL0IRvTSWcAqS9qsjaibQ3tFVuC1UQNdfdiozh-pP0QCFnHsfhxC2GzZ4Q5D6-PRk3oLSOAVeIiE&__tn__=H-R,0,0,0,0,0,0,0,0,0,0,"#EsConTUTOyJP 🇧🇴✨️, parte 15"
SILVIA MOLLER CHOQUE,https://www.facebook.com/silvia.mollerchoque,2025-06-05,,sí,0,0,2025-06-04,post,https://www.facebook.com/share/p/1EkZghQ9QH/,1,0,2,2,0,0,0,0,0,0,
SILVIA MOLLER CHOQUE,https://www.facebook.com/silvia.mollerchoque,2025-06-05,,sí,0,0,2025-06-05,post,https://www.facebook.com/share/p/1BfoCF5ZYw/,0,0,0,0,0,0,0,0,0,0,
SILVIA MOLLER CHOQUE,https://www.facebook.com/silvia.mollerchoque,2025-06-05,,sí,0,0,2025-06-05,post,https://www.facebook.com/share/p/1ZwoBt6xbs/,0,0,0,0,0,0,0,0,0,0,
SILVIA MOLLER CHOQUE,https://www.facebook.com/silvia.mollerchoque,2025-06-05,,sí,0,0,2025-06-05,post,https://www.facebook.com/share/p/15WUGhSW7a/,0,0,0,0,0,0,0,0,0,0,
SILVIA MOLLER CHOQUE,https://www.facebook.com/silvia.mollerchoque,2025-06-05,,sí,0,0,2025-06-05,post,https://www.facebook.com/share/p/1AVmwPH5c4/,0,0,0,0,0,0,0,0,0,0,
SILVIA MOLLER CHOQUE,https://www.facebook.com/silvia.mollerchoque,2025-06-05,,sí,0,0,2025-06-05,post,https://www.facebook.com/share/p/15dqSbEQ4d/,0,0,0,0,0,0,0,0,0,0,
SILVIA MOLLER CHOQUE,https://www.facebook.com/silvia.mollerchoque,2025-06-05,,sí,0,0,2025-06-05,post,https://www.facebook.com/share/p/1CSU6eakeh/,0,0,0,0,0,0,0,0,0,0,
SILVIA MOLLER CHOQUE,https://www.facebook.com/silvia.mollerchoque,2025-06-10,,sí,0,0,2025-06-07,post,https://www.facebook.com/share/p/1BZ8WSwKjJ/,0,0,1,0,0,0,0,0,0,0,
SILVIA MOLLER CHOQUE,https://www.facebook.com/silvia.mollerchoque,2025-06-10,,sí,0,0,2025-06-07,post,https://www.facebook.com/share/p/16bbBHv86v/,0,0,0,0,0,0,0,0,0,0,
SILVIA MOLLER CHOQUE,https://www.facebook.com/silvia.mollerchoque,2025-06-10,,sí,0,0,2025-06-07,post,https://www.facebook.com/share/p/17ppGurvW7/,0,0,1,0,0,0,0,0,0,0,
SILVIA MOLLER CHOQUE,https://www.facebook.com/silvia.mollerchoque,2025-06-10,,sí,0,0,2025-06-07,post,https://www.facebook.com/share/p/1Co1FV3zSy/,0,0,4,0,0,0,0,0,0,0,
SILVIA MOLLER CHOQUE,https://www.facebook.com/silvia.mollerchoque,2025-06-10,,sí,0,0,2025-06-08,post,https://www.facebook.com/share/p/18yLeMiZKd/,0,0,0,0,0,0,0,0,0,0,
SILVIA MOLLER CHOQUE,https://www.facebook.com/silvia.mollerchoque,2025-06-10,,sí,0,0,2025-06-08,post,https://www.facebook.com/share/p/16Qn74oAS2/,0,0,0,0,0,0,0,0,0,0,
SILVIA MOLLER CHOQUE,https://www.facebook.com/silvia.mollerchoque,2025-06-10,,sí,0,0,2025-06-08,post,https://www.facebook.com/share/p/16mcs9fueG/,0,0,0,0,0,0,0,0,0,0,
SILVIA MOLLER CHOQUE,https://www.facebook.com/silvia.mollerchoque,2025-06-10,,sí,0,0,2025-06-08,post,https://www.facebook.com/share/p/1C9zmeBY1Q/,0,0,0,0,0,0,0,0,0,0,
SILVIA MOLLER CHOQUE,https://www.facebook.com/silvia.mollerchoque,2025-06-10,,sí,0,0,2025-06-08,post,https://www.facebook.com/share/p/1PU4BUcfec/,0,0,0,0,0,0,0,0,0,0,
SILVIA MOLLER CHOQUE,https://www.facebook.com/silvia.mollerchoque,2025-06-10,,sí,0,0,2025-06-08,post,https://www.facebook.com/share/p/19VgLdVtC5/,0,0,0,0,0,0,0,0,0,0,
SILVIA MOLLER CHOQUE,https://www.facebook.com/silvia.mollerchoque,2025-06-10,,sí,0,0,2025-06-08,post,https://www.facebook.com/share/p/16GyTJGs5S/,0,0,3,0,0,0,0,0,0,0,
SILVIA MOLLER CHOQUE,https://www.facebook.com/silvia.mollerchoque,2025-06-10,,sí,0,0,2025-06-08,post,https://www.facebook.com/share/p/1BUCBixP7H/,0,0,4,0,0,0,0,0,0,0,
SILVIA MOLLER CHOQUE,https://www.facebook.com/silvia.mollerchoque,2025-06-10,,sí,0,0,2025-06-08,post,https://www.facebook.com/share/p/1Gm2kNHXQg/,0,0,0,0,0,0,0,0,0,0,
SILVIA MOLLER CHOQUE,https://www.facebook.com/silvia.mollerchoque,2025-06-10,,sí,0,0,2025-06-08,post,https://www.facebook.com/share/p/12MGsiNjPP8/,0,1,1,0,0,0,0,0,0,0,
SILVIA MOLLER CHOQUE,https://www.facebook.com/silvia.mollerchoque,2025-06-23,,sí,0,0,2025-06-19,post,https://www.facebook.com/share/p/16hcWZ1H8f/,0,0,0,0,0,0,0,0,0,0,
SILVIA MOLLER CHOQUE,https://www.facebook.com/silvia.mollerchoque,2025-06-23,,sí,0,0,2025-06-19,post,https://www.facebook.com/share/p/1EnaX6tSoL/,0,0,0,0,0,0,0,0,0,0,
SILVIA MOLLER CHOQUE,https://www.facebook.com/silvia.mollerchoque,2025-06-23,,sí,0,0,2025-06-19,reel,/reel/704026112519794/?s=single_unit&__cft__[0]=AZUOpKs_mUScHfhNvWKwUDc0KTkeZL_PRlxz1ydc67RWuZ0-H95-8w5nzLTDX5-_yo2uPOiifxdmc2VPdB4fwfxlBDNsFRrnJ-NQP7SZYbkY7JKIXuNgnO7SimJyVFJC4X2a86VPoH9qCAqkjuUI_nGgWNSWneiuWToom2CRaxki-Fpt51qDoDrmtni9u_eDJTM&__tn__=H-R,0,0,0,0,0,0,0,0,0,0,"Desde el majestuoso Salar de Uyuni hasta la selva amazónica, desde el lago Titicaca hasta las misiones jesuíticas, Bolivia tiene una diversidad turíst… Ver más"
SILVIA MOLLER CHOQUE,https://www.facebook.com/silvia.mollerchoque,2025-06-23,,sí,0,0,2025-06-19,post,https://www.facebook.com/share/p/18zaGofseF/,2,0,3,3,0,0,0,0,0,0,
SILVIA MOLLER CHOQUE,https://www.facebook.com/silvia.mollerchoque,2025-06-23,,sí,0,0,2025-06-19,post,https://www.facebook.com/share/p/1Yd5ST5DmN/,1,0,3,3,0,0,0,0,0,0,
SILVIA MOLLER CHOQUE,https://www.facebook.com/silvia.mollerchoque,2025-06-23,,sí,0,0,2025-06-19,post,https://www.facebook.com/share/p/1DjCoGNqqu/,0,0,2,2,0,0,0,0,0,0,
SILVIA MOLLER CHOQUE,https://www.facebook.com/silvia.mollerchoque,2025-06-23,,sí,0,0,2025-06-19,post,https://www.facebook.com/share/p/15ZzwNyYKa/,1,0,1,1,0,0,0,0,0,0,
SILVIA MOLLER CHOQUE,https://www.facebook.com/silvia.mollerchoque,2025-06-23,,sí,0,0,2025-06-19,post,https://www.facebook.com/share/p/16oThNtd5F/,0,0,0,0,0,0,0,0,0,0,
SILVIA MOLLER CHOQUE,https://www.facebook.com/silvia.mollerchoque,2025-06-23,,sí,0,0,2025-06-19,reel,/reel/689266417551251/?s=single_unit&__cft__[0]=AZX7JEF1Jspt99mZXxADI4t7ONGWQBUc6x3Uq8BtzTU3VPpfGkEDA_o7KApwBlhJqJmWtRGZt-Zc_2ixMX6HKei3EjguHJX_z4BC7mHw1gGFiU9ONzZQKSztWeFsDMkp88m-305gacqjaGgzaWIR0CV-DD9RHfQjUUmis2mtVA5mxf19_MEkm7Hq4dwZYNhAvXc&__tn__=H-R,0,0,0,0,0,0,0,0,0,0,Tuto Quiroga 1er lugar de intención de voto en #Oruro #Bolivia #tutoPresidente
SILVIA MOLLER CHOQUE,https://www.facebook.com/silvia.mollerchoque,2025-06-23,,sí,0,0,2025-06-19,reel,/reel/689266417551251/?s=single_unit&__cft__[0]=AZV88S0JfuPlUpiT2Oaf8sxd0ACCuDYTmiY7uWfSf1S808zceS2JBej9mJRntqNXBKLQqcu7PVup-YFCAn5dkktBdEk7T54arxpMDARUbEq2-eW3QITDt7C_HW7cuIiSje-LZJGtmuU3V0blMG-SYqSr8k3Qcc_5kX7Uam_hyPSTplg2rePF15bmllXhmUCKPcc&__tn__=H-R,0,0,0,0,0,0,0,0,0,0,Tuto Quiroga 1er lugar de intención de voto en #Oruro #Bolivia #tutoPresidente
SILVIA MOLLER CHOQUE,https://www.facebook.com/silvia.mollerchoque,2025-06-23,,sí,0,0,2025-06-19,post,https://www.facebook.com/share/p/15meuH7qaH/,0,0,0,0,0,0,0,0,0,0,
SILVIA MOLLER CHOQUE,https://www.facebook.com/silvia.mollerchoque,2025-06-23,,sí,0,0,2025-06-19,post,https://www.facebook.com/share/p/16DaLxfqgG/,0,0,0,0,0,0,0,0,0,0,"#juventudorurocontutopresidente
#tutoconsilviac-30DIPUTADO   UNINOMINAL
#esconjorgetutoquiroga
#tutoconoruro
#EsConTuto… Ver más"
SILVIA MOLLER CHOQUE,https://www.facebook.com/silvia.mollerchoque,2025-06-23,,sí,0,0,2025-06-19,post,https://www.facebook.com/share/p/1CLs4Hr6wg/,1,0,2,1,0,0,0,0,0,1,
SILVIA MOLLER CHOQUE,https://www.facebook.com/silvia.mollerchoque,2025-06-23,,sí,0,0,2025-06-19,post,https://www.facebook.com/share/p/1JdDw1zndR/,0,0,0,0,0,0,0,0,0,0,
SILVIA MOLLER CHOQUE,https://www.facebook.com/silvia.mollerchoque,2025-06-23,,sí,0,0,2025-06-19,post,https://www.facebook.com/share/p/1PnYs3H22a/,0,0,0,0,0,0,0,0,0,0,
SILVIA MOLLER CHOQUE,https://www.facebook.com/silvia.mollerchoque,2025-06-23,,sí,0,0,2025-06-19,post,https://www.facebook.com/silvia.mollerchoque/posts/pfbid02Bsj46hHioj3tPhJDkCgzsGsUSy9JFMCniQrFENDAow9SSPS84HSd6QWFF7BwHLDtl,0,0,0,0,0,0,0,0,0,0,
SILVIA MOLLER CHOQUE,https://www.facebook.com/silvia.mollerchoque,2025-06-23,,sí,0,0,2025-06-19,post,https://www.facebook.com/share/p/18C2MXcrAv/,0,1,2,2,0,0,0,0,0,0,
SILVIA MOLLER CHOQUE,https://www.facebook.com/silvia.mollerchoque,2025-06-23,,sí,0,0,2025-06-19,post,https://www.facebook.com/share/p/1BxMbWGtuv/,0,0,0,0,0,0,0,0,0,0,
SILVIA MOLLER CHOQUE,https://www.facebook.com/silvia.mollerchoque,2025-06-23,,sí,0,0,2025-06-19,post,https://www.facebook.com/share/p/1MkwRQTsu8/,0,1,3,2,1,0,0,0,0,0,
SILVIA MOLLER CHOQUE,https://www.facebook.com/silvia.mollerchoque,2025-07-01,,sí,0,0,2025-06-26,reel,/reel/616403248153378/?s=single_unit&__cft__[0]=AZWiT2WvvfQP4XVG-0PLubAnyWa_njtuhKTDzKN7De3C4NtdgjZViuN2Nj3gggoqTkPWzkwcInCslcD8XWIF9DeoylkP-PxcynziCjIpuX5pNRrkrs9BotU9yhac2OvJjCMLes-PRvh25nURq4Vxrv0N1-Zr9MLPWns9i3M9K9CGsOKudlVBlmgb2NRVR8qgqUk&__tn__=H-R,0,0,0,0,0,0,0,0,0,0,"Dicen que Bolivia se apaga. Pero hay una generación que resiste.
Vamos a encender el país, porque todavía estamos a tiempo.
… Ver más"
SILVIA MOLLER CHOQUE,https://www.facebook.com/silvia.mollerchoque,2025-07-01,,sí,0,0,2025-06-30,reel,/reel/1552519289055091/?s=single_unit&__cft__[0]=AZUtHK2YuKf81U3aE5AN1fTAX10wK0wTB4nOO07NdP52YdXmYlTEx9f2vxMFFmIAVMOePRl4Y9E5BF7vuy62vehg2zk6BEwWQ7Mf1F3I93G0fjFxfCksQWeZgbJ1aYnQ0cZSeiz9YM8nCZXaROqaaH6t5m-O793reTtBdzFE4AeWIfhBGJrevyBUQLangFKQqwg&__tn__=H-R,0,0,0,0,0,0,0,0,0,0,"🌟 ¡FALTAN SOLO 4 DÍAS! 🌟
Oruro recibirá la visita de Tuto Quiroga y JP.
¡Una jornada histórica de unidad, esperanza y compromiso por el cambio que Bol… Ver más"
SILVIA MOLLER CHOQUE,https://www.facebook.com/silvia.mollerchoque,2025-07-01,,sí,0,0,2025-07-01,post,https://www.facebook.com/share/p/19UTufwdiR/,1,0,5,5,0,0,0,0,0,0,
SILVIA MOLLER CHOQUE,https://www.facebook.com/silvia.mollerchoque,2025-07-01,,sí,0,0,2025-07-01,post,https://www.facebook.com/share/p/1ZDEqZWxZg/,0,0,1,1,0,0,0,0,0,0,
SILVIA MOLLER CHOQUE,https://www.facebook.com/silvia.mollerchoque,2025-07-01,,sí,0,0,2025-07-01,post,https://www.facebook.com/share/p/19PTCVpMz5/,0,0,1,1,0,0,0,0,0,0,
SILVIA MOLLER CHOQUE,https://www.facebook.com/silvia.mollerchoque,2025-07-08,,sí,0,0,2025-07-06,post,https://www.facebook.com/share/p/1YW4YDLDbD/,0,0,3,3,0,0,0,0,0,0,
SILVIA MOLLER CHOQUE,https://www.facebook.com/silvia.mollerchoque,2025-07-08,,sí,0,0,2025-07-06,post,https://www.facebook.com/share/p/16ckDtDGsA/,0,0,0,0,0,0,0,0,0,0,
SILVIA MOLLER CHOQUE,https://www.facebook.com/silvia.mollerchoque,2025-07-08,,sí,0,0,2025-07-06,post,https://www.facebook.com/share/p/1AggyPVzAc/,0,0,6,6,0,0,0,0,0,0,"#JPVP
#JPV
#juventudorurocontutopresidente
#EsConTuto
#C30 DIPUTADO   UNINOMINAL SILVIA MOLLER CH."
SILVIA MOLLER CHOQUE,https://www.facebook.com/silvia.mollerchoque,2025-07-08,,sí,0,0,2025-07-06,post,https://www.facebook.com/share/p/1Ef3XtsEkw/,0,0,2,2,0,0,0,0,0,0,"#JPVP
#JPV
#EsConTuto
#C30 SILVIA MOLLER DIPUTADO
#TutoyJPVelascoySilvia-C30"
SILVIA MOLLER CHOQUE,https://www.facebook.com/silvia.mollerchoque,2025-07-08,,sí,0,0,2025-07-06,post,https://www.facebook.com/share/p/14DYcdETJhv/,0,0,2,2,0,0,0,0,0,0,
SILVIA MOLLER CHOQUE,https://www.facebook.com/silvia.mollerchoque,2025-07-08,,sí,0,0,2025-07-06,post,https://www.facebook.com/share/p/19M2RTVqrK/,0,0,0,0,0,0,0,0,0,0,
SILVIA MOLLER CHOQUE,https://www.facebook.com/silvia.mollerchoque,2025-07-08,,sí,0,0,2025-07-06,post,https://www.facebook.com/share/p/16b8CQ1WxF/,0,1,1,1,0,0,0,0,0,0,
SILVIA MOLLER CHOQUE,https://www.facebook.com/silvia.mollerchoque,2025-07-08,,sí,0,0,2025-07-06,post,https://www.facebook.com/share/p/16jSQHPDnZ/,0,0,2,2,0,0,0,0,0,0,
SILVIA MOLLER CHOQUE,https://www.facebook.com/silvia.mollerchoque,2025-07-08,,sí,0,0,2025-07-06,post,https://www.facebook.com/share/p/12BgTBTf3dV/,0,0,0,0,0,0,0,0,0,0,
SILVIA MOLLER CHOQUE,https://www.facebook.com/silvia.mollerchoque,2025-07-08,,sí,0,0,2025-07-06,post,https://www.facebook.com/share/p/15xA3BYf6s/,0,0,0,0,0,0,0,0,0,0,
SILVIA MOLLER CHOQUE,https://www.facebook.com/silvia.mollerchoque,2025-07-08,,sí,0,0,2025-07-07,post,https://www.facebook.com/share/p/16Rkb1ivXr/,0,0,1,1,0,0,0,0,0,0,
SILVIA MOLLER CHOQUE,https://www.facebook.com/silvia.mollerchoque,2025-07-08,,sí,0,0,2025-07-07,post,https://www.facebook.com/share/p/16mb8WmNyT/,0,0,7,7,0,0,0,0,0,0,
SILVIA MOLLER CHOQUE,https://www.facebook.com/silvia.mollerchoque,2025-07-08,,sí,0,0,2025-07-07,post,https://www.facebook.com/share/p/19UpbpM47h/,1,3,13,12,1,0,0,0,0,0,
SILVIA MOLLER CHOQUE,https://www.facebook.com/silvia.mollerchoque,2025-07-08,,sí,0,0,2025-07-07,post,https://www.facebook.com/share/p/1AmivmqDsJ/,0,0,2,2,0,0,0,0,0,0,
SILVIA MOLLER CHOQUE,https://www.facebook.com/silvia.mollerchoque,2025-07-08,,sí,0,0,2025-07-07,post,https://www.facebook.com/share/p/1AvS9c3jGa/,0,0,5,5,0,0,0,0,0,0,"HOY  HOY  EN  ORURO,TUTO  EN  ORURO  A  HORAS  14:00  "
SILVIA MOLLER CHOQUE,https://www.facebook.com/silvia.mollerchoque,2025-07-08,,sí,0,0,2025-07-07,post,https://www.facebook.com/share/p/1XxoEtJFBg/,1,0,2,2,0,0,0,0,0,0,
SILVIA MOLLER CHOQUE,https://www.facebook.com/silvia.mollerchoque,2025-07-08,,sí,0,0,2025-07-07,post,https://www.facebook.com/share/p/16bubsKrVK/,0,0,0,0,0,0,0,0,0,0,
SILVIA MOLLER CHOQUE,https://www.facebook.com/silvia.mollerchoque,2025-07-08,,sí,0,0,2025-07-08,post,https://www.facebook.com/share/p/16cwWR6ngc/,0,0,0,0,0,0,0,0,0,0,
