nombre perfil,url perfil,candidato identificado,creación del perfil,seguidores,seguidos,fecha post,tipo de post,url post,comparticiones,comentarios,reacciones en total,me gusta,me encanta,me divierte,me entristece,me sorprende,me enoja,me importa,contenido
PALMENIA YESINA VILLEGAS FLORES,https://www.facebook.com/palmenia.villegasflores,no,,0,0,2025-07-21,post,https://www.facebook.com/share/p/179mDMATTu/,0,0,1,1,0,0,0,0,0,0,
PALMENIA YESINA VILLEGAS FLORES,https://www.facebook.com/palmenia.villegasflores,no,,0,0,2025-07-22,reel,/reel/786503787148726/?s=single_unit&__cft__[0]=AZWOWra3Tkqzc8DnxW6-3j6qAnqxO5Ry5jC08KcIC6qVLrho1NbJwiI1-AVcLhROPR7gz1b-ceiHAPuI1ctxreApQo97g3Fg6Bo28bBPGlwo7YPgWwMwHYZFLA-5doBKCIyEsrXVmkYfRoz-UtDGOsDi_UwwLXbffz0Pwf_0cmTEofWCBDYranj3CGwuxrnGuWQ&__tn__=H-R,0,0,0,0,0,0,0,0,0,0,"#Quillacollo
#EduardoDelCastillo 
#BoliviaPrimero … Ver más"
PALMENIA YESINA VILLEGAS FLORES,https://www.facebook.com/palmenia.villegasflores,no,,0,0,2025-07-24,post,https://www.facebook.com/share/p/1B46ZWirGW/,0,0,0,0,0,0,0,0,0,0,
PALMENIA YESINA VILLEGAS FLORES,https://www.facebook.com/palmenia.villegasflores,no,,0,0,2025-07-24,reel,/reel/743352491748124/?s=single_unit&__cft__[0]=AZUIOxtkIv0rwess8RWGCfhlNsPqA-7g6karidn1MoQfVMnkGNbgbFFKKeM1WBOkv-gDrJTfK617yafHA17IPqWkUJ1IvG_zmMLetGIWJhuZ5VVjx9vf9VwKZYu998ixvrUkmqiqpiOPEHBHVSR4aL6taQ6PYl_JePhQE3kzz61numvmTK_D-G5jRdtgMWa4f5Y&__tn__=H-R,0,0,0,0,0,0,0,0,0,0,"📍🗞️🎥 I El Ministerio de Culturas, Descolonización y Despatriarcalización, en coordinación con el Gobierno Autónomo Municipal de Quillacollo y la Asoci… Ver más"
PALMENIA YESINA VILLEGAS FLORES,https://www.facebook.com/palmenia.villegasflores,no,,0,0,2025-07-25,post,https://www.facebook.com/share/p/1Amu6UkNAU/,0,0,0,0,0,0,0,0,0,0,
PALMENIA YESINA VILLEGAS FLORES,https://www.facebook.com/palmenia.villegasflores,no,,0,0,2025-07-25,reel,/reel/1042067361243534/?s=single_unit&__cft__[0]=AZXxXLrpvRxvV1MWmc4fIxTbCQWr6saCi_4RT04MdzGk36d6ZhhjP6qLiEkfKacUJwIkeEqZ7xt-2f-UJrQYKD1t4hlE9fl1iJeYKC247LFGCY9p96JZNVQIkP_s-HQwaMRJ8cxwx-YUbRWzd4NQOuuPm1a1KNXc9ZoABr6Y8T9HyGwA5FQAJ2vG31gv1t9TA0o&__tn__=H-R,0,0,0,0,0,0,0,0,0,0,🙌 Muchos hablan… pero pocos trabajan por su población.
PALMENIA YESINA VILLEGAS FLORES,https://www.facebook.com/palmenia.villegasflores,no,,0,0,2025-07-26,reel,/reel/1491897928643133/?s=single_unit&__cft__[0]=AZXaEwCsi0DGePky-ngxVQHWdsB0MeZCSvOc7yLCVxA2gr0I2SWhqexqVTh28FgzFuM_OoN3wE8_6Xd8N_hQLmHAsYRGPEsVmqoWjvlHQ8yYg7jS1hn1iXRQlul7KmerWIK0QvW-xHEdtruAEdqOvqaCWEPlc80LyLZega59dvByESzxw239dT9nuMCl_EXxbm0&__tn__=H-R,0,0,0,0,0,0,0,0,0,0,"Estamos seguros que el nuevo edificio de la Facultad de Ciencias Económicas y Financieras de la UMSA que vamos a construir, servirá para formar con ex… Ver más"
PALMENIA YESINA VILLEGAS FLORES,https://www.facebook.com/palmenia.villegasflores,no,,0,0,2025-07-26,reel,/reel/1341981870624499/?s=single_unit&__cft__[0]=AZVuOF7dR79d_xzWDHqQ42eIM7k-riz22UmMuDZdvF1qh1wjYOBp__SVUpRMSuIiKPx7YGliI3MP7oxBlwYEmaaBIbghIPXGLt6MqI_k2gGknJZc9gAAQy5v0YLUsDJ4aH1C1L2Nr90Yxd_OLidFUHFN0PJDLswc-pztbqCPOZvwmNWy3Qb_jrlqWBOGQt4mReo&__tn__=H-R,0,0,0,0,0,0,0,0,0,0,"Saludamos al Gobierno y al valiente pueblo de #Cuba🇨🇺en el Día de la Rebeldía Nacional. Hoy recordamos aquel 26 de julio de 1953, fecha que marcó el i… Ver más"
PALMENIA YESINA VILLEGAS FLORES,https://www.facebook.com/palmenia.villegasflores,no,,0,0,2025-07-26,post,https://www.facebook.com/share/p/1TxAvCRieP/,0,0,0,0,0,0,0,0,0,0,
PALMENIA YESINA VILLEGAS FLORES,https://www.facebook.com/palmenia.villegasflores,no,,0,0,2025-07-26,post,https://www.facebook.com/share/p/1W2aQq9WVY/,0,0,1,1,0,0,0,0,0,0,
PALMENIA YESINA VILLEGAS FLORES,https://www.facebook.com/palmenia.villegasflores,no,,0,0,2025-07-26,post,https://www.facebook.com/share/p/19fwSxjmVG/,1,1,2,1,0,1,0,0,0,0,
PALMENIA YESINA VILLEGAS FLORES,https://www.facebook.com/palmenia.villegasflores,no,,0,0,2025-07-26,post,https://www.facebook.com/share/p/19TZnTFHF7/,0,0,5,5,0,0,0,0,0,0,
PALMENIA YESINA VILLEGAS FLORES,https://www.facebook.com/palmenia.villegasflores,no,,0,0,2025-07-26,post,https://www.facebook.com/share/p/1CJjVJ7vMG/,0,0,0,0,0,0,0,0,0,0,
PALMENIA YESINA VILLEGAS FLORES,https://www.facebook.com/palmenia.villegasflores,no,,0,0,2025-07-26,post,https://www.facebook.com/share/p/1B4bznXuBC/,1,0,7,7,0,0,0,0,0,0,
PALMENIA YESINA VILLEGAS FLORES,https://www.facebook.com/palmenia.villegasflores,no,,0,0,2025-07-26,post,https://www.facebook.com/share/p/16TgXuR9ke/,0,0,0,0,0,0,0,0,0,0,
PALMENIA YESINA VILLEGAS FLORES,https://www.facebook.com/palmenia.villegasflores,no,,0,0,2025-07-26,reel,/reel/712361845034278/?s=single_unit&__cft__[0]=AZXudOCdSolw-wv8vl_P3VUm7_efjuFAAAXwHWsrhMoL3M08IHCWF6tHpuwS85obuANjkXwty8eQrXBEze1XRcCUNIRW4W1oq0bCuMc9cCLAiaNyrRJ_CxWtAVD8yoEcn5O8cw_F2WhFG-p8c1xAYlMZztjcOha8L144OpnVnGWc-JdDt9VCGGzZFSgKr7uZyF4&__tn__=H-R,0,0,0,0,0,0,0,0,0,0,"✅ Proteger lo que hemos conquistado, corregir lo que no está bien y avanzar con ideas nuevas.💪 Nuestro gobierno de renovación nace del compromiso de e… Ver más"
PALMENIA YESINA VILLEGAS FLORES,https://www.facebook.com/palmenia.villegasflores,no,,0,0,2025-07-26,post,https://www.facebook.com/share/p/1AxcVsS7hn/,0,0,0,0,0,0,0,0,0,0,
PALMENIA YESINA VILLEGAS FLORES,https://www.facebook.com/palmenia.villegasflores,no,,0,0,2025-07-26,post,https://www.facebook.com/share/p/16mRU4ETif/,0,0,0,0,0,0,0,0,0,0,
PALMENIA YESINA VILLEGAS FLORES,https://www.facebook.com/palmenia.villegasflores,no,,0,0,2025-07-26,post,https://www.facebook.com/share/p/1AwXgo7Xmh/,0,0,0,0,0,0,0,0,0,0,
PALMENIA YESINA VILLEGAS FLORES,https://www.facebook.com/palmenia.villegasflores,no,,0,0,2025-07-26,post,https://www.facebook.com/share/p/1PrBLRrDTb/,2,3,8,4,2,2,0,0,0,0,
PALMENIA YESINA VILLEGAS FLORES,https://www.facebook.com/palmenia.villegasflores,no,,0,0,2025-07-26,post,https://www.facebook.com/share/p/17GQj9ATEH/,0,0,8,7,0,1,0,0,0,0,
PALMENIA YESINA VILLEGAS FLORES,https://www.facebook.com/palmenia.villegasflores,no,,0,0,2025-07-26,post,https://www.facebook.com/share/p/1B7C6Dc6b2/,0,0,0,0,0,0,0,0,0,0,
PALMENIA YESINA VILLEGAS FLORES,https://www.facebook.com/palmenia.villegasflores,no,,0,0,2025-07-27,post,https://www.facebook.com/share/p/19WrJpmUK2/,0,0,0,0,0,0,0,0,0,0,
PALMENIA YESINA VILLEGAS FLORES,https://www.facebook.com/palmenia.villegasflores,no,,0,0,2025-07-27,post,https://www.facebook.com/share/p/1F5KXsck7X/,0,0,0,0,0,0,0,0,0,0,
PALMENIA YESINA VILLEGAS FLORES,https://www.facebook.com/palmenia.villegasflores,no,,0,0,2025-07-28,post,https://www.facebook.com/share/p/1A9KRx8dzH/,1,0,3,3,0,0,0,0,0,0,
PALMENIA YESINA VILLEGAS FLORES,https://www.facebook.com/palmenia.villegasflores,no,,0,0,2025-07-28,post,https://www.facebook.com/share/p/1CCgQJV7i7/,0,0,0,0,0,0,0,0,0,0,
PALMENIA YESINA VILLEGAS FLORES,https://www.facebook.com/palmenia.villegasflores,no,,0,0,2025-07-28,post,https://www.facebook.com/share/p/1AuiHNcZKf/,1,0,7,7,0,0,0,0,0,0,
PALMENIA YESINA VILLEGAS FLORES,https://www.facebook.com/palmenia.villegasflores,no,,0,0,2025-07-28,post,https://www.facebook.com/share/p/1bKqA7RzAd/,0,0,0,0,0,0,0,0,0,0,
PALMENIA YESINA VILLEGAS FLORES,https://www.facebook.com/palmenia.villegasflores,no,,0,0,2025-07-28,post,https://www.facebook.com/share/p/1JQUUWRCwu/,0,0,0,0,0,0,0,0,0,0,
PALMENIA YESINA VILLEGAS FLORES,https://www.facebook.com/palmenia.villegasflores,no,,0,0,2025-07-28,reel,/reel/1120111319997007/?s=single_unit&__cft__[0]=AZW_WE1jvxigO-g1oI3UhTTdURWd87-VaGUFGC0nd0KdRlnB6QpIwDtPjvGESlN3u8lP_OT_ShBqIzoxtdkvsV7uqtfRWMceFiZ35Y9RvYeU2WeFjHAoz72MUqTLuoNLRvsmKAvpv7JLtfMEM9m-k4CNwd2RU5n6nZY1AjlAqNe5V9fTpruooynQdkYyEzJKgRM&__tn__=H-R,0,0,0,0,0,0,0,0,0,0,"Yo no vengo con medias tintas, como Andrónico Rodríguez, el 2019 hubo un golpe de Estado y mataron a nuestros compatriotas. Murió Devi Posto, un joven… Ver más"
PALMENIA YESINA VILLEGAS FLORES,https://www.facebook.com/palmenia.villegasflores,no,,0,0,2025-07-28,post,https://www.facebook.com/share/p/19jwytmqds/,0,0,0,0,0,0,0,0,0,0,
PALMENIA YESINA VILLEGAS FLORES,https://www.facebook.com/palmenia.villegasflores,no,,0,0,2025-07-29,post,https://www.facebook.com/share/p/1A7vPNaE3z/,1,0,1,1,0,0,0,0,0,0,
PALMENIA YESINA VILLEGAS FLORES,https://www.facebook.com/palmenia.villegasflores,no,,0,0,2025-07-29,post,https://www.facebook.com/share/p/19CKSyU29e/,0,0,0,0,0,0,0,0,0,0,
PALMENIA YESINA VILLEGAS FLORES,https://www.facebook.com/palmenia.villegasflores,no,,0,0,2025-07-29,post,https://www.facebook.com/share/p/1JgE7iLy3d/,1,0,1,1,0,0,0,0,0,0,
