nombre perfil,url perfil,creación del perfil,seguidores,seguidos,fecha post,url post,comparticiones,reacciones en total,me gusta,me encanta,me divierte,me entristece,me sorprende,me enoja,me importa,contenido
Capiguara Libertaria,https://www.facebook.com/luisita.balbian,,15023,0,2025-05-28,https://www.facebook.com/share/p/19A3dX59E3/,2,23,12,0,11,0,0,0,0,"Ring, ring, ring 
- Buenos días, Fábrica de Trampolines ""El beniano ausente'. ¿Cómo le podemos ayudar?
- ¿Fábrica de trampolines? ¿No es este el número de teléfono del Comité Cívico del Beni?
- Sí pero cambiamos de rubro..."
Capiguara Libertaria,https://www.facebook.com/luisita.balbian,,15023,0,2025-05-28,https://www.facebook.com/share/p/1AoJsatK2E/,0,19,16,0,0,2,1,0,0,"¿Sigue existiendo el Comité Cívico del Beni o me soñé que teníamos?
(Mirá vos, me acabo de dar cuenta que hace años me pregunto lo mismo. FB me recuerda un post mío del 2021, sigo sin respuesta...
)"
Capiguara Libertaria,https://www.facebook.com/luisita.balbian,,15023,0,2025-05-28,https://www.facebook.com/share/p/14GNBNBBeYR/,0,6,1,0,5,0,0,0,0,
Capiguara Libertaria,https://www.facebook.com/luisita.balbian,,15023,0,2025-05-28,https://www.facebook.com/share/p/16HyYx2ERm/,41,180,51,0,0,1,21,107,0,"""Va a leer o no señora, no tengo todo el día..."", así le respondió el ""oficial"" cuando la sra. Zaira pidió que le digan por qué se querían entrar a su casa. 
Casi UNA DOCENA DE POLICÍAS en la casa del gral. Shriqui contra una mujer de la tercera edad que estaba SOLA y el paco a cargo encima le grita prepotente. No respetan nada con su excusa de cumplir órdenes. SON UNOS ABUSIVOS."
Capiguara Libertaria,https://www.facebook.com/luisita.balbian,,15023,0,2025-05-30,https://www.facebook.com/share/p/19X2fsiL66/,0,39,12,0,27,0,0,0,0,
Capiguara Libertaria,https://www.facebook.com/luisita.balbian,,15023,0,2025-05-30,https://www.facebook.com/share/p/15NoMj3JZU/,1,46,18,0,28,0,0,0,0,
Capiguara Libertaria,https://www.facebook.com/luisita.balbian,,15023,0,2025-05-30,https://www.facebook.com/share/p/1AmibT52i2/,0,36,9,0,26,0,0,1,0,"¿O sea que bajar la inflación sería un movimiento sexy?
"
Capiguara Libertaria,https://www.facebook.com/luisita.balbian,,15023,0,2025-05-31,https://www.facebook.com/share/p/1AZe1uvpHt/,0,3,0,0,3,0,0,0,0,"No estoy.
Final de la Champions. ¡Vamos Inter!
"
Capiguara Libertaria,https://www.facebook.com/luisita.balbian,,15023,0,2025-05-31,https://www.facebook.com/share/p/1CEts1Hcz4/,1,12,11,1,0,0,0,0,0,"Aprender en el camino no es improvisar: es parte del oficio político
Se ha vuelto tendencia burlarse de un candidato a vicepresidente por haber dicho que “va a aprender en el camino” y emitir un par de desafortunadas respuestas que claramente demuestran desconocimiento de la materia en la que se lo cuestionaba (y no, no me voy a referir a lo de Estado sexy, frente a lo coloquial está el mensaje que se quiere transmitir y no veo mal u… Ver más"
Capiguara Libertaria,https://www.facebook.com/luisita.balbian,,15023,0,2025-05-31,https://www.facebook.com/share/p/19bmFuscX4/,3,29,26,2,1,0,0,0,0,¿De verdad es tan escandaloso admitir que hay un proceso de aprendizaje en el ejercicio del poder?
Capiguara Libertaria,https://www.facebook.com/luisita.balbian,,15023,0,2025-05-31,https://www.facebook.com/share/p/1CKhTH8w81/,0,12,8,4,0,0,0,0,0,Eso 
Capiguara Libertaria,https://www.facebook.com/luisita.balbian,,15023,0,2025-06-01,https://www.facebook.com/share/p/16iqxNAFhy/,0,19,16,2,1,0,0,0,0,"+/- 2 de margen de error amiguitos. Con una diferencia de 0.7 entre el primero y el segundo, no da pa gritar: ¿Ven que Samuelito siempre estuvo primero?, ni ¡Encuesta trucha.Tuto forever!"
Capiguara Libertaria,https://www.facebook.com/luisita.balbian,,15023,0,2025-06-01,https://www.facebook.com/share/p/1AiaGuJMWs/,0,19,2,0,15,0,2,0,0,"Elay, Evo lo tumbó de su sindicato a Andrónico 
. El Estado independiente de El Chapare tiene dueño vitalicio 
."
Capiguara Libertaria,https://www.facebook.com/luisita.balbian,,15023,0,2025-06-01,https://www.facebook.com/share/p/16ZAjfMyj9/,8,81,39,8,33,0,0,0,1,"Para mí este es el dato más importante de la encuesta de hoy:
No vas a ser senador Tilín "
Capiguara Libertaria,https://www.facebook.com/luisita.balbian,,15023,0,2025-06-01,https://www.facebook.com/share/p/1A2nqHFfiz/,23,85,71,10,1,0,0,0,3,"Lo importante es que el mapa ya no es azul. Este año, en agosto, es nuestra oportunidad de que la hegemonía del MAS nunca más."
Capiguara Libertaria,https://www.facebook.com/luisita.balbian,,15023,0,2025-06-01,https://www.facebook.com/share/p/1Fz9HtCXQC/,0,48,33,2,13,0,0,0,0,"Je je je je, anda de cizañero Junior Arias "
Capiguara Libertaria,https://www.facebook.com/luisita.balbian,,15023,0,2025-06-01,https://www.facebook.com/share/p/15ep5VPqJg/,5,94,44,1,46,0,2,1,0,"Ñie...
Me da flojera pero a chatgpt no:
ESCENARIO GENERAL – ENCUESTA DE INTENCIÓN DE VOTO (NO OFICIAL)
 Candidatos con mayor intención de voto:… Ver más"
Capiguara Libertaria,https://www.facebook.com/luisita.balbian,,15023,0,2025-06-02,https://www.facebook.com/share/p/1FyQhiJRCR/,3,34,22,0,11,0,1,0,0,"Elay, quien le va a quitar su personería al MAS...va a ser el MAS por su pejivoto de menos de 3%.
"
Capiguara Libertaria,https://www.facebook.com/luisita.balbian,,15023,0,2025-06-02,https://www.facebook.com/share/p/156j1i3UzZ/,0,10,5,0,5,0,0,0,0,Como va la cosa ¿ya no vamos a tener que esperar a que lleguen los votos del campo? 
Capiguara Libertaria,https://www.facebook.com/luisita.balbian,,15023,0,2025-06-02,https://www.facebook.com/share/p/1AdoNjNYXc/,56,71,67,4,0,0,0,0,0," Los 5 temas que NADIE se atreve a tocar
Leí todos los planes de gobierno. TODOS.
¿Y sabés qué? Todos callan sobre lo que de verdad nos está jodiendo como país.
Acá van 5 bombas de tiempo que ningún partido –ni de izquierda, ni de derecha– quiere desactivar 
… Ver más"
Capiguara Libertaria,https://www.facebook.com/luisita.balbian,,15023,0,2025-06-02,https://www.facebook.com/share/p/1G1gceE7Ns/,3,7,7,0,0,0,0,0,0,"Del Estado y otros males:
 ¿Quién quiere achicar el Estado?
 
 Libre21 – liberal, con propuestas operativas.
 Plantea achicar el Estado con reformas.… Ver más"
Capiguara Libertaria,https://www.facebook.com/luisita.balbian,,15023,0,2025-06-02,services/titan-load/tests/features/district_portal/data_import/item_imports/item_import_113000.yml,3,74,72,2,0,0,0,0,0," Me parece fantástico que dos candidatos se junten a conversar. Compartir ideas, debatir puntos de vista y mantener el diálogo abierto fortalece los procesos electorales y, sobre todo, la democracia.
La apertura para escuchar al otro —aunque compita desde otra sigla— es un ejercicio saludable, más aún cuando hay coincidencias ideológicas claras y un compromiso compartido con principios liberales, democráticos e institucionales. No se reunieron con el MAS ni con la izquierda… Ver más"
