nombre perfil,url perfil,candidato identificado,creación del perfil,seguidores,seguidos,fecha post,tipo de post,url post,comparticiones,comentarios,reacciones en total,me gusta,me encanta,me divierte,me entristece,me sorprende,me enoja,me importa,contenido
Sayuri Loza,https://www.facebook.com/sayuri.loza,no,2008-08-19,56000,0,2025-07-22,post,https://www.facebook.com/share/p/16eBN2Er9k/,36,7,265,194,2,64,0,4,1,0,"Y no olviden a su asesor de 300000 dólares o no sé qué, español que según el Molina y otros, debe de ser la reencarnación de Felipe Quispe o alguna succión mamaria similar."
Sayuri Loza,https://www.facebook.com/sayuri.loza,no,2008-08-19,56000,0,2025-07-22,post,2025-07-22,0,0,5,5,0,0,0,0,0,0,Siguen igual
Sayuri Loza,https://www.facebook.com/sayuri.loza,no,2008-08-19,56000,0,2025-07-22,post,https://www.facebook.com/share/p/1BDPyGb1x1/,160,7,162,21,2,0,129,1,0,9,"Por favor, escapó en el incendio y no se conoce su paradero "
Sayuri Loza,https://www.facebook.com/sayuri.loza,no,2008-08-19,56000,0,2025-07-22,post,https://www.facebook.com/share/p/16aLfNP7xF/,14,0,28,2,0,0,25,0,1,0,"Ayudemos, le pegaron y le lastimaron el ojo"
Sayuri Loza,https://www.facebook.com/sayuri.loza,no,2008-08-19,56000,0,2025-07-22,post,https://www.facebook.com/share/p/1BG3JKRkfm/,20,0,77,30,37,0,2,1,0,7,
Sayuri Loza,https://www.facebook.com/sayuri.loza,no,2008-08-19,56000,0,2025-07-22,post,https://www.facebook.com/share/p/1HSDBmpNmA/,20,5,268,34,0,226,1,2,3,2,Que cobra 50000 Bs. Por escribir sobre el Choquehuanca
Sayuri Loza,https://www.facebook.com/sayuri.loza,no,2008-08-19,56000,0,2025-07-22,post,https://www.facebook.com/share/p/1CD1UyJaVk/,1,2,50,20,4,24,0,2,0,0,"El alcalde negro Negro denunció que el apoyo de la empresaria Dulce está condicionado bajo la entrega de chichi y leche. La candidata a vice, Mittens arremetió contra é… Ver más"
Sayuri Loza,https://www.facebook.com/sayuri.loza,no,2008-08-19,56000,0,2025-07-22,post,https://www.facebook.com/share/p/1YZiTGhnYg/,53,1,24,2,0,0,19,3,0,0,"Se ha perdido el Dientón, por favor si alguien lo vio avise "
Sayuri Loza,https://www.facebook.com/sayuri.loza,no,2008-08-19,56000,0,2025-07-22,post,https://www.facebook.com/share/p/172oj4b7Gq/,4,1,141,106,30,0,0,4,0,1,
Sayuri Loza,https://www.facebook.com/sayuri.loza,no,2008-08-19,56000,0,2025-07-22,post,https://www.facebook.com/share/p/16vUX5b1hL/,8,17,533,197,85,246,0,2,0,3,"Se solicita historiador para que escriba los logros del presidente Oberyn, se le pagará con 50000 croquetas."
Sayuri Loza,https://www.facebook.com/sayuri.loza,no,2008-08-19,56000,0,2025-07-23,post,https://www.facebook.com/share/p/1C4SLQGTWk/,0,0,10,6,3,0,0,1,0,0,Peluches Kodama! 
Sayuri Loza,https://www.facebook.com/sayuri.loza,no,2008-08-19,56000,0,2025-07-23,post,https://www.facebook.com/share/p/1XeoR2SZCk/,1,1,22,4,0,16,1,1,0,0,
Sayuri Loza,https://www.facebook.com/sayuri.loza,no,2008-08-19,56000,0,2025-07-23,post,https://www.facebook.com/share/p/15r2FUGYiF/,22,0,64,33,0,0,11,6,14,0,Contrabando de oro
Sayuri Loza,https://www.facebook.com/sayuri.loza,no,2008-08-19,56000,0,2025-07-24,post,https://www.facebook.com/share/p/1BvisJaywM/,0,9,544,362,161,9,0,5,1,6,1920s - 2020s
Sayuri Loza,https://www.facebook.com/sayuri.loza,no,2008-08-19,56000,0,2025-07-24,post,https://www.facebook.com/share/p/1DN3TLuBTq/,5,10,403,64,2,331,1,5,0,0,"Es que es jueves, tal vez han ido a la 16, incluso el Manfred estaba en la 16 pero no compraba nada, sólo estaba ahí dando la mano y estorbando el paso. Un señor les gr… Ver más"
Sayuri Loza,https://www.facebook.com/sayuri.loza,no,2008-08-19,56000,0,2025-07-24,post,https://www.facebook.com/share/p/19ebhpSRYz/,447,12,2400,276,6,2100,0,9,2,3,Uta
Sayuri Loza,https://www.facebook.com/sayuri.loza,no,2008-08-19,56000,0,2025-07-24,post,https://www.facebook.com/share/v/16w7s7S1Tz/,2,6,140,89,46,0,0,1,0,4,Nos informan que apareció el Dientón!
Sayuri Loza,https://www.facebook.com/sayuri.loza,no,2008-08-19,56000,0,2025-07-24,post,https://www.facebook.com/share/1NnhqCKKGN/,0,13,120,72,47,0,0,1,0,0,"traje de los años 20, en ocasión del programa HDP"
Sayuri Loza,https://www.facebook.com/sayuri.loza,no,2008-08-19,56000,0,2025-07-24,post,https://www.facebook.com/share/p/16jck5qsJf/,26,23,495,78,1,393,16,7,0,0,"Qué v3rg4, ya estamos en 24 de julio y hasta ahora nada la ""invasión"" 
. Ni los amigos del espacio nos quieren."
Sayuri Loza,https://www.facebook.com/sayuri.loza,no,2008-08-19,56000,0,2025-07-24,post,https://www.facebook.com/share/p/1FaMsMgDHU/,1,0,17,4,0,13,0,0,0,0,
Sayuri Loza,https://www.facebook.com/sayuri.loza,no,2008-08-19,56000,0,2025-07-24,post,https://www.facebook.com/share/p/1EjnFv6Ajo/,0,0,11,9,0,1,0,0,0,1,
Sayuri Loza,https://www.facebook.com/sayuri.loza,no,2008-08-19,56000,0,2025-07-25,post,https://www.facebook.com/share/p/19Hjf6E2cB/,2,1,130,116,9,3,1,0,0,1,"Muchas gracias por la invitación al Club del libro Jurídico, fue un placer estar con gente tan interesada en la historia y con tanto entusiasmo, les agradezco el recono… Ver más"
Sayuri Loza,https://www.facebook.com/sayuri.loza,no,2008-08-19,56000,0,2025-07-25,post,2025-07-25,0,1,12,9,2,0,0,1,0,0,Las cosas sencillas son la felicidad 
Sayuri Loza,https://www.facebook.com/sayuri.loza,no,2008-08-19,56000,0,2025-07-25,post,https://www.facebook.com/share/p/1CjRDmNLFB/,2,2,34,32,1,1,0,0,0,0,Hoy!
Sayuri Loza,https://www.facebook.com/sayuri.loza,no,2008-08-19,56000,0,2025-07-25,post,https://www.facebook.com/share/p/15nDTVex2H/,39,3,307,98,29,0,171,1,0,8,
Sayuri Loza,https://www.facebook.com/sayuri.loza,no,2008-08-19,56000,0,2025-07-25,post,https://www.facebook.com/share/p/1G3cYqENbw/,5,16,427,331,87,5,0,2,0,2,"Hoy es el día de Santiago y es la fiesta en mi pueblo Guaqui. Fui invitada a las celebraciones por los prestes a quienes les quedo muy agradecida pero como saben, mi na… Ver más"
Sayuri Loza,https://www.facebook.com/sayuri.loza,no,2008-08-19,56000,0,2025-07-25,post,https://www.facebook.com/share/p/1JFizZPkAt/,8,0,19,2,6,0,9,0,0,2,
Sayuri Loza,https://www.facebook.com/sayuri.loza,no,2008-08-19,56000,0,2025-07-25,post,https://www.facebook.com/share/p/1Avzjze8Rs/,0,7,42,2,1,38,0,0,0,1,"Pamela Quino Montenegro mira Pame, sí hay calvos en los que puedes confiar!"
Sayuri Loza,https://www.facebook.com/sayuri.loza,no,2008-08-19,56000,0,2025-07-25,post,https://www.facebook.com/share/p/1BFwzkZc9e/,10,4,273,186,62,1,0,21,0,3,Un Santiago en El Alto!
Sayuri Loza,https://www.facebook.com/sayuri.loza,no,2008-08-19,56000,0,2025-07-26,post,https://www.facebook.com/share/p/1E2VGdhVXc/,4,7,594,290,102,190,0,1,0,11,"En los días pasados se vio una foto donde poso con un candidato conocido y surgieron rumores de que yo estaría apoyando su candidatura, ese candidato es el Dientón, que… Ver más"
Sayuri Loza,https://www.facebook.com/sayuri.loza,no,2008-08-19,56000,0,2025-07-26,post,https://www.facebook.com/share/p/16rwoCTHim/,3,0,99,69,29,0,0,0,0,1,
Sayuri Loza,https://www.facebook.com/sayuri.loza,no,2008-08-19,56000,0,2025-07-26,post,https://www.facebook.com/share/p/16xSkvAFs7/,0,0,77,56,17,0,0,0,0,4,Los hermanos gatis felicitan al presidente en su día.
Sayuri Loza,https://www.facebook.com/sayuri.loza,no,2008-08-19,56000,0,2025-07-26,post,https://www.facebook.com/share/p/1JQ5KmUyGi/,0,0,29,16,11,1,0,0,0,1,"Tanto he amado Silent Hill, jugué muchas veces, gané todos los finales y escuché mil veces su banda sonora. Yo era una joven triste y el ambiente triste de Silent Hill … Ver más"
Sayuri Loza,https://www.facebook.com/sayuri.loza,no,2008-08-19,56000,0,2025-07-26,post,https://www.facebook.com/share/p/15uKnV4d5j/,64,16,892,172,5,707,0,5,0,3,Asesor que cobra tanto y no se le ocurrió esta idea 
Sayuri Loza,https://www.facebook.com/sayuri.loza,no,2008-08-19,56000,0,2025-07-26,post,https://www.facebook.com/share/p/1CGUihgEVW/,14,13,489,44,2,437,0,4,2,0,Será otro negocio del Linera? 
Sayuri Loza,https://www.facebook.com/sayuri.loza,no,2008-08-19,56000,0,2025-07-26,post,https://www.facebook.com/share/p/1ArEaMFf3W/,0,0,129,81,29,15,0,3,0,1,Fue atendido y peinado por una estilista experta. 100 puntos!
Sayuri Loza,https://www.facebook.com/sayuri.loza,no,2008-08-19,56000,0,2025-07-26,post,https://www.facebook.com/share/p/19Ut4df2tE/,29,26,969,72,0,884,0,7,2,4,"Sí bueno, en nueve meses dará a luz al redentor"
Sayuri Loza,https://www.facebook.com/sayuri.loza,no,2008-08-19,56000,0,2025-07-27,post,https://www.facebook.com/share/p/1JWej7rKz4/,0,2,134,32,4,97,0,0,1,0,Tras las rejas… Ver más
Sayuri Loza,https://www.facebook.com/sayuri.loza,no,2008-08-19,56000,0,2025-07-27,post,https://www.facebook.com/share/p/12M5KWQAT8P/,62,16,253,190,3,1,51,3,5,0,"Nuestras reservas internacionales han ido disminuyendo gradualmente desde 2015 (porque desde 2014 ya se había registrado un déficit en nuestra balanza de pagos), al pre… Ver más"
Sayuri Loza,https://www.facebook.com/sayuri.loza,no,2008-08-19,56000,0,2025-07-27,post,https://www.facebook.com/share/p/1BB9WPZrvJ/,1,5,402,0,0,0,0,0,0,0,"Queridos amigos, el día 17 de agosto, al momento de depositar su voto, quiero que se imaginen a los candidatos recién bañados, comparen y se pregunten si alguno se ve t… Ver más"
Sayuri Loza,https://www.facebook.com/sayuri.loza,no,2008-08-19,56000,0,2025-07-27,post,https://www.facebook.com/share/p/19cyX1zSq3/,5,4,96,39,0,0,48,6,2,1,Nuestros artistas están abandonados 
Sayuri Loza,https://www.facebook.com/sayuri.loza,no,2008-08-19,56000,0,2025-07-27,post,https://www.facebook.com/share/p/1M4Fq3vvv8/,1,2,247,165,69,1,0,1,0,11,La mejor vice es la hna. Mittens
Sayuri Loza,https://www.facebook.com/sayuri.loza,no,2008-08-19,56000,0,2025-07-28,post,https://www.facebook.com/share/p/1CpBCcmSKV/,0,0,14,12,2,0,0,0,0,0,
Sayuri Loza,https://www.facebook.com/sayuri.loza,no,2008-08-19,56000,0,2025-07-28,post,https://www.facebook.com/share/p/1CFqoDyU8s/,5,9,240,202,30,3,1,1,0,3,El Vlady en la FIL.… Ver más
Sayuri Loza,https://www.facebook.com/sayuri.loza,no,2008-08-19,56000,0,2025-07-28,post,https://www.facebook.com/share/p/16mNvqPCME/,35,0,47,24,0,0,19,1,0,3,
Sayuri Loza,https://www.facebook.com/sayuri.loza,no,2008-08-19,56000,0,2025-07-28,post,https://www.facebook.com/share/p/16mHy3WwGT/,0,0,94,54,11,27,0,1,0,1,"Éste es el equipo de gatos con antecedentes que acompañan al presidente Oberyn. El compañero Tupaj Blacky, ideólogo del Movimiento al Hociquismo, aparece en escena para… Ver más"
Sayuri Loza,https://www.facebook.com/sayuri.loza,no,2008-08-19,56000,0,2025-07-28,post,https://www.facebook.com/share/p/1Dogmi9d5s/,195,52,1300,1000,15,74,123,19,42,3,El voto nulo es un derecho democrático al que uno recurre porque no está de acuerdo con ninguna opción. Muchos se enojan porque dicen que el voto es un derecho por el q… Ver más
Sayuri Loza,https://www.facebook.com/sayuri.loza,no,2008-08-19,56000,0,2025-07-28,post,https://www.facebook.com/share/p/14G4Fzxizwo/,18,1,95,81,11,1,0,2,0,0,"A las narrativas victimistas les gusta ver al indio como ""hombre acémila"", incapaz de integrarse al sistema e incapaz de ser un sujeto activo de la historia más allá de… Ver más"
Sayuri Loza,https://www.facebook.com/sayuri.loza,no,2008-08-19,56000,0,2025-07-29,post,https://www.facebook.com/share/p/1FkGXfNitX/,19,12,177,125,3,2,14,32,0,1,Elecciones de 1980. Candidatos.
Sayuri Loza,https://www.facebook.com/sayuri.loza,no,2008-08-19,56000,0,2025-07-29,post,https://www.facebook.com/share/v/1AqhKmcQs1/,134,15,902,212,6,680,0,4,0,1,
Sayuri Loza,https://www.facebook.com/sayuri.loza,no,2008-08-19,56000,0,2025-07-29,post,https://www.facebook.com/share/p/15W2C8sWJb/,38,0,141,102,28,0,2,1,0,8,Ayudemos a la señora 
Sayuri Loza,https://www.facebook.com/sayuri.loza,no,2008-08-19,56000,0,2025-07-29,post,https://www.facebook.com/share/p/14Hjauf8atK/,76,16,318,81,2,4,154,54,23,0,Dato mata relato.
Sayuri Loza,https://www.facebook.com/sayuri.loza,no,2008-08-19,56000,0,2025-07-29,post,https://www.facebook.com/share/p/1Eu5iHLK54/,0,0,8,4,2,0,0,1,0,1,
Sayuri Loza,https://www.facebook.com/sayuri.loza,no,2008-08-19,56000,0,2025-07-29,post,https://www.facebook.com/share/p/1A79skNWpx/,48,0,53,23,2,0,21,7,0,0,Ayudemos por favor 
Sayuri Loza,https://www.facebook.com/sayuri.loza,no,2008-08-19,56000,0,2025-07-29,post,https://www.facebook.com/share/p/16ekcMkBpz/,24,7,507,0,0,0,0,0,0,0,"""Amor, estoy aquí con los malandros, mis leales. La Prado es pareja del Medrano, no vayas a desconfiar""."
Sayuri Loza,https://www.facebook.com/sayuri.loza,no,2008-08-19,56000,0,2025-07-29,post,https://www.facebook.com/share/v/15gARW99wh/,1,9,150,71,30,46,0,2,0,1,Cacerolazo de la mittens
Sayuri Loza,https://www.facebook.com/sayuri.loza,no,2008-08-19,56000,0,2025-07-30,post,https://www.facebook.com/share/p/1MWSUorXNQ/,20,0,79,65,1,1,5,1,7,0,Ay país! 
