nombre perfil,url perfil,snapshot_date,creación del perfil,candidato identificado,seguidores,seguidos,fecha post,tipo de post,url post,comparticiones,comentarios,reacciones en total,me gusta,me encanta,me divierte,me entristece,me sorprende,me enoja,me importa,contenido
AZUCENA ALEJANDRA FUERTES MAMANI,https://www.facebook.com/AzucenaFuertesPotosi,2025-06-05,2016-08-16,sí,9700,0,2025-04-08,post,https://www.facebook.com/share/p/1C4gKG8CTy/,0,4,13,8,0,5,0,0,0,0,En minutos estaré en entrevista en Radio Kollasuyo
AZUCENA ALEJANDRA FUERTES MAMANI,https://www.facebook.com/AzucenaFuertesPotosi,2025-06-05,2016-08-16,sí,9700,0,2025-04-09,post,https://www.facebook.com/share/v/16MMJNpaXk/,0,10,17,7,0,10,0,0,0,0,"Samuel Doria Medina es el candidato del bloque de oposición. 
¡A seguir trabajando con fuerza!.… Ver más"
AZUCENA ALEJANDRA FUERTES MAMANI,https://www.facebook.com/AzucenaFuertesPotosi,2025-06-05,2016-08-16,sí,9700,0,2025-04-12,post,https://www.facebook.com/share/p/1Aj31g7hQk/,0,7,26,22,0,4,0,0,0,0,"Hoy, en el distrito 9 de Potosí, se hace realidad un sueño: la inauguración del centro recreacional Loyola
. 
Recuerdo con satisfacción el inicio de esta gestión en 20… Ver más"
AZUCENA ALEJANDRA FUERTES MAMANI,https://www.facebook.com/AzucenaFuertesPotosi,2025-06-05,2016-08-16,sí,9700,0,2025-04-13,post,https://www.facebook.com/share/p/19X84NHUD3/,3,2,27,25,2,0,0,0,0,0,"""Vivamos esta Semana Santa envueltos en el misterio del Amor, siendo peregrinos de esperanza"".
Misa de Domingo de Ramos al pie de la Catedral de la ciudad de Potosí.… Ver más"
AZUCENA ALEJANDRA FUERTES MAMANI,https://www.facebook.com/AzucenaFuertesPotosi,2025-06-05,2016-08-16,sí,9700,0,2025-04-13,post,https://www.facebook.com/AzucenaFuertesPotosi/posts/pfbid04o61DUfyFv8TQJDL8FseZKfLBJB2moiAJFVhL6AjH55wGrfxA8JtKzzgeAH7ysnLl,0,0,6,2,0,0,3,0,0,1,"Adiós a un Gigante: Mario Vargas Llosa (1936-2025) 
Su prosa elegante y aguda visión social nos legaron obras imborrables. Su legado literario perdurará. Su comprom… Ver más"
AZUCENA ALEJANDRA FUERTES MAMANI,https://www.facebook.com/AzucenaFuertesPotosi,2025-06-05,2016-08-16,sí,9700,0,2025-04-14,post,https://www.facebook.com/share/p/16PiJPtdkZ/,2,20,17,13,0,4,0,0,0,0,"La fuerza de Bolivia reside en su gente. Hoy, ratificamos la alianza con Toribia Lero Quispe , Claudia Condori Laura   y la Coordinadora Popular y de Pueblos Indígenas.… Ver más"
AZUCENA ALEJANDRA FUERTES MAMANI,https://www.facebook.com/AzucenaFuertesPotosi,2025-06-05,2016-08-16,sí,9700,0,2025-04-15,post,https://www.facebook.com/share/v/1F4rYi2Hkv/,4,9,26,17,0,3,5,1,0,0,"¡Desastre ambiental en Llallagua, Potosí! 
 Pasivos mineros de K'enko desbordados hace >2 semanas. 
 Lama tóxica avanza +10km, contaminando todo. 
 Comunidad de Anda… Ver más"
AZUCENA ALEJANDRA FUERTES MAMANI,https://www.facebook.com/AzucenaFuertesPotosi,2025-06-05,2016-08-16,sí,9700,0,2025-04-16,post,https://www.facebook.com/share/v/1BhiNdrpzm/,1,6,11,10,1,0,0,0,0,0,"¡Gran día para la educación en Potosí! 
 Entregamos la refacción de la U.E. Antonio Quijarro (zona central) con una inversión de 3.6 Millones de Bs. 
 
Esta gestión, … Ver más"
AZUCENA ALEJANDRA FUERTES MAMANI,https://www.facebook.com/AzucenaFuertesPotosi,2025-06-05,2016-08-16,sí,9700,0,2025-04-16,post,https://www.facebook.com/share/p/19gJh1q6dB/,0,0,2,2,0,0,0,0,0,0,"Mi compromiso con el desarrollo del departamento de Potosí se mantiene inalterable. 
Totora D, tierra de mis abuelos
, evoca una realidad donde las labores agríco… Ver más"
AZUCENA ALEJANDRA FUERTES MAMANI,https://www.facebook.com/AzucenaFuertesPotosi,2025-06-05,2016-08-16,sí,9700,0,2025-04-16,post,https://www.facebook.com/share/p/1BYK5kiFgS/,3,30,22,17,0,2,1,2,0,0,"¡Buen día!
En sesión de la Asamblea Legislativa Departamental de Potosí, 24 de 32 asambleaistas presentes
.
En… Ver más"
AZUCENA ALEJANDRA FUERTES MAMANI,https://www.facebook.com/AzucenaFuertesPotosi,2025-06-05,2016-08-16,sí,9700,0,2025-04-17,post,https://www.facebook.com/share/p/16pLtuD9r4/,0,2,8,8,0,0,0,0,0,0,"Doy gracias a Dios por permitirme vivir hoy, Jueves Santo, la profunda experiencia de visitar las siete iglesias. 
 Un momento de reflexión y conexión con la fe en esta… Ver más"
AZUCENA ALEJANDRA FUERTES MAMANI,https://www.facebook.com/AzucenaFuertesPotosi,2025-06-05,2016-08-16,sí,9700,0,2025-04-17,post,https://www.facebook.com/share/p/16WmxydKKV/,0,0,4,0,0,0,4,0,0,0,"Hoy, el corazón de Potosí está de luto por la terrible pérdida de cinco jóvenes vidas estudiantiles en el norte de nuestro departamento. comparto el profundo dolor de las familias, amigos y comunidades de Uncía y Chuquiuta, que justamente han declarado… Ver más"
AZUCENA ALEJANDRA FUERTES MAMANI,https://www.facebook.com/AzucenaFuertesPotosi,2025-06-05,2016-08-16,sí,9700,0,2025-04-18,post,https://www.facebook.com/share/p/16aZcNtDSA/,6,6,32,17,2,12,0,1,0,0,"La UNIDAD se fortalece. 
 Inscribimos nuestra alianza con la convicción de que Samuel Doria Medina  es el presidente que Bolivia necesita para salir adelante
. 
¡Viva Bolivia! "
AZUCENA ALEJANDRA FUERTES MAMANI,https://www.facebook.com/AzucenaFuertesPotosi,2025-06-05,2016-08-16,sí,9700,0,2025-04-18,post,https://www.facebook.com/share/v/155ZjjnawDd/,1,28,27,14,0,12,0,0,0,1,"Hoy presentamos la alianza UNIDAD, por y para Bolivia
.
Oriente y Occidente, ¡Samuel Presidente!.
#1… Ver más"
AZUCENA ALEJANDRA FUERTES MAMANI,https://www.facebook.com/AzucenaFuertesPotosi,2025-06-05,2016-08-16,sí,9700,0,2025-04-18,post,https://www.facebook.com/share/p/1CsEKEwqPc/,0,14,23,15,2,3,0,0,3,0,"¡Que Viva Bolivia!.
En reunión previa para inscribir la alianza de la UNIDAD para nuestro país.
""LA… Ver más"
AZUCENA ALEJANDRA FUERTES MAMANI,https://www.facebook.com/AzucenaFuertesPotosi,2025-06-05,2016-08-16,sí,9700,0,2025-04-20,post,https://www.facebook.com/share/v/1Ac1fhY638/,0,0,7,4,0,3,0,0,0,0,"Socializando la propuesta de Samuel Doria Medina en el mercado Uyuni de Potosí.
#SamuelPresidente #100díasCarajo"
AZUCENA ALEJANDRA FUERTES MAMANI,https://www.facebook.com/AzucenaFuertesPotosi,2025-06-05,2016-08-16,sí,9700,0,2025-04-21,post,https://www.facebook.com/share/p/1911GRCr54/,0,0,2,2,0,0,0,0,0,0,"Un profundo homenaje a un maestro inolvidable
, Ezequiel Ander Egg. 
Qué honor haber contado con su guía, mentoría y valiosa amistad a lo largo de mi camino. … Ver más"
AZUCENA ALEJANDRA FUERTES MAMANI,https://www.facebook.com/AzucenaFuertesPotosi,2025-06-05,2016-08-16,sí,9700,0,2025-04-21,post,https://www.facebook.com/share/p/1BfdPBH2c2/,2,0,11,9,0,0,2,0,0,0,"Potosí se une al mundo en el adiós al Papa Francisco. Su humildad y defensa de los vulnerables resonaron aquí, donde la fe y la historia se entrelazan. Elevamos oracion… Ver más"
AZUCENA ALEJANDRA FUERTES MAMANI,https://www.facebook.com/AzucenaFuertesPotosi,2025-06-05,2016-08-16,sí,9700,0,2025-04-23,post,https://www.facebook.com/share/p/1LDFCk1iEL/,0,8,14,14,0,0,0,0,0,0,"Cordialmente invitados
Escuela de emprendedores Samuel Doria Medina"
AZUCENA ALEJANDRA FUERTES MAMANI,https://www.facebook.com/AzucenaFuertesPotosi,2025-06-05,2016-08-16,sí,9700,0,2025-04-23,post,https://www.facebook.com/share/p/16M24i4sC7/,4,17,21,19,1,1,0,0,0,0,"La escuela de emprendimiento Samuel Doria Medina expande sus horizontes a Potosí, abriendo nuevas oportunidades para los futuros líderes y emprendedores de la región. ¡… Ver más"
AZUCENA ALEJANDRA FUERTES MAMANI,https://www.facebook.com/AzucenaFuertesPotosi,2025-06-05,2016-08-16,sí,9700,0,2025-04-24,post,https://www.facebook.com/share/p/16tnoKUYze/,1,42,46,32,0,13,0,0,0,1,En minutos estaré en Radio Kollasuyo junto a Janeth Cortez.
AZUCENA ALEJANDRA FUERTES MAMANI,https://www.facebook.com/AzucenaFuertesPotosi,2025-06-05,2016-08-16,sí,9700,0,2025-04-24,post,https://www.facebook.com/share/p/1FyjTYcoDg/,0,8,22,21,0,1,0,0,0,0,"Segunda jornada de la escuela de emprendimiento Samuel Doria Medina en Potosí.
Emprendedores potosinos comparten su experiencia con el público asistente."
AZUCENA ALEJANDRA FUERTES MAMANI,https://www.facebook.com/AzucenaFuertesPotosi,2025-06-05,2016-08-16,sí,9700,0,2025-04-24,post,https://www.facebook.com/share/p/1Aa1kfF939/,0,0,29,18,2,0,6,0,0,3,"Sí, llevo los ojos hinchados, con ojeras que ya son parte de mí, el rostro cansado y, a veces, el ánimo por el suelo… solo a veces. Porque el dolor de perder a una madr… Ver más"
AZUCENA ALEJANDRA FUERTES MAMANI,https://www.facebook.com/AzucenaFuertesPotosi,2025-06-05,2016-08-16,sí,9700,0,2025-04-25,post,https://www.facebook.com/share/p/16VYdsZU5W/,4,6,27,1,0,0,1,3,22,0,"Resulta sorprendente que, luego de que la opinión pública conociera el bochornoso espectáculo de consumo de bebidas alcohólicas en la Asamblea Legislativa Departamental… Ver más"
AZUCENA ALEJANDRA FUERTES MAMANI,https://www.facebook.com/AzucenaFuertesPotosi,2025-06-05,2016-08-16,sí,9700,0,2025-04-26,post,https://www.facebook.com/share/p/18uTtWeKVP/,0,0,3,0,0,0,0,0,0,0,
AZUCENA ALEJANDRA FUERTES MAMANI,https://www.facebook.com/AzucenaFuertesPotosi,2025-06-05,2016-08-16,sí,9700,0,2025-04-27,post,https://www.facebook.com/share/p/15yyasb6Py/,0,1,10,7,0,3,0,0,0,0,¡Cordialmente invitados!. Samuel en conferencia en la Universidad Privada Domingo Savio de Potosí.
AZUCENA ALEJANDRA FUERTES MAMANI,https://www.facebook.com/AzucenaFuertesPotosi,2025-06-05,2016-08-16,sí,9700,0,2025-04-27,post,https://www.facebook.com/share/p/1C5si8D9jt/,0,0,8,8,0,0,0,0,0,0,Conferencia magistral de Samuel Doria Medina junto a los universitarios de la Universidad Autónoma Tomas Frías.
AZUCENA ALEJANDRA FUERTES MAMANI,https://www.facebook.com/AzucenaFuertesPotosi,2025-06-05,2016-08-16,sí,9700,0,2025-04-28,post,https://www.facebook.com/share/p/1F17uTe53d/,5,17,38,27,0,10,0,1,0,0,"Samuel Doria Medina en la carrera de Economía de la Universidad Autónoma Tomas Frías de la ciudad de Potosí, en conferencia sobre la situación económica en Bolivia. 
¡M… Ver más"
AZUCENA ALEJANDRA FUERTES MAMANI,https://www.facebook.com/AzucenaFuertesPotosi,2025-06-05,2016-08-16,sí,9700,0,2025-04-28,post,https://www.facebook.com/share/p/19PaegDtQK/,0,0,0,0,0,0,0,0,0,0,
AZUCENA ALEJANDRA FUERTES MAMANI,https://www.facebook.com/AzucenaFuertesPotosi,2025-06-05,2016-08-16,sí,9700,0,2025-04-28,post,https://www.facebook.com/AzucenaFuertesPotosi/posts/pfbid02ugQ67vCgA5xCranKguyX49Tv6C16HJoW8i579UgRksTQMG23uYez7GbZLPuZNLDsl,4,16,48,21,4,21,0,1,1,0,"Samuel Doria Medina compartiendo una charla sobre la ""Crisis Económica en Bolivia"", junto a los estudiantes de la Universidad Privada Domingo Savio de la ciudad de Potosí."
AZUCENA ALEJANDRA FUERTES MAMANI,https://www.facebook.com/AzucenaFuertesPotosi,2025-06-05,2016-08-16,sí,9700,0,2025-04-28,post,https://www.facebook.com/share/p/1AYzHLpJKY/,1,9,12,9,0,2,0,0,1,0,"Samuel Doria Medina en Radio Kollasuyo, participando del noticiero RK.
Desde la solidaridad que lo caracteriza, comprometió el apoyo económico de 20.000Bs. para los jóv… Ver más"
AZUCENA ALEJANDRA FUERTES MAMANI,https://www.facebook.com/AzucenaFuertesPotosi,2025-06-05,2016-08-16,sí,9700,0,2025-04-28,post,https://www.facebook.com/share/p/1AyhGYh79n/,7,9,27,19,2,6,0,0,0,0,Samuel Doria Medina conversando con universitarios de la Facultad de ciencias Tecnológicas de la Universidad Autónoma Tomas Frías de Potosí.
AZUCENA ALEJANDRA FUERTES MAMANI,https://www.facebook.com/AzucenaFuertesPotosi,2025-06-05,2016-08-16,sí,9700,0,2025-04-29,post,https://www.facebook.com/share/v/1Br8iUeL9q/,4,3,17,17,0,0,0,0,0,0,"¡Potosí se enciende con espíritu emprendedor! La Escuela de Emprendimiento Samuel Doria Medina  ha dado inicio a sus actividades, abriendo un camino lleno de posibilida… Ver más"
AZUCENA ALEJANDRA FUERTES MAMANI,https://www.facebook.com/AzucenaFuertesPotosi,2025-06-05,2016-08-16,sí,9700,0,2025-04-30,post,https://www.facebook.com/share/v/1GAeUmBir5/,3,5,12,11,1,0,0,0,0,0,"En Potosí, las ""rendiciones de cuentas"" parecen ser eventos exclusivos para los propios funcionarios, con catering (pagado por impuestos de la gente) incluido. Mientras… Ver más"
AZUCENA ALEJANDRA FUERTES MAMANI,https://www.facebook.com/AzucenaFuertesPotosi,2025-06-05,2016-08-16,sí,9700,0,2025-05-02,post,https://www.facebook.com/share/v/1AfTJJNRCB/,0,0,9,7,1,0,0,0,0,1,"Este feriado del 1 de mayo, retorné a la inmensidad blanca del Salar de Uyuni. Flotar en sus aguas salinas, rodeada de un paisaje que parece sacado de un sueño. 
 Un ""… Ver más"
AZUCENA ALEJANDRA FUERTES MAMANI,https://www.facebook.com/AzucenaFuertesPotosi,2025-06-05,2016-08-16,sí,9700,0,2025-05-02,post,https://www.facebook.com/share/p/151KdjgHd5/,0,0,7,7,0,0,0,0,0,0,Estás cordialmente invitado a ser parte de la Escuela de Emprendimiento Samuel Doria Medina
AZUCENA ALEJANDRA FUERTES MAMANI,https://www.facebook.com/AzucenaFuertesPotosi,2025-06-05,2016-08-16,sí,9700,0,2025-05-05,post,https://www.facebook.com/share/p/1CHt7aY2Gy/,1,41,73,56,10,5,0,0,0,2,En minutos en Radio Fides Potosí.
AZUCENA ALEJANDRA FUERTES MAMANI,https://www.facebook.com/AzucenaFuertesPotosi,2025-06-05,2016-08-16,sí,9700,0,2025-05-10,post,https://www.facebook.com/share/p/1BkercitMH/,5,6,48,46,2,0,0,0,0,0,"Ser periodista en Bolivia no es tarea fácil, en Potosí aún más. Es ejercer la verdad en medio de la adversidad, del chantaje publicitario, la judicializacion de su voz.… Ver más"
AZUCENA ALEJANDRA FUERTES MAMANI,https://www.facebook.com/AzucenaFuertesPotosi,2025-06-05,2016-08-16,sí,9700,0,2025-05-10,post,https://www.facebook.com/share/p/16PFuNLedt/,1,9,51,45,5,0,1,0,0,0,"Con apenas 11 años, de la mano de mi madre, llegué a las puertas de Radio Galaxia. Allí, con la audacia propia de la niñez, propuse un programa infantil ""Tu voz es mi v… Ver más"
AZUCENA ALEJANDRA FUERTES MAMANI,https://www.facebook.com/AzucenaFuertesPotosi,2025-06-05,2016-08-16,sí,9700,0,2025-05-11,post,https://www.facebook.com/share/v/18prKEJaAt/,2,11,327,135,85,0,0,0,0,107,"Gracias y mi permanente admiración a los y las trabajadores de la Prensa. 
Sigan adelante en su labor de información y defendiendo la libertad de prensa.… Ver más"
AZUCENA ALEJANDRA FUERTES MAMANI,https://www.facebook.com/AzucenaFuertesPotosi,2025-06-05,2016-08-16,sí,9700,0,2025-05-12,post,https://www.facebook.com/share/v/1FfZ7uE1cH/,3,7,460,292,69,1,0,0,0,98,"Ver crecer el Centro de salud y emergencia Cerro de plata y ahora verlo como un pilar de la red de salud de Potosí es una alegría inmensa. Este proyecto, nacido de la p… Ver más"
AZUCENA ALEJANDRA FUERTES MAMANI,https://www.facebook.com/AzucenaFuertesPotosi,2025-06-05,2016-08-16,sí,9700,0,2025-05-13,post,https://www.facebook.com/share/p/17yhqAhSaK/,1,4,13,13,0,0,0,0,0,0,"Sesión ordinaria No 08/2025.
En plena crisis económica,  tanto para la asamblea como para la gobernación de Potosí, la prioridad continúan siendo las canchas de césped … Ver más"
AZUCENA ALEJANDRA FUERTES MAMANI,https://www.facebook.com/AzucenaFuertesPotosi,2025-06-05,2016-08-16,sí,9700,0,2025-05-15,post,https://www.facebook.com/share/p/19KsrsRz1c/,1,21,56,42,2,11,0,1,0,0,"Presentes en la Convención de la UNIDAD.
Porque creemos en un nuevo comienzo, con mejores oportunidades y soluciones reales para Bolivia.… Ver más"
AZUCENA ALEJANDRA FUERTES MAMANI,https://www.facebook.com/AzucenaFuertesPotosi,2025-06-05,2016-08-16,sí,9700,0,2025-05-18,post,https://www.facebook.com/share/p/1Bvx92ZBTi/,0,12,54,45,2,6,0,1,0,0,"A la fecha cumplo con mi compromiso de luchar contra la corrupción. 
La denuncia de mayor transcendencia ""las ambulancias fantasmas"". Ahora la pregunta venta de ítems d… Ver más"
AZUCENA ALEJANDRA FUERTES MAMANI,https://www.facebook.com/AzucenaFuertesPotosi,2025-06-05,2016-08-16,sí,9700,0,2025-05-20,post,https://www.facebook.com/share/v/1AfWJGy97k/,5,19,80,67,6,5,0,1,0,1,"¡Estamos dispuestos y dispuestas a gastar nuestras vidas por una mejor Bolivia!.
Desde Potosí, ¡Viva Bolivia
!.
.… Ver más"
AZUCENA ALEJANDRA FUERTES MAMANI,https://www.facebook.com/AzucenaFuertesPotosi,2025-06-05,2016-08-16,sí,9700,0,2025-05-22,post,https://www.facebook.com/share/v/1ARtswJa7B/,1,7,27,21,2,4,0,0,0,0,"Estamos listos para recuperar Bolivia de la crisis, junto a Samuel Doria Medina."
AZUCENA ALEJANDRA FUERTES MAMANI,https://www.facebook.com/AzucenaFuertesPotosi,2025-06-05,2016-08-16,sí,9700,0,2025-05-23,post,https://www.facebook.com/share/p/18qKzCHSgK/,1,7,33,23,0,9,0,0,0,1,"En minutos en Radio Monumental junto a Marcelo Tedesqui en el programa ""Síganme los buenos"".
https://www.facebook.com/share/v/1C9t4h6KvA/"
AZUCENA ALEJANDRA FUERTES MAMANI,https://www.facebook.com/AzucenaFuertesPotosi,2025-06-05,2016-08-16,sí,9700,0,2025-05-25,post,https://www.facebook.com/share/p/1EY1eK1tJf/,0,1,9,9,0,0,0,0,0,0,"Sin gasolina y sin diesel.
NO está bien que en el transporte público se discrimine a los pasajeros eligiendo a quien transportar.
¡Seamos solidarios!"
AZUCENA ALEJANDRA FUERTES MAMANI,https://www.facebook.com/AzucenaFuertesPotosi,2025-06-05,2016-08-16,sí,9700,0,2025-05-26,post,https://www.facebook.com/share/p/16DJEq4o1X/,2,43,94,72,15,3,0,0,0,4,"Potosina kani, sumaq urqumanta."
AZUCENA ALEJANDRA FUERTES MAMANI,https://www.facebook.com/AzucenaFuertesPotosi,2025-06-02,2016-08-16,sí,9700,0,2025-05-26,post,https://www.facebook.com/share/p/16YWBi7NMB/,2,43,94,72,15,3,0,0,0,4,"Potosina kani, sumaq urqumanta."
AZUCENA ALEJANDRA FUERTES MAMANI,https://www.facebook.com/AzucenaFuertesPotosi,2025-06-05,2016-08-16,sí,9700,0,2025-05-26,post,https://www.facebook.com/share/v/1With2JPvV/,3,3,6,5,1,0,0,0,0,0,"En abril se hizo la donación de Bs. 20.000 a los niños que fueron victimas del incendio de su bus escolar en el Norte de Potosí. 
Gracias Samuel Doria Medinapor tu gran corazón."
AZUCENA ALEJANDRA FUERTES MAMANI,https://www.facebook.com/AzucenaFuertesPotosi,2025-06-02,2016-08-16,sí,9700,0,2025-05-26,post,https://www.facebook.com/share/v/1UzmPNQGwr/,3,3,6,5,1,0,0,0,0,0,"En abril se hizo la donación de Bs. 20.000 a los niños que fueron victimas del incendio de su bus escolar en el Norte de Potosí. 
Gracias Samuel Doria Medinapor tu gran corazón."
AZUCENA ALEJANDRA FUERTES MAMANI,https://www.facebook.com/AzucenaFuertesPotosi,2025-06-05,2016-08-16,sí,9700,0,2025-05-27,post,https://www.facebook.com/share/p/15E7ZFdwD3/,2,2,24,16,3,0,0,0,0,5,"Hoy te celebro mamá con el corazón apretado pero lleno de gratitud. Aunque ya no estés físicamente tu amor me acompaña todos los días. Me enseñaste a ser fuerte, a leva… Ver más"
AZUCENA ALEJANDRA FUERTES MAMANI,https://www.facebook.com/AzucenaFuertesPotosi,2025-06-02,2016-08-16,sí,9700,0,2025-05-27,post,https://www.facebook.com/share/p/16PyDpSft2/,2,2,24,16,3,0,0,0,0,5,"Hoy te celebro mamá con el corazón apretado pero lleno de gratitud. Aunque ya no estés físicamente tu amor me acompaña todos los días. Me enseñaste a ser fuerte, a leva… Ver más"
AZUCENA ALEJANDRA FUERTES MAMANI,https://www.facebook.com/AzucenaFuertesPotosi,2025-06-05,2016-08-16,sí,9700,0,2025-05-30,post,https://www.facebook.com/share/p/19GQE2F9bK/,15,6,25,20,0,0,0,0,5,0,"La Falsa División del MAS: Una Táctica para Perpetuarse en el Poder y Perjudicar a Bolivia
Las supuestas divisiones dentro del Movimiento Al Socialismo (MAS) no parecen… Ver más"
AZUCENA ALEJANDRA FUERTES MAMANI,https://www.facebook.com/AzucenaFuertesPotosi,2025-06-02,2016-08-16,sí,9700,0,2025-05-30,post,https://www.facebook.com/share/p/12Kw2777MRk/,13,6,25,20,0,0,0,0,5,0,"La Falsa División del MAS: Una Táctica para Perpetuarse en el Poder y Perjudicar a Bolivia
Las supuestas divisiones dentro del Movimiento Al Socialismo (MAS) no parecen… Ver más"
AZUCENA ALEJANDRA FUERTES MAMANI,https://www.facebook.com/AzucenaFuertesPotosi,2025-06-05,2016-08-16,sí,9700,0,2025-05-31,post,https://www.facebook.com/share/p/1HFn3fXNwd/,2,15,62,47,12,2,1,0,0,0,"Todas las noches sin falta, doña Miriam siempre puntual con los pacumutus en Plaza San Bernardo esquina Av. Camacho.
Hoy la extrañé, aunque sus colaboradoras conservan … Ver más"
AZUCENA ALEJANDRA FUERTES MAMANI,https://www.facebook.com/AzucenaFuertesPotosi,2025-06-02,2016-08-16,sí,9700,0,2025-05-31,post,https://www.facebook.com/share/p/1FNa92F7KS/,2,14,54,40,12,2,0,0,0,0,"Todas las noches sin falta, doña Miriam siempre puntual con los pacumutus en Plaza San Bernardo esquina Av. Camacho.
Hoy la extrañé, aunque sus colaboradoras conservan … Ver más"
AZUCENA ALEJANDRA FUERTES MAMANI,https://www.facebook.com/AzucenaFuertesPotosi,2025-06-02,2016-08-16,sí,9700,0,2025-06-01,post,https://www.facebook.com/share/v/16QDmZr5XJ/,3,5,22,17,3,0,0,0,1,1,"¡Gracias mayo!. Empezando junio con la fe intacta. Sé que mi mamá me acompaña desde el cielo, y por ella, ¡seguimos adelante con el corazón lleno! "
AZUCENA ALEJANDRA FUERTES MAMANI,https://www.facebook.com/AzucenaFuertesPotosi,2025-06-09,2016-08-16,sí,9700,0,2025-06-01,post,https://www.facebook.com/share/v/15RX53dyra/,3,6,26,20,3,0,0,0,1,2,"¡Gracias mayo!. Empezando junio con la fe intacta. Sé que mi mamá me acompaña desde el cielo, y por ella, ¡seguimos adelante con el corazón lleno! "
AZUCENA ALEJANDRA FUERTES MAMANI,https://www.facebook.com/AzucenaFuertesPotosi,2025-06-05,2016-08-16,sí,9700,0,2025-06-01,post,https://www.facebook.com/share/v/19TUGnDoQg/,3,6,25,20,3,0,0,0,1,1,"¡Gracias mayo!. Empezando junio con la fe intacta. Sé que mi mamá me acompaña desde el cielo, y por ella, ¡seguimos adelante con el corazón lleno! "
AZUCENA ALEJANDRA FUERTES MAMANI,https://www.facebook.com/AzucenaFuertesPotosi,2025-06-09,2016-08-16,sí,9700,0,2025-06-04,post,https://www.facebook.com/share/v/1C7mUbEAC5/,13,5,52,42,4,2,4,0,0,0,"Bolivia con bloqueos que están costando vidas humanas. 
No solo es la crisis generada por el masismo es su inhumanidad ante los muertos que provocan."
AZUCENA ALEJANDRA FUERTES MAMANI,https://www.facebook.com/AzucenaFuertesPotosi,2025-06-05,2016-08-16,sí,9700,0,2025-06-04,post,https://www.facebook.com/share/v/18pCvygYR1/,8,1,33,26,3,1,3,0,0,0,"Bolivia con bloqueos que están costando vidas humanas. 
No solo es la crisis generada por el masismo es su inhumanidad ante los muertos que provocan."
AZUCENA ALEJANDRA FUERTES MAMANI,https://www.facebook.com/AzucenaFuertesPotosi,2025-06-09,2016-08-16,sí,9700,0,2025-06-05,post,https://www.facebook.com/share/p/1Cdw83HF6f/,1,7,14,8,4,2,0,0,0,0,Asistencia a Sesiones Legislativas: Un Llamado a la Rendición de Cuentas… Ver más
AZUCENA ALEJANDRA FUERTES MAMANI,https://www.facebook.com/AzucenaFuertesPotosi,2025-06-09,2016-08-16,sí,9700,0,2025-06-06,post,https://www.facebook.com/share/p/16QNPf1F4b/,0,0,7,7,0,0,0,0,0,0,"¡Feliz Día del Maestro! 
Con inmenso agradecimiento hoy miro a mis maestros y maestras, quienes con su dedicación y sabiduría, me ayudaron a convertirme en la persona … Ver más"
AZUCENA ALEJANDRA FUERTES MAMANI,https://www.facebook.com/AzucenaFuertesPotosi,2025-06-09,2016-08-16,sí,9700,0,2025-06-09,post,https://www.facebook.com/share/p/1ECdEDBmbJ/,0,0,1,1,0,0,0,0,0,0,
AZUCENA ALEJANDRA FUERTES MAMANI,https://www.facebook.com/AzucenaFuertesPotosi,2025-06-09,2016-08-16,sí,9700,0,2025-06-09,post,https://www.facebook.com/share/p/19VFkKNM3y/,0,0,3,3,0,0,0,0,0,0,"Basta de que el capricho de un político (Evo) termine con las vidas de bolivianos y bolivianas, frente al dejar hacer y dejar pasar de quienes gobiernan (Arce y Andróni… Ver más"
