nombre perfil,url perfil,candidato identificado,creación del perfil,seguidores,seguidos,fecha post,tipo de post,url post,comparticiones,comentarios,reacciones en total,me gusta,me encanta,me divierte,me entristece,me sorprende,me enoja,me importa,contenido
Melania Torrico,https://www.facebook.com/melania.pericon,no,2008-06-17,20000,2800,2025-07-15,post,https://www.facebook.com/share/v/1AgJwXVUtp/,1,2,30,26,0,0,0,3,1,0,"#santacruzdelasierra
ALGUNAS MUJERES SON CAPAZ DE TODO PARA QUEDARSE CON TODOS LOS BIENES … Ver más"
Melania Torrico,https://www.facebook.com/melania.pericon,no,2008-06-17,20000,2800,2025-07-16,post,https://www.facebook.com/share/v/1BF14kYCqc/,0,9,34,3,0,31,0,0,0,0,"Vamos Andrónico Rodríguez !
Sin duda alguna, Andrónico será el Presidente !… Ver más"
Melania Torrico,https://www.facebook.com/melania.pericon,no,2008-06-17,20000,2800,2025-07-18,post,https://www.facebook.com/share/p/16qBifT9ym/,0,20,63,2,0,59,0,0,2,0,"Quien no ve la realidad objetivamente está perdido!
El 17 de agosto estaremos en una conversación seria entre ustedes y yo porque Andrónico será elegido!"
Melania Torrico,https://www.facebook.com/melania.pericon,no,2008-06-17,20000,2800,2025-07-18,post,https://www.facebook.com/share/v/1CyTWeZEdK/,1,7,24,0,0,0,0,0,0,0,
Melania Torrico,https://www.facebook.com/melania.pericon,no,2008-06-17,20000,2800,2025-07-18,post,https://www.facebook.com/share/v/1UPhmE1YVt/,1,21,43,0,0,0,0,0,0,0,Vamos  Andrónico Rodríguez nuestro Futuro Presidente!
Melania Torrico,https://www.facebook.com/melania.pericon,no,2008-06-17,20000,2800,2025-07-18,post,https://www.facebook.com/share/p/1ApwuhBEA8/,0,17,62,5,0,57,0,0,0,0,"Así se mide con la realidad !
Radio Compañera 106.3"
Melania Torrico,https://www.facebook.com/melania.pericon,no,2008-06-17,20000,2800,2025-07-19,post,https://www.facebook.com/share/p/1DnnX8P8Ux/,0,0,21,15,5,1,0,0,0,0,La vida es una !
Melania Torrico,https://www.facebook.com/melania.pericon,no,2008-06-17,20000,2800,2025-07-19,post,https://www.facebook.com/share/v/16h3qWw53z/,0,0,3,1,0,2,0,0,0,0,
Melania Torrico,https://www.facebook.com/melania.pericon,no,2008-06-17,20000,2800,2025-07-20,post,https://www.facebook.com/share/p/1FDzcTWtvR/,0,0,18,5,1,12,0,0,0,0,
Melania Torrico,https://www.facebook.com/melania.pericon,no,2008-06-17,20000,2800,2025-07-20,post,https://www.facebook.com/share/p/1B7tijxHBg/,6,65,99,17,0,79,1,1,1,0,"ÉL SERÁ EL PRESIDENTE Y USTEDES LO VERÁN! Andrónico Rodríguez recibimiento a Andrónico Rodríguez en #Oruro.
NINGÚN CANDIDATO TUVO TANTO RESPALDO!"
Melania Torrico,https://www.facebook.com/melania.pericon,no,2008-06-17,20000,2800,2025-07-21,post,https://www.facebook.com/share/v/16aeSvSoXV/,0,20,32,0,0,0,0,0,0,0,"Andrónico Rodríguez mira la realidad boliviana desde las aristas sociales también y alza su voz para aquellos que la han perdido y definitivamente, el tema de la justic… Ver más"
Melania Torrico,https://www.facebook.com/melania.pericon,no,2008-06-17,20000,2800,2025-07-22,post,https://www.facebook.com/share/p/1AsvrNSbsm/,0,0,6,4,0,1,1,0,0,0,
Melania Torrico,https://www.facebook.com/melania.pericon,no,2008-06-17,20000,2800,2025-07-22,post,https://www.facebook.com/share/v/1CA1Y2bYe1/,0,4,22,12,0,9,0,0,1,0,
Melania Torrico,https://www.facebook.com/melania.pericon,no,2008-06-17,20000,2800,2025-07-22,post,https://www.facebook.com/share/p/1YtdnK1X86/,0,3,26,6,0,19,0,0,1,0,"Los esperamos !
Vamos con todo Andrónico Rodríguez"
Melania Torrico,https://www.facebook.com/melania.pericon,no,2008-06-17,20000,2800,2025-07-22,post,https://www.facebook.com/share/v/1Aub6hF6b7/,0,0,4,3,0,1,0,0,0,0,Además soy chapaca !
Melania Torrico,https://www.facebook.com/melania.pericon,no,2008-06-17,20000,2800,2025-07-22,post,https://www.facebook.com/share/p/1NivQvSoZf/,0,0,0,0,0,0,0,0,0,0,"Seguimos trabajando por todo el país! 
Contacto: 72567138"
Melania Torrico,https://www.facebook.com/melania.pericon,no,2008-06-17,20000,2800,2025-07-22,post,https://www.facebook.com/share/v/16bEabJP3v/,2,4,11,0,0,0,0,0,0,0,Andrónico Rodríguez
