nombre perfil,url perfil,creación del perfil,seguidores,seguidos,fecha post,url post,comparticiones,reacciones en total,me gusta,me encanta,me divierte,me entristece,me sorprende,me enoja,me importa,contenido
Nadia Beller,https://www.facebook.com/nadia.beller.5,2009-03-01,22000,0,2025-05-27,https://www.facebook.com/share/p/1LZzCC3ead/,9,141,12,0,126,0,3,0,0,Jhonny al ver que Andrónico retiró su candidatura con el MtS
Nadia Beller,https://www.facebook.com/nadia.beller.5,2009-03-01,22000,0,2025-05-27,https://www.facebook.com/share/p/1C7XGnG1na/,1,106,78,6,8,1,13,0,0,"No vas a poder hackear mi cuenta, está súper protegida. Sigue participando "
Nadia Beller,https://www.facebook.com/nadia.beller.5,2009-03-01,22000,0,2025-05-30,https://www.facebook.com/share/p/18sgL3Ai3i/,3,205,26,1,174,0,2,1,1,Jhonny quiere ser el sexy de Andrónico 
Nadia Beller,https://www.facebook.com/nadia.beller.5,2009-03-01,22000,0,2025-05-31,https://www.facebook.com/share/v/1Dpe3TidhE/,27,182,103,41,26,0,7,0,5,"Una vidente predice la aprehensión de Evo Morales para esta semana. Pueden creer o no, eso es harina de otro costal. 
Ella es extranjera y el mundo habla de los problemas del p3vofilo"
Nadia Beller,https://www.facebook.com/nadia.beller.5,2009-03-01,22000,0,2025-06-01,https://www.facebook.com/share/p/1CFaoYbKBP/,35,141,89,5,42,1,3,1,0,"EL POPULISMO DE TUTO EN CLAVE ELECTORAL: el disfraz ideológico del programa de gobierno de LIBRE.-
El programa de gobierno del partido Libre, liderado por Tuto Quiroga,… Ver más"
Nadia Beller,https://www.facebook.com/nadia.beller.5,2009-03-01,22000,0,2025-06-01,https://www.facebook.com/share/p/196SiBqLMK/,8,169,158,1,7,1,1,1,0,La norma dice que no se puede medir en encuestas a candidatos que no estén inscritos (Dunn aún no puede ser parte de ninguna encuesta). Sólo con ese dato te das cuenta de que medios difunden fake News sin tantita vergüenza.
Nadia Beller,https://www.facebook.com/nadia.beller.5,2009-03-01,22000,0,2025-06-02,https://www.facebook.com/share/p/16C6s5npJY/,15,112,74,3,32,0,3,0,0," 
 Cuando el café revela más que una campaña.
Jaime Dunn —candidato a presidente— se reunió con Juan Pablo Velasco, actual candidato a vicepresidente por la sigla de T… Ver más"
