nombre perfil,url perfil,snapshot_date,creación del perfil,candidato identificado,seguidores,seguidos,fecha post,url post,comparticiones,comentarios,reacciones en total,me gusta,me encanta,me divierte,me entristece,me sorprende,me enoja,me importa,contenido
Joshua Bellot,https://www.facebook.com/joshua.bellott,2025-06-02,2007-07-19,no,6800,1700,2025-05-29,2025-05-29,0,9,19,12,1,6,0,0,0,0,"EL CAPITAN ANTIINFLACIÓN DE SAMUEL 
PRIORIDAD: SAMUEL ARMA SU EQUIPO ECONÓMICO"
Joshua Bellot,https://www.facebook.com/joshua.bellott,2025-06-02,2007-07-19,no,6800,1700,2025-05-29,https://www.facebook.com/joshua.bellott/posts/pfbid02v4gAUKcJBfiHN2vDvwKeD9ky62eraioSeWBUP9m2R2BcrNco8kZmwkkNLE3wEmmRl,0,1,,10,0,0,0,0,0,0,Medidas económicas erradas e inefectivas que profundizarán la crisis y pasarán la totalidad del costo de la misma a todos los bolivianos. Les invito a escuchar un peque… Ver más
Joshua Bellot,https://www.facebook.com/joshua.bellott,2025-06-02,2007-07-19,no,6800,1700,2025-05-30,https://www.facebook.com/joshua.bellott/posts/pfbid0FsZvWqDhVvK1vA5vbk2MQu2JTtmuHzDyKpNo77WPSDiCJikx51fZfeUTjnXGEFQEl,1,1,,15,3,0,0,0,0,1,"En Cadena A, hablando acerca del informe del FMI y las medidas para acabar con la crisis 
https://www.facebook.com/share/v/1Nt1zPKU1V/"
