name,posts publicados,seguidores,siguiendo,comentarios obtenidos,posts compartidos,me gusta,me encanta,me divierte,me entristece,me enoja,me sorprende,me importa,reacciones en total,candidato identificado,url del perfil,creación de perfil
Mamás Sororas de Bolivia ,26,13000,0,109,2835,393,23,5,72,92,21,12,1158,no,https://www.facebook.com/MamasSororasBolivia,2025-05-19
Cinthia Guidi,24,3721,0,6,488,905,45,43,17,30,7,7,1054,no,https://www.facebook.com/profile.php?id=100089615726605,2025-06-02
Sayuri Loza,23,56000,0,216,241,0,0,0,0,0,0,0,6568,no,https://www.facebook.com/sayuri.loza,2025-05-30
Maria Galindo,22,237000,0,928,129,1296,565,339,1,39,11,16,2265,no,https://www.facebook.com/profile.php?id=100008591051800,2025-05-28
Lilibeth Coimbra ,22,63000,0,1709,1163,0,0,0,0,0,0,0,12765,no,https://www.facebook.com/LilibethCoimbra1,2025-05-27
Capiguara Libertaria,22,15053,0,194,412,1978,263,194,2,6,20,16,2417,no,https://www.facebook.com/luisita.balbian,2025-06-02
ROSA TATIANA AÑEZ CARRASCO,22,4100,0,10,46,0,0,0,0,0,0,0,228,sí,https://www.facebook.com/tatiana.anez.92,2025-05-28
Mauro Landivar ,22,31000,181,1310,3354,0,0,0,0,0,0,0,6427,no,https://www.facebook.com/profile.php?id=61552708002190,2025-05-28
Rolando Schrupp,19,6439,0,118,116,0,0,0,0,0,0,0,1577,no,https://www.facebook.com/RolandoSchrupp,2025-06-02
Miguel Calderon,19,292,0,7,3,0,0,0,0,0,0,0,36,no,https://www.facebook.com/miguel.calderongalindo,2025-06-03
Nadia Montaño,18,13000,1900,86,46,0,0,0,0,0,0,0,706,no,https://www.facebook.com/nadiamontanortiz,2025-05-29
Coordinadora de la Mujer - Observatorio de Género BO,17,22000,0,17,47,0,0,0,0,0,0,0,383,no,https://www.facebook.com/CoordinadoraBO,2025-05-19
VALENTINA VERONICA LLANOS BARRON,15,1100,458,0,1,1,0,0,0,0,0,0,1,sí,https://www.facebook.com/valentinaveronica.llanosbarron.3/,2025-05-28
Roxana Pérez,15,19000,265,171,214,0,0,0,0,0,0,0,474,no,https://www.facebook.com/RoxanaPerezDelCastillo,2025-05-19
MARILU EUGENIA RAMOS MAMANI,14,0,0,0,0,0,0,0,0,0,0,0,0,sí,https://www.facebook.com/maria.eugenia.ramos.mamani.2025,2025-05-27
Jaime Dunn - Santa Cruz,14,1100,0,9,40,0,0,0,0,0,0,0,147,no,https://www.facebook.com/ActivismoLibertario,2025-05-27
SILVIA MOLLER CHOQUE,14,0,0,1,0,0,0,0,0,0,0,0,14,sí,https://www.facebook.com/silvia.mollerchoque,2025-05-27
Melania Torrico,13,20000,2800,82,41,0,0,0,0,0,0,0,272,no,https://www.facebook.com/melania.pericon,2025-05-27
Roxana Duchên,12,61000,0,4379,13409,0,0,0,0,0,0,0,68938,no,https://www.facebook.com/RoxanaDuchenn,2025-05-27
Rosario Callejas,11,9200,82,98,191,0,0,0,0,0,0,0,363,no,https://www.facebook.com/RosarioCallejasConcejalGremial,2025-05-15
Andrea Cabrera Zambrana ,11,11000,1500,14,19,35,3,19,2,18,0,2,79,no,https://www.facebook.com/andrea.cabrera.1023611,2025-06-01
Juventudes Liberales Bolivia ,10,2400,150,4,1,0,0,0,0,0,0,0,21,no,https://www.facebook.com/juventudliberalbolivia,2025-05-28
Feminismo Comunitario Antipatriarcal,10,34000,0,1,13,0,0,0,0,0,0,0,50,no,https://www.facebook.com/feminismo.comunitario.Antipatriarcal,2025-05-19
Erika J. Rivera,10,5300,335,4,3,15,3,0,0,8,3,0,29,no,https://www.facebook.com/erikajimena.riveravargas,2025-05-28
Ciberwarmis - Mujeres ayudando a mujeres,10,11000,0,3,31,0,0,0,0,0,0,0,184,no,https://www.facebook.com/Ciberwarmis.bo,2025-05-23
ERICKA CHAVEZ AGUILERA,9,508,232,26,245,0,0,0,0,0,0,0,230,sí,https://www.facebook.com/erickachavezc45,2025-05-28
Jimena Antelo,9,353000,124,340,38,0,0,0,0,0,0,0,984,no,https://www.facebook.com/JimenaAnteloOficial,2025-05-27
CARMEN SOLEDAD CHAPETON TANCARA,9,6000,468,6,7,40,5,0,4,2,1,0,52,sí,https://www.facebook.com/soledad.chapetontancara,2025-05-29
Angirü Bolivia ,8,4900,0,0,8,0,0,0,0,0,0,0,36,no,https://www.facebook.com/ColectivoAngiru,2025-05-19
Sara Andrea,8,148000,5,574,950,0,0,0,0,0,0,0,5472,no,https://www.facebook.com/sarahandreabolivia,2025-05-28
Andres Ortega,8,6300,0,18,34,103,4,7,0,1,4,1,120,no,https://www.facebook.com/pensardiferente,2025-05-28
Por la vida de las mujeres,7,16000,0,0,7,0,0,0,0,0,0,0,83,no,https://www.facebook.com/Porlavidadelasmujeres.Bolivia,2025-05-19
Susana Bejarano,7,7900,0,210,37,386,5,61,4,31,16,1,503,no,https://www.facebook.com/profile.php?id=772515640,2025-05-29
CAROLINA ALIZON CHINO NICOLAS,7,6600,0,0,1,0,0,0,0,0,0,0,10,sí,https://www.facebook.com/carolinaalizon.chinonicolas/,2025-05-27
LUCIANA MICHELLE CAMPERO CHAVEZ,6,11000,0,210,170,898,241,8,6,56,2,17,1228,sí,https://www.facebook.com/lu.camperochavez,2025-06-02
CECILIA ISABEL REQUENA ZARATE,6,4500,160,2,16,0,0,0,0,0,0,0,102,sí,https://www.facebook.com/CeciliaRequenaZarate,2025-05-30
YENNY NADYA CLADERA SAENZ,6,0,0,70,33,0,0,0,0,0,0,0,287,sí,https://www.facebook.com/yenny.claderasaenz/,2025-05-27
AZUCENA ALEJANDRA FUERTES MAMANI,6,9700,0,18,17,81,11,4,4,1,0,2,103,sí,https://www.facebook.com/AzucenaFuertesPotosi,2025-05-29
Salvaginas ,5,9600,431,0,2,0,0,0,0,0,0,0,8,no,https://www.facebook.com/ecofeministasBolivia,2025-05-19
Paola Aguirre ,5,56000,19,310,231,0,0,0,0,0,0,0,1911,no,https://www.facebook.com/paolaaguirremelgar,2025-05-19
Wikimedistas de Bolivia,5,4300,0,1,13,0,0,0,0,0,0,0,31,no,https://www.facebook.com/wikimedistasdebolivia,2025-05-19
MARIA BERTHA GUTIERREZ MENDOZA,5,0,0,5,8,42,11,1,3,5,1,0,63,sí,https://www.facebook.com/mariabertha.gutierrezmendoza,2025-06-02
MARIA ESTHER GONGORA MIRANDA,5,1400,0,4,1,0,0,0,0,0,0,0,35,sí,https://www.facebook.com/mariaestherasambleista,2025-05-27
Maria Rene Alvarez ,5,22000,266,14,34,0,0,0,0,0,0,0,274,no,https://www.facebook.com/MReneAlvarezScz,2025-05-15
Dimelza Rodriguez Quinsamolle,5,2500,0,19,31,0,0,0,0,0,0,0,110,no,https://www.facebook.com/profile.php?id=61570121371268,2025-05-27
PAOLA LORENA BARRIGA MACHICAO,5,8600,0,22,32,102,30,0,2,1,9,11,155,sí,https://www.facebook.com/paola.barriga.104,2025-05-28
Justicia Por Las Niñas ,4,7100,3300,87,306,222,4,1,18,96,6,4,738,no,https://www.facebook.com/justicia.ninos,2025-05-19
Laura Luisa Nayar,4,38000,106,99,81,0,0,0,0,0,0,0,595,no,https://www.facebook.com/luisanayars,2025-05-15
Luciana Campero,4,11000,0,189,95,0,0,0,0,0,0,0,978,no,https://www.facebook.com/lu.camperochavez,2025-05-15
Víctimas de Feminicidio e Infanticidio Bolivia ,4,15000,61,16,26,0,0,0,0,0,0,0,150,no,https://www.facebook.com/profile.php?id=100064532303161,2025-05-19
Natalia Aparicio,4,7000,0,21,10,0,0,0,0,0,0,0,142,no,https://www.facebook.com/la.aparicioooo,2025-05-28
YHISSEL MARISOL DAVALO LANCEA,4,2600,657,0,0,0,0,0,0,0,0,0,10,sí,https://www.facebook.com/nenita.savedra.7,2025-06-02
Jhanisse V. Daza,4,9322,0,13,19,0,0,0,0,0,0,0,362,no,https://www.facebook.com/jhanisse,2025-06-02
MARLENE FERNANDEZ MEJIAS,3,59,0,0,4,0,0,0,0,0,0,0,1,sí,https://www.facebook.com/profile.php?id=61570246115119,2025-05-27
Ana Lucía Velasco,3,2000,0,27,7,0,0,0,0,0,0,0,108,no,https://www.facebook.com/anavelascou,2025-05-29
Carola Antezana,3,582,0,0,2,0,0,0,0,0,0,0,63,no,https://www.facebook.com/carola.a.pantoja,2025-05-29
YESENIA YARHUI ALBINO,3,11000,231,919,4615,0,0,0,0,0,0,0,4860,sí,https://www.facebook.com/yarhuiyesenia,2025-05-28
María Patricia Arce,3,32000,16,20,18,0,0,0,0,0,0,0,132,no,https://www.facebook.com/PatriciaArceSitioOficial,2025-05-15
MARIA KHALINE MORENO CARDENAS,3,20000,182,14,34,0,0,0,0,0,0,0,185,sí,https://www.facebook.com/profile.php?id=100048470096823,2025-06-02
ANDREA BRUNA BARRIENTOS SAHONERO,2,20000,82,52,10,0,0,0,0,0,0,0,333,sí,https://www.facebook.com/AndreaBarrientosCC,2025-06-01
Andrea Barrientos,2,20000,82,52,10,0,0,0,0,0,0,0,332,no,https://www.facebook.com/AndreaBarrientosCC,2025-05-15
Joshua Bellot,2,6800,1700,13,3,89,12,0,0,0,0,0,101,no,https://www.facebook.com/joshua.bellott,2025-05-28
Silvana Mucarzel,2,9100,93,20,10,85,9,2,1,0,2,2,101,no,https://www.facebook.com/silvanamucarzelconcejal,2025-05-19
SILVANA MUCARZEL DEMETRY,2,9100,93,20,10,85,9,2,1,0,2,2,101,sí,https://www.facebook.com/silvanamucarzelconcejal/,2025-06-01
Jeanine Añez,1,380000,39,348,216,1100,16,199,13,57,12,3,1400,no,https://www.facebook.com/jeanineanezc,2025-05-30
TOMASA YARHUI JACOME,1,2100,65,3,0,0,0,0,0,0,0,0,19,sí,https://www.facebook.com/TomasaYarhuiJ,2025-05-30
Mochas Copleras,1,5200,0,0,1,0,0,0,0,0,0,0,0,no,https://www.facebook.com/mochas.copleras,2025-05-19
El Confesionario UCB ,1,29000,0,0,0,0,0,0,0,0,0,0,0,no,https://www.facebook.com/profile.php?id=100063830662612,2025-05-19
DIANA PATRICIA PAPUTSAKIS BURGOS,1,5900,0,0,0,0,0,0,0,0,0,0,0,sí,https://www.facebook.com/patricia.paputsakisburgos,2025-06-02
Pan y Rosas Bolivia,1,10000,256,1,22,0,0,0,0,0,0,0,48,no,https://www.facebook.com/panyrosasdebolivia,2025-05-19
CLAUDIA MALLON VARGAS,1,5000,58,1,1,0,0,0,0,0,0,0,6,sí,https://www.facebook.com/ClauMallon/,2025-06-02
Lourdes Chambilla,1,3200,611,3,1,0,0,0,0,0,0,0,25,no,https://www.facebook.com/LuliChambilla,2025-05-19
Frente LIBRE ,1,1300,84,0,1,2,0,0,0,0,0,0,2,no,https://www.facebook.com/FrenteLiberalRepublicano,2025-06-02
Daniela Cabrera,1,7000,100,0,0,0,0,0,0,0,0,0,13,no,https://www.facebook.com/DanielaCabreraConcejal,2025-05-15
PATRICIA MAGIN ARANCIBIA IBAÑEZ,1,2500,501,7,4,19,4,1,0,0,0,2,26,sí,https://www.facebook.com/patriciamagin.arancibiaibanez,2025-05-28
DIANA ROCIO ROSALES MAMANI,1,711,0,0,0,0,0,0,0,0,0,0,0,sí,https://www.facebook.com/diana.mamani.967,2025-05-28
CLAUDIA ALIDA SALAS TAMBARE,1,48,0,36,2,0,0,0,0,0,0,0,94,sí,https://www.facebook.com/claudiaalida.salastambare,2025-05-28
TORIBIA LERO QUISPE,1,192,0,0,0,0,0,0,0,0,0,0,0,sí,https://www.facebook.com/toribia.leroquispe,2025-05-27
Clau Pami'sh Rzy ,1,4100,0,0,0,0,0,0,0,0,0,0,0,no,https://www.facebook.com/pamizapatachu/,2025-05-27
ELIANA RINA ACOSTA QUISPE,1,0,0,0,2,0,0,0,0,0,0,0,16,sí,https://www.facebook.com/eliana.acosta.3150,2025-05-27
NATTY ELIZABETH FLORES VERASTEGUI,1,5100,0,0,0,0,0,0,0,0,0,0,72,sí,https://www.facebook.com/natty.floresverastegi,2025-05-27
KARINA PATRICIA LIEBERS CACERES,1,208,0,1,2,10,1,0,0,0,0,0,11,sí,https://www.facebook.com/karinalc3,2025-05-27
Allele,1,931,19,0,5,0,0,0,0,0,0,0,24,no,https://www.facebook.com/AleleenBolivia,2025-05-27
DANIELA CABRERA GUILLEN,1,7000,100,0,0,0,0,0,0,0,0,0,13,sí,https://www.facebook.com/DanielaCabreraConcejal,2025-05-27
Adriana Salvatierra,1,243000,4,261,10,912,242,204,1,9,3,67,1400,no,https://www.facebook.com/Adriana1989sa,2025-05-27
Sofi Rocha,1,8000,2000,17,3,0,0,0,0,0,0,0,66,no,https://www.facebook.com/sofi.rocha.12,2025-05-27
