name,posts publicados,seguidores,siguiendo,comentarios obtenidos,posts compartidos,me gusta,me encanta,me divierte,me entristece,me enoja,me sorprende,me importa,reacciones en total,candidato identificado,url del perfil,creación de perfil
ROSA TATIANA AÑEZ CARRASCO,98,4100,0,71,423,1120,151,2,4,0,0,6,1527,sí,https://www.facebook.com/tatiana.anez.92,2025-05-28
PAOLA LORENA BARRIGA MACHICAO,80,8600,0,305,1227,2413,674,41,119,179,96,129,3692,sí,https://www.facebook.com/paola.barriga.104,2025-05-28
VALENTINA VERONICA LLANOS BARRON,74,1100,458,4,15,23,0,0,0,1,0,0,24,sí,https://www.facebook.com/valentinaveronica.llanosbarron.3/,2025-05-28
PATRICIA MAGIN ARANCIBIA IBAÑEZ,71,2500,501,125,146,488,50,16,0,2,0,3,597,sí,https://www.facebook.com/patriciamagin.arancibiaibanez,2025-05-28
CARMEN SOLEDAD CHAPETON TANCARA,68,6000,468,153,253,762,119,11,23,10,11,13,955,sí,https://www.facebook.com/soledad.chapetontancara,2025-05-29
AZUCENA ALEJANDRA FUERTES MAMANI,67,9700,0,591,153,1681,283,171,31,40,12,238,2459,sí,https://www.facebook.com/AzucenaFuertesPotosi,2025-05-29
LUCIANA MICHELLE CAMPERO CHAVEZ,62,11000,0,1647,3199,7636,1537,115,74,809,216,118,10258,sí,https://www.facebook.com/lu.camperochavez,2025-06-02
PAULA PAXI SUXO,59,168,0,9,8,82,5,4,0,0,2,0,73,sí,https://www.facebook.com/profile.php?id=100076489905888,2025-05-30
EVA LUZ HUMEREZ ALVEZ,56,6000,3400,96,40,630,294,48,9,13,2,13,1012,sí,https://www.facebook.com/eva.luz.humerez/,2025-05-28
DIANA PATRICIA PAPUTSAKIS BURGOS,56,5900,0,78,56,531,112,2,14,0,0,6,816,sí,https://www.facebook.com/patricia.paputsakisburgos,2025-06-02
SILVIA MOLLER CHOQUE,54,0,0,12,5,53,3,2,0,0,0,3,75,sí,https://www.facebook.com/silvia.mollerchoque,2025-05-27
MAGDALENA MOGRO LACUNZA,53,1000,2200,37,10,90,22,0,1,0,0,0,113,sí,https://www.facebook.com/magda.mogrolacunza,2025-05-30
MARIA ESTHER GONGORA MIRANDA,53,1400,0,44,39,225,34,0,9,3,0,2,298,sí,https://www.facebook.com/mariaestherasambleista,2025-05-27
Mamás Sororas de Bolivia ,53,13000,0,204,2957,593,51,19,140,118,27,18,1391,no,https://www.facebook.com/MamasSororasBolivia,2025-05-19
DANIELA CABRERA GUILLEN,51,7000,100,2691,5421,16610,150,145,61,27,46,19,17071,sí,https://www.facebook.com/DanielaCabreraConcejal,2025-05-27
MARIA BERTHA GUTIERREZ MENDOZA,50,0,0,62,51,470,85,23,42,14,5,59,714,sí,https://www.facebook.com/mariabertha.gutierrezmendoza,2025-06-02
CAROLINA ALIZON CHINO NICOLAS,46,6600,0,12,7,52,29,6,0,0,1,3,101,sí,https://www.facebook.com/carolinaalizon.chinonicolas/,2025-05-27
MARIA KHALINE MORENO CARDENAS,45,20000,182,239,364,1313,387,72,6,15,0,29,1957,sí,https://www.facebook.com/profile.php?id=100048470096823,2025-06-02
ANDREA BRUNA BARRIENTOS SAHONERO,45,20000,82,606,496,1788,195,651,80,175,38,15,3274,sí,https://www.facebook.com/AndreaBarrientosCC,2025-06-01
Mauro Landivar ,44,31000,181,3795,10383,6115,927,581,75,837,265,26,15250,no,https://www.facebook.com/profile.php?id=61552708002190,2025-05-28
Capiguara Libertaria,44,15053,0,405,561,2520,299,420,5,115,47,20,3364,no,https://www.facebook.com/luisita.balbian,2025-06-02
Maria Galindo,44,237000,0,1808,802,7500,1693,1088,10,57,101,95,10523,no,https://www.facebook.com/profile.php?id=100008591051800,2025-05-28
Lilibeth Coimbra ,44,63000,0,2714,1670,2634,120,1118,72,178,163,17,17067,no,https://www.facebook.com/LilibethCoimbra1,2025-05-27
Sayuri Loza,43,56000,0,440,728,1655,107,1947,609,11,189,21,11102,no,https://www.facebook.com/sayuri.loza,2025-05-30
ERICKA CHAVEZ AGUILERA,43,508,232,177,445,471,128,0,0,0,0,19,886,sí,https://www.facebook.com/erickachavezc45,2025-05-28
SILVANA MUCARZEL DEMETRY,42,9100,93,696,967,4098,880,32,8,152,95,48,5313,sí,https://www.facebook.com/silvanamucarzelconcejal/,2025-06-01
MARILU EUGENIA RAMOS MAMANI,42,0,0,0,0,1,0,0,0,0,0,0,1,sí,https://www.facebook.com/maria.eugenia.ramos.mamani.2025,2025-05-27
Rosario Callejas,42,9200,82,346,771,2434,171,111,21,24,8,25,821,no,https://www.facebook.com/RosarioCallejasConcejalGremial,2025-05-15
Roxana Pérez,40,19000,265,328,332,317,34,6,7,9,4,19,670,no,https://www.facebook.com/RoxanaPerezDelCastillo,2025-05-19
Coordinadora de la Mujer - Observatorio de Género BO,40,22000,0,63,213,219,18,4,0,0,1,5,432,no,https://www.facebook.com/CoordinadoraBO,2025-05-19
Rolando Schrupp,40,6439,0,252,191,730,25,124,5,7,4,2,2471,no,https://www.facebook.com/RolandoSchrupp,2025-06-02
ROSS MARY BRAVO SALAZAR,40,0,0,23,29,310,19,4,0,3,1,1,307,sí,https://www.facebook.com/RBSVGR/,2025-05-28
Miguel Calderon,39,292,0,27,13,44,0,27,0,1,0,0,108,no,https://www.facebook.com/miguel.calderongalindo,2025-06-03
CECILIA ISABEL REQUENA ZARATE,38,4500,160,58,831,829,47,1,20,126,14,27,1166,sí,https://www.facebook.com/CeciliaRequenaZarate,2025-05-30
LORENA ANAIZ PEREZ DAVALOS,36,7000,0,8,19,110,44,8,1,1,1,0,162,sí,https://www.facebook.com/lorena.a.davalos,2025-05-27
YESENIA YARHUI ALBINO,33,11000,231,14392,63430,50125,1801,2062,182,1655,492,112,54805,sí,https://www.facebook.com/yarhuiyesenia,2025-05-28
Nadia Montaño,30,13000,1900,104,58,190,35,4,0,0,1,2,937,no,https://www.facebook.com/nadiamontanortiz,2025-05-29
FABIOLA SIRPA LLUSCO,30,3000,0,4,5,17,0,13,0,0,0,0,30,sí,https://www.facebook.com/fabiola.sirpallusco,2025-05-28
MARLENE FERNANDEZ MEJIAS,28,59,0,4,34,32,10,0,1,0,0,0,44,sí,https://www.facebook.com/profile.php?id=61570246115119,2025-05-27
Cinthia Guidi,28,3721,0,15,872,1260,55,53,18,36,12,7,1054,no,https://www.facebook.com/profile.php?id=100089615726605,2025-06-02
Andrea Cabrera Zambrana ,27,11000,1500,60,84,270,35,25,8,35,3,3,379,no,https://www.facebook.com/andrea.cabrera.1023611,2025-06-01
Melania Torrico,25,20000,2800,186,46,50,3,211,1,11,0,0,552,no,https://www.facebook.com/melania.pericon,2025-05-27
YHISSEL MARISOL DAVALO LANCEA,25,2600,657,85,8,237,99,4,79,0,0,6,401,sí,https://www.facebook.com/nenita.savedra.7,2025-06-02
YENNY NADYA CLADERA SAENZ,24,0,0,233,321,565,94,6,2,3,10,13,980,sí,https://www.facebook.com/yenny.claderasaenz/,2025-05-27
Jimena Antelo,22,353000,124,1732,186,1472,69,1126,6,339,40,15,4044,no,https://www.facebook.com/JimenaAnteloOficial,2025-05-27
Roxana Duchên,22,61000,0,4790,13964,1800,69,2495,38,2,16,17,73364,no,https://www.facebook.com/RoxanaDuchenn,2025-05-27
ELIANA RINA ACOSTA QUISPE,21,0,0,76,32,230,51,9,0,0,1,2,309,sí,https://www.facebook.com/eliana.acosta.3150,2025-05-27
Paola Aguirre ,19,56000,19,1770,747,1453,419,4,1,0,0,25,3397,no,https://www.facebook.com/paolaaguirremelgar,2025-05-19
Mueres Creando,19,63000,67,44,143,541,47,10,7,2,3,13,0,no,https://www.facebook.com/MUJERESCREANDO1,2025-05-19
Silvana Mucarzel,18,9100,93,357,446,343,48,3,2,3,18,10,101,no,https://www.facebook.com/silvanamucarzelconcejal,2025-05-19
Angirü Bolivia ,18,4900,0,0,11,45,0,0,0,0,0,1,36,no,https://www.facebook.com/ColectivoAngiru,2025-05-19
María Patricia Arce,18,32000,16,115,81,355,15,27,75,15,17,0,239,no,https://www.facebook.com/PatriciaArceSitioOficial,2025-05-15
Ciberwarmis - Mujeres ayudando a mujeres,18,11000,0,13,73,59,54,0,0,0,0,14,184,no,https://www.facebook.com/Ciberwarmis.bo,2025-05-23
Jaime Dunn - Santa Cruz,17,1100,0,16,125,33,8,0,0,0,0,0,188,no,https://www.facebook.com/ActivismoLibertario,2025-05-27
Juventudes Liberales Bolivia ,17,2400,150,15,8,55,5,6,1,0,1,0,89,no,https://www.facebook.com/juventudliberalbolivia,2025-05-28
Por la vida de las mujeres,16,16000,0,1,19,0,0,0,0,0,0,0,83,no,https://www.facebook.com/Porlavidadelasmujeres.Bolivia,2025-05-19
Feminismo Comunitario Antipatriarcal,16,34000,0,9,67,144,0,0,2,0,2,0,57,no,https://www.facebook.com/feminismo.comunitario.Antipatriarcal,2025-05-19
Sara Andrea,15,148000,5,1439,2152,9103,1526,1193,463,8,58,86,17963,no,https://www.facebook.com/sarahandreabolivia,2025-05-28
Laura Luisa Nayar,14,38000,106,251,237,416,115,9,0,0,0,10,1145,no,https://www.facebook.com/luisanayars,2025-05-15
Wikimedistas de Bolivia,14,4300,0,1,13,5,0,0,0,0,0,0,31,no,https://www.facebook.com/wikimedistasdebolivia,2025-05-19
TOMASA YARHUI JACOME,14,2100,65,7,4,83,10,2,0,0,0,1,115,sí,https://www.facebook.com/TomasaYarhuiJ,2025-05-30
Andres Ortega,14,6300,0,23,38,233,15,10,0,1,5,1,265,no,https://www.facebook.com/pensardiferente,2025-05-28
Dimelza Rodriguez Quinsamolle,13,2500,0,57,77,106,5,4,3,5,0,3,236,no,https://www.facebook.com/profile.php?id=61570121371268,2025-05-27
KARINA PATRICIA LIEBERS CACERES,13,208,0,111,21,386,181,2,0,0,0,14,506,sí,https://www.facebook.com/karinalc3,2025-05-27
Erika J. Rivera,13,5300,335,4,4,20,5,0,0,8,3,0,36,no,https://www.facebook.com/erikajimena.riveravargas,2025-05-28
Susana Bejarano,13,7900,0,349,146,386,5,61,4,31,16,1,503,no,https://www.facebook.com/profile.php?id=772515640,2025-05-29
NATTY ELIZABETH FLORES VERASTEGUI,12,5100,0,53,2,511,150,0,11,0,1,23,768,sí,https://www.facebook.com/natty.floresverastegi,2025-05-27
Maria Rene Alvarez ,12,22000,266,52,345,119,0,2,3,49,13,1,274,no,https://www.facebook.com/MReneAlvarezScz,2025-05-15
DIANA ROCIO ROSALES MAMANI,12,711,0,0,0,5,6,2,0,0,0,0,13,sí,https://www.facebook.com/diana.mamani.967,2025-05-28
LUCILA MENDIETA PEREZ,12,389,0,0,5,6,0,0,2,0,0,2,10,sí,https://www.facebook.com/lucila.mendietaperez,2025-05-28
CLAUDIA MALLON VARGAS,12,5000,58,9,7,16,4,1,0,0,0,0,25,sí,https://www.facebook.com/ClauMallon/,2025-06-02
JESSICA ANNE JORDAN BURTON,11,0,0,152,12,214,127,7,2,0,0,67,417,sí,https://www.facebook.com/jessicajordanb,2025-06-01
Natalia Aparicio,10,7000,0,95,99,303,31,56,0,5,7,5,549,no,https://www.facebook.com/la.aparicioooo,2025-05-28
MARINA ISABEL CACHAMBI ALVAREZ,9,636,15,346,397,1351,205,25,0,0,0,10,1591,sí,https://www.facebook.com/profile.php?id=100063933884078,2025-05-27
Batalla Cultural.Bo,9,7000,0,358,1026,2216,53,32,0,6,10,3,2320,no,https://www.facebook.com/profile.php?id=61574943372897,2025-05-29
El Confesionario UCB ,9,29000,0,18,11,27,0,12,1,1,37,1,0,no,https://www.facebook.com/profile.php?id=100063830662612,2025-05-19
Carla Sandy Claure ,8,10000,0,108,24,66,2,58,1,16,11,2,0,no,https://www.facebook.com/carla.sandy.007,2025-05-28
Carola Antezana,8,582,0,12,2,22,14,0,0,0,0,3,63,no,https://www.facebook.com/carola.a.pantoja,2025-05-29
TORIBIA LERO QUISPE,7,192,0,36,58,73,4,0,23,5,2,4,111,sí,https://www.facebook.com/toribia.leroquispe,2025-05-27
Luciana Campero,7,11000,0,296,155,343,78,2,2,28,27,4,1462,no,https://www.facebook.com/lu.camperochavez,2025-05-15
Quya Reyna ,7,8800,0,221,181,519,352,35,1,0,2,56,0,no,https://www.facebook.com/quya.reyna,2025-05-28
Ana Lucía Velasco,7,2000,0,91,19,67,19,0,15,1,13,0,108,no,https://www.facebook.com/anavelascou,2025-05-29
Andrea Barrientos,7,20000,82,130,46,177,29,120,3,13,0,1,332,no,https://www.facebook.com/AndreaBarrientosCC,2025-05-15
Nadia Beller,7,22000,0,79,98,540,57,415,3,3,32,6,1056,no,https://www.facebook.com/nadia.beller.5,2025-05-30
Víctimas de Feminicidio e Infanticidio Bolivia ,6,15000,61,17,77,14,0,0,105,80,2,0,150,no,https://www.facebook.com/profile.php?id=100064532303161,2025-05-19
CLAUDIA ALIDA SALAS TAMBARE,5,48,0,53,13,163,59,0,0,0,0,2,318,sí,https://www.facebook.com/claudiaalida.salastambare,2025-05-28
Jhanisse V. Daza,5,9322,0,13,19,0,0,0,0,0,0,0,362,no,https://www.facebook.com/jhanisse,2025-06-02
FELIPA RAMOS MAMANI,5,0,0,26,0,10,0,0,1,0,2,0,13,sí,https://www.facebook.com/felipa.ramosmamani.9,2025-05-28
Joshua Bellot,5,6800,1700,24,4,126,16,6,0,0,0,1,120,no,https://www.facebook.com/joshua.bellott,2025-05-28
Salvaginas ,5,9600,431,0,2,0,0,0,0,0,0,0,8,no,https://www.facebook.com/ecofeministasBolivia,2025-05-19
Nelly Flores,4,0,0,0,0,0,0,0,0,0,0,0,0,no,https://www.facebook.com/profile.php?id=100049763891374,2025-06-02
La Pesada Subversiva ,4,5200,0,0,22,42,30,0,0,0,0,7,0,no,https://www.facebook.com/LaPesadaSubversiva,2025-05-19
Justicia Por Las Niñas ,4,7100,3300,87,306,222,4,1,18,96,6,4,738,no,https://www.facebook.com/justicia.ninos,2025-05-19
MARY ISABEL DEL LLANO ARCHONDO,4,0,0,17,1,68,59,0,0,0,0,5,132,sí,https://www.facebook.com/mary.delllano,2025-06-01
Omarth Luna,4,4700,0,3,5,14,3,26,0,0,0,0,0,no,https://www.facebook.com/OmarthLuna/,2025-05-27
Yessica Villarroel Caraballo,4,1827,0,0,2,6,0,2,0,0,0,0,8,no,https://www.facebook.com/yessica.villaroelcaraballo,2025-06-02
Pan y Rosas Bolivia,3,10000,256,3,34,0,0,0,0,0,0,0,48,no,https://www.facebook.com/panyrosasdebolivia,2025-05-19
YOLANDA YHARSINA RENGIFO MUR,3,604,55,0,0,5,4,0,0,0,0,0,9,sí,https://www.facebook.com/people/Yharsina-Rengifo-Diputada-por-Chuquisaca/100064235523785/,2025-05-28
Red LB Bol ,3,3900,0,1,0,17,9,0,0,0,0,2,0,no,https://www.facebook.com/red.lbbol,2025-05-19
Sofi Rocha,2,8000,2000,17,3,0,0,0,0,0,0,0,66,no,https://www.facebook.com/sofi.rocha.12,2025-05-27
SHIRLEY MALDONADO ALVAREZ,2,0,0,2,1,44,10,0,0,0,0,0,54,sí,https://www.facebook.com/profile.php?id=61576562194155,2025-05-28
Clau Pami'sh Rzy ,2,4100,0,10,4,25,3,0,0,0,0,1,29,no,https://www.facebook.com/pamizapatachu/,2025-05-27
Jeanine Añez,2,380000,39,557,237,1987,343,218,21,58,12,40,2600,no,https://www.facebook.com/jeanineanezc,2025-05-30
Daniela Cabrera,1,7000,100,0,0,0,0,0,0,0,0,0,13,no,https://www.facebook.com/DanielaCabreraConcejal,2025-05-15
Adriana Salvatierra,1,243000,4,261,10,912,242,204,1,9,3,67,1400,no,https://www.facebook.com/Adriana1989sa,2025-05-27
Lourdes Chambilla,1,3200,611,3,1,0,0,0,0,0,0,0,25,no,https://www.facebook.com/LuliChambilla,2025-05-19
Frente LIBRE ,1,1300,84,0,1,2,0,0,0,0,0,0,2,no,https://www.facebook.com/FrenteLiberalRepublicano,2025-06-02
Jorge Copa,1,3800,263,0,0,0,0,0,0,0,0,0,0,no,https://www.facebook.com/jorge.copa.716,2025-05-27
Mochas Copleras,1,5200,0,0,1,0,0,0,0,0,0,0,0,no,https://www.facebook.com/mochas.copleras,2025-05-19
Allele,1,931,19,0,5,0,0,0,0,0,0,0,24,no,https://www.facebook.com/AleleenBolivia,2025-05-27
Revuelta Malcriada,1,6900,0,0,0,11,0,2,0,1,0,0,0,no,https://www.facebook.com/ninasmalcriadasbolivia,2025-05-19
