nombre perfil,url perfil,candidato identificado,creación del perfil,seguidores,seguidos,fecha post,tipo de post,url post,comparticiones,comentarios,reacciones en total,me gusta,me encanta,me divierte,me entristece,me sorprende,me enoja,me importa,contenido
Ciberwarmis - Mujeres ayudando a mujeres,https://www.facebook.com/Ciberwarmis.bo,no,2020-04-21,11000,0,2025-07-18,post,https://www.facebook.com/share/1C2S2zSMPX/,1,0,38,27,11,0,0,0,0,0,
Ciberwarmis - Mujeres ayudando a mujeres,https://www.facebook.com/Ciberwarmis.bo,no,2020-04-21,11000,0,2025-07-20,post,https://www.facebook.com/share/p/19M4scz2Kp/,0,0,6,5,1,0,0,0,0,0,Las  #Ciberwarmis somos parte de este proceso de fortalecimiento a mujeres candidatas en #Chuquisaca
Ciberwarmis - Mujeres ayudando a mujeres,https://www.facebook.com/Ciberwarmis.bo,no,2020-04-21,11000,0,2025-07-20,post,https://www.facebook.com/share/p/16qUcXpsa9/,0,0,7,5,2,0,0,0,0,0,Las  #Ciberwarmis somos parte de este proceso de fortalecimiento a mujeres candidatas en #LaPaz
Ciberwarmis - Mujeres ayudando a mujeres,https://www.facebook.com/Ciberwarmis.bo,no,2020-04-21,11000,0,2025-07-20,post,https://www.facebook.com/share/p/1Nvrj1GUfF/,0,0,15,14,1,0,0,0,0,0,Las  #Ciberwarmis somos parte de este proceso de fortalecimiento a mujeres candidatas en #Potosí.
Ciberwarmis - Mujeres ayudando a mujeres,https://www.facebook.com/Ciberwarmis.bo,no,2020-04-21,11000,0,2025-07-20,post,https://www.facebook.com/share/p/15oH7Ja1xM/,1,0,12,9,3,0,0,0,0,0, Las #Ciberwarmis fuimos parte del proceso de fortalecimiento de mujeres candidatas en #Pando
Ciberwarmis - Mujeres ayudando a mujeres,https://www.facebook.com/Ciberwarmis.bo,no,2020-04-21,11000,0,2025-07-20,post,https://www.facebook.com/share/v/16tok2TcWz/,0,0,7,7,0,0,0,0,0,0,"Iniciamos el primer día del taller con candidatas en #Beni 
Evento convocado por la Coordinadora de la Mujer - Observatorio de Género BO en alianza con las #Ciberwarm… Ver más"
Ciberwarmis - Mujeres ayudando a mujeres,https://www.facebook.com/Ciberwarmis.bo,no,2020-04-21,11000,0,2025-07-21,post,https://www.facebook.com/share/p/19EqQi88Pa/,5,0,14,11,3,0,0,0,0,0,"¿Quieres saber si eres jurado/a electoral?
Ingresa https://yoparticipo.oep.org.bo/… Ver más"
Ciberwarmis - Mujeres ayudando a mujeres,https://www.facebook.com/Ciberwarmis.bo,no,2020-04-21,11000,0,2025-07-21,post,https://www.facebook.com/share/p/16zEmc6aoB/,0,0,3,3,0,0,0,0,0,0,
Ciberwarmis - Mujeres ayudando a mujeres,https://www.facebook.com/Ciberwarmis.bo,no,2020-04-21,11000,0,2025-07-22,post,https://www.facebook.com/share/p/1EtAma18bG/,1,0,15,13,2,0,0,0,0,0,"Coalición Nacional contra la Desinformación Electoral en Bolivia 
Enfrentar la desinformación es nuestro desafío y por eso nos organizamos. 
#Cib… Ver más"
Ciberwarmis - Mujeres ayudando a mujeres,https://www.facebook.com/Ciberwarmis.bo,no,2020-04-21,11000,0,2025-07-22,post,https://www.facebook.com/share/p/1CnRtExAVz/,8,1,18,12,6,0,0,0,0,0,"#DíaDeLaAmistad  
10 frases feministas sobre la amistad
E… Ver más"
Ciberwarmis - Mujeres ayudando a mujeres,https://www.facebook.com/Ciberwarmis.bo,no,2020-04-21,11000,0,2025-07-22,post,https://www.facebook.com/share/p/19BK3qXzMB/,0,0,2,2,0,0,0,0,0,0," Las #Ciberwarmis somos parte de este proceso de fortalecimiento a mujeres candidatas de #Cochabamba 
#El… Ver más"
