nombre perfil,url perfil,snapshot_date,creación del perfil,candidato identificado,seguidores,seguidos,fecha post,tipo de post,url post,comparticiones,comentarios,reacciones en total,me gusta,me encanta,me divierte,me entristece,me sorprende,me enoja,me importa,contenido
Nadia Beller,https://www.facebook.com/nadia.beller.5,2025-06-13,2009-03-01,no,22000,0,2025-03-07,post,https://www.facebook.com/share/p/1DxmTbZmbN/,26,1,46,0,0,0,0,0,0,0,No van a huir de la justicia
Nadia Beller,https://www.facebook.com/nadia.beller.5,2025-06-13,2009-03-01,no,22000,0,2025-03-07,post,https://www.facebook.com/share/p/1EmnbeqbG7/,50,9,122,0,0,0,0,0,0,0,¿Por qué les asusta tanto la reunión de dos políticos de la unidad que están compitiendo limpiamente y no se tratan como enemigos ? No los vi berrear igual cuando Tuto hizo su evento con Rubén (fuera de la unidad)
Nadia Beller,https://www.facebook.com/nadia.beller.5,2025-06-13,2009-03-01,no,22000,0,2025-03-08,post,https://www.facebook.com/share/p/1AW7JVHf6K/,26,2,103,0,0,0,0,0,0,0,"Hay miles de María Luisas en el país y en este día de la mujer quiero decirles que no están solas y que si ahora no entienden por que algunos las rescatan de donde no quieren ser rescatadas, el día de mañana lo van a agradecer.
En el Día de la Mujer, es urgente hablar de la violencia que no deja moretones visibles, pero que destruye desde adentro: la violencia psicológica y económica. Esa que somete, que normaliza el abuso, que hace … Ver más"
Nadia Beller,https://www.facebook.com/nadia.beller.5,2025-06-13,2009-03-01,no,22000,0,2025-03-10,post,https://www.facebook.com/share/p/1D8RFsFZPq/,4,12,175,0,0,0,0,0,0,0,Explicación gráfica del concepto de víctima-victimario
Nadia Beller,https://www.facebook.com/nadia.beller.5,2025-06-13,2009-03-01,no,22000,0,2025-03-11,post,https://www.facebook.com/share/p/17yTTCK9xQ/,20,4,51,0,0,0,0,0,0,0,"Imagina a un niño que, tras sobrevivir a un devastador incendio que le dejó quemaduras gravísimas, se recupera milagrosamente en un centro de acogida. Los medios celebr… Ver más"
Nadia Beller,https://www.facebook.com/nadia.beller.5,2025-06-13,2009-03-01,no,22000,0,2025-03-12,post,https://www.facebook.com/share/p/1L4AA6p45x/,35,19,338,0,0,0,0,0,0,0,"ATB Digital tienen que despedir al que redactó esta nota. No puede ser que en pleno 2025 estén con supersticiones y promoviendo que otros, por ignorancia, lastimen aves… Ver más"
Nadia Beller,https://www.facebook.com/nadia.beller.5,2025-06-13,2009-03-01,no,22000,0,2025-03-12,post,https://www.facebook.com/share/p/1DjvbXVKyU/,13,8,152,0,0,0,0,0,0,0,Liberen la importación de combustible sin restricciones y sin impuestos
Nadia Beller,https://www.facebook.com/nadia.beller.5,2025-06-13,2009-03-01,no,22000,0,2025-03-13,post,https://www.facebook.com/share/p/1FWGiHzNjE/,40,9,215,0,0,0,0,0,0,0,
Nadia Beller,https://www.facebook.com/nadia.beller.5,2025-06-13,2009-03-01,no,22000,0,2025-03-13,post,https://www.facebook.com/share/p/16fGyU6W2W/,75,5,307,0,0,0,0,0,0,0,"Se acuerdan del caso de la tortuga que alcoholizaron? 
Ya hay dos sentenciados, el dueño de la tortuga y el que la agarró, faltan los dos que le vierten las bebidas alc… Ver más"
Nadia Beller,https://www.facebook.com/nadia.beller.5,2025-06-13,2009-03-01,no,22000,0,2025-03-14,post,https://www.facebook.com/share/p/1LWnMF25Nn/,2,1,78,0,0,0,0,0,0,0,"Esta noche tenemos un live con Romulo Calvo Bravo , actual vocero de Manfred Reyes Villa, para hablar de su incursión en la política. 
Es una oportunidad para escuchar… Ver más"
Nadia Beller,https://www.facebook.com/nadia.beller.5,2025-06-13,2009-03-01,no,22000,0,2025-03-15,post,https://www.facebook.com/share/p/1gnbHETKQC/,5,8,105,0,0,0,0,0,0,0,48 bs te cobra Uber  por transportarte 10 cuadras. Maminga!!!! Ir al aeropuerto debe estar más caro que el pasaje de avión.
Nadia Beller,https://www.facebook.com/nadia.beller.5,2025-06-13,2009-03-01,no,22000,0,2025-03-15,post,https://www.facebook.com/share/p/16TfR7AqAX/,27,9,156,0,0,0,0,0,0,0,"Me pregunto, ¿cuál será el criterio de selección para estos juegos del hambre ?
60 cabezas de ganado por 350 kilos promedio de cada una, son 21000 kilos de carne al día… Ver más"
Nadia Beller,https://www.facebook.com/nadia.beller.5,2025-06-13,2009-03-01,no,22000,0,2025-03-15,post,https://www.facebook.com/share/p/1RDReg2eSd/,10,3,77,0,0,0,0,0,0,0,"El manual del perfecto fascista de las redes sociales que siguen las mentes pobres al pie de la letra: necesita un enemigo para existir. No importa quién sea, siempre hay que encontrar uno nuevo. Porque sin conflicto, no tiene contenido. Sin polémica, no tiene relevancia, por eso es que el fascismo de redes todo lo mediatiza, hasta sus conflictos personales, quiere a la gente convertida en barras bravas. El clásico ur-fascismo de Umbe… Ver más"
Nadia Beller,https://www.facebook.com/nadia.beller.5,2025-06-13,2009-03-01,no,22000,0,2025-03-16,post,https://www.facebook.com/share/p/1BWn48nuW5/,225,20,141,0,0,0,0,0,0,0,"Tenemos una nueva donación de menudo para los refugios. Se repartirá mañana lunes, a las 2:30 de la tarde, en el parque urbano segundo anillo"
Nadia Beller,https://www.facebook.com/nadia.beller.5,2025-06-13,2009-03-01,no,22000,0,2025-03-17,post,https://www.facebook.com/share/p/12A8MzXLjAd/,15,6,247,0,0,0,0,0,0,0,"Otro bendecido día en el que pudimos, con la ayuda de nuestros donantes, llevar pollito para los peluditos rescatados por los refugios.  
Gra… Ver más"
Nadia Beller,https://www.facebook.com/nadia.beller.5,2025-06-13,2009-03-01,no,22000,0,2025-03-17,post,https://www.facebook.com/share/p/19o5bMuBHs/,41,10,117,0,0,0,0,0,0,0,"Nos donaron 30 palets de madera para casitas o camitas de animalitos, se los obsequiará hoy mismo sólo a los refugios grandes. Interesados me escriben por favor "
Nadia Beller,https://www.facebook.com/nadia.beller.5,2025-06-13,2009-03-01,no,22000,0,2025-03-17,post,https://www.facebook.com/share/p/16eEDUEXQT/,1000,13,428,0,0,0,0,0,0,0,"Van a desalojar a la señora Gabriela Nuñez del terreno donde tiene 106 perros y 81 gatos. Tiene hasta mañana para desalojar, alguien que tenga una casa o terreno para que ella pueda cuidar de casera con sus animales por favor"
Nadia Beller,https://www.facebook.com/nadia.beller.5,2025-06-13,2009-03-01,no,22000,0,2025-03-18,post,https://www.facebook.com/share/p/16Ui4yD2P8/,649,5,108,0,0,0,0,0,0,0,"URGENTE
 Se necesita recuperar una bolsa con medicamentos… Ver más"
Nadia Beller,https://www.facebook.com/nadia.beller.5,2025-06-13,2009-03-01,no,22000,0,2025-03-20,post,https://www.facebook.com/share/p/1CCna1AhHR/,44,19,271,0,0,0,0,0,0,0,"Ahhh pero si un influencer dijera esto ya estaría procesado por discriminación y el gobierno haría su show de humillación.
¿Este tipo no conoce el código de las familia… Ver más"
Nadia Beller,https://www.facebook.com/nadia.beller.5,2025-06-13,2009-03-01,no,22000,0,2025-03-20,post,https://www.facebook.com/share/p/1PCJiJSy84/,20,4,155,0,0,0,0,0,0,0,"Mañana hay nueva donacion de casi una tonelada de menudo de pollito para los refugios de peluditos que no llegaron a recibir el lunes. Ya les avisamos por privado.
Dios siempre es bueno y provee "
Nadia Beller,https://www.facebook.com/nadia.beller.5,2025-06-13,2009-03-01,no,22000,0,2025-03-21,post,https://www.facebook.com/share/p/16S2LDB1iX/,36,10,410,0,0,0,0,0,0,0,"Si me preguntan para mí que es la felicidad, yo la resumiría en esto: en poder ayudar. Hoy pese a la lluvia y a mojarnos por completo, desde las 10 am hasta las 2 de la… Ver más"
Nadia Beller,https://www.facebook.com/nadia.beller.5,2025-06-13,2009-03-01,no,22000,0,2025-03-21,post,https://www.facebook.com/share/p/19WPQsASYA/,2,2,74,0,0,0,0,0,0,0,"En mi entrevista de hoy en El Deber Radio, analizamos las dificultades que enfrenta la oposición para cumplir con su propio acuerdo de definir, mediante una encuesta, a… Ver más"
Nadia Beller,https://www.facebook.com/nadia.beller.5,2025-06-13,2009-03-01,no,22000,0,2025-03-21,post,https://www.facebook.com/share/p/16bqGTcVvx/,452,20,370,0,0,0,0,0,0,0,"Se escapó el ocelote del CAD (por el tercer anillo de la avenida San Aurelio), por favor al que lo vea debe de devolverlo, la tenencia de animales silvestres es un deli… Ver más"
Nadia Beller,https://www.facebook.com/nadia.beller.5,2025-06-13,2009-03-01,no,22000,0,2025-03-22,post,https://www.facebook.com/share/p/19CHqj8CXe/,320,7,240,0,0,0,0,0,0,0,¡Indignante maltrato a los gatos comunitarios en el condominio San Diego!… Ver más
Nadia Beller,https://www.facebook.com/nadia.beller.5,2025-06-13,2009-03-01,no,22000,0,2025-03-22,post,https://www.facebook.com/share/v/19434qHsBU/,0,16,173,0,0,0,0,0,0,0,"Un día como hoy era tu cumpleaños, un día como hoy cumplirías 72 años. Aunque tu ausencia aún duele profundamente, no puedo hacer menos que honrarte, mamá, y agradecer … Ver más"
Nadia Beller,https://www.facebook.com/nadia.beller.5,2025-06-13,2009-03-01,no,22000,0,2025-03-23,post,https://www.facebook.com/share/p/15dLHCnz46/,22,1,256,0,0,0,0,0,0,0,¿Qué opinan? ¿Hay que preservar lo tradicional? 
Nadia Beller,https://www.facebook.com/nadia.beller.5,2025-06-13,2009-03-01,no,22000,0,2025-03-24,post,https://www.facebook.com/share/p/164ZwZuiGE/,28,25,539,0,0,0,0,0,0,0,"Empieza la cuenta regresiva para la liberación de Camacho, y no, no me refiero a las elecciones, porque sino hablaría de todos los presos políticos. Camacho saldrá libre en poco más de un mes"
Nadia Beller,https://www.facebook.com/nadia.beller.5,2025-06-13,2009-03-01,no,22000,0,2025-03-25,post,https://www.facebook.com/share/p/1BxXXjPhpg/,133,1,69,0,0,0,0,0,0,0,"Me escribe un amigo porque encontró a este gatito atropellado en la calle, no tuvo corazon para dejarlo ahí, lo levantó y lo llevó a su oficina hasta esta hora que reci… Ver más"
Nadia Beller,https://www.facebook.com/nadia.beller.5,2025-06-13,2009-03-01,no,22000,0,2025-03-26,post,https://www.facebook.com/share/p/14MFLPL2j7t/,51,1,69,0,0,0,0,0,0,0,"Actualización sobre “Teniente Dan”
El gatito que rescatamos ayer parece haber sido electrocutad@ o golpead@ a la altura de la columna. Tiene quem@duras y múltiples heri… Ver más"
Nadia Beller,https://www.facebook.com/nadia.beller.5,2025-06-13,2009-03-01,no,22000,0,2025-03-27,post,https://www.facebook.com/share/p/12LKSek1p46/,5,57,154,0,0,0,0,0,0,0,Encuestas de Captura Consulting para Red Uno de Bolivia. ¿Qué opinas?
Nadia Beller,https://www.facebook.com/nadia.beller.5,2025-06-13,2009-03-01,no,22000,0,2025-03-27,post,https://www.facebook.com/share/v/1CcenrUwto/,2,13,165,0,0,0,0,0,0,0,Teniente Dan comiendo hígado para reponerse de su anemia. Ya está con vendaje en sus patitas
Nadia Beller,https://www.facebook.com/nadia.beller.5,2025-06-13,2009-03-01,no,22000,0,2025-03-27,post,https://www.facebook.com/share/p/1Apywydqg3/,8,8,177,0,0,0,0,0,0,0,"Explicación gráfica del concepto: “El Mercado premia la eficiencia y castiga la obsolescencia”. En política pasa lo mismo. 
El mercado nos está regulando esta elección política. "
Nadia Beller,https://www.facebook.com/nadia.beller.5,2025-06-13,2009-03-01,no,22000,0,2025-03-28,post,https://www.facebook.com/share/p/194s8MeF1F/,12,23,93,0,0,0,0,0,0,0,Primarias Digitales de El Búnker: Entre Fallas Técnicas y Denuncias de Coacción… Ver más
Nadia Beller,https://www.facebook.com/nadia.beller.5,2025-06-13,2009-03-01,no,22000,0,2025-03-28,post,https://www.facebook.com/share/p/1AQCeQB9p8/,0,0,44,0,0,0,0,0,0,0,Capturaron a la ocelote del CAD 
Nadia Beller,https://www.facebook.com/nadia.beller.5,2025-06-13,2009-03-01,no,22000,0,2025-03-29,post,https://www.facebook.com/share/p/1GSXaiSYDE/,5,14,304,0,0,0,0,0,0,0,"Miren ese ramillete de gatitos gorditos y bonitos 
#GatitosComunitarios"
Nadia Beller,https://www.facebook.com/nadia.beller.5,2025-06-13,2009-03-01,no,22000,0,2025-03-30,post,https://www.facebook.com/share/p/15XbN2XPUQ/,207,14,293,0,0,0,0,0,0,0,Me avisaron que en el parqueo subterráneo del Ventura dejaron a este perrito encerrado con las ventanas cerradas; ya llamé a #Pofoma y me dicen que irán en este momento… Ver más
Nadia Beller,https://www.facebook.com/nadia.beller.5,2025-06-13,2009-03-01,no,22000,0,2025-03-30,post,https://www.facebook.com/share/p/1AYzjkDidM/,164,7,129,0,0,0,0,0,0,0,"Este bello príncipe Busca a sus dueños, es medianito y sumamente faldero. Ayúdenme a encontrar un hogar adoptivo por favor.
P.D. A vos que lo abandonaste no sabes como … Ver más"
Nadia Beller,https://www.facebook.com/nadia.beller.5,2025-06-13,2009-03-01,no,22000,0,2025-03-31,post,https://www.facebook.com/share/p/1CP2x4XM5D/,0,19,88,0,0,0,0,0,0,0,Hay esperanzas de ganarle al unificador del MAS hasta en segunda vuelta.
Nadia Beller,https://www.facebook.com/nadia.beller.5,2025-06-13,2009-03-01,no,22000,0,2025-03-31,post,https://www.facebook.com/share/p/1CqAjzMDNA/,0,2,12,0,0,0,0,0,0,0,"Gente… necesito ayuda
…. Mi sobrina tuvo que hacer unos videos para su tarea de la universidad. 
Ahora necesita likes en sus videos 
¿Me ayudan por favor entrando y … Ver más"
Nadia Beller,https://www.facebook.com/nadia.beller.5,2025-06-13,2009-03-01,no,22000,0,2025-04-01,post,https://www.facebook.com/share/p/1AdT2aM6Kt/,127,9,246,0,0,0,0,0,0,0,"Emergencia Biocidio masivo
Vecinos reportan que en la calle Las Dalias lado este, han envenenado a por lo menos 6 gatos de la cuadra.… Ver más"
Nadia Beller,https://www.facebook.com/nadia.beller.5,2025-06-13,2009-03-01,no,22000,0,2025-04-01,post,https://www.facebook.com/share/p/1AbG3kkZsf/,2,1,20,0,0,0,0,0,0,0,Exijimos que se les cumpla con el pago
Nadia Beller,https://www.facebook.com/nadia.beller.5,2025-06-13,2009-03-01,no,22000,0,2025-04-01,post,https://www.facebook.com/share/v/19JeP2juWK/,93,47,152,0,0,0,0,0,0,0,"POR FAVOR COMPARTIR
Imágenes sensibles 
Que pena tener que hacer esta publicación, pero es que me supera la rabia de pensar que juegan así con la salud de los animales y por ende con los sentimientos de las personas que confían en veterinarias que no están capacitadas para hacer bien su trabajo
Me da rabia haber hecho pasar por todo esto a Jack, después de todo lo que ya había sufrido en la calle … Ver más"
Nadia Beller,https://www.facebook.com/nadia.beller.5,2025-06-13,2009-03-01,no,22000,0,2025-04-01,post,https://www.facebook.com/share/p/16mdPvMMUV/,98,8,119,0,0,0,0,0,0,0,Tengo una donacion de un camión lleno de leña para que los refugios cocinen para sus rescataditos. Si algún Refugio está interesado me escribe por favor
Nadia Beller,https://www.facebook.com/nadia.beller.5,2025-06-13,2009-03-01,no,22000,0,2025-04-03,post,https://www.facebook.com/share/p/12M8uNy2vQz/,17,4,112,0,0,0,0,0,0,0,
Nadia Beller,https://www.facebook.com/nadia.beller.5,2025-06-13,2009-03-01,no,22000,0,2025-04-04,post,https://www.facebook.com/share/p/19CbXhBX98/,9,23,133,0,0,0,0,0,0,0,
Nadia Beller,https://www.facebook.com/nadia.beller.5,2025-06-13,2009-03-01,no,22000,0,2025-04-04,post,https://www.facebook.com/share/p/1CFaMR6zVF/,18,0,161,0,0,0,0,0,0,0,
Nadia Beller,https://www.facebook.com/nadia.beller.5,2025-06-13,2009-03-01,no,22000,0,2025-04-04,post,https://www.facebook.com/share/p/1ZLEwgh9Gf/,52,1,57,0,0,0,0,0,0,0,"Actualización: hoy 8 de abril fue dada de alta y se fué a su hogar adoptivo, no volverá alta cementerio 
 está estable pero todavía tiene que hacer dos semanas de trata… Ver más"
Nadia Beller,https://www.facebook.com/nadia.beller.5,2025-06-13,2009-03-01,no,22000,0,2025-04-05,post,https://www.facebook.com/share/p/18un7iAtMJ/,2,9,140,0,0,0,0,0,0,0,"Destacan las siguientes palabras de la publicación de Camacho: “EL BLOQUE DE UNIDAD DEBE SEGUIR ADELANTE, CUMPLIENDO LOS PASOS Y LOS ACUERDOS A LOS QUE NOS COMPROMETIMO… Ver más"
Nadia Beller,https://www.facebook.com/nadia.beller.5,2025-06-13,2009-03-01,no,22000,0,2025-04-05,post,https://www.facebook.com/share/p/15jxxLvvUX/,5,28,123,0,0,0,0,0,0,0,"Cuando dice que todos están equivocados menos él,
¿quién es el equivocado?
Aquí es el criterio de Tuto contra el de Camacho, Mesa, Vicente Cuellar, Amparo Ballivian y Samuel"
Nadia Beller,https://www.facebook.com/nadia.beller.5,2025-06-13,2009-03-01,no,22000,0,2025-04-06,post,https://www.facebook.com/share/p/1DXxFZmPmL/,16,20,185,0,0,0,0,0,0,0,"Los Tutistas están bravos y al ataque porque estamos exponiendo sus mentiras jurídicas e incoherencias, los pongamos más bravos. Aquí tienen la constancia de cómo se es… Ver más"
Nadia Beller,https://www.facebook.com/nadia.beller.5,2025-06-13,2009-03-01,no,22000,0,2025-04-06,post,https://www.facebook.com/share/p/1Cb4JRr5t5/,45,32,237,0,0,0,0,0,0,0,Tuto Quiroga y la traición a la unidad: del legalismo oportunista a la acusación infame… Ver más
Nadia Beller,https://www.facebook.com/nadia.beller.5,2025-06-13,2009-03-01,no,22000,0,2025-04-07,post,https://www.facebook.com/share/p/14L6x2YD3g6/,242,11,213,0,0,0,0,0,0,0,"Caso de maltrato animal en Yapacaní
En este momento, activistas en Yapacaní se encuentran en la Fuerza Especial de Lucha Contra el Crimen (FELCC) presentando la denunci… Ver más"
Nadia Beller,https://www.facebook.com/nadia.beller.5,2025-06-13,2009-03-01,no,22000,0,2025-04-07,post,https://www.facebook.com/share/p/1EKKRJjTrM/,4,8,110,0,0,0,0,0,0,0,"Tuto Quiroga anunció que incribirá su alianza con el FRI antes del 18 de abril, pero el FRI tiende una alianza vigente con Comunidad Ciudadana que NO ha sido disuelta y… Ver más"
Nadia Beller,https://www.facebook.com/nadia.beller.5,2025-06-13,2009-03-01,no,22000,0,2025-04-08,post,https://www.facebook.com/share/p/1YWDVeji89/,474,5,341,0,0,0,0,0,0,0,"Sobre el caso del perrito de #Yapacaní que fué arrastrado por una moto, los autores ya fueron identificados y la felcc está procediendo a buscarlos para notificarles, a… Ver más"
Nadia Beller,https://www.facebook.com/nadia.beller.5,2025-06-13,2009-03-01,no,22000,0,2025-04-09,post,https://www.facebook.com/share/p/19MZWDZSPa/,4,53,315,0,0,0,0,0,0,0,La unidad no es una o dos personas. Le tocará a Luis Fernando Camacho asumir el rol de articulador del bloque con valentía y carácter para sacar la unidad adelante y lograr el candidato único.
Nadia Beller,https://www.facebook.com/nadia.beller.5,2025-06-13,2009-03-01,no,22000,0,2025-04-09,post,https://www.facebook.com/share/p/18yM8rm4r4/,229,21,141,0,0,0,0,0,0,0,"Tenemos otra donación grande de menudo de pollito para repartir a los refugios para sus rescataditos
. Se repartirá mañana (10 de abril), a las 3 de la tarde, en el segundo anillo del parque urbano. Avisen por favor a los refugios que conozcan "
Nadia Beller,https://www.facebook.com/nadia.beller.5,2025-06-13,2009-03-01,no,22000,0,2025-04-09,post,https://www.facebook.com/share/p/1DNkmmG5mM/,2,0,89,0,0,0,0,0,0,0,"Carta de Luis Fernando Camacho.- 
A todo el pueblo boliviano:… Ver más"
Nadia Beller,https://www.facebook.com/nadia.beller.5,2025-06-13,2009-03-01,no,22000,0,2025-04-10,post,https://www.facebook.com/share/p/16UE3Qq2o8/,3,2,44,0,0,0,0,0,0,0,Muchísimas gracias doctora Nadia Beller  por esta hermosa donación de menudencias para los perritos de refugios ya q  por la situación del país muchos refugios la estam… Ver más
Nadia Beller,https://www.facebook.com/nadia.beller.5,2025-06-13,2009-03-01,no,22000,0,2025-04-10,post,https://www.facebook.com/share/p/16VgJXxFhZ/,26,7,336,0,0,0,0,0,0,0,"Gracias a una donación de nuestra empresa amiga anónima, pude distribuir menudo de pollo a más de 50 refugios y rescatistas independientes. Nunca habíamos llegado a t… Ver más"
Nadia Beller,https://www.facebook.com/nadia.beller.5,2025-06-13,2009-03-01,no,22000,0,2025-04-10,post,https://www.facebook.com/share/p/19FU1JtgEn/,47,2,177,0,0,0,0,0,0,0,"3.-Última Actualización: No resistió el bebé, acaba de fallecer , le vino un paro cardíaco 
1.-M… Ver más"
Nadia Beller,https://www.facebook.com/nadia.beller.5,2025-06-13,2009-03-01,no,22000,0,2025-04-10,post,https://www.facebook.com/share/p/1AdpLGKhRa/,17,11,155,0,0,0,0,0,0,0,"¡Es hoy, es hoy!
Con muchísima emoción les cuento que hoy estaremos repartiendo menudo de pollo para refugios grandes, pequeños y rescatistas independientes que luchan día a día por sus animalitos.
Creemos que esta vez la donación será aún más grande que las anteriores, y eso nos llena de alegría porque podremos llegar a muchos más refugios. La última vez ayudamos a más de 30 Refugios y con ello a miles de animalitos… ¡y hoy esper… Ver más"
Nadia Beller,https://www.facebook.com/nadia.beller.5,2025-06-13,2009-03-01,no,22000,0,2025-04-11,post,https://www.facebook.com/nadia.beller.5/posts/pfbid0N5K5ZiGjJU4FYURJAgUh8yNwdyhuYLgpiy9khADeYxq6nhSYm7vfEYDdNTAjbLghl,6,0,41,0,0,0,0,0,0,0,"Mi solidaridad con la Profe Ivi, ella es una mujer muy practica y realista, pero con un profundo amor por los animales. Todo el apoyo Ivi Bianucci"
Nadia Beller,https://www.facebook.com/nadia.beller.5,2025-06-13,2009-03-01,no,22000,0,2025-04-11,post,https://www.facebook.com/share/p/1AoEjevKT9/,3,0,32,0,0,0,0,0,0,0,Se suspendió la acción de Libertad de Jorge Valda para mañana a las 10 am. Se exige que Jorge Valda esté presente para asumir defensa.
Nadia Beller,https://www.facebook.com/nadia.beller.5,2025-06-13,2009-03-01,no,22000,0,2025-04-11,post,https://www.facebook.com/share/p/16De2zhokB/,1500,17,550,0,0,0,0,0,0,0,"Esta persona acaba de atropell@r a propósito a un perro en el cuarto anillo de la Piraí y se dió a la fuga.
Le tocaron bocina cuando el perro cruzaba, le daba para fren… Ver más"
Nadia Beller,https://www.facebook.com/nadia.beller.5,2025-06-13,2009-03-01,no,22000,0,2025-04-12,post,2025-04-12,0,0,0,0,0,0,0,0,0,0,
Nadia Beller,https://www.facebook.com/nadia.beller.5,2025-06-13,2009-03-01,no,22000,0,2025-04-12,post,https://www.facebook.com/nadia.beller.5/posts/pfbid0EKNEQimGRFzSnA3Ev3EGBWj2HDoL73HcEc63vHv956weXrH5NghHn8RwUzMKGCTBl,7,5,315,0,0,0,0,0,0,0,"Jorge Valda asumirá su defensa sin ninguna medida cautelar de carácter personal. Tiene libertad pura y simple 

Se emitió mandamiento de libertad inmediato"
Nadia Beller,https://www.facebook.com/nadia.beller.5,2025-06-13,2009-03-01,no,22000,0,2025-04-12,post,https://www.facebook.com/nadia.beller.5/posts/pfbid0wFA73ugZTeKGNufAv8mcx4mUWCLEorgshm3uZ4idBpPGANx5gmWpkmCEpS3X8vTjl,5,4,126,0,0,0,0,0,0,0,"En el caso de Jorge Valda la fiscalía ha solicitado medidas sustitutivas a la detención. Esperamos que esta tarde, en su audiencia cautelar, el juez sea objetivo y le dé libertad irrestricta #TodosSomosJorgeValda"
Nadia Beller,https://www.facebook.com/nadia.beller.5,2025-06-13,2009-03-01,no,22000,0,2025-04-13,post,https://www.facebook.com/share/p/19DKuJt9DD/,0,1,81,0,0,0,0,0,0,0,Acaba de fallecer el último escritor que quedaba del boom latinoamericano. Descansa en paz Mario Vargas Llosa
Nadia Beller,https://www.facebook.com/nadia.beller.5,2025-06-13,2009-03-01,no,22000,0,2025-04-13,post,https://www.facebook.com/share/v/1FdVfayz67/,5,0,95,0,0,0,0,0,0,0,"Ese super poder de hablar gatuñol es lo máximo. Octavia, la gatita del café cosmopolitan me pidió que le abra el grifo del baño para que tome agüita. "
Nadia Beller,https://www.facebook.com/nadia.beller.5,2025-06-13,2009-03-01,no,22000,0,2025-04-14,post,https://www.facebook.com/share/p/16tXSAgUgv/,179,6,193,0,0,0,0,0,0,0,Nuevo caso de biocidio en Yapacani: cuatro perros fueron envenenados con herbicida letal… Ver más
Nadia Beller,https://www.facebook.com/nadia.beller.5,2025-06-13,2009-03-01,no,22000,0,2025-04-16,post,https://www.facebook.com/share/p/19EF9Wisag/,19,4,169,0,0,0,0,0,0,0,Quienes estén en La Paz favor de acompañar a este gran analista a prestar su declaración
Nadia Beller,https://www.facebook.com/nadia.beller.5,2025-06-13,2009-03-01,no,22000,0,2025-04-16,post,https://www.facebook.com/share/p/1U1e9o8WeK/,1,0,186,0,0,0,0,0,0,0,Me pasan el dato que el Ingeniero Villegas ya prestó su declaracion y ya está fuera de las garras de la felcc y la fiscalía 
Nadia Beller,https://www.facebook.com/nadia.beller.5,2025-06-13,2009-03-01,no,22000,0,2025-04-16,post,https://www.facebook.com/share/p/19Ai3HYDZH/,10,4,93,0,0,0,0,0,0,0,"Citan a declarar a #JaimeDunn. Con las declaraciones de Zuñiga ese proceso se cae sólo, recordemos que Zuñiga dice que no los conoce.  Sin embargo es necesario que el p… Ver más"
Nadia Beller,https://www.facebook.com/nadia.beller.5,2025-06-13,2009-03-01,no,22000,0,2025-04-16,post,https://www.facebook.com/nadia.beller.5/posts/pfbid0ou27M6hxxgDpU37bRMvYeoQt6wnbNcQL7iJR2vLgQ61Fcwe4btY7LVZ24EpE7E96l,18,2,50,0,0,0,0,0,0,0,"Actualización: ya se encontró al dueño de la billetera y se la estàn yendo a devolver 
Me escribe mi amigo  Romel Andres Benavides Alvarez y me pide que le ayude a comp… Ver más"
Nadia Beller,https://www.facebook.com/nadia.beller.5,2025-06-13,2009-03-01,no,22000,0,2025-04-16,post,https://www.facebook.com/share/p/16PWPTfPhk/,17,52,230,0,0,0,0,0,0,0,"Ahora quiero ver a los Tutistas que se burlaban de los 100 días de Samuel, que dicen de los 48 días de Tuto. Si la propuesta de Samuel les parecía demagógica y nada ser… Ver más"
Nadia Beller,https://www.facebook.com/nadia.beller.5,2025-06-13,2009-03-01,no,22000,0,2025-04-17,post,https://www.facebook.com/share/p/1Bpox7Vkmi/,10,4,265,0,0,0,0,0,0,0,#LuisFernandoMorales por qué borras tus publicaciones? Crees que no hay capturas de pantalla? Crees que no hay testigos? No podes borrar con el codo lo que escribes con la mano. No seas cobarde 
Nadia Beller,https://www.facebook.com/nadia.beller.5,2025-06-13,2009-03-01,no,22000,0,2025-04-17,post,https://www.facebook.com/share/p/1DqEUDkx4K/,188,11,499,0,0,0,0,0,0,0,"DENUNCIA PÚBLICA
Hoy mismo presentaré una denuncia formal contra Luis Fernando Morales por acoso, hostigamiento, calumnias e injurias. Tendrá que probar ante la justici… Ver más"
Nadia Beller,https://www.facebook.com/nadia.beller.5,2025-06-13,2009-03-01,no,22000,0,2025-04-18,post,https://www.facebook.com/share/p/16o5EYGhAJ/,78,6,236,0,0,0,0,0,0,0,"Actualización del caso: En la zona no habían cámaras, los cocaleros que venden ahí dijeron que el perrito apareció por ahí mal, no saben de donde salió. Cuando llegó PO… Ver más"
Nadia Beller,https://www.facebook.com/nadia.beller.5,2025-06-13,2009-03-01,no,22000,0,2025-04-18,post,https://www.facebook.com/share/p/12MsDmLUU3v/,4,8,226,0,0,0,0,0,0,0,"El proceso sigue, la medida de detención preventiva es una medida excepcional.
Lo correcto es que las personas se defiendan en libertad cuando no tienen riesgo de fuga, la inocencia o culpabilidad recién se determinará en juicio oral."
Nadia Beller,https://www.facebook.com/nadia.beller.5,2025-06-13,2009-03-01,no,22000,0,2025-04-19,post,https://www.facebook.com/nadia.beller.5/posts/pfbid0rPqEwqV7yn2HMnY7KoQcWacXnhnUNMmLmyxJDZi1WkDWCuUX1sSC15W1C1ojmgrtl,0,10,84,0,0,0,0,0,0,0,"Para la señorita Ruth Sensano Urdininea, con amor eterno… Ver más"
Nadia Beller,https://www.facebook.com/nadia.beller.5,2025-06-13,2009-03-01,no,22000,0,2025-04-19,post,https://www.facebook.com/nadia.beller.5/posts/pfbid0wykTnBfmN59P8qB6RKw7ipwgsrs6BvVdtvoqc6SuTB6iP3A4DwhBU6grJNjf7tdcl,20,13,297,0,0,0,0,0,0,0,"¿De verdad la gran activista no quería que critiquemos el tumbe del Mutualista? 
 ¿Es activista por Santa Cruz o pro intereses personales? ¿Cómo podes pedirles a tus a… Ver más"
Nadia Beller,https://www.facebook.com/nadia.beller.5,2025-06-13,2009-03-01,no,22000,0,2025-04-19,post,https://www.facebook.com/share/p/15FLTbSBoH/,129,28,492,0,0,0,0,0,0,0,"Sigue mandando a jochear los petos y haciéndose la santa, la que ataca a todos sus amigos por línea baja y por medio de pejis cual guerreros digitales, solamente porque… Ver más"
Nadia Beller,https://www.facebook.com/nadia.beller.5,2025-06-13,2009-03-01,no,22000,0,2025-04-19,post,https://www.facebook.com/nadia.beller.5/videos/983117534002611/,92,18,349,0,0,0,0,0,0,0,"¿Chats falsos? Que no nos tome por tontos:
1./ Lilibeth Coimbra intenta desmentir los chats desdoblados por el IITCUT, diciendo que son “falsos” y que existen apps para… Ver más"
Nadia Beller,https://www.facebook.com/nadia.beller.5,2025-06-13,2009-03-01,no,22000,0,2025-04-20,post,https://www.facebook.com/share/p/1AVna6bSNa/,1,1,98,0,0,0,0,0,0,0,"Además son tan pero tan brut@s que intentan hacer creer que yo negocié 6 meses de sentencia, cuando la ley dice que podría enfrentar una condena de hasta 6 años y 8 meses, sin posibilidad de suspensión condicional de la pena"
Nadia Beller,https://www.facebook.com/nadia.beller.5,2025-06-13,2009-03-01,no,22000,0,2025-04-21,post,https://www.facebook.com/nadia.beller.5/posts/pfbid02gtYD5Yge8uYdgrE7mXdztymom6JoS1UNTFasBMTongnrwvK5u5uwU8F6hNGPLLBfl,10,3,91,0,0,0,0,0,0,0,Aprehendieron al diputado Richard Rivera cuando viajaba a La Paz para presentarse a declarar por el supuesto intento de golpe de Zuñiga
Nadia Beller,https://www.facebook.com/nadia.beller.5,2025-06-13,2009-03-01,no,22000,0,2025-04-21,post,https://www.facebook.com/share/p/1EnfL1GezC/,7,5,159,0,0,0,0,0,0,0,"El audio que hace circular el pseudo periodista Leandro Raúl Bravo, fué anoche difundido maliciosamente por la Señora Marcia Gomez Vargas, con fines discriminativos y d… Ver más"
Nadia Beller,https://www.facebook.com/nadia.beller.5,2025-06-13,2009-03-01,no,22000,0,2025-04-22,post,https://www.facebook.com/share/p/19WrNBoWxS/,15,2,76,0,0,0,0,0,0,0,"El video que circula en redes es del Brasil, no es en Santa Cruz y no es actual. Personas inescrupulosas adulteraron el audio e hicieron incurrir en error a varios medios de comunicación"
Nadia Beller,https://www.facebook.com/nadia.beller.5,2025-06-13,2009-03-01,no,22000,0,2025-04-22,post,https://www.facebook.com/share/p/19WBPozP5L/,23,0,86,0,0,0,0,0,0,0,#Choquehuanca pretende impedir que el Tribunal Agroambiental mañana declare al jaguar y su habitad como áreas de protección
Nadia Beller,https://www.facebook.com/nadia.beller.5,2025-06-13,2009-03-01,no,22000,0,2025-04-22,post,https://www.facebook.com/nadia.beller.5/videos/677820155205211/,7,10,54,0,0,0,0,0,0,0,Vida y homenaje al papa latinoamericano
Nadia Beller,https://www.facebook.com/nadia.beller.5,2025-06-13,2009-03-01,no,22000,0,2025-04-23,post,https://www.facebook.com/share/p/1BVHUmy7QY/,66,1,487,0,0,0,0,0,0,0,"Estos son los héroes de la jornada.
Magistrados que honran su investidura con decisiones valientes.… Ver más"
Nadia Beller,https://www.facebook.com/nadia.beller.5,2025-06-13,2009-03-01,no,22000,0,2025-04-23,post,https://www.facebook.com/nadia.beller.5/posts/pfbid0N4Djjgiz23NC3aThSSCvKWeNy5JRkGK6rhJP8FWWcc2c2BXb99Fiib9T67PSpJKSl,98,11,236,0,0,0,0,0,0,0,"Los nuevos Magistrados siguen dando alegrias al pueblo boliviano, esta vez fué el turno del Tribunal Agroambiental, que concedió Medidas Cautelares para la protección d… Ver más"
Nadia Beller,https://www.facebook.com/nadia.beller.5,2025-06-13,2009-03-01,no,22000,0,2025-04-23,post,https://www.facebook.com/share/p/1Ab4BHejPX/,2,0,36,0,0,0,0,0,0,0,"Richard Rivera se defenderá en libertad, le dieron medidas sustitutivas a la detención preventiva"
Nadia Beller,https://www.facebook.com/nadia.beller.5,2025-06-13,2009-03-01,no,22000,0,2025-04-23,post,https://www.facebook.com/nadia.beller.5/posts/pfbid02EVCFPjnpYMzZpjiFYBjoAJv5vijBnkr5N9x9DAQvN67Kbe3r3DeL6ez3mZV59f86l,14,0,57,0,0,0,0,0,0,0,"El Pacto Fiscal es importante, sí. Pero mientras tanto, en este preciso momento, se desarrolla una audiencia clave ante el Tribunal Agroambiental para proteger al jagua… Ver más"
Nadia Beller,https://www.facebook.com/nadia.beller.5,2025-06-13,2009-03-01,no,22000,0,2025-04-24,post,https://www.facebook.com/share/p/16cEeZpggN/,2,0,13,0,0,0,0,0,0,0,En estos momentos debe de estar declarando la Dra. Ana María Morales por el risorio caso de Zuñiga
Nadia Beller,https://www.facebook.com/nadia.beller.5,2025-06-13,2009-03-01,no,22000,0,2025-04-24,post,https://www.facebook.com/share/p/1CEMHoRn1n/,4,0,208,0,0,0,0,0,0,0,"Es un acto de valentía reconocer errores, lo aplaudo y acepto las disculpas.
Lamentablemente hay gente (ya identificada) que se dedica a manipular, mentir y difamar par… Ver más"
Nadia Beller,https://www.facebook.com/nadia.beller.5,2025-06-13,2009-03-01,no,22000,0,2025-04-25,post,https://www.facebook.com/share/p/16Fzv9WvuB/,20,2,104,0,0,0,0,0,0,0,"¿Por qué una mujer política no puede tener mérito propio?
La diputada Zenaida Rojas ha presentado un recurso de impugnación contra la alianza política entre Tuto Quirog… Ver más"
Nadia Beller,https://www.facebook.com/nadia.beller.5,2025-06-13,2009-03-01,no,22000,0,2025-04-25,post,https://www.facebook.com/share/p/1D86GBeMi7/,21,3,215,0,0,0,0,0,0,0,"Golpea al lobo hasta que muerde, para poder decir que el lobo es malo.… Ver más"
Nadia Beller,https://www.facebook.com/nadia.beller.5,2025-06-13,2009-03-01,no,22000,0,2025-04-25,post,https://www.facebook.com/share/p/16Aymsktc8/,3,0,113,0,0,0,0,0,0,0, Oficialmente ha sido sellado el ataúd del Papa Francisco. Ya es el momento del último adiós.… Ver más
Nadia Beller,https://www.facebook.com/nadia.beller.5,2025-06-13,2009-03-01,no,22000,0,2025-04-26,post,2025-04-26,0,0,0,0,0,0,0,0,0,0,
Nadia Beller,https://www.facebook.com/nadia.beller.5,2025-06-13,2009-03-01,no,22000,0,2025-04-26,post,https://www.facebook.com/share/v/1BqH7TKiDW/,63,5,184,0,0,0,0,0,0,0,"Este es el mundo de los que minimizan el dolor de un animal. Este es el mundo donde hay seres humanos capaces de hacerle esto a un pobre perro 
 
La Voz Patita gracias … Ver más"
Nadia Beller,https://www.facebook.com/nadia.beller.5,2025-06-13,2009-03-01,no,22000,0,2025-04-26,post,https://www.facebook.com/share/p/16Rk2wc3hk/,12,9,191,0,0,0,0,0,0,0,"La vulgaridad no constituye un aporte a la cultura. Hemos normalizado aplaudir el opachiste, la vulgaridad expresiva. Un referente cultural debe enaltecer el lenguaje y la jerga, no degradarlos con la ordinariez.”"
Nadia Beller,https://www.facebook.com/nadia.beller.5,2025-06-13,2009-03-01,no,22000,0,2025-04-29,post,https://www.facebook.com/share/p/1CEXPTqBUV/,19,2,132,0,0,0,0,0,0,0,"¡Buenas noticias! Mañana se llevará a cabo la audiencia de apelación contra la arbitraria resolución de la jueza Anay Añez, quien dispuso la suspensión condicional de l… Ver más"
Nadia Beller,https://www.facebook.com/nadia.beller.5,2025-06-13,2009-03-01,no,22000,0,2025-04-29,post,https://www.facebook.com/nadia.beller.5/posts/pfbid02AnvaL7115XGwmVwtAbr4zK5SM24cnVRwHsLdGywQTd4Mh2M9HXWcVg6vUNjZvjaEl,13,0,49,0,0,0,0,0,0,0,
Nadia Beller,https://www.facebook.com/nadia.beller.5,2025-06-13,2009-03-01,no,22000,0,2025-04-29,post,https://www.facebook.com/share/v/1FdrsHyop8/,52,16,70,0,0,0,0,0,0,0,"Actualización: Urbano no pudo vencer esta lucha
Su cuerpito cansado se rindió, tenía muchos problemas además de los gusanos. Infecciones, problemas renales y otros 
Se siente feo en el corazón no haber podido hacer nada más por el, queríamos que pueda tener una nueva vida…pero esta vez no se pudo
Ya descansa….… Ver más"
Nadia Beller,https://www.facebook.com/nadia.beller.5,2025-06-13,2009-03-01,no,22000,0,2025-04-29,post,https://www.facebook.com/share/p/1FmX5SA5Nz/,19,2,85,0,0,0,0,0,0,0,AUDIENCIA DE MEDIDAS CAUTELARES HOY… Ver más
Nadia Beller,https://www.facebook.com/nadia.beller.5,2025-06-13,2009-03-01,no,22000,0,2025-04-30,post,https://www.facebook.com/share/p/19MXazWjg7/,224,4,369,0,0,0,0,0,0,0,"Choquita se salvó 
Ahora se busca hogar temporal o definitivo urgente, ella ya está sanita, no puede seguir en la veterinaria porque su deuda ya es más de 8000 bs.
P… Ver más"
Nadia Beller,https://www.facebook.com/nadia.beller.5,2025-06-13,2009-03-01,no,22000,0,2025-04-30,post,https://www.facebook.com/share/p/152vPkwdc8g/,45,8,322,0,0,0,0,0,0,0,"Lo bajaron!!!!!
Gracias a la gestión del equipo de biodiversidad de la gobernación y al apoyo de la #CRE, que prestó su grúa y personal, pese a que los cables eran de … Ver más"
Nadia Beller,https://www.facebook.com/nadia.beller.5,2025-06-13,2009-03-01,no,22000,0,2025-04-30,post,https://www.facebook.com/share/p/15zNxct92b/,204,16,260,0,0,0,0,0,0,0,"Del aparato estatal a la manipulación judicial: Juez Lilian Moreno anula orden de aprehensión contra Evo Morales
La juez de garantías Lilian Moreno, ex funcionaria del … Ver más"
Nadia Beller,https://www.facebook.com/nadia.beller.5,2025-06-13,2009-03-01,no,22000,0,2025-04-30,post,https://www.facebook.com/share/p/1NeUB67w3h/,37,9,119,0,0,0,0,0,0,0,¡Tengo un notición que me llena el corazón! La Orquesta Armónica Cruceña ofrecerá cinco conciertos solidarios en homenaje a los 200 años de liberación de nuestra amada … Ver más
Nadia Beller,https://www.facebook.com/nadia.beller.5,2025-06-13,2009-03-01,no,22000,0,2025-05-02,post,https://www.facebook.com/share/p/1DxuPiD2BP/,27,16,83,0,0,0,0,0,0,0,"Es posible que pueda conseguír donación de carnecita en la ciudad de La Paz y Cochabamba, no conozco muchos Refugios de animalitos allá, ¿podrían darme nombres por favor y de ser posible teléfonos?"
Nadia Beller,https://www.facebook.com/nadia.beller.5,2025-06-13,2009-03-01,no,22000,0,2025-05-02,post,https://www.facebook.com/share/p/16iTaadyua/,3,1,205,0,0,0,0,0,0,0,Hoy puede ser el día en que liberen a Luis Fernando Camacho. Que Dios ilumine por fin a esos jueces para que se aparten de su mirada politizada y actúen de acuerdo a la Ley
Nadia Beller,https://www.facebook.com/nadia.beller.5,2025-06-13,2009-03-01,no,22000,0,2025-05-02,post,https://www.facebook.com/share/p/19F2A9frHT/,358,1,191,0,0,0,0,0,0,0,"Actualización: El Refugio Huella Animal ya está recogiendo a la perrita.
Urgente 
 me escriben para decirme que el Interno 21 de la Línea 127 atropelló a una perrita e… Ver más"
Nadia Beller,https://www.facebook.com/nadia.beller.5,2025-06-13,2009-03-01,no,22000,0,2025-05-02,post,https://www.facebook.com/nadia.beller.5/posts/pfbid02T2XvsWKqUwDK39wWRypnSBdA3hdiTAxyD2F6uyaFdFzYZbKe5PYiXYcWyf43DddXl,2,0,50,0,0,0,0,0,0,0,El periodista Jhon John Arandia Periodista revela que aparecieron más víctimas de Evo Morales
Nadia Beller,https://www.facebook.com/nadia.beller.5,2025-06-13,2009-03-01,no,22000,0,2025-05-03,post,https://www.facebook.com/share/p/16FZWEXEfY/,5,0,32,0,0,0,0,0,0,0,Lo que no lograron por la justicia lo quieren lograr por la fuerza
Nadia Beller,https://www.facebook.com/nadia.beller.5,2025-06-13,2009-03-01,no,22000,0,2025-05-03,post,https://www.facebook.com/share/p/1AcvTFYexD/,2,3,91,0,0,0,0,0,0,0,"Ante la convocatoria de los tonguistas para hacer vigilia afuera del Concejo, yo solo digo: San Pedro, hacete ver."
Nadia Beller,https://www.facebook.com/nadia.beller.5,2025-06-13,2009-03-01,no,22000,0,2025-05-04,post,https://www.facebook.com/share/p/1RYZe8FUTM/,2,0,76,0,0,0,0,0,0,0,"La Unión está convocando para las 4, si la policía llega a las 3:30 los aplaudimos? #YaAcabóTodo "
Nadia Beller,https://www.facebook.com/nadia.beller.5,2025-06-13,2009-03-01,no,22000,0,2025-05-04,post,2025-05-04,0,0,0,0,0,0,0,0,0,0,
Nadia Beller,https://www.facebook.com/nadia.beller.5,2025-06-13,2009-03-01,no,22000,0,2025-05-04,post,https://www.facebook.com/share/p/167mxJYNt5/,4,1,49,0,0,0,0,0,0,0,Comité pro Santa Cruz no es momento de declaraciones. ¡Hagan algo ahora!
Nadia Beller,https://www.facebook.com/nadia.beller.5,2025-06-13,2009-03-01,no,22000,0,2025-05-04,post,https://www.facebook.com/share/p/1HDuhkW5gf/,22,3,158,0,0,0,0,0,0,0,"QUE VAYAN PRESOS: Un grupo de vánd@los dañó la Casona I, donde funcionan las oficinas administrativas del concejo municipal de Santa Cruz de la Sierra, para impedir una… Ver más"
Nadia Beller,https://www.facebook.com/nadia.beller.5,2025-06-13,2009-03-01,no,22000,0,2025-05-05,post,https://www.facebook.com/share/v/1ApG7QpEi8/,86,13,235,0,0,0,0,0,0,0,"Carrera de Caballos en San José termina con un caballo muerto y un jinete herido. 
El 1 de mayo, en el marco de la fiesta patronal de San José, se llevó a cabo una carr… Ver más"
Nadia Beller,https://www.facebook.com/nadia.beller.5,2025-06-13,2009-03-01,no,22000,0,2025-05-05,post,https://www.facebook.com/share/p/14EL9rZdGRH/,5,7,69,0,0,0,0,0,0,0,Hoy a las 9 am hay un amparo presentado por los concejales suplentes de UCS contra la presidente del TDE. Pretenden se ordene que les entreguen credenciales para que los suplentes de Alcocer y Mucarzel asuman como titulares.
Nadia Beller,https://www.facebook.com/nadia.beller.5,2025-06-13,2009-03-01,no,22000,0,2025-05-06,post,https://www.facebook.com/nadia.beller.5/posts/pfbid02Xi95LmzSBD8nA7zysBGYRF4dMBa894nctCJvRigvAPbwwFARqyVSwxagbthGkZ3Fl,80,2,54,0,0,0,0,0,0,0,"Canasta de michitos rescatados enfermos, vuelan en fiebre, se les acaba de hacer análisis, no tienen respuesta de médula, hay que internar y hacer test para ver posible… Ver más"
Nadia Beller,https://www.facebook.com/nadia.beller.5,2025-06-13,2009-03-01,no,22000,0,2025-05-06,post,https://www.facebook.com/share/p/1AaAuEtkQi/,17,7,81,0,0,0,0,0,0,0,"Quieren ganar en mesa lo que no pueden ganar en cancha.
Por medio de una acción popular piden que se anule la personería jurídica de ADN, Pan-Bol, MNR, PDC, Sumate, UN y Demócratas"
Nadia Beller,https://www.facebook.com/nadia.beller.5,2025-06-13,2009-03-01,no,22000,0,2025-05-07,post,https://www.facebook.com/veronica.larrieu/posts/pfbid0zSAExTqsxQ5Pe63K7QRBr2PFcPFKBDhR5tvr8o2Qkq4uaZQAvtqJjnPjdcxtEyMrl,120,13,86,0,0,0,0,0,0,0,"ALMA ha sido dada de alta! 
Contra todo pronóstico está pequeña sobrevivió a un atropello que le ocasionó múltiples fracturas y una hemorragia interna terrible! 
Sus chances de sobrevivir eran muy pocos pero segura de que ella iba a luchar incansablemente por vivir, pedí al Dr de Clínica Veterinaria Terrapet que le hiciera una transfusión de sangre para darle tiempo a que pueda pelear por su vida y ahora sé que tome la decisión correcta…Alma lo logró!!!
Ella ya tiene también … Ver más"
Nadia Beller,https://www.facebook.com/nadia.beller.5,2025-06-13,2009-03-01,no,22000,0,2025-05-07,post,https://www.facebook.com/nadia.beller.5/posts/pfbid02Hd7fsmB4ku9kvBez7NJaGNMTNeZwVN2jf4qknPB9J2Dcr1ULrnf5y1c2CT5jmx6l,327,10,250,0,0,0,0,0,0,0,"ACTUALIZACIÓN: La estafadora ya borró la publicación y restringió su perfil. 
No se dejen engañar con esta publicación, es una estafa, ahí pueden ver de donde robó la f… Ver más"
Nadia Beller,https://www.facebook.com/nadia.beller.5,2025-06-13,2009-03-01,no,22000,0,2025-05-08,post,https://www.facebook.com/nadia.beller.5/posts/pfbid02RnnNNMTuYLDVi7PR3mSStwV4EDbK5cv4MbTGec4hqaec5AHysF2Zyc39LoY1z3vBl,2,8,93,0,0,0,0,0,0,0,¿ HÉROE O VILLANO? 
Nadia Beller,https://www.facebook.com/nadia.beller.5,2025-06-13,2009-03-01,no,22000,0,2025-05-08,post,https://www.facebook.com/share/p/19AoTBfmzm/,1,2,46,0,0,0,0,0,0,0,"Habemus Papam.
Fumata blanca."
Nadia Beller,https://www.facebook.com/nadia.beller.5,2025-06-13,2009-03-01,no,22000,0,2025-05-08,post,https://www.facebook.com/share/p/1FmZ3X44h1/,56,4,41,0,0,0,0,0,0,0,"Rescate de emergencia!
  Ya està en la veterinaria tiene una protuberancia (un tumor) de 7 u 8cm en maxilar derecho inferior (altura de macetero) y 40,5 de temperatura… Ver más"
Nadia Beller,https://www.facebook.com/nadia.beller.5,2025-06-13,2009-03-01,no,22000,0,2025-05-09,post,https://www.facebook.com/share/v/1AjNKL7Kgg/,16,2,39,0,0,0,0,0,0,0,"Ayer me pidieron ayuda para un gatito que no se podía mover, tirado en el canal cotoca, tercer anillo. Lo llevamos de urgencia a una veterinaria. Tenía 40.5 de fiebre y… Ver más"
Nadia Beller,https://www.facebook.com/nadia.beller.5,2025-06-13,2009-03-01,no,22000,0,2025-05-09,post,https://www.facebook.com/share/p/1AUE9Lv3Ln/,230,3,380,0,0,0,0,0,0,0,"¡#URGENTE! Esto no puede seguir así, Jhonny està mat@ndo a la gente de hambre. … Ver más"
Nadia Beller,https://www.facebook.com/nadia.beller.5,2025-06-13,2009-03-01,no,22000,0,2025-05-10,post,2025-05-10,9,23,295,0,0,0,0,0,0,0,
Nadia Beller,https://www.facebook.com/nadia.beller.5,2025-06-13,2009-03-01,no,22000,0,2025-05-11,post,https://www.facebook.com/share/p/1JWLnYfbAg/,17,11,125,0,0,0,0,0,0,0,"La historia se repite, no cambian la estrategia. ¿Se acuerdan de las listas negras de enemigos que hacían circular el 2019?, ¡Qué gustarles achacarle listas negras a Ca… Ver más"
Nadia Beller,https://www.facebook.com/nadia.beller.5,2025-06-13,2009-03-01,no,22000,0,2025-05-11,post,https://www.facebook.com/share/p/15FbUHTMMh/,2,8,82,0,0,0,0,0,0,0,"No sé qué me causa más gracia: Si la guerra sucia que le hacen al bloque de unidad sin que haya salido nada oficial del bloque (por puro chisme), o la gente que se ataca pensando que su apoyo se debía pagar con una pega."
Nadia Beller,https://www.facebook.com/nadia.beller.5,2025-06-13,2009-03-01,no,22000,0,2025-05-12,post,https://www.facebook.com/share/p/16kojQLQSE/,5,17,107,0,0,0,0,0,0,0,"Particularmente, considero valiosas a dos parlamentarias cruceñas: Luisa Nayar y María René Álvarez. También, aunque no coincida la mayor parte del tiempo con ella, soy… Ver más"
Nadia Beller,https://www.facebook.com/nadia.beller.5,2025-06-13,2009-03-01,no,22000,0,2025-05-12,post,https://www.facebook.com/share/p/1Ddjwp7tyW/,6,18,156,0,0,0,0,0,0,0,Rafa Hurtado y Andrea Barrientos niegan tener alguna puerta cerrada o estar en alguna lista de vetos. Andrea lo desmiente de una forma muy ingeniosa 
Nadia Beller,https://www.facebook.com/nadia.beller.5,2025-06-13,2009-03-01,no,22000,0,2025-05-12,post,https://www.facebook.com/share/p/1GeCFcYJi8/,23,30,185,0,0,0,0,0,0,0,"La unidad no era un botín
Cuando se firmó el acuerdo del bloque de unidad, se lo hizo con una convicción innegociable: derrotar al MAS. No fue un pacto de reparto, ni un arreglo de cargos, ni una concesión para garantizar empleos. Se acordó realizar una encuesta para definir al candidato con mayor respaldo y, sobre esa base, el compromiso fue claro: quien pierda, apoya al que gane. Así de claro. Así de simple.
Carlos Mesa, Tuto Quir… Ver más"
Nadia Beller,https://www.facebook.com/nadia.beller.5,2025-06-13,2009-03-01,no,22000,0,2025-05-13,post,https://www.facebook.com/share/p/18zG3Ta5Ak/,35,15,241,0,0,0,0,0,0,0,"Arce está declinando su candidatura y en el Tribunal constitucional están debatiendo un recurso de inconstitucionalidad a esta hora, que podría habilitar o inhabilitar a Evo. Hay magistrados que quieren habilitarlo"
Nadia Beller,https://www.facebook.com/nadia.beller.5,2025-06-13,2009-03-01,no,22000,0,2025-05-14,post,https://www.facebook.com/share/p/12LvYAsa9nV/,3,22,100,0,0,0,0,0,0,0,"Supuestos candidatos a Vicepresidentes de la oposición:
-Manfred con Rómulo Calvo, aunque Medrano está moviéndose para ser él
-Tuto con Juan Velasco
-Samuel con Lupo"
Nadia Beller,https://www.facebook.com/nadia.beller.5,2025-06-13,2009-03-01,no,22000,0,2025-05-14,post,https://www.facebook.com/nadia.beller.5/posts/pfbid0342K6F4BxKUvqCuAV4Frr2k7gQCSjxjhcTj2DJgNZ2TTdJT8Q7iB6Mq5kFzgZPQTpl,26,24,600,0,0,0,0,0,0,0,"Evo inhabilitado por unanimidad. 
Siguen en sala plena pero ya estàn terminando, el tema està cerrado"
Nadia Beller,https://www.facebook.com/nadia.beller.5,2025-06-13,2009-03-01,no,22000,0,2025-05-14,post,https://www.facebook.com/share/p/1CStGDdzKt/,26,6,143,0,0,0,0,0,0,0,En respuesta a las payasadas jurídicas de la defensa de Evo y sobre la aplicación de la sentencia constitucional que declara inconstitucional la reelección continua o d… Ver más
Nadia Beller,https://www.facebook.com/nadia.beller.5,2025-06-13,2009-03-01,no,22000,0,2025-05-14,post,https://www.facebook.com/share/p/1B3roPK9U1/,14,20,292,0,0,0,0,0,0,0,"Primer candidato a Vicepresidente. José Luis Lupo buscará gobernar el país junto a Samuel a Doria Medina.
José Luis Lupo nació en Vallegrande, Santa Cruz. Miembro de un… Ver más"
Nadia Beller,https://www.facebook.com/nadia.beller.5,2025-06-13,2009-03-01,no,22000,0,2025-05-15,post,https://www.facebook.com/share/p/1C972brmSN/,5,7,90,0,0,0,0,0,0,0,"Otro de los grandes ausentes de la noche fué Rubén Costas, quien no apoya a su exitoso sobrino Juan Velasco en esta vertiginosa candidatura a la vicepresidencia del país. Quiso #Vetarlo y respaldar a los botados, pero Tuto dijo: NO"
Nadia Beller,https://www.facebook.com/nadia.beller.5,2025-06-13,2009-03-01,no,22000,0,2025-05-16,post,https://www.facebook.com/share/p/18uHnuUvGk/,7,19,182,0,0,0,0,0,0,0,"Supuestamente Rodrigo Paz abandonaría hoy su pretensión de ser candidato a Presidente
(Noticia por confirmar)"
Nadia Beller,https://www.facebook.com/nadia.beller.5,2025-06-13,2009-03-01,no,22000,0,2025-05-16,post,https://www.facebook.com/share/p/1aewuLbWmz/,21,10,176,0,0,0,0,0,0,0,El destino de los artificios. “No hay inventor que no se joda con su propio invento”… Ver más
Nadia Beller,https://www.facebook.com/nadia.beller.5,2025-06-13,2009-03-01,no,22000,0,2025-05-17,post,https://www.facebook.com/share/p/1F5prLPkcS/,99,16,346,0,0,0,0,0,0,0,"Dijeron que la marcha era para inscribir su candidatura. En realidad, Evo Morales fue escoltado entre la gente rumbo a una embajada. No fue un acto político, fue una huída encubierta. ¿Qué país protegerá al sindicado de pedofili@?"
Nadia Beller,https://www.facebook.com/nadia.beller.5,2025-06-13,2009-03-01,no,22000,0,2025-05-17,post,https://www.facebook.com/share/p/162k7J94Be/,25,3,129,0,0,0,0,0,0,0,Vladimir Peña necesita de la ayuda de todos nosotros
Nadia Beller,https://www.facebook.com/nadia.beller.5,2025-06-13,2009-03-01,no,22000,0,2025-05-18,post,https://www.facebook.com/share/p/16mTs4CDTv/,0,5,21,0,0,0,0,0,0,0,"Es fake señoras y señores. Enrique Bruno no es candidato de Andrónico, dice que ni siquiera lo conoce."
Nadia Beller,https://www.facebook.com/nadia.beller.5,2025-06-13,2009-03-01,no,22000,0,2025-05-18,post,https://www.facebook.com/share/p/1AhE7JUmUY/,6,10,130,0,0,0,0,0,0,0,Pregúntale… porque ha robado un trozo de mi vida… es un ladrón que me ha robado todo
Nadia Beller,https://www.facebook.com/nadia.beller.5,2025-06-13,2009-03-01,no,22000,0,2025-05-19,post,https://www.facebook.com/share/p/1BkawdFNP3/,20,5,140,0,0,0,0,0,0,0,"No es ninguna sorpresa que Tano Ayala sea candidato de Andrónico, es de los tránsfugas de José Carlos Gutierrez. Toditos vendidos al masismo .
Leonardo Ayala era el jef… Ver más"
Nadia Beller,https://www.facebook.com/nadia.beller.5,2025-06-13,2009-03-01,no,22000,0,2025-05-19,post,https://www.facebook.com/share/p/1ZdSLSGZHi/,13,3,220,0,0,0,0,0,0,0,"No se equivoquen, la UCS no es opción para Andrónico. También estàn a punto de perder su personería por supuestamente haber falsificado la firma de Mucarzel en las facturas que presentaron para su informe económico al TSE."
Nadia Beller,https://www.facebook.com/nadia.beller.5,2025-06-13,2009-03-01,no,22000,0,2025-05-19,post,https://www.facebook.com/share/p/16QxyLJArA/,7,15,267,0,0,0,0,0,0,0,Cualquier parecido con la realidad es mera coincidencia
Nadia Beller,https://www.facebook.com/nadia.beller.5,2025-06-13,2009-03-01,no,22000,0,2025-05-20,post,https://www.facebook.com/nadia.beller.5/posts/pfbid0auFZEHXVMRnv9e69eEH5aaKSpdLG2iHsP753dQe9VGuWobp3UUpFZpYEkRWSH6vyl,4,6,164,0,0,0,0,0,0,0,"Tiembla el país, empiezan a aparecer las Valkirias de Evo listas para la convulsión."
Nadia Beller,https://www.facebook.com/nadia.beller.5,2025-06-13,2009-03-01,no,22000,0,2025-05-20,post,https://www.facebook.com/nadia.beller.5/posts/pfbid036xu946N87Tsg691qFU9nNmZ9yb6JyF7jDqw5MpSENJ6XqHemuKWPB3ESLxMhHqQel,2,16,231,0,0,0,0,0,0,0,Si veo a una prox3net@ de Gimnasio la voy a exponer.
Nadia Beller,https://www.facebook.com/nadia.beller.5,2025-06-13,2009-03-01,no,22000,0,2025-05-23,post,https://www.facebook.com/nadia.beller.5/posts/pfbid02jZj63YAPMQ3AsSJBoTtALxfJFtUDo9de4nrCncbbidZ5mxEtWJ16KEka5a4BpbZJl,1,6,111,0,0,0,0,0,0,0,"Me avisaron de una nueva manipulación. Yo sólo digo, Si ya tiene el DVR, que muestre una hora antes que pasó, tiene cámaras en la calle, no quería que se muestren los videos? Que muestre ella todo, no sólo lo que le conviene."
Nadia Beller,https://www.facebook.com/nadia.beller.5,2025-06-13,2009-03-01,no,22000,0,2025-05-25,post,https://www.facebook.com/nadia.beller.5/posts/pfbid02TRMoK6hqMCbguTghzCx2esQqggzXJABBtaACPbGgqdfjtoUw1pEsXMshBoCV4CMwl,25,52,213,0,0,0,0,0,0,0,"¿Prohibir el socialismo para ser libres?
El reciente artículo de Agustín Zambrana Arze, vicepresidente del Comité Pro Santa Cruz, propone prohibir el socialismo por ley… Ver más"
Nadia Beller,https://www.facebook.com/nadia.beller.5,2025-06-13,2009-03-01,no,22000,0,2025-05-26,post,https://www.facebook.com/share/p/1Hsipe7pUj/,7,4,94,0,0,0,0,0,0,0,Dejan sin efecto la resolución de cancelación de personería jurídica del partido de Evo (Pan-Bol) y ordenan se dicte nueva resolución más fundamentada
Nadia Beller,https://www.facebook.com/nadia.beller.5,2025-06-13,2009-03-01,no,22000,0,2025-05-26,post,https://www.facebook.com/share/p/1FJGnex24X/,0,5,106,0,0,0,0,0,0,0,Sala constitucional del Beni ordena la cancelación de la personería del MTS. Partido por el que Andrónico postulaba
Nadia Beller,https://www.facebook.com/nadia.beller.5,2025-06-03,2009-03-01,no,22000,0,2025-05-27,post,https://www.facebook.com/share/p/1LZzCC3ead/,9,4,141,12,0,126,0,3,0,0,Jhonny al ver que Andrónico retiró su candidatura con el MtS
Nadia Beller,https://www.facebook.com/nadia.beller.5,2025-06-03,2009-03-01,no,22000,0,2025-05-27,post,https://www.facebook.com/share/p/1C7XGnG1na/,1,0,106,78,6,8,1,13,0,0,"No vas a poder hackear mi cuenta, está súper protegida. Sigue participando "
Nadia Beller,https://www.facebook.com/nadia.beller.5,2025-06-13,2009-03-01,no,22000,0,2025-05-27,post,https://www.facebook.com/share/p/16MCiDdMLQ/,1,0,108,0,0,0,0,0,0,0,"No vas a poder hackear mi cuenta, está súper protegida. Sigue participando "
Nadia Beller,https://www.facebook.com/nadia.beller.5,2025-06-13,2009-03-01,no,22000,0,2025-05-29,post,https://www.facebook.com/share/p/14MmEtjFttN/,7,11,118,0,0,0,0,0,0,0,"Andrónico y la piedra de Sísifo
En la mitología griega, Sísifo fue condenado por los dioses a empujar eternamente una roca hasta la cima de una montaña, solo para verla… Ver más"
Nadia Beller,https://www.facebook.com/nadia.beller.5,2025-06-03,2009-03-01,no,22000,0,2025-05-30,post,https://www.facebook.com/share/p/18sgL3Ai3i/,3,8,205,26,1,174,0,2,1,1,Jhonny quiere ser el sexy de Andrónico 
Nadia Beller,https://www.facebook.com/nadia.beller.5,2025-06-13,2009-03-01,no,22000,0,2025-05-30,post,https://www.facebook.com/share/p/16kRTrq7HC/,3,8,207,0,0,0,0,0,0,0,Jhonny quiere ser el sexy de Andrónico 
Nadia Beller,https://www.facebook.com/nadia.beller.5,2025-06-03,2009-03-01,no,22000,0,2025-05-31,post,https://www.facebook.com/share/v/1Dpe3TidhE/,27,18,182,103,41,26,0,7,0,5,"Una vidente predice la aprehensión de Evo Morales para esta semana. Pueden creer o no, eso es harina de otro costal. 
Ella es extranjera y el mundo habla de los problemas del p3vofilo"
Nadia Beller,https://www.facebook.com/nadia.beller.5,2025-06-03,2009-03-01,no,22000,0,2025-06-01,post,https://www.facebook.com/share/p/1CFaoYbKBP/,35,28,141,89,5,42,1,3,1,0,"EL POPULISMO DE TUTO EN CLAVE ELECTORAL: el disfraz ideológico del programa de gobierno de LIBRE.-
El programa de gobierno del partido Libre, liderado por Tuto Quiroga,… Ver más"
Nadia Beller,https://www.facebook.com/nadia.beller.5,2025-06-13,2009-03-01,no,22000,0,2025-06-01,post,https://www.facebook.com/share/p/1CFP4oCy5L/,37,31,143,0,0,0,0,0,0,0,"EL POPULISMO DE TUTO EN CLAVE ELECTORAL: el disfraz ideológico del programa de gobierno de LIBRE.-
El programa de gobierno del partido Libre, liderado por Tuto Quiroga,… Ver más"
Nadia Beller,https://www.facebook.com/nadia.beller.5,2025-06-13,2009-03-01,no,22000,0,2025-06-01,post,https://www.facebook.com/share/p/1AmhHzJxCG/,8,12,174,0,0,0,0,0,0,0,La norma dice que no se puede medir en encuestas a candidatos que no estén inscritos (Dunn aún no puede ser parte de ninguna encuesta). Sólo con ese dato te das cuenta de que medios difunden fake News sin tantita vergüenza.
Nadia Beller,https://www.facebook.com/nadia.beller.5,2025-06-03,2009-03-01,no,22000,0,2025-06-01,post,https://www.facebook.com/share/p/196SiBqLMK/,8,12,169,158,1,7,1,1,1,0,La norma dice que no se puede medir en encuestas a candidatos que no estén inscritos (Dunn aún no puede ser parte de ninguna encuesta). Sólo con ese dato te das cuenta de que medios difunden fake News sin tantita vergüenza.
Nadia Beller,https://www.facebook.com/nadia.beller.5,2025-06-13,2009-03-01,no,22000,0,2025-06-02,post,2025-06-02,0,0,0,0,0,0,0,0,0,0,
Nadia Beller,https://www.facebook.com/nadia.beller.5,2025-06-03,2009-03-01,no,22000,0,2025-06-02,post,https://www.facebook.com/share/p/16C6s5npJY/,15,9,112,74,3,32,0,3,0,0," 
 Cuando el café revela más que una campaña.
Jaime Dunn —candidato a presidente— se reunió con Juan Pablo Velasco, actual candidato a vicepresidente por la sigla de T… Ver más"
Nadia Beller,https://www.facebook.com/nadia.beller.5,2025-06-13,2009-03-01,no,22000,0,2025-06-02,post,https://www.facebook.com/share/p/1AeRWdxChY/,35,13,128,0,0,0,0,0,0,0," 
 Cuando el café revela más que una campaña.
Jaime Dunn —candidato a presidente— se reunió con Juan Pablo Velasco, actual candidato a vicepresidente por la sigla de T… Ver más"
Nadia Beller,https://www.facebook.com/nadia.beller.5,2025-06-13,2009-03-01,no,22000,0,2025-06-04,post,https://www.facebook.com/share/p/16scWmebkc/,66,6,256,0,0,0,0,0,0,0,"Bolivia está bajo asedio. Y es momento de despertar.
El país entero está siendo tomado como rehén por un grupo radicalizado: los evistas, seguidores de Evo Morales, que han abandonado completamente la vía democrática para pasar a la acción violenta, sistemática y criminal. Ya no se trata de protestas. Se trata de terrorismo político.
Se ha filtrado un audio donde el propio Evo Morales habla de “la batalla final”, ordenando bloquear … Ver más"
Nadia Beller,https://www.facebook.com/nadia.beller.5,2025-06-13,2009-03-01,no,22000,0,2025-06-05,post,https://www.facebook.com/share/p/1HAjJFcNpT/,0,5,25,0,0,0,0,0,0,0,"Tribunal constitucional ordena se inscriba la candidatura del MTS, partido que postula a Andrónico Rodríguez"
Nadia Beller,https://www.facebook.com/nadia.beller.5,2025-06-13,2009-03-01,no,22000,0,2025-06-07,post,https://www.facebook.com/nadia.beller.5/posts/pfbid02VhwTAfg2iCtLTK8g8jjsucrqeoc84sPgMYF5tcW7AjBGWR8KUAiPZAnLYiGEyRiVl,66,15,376,0,0,0,0,0,0,0,"La doble moral de María Galindo se viste de incoherencia política.
#Galindo exige a Andrónico que quite a Mariana Prado de su fórmula por haber declarado en un proceso … Ver más"
Nadia Beller,https://www.facebook.com/nadia.beller.5,2025-06-13,2009-03-01,no,22000,0,2025-06-08,post,https://www.facebook.com/share/v/16DnAUuxo7/,661,10,3300,0,0,0,0,0,0,0,La pantera rosa lo predijo 
Nadia Beller,https://www.facebook.com/nadia.beller.5,2025-06-13,2009-03-01,no,22000,0,2025-06-08,post,https://www.facebook.com/share/p/19iQy1sMF8/,4,2,44,0,0,0,0,0,0,0,Carta del líder de la Resistencia Juvenil Cochala
Nadia Beller,https://www.facebook.com/nadia.beller.5,2025-06-13,2009-03-01,no,22000,0,2025-06-09,post,https://www.facebook.com/share/p/15g6d22BXG/,1,21,469,0,0,0,0,0,0,0,"A la loc@ de #MarciaGomez decirle que si me va a montar fotos en videos, que al menos tenga la delicadeza de que las chicas se parezcan a mí o mínimamente que se fije q… Ver más"
Nadia Beller,https://www.facebook.com/nadia.beller.5,2025-06-13,2009-03-01,no,22000,0,2025-06-09,post,https://www.facebook.com/share/p/1ArdcGdfYq/,25,4,238,0,0,0,0,0,0,0," ¡Felicitaciones Dr. Reinerio Vargas, nuevo Rector electo de la Universidad Autónoma Gabriel René Moreno! 
L… Ver más"
Nadia Beller,https://www.facebook.com/nadia.beller.5,2025-06-13,2009-03-01,no,22000,0,2025-06-10,post,https://www.facebook.com/nadia.beller.5/videos/1303212584699418/,23,1,40,0,0,0,0,0,0,0," ¡BOLIVIA ARDE Y EL MUNDO NO REACCIONA! 
Una… Ver más"
Nadia Beller,https://www.facebook.com/nadia.beller.5,2025-06-13,2009-03-01,no,22000,0,2025-06-10,post,https://www.facebook.com/share/p/16XF9nHFDs/,4,1,57,0,0,0,0,0,0,0,Segunda muerte que ocasiona Evo Morales en dos días
Nadia Beller,https://www.facebook.com/nadia.beller.5,2025-06-13,2009-03-01,no,22000,0,2025-06-10,post,https://www.facebook.com/share/p/14DiTsTtKuY/,4,2,99,0,0,0,0,0,0,0,"¿A quien le importa el mundial, Si lo importante siempre a sido ganarle a Chile? Es un gran equipo Kent, no perdíamos las esperanzas."
Nadia Beller,https://www.facebook.com/nadia.beller.5,2025-06-13,2009-03-01,no,22000,0,2025-06-11,post,https://www.facebook.com/nadia.beller.5/posts/pfbid0i1r7Txv2jbnxje6JxHJV5NddTMET3T4warMqLEeg7gzcXvSKSq7JL2VxtWcjsXCbl,9,21,303,0,0,0,0,0,0,0,"Los policías y militares son personas y están sufriendo para que nosotros conservemos el estado de derecho. Desde Santa Cruz no podemos mirar de palco, hagamos colectas para mandarles alimentos, campañas de donación de sangr3"
Nadia Beller,https://www.facebook.com/nadia.beller.5,2025-06-13,2009-03-01,no,22000,0,2025-06-11,post,https://www.facebook.com/share/p/1HM1QEeYyW/,24,10,215,0,0,0,0,0,0,0,"Dos policías muertos, esto sí es sedición, esto sí es terror!smo. ¿Qué espera la fiscalía para calificar así a estos delincuentes y ordenar su aprehensión?, es necesario para que la Comunidad Internacional sepa que están masacrando al pueblo"
Nadia Beller,https://www.facebook.com/nadia.beller.5,2025-06-13,2009-03-01,no,22000,0,2025-06-12,post,yarn workspace titan-load add -D @types/tedious --ignore-engines,37,4,91,0,0,0,0,0,0,0,Evo Morales: el camino sangriento hacia el poder y una nueva tiranía… Ver más
