nombre perfil,url perfil,candidato identificado,creación del perfil,seguidores,seguidos,fecha post,tipo de post,url post,comparticiones,comentarios,reacciones en total,me gusta,me encanta,me divierte,me entristece,me sorprende,me enoja,me importa,contenido
Joshua Bellot,https://www.facebook.com/joshua.bellott,no,2007-07-19,6800,1700,2025-06-26,post,https://www.facebook.com/joshua.bellott/posts/pfbid02JkZoKfFsHbW3KCQukDna5y4QCQbLRBEtJiD84Na3gCuzX8wwRgXKsiwrRSrUrTqJl,0,0,11,11,0,0,0,0,0,0,Se inscribió Jaime Dunn. NGP ya tiene candidato!
Joshua Bellot,https://www.facebook.com/joshua.bellott,no,2007-07-19,6800,1700,2025-06-27,post,https://www.facebook.com/joshua.bellott/posts/pfbid0BAT4etwBYm6dc72GQxPDY4zyiCKadwyJkWjY9xTwiu7Yd1gMKr3aA3mRxKR7HwV2l,10,18,41,27,2,0,0,4,8,0,"Quieren evitar la candidatura de Jaime Dunn, manejando la administración estatal a su antojo.. Como siempre!!!"
Joshua Bellot,https://www.facebook.com/joshua.bellott,no,2007-07-19,6800,1700,2025-06-28,post,https://www.facebook.com/joshua.bellott/posts/pfbid0snL8Wr5SLYSZrBCxrQ7w1ropr6juGgUVeSQSiK5xCGqMaqWgwYNtYWFs3bcQS5zBl,20,2,56,0,0,0,0,0,0,0,"En un evento con mujeres Cooperativistas en Oruro, y en Potosí en un Congreso de la Domingo Savio. Me encontré con mi buen amigo El Gato (DOUGLAS ROMAY) y Grover Gutierrez"
Joshua Bellot,https://www.facebook.com/joshua.bellott,no,2007-07-19,6800,1700,2025-07-01,post,https://www.facebook.com/joshua.bellott/posts/pfbid09yDBxQS4xs7ZnKaWdVpcJFZKuMUiGPMV6utMjruyr1eXobWiA2Wnb8YqXPEksn9zl,0,6,18,15,0,1,0,0,1,1,"¿Quieren inhabilita a Jaime Dunn, habiendo cumplido todos los requisitos?
Pedimos solo se cumpla la Ley. Los ciudadanos ya sabemos por quien votar, solo necesitamos que sea candidato"
