nombre perfil,url perfil,candidato identificado,creación del perfil,seguidores,seguidos,fecha post,tipo de post,url post,comparticiones,comentarios,reacciones en total,me gusta,me encanta,me divierte,me entristece,me sorprende,me enoja,me importa,contenido
Melania Torrico,https://www.facebook.com/melania.pericon,no,2008-06-17,20000,2800,2025-07-22,post,https://www.facebook.com/share/v/1AsMyN4Ms4/,0,2,18,10,0,7,0,0,0,1,Además soy chapaca !
Melania Torrico,https://www.facebook.com/melania.pericon,no,2008-06-17,20000,2800,2025-07-22,post,https://www.facebook.com/share/p/1FWdzKzAaB/,0,7,30,6,0,23,0,0,1,0,"Los esperamos !
Vamos con todo Andrónico Rodríguez"
Melania Torrico,https://www.facebook.com/melania.pericon,no,2008-06-17,20000,2800,2025-07-22,post,https://www.facebook.com/share/p/15kioGMWAK/,0,0,0,0,0,0,0,0,0,0,"Seguimos trabajando por todo el país! 
Contacto: 72567138"
Melania Torrico,https://www.facebook.com/melania.pericon,no,2008-06-17,20000,2800,2025-07-22,post,https://www.facebook.com/share/v/18F8joN6d9/,2,6,15,7,0,8,0,0,0,0,Andrónico Rodríguez
Melania Torrico,https://www.facebook.com/melania.pericon,no,2008-06-17,20000,2800,2025-07-22,post,https://www.facebook.com/share/v/16tXYKSDwH/,0,4,25,0,0,0,0,0,0,0,
Melania Torrico,https://www.facebook.com/melania.pericon,no,2008-06-17,20000,2800,2025-07-25,post,https://www.facebook.com/share/p/1AqsAJoALY/,0,0,6,2,2,2,0,0,0,0,"#Tarija
La Dra Marvia Subirana estará atendiendo casos el día de hoy 25 de julio y 26 de julio.
Llamar al 72567138"
Melania Torrico,https://www.facebook.com/melania.pericon,no,2008-06-17,20000,2800,2025-07-26,post,https://www.facebook.com/share/v/1RAt4XbHrz/,1,10,15,6,0,9,0,0,0,0,"Andrónico Rodríguez PRESIDENTE!
Ya lo verán!"
Melania Torrico,https://www.facebook.com/melania.pericon,no,2008-06-17,20000,2800,2025-07-26,post,https://www.facebook.com/share/p/16KT7q4cLK/,1,2,12,5,1,6,0,0,0,0,Fecha confirmada por el Pacto Popular en Tarija
Melania Torrico,https://www.facebook.com/melania.pericon,no,2008-06-17,20000,2800,2025-07-26,post,https://www.facebook.com/share/v/1DohhpfGHr/,1,13,19,10,1,6,1,0,0,1,
Melania Torrico,https://www.facebook.com/melania.pericon,no,2008-06-17,20000,2800,2025-07-27,post,https://www.facebook.com/share/p/1B7ZDN6gVM/,0,0,1,0,0,1,0,0,0,0,
Melania Torrico,https://www.facebook.com/melania.pericon,no,2008-06-17,20000,2800,2025-07-27,post,https://www.facebook.com/share/p/16efpaBNRV/,0,0,21,4,0,16,1,0,0,0,
Melania Torrico,https://www.facebook.com/melania.pericon,no,2008-06-17,20000,2800,2025-07-27,post,https://www.facebook.com/share/p/1BRNpAhvwx/,0,2,16,6,0,9,0,0,1,0,Vamos Jaime!
Melania Torrico,https://www.facebook.com/melania.pericon,no,2008-06-17,20000,2800,2025-07-28,post,https://www.facebook.com/share/v/19Rg5KDZ2m/,1,0,8,3,0,5,0,0,0,0,
Melania Torrico,https://www.facebook.com/melania.pericon,no,2008-06-17,20000,2800,2025-07-28,post,https://www.facebook.com/share/v/176jaWc1zG/,2,13,39,14,0,25,0,0,0,0,Vamos  Andrónico Rodríguez nos vemos mañana !
