nombre perfil,url perfil,candidato identificado,creación del perfil,seguidores,seguidos,fecha post,tipo de post,url post,comparticiones,comentarios,reacciones en total,me gusta,me encanta,me divierte,me entristece,me sorprende,me enoja,me importa,contenido
Quya Reyna,https://www.facebook.com/quya.reyna,no,2016-03-20,9300,0,2025-07-17,post,https://www.facebook.com/share/p/1YaYq6w912/,39,88,500,170,35,291,0,4,0,0,"Mis queridos seguidores de Facebook, quiero comentarles que  mañana anunciaré a quién le daré mi apoyo político para las siguientes elecciones. Quiero que sepan que este apoyo es interesadamente desinteresado. Lo hago por la patria, para que siga flameando una banderita tricolor en cada corazón de mis hermanos bolivianos. 
Sé que me van a atacar. Varias personas me advirtieron: Quya, no te metas en esto, te van a criticar. Pero no me… Ver más"
Quya Reyna,https://www.facebook.com/quya.reyna,no,2016-03-20,9300,0,2025-07-18,post,https://www.facebook.com/share/p/1BznKU7LC3/,5,31,178,124,49,2,0,1,0,2,"En mi retorno a La Paz, el grupo de jóvenes políticos llamado Presente me realizó una entrevista a cargo del querido Fabio Mateo Velásquez Luna. He disfrutado mucho est… Ver más"
Quya Reyna,https://www.facebook.com/quya.reyna,no,2016-03-20,9300,0,2025-07-19,post,https://www.facebook.com/share/p/1CMZZZ1JFM/,24,29,352,188,149,1,0,12,0,3,"Yo me he imaginado a la Chaskañawi, de la novela de Medinaceli, así como es María Belén, la cantante de Estrellas del Valle. Desde hace tiempo la sigo y me hace admirar… Ver más"
Quya Reyna,https://www.facebook.com/quya.reyna,no,2016-03-20,9300,0,2025-07-22,post,https://www.facebook.com/share/p/19W54MmBGn/,0,11,109,85,23,0,0,2,0,0,"Lo más grato de la reunión fue conversar de forma respetuosa, amena y divertida. Fue un diálogo necesario y desde miradas diversas. Agradezco a la organización de la Un… Ver más"
Quya Reyna,https://www.facebook.com/quya.reyna,no,2016-03-20,9300,0,2025-07-22,post,https://www.facebook.com/share/p/16oKB9NscQ/,21,26,115,88,0,3,1,18,4,2,"Hace unas horas, ANF Noticias Fides publicó sobre la renuncia del presidente interino del TSE, Óscar Hassenteufel, con el titular: ""Óscar Hassenteufel presenta renuncia… Ver más"
Quya Reyna,https://www.facebook.com/quya.reyna,no,2016-03-20,9300,0,2025-07-22,post,https://www.facebook.com/share/p/1BJQpUxMtp/,0,8,129,89,40,0,0,0,0,2,"Bueno, mi paso por Sucre fue muy breve. Lindo, como siempre, el Congreso de la Asociación de Estudios Bolivianos. … Ver más"
