nombre perfil,url perfil,snapshot_date,creación del perfil,candidato identificado,seguidores,seguidos,fecha post,url post,comparticiones,comentarios,reacciones en total,me gusta,me encanta,me divierte,me entristece,me sorprende,me enoja,me importa,contenido
Angirü Bolivia ,https://www.facebook.com/ColectivoAngiru,2025-05-23,2020-07-05,no,4900,0,2025-05-23,not-found-post-url-279105,0,0,,0,0,0,0,0,0,1,"𝐀𝐦𝐩𝐥𝐢𝐜𝐚𝐦𝐨𝐬 𝐥𝐚𝐬 𝐯𝐨𝐜𝐞𝐬 𝐝𝐞 𝐥𝐚𝐬 𝐚𝐜𝐭𝐢𝐯𝐢𝐬𝐭𝐚𝐬 𝐝𝐞 𝐥𝐚 𝐑𝐞𝐝 𝐂𝐨𝐧𝐭𝐫𝐚 𝐥𝐚 𝐕𝐢𝐨𝐥𝐞𝐧𝐜𝐢𝐚 𝐝𝐞 𝐕𝐢𝐥𝐥𝐚 𝐌𝐨𝐧𝐭𝐞𝐬 𝐞𝐱𝐢𝐠𝐢𝐞𝐧𝐝𝐨 𝐣𝐮𝐬𝐭𝐢𝐜𝐢𝐚 𝐪𝐮𝐞 𝐧𝐨 𝐝𝐢𝐬𝐜𝐫𝐢𝐦𝐢𝐧𝐞 
La Discriminación también se tiene en la ju… Ver más"
Angirü Bolivia ,https://www.facebook.com/ColectivoAngiru,2025-06-02,2020-07-05,no,4900,0,2025-05-26,https://www.facebook.com/share/p/1ZL3N2HNGz/,0,0,,7,0,0,0,0,0,0,"𝐀𝐧𝐠𝐢𝐫ü 𝐁𝐨𝐥𝐢𝐯𝐢𝐚 𝐩𝐫𝐞𝐬𝐞𝐧𝐭𝐞 𝐞𝐧 𝐞𝐥 𝐒𝐞𝐦𝐢𝐧𝐚𝐫𝐢𝐨 𝐅𝐨𝐫𝐨 𝐈𝐧𝐭𝐞𝐭𝐧𝐚𝐜𝐢𝐨𝐧𝐚𝐥 𝐇𝐚𝐜𝐢𝐚 𝐥𝐚 𝐂𝐨𝐧𝐭𝐫𝐮𝐜𝐜𝐢ó𝐧 𝐝𝐞 𝐒𝐢𝐬𝐭𝐞𝐦𝐚𝐬 𝐝𝐞 𝐂𝐮𝐢𝐝𝐚𝐝𝐨 
Angiru Bolivia integrante de la Plataforma Nacional de Corresp… Ver más"
Angirü Bolivia ,https://www.facebook.com/ColectivoAngiru,2025-06-02,2020-07-05,no,4900,0,2025-05-26,https://www.facebook.com/share/v/18yb9ZFjFL/,0,0,,4,0,0,0,0,0,0,"𝐀𝐧𝐠𝐢𝐫ü 𝐁𝐨𝐥𝐢𝐯𝐢𝐚 𝐩𝐫𝐞𝐬𝐞𝐧𝐭𝐞 𝐞𝐧 𝐞𝐥 𝐒𝐞𝐦𝐢𝐧𝐚𝐫𝐢𝐨 𝐅𝐨𝐫𝐨 𝐈𝐧𝐭𝐞𝐭𝐧𝐚𝐜𝐢𝐨𝐧𝐚𝐥 𝐇𝐚𝐜𝐢𝐚 𝐥𝐚 𝐂𝐨𝐧𝐭𝐫𝐮𝐜𝐜𝐢ó𝐧 𝐝𝐞 𝐒𝐢𝐬𝐭𝐞𝐦𝐚𝐬 𝐝𝐞 𝐂𝐮𝐢𝐝𝐚𝐝𝐨 
Angiru Bolivia integrante de la Plataforma Nacional de Corresp… Ver más"
Angirü Bolivia ,https://www.facebook.com/ColectivoAngiru,2025-06-02,2020-07-05,no,4900,0,2025-05-26,https://www.facebook.com/share/p/1ByTVNjXHk/,0,0,,6,0,0,0,0,0,0," !𝐓𝐞 𝐩𝐫𝐞𝐬𝐞𝐧𝐭𝐚𝐦𝐨𝐬 𝐚 𝐧𝐮𝐞𝐬𝐭𝐫𝐨𝐬 𝐩𝐫𝐢𝐦𝐞𝐫𝐨𝐬 𝐣𝐮𝐫𝐚𝐝𝐨𝐬 𝐩𝐚𝐫𝐚 𝐥𝐚 𝐞𝐭𝐚𝐩𝐚 𝐝𝐞 𝐩𝐫𝐞𝐬𝐞𝐥𝐞𝐜𝐜𝐢ó𝐧 𝐝𝐞𝐥 𝐂𝐨𝐧𝐜𝐮𝐫𝐬𝐨 𝐉𝐮𝐯𝐞𝐧𝐢𝐥 𝐝𝐞𝐥 𝐀𝐠𝐮𝐚 𝟐𝟎𝟐𝟓! 
Son profesionales comprometidos y apasionados por el… Ver más"
Angirü Bolivia ,https://www.facebook.com/ColectivoAngiru,2025-06-02,2020-07-05,no,4900,0,2025-05-26,https://www.facebook.com/share/p/1J7uoHSDVg/,0,0,,7,0,0,0,0,0,0,"!𝐂𝐨𝐧𝐭𝐢𝐧𝐮𝐚𝐦𝐨𝐬 𝐜𝐨𝐧 𝐥𝐚 𝐩𝐫𝐞𝐬𝐞𝐧𝐭𝐚𝐜𝐢ó𝐧 𝐝𝐞 𝐣𝐮𝐫𝐚𝐝𝐨𝐬 𝐜𝐨𝐧𝐟𝐢𝐫𝐦𝐚𝐝𝐨𝐬 𝐩𝐚𝐫𝐚 𝐥𝐚 𝐞𝐭𝐚𝐩𝐚 𝐝𝐞 𝐩𝐫𝐞𝐬𝐞𝐥𝐞𝐜𝐜𝐢ó𝐧 𝐝𝐞𝐥 𝐂𝐨𝐧𝐜𝐮𝐫𝐬𝐨 𝐉𝐮𝐯𝐞𝐧𝐢𝐥 𝐝𝐞𝐥 𝐀𝐠𝐮𝐚 𝟐𝟎𝟐𝟓! 
Ellos son profesionales con vocación, exper… Ver más"
Angirü Bolivia ,https://www.facebook.com/ColectivoAngiru,2025-06-02,2020-07-05,no,4900,0,2025-05-27,https://www.facebook.com/share/p/1AZnRhLtLv/,1,0,,0,0,0,0,0,0,0,"𝐀𝐧𝐠𝐢𝐫ü 𝐁𝐨𝐥𝐢𝐯𝐢𝐚 𝐩𝐫𝐞𝐬𝐞𝐧𝐭𝐞 𝐞𝐧 𝐞𝐯𝐞𝐧𝐭𝐨 𝐯𝐢𝐫𝐭𝐮𝐚𝐥 𝐝𝐞 𝐜𝐢𝐞𝐫𝐫𝐞 𝐝𝐞𝐥 𝐏𝐫𝐨𝐠𝐫𝐚𝐦𝐚 𝐄𝐧𝐥𝐳𝐚𝐧𝐝𝐨 !𝐠𝐫𝐚𝐜𝐢𝐚𝐬 𝐩𝐨𝐫 𝐦𝐨𝐭𝐢𝐯𝐚𝐫 𝐧𝐮𝐞𝐬𝐭𝐫𝐨 𝐭𝐫𝐚𝐛𝐚𝐣𝐨! 
Con la participación del ministerio de Europa y Asunt… Ver más"
Angirü Bolivia ,https://www.facebook.com/ColectivoAngiru,2025-06-02,2020-07-05,no,4900,0,2025-05-27,https://www.facebook.com/share/p/1FmzLLFikz/,0,0,,7,0,0,0,0,0,0," 𝐇𝐨𝐲 𝐞𝐧 Ñ𝐚ñ𝐨𝐩𝐞 Ñ𝐚𝐧𝐝𝐞 Ñ𝐞𝐞 𝐜𝐨𝐧𝐨𝐜𝐞𝐫𝐞𝐦𝐨𝐬 𝐥𝐚 𝐄𝐅𝐀𝐂 𝐮𝐧𝐚 𝐚𝐫𝐭í𝐜𝐮𝐥𝐚𝐜𝐢ó𝐧 𝐢𝐧𝐭𝐞𝐫𝐧𝐚𝐜𝐢𝐨𝐧𝐚𝐥 𝐝𝐞 𝐬𝐚𝐛𝐞𝐫𝐞𝐬 
Hoy en nuestro programa radial virtual #ÑañopeÑandeÑee (tejiendo nuestra palab… Ver más"
Angirü Bolivia ,https://www.facebook.com/ColectivoAngiru,2025-06-02,2020-07-05,no,4900,0,2025-05-27,https://www.facebook.com/share/p/15nLfEcerF/,1,0,,5,0,0,0,0,0,0," 𝐇𝐨𝐲 𝐞𝐧 Ñ𝐚ñ𝐨𝐩𝐞 Ñ𝐚𝐧𝐝𝐞 Ñ𝐞𝐞 𝐜𝐨𝐧𝐨𝐜𝐞𝐫𝐞𝐦𝐨𝐬 𝐥𝐚 𝐄𝐅𝐀𝐂 𝐮𝐧𝐚 𝐚𝐫𝐭í𝐜𝐮𝐥𝐚𝐜𝐢ó𝐧 𝐢𝐧𝐭𝐞𝐫𝐧𝐚𝐜𝐢𝐨𝐧𝐚𝐥 𝐝𝐞 𝐬𝐚𝐛𝐞𝐫𝐞𝐬 
Hoy en nuestro programa radial virtual #ÑañopeÑandeÑee (tejiendo nuestra palab… Ver más"
Angirü Bolivia ,https://www.facebook.com/ColectivoAngiru,2025-06-02,2020-07-05,no,4900,0,2025-05-30,https://www.facebook.com/share/v/1C8pCYzb62/,0,0,,3,0,0,0,0,0,0,"𝐂𝐞𝐥𝐞𝐛𝐫𝐚𝐦𝐨𝐬 𝐞𝐥 𝐝í𝐚𝐬 𝐝𝐞 𝐥𝐚𝐬 𝐦𝐚𝐝𝐫𝐞𝐬, 𝐣𝐮𝐧𝐭𝐨 𝐚 𝐧𝐮𝐞𝐬𝐭𝐫𝐚𝐬 𝐡𝐞𝐫𝐦𝐚𝐧𝐚𝐬 𝐠𝐮𝐚𝐫𝐚𝐧í 𝐪𝐮𝐞 𝐬𝐨𝐧 𝐬𝐢𝐦𝐛𝐨𝐥𝐨 𝐝𝐞 𝐡𝐢𝐬𝐭𝐨𝐫𝐢𝐚, 𝐦𝐞𝐦𝐨𝐫𝐢𝐚 𝐲 𝐜𝐮𝐥𝐭𝐮𝐫𝐚 
""Cuenta la historia que la maestra de los Arakua i… Ver más"
Angirü Bolivia ,https://www.facebook.com/ColectivoAngiru,2025-06-02,2020-07-05,no,4900,0,2025-05-30,https://www.facebook.com/share/p/1C5ygbNXsK/,1,0,,6,0,0,0,0,0,0,"𝐂𝐞𝐥𝐞𝐛𝐫𝐚𝐦𝐨𝐬 𝐞𝐥 𝐝í𝐚𝐬 𝐝𝐞 𝐥𝐚𝐬 𝐦𝐚𝐝𝐫𝐞𝐬, 𝐣𝐮𝐧𝐭𝐨 𝐚 𝐧𝐮𝐞𝐬𝐭𝐫𝐚𝐬 𝐡𝐞𝐫𝐦𝐚𝐧𝐚𝐬 𝐠𝐮𝐚𝐫𝐚𝐧í 𝐪𝐮𝐞 𝐬𝐨𝐧 𝐬𝐢𝐦𝐛𝐨𝐥𝐨 𝐝𝐞 𝐡𝐢𝐬𝐭𝐨𝐫𝐢𝐚, 𝐦𝐞𝐦𝐨𝐫𝐢𝐚 𝐲 𝐜𝐮𝐥𝐭𝐮𝐫𝐚 
""Cuenta la historia que la maestra de los Arakua i… Ver más"
