nombre perfil,url perfil,candidato identificado,creación del perfil,seguidores,seguidos,fecha post,tipo de post,url post,comparticiones,comentarios,reacciones en total,me gusta,me encanta,me divierte,me entristece,me sorprende,me enoja,me importa,contenido
MARINA ISABEL CACHAMBI ALVAREZ,https://www.facebook.com/profile.php?id=100063933884078,sí,2021-01-08,565,13,2025-07-31,post,https://www.facebook.com/share/p/15C5VxvGyyG/,224,125,197,0,0,0,0,0,0,0,"Tenemos el mejor plan, tenemos soluciones
#100diascarajo #SamuelPresidente #todoscontarija
#… Ver más"
MARINA ISABEL CACHAMBI ALVAREZ,https://www.facebook.com/profile.php?id=100063933884078,sí,2021-01-08,565,13,2025-08-01,post,https://www.facebook.com/share/p/1AvyKQHcJy/,83,83,151,70,3,0,77,0,0,1,Hoy Tarija arde y no podemos ser indiferentes.… Ver más
MARINA ISABEL CACHAMBI ALVAREZ,https://www.facebook.com/profile.php?id=100063933884078,sí,2021-01-08,565,13,2025-08-05,post,https://www.facebook.com/share/v/19fcU4WfEh/,136,103,149,131,15,1,1,0,0,1,"La angustia que no te deja dormir, se va acabar este 17 de agosto. En 100 días vamos a devolver la esperanza a todos los Bolivianos. Vota por el cambio. #SamuelPresiden… Ver más"
