nombre perfil,url perfil,candidato identificado,creación del perfil,seguidores,seguidos,fecha post,tipo de post,url post,comparticiones,comentarios,reacciones en total,me gusta,me encanta,me divierte,me entristece,me sorprende,me enoja,me importa,contenido
Maria Rene Alvarez ,https://www.facebook.com/MReneAlvarezScz,no,2019-08-04,22000,270,2025-06-16,post,https://www.facebook.com/share/v/16PKfLx7Dn/,2,5,14,10,4,0,0,0,0,0,"### **
 #LaBoliviaDelFuturo con #AlianzaLibre**  
 **Tuto Quiroga (Presidente) + JP Velasco (Vicepresidente)**  
 … Ver más"
Maria Rene Alvarez ,https://www.facebook.com/MReneAlvarezScz,no,2019-08-04,22000,270,2025-06-16,post,https://www.facebook.com/share/p/1CFjbHPpUX/,9,1,30,26,0,0,0,2,2,0,"El audio que involucra al exministro de Justicia con un consorcio judicial que opera desde el Ejecutivo, vulnerando la independencia entre los órganos del Estado, confi… Ver más"
Maria Rene Alvarez ,https://www.facebook.com/MReneAlvarezScz,no,2019-08-04,22000,270,2025-06-17,post,https://www.facebook.com/share/p/18eWHXzu3n/,6,0,35,35,0,0,0,0,0,0,"El masismo ha llevado sus pugnas y su angurria de poder al Órgano Judicial, porque sabe que le queda poco tiempo en el poder y ya comenzó a perder su influencia en la administración de justicia.
Los magistrados electos por voto, a diferencia de los usurpadores autoprorrogados, en su mayoría ya no responden al ""instrumento"" y por eso buscarán cualquier excusa para tratar de destituirlos uno a uno, para reemplazarlos con sus consorcios… Ver más"
Maria Rene Alvarez ,https://www.facebook.com/MReneAlvarezScz,no,2019-08-04,22000,270,2025-06-18,post,https://www.facebook.com/share/p/1CGoMyR2eT/,6,4,49,45,3,1,0,0,0,0,La era de oscuridad del masismo va quedando atrás y ese partido que tanto daño le ha hecho al país tiene los meses contados.… Ver más
Maria Rene Alvarez ,https://www.facebook.com/MReneAlvarezScz,no,2019-08-04,22000,270,2025-06-19,post,https://www.facebook.com/share/p/1CFw3bGMNy/,9,48,386,271,103,0,0,0,0,12,Si me subestimas.... Te mostraré de que estoy hecha!!!… Ver más
Maria Rene Alvarez ,https://www.facebook.com/MReneAlvarezScz,no,2019-08-04,22000,270,2025-06-23,post,https://www.facebook.com/share/v/16QbVTiKWD/,2,0,8,6,2,0,0,0,0,0,Nuestro pueblo es trabajador y su pujanza no tiene barreras. La Feria Exposición de San Ignacio de Velasco - FEXPOSIV 2025 se desarrollará del 23 al 24 de julio bajo el… Ver más
Maria Rene Alvarez ,https://www.facebook.com/MReneAlvarezScz,no,2019-08-04,22000,270,2025-06-23,post,https://www.facebook.com/share/p/1AVuE1H9ko/,48,1,71,47,8,0,0,2,14,0,"¡Alto a la intromisión de Irán en Bolivia!
E… Ver más"
