nombre perfil,url perfil,snapshot_date,creación del perfil,candidato identificado,seguidores,seguidos,fecha post,tipo de post,url post,comparticiones,comentarios,reacciones en total,me gusta,me encanta,me divierte,me entristece,me sorprende,me enoja,me importa,contenido
YAMILA NUR REYES ORTEGA,https://www.facebook.com/profile.php?id=61572021665143,2025-06-24,2025-01-17,no,112,0,2025-06-16,post,https://www.facebook.com/share/p/1ADBnEjxyj/,2,3,24,12,12,0,0,0,0,0,"Este Domingo vivimos un momento muy especial: la inauguración de nuestra Casa de Campaña, un espacio que no solo representa organización y trabajo, sino también esperan… Ver más"
YAMILA NUR REYES ORTEGA,https://www.facebook.com/profile.php?id=61572021665143,2025-06-24,2025-01-17,no,112,0,2025-06-17,post,https://www.facebook.com/share/v/16Up8LKRew/,1,1,15,9,6,0,0,0,0,0,"¡Gracias a todos por sumarse con su apoyo y ser parte de este inicio tan poderoso!
Esto apenas comienza y sabemos que ¡unidos vamos a ganar! … Ver más"
YAMILA NUR REYES ORTEGA,https://www.facebook.com/profile.php?id=61572021665143,2025-06-24,2025-01-17,no,112,0,2025-06-17,post,https://www.facebook.com/share/v/1CEsHQwzgt/,4,2,15,9,6,0,0,0,0,0,"Gran arranque con la fuerza de todos!
Inauguramos con enorme entusiasmo nuestra Casa de Campaña de la  C49. Vecinos, amigos y simpatizantes se unieron para demostrar qu… Ver más"
YAMILA NUR REYES ORTEGA,https://www.facebook.com/profile.php?id=61572021665143,2025-06-24,2025-01-17,no,112,0,2025-06-19,post,https://www.facebook.com/share/19MmEdmxaY/,0,0,9,7,2,0,0,0,0,0,
YAMILA NUR REYES ORTEGA,https://www.facebook.com/profile.php?id=61572021665143,2025-06-24,2025-01-17,no,112,0,2025-06-19,post,https://www.facebook.com/share/p/1YfyrDCrps/,1,5,28,22,6,0,0,0,0,0,
YAMILA NUR REYES ORTEGA,https://www.facebook.com/profile.php?id=61572021665143,2025-06-24,2025-01-17,no,112,0,2025-06-20,post,https://www.facebook.com/share/v/19PLZdb4qT/,0,0,12,9,3,0,0,0,0,0,"Hoy, junto a mi equipo, preparamos con mucho cariño estos buñuelos con cafe para compartirlos con los abuelitos de la asociación de adulto mayor San Pedro de Normandia.… Ver más"
YAMILA NUR REYES ORTEGA,https://www.facebook.com/profile.php?id=61572021665143,2025-06-24,2025-01-17,no,112,0,2025-06-22,post,https://www.facebook.com/share/p/16ZUqXw8tc/,4,1,21,13,8,0,0,0,0,0,"Muy contenta por apoyar e incentivar al deporte en el barrio donde vivo, Jardín del Sur, con este campeonato relámpago categoría Fuerza mayor, y agradecida por el apoyo recibido."
YAMILA NUR REYES ORTEGA,https://www.facebook.com/profile.php?id=61572021665143,2025-06-24,2025-01-17,no,112,0,2025-06-23,post,https://www.facebook.com/share/v/1BRMhJau1H/,2,2,9,6,3,0,0,0,0,0,"¡Orgullosa de seguir apoyando e incentivando el deporte en nuestro barrio Jardín del Sur, Distrito 14!
Estoy comprometida con brindar mejores condiciones para que nuest… Ver más"
