nombre perfil,url perfil,candidato identificado,creación del perfil,seguidores,seguidos,fecha post,tipo de post,url post,comparticiones,comentarios,reacciones en total,me gusta,me encanta,me divierte,me entristece,me sorprende,me enoja,me importa,contenido
Luciana Campero,https://www.facebook.com/lu.camperochavez,no,2008-12-01,10000,0,2025-06-03,post,https://www.facebook.com/lu.camperochavez/posts/pfbid0G9WxkmooSBCawnEA8S4j2e8aJkEbRCkVxYv51oTQdSzEeHqxSyAAc3FZ2jGScruYl,4,58,354,0,0,0,0,0,0,0,"Feliz cumple, Madre!… Ver más"
Luciana Campero,https://www.facebook.com/lu.camperochavez,no,2008-12-01,10000,0,2025-06-04,post,https://www.facebook.com/share/p/1CwbBhCx7v/,11,5,80,0,0,0,0,0,0,0,"Bolivia es como ese país de cuentos que todos sueñan con encontrar, pero que nunca aparece en los mapas.
Un territorio mágico, lleno de cultura, belleza y dignidad… per… Ver más"
Luciana Campero,https://www.facebook.com/lu.camperochavez,no,2008-12-01,10000,0,2025-06-06,post,https://www.facebook.com/share/p/16SYLCC3t3/,60,17,104,0,0,0,0,0,0,0,"Hay un pacto entre el MTS, Adrónico Rodríguez y el Arcismo masista, el trato para restituir la sigla del MTS y que Rodríguez sea candidato se dio en varias reuniones de… Ver más"
Luciana Campero,https://www.facebook.com/lu.camperochavez,no,2008-12-01,10000,0,2025-06-08,post,https://www.facebook.com/share/p/1BUP8SB6Fg/,20,109,440,0,0,0,0,0,0,0,"Gracias a la Mano del Moto y a El Pais.
Aquí hay trabajo a pulmón, sin los privilegios que muchos otros políticos tienen. … Ver más"
