nombre perfil,url perfil,candidato identificado,creación del perfil,seguidores,seguidos,fecha post,tipo de post,url post,comparticiones,comentarios,reacciones en total,me gusta,me encanta,me divierte,me entristece,me sorprende,me enoja,me importa,contenido
Jimena Antelo,https://www.facebook.com/JimenaAnteloOficial,no,2018-03-01,352000,127,2025-05-29,post,https://www.facebook.com/share/v/1VFShZSobM/,5,52,182,0,0,0,0,0,0,0,¿Ud es Sonia? La respuesta de Eduardo del Castillo… Ver más
Jimena Antelo,https://www.facebook.com/JimenaAnteloOficial,no,2018-03-01,352000,127,2025-05-29,post,https://www.facebook.com/share/v/1EL525UM8R/,0,1,11,0,0,0,0,0,0,0,"“Samuel tiene un plan, Tuto tiene rimas”. 
La frase de José Luis Lupo, candidato de Samuel y ex ministro de Tuto"
Jimena Antelo,https://www.facebook.com/JimenaAnteloOficial,no,2018-03-01,352000,127,2025-05-29,post,https://www.facebook.com/share/v/1638kzWcFr/,61,133,250,0,0,0,0,0,0,0,"“ABUSÓ Y EMBARAZÓ NO A UNA, A VARIAS”
Lo más duro que le han dicho hasta ahora a Evo. … Ver más"
Jimena Antelo,https://www.facebook.com/JimenaAnteloOficial,no,2018-03-01,352000,127,2025-05-29,post,https://www.facebook.com/share/v/16SUzdpAj5/,0,24,60,0,0,0,0,0,0,0,"“YO REPRESENTO LA UNIÓN ENTRE ORIENTE Y OCCIDENTE”
Eduardo Del Castillo quiere ser Presidente … Ver más"
Jimena Antelo,https://www.facebook.com/JimenaAnteloOficial,no,2018-03-01,352000,127,2025-05-29,post,2025-05-29,0,9,19,0,0,0,0,0,0,0,"EL CAPITAN ANTIINFLACIÓN DE SAMUEL 
PRIORIDAD: SAMUEL ARMA SU EQUIPO ECONÓMICO"
Jimena Antelo,https://www.facebook.com/JimenaAnteloOficial,no,2018-03-01,352000,127,2025-05-29,post,https://www.facebook.com/share/v/1DxhoFZHSx/,1,1,4,0,0,0,0,0,0,0,"“EL 2026 SERÁ UN AÑO DIFÍCIL”
“Se debe ajustar el déficit, el crecimiento será casi nulo”… Ver más"
Jimena Antelo,https://www.facebook.com/JimenaAnteloOficial,no,2018-03-01,352000,127,2025-05-30,post,https://www.facebook.com/share/v/16MoJEML4e/,15,68,136,0,0,0,0,0,0,0,"EL VICE DE TUTO SUFRE EN LAS ENTREVISTAS 
No sabía de Agetic, ni leyes incendiarias... y querer ser sexy"
Jimena Antelo,https://www.facebook.com/JimenaAnteloOficial,no,2018-03-01,352000,127,2025-05-30,post,https://www.facebook.com/share/v/198xZh5z8v/,0,1,9,0,0,0,0,0,0,0,"""MARIANA ME CONTÓ QUE KUSHNER ERA VIOLENTO""
Helen Álvarez sobre Mariana Prado … Ver más"
Jimena Antelo,https://www.facebook.com/JimenaAnteloOficial,no,2018-03-01,352000,127,2025-05-30,post,https://www.facebook.com/share/p/16R7oacUf5/,5,9,15,0,0,0,0,0,0,0,
Jimena Antelo,https://www.facebook.com/JimenaAnteloOficial,no,2018-03-01,352000,127,2025-05-30,post,https://www.facebook.com/share/p/19fHGS9DrW/,2,52,106,0,0,0,0,0,0,0,"“Me hicieron mierda, solo por ser vecino del tipo”. La bronca de Mario Cronembold lo dijo en #FamaPoderyGanas… Ver más"
Jimena Antelo,https://www.facebook.com/JimenaAnteloOficial,no,2018-03-01,352000,127,2025-05-30,post,https://www.facebook.com/share/v/15TSwHEBQs/,0,5,75,0,0,0,0,0,0,0,"Hay lugares que no necesitan mapas,
porque nacen del deseo.… Ver más"
Jimena Antelo,https://www.facebook.com/JimenaAnteloOficial,no,2018-03-01,352000,127,2025-05-30,post,2025-05-30,5,29,103,0,0,0,0,0,0,0,"¿MARIO CRONEMBOLD DOLIDO CON ANDRÓNICO?
Lo sacó de jefe de campaña, sin diálogo previo… Ver más"
Jimena Antelo,https://www.facebook.com/JimenaAnteloOficial,no,2018-03-01,352000,127,2025-05-30,post,https://www.facebook.com/share/v/16T8PBVLqm/,7,1,35,0,0,0,0,0,0,0,"“MARIANA ES CÍNICA”
“Ella me mete a la trituradora”… Ver más"
Jimena Antelo,https://www.facebook.com/JimenaAnteloOficial,no,2018-03-01,352000,127,2025-05-30,post,https://www.facebook.com/share/v/163HgBSCUv/,3,2,4,0,0,0,0,0,0,0,"PRADO Y EL JUCIO AL FEMINICIDA
“Ella pudo rechazar ir a declarar”… Ver más"
Jimena Antelo,https://www.facebook.com/JimenaAnteloOficial,no,2018-03-01,352000,127,2025-06-01,post,https://www.facebook.com/share/v/1EuZwUu9zd/,20,72,401,0,0,0,0,0,0,0,"LA QUEJA DE BONNY LOVY SE VUELVE VIRAL
¿Qué te parece? ¿Estás de acuerdo en lo a que dice?"
Jimena Antelo,https://www.facebook.com/JimenaAnteloOficial,no,2018-03-01,352000,127,2025-06-01,post,https://www.facebook.com/share/p/1EUjx8XkeQ/,47,126,361,0,0,0,0,0,0,0,Lo último
Jimena Antelo,https://www.facebook.com/JimenaAnteloOficial,no,2018-03-01,352000,127,2025-06-01,post,https://www.facebook.com/share/p/16T81HNffM/,18,609,1200,0,0,0,0,0,0,0,"Estos son los resultados de la primera encuesta de Unitel
SAMUEL  19.1%… Ver más"
Jimena Antelo,https://www.facebook.com/JimenaAnteloOficial,no,2018-03-01,352000,127,2025-06-02,post,https://www.facebook.com/share/v/1NusJeUciX/,1,20,62,0,0,0,0,0,0,0,"“NO ESTARÉ EN NINGUNA ALIANZA CON EVO”
Eva Copa se apartará si en el acuerdo entran evistas… Ver más"
Jimena Antelo,https://www.facebook.com/JimenaAnteloOficial,no,2018-03-01,352000,127,2025-06-02,post,https://www.facebook.com/share/v/16m9JjwUvg/,16,29,191,0,0,0,0,0,0,0,"PRIMICIA: RÓMULO CALVO DEJA DE SER CANDIDATO DE MANFRED
SE FUE MOLESTO, ""FUE UNA FALTA DE RESPETO"""
Jimena Antelo,https://www.facebook.com/JimenaAnteloOficial,no,2018-03-01,352000,127,2025-06-02,post,https://www.facebook.com/share/v/1DgUW9CU8T/,27,113,275,0,0,0,0,0,0,0,"“ESCONDIDO, DETRÁS DE UNA FORTALEZA”
“Así vive Evo Morales, custodiado por 3.000 civiles armados por lanzas” … Ver más"
Jimena Antelo,https://www.facebook.com/JimenaAnteloOficial,no,2018-03-01,352000,127,2025-06-02,post,2025-06-02,2,99,70,0,0,0,0,0,0,0,"SAMUEL PRIMERO, TUTO SEGUNDO, ANDRÓNICO TERCERO
Unitel presenta encuesta con candidatos inscritos, Red Uno hará con candidatos habilitados… Ver más"
Jimena Antelo,https://www.facebook.com/JimenaAnteloOficial,no,2018-03-01,352000,127,2025-06-02,post,https://www.facebook.com/share/v/1C8RSJ4WTy/,1,8,18,0,0,0,0,0,0,0,"MARIO CRÓNEMBOLD Y JORGE RITCHTER SE REUNIERON HOY 
¿Crónembold se aproxima a Eva? … Ver más"
Jimena Antelo,https://www.facebook.com/JimenaAnteloOficial,no,2018-03-01,352000,127,2025-06-02,post,https://www.facebook.com/share/v/16oFZpNSRc/,7,104,137,0,0,0,0,0,0,0,"MANFRED NO SE BAJA 
No cree en la encuesta de Unitel … Ver más"
Jimena Antelo,https://www.facebook.com/JimenaAnteloOficial,no,2018-03-01,352000,127,2025-06-02,post,https://www.facebook.com/share/v/1Hq5zgo15j/,0,9,23,0,0,0,0,0,0,0,"¿UN BINOMIO ANDRÓNICO Y JORGE RICHTER?
Eva Copa responde sobre esa posibilidad … Ver más"
Jimena Antelo,https://www.facebook.com/JimenaAnteloOficial,no,2018-03-01,352000,127,2025-06-03,post,https://www.facebook.com/share/v/1AEMasQbpf/,0,8,23,0,0,0,0,0,0,0,"""JUAN PABLO VELASCO GENERA 5.000 EMPLEOS DIRECTOS""
""NO TENGO IDEA CUÁNTO PAGA EN IMPUESTOS""… Ver más"
Jimena Antelo,https://www.facebook.com/JimenaAnteloOficial,no,2018-03-01,352000,127,2025-06-03,post,https://www.facebook.com/share/p/16G5anxHVB/,1,0,22,0,0,0,0,0,0,0,"No te pierdas la entrevista más divertida que me han hecho en #HDPS 
Sergio Mier Oliver Montoya … Ver más"
Jimena Antelo,https://www.facebook.com/JimenaAnteloOficial,no,2018-03-01,352000,127,2025-06-03,post,https://www.facebook.com/share/v/16hdAqf9qJ/,0,17,33,0,0,0,0,0,0,0,"TUTO SIGUE FIRME CON JP VELASCO
No cambiará a su candidato a Vicepresidente … Ver más"
Jimena Antelo,https://www.facebook.com/JimenaAnteloOficial,no,2018-03-01,352000,127,2025-06-03,post,https://www.facebook.com/share/v/18qegNVqg9/,1,26,64,0,0,0,0,0,0,0,"""ANDRÓNICO NO GANA SIN EVO""
Bloquean para habilitar a Evo … Ver más"
Jimena Antelo,https://www.facebook.com/JimenaAnteloOficial,no,2018-03-01,352000,127,2025-06-03,post,2025-06-03,0,12,21,0,0,0,0,0,0,0,"RÓMULO CALVO YA NO ES CANDIDATO DE MANFRED
Aún no se conocen sus razones… Ver más"
Jimena Antelo,https://www.facebook.com/JimenaAnteloOficial,no,2018-03-01,352000,127,2025-06-03,post,https://www.facebook.com/share/p/16SahHi1xZ/,11,5,59,0,0,0,0,0,0,0,"ATENCIÓN, MAÑANA HABRÁ CORTE DE AGUA
Estos son los barrios afectados"
Jimena Antelo,https://www.facebook.com/JimenaAnteloOficial,no,2018-03-01,352000,127,2025-06-04,post,https://www.facebook.com/share/v/1YFztGCegD/,25,31,237,0,0,0,0,0,0,0,"""NO QUIERO SER CANDIDATO DE ANDRÓNICO""
""TENGO UN COMPROMISO CON EVA COPA""… Ver más"
Jimena Antelo,https://www.facebook.com/JimenaAnteloOficial,no,2018-03-01,352000,127,2025-06-04,post,2025-06-04,15,133,173,0,0,0,0,0,0,0,"EVO HA EMPEZADO UN GOLPE DE ESTADO
Y teme ser detenido… Ver más"
Jimena Antelo,https://www.facebook.com/JimenaAnteloOficial,no,2018-03-01,352000,127,2025-06-04,post,https://www.facebook.com/share/v/16YTFbNJGX/,27,64,196,0,0,0,0,0,0,0,"ERRÁTICO: BECKHAUSER PASA DEL AMOR AL ODIO CON CAMACHO
Ahora los ve malignos y corruptos … Ver más"
Jimena Antelo,https://www.facebook.com/JimenaAnteloOficial,no,2018-03-01,352000,127,2025-06-04,post,https://www.facebook.com/share/v/16NBHZMcmB/,0,23,70,0,0,0,0,0,0,0,"""NO QUIERO SER CANDIDATO DE ANDRÓNICO""
""TENGO UN COMPROMISO CON EVA COPA""… Ver más"
Jimena Antelo,https://www.facebook.com/JimenaAnteloOficial,no,2018-03-01,352000,127,2025-06-05,post,https://www.facebook.com/share/v/19XmiuWacA/,1,3,20,0,0,0,0,0,0,0,"¿PAGANDO POR LA CANDIDATURA?
NO PUSO LA PLATA Y LE PIDEN SU RENUNCIA… Ver más"
Jimena Antelo,https://www.facebook.com/JimenaAnteloOficial,no,2018-03-01,352000,127,2025-06-05,post,https://www.facebook.com/share/p/1BQ5qN7NdJ/,7,192,337,0,0,0,0,0,0,0,"“Tenemos la llave, el vehículo y tenemos al piloto”
Dice Andrónico Rodríguez. … Ver más"
Jimena Antelo,https://www.facebook.com/JimenaAnteloOficial,no,2018-03-01,352000,127,2025-06-05,post,https://www.facebook.com/share/p/14KVReCrXA1/,22,135,280,0,0,0,0,0,0,0,"ANDRÓNICO PODRÁ SER CANDIDATO POR EL MTS
Lo ha decidido el TCP… Ver más"
Jimena Antelo,https://www.facebook.com/JimenaAnteloOficial,no,2018-03-01,352000,127,2025-06-05,post,https://www.facebook.com/share/v/1HkkJX7Cbp/,30,36,86,0,0,0,0,0,0,0,"“ME PEDÍAN MÁS, MÁS Y MÁS PLATA”
¿ADN VENDIÓ LA CANDIDATURA?… Ver más"
Jimena Antelo,https://www.facebook.com/JimenaAnteloOficial,no,2018-03-01,352000,127,2025-06-05,post,2025-06-05,10,77,129,0,0,0,0,0,0,0,"EVO DENUNCIADO POR TERRORISMO 
Bolivia está bajo ataque, se están asfixiando las ciudades… Ver más"
Jimena Antelo,https://www.facebook.com/JimenaAnteloOficial,no,2018-03-01,352000,127,2025-06-06,post,2025-06-06,1,10,34,0,0,0,0,0,0,0,"ANDRÓNICO ELIGE HOY A SU VICE
¿Cronembold, Patzi o una sorpresa?… Ver más"
Jimena Antelo,https://www.facebook.com/JimenaAnteloOficial,no,2018-03-01,352000,127,2025-06-09,post,2025-06-09,2,21,51,0,0,0,0,0,0,0,"MARÍA, LA REINA MARICA QUE PROVOCA A SANTA CRUZ
¿Es mejor enojarse, reírse o volverla meme?… Ver más"
Jimena Antelo,https://www.facebook.com/JimenaAnteloOficial,no,2018-03-01,352000,127,2025-06-09,post,https://www.facebook.com/JimenaAnteloOficial/posts/pfbid02sMXbGjrvBJ9Q9e6Na2Mj5wVM58dRzbyY2fwtM1M2hpt6qMer7BTJcqfkmyB4ujrkl,1,6,162,0,0,0,0,0,0,0,"Sábado lleno de emociones 
La bebé de la familia, @nadiahurtado , se graduó del colegio 
… Ver más"
Jimena Antelo,https://www.facebook.com/JimenaAnteloOficial,no,2018-03-01,352000,127,2025-06-09,post,https://www.facebook.com/JimenaAnteloOficial/videos/486735171163016/,1,2,47,0,0,0,0,0,0,0,"Una entrevista para reír 
Oliver y Sergio me hacen acuerdo grandes anécdotas!!… Ver más"
Jimena Antelo,https://www.facebook.com/JimenaAnteloOficial,no,2018-03-01,352000,127,2025-06-09,post,https://www.facebook.com/share/v/1F4GCZj5z9/,0,2,28,0,0,0,0,0,0,0,"¿Y la campaña del avión ?
Momentos para reír, junto a Oliver y Sergio… Ver más"
Jimena Antelo,https://www.facebook.com/JimenaAnteloOficial,no,2018-03-01,352000,127,2025-06-10,post,https://www.facebook.com/JimenaAnteloOficial/videos/1607454550141866/,0,21,61,0,0,0,0,0,0,0,"“EVO IRÁ PRESO”
Si Samuel es presidente, él lo asegura … Ver más"
Jimena Antelo,https://www.facebook.com/JimenaAnteloOficial,no,2018-03-01,352000,127,2025-06-10,post,2025-06-10,6,23,45,0,0,0,0,0,0,0,"HAY 28 PUNTOS DE BLOQUEO 
Evistas quieren cercar a Santa Cruz … Ver más"
Jimena Antelo,https://www.facebook.com/JimenaAnteloOficial,no,2018-03-01,352000,127,2025-06-10,post,https://www.facebook.com/share/v/16mS2XJqxL/,1,15,19,0,0,0,0,0,0,0,"JHONNY NO DESCARTA BUSCAR A EVO
""HAY QUE DIALOGAR PARA ACABAR CON LOS BLOQUEOS""… Ver más"
Jimena Antelo,https://www.facebook.com/JimenaAnteloOficial,no,2018-03-01,352000,127,2025-06-10,post,https://www.facebook.com/share/v/16Y8D6KD7V/,1,18,24,0,0,0,0,0,0,0,"¿CUÁNDO DEJARÁ LA ALCALDÍA JHONNY? 
Es alcalde y candidato … Ver más"
Jimena Antelo,https://www.facebook.com/JimenaAnteloOficial,no,2018-03-01,352000,127,2025-06-10,post,https://www.facebook.com/share/v/19REpKk2YG/,2,56,81,0,0,0,0,0,0,0,"""NO VOY A IR A UNA CUMBRE POLÍTICA""
Jhonny Fernández no irá a la cumbre del TSE… Ver más"
Jimena Antelo,https://www.facebook.com/JimenaAnteloOficial,no,2018-03-01,352000,127,2025-06-10,post,https://www.facebook.com/share/v/19JdSSDSWu/,0,3,13,0,0,0,0,0,0,0,"""LA GENTE NO ESTÁ COMIENDO CARNE"" 
""HACEN DOS DÍAS DE COLA A LA SEMANA"" … Ver más"
Jimena Antelo,https://www.facebook.com/JimenaAnteloOficial,no,2018-03-01,352000,127,2025-06-10,post,https://www.facebook.com/share/v/19RX8mLn14/,7,20,309,0,0,0,0,0,0,0,"Emoción, compromiso y amor.
Maestra de ceremonias ante más de 15 mil personas, a los pies del Cristo.… Ver más"
Jimena Antelo,https://www.facebook.com/JimenaAnteloOficial,no,2018-03-01,352000,127,2025-06-10,post,https://www.facebook.com/JimenaAnteloOficial/videos/1890087041832707/,15,60,237,0,0,0,0,0,0,0,"NO PAGAR CRÉDITOS, CAPITAL, NI INTERESES 
El proyecto de ley presentado por Eduardo del Castillo"
Jimena Antelo,https://www.facebook.com/JimenaAnteloOficial,no,2018-03-01,352000,127,2025-06-10,post,https://www.facebook.com/JimenaAnteloOficial/videos/717765037292571/,0,4,5,0,0,0,0,0,0,0,"""EL TCP HA DADO UNA BUENA SEÑAL"" 
“Buscaban forzar la unidad de Andrónico con el MAS”… Ver más"
Jimena Antelo,https://www.facebook.com/JimenaAnteloOficial,no,2018-03-01,352000,127,2025-06-11,post,https://www.facebook.com/share/v/16Zjx5qQds/,8,95,219,0,0,0,0,0,0,0,"“YO LO TOMO PRESO DE INMEDIATO A EVO”
“Y sin muertos, tenemos militares para eso”… Ver más"
Jimena Antelo,https://www.facebook.com/JimenaAnteloOficial,no,2018-03-01,352000,127,2025-06-11,post,https://www.facebook.com/share/v/15TMr6UbLQ/,1,1,14,0,0,0,0,0,0,0,"NO ENCUENTRAN A DOS REOS PELIGROSO
Se fugaron de la cárcel más “segura” del país … Ver más"
Jimena Antelo,https://www.facebook.com/JimenaAnteloOficial,no,2018-03-01,352000,127,2025-06-11,post,https://www.facebook.com/share/v/1DcR4MmbKA/,0,18,54,0,0,0,0,0,0,0,"“CONMIGO ESTARÁN PROHIBIDOS LOS BLOQUEOS” 
“YO LO TOMO PRESO DE INMEDIATO A EVO”… Ver más"
Jimena Antelo,https://www.facebook.com/JimenaAnteloOficial,no,2018-03-01,352000,127,2025-06-11,post,https://www.facebook.com/share/p/1F8FAfxaTi/,28,125,436,0,0,0,0,0,0,0,¿Qué te parece?
Jimena Antelo,https://www.facebook.com/JimenaAnteloOficial,no,2018-03-01,352000,127,2025-06-11,post,https://www.facebook.com/share/v/1VCN2iWMwv/,2,41,69,0,0,0,0,0,0,0,"DOS POLICÍAS MUERTOS, EL PLAN EVO AVANZA
Golpean policías, emboscan, queman un bus,siguen amenazando… Ver más"
Jimena Antelo,https://www.facebook.com/JimenaAnteloOficial,no,2018-03-01,352000,127,2025-06-11,post,https://www.facebook.com/share/p/16XTVQfok2/,38,140,223,0,0,0,0,0,0,0," ¡NO TE LO PIERDAS!
 Esta noche Tuto Quiroga le responde al soberano
… Ver más"
Jimena Antelo,https://www.facebook.com/JimenaAnteloOficial,no,2018-03-01,352000,127,2025-06-11,post,2025-06-11,3,18,57,0,0,0,0,0,0,0,"SUFRE LLALLAGUA, EVO MIRA, DIRIGE E IMPULSA LA VIOLENCIA
Desde su radio alienta las protestas, quiere tumbar las elecciones… Ver más"
Jimena Antelo,https://www.facebook.com/JimenaAnteloOficial,no,2018-03-01,352000,127,2025-06-12,post,https://www.facebook.com/share/v/1Bhv951jhS/,5,64,86,0,0,0,0,0,0,0,"TUTO, ¿QUÉ PASÓ CON GARY AÑEZ?
""YO NO LE OFRECÍ LA VICEPRESIDENCIA A GARY AÑEZ”… Ver más"
Jimena Antelo,https://www.facebook.com/JimenaAnteloOficial,no,2018-03-01,352000,127,2025-06-12,post,https://www.facebook.com/JimenaAnteloOficial/videos/730567269410032/,2,27,69,0,0,0,0,0,0,0,"""CONMIGO EVO ESTARÍA PRESO""
""NO AHORA, HACE MUCHO""… Ver más"
Jimena Antelo,https://www.facebook.com/JimenaAnteloOficial,no,2018-03-01,352000,127,2025-06-12,post,https://www.facebook.com/share/v/15gpLvQeLb/,1,10,35,0,0,0,0,0,0,0,"DOLOR, INCERTIDUMBRE, MUERTE
Un día negro en este proceso electoral … Ver más"
Jimena Antelo,https://www.facebook.com/JimenaAnteloOficial,no,2018-03-01,352000,127,2025-06-12,post,https://www.facebook.com/share/v/1GqAX583xt/,1,14,49,0,0,0,0,0,0,0,"¿Cuál es la diferencia entre Tuto y Samuel?
""TENGO LA PROPUESTA PARA SALVAR LA ECONOMÍA""… Ver más"
Jimena Antelo,https://www.facebook.com/JimenaAnteloOficial,no,2018-03-01,352000,127,2025-06-12,post,https://www.facebook.com/JimenaAnteloOficial/videos/24141794648777985/,3,10,34,0,0,0,0,0,0,0,"DOLOR, INCERTIDUMBRE, MUERTE
Un día negro en este proceso electoral … Ver más"
Jimena Antelo,https://www.facebook.com/JimenaAnteloOficial,no,2018-03-01,352000,127,2025-06-12,post,https://www.facebook.com/share/p/1Bh2B7tuKM/,2,4,31,0,0,0,0,0,0,0,
Jimena Antelo,https://www.facebook.com/JimenaAnteloOficial,no,2018-03-01,352000,127,2025-06-12,post,https://www.facebook.com/share/p/1Cuv1DJTj1/,15,101,326,0,0,0,0,0,0,0,
Jimena Antelo,https://www.facebook.com/JimenaAnteloOficial,no,2018-03-01,352000,127,2025-06-12,post,https://www.facebook.com/share/v/15X8Qe458w/,1,4,41,0,0,0,0,0,0,0,"“EVO SE APROVECHA DE LA CARENCIA DE LA GENTE” 
“Con el bloqueo, Evo beneficia a Santa Cruz y perjudica al altiplano”… Ver más"
Jimena Antelo,https://www.facebook.com/JimenaAnteloOficial,no,2018-03-01,352000,127,2025-06-12,post,https://www.facebook.com/share/v/16bVsqqFaS/,1,4,14,0,0,0,0,0,0,0,"“EL GOBIERNO DEPENDE DE UN HILO”
Así lo ve, Samuel Doria Medina … Ver más"
Jimena Antelo,https://www.facebook.com/JimenaAnteloOficial,no,2018-03-01,352000,127,2025-06-12,post,https://www.facebook.com/share/v/18auA8ccNU/,3,8,18,0,0,0,0,0,0,0,"""SI RENUNCIA ARCE TODO SE COMPLICA MÁS”
“SE COMPLICARÍA MÁS LA SITUACIÓN ECONÓMICA""… Ver más"
Jimena Antelo,https://www.facebook.com/JimenaAnteloOficial,no,2018-03-01,352000,127,2025-06-12,post,2025-06-12,11,140,133,0,0,0,0,0,0,0,"CUATRO POLICÍAS MUERTOS Y EVO REPUDIADO
Evo luce dispuesto a todo para tumbar las elecciones"
