nombre perfil,url perfil,candidato identificado,creación del perfil,seguidores,seguidos,fecha post,tipo de post,url post,comparticiones,comentarios,reacciones en total,me gusta,me encanta,me divierte,me entristece,me sorprende,me enoja,me importa,contenido
Nadia Beller,https://www.facebook.com/nadia.beller.5,no,2009-03-01,22000,0,2025-07-14,post,https://www.facebook.com/share/p/1CDceN8e6D/,3,1,24,13,2,7,0,1,0,1,"Triángulo electoral: Samuel, Andrónico y Tuto en la carrera presidencial:
A partir del análisis de las seis últimas encuestas nacionales (Captura Red Uno 27/03, Pantera… Ver más"
Nadia Beller,https://www.facebook.com/nadia.beller.5,no,2009-03-01,22000,0,2025-07-14,post,https://www.facebook.com/share/p/1GhaRkQXQD/,4,7,145,50,1,92,0,2,0,0,"Ustedes que se escandalizan por la exposición pública de Rafita en estado inconveniente, no saben nada de ritos de iniciación masónica "
Nadia Beller,https://www.facebook.com/nadia.beller.5,no,2009-03-01,22000,0,2025-07-15,post,https://www.facebook.com/share/p/16bHcdmoRR/,2,9,133,97,4,30,0,0,1,1,"Convengamos que los acólitos de Dunn no llegaban sin él ni al 2%. La única persona influyente en NGP era Dunn y sólo él. El único que podría persuadir a sus simpatizantes es Jaime Dunn, pero él ha decidido no apoyar a nadie."
Nadia Beller,https://www.facebook.com/nadia.beller.5,no,2009-03-01,22000,0,2025-07-15,post,https://www.facebook.com/share/p/16coBSuEe9/,2,7,59,47,0,10,0,1,1,0,
Nadia Beller,https://www.facebook.com/nadia.beller.5,no,2009-03-01,22000,0,2025-07-16,post,https://www.facebook.com/share/p/1RVJqev3XR/,7,5,124,36,2,83,0,0,2,1,Esta mañana en el foro de Vicepresidenciables: Lupo exponiendo y Medrano tomando nota 
Nadia Beller,https://www.facebook.com/nadia.beller.5,no,2009-03-01,22000,0,2025-07-16,post,https://www.facebook.com/share/p/1BB12YTmkx/,108,3,183,95,2,66,17,2,1,0,La deuda que contrajo nadie la podrá pagar
Nadia Beller,https://www.facebook.com/nadia.beller.5,no,2009-03-01,22000,0,2025-07-16,post,https://www.facebook.com/share/p/1AqYtUdrBA/,17,2,323,55,1,265,0,0,1,1,"Bueno… una suavecita porque el muchacho me cae bien. Es buen tipo.
Una inofensiva pero irresistible"
Nadia Beller,https://www.facebook.com/nadia.beller.5,no,2009-03-01,22000,0,2025-07-16,post,https://www.facebook.com/share/p/16WUQtiu4B/,3,14,125,100,2,22,1,0,0,0,"-Séptima encuesta en la que Samuel està primero dentro de la oposición
-Los dos opositores predilectos están estancados, sus subidas y bajadas (variaciones) estàn dentro del margen de error
-Andrónico sigue bajando"
Nadia Beller,https://www.facebook.com/nadia.beller.5,no,2009-03-01,22000,0,2025-07-16,post,https://www.facebook.com/share/p/199xq5VdqM/,265,78,427,332,7,77,0,7,1,3,"La verdad sobre la condonación de la deuda externa: NO FUE TUTO.-
Jorge Tuto Quiroga intenta atribuirse el mérito de la histórica condonación de la deuda externa bolivi… Ver más"
Nadia Beller,https://www.facebook.com/nadia.beller.5,no,2009-03-01,22000,0,2025-07-17,post,https://www.facebook.com/share/p/16tXkqngGA/,13,5,104,68,0,16,5,14,1,0,"¿Chau final de la Connmebol Sudamericana en Santa Cruz?
Del 43% de avance que deberían haber tenido a la fecha, tienen menos del 12%, hay una conminatoria de que si has… Ver más"
Nadia Beller,https://www.facebook.com/nadia.beller.5,no,2009-03-01,22000,0,2025-07-17,post,https://www.facebook.com/share/p/1Bk7uNtsNy/,41,8,353,276,4,64,0,6,2,1,"¡Ay, Juanito!"
Nadia Beller,https://www.facebook.com/nadia.beller.5,no,2009-03-01,22000,0,2025-07-19,post,https://www.facebook.com/share/p/1J4Y4ohPnr/,13,17,298,258,2,35,0,2,1,0,Ningún Cruceño gritó un car@jo la anterior semana que el MÁS le iba a entregar el litio a los chinos y ahora los Tutistas de Scz fingen que les importa sólo por guerra sucia. #EnFinLaHipotenusa
Nadia Beller,https://www.facebook.com/nadia.beller.5,no,2009-03-01,22000,0,2025-07-20,post,https://www.facebook.com/share/p/1B4fYLwpXm/,32,21,598,573,5,14,1,1,5,0,"Qué sucio se ve Manfred atacando al gobierno de Jeanine Áñez, cuando fue gracias a ese gobierno que volvió al país y hoy es Alcalde. Morder la mano que te permitió regresar no es estrategia, es bajeza."
Nadia Beller,https://www.facebook.com/nadia.beller.5,no,2009-03-01,22000,0,2025-07-20,post,https://www.facebook.com/share/p/172YY1g39w/,14,8,134,80,0,47,0,4,3,0,"Ahorita no quiero hablar de la disonancia cognitiva de Kawsachun Coca, quiero saber: ¿qué espera el OEP para sancionarlos por difusión ilegal de encuesta?"
Nadia Beller,https://www.facebook.com/nadia.beller.5,no,2009-03-01,22000,0,2025-07-20,post,https://www.facebook.com/share/p/16j98DEKnH/,9,6,96,83,0,3,0,3,7,0,#Masfred se proyecta en sus acusaciones: Manfred pregunta si en un eventual gobierno de Samuel se va a contratar a gente involucrada en el escándalo de los respiradores… Ver más
Nadia Beller,https://www.facebook.com/nadia.beller.5,no,2009-03-01,22000,0,2025-07-20,post,https://www.facebook.com/share/p/1CBHjmKBpU/,1,3,64,32,0,31,0,1,0,0,Así va el debate… me estoy aburriendo 
Nadia Beller,https://www.facebook.com/nadia.beller.5,no,2009-03-01,22000,0,2025-07-21,post,https://www.facebook.com/share/p/16b2hZXo9S/,9,14,223,121,1,98,0,3,0,0,"¿Te imaginás ser el asesor político de Andrónico y ganar un millón de dólares por recomendar que: no vaya
a los debates, ni a los foros, no hagas campaña, básicamente ni respire?"
Nadia Beller,https://www.facebook.com/nadia.beller.5,no,2009-03-01,22000,0,2025-07-21,post,https://www.facebook.com/share/p/1C9XSjhdLJ/,2,0,62,9,1,52,0,0,0,0,-Branko llegando al debate de vicepresidentes…
Nadia Beller,https://www.facebook.com/nadia.beller.5,no,2009-03-01,22000,0,2025-07-21,post,https://www.facebook.com/share/p/16PEGzdFX1/,9,17,234,134,1,97,0,2,0,0,"Anuncio importante: si vas a hablar por teléfono con Manfred grabá la llamada, luego el doncito se inventa cosas y no muestra pruebas fehaciente.
Tanto tinte le está afectando "
Nadia Beller,https://www.facebook.com/nadia.beller.5,no,2009-03-01,22000,0,2025-07-22,post,https://www.facebook.com/share/v/16ukd6CGnk/,15,7,57,49,1,0,0,6,1,0,"Manfred, pupilo de Arce: el nuevo Chi apadrinado por el poder para dividir el voto… Ver más"
Nadia Beller,https://www.facebook.com/nadia.beller.5,no,2009-03-01,22000,0,2025-07-22,post,https://www.facebook.com/share/p/1EcdffgH1M/,14,0,123,19,0,104,0,0,0,0,
