nombre perfil,url perfil,snapshot_date,creación del perfil,candidato identificado,seguidores,seguidos,fecha post,tipo de post,url post,comparticiones,comentarios,reacciones en total,me gusta,me encanta,me divierte,me entristece,me sorprende,me enoja,me importa,contenido
CYNTHIA CARLA HUACANI PAJARITO,https://www.facebook.com/cynthia.huacanipajarito,2025-07-22,,no,0,0,2025-07-15,post,https://www.facebook.com/share/v/1A6jQaQcKP/,14,8,13,10,2,0,0,0,0,1,"@destacar
Con la gesta libertaria del 16 de julio de 1809, comenzó la LIBERTAD E IGUALDAD entre todos los que habitamos esta bendita tierra.  Antes Chuquiago Marka, ahora Nuestra señora de La Paz...
QUE VIVA ¡OH LINDA LA PAZ!
#JhonnyFernández #LaFuerzaDelPueblo #cynthiacarlahuacanipajarito #DiputadaUninominalC8"
CYNTHIA CARLA HUACANI PAJARITO,https://www.facebook.com/cynthia.huacanipajarito,2025-07-22,,no,0,0,2025-07-15,post,https://www.facebook.com/share/v/16gBWCbAf7/,16,0,7,5,1,0,0,0,0,1,"Contigo todo es posible ¡vamos por el cambio! Unidos por un futuro mejor, más acciones menos promesas. 
#cynthiacarlahuacanipajarito #DiputadaUninominalC8
#JhonnyFernández #LaFuerzaDelPueblo"
CYNTHIA CARLA HUACANI PAJARITO,https://www.facebook.com/cynthia.huacanipajarito,2025-07-22,,no,0,0,2025-07-16,post,https://www.facebook.com/share/p/16zvk3ZDYX/,1,0,3,2,1,0,0,0,0,0,"La renovación política estara presente.
#cynthiacarlahuacanipajarito #DiputadaUninominalC8 #JhonnyFernández #LaFuerzaDelPueblo"
CYNTHIA CARLA HUACANI PAJARITO,https://www.facebook.com/cynthia.huacanipajarito,2025-07-22,,no,0,0,2025-07-16,post,https://www.facebook.com/share/p/19TYu3TH7j/,5,0,4,3,0,0,0,0,0,1,"Trabajando por un mejor país.
#cynthiacarlahuacanipajarito  #DiputadaUninominalC8 
#JhonnyFernández  #LaFuerzaDelPueblo"
CYNTHIA CARLA HUACANI PAJARITO,https://www.facebook.com/cynthia.huacanipajarito,2025-07-22,,no,0,0,2025-07-16,post,https://www.facebook.com/share/v/1Ys1vSwwf6/,3,0,6,4,1,0,0,0,0,1,"¡Feliz 16 de julio, querida La Paz!
Hoy celebro con orgullo tu historia, tu lucha y tu grandeza. En tus calles, montañas y gente vibrante late el corazón de Bolivia. Que sigas siendo faro de cultura, resistencia y progreso para todos los que te llevamos en el alma.
#JhonnyFernández #LaFuerzaDelPueblo #cynthiacarlahuacanipajarito #DiputadaUninominalC8"
CYNTHIA CARLA HUACANI PAJARITO,https://www.facebook.com/cynthia.huacanipajarito,2025-07-22,,no,0,0,2025-07-16,post,https://www.facebook.com/share/p/1BSiwWn8d6/,0,0,0,0,0,0,0,0,0,0,"Mañana nos vemos en una de las  celebración democratica. 
Juntos saldremos adelante.. La juventud presente. 
#cynthiacarlahuacanipajarito #DiputadaUninominalC8
@destacar"
CYNTHIA CARLA HUACANI PAJARITO,https://www.facebook.com/cynthia.huacanipajarito,2025-07-30,,no,0,0,2025-07-23,post,https://www.facebook.com/share/p/1AyFtptJEe/,1,0,7,6,1,0,0,0,0,0,
CYNTHIA CARLA HUACANI PAJARITO,https://www.facebook.com/cynthia.huacanipajarito,2025-07-30,,no,0,0,2025-07-24,post,https://www.facebook.com/share/v/1GCT6kHqoP/,5,1,3,2,1,0,0,0,0,0,"""¡Tu voz importa!.. únete a la gran proclamación  #JhonnyFernandez presidente, #cynthiacarlahuacanipajarito #DiputadaUninominalC8
 Caminemos juntos por un futuro justo y digno.
#LaFuerzaDelPueblo"
CYNTHIA CARLA HUACANI PAJARITO,https://www.facebook.com/cynthia.huacanipajarito,2025-07-30,,no,0,0,2025-07-25,post,https://www.facebook.com/share/v/16yVkWp4WE/,17,5,12,8,2,0,0,0,0,2,"Así fue la Gran Proclamación de parte del Sector Auto Transporte Sindicalizado
#JhonnyFernandez presidente de
#cynthiacarlahuacanipajarito #DiputadaUninominalC8
Agradecer la aceptación y el gran recibimiento  de la población que asistio"
CYNTHIA CARLA HUACANI PAJARITO,https://www.facebook.com/cynthia.huacanipajarito,2025-07-30,,no,0,0,2025-07-27,post,https://www.facebook.com/share/v/16ef3LZKVN/,13,0,4,2,1,0,0,0,0,1,"@destacar
""La fuerza de un pueblo está en su gente. ¡Y estamos con ustedes!""
#cynthiacarlahuacanipajarito #DiputadaUninominalC8
#La… Ver más"
CYNTHIA CARLA HUACANI PAJARITO,https://www.facebook.com/cynthia.huacanipajarito,2025-07-30,,no,0,0,2025-07-27,post,https://www.facebook.com/share/v/1FEy6H4daa/,12,0,11,8,1,0,0,0,0,2,"Gran Caminata y entrega de viveres a la poblacion paceña
#cynthiacarlahuacanipajarito #DiputadaUninominalC8 #LaFuerzaDelPueblo #JhonnyFernández"
CYNTHIA CARLA HUACANI PAJARITO,https://www.facebook.com/cynthia.huacanipajarito,2025-07-30,,no,0,0,2025-07-28,post,https://www.facebook.com/share/v/16tHmVfXH5/,1,1,7,5,1,0,0,0,0,1,"#LaFuerzaDelPueblo 
Un fin de semana con nuestros vecinos de la zona del Pedregal  entregandoles de accesorios deportivos,  así también con los vecinos de llojeta 25 de agosto uñupaya haciendo la entrega de material de construcción.
 #cynthiacarlahuacanipajarito #DiputadaUninominalC8"
