nombre perfil,url perfil,candidato identificado,creación del perfil,seguidores,seguidos,fecha post,tipo de post,url post,comparticiones,comentarios,reacciones en total,me gusta,me encanta,me divierte,me entristece,me sorprende,me enoja,me importa,contenido
CARMEN SOLEDAD CHAPETON TANCARA,https://www.facebook.com/soledad.chapetontancara,sí,,6000,467,2025-06-28,post,https://www.facebook.com/share/p/1AzW44Baf9/,1,0,10,10,0,0,0,0,0,0,
CARMEN SOLEDAD CHAPETON TANCARA,https://www.facebook.com/soledad.chapetontancara,sí,,6000,467,2025-06-28,post,https://www.facebook.com/share/p/1AsdeP6G5Y/,0,0,1,1,0,0,0,0,0,0,
CARMEN SOLEDAD CHAPETON TANCARA,https://www.facebook.com/soledad.chapetontancara,sí,,6000,467,2025-06-28,post,https://www.facebook.com/share/p/1ABXCiovuF/,2,1,2,2,0,0,0,0,0,0,
CARMEN SOLEDAD CHAPETON TANCARA,https://www.facebook.com/soledad.chapetontancara,sí,,6000,467,2025-06-29,post,https://www.facebook.com/share/v/16udP8rzea/,20,20,124,94,21,9,0,0,0,0,*Alianza Bloque de Unidad socializa las propuestas de Samuel Doria Medina en multitudinaria caminata en El Alto*… Ver más
CARMEN SOLEDAD CHAPETON TANCARA,https://www.facebook.com/soledad.chapetontancara,sí,,6000,467,2025-06-30,post,https://www.facebook.com/share/p/19B1j1RWV1/,1,0,15,12,2,0,0,0,0,1,
CARMEN SOLEDAD CHAPETON TANCARA,https://www.facebook.com/soledad.chapetontancara,sí,,6000,467,2025-06-30,post,https://www.facebook.com/share/p/16ksKRLGKH/,1,1,23,23,0,0,0,0,0,0,
