nombre perfil,url perfil,snapshot_date,creación del perfil,candidato identificado,seguidores,seguidos,fecha post,tipo de post,url post,comparticiones,comentarios,reacciones en total,me gusta,me encanta,me divierte,me entristece,me sorprende,me enoja,me importa,contenido
MARIA DANIELA ARISPE POZO,https://www.facebook.com/maria.bozo.7393,2025-07-23,,sí,0,0,2025-07-17,post,https://www.facebook.com/share/p/1VcouAf2sy/,11,3,26,22,3,0,0,0,0,1,"Quiero dar gracias al municipio de mairana por acompañarme en la inauguración de nuestra casa de campaña de muestro instrumento político #MAS-IPSP 
Porque #BoliviaPrime… Ver más"
MARIA DANIELA ARISPE POZO,https://www.facebook.com/maria.bozo.7393,2025-07-29,,sí,0,0,2025-07-29,post,https://www.facebook.com/share/p/16dViJE9FC/,11,3,29,19,8,1,0,0,0,1,"Gran recibimiento a nuestro #Binomio ganador Eduardo Del Castillo Del Carpio Presidente @Milánberna Vice Presidente.
Nueva mente Santa Cruz da su total cariño apoyo a l… Ver más"
MARIA DANIELA ARISPE POZO,https://www.facebook.com/maria.bozo.7393,2025-08-06,,sí,0,0,2025-07-29,post,https://www.facebook.com/share/p/19qBaAHXJ2/,11,3,33,19,8,2,0,0,0,4,"Gran recibimiento a nuestro #Binomio ganador Eduardo Del Castillo Del Carpio Presidente @Milánberna Vice Presidente.
Nueva mente Santa Cruz da su total cariño apoyo a l… Ver más"
