nombre perfil,url perfil,snapshot_date,creación del perfil,candidato identificado,seguidores,seguidos,fecha post,tipo de post,url post,comparticiones,comentarios,reacciones en total,me gusta,me encanta,me divierte,me entristece,me sorprende,me enoja,me importa,contenido
Pan y Rosas Bolivia,https://www.facebook.com/panyrosasdebolivia,2025-06-11,2016-03-12,no,10000,279,2025-02-08,post,https://www.facebook.com/share/p/19iu468kVR/,3,0,6,0,0,0,0,0,0,0,"Movilización de trabajadoras de aseo urbano de El Alto, contra la violencia patronal de la empresa TREBOL. 
Exigen el RECONOCIMIENTO YA del único Sindicato que denuncia… Ver más"
Pan y Rosas Bolivia,https://www.facebook.com/panyrosasdebolivia,2025-06-11,2016-03-12,no,10000,279,2025-02-19,post,https://www.facebook.com/share/p/1BBdzxkg3f/,0,0,5,0,0,0,0,0,0,0,Gran movilización de las Trabajadoras de Aseo Urbano
Pan y Rosas Bolivia,https://www.facebook.com/panyrosasdebolivia,2025-06-11,2016-03-12,no,10000,279,2025-02-25,post,https://www.facebook.com/share/p/1J1m9Dxzwx/,47,2,38,0,0,0,0,0,0,0,¡DESPROCESAMIENTO INMEDIATO!… Ver más
Pan y Rosas Bolivia,https://www.facebook.com/panyrosasdebolivia,2025-06-11,2016-03-12,no,10000,279,2025-02-27,post,https://www.facebook.com/share/p/1A76GPciAi/,7,0,27,0,0,0,0,0,0,0,"#NoticieroPopular
Activistas feministas denuncian que la Policía criminaliza sus protestas al imputarlas por sus medidas de intervención en ciudades del país."
Pan y Rosas Bolivia,https://www.facebook.com/panyrosasdebolivia,2025-06-11,2016-03-12,no,10000,279,2025-03-02,post,https://www.facebook.com/share/p/19pYZXLtMS/,44,66,219,0,0,0,0,0,0,0,"#8M #LaPaz GRAN MOVILIZACIÓN 
Viernes 7 de marzo
… Ver más"
Pan y Rosas Bolivia,https://www.facebook.com/panyrosasdebolivia,2025-06-11,2016-03-12,no,10000,279,2025-03-07,post,https://www.facebook.com/share/p/18s5ETE7hD/,3,0,17,0,0,0,0,0,0,0,
Pan y Rosas Bolivia,https://www.facebook.com/panyrosasdebolivia,2025-06-11,2016-03-12,no,10000,279,2025-03-07,post,https://www.facebook.com/panyrosasdebolivia/posts/pfbid02qMyzq5iG84wpQTgoP8ruRPg5Uar74FkWhXcRQTy8pJ2hsqCrQE2NSqp5SWjXmq3hl,2,2,33,0,0,0,0,0,0,0,
Pan y Rosas Bolivia,https://www.facebook.com/panyrosasdebolivia,2025-06-11,2016-03-12,no,10000,279,2025-03-07,post,https://www.facebook.com/share/p/1CW3yNtNEJ/,0,0,15,0,0,0,0,0,0,0,Desde Cochabamba. #8M
Pan y Rosas Bolivia,https://www.facebook.com/panyrosasdebolivia,2025-06-11,2016-03-12,no,10000,279,2025-03-08,post,https://www.facebook.com/share/p/16d86MFdHP/,67,2,88,0,0,0,0,0,0,0,"#URGENTE 
PRONUCIAMIENTO COLECTIVO… Ver más"
Pan y Rosas Bolivia,https://www.facebook.com/panyrosasdebolivia,2025-06-11,2016-03-12,no,10000,279,2025-03-10,post,https://www.facebook.com/share/p/1AmgmKTJtg/,0,0,25,0,0,0,0,0,0,0,"8# COMPAÑERAS, NO SE EQUIVOQUEN"
Pan y Rosas Bolivia,https://www.facebook.com/panyrosasdebolivia,2025-06-11,2016-03-12,no,10000,279,2025-03-11,post,https://www.facebook.com/share/p/1CGiLk8dUX/,49,1,38,0,0,0,0,0,0,0,#Difundimos Nuestra compañera Viole Tamayo fue invitada a esta charla organizada por la #CarreraDeSociología de la #UMSA. ¡Estaremos presentes intercambiando perspect… Ver más
Pan y Rosas Bolivia,https://www.facebook.com/panyrosasdebolivia,2025-06-11,2016-03-12,no,10000,279,2025-03-12,post,https://www.facebook.com/share/p/1H4tncESyi/,2,0,10,0,0,0,0,0,0,0,Transmisión en vivo del Foro organizado por la Carrera de Sociología
Pan y Rosas Bolivia,https://www.facebook.com/panyrosasdebolivia,2025-06-11,2016-03-12,no,10000,279,2025-04-03,post,https://www.facebook.com/share/p/1Xqfzck35m/,0,0,2,0,0,0,0,0,0,0,#Cochabamba Conferencia de Prensa contra la criminalización de la protesta … Ver más
Pan y Rosas Bolivia,https://www.facebook.com/panyrosasdebolivia,2025-06-11,2016-03-12,no,10000,279,2025-05-14,post,https://www.facebook.com/share/p/188McvKqcJ/,28,0,39,0,0,0,0,0,0,0," ¡Viva la lucha del pueblo palestino!
 … Ver más"
Pan y Rosas Bolivia,https://www.facebook.com/panyrosasdebolivia,2025-06-11,2016-03-12,no,10000,279,2025-05-15,post,https://www.facebook.com/share/p/1V2o4D5EmN/,0,0,6,0,0,0,0,0,0,0,Compartimos la programación para hoy del Tercer Encuentro Plurisexual Fronteras Transfeministas Cuerpos Racializados Territorios Anticapitalistas. … Ver más
Pan y Rosas Bolivia,https://www.facebook.com/panyrosasdebolivia,2025-06-11,2016-03-12,no,10000,279,2025-05-16,post,https://www.facebook.com/share/p/16ARrBxqqv/,1,0,5,0,0,0,0,0,0,0,"¡Viva la lucha del pueblo palestino!
A 77 años de la Nakba, nos sumamos a la convocatoria para alzar la voz contra el genocidio y la persecución. … Ver más"
Pan y Rosas Bolivia,https://www.facebook.com/panyrosasdebolivia,2025-05-22,2016-03-12,no,10000,279,2025-05-16,post,not-found-post-url--413906,6,1,,0,0,0,0,0,0,0,
Pan y Rosas Bolivia,https://www.facebook.com/panyrosasdebolivia,2025-05-23,2016-03-12,no,10000,279,2025-05-16,post,not-found-post-url-453203,6,1,,0,0,0,0,0,0,0,
Pan y Rosas Bolivia,https://www.facebook.com/panyrosasdebolivia,2025-06-11,2016-03-12,no,10000,279,2025-06-09,post,https://www.facebook.com/panyrosasdebolivia/posts/pfbid02qsuZicWWVe3VyJzv7yz5jUQ6ZFLGd2ChAe3hdU43VuJCpLarJ5y2ziyyn5AMLFk6l,22,4,51,0,0,0,0,0,0,0,La Solidaridad con Gaza no se detiene… Ver más
Pan y Rosas Bolivia,https://www.facebook.com/panyrosasdebolivia,2025-06-10,2016-03-12,no,10000,279,2025-06-09,post,https://www.facebook.com/share/p/1Hq6uKZgbY/,22,1,48,0,0,0,0,0,0,0,La Solidaridad con Gaza no se detiene… Ver más
Pan y Rosas Bolivia,https://www.facebook.com/panyrosasdebolivia,2025-06-23,2016-03-12,no,10000,279,2025-06-16,post,https://www.facebook.com/share/p/16PG4VyKJY/,1,1,19,8,9,0,0,0,0,2," ¡No hay orgullo con crisis y represión!
E… Ver más"
Pan y Rosas Bolivia,https://www.facebook.com/panyrosasdebolivia,2025-06-23,2016-03-12,no,10000,279,2025-06-23,post,https://www.facebook.com/share/p/1Z3QNswHDa/,9,2,27,16,11,0,0,0,0,0," ¡NUESTRO ORGULLO ES ANTICAPITALISTA !
E… Ver más"
Pan y Rosas Bolivia,https://www.facebook.com/panyrosasdebolivia,2025-07-01,2016-03-12,no,10000,279,2025-06-28,post,https://www.facebook.com/share/p/1AEAxfYPTi/,8,0,15,8,3,1,0,0,0,3,"¡Esto no es desfile, es un BLOQUE DE PROTESTA! 
Sábado 28/06 - 18:00 H… Ver más"
Pan y Rosas Bolivia,https://www.facebook.com/panyrosasdebolivia,2025-07-01,2016-03-12,no,10000,279,2025-06-30,post,https://www.facebook.com/share/p/1DzV2StwrF/,23,1,29,19,7,0,0,0,0,3,"CONVERSATORIO: 
DIVERSIDADES Y DISIDENCIAS FRENTE A LA COYUNTURA INTERNACIONAL Y LA CRISIS ECONÓMICA Y REPRESIÓN EN BOLIVIA … Ver más"
