nombre perfil,url perfil,candidato identificado,creación del perfil,seguidores,seguidos,fecha post,tipo de post,url post,comparticiones,comentarios,reacciones en total,me gusta,me encanta,me divierte,me entristece,me sorprende,me enoja,me importa,contenido
KELLY ANDREA VELARDE ARANCIBIA,https://www.facebook.com/KellyVelardeBO,no,2025-06-12,1200,7,2025-07-29,post,https://www.facebook.com/share/p/1D8JaXEXZ8/,96,31,231,0,0,0,0,0,0,0,Me senté con quienes lo dan todo por el deporte en Montero.… Ver más
KELLY ANDREA VELARDE ARANCIBIA,https://www.facebook.com/KellyVelardeBO,no,2025-06-12,1200,7,2025-07-30,post,https://www.facebook.com/share/p/1CcQdknTsr/,138,60,287,0,0,0,0,0,0,0,"Hoy caminé por las calles de Villa Busch y Villa Fátima, y en cada mirada vi lo mismo: ganas de salir adelante.… Ver más"
KELLY ANDREA VELARDE ARANCIBIA,https://www.facebook.com/KellyVelardeBO,no,2025-06-12,1200,7,2025-07-31,post,https://www.facebook.com/share/p/16Liq5JqQA/,135,68,259,0,0,0,0,0,0,0,"Recorrí la zona del Mercado Germán Moreno, y escuché lo que todos sentimos: la plata ya no alcanza.… Ver más"
KELLY ANDREA VELARDE ARANCIBIA,https://www.facebook.com/KellyVelardeBO,no,2025-06-12,1200,7,2025-07-31,post,https://www.facebook.com/share/p/16efaiKkzy/,137,51,276,213,62,0,0,0,0,1,Portachuelo se suma a la imparable ola del cambio.… Ver más
KELLY ANDREA VELARDE ARANCIBIA,https://www.facebook.com/KellyVelardeBO,no,2025-06-12,1200,7,2025-08-01,post,https://www.facebook.com/share/p/16xE3vao4B/,128,50,278,0,0,0,0,0,0,0,"La juventud no solo quiere cambio, está dispuesta a construirlo.… Ver más"
KELLY ANDREA VELARDE ARANCIBIA,https://www.facebook.com/KellyVelardeBO,no,2025-06-12,1200,7,2025-08-01,post,https://www.facebook.com/share/p/19qVLUUD4F/,42,25,119,0,0,0,0,0,0,0,"Así de claro. Así de simple.
Samuel dijo en el #DebatePresidencial, lo que millones de bolivianos sentimos: si la economía funciona, el pueblo progresa.… Ver más"
KELLY ANDREA VELARDE ARANCIBIA,https://www.facebook.com/KellyVelardeBO,no,2025-06-12,1200,7,2025-08-04,post,https://www.facebook.com/share/p/1CFRiQdJv9/,131,64,243,179,63,0,0,0,0,1,No vamos a esperar ganar para empezar a trabajar por nuestra gente.… Ver más
KELLY ANDREA VELARDE ARANCIBIA,https://www.facebook.com/KellyVelardeBO,no,2025-06-12,1200,7,2025-08-04,post,https://www.facebook.com/share/p/14JjQoJZcYL/,83,36,184,0,0,0,0,0,0,0,Las mujeres sienten la crisis en carne propia.… Ver más
KELLY ANDREA VELARDE ARANCIBIA,https://www.facebook.com/KellyVelardeBO,no,2025-06-12,1200,7,2025-08-05,post,https://www.facebook.com/share/v/14FgpadmgJe/,113,57,238,174,63,0,0,0,0,1,"¡Feliz Bicentenario, Bolivia! 
C… Ver más"
