nombre perfil,url perfil,candidato identificado,creación del perfil,seguidores,seguidos,fecha post,tipo de post,url post,comparticiones,comentarios,reacciones en total,me gusta,me encanta,me divierte,me entristece,me sorprende,me enoja,me importa,contenido
FELIPA YALILY MONTENEGRO MONTAÑO,https://www.facebook.com/profile.php?id=100075078369212,sí,,0,0,2025-07-29,post,https://www.facebook.com/share/p/1B5aAPDPQD/,11,1,22,15,6,0,0,0,0,1," ¡Juntos por el cambio!
Fuimos testigos de un momento importante: la proclamación de Eduardo y Milán, dos líderes con compromiso, convicción y una visión clara para el… Ver más"
FELIPA YALILY MONTENEGRO MONTAÑO,https://www.facebook.com/profile.php?id=100075078369212,sí,,0,0,2025-07-29,post,https://www.facebook.com/share/v/1HycJrUc7y/,1,0,107,103,4,0,0,0,0,0," “Cuando el pueblo es la prioridad, los logros se hacen realidad.”
Aquí te hablamos y se destacan avances importantes como el Seguro Universal de Salud, más centros mé… Ver más"
FELIPA YALILY MONTENEGRO MONTAÑO,https://www.facebook.com/profile.php?id=100075078369212,sí,,0,0,2025-07-30,post,https://www.facebook.com/share/v/1G2yis9ziQ/,14,6,39,32,3,2,0,0,2,0,"La Wiphala no es solo una bandera. Es historia, lucha, memoria y resistencia.
Hoy se alza con fuerza como símbolo patrio de todos los bolivianos.… Ver más"
FELIPA YALILY MONTENEGRO MONTAÑO,https://www.facebook.com/profile.php?id=100075078369212,sí,,0,0,2025-07-30,post,https://www.facebook.com/share/p/19fn7ALw4v/,7,3,24,19,4,1,0,0,0,0," San Ignacio de Velasco nos recibió con cariño y esperanza.
Seguimos recorriendo cada rincón de Santa Cruz, escuchando, compartiendo y construyendo propuestas con la g… Ver más"
FELIPA YALILY MONTENEGRO MONTAÑO,https://www.facebook.com/profile.php?id=100075078369212,sí,,0,0,2025-08-01,post,https://www.facebook.com/share/v/1AtFuzbAAE/,4,1,24,21,3,0,0,0,0,0,"Acompañamos a nuestro candidato a presidente en el debate presidencial, donde demostró con claridad que tiene la visión, la fuerza y el compromiso que Bolivia necesita.… Ver más"
FELIPA YALILY MONTENEGRO MONTAÑO,https://www.facebook.com/profile.php?id=100075078369212,sí,,0,0,2025-08-01,post,https://www.facebook.com/share/p/17DUH6rhaw/,8,0,23,19,4,0,0,0,0,0,"Hoy acompañamos con orgullo a nuestro candidato a presidente Eduardo del Castillo  en el gran debate.
 ¡Su voz representa la esperanza, la dignidad y el futuro que todo… Ver más"
FELIPA YALILY MONTENEGRO MONTAÑO,https://www.facebook.com/profile.php?id=100075078369212,sí,,0,0,2025-08-05,post,https://www.facebook.com/share/v/16k9vYNNu9/,2,0,12,7,5,0,0,0,0,0,"Desde la comunidad 2 de Agosto, alzamos la voz por la defensa del territorio.
Con convicción y compromiso, habló sobre los desafíos enfrentados y los logros alcanzados … Ver más"
FELIPA YALILY MONTENEGRO MONTAÑO,https://www.facebook.com/profile.php?id=100075078369212,sí,,0,0,2025-08-05,post,https://www.facebook.com/share/p/164vpdZNZs/,1,2,17,9,8,0,0,0,0,0,"Colores, alegría y mucha identidad 
Así se vivimos el desfile cívico en Pailón por los 200 años de Bolivia.
… Ver más"
