nombre perfil,url perfil,creación del perfil,seguidores,seguidos,fecha post,url post,comparticiones,reacciones en total,me gusta,me encanta,me divierte,me entristece,me sorprende,me enoja,me importa,contenido
Carla Sandy Claure ,https://www.facebook.com/carla.sandy.007,2009-01-13,10000,0,2025-05-27,https://www.facebook.com/share/p/1QhmsYpaoc/,0,,2,0,0,0,1,1,0,"Sigan soñando ……
Mientras la Ley de Proclusion  no sea aprobada en Senadores ; la elección de agosto está en RIESGO y nadie se da cuenta."
Carla Sandy Claure ,https://www.facebook.com/carla.sandy.007,2009-01-13,10000,0,2025-05-27,https://www.facebook.com/share/p/1Ff8TFF4sa/,1,,0,0,0,0,0,0,0,"Ella me sana con una palabra ,
Ella me reprende cuando es necesario,… Ver más"
Carla Sandy Claure ,https://www.facebook.com/carla.sandy.007,2009-01-13,10000,0,2025-05-28,https://www.facebook.com/share/p/1BWz6uXbKs/,7,,47,1,0,0,0,0,0,
Carla Sandy Claure ,https://www.facebook.com/carla.sandy.007,2009-01-13,10000,0,2025-05-28,https://www.facebook.com/share/p/1AftvVJNjR/,3,,11,0,38,0,4,13,0,
Carla Sandy Claure ,https://www.facebook.com/carla.sandy.007,2009-01-13,10000,0,2025-05-29,https://www.facebook.com/share/p/16foz9KTjU/,4,,0,0,0,0,0,0,0,Que gran verdad 
Carla Sandy Claure ,https://www.facebook.com/carla.sandy.007,2009-01-13,10000,0,2025-05-30,https://www.facebook.com/share/v/1LgE2X6DGD/,4,,6,1,20,1,6,2,0,Yo creyendo que debemos debatir y proponer como candidato a vicepresidente como salir de la crisis política y económica en la que está sumida Bolivia y el vice de Tuto … Ver más
Carla Sandy Claure ,https://www.facebook.com/carla.sandy.007,2009-01-13,10000,0,2025-05-31,https://www.facebook.com/share/p/1HZ6RLb2T7/,0,,0,0,0,0,0,0,2,"""Somos lo que nadie ve...una colección de historias, recuerdos, dolores, alegrías , tragedias, bondades, éxitos, fracasos, pensamientos, pasiones, sentimientos y emocio… Ver más"
Carla Sandy Claure ,https://www.facebook.com/carla.sandy.007,2009-01-13,10000,0,2025-06-01,https://www.facebook.com/share/p/1BdkkrG15v/,5,,0,0,0,0,0,0,0,"Ahora TUTO respetará la encuesta y al ser segundo bajará su candidatura ? 
O seguirá con su capricho de niño malcriado  queriendo hacer creer que es el primero ?… Ver más"
