nombre perfil,url perfil,candidato identificado,creación del perfil,seguidores,seguidos,fecha post,tipo de post,url post,comparticiones,comentarios,reacciones en total,me gusta,me encanta,me divierte,me entristece,me sorprende,me enoja,me importa,contenido
MARLENE FERNANDEZ MEJIAS,https://www.facebook.com/profile.php?id=61570246115119,sí,2024-12-10,58,0,2025-06-02,post,https://www.facebook.com/share/p/1G6ZxdW1MW/,2,0,0,0,0,0,0,0,0,0,"¡Un merecido reconocimiento a la Facultad de Contaduría Pública y Ciencias Financieras! 
Hoy, realice un emotivo homenaje camaral a la Facultad de Contaduría Pública y… Ver más"
MARLENE FERNANDEZ MEJIAS,https://www.facebook.com/profile.php?id=61570246115119,sí,2024-12-10,58,0,2025-06-05,post,https://www.facebook.com/share/p/16fYffUdau/,1,0,1,0,0,0,0,0,0,0,"¡𝐇𝐨𝐦𝐞𝐧𝐚𝐣𝐞 𝐚 𝐥𝐚 𝐢𝐧𝐯𝐚𝐥𝐮𝐚𝐛𝐥𝐞 𝐥𝐚𝐛𝐨𝐫 𝐝𝐞 𝐧𝐮𝐞𝐬𝐭𝐫𝐨𝐬 𝐦𝐚𝐞𝐬𝐭𝐫𝐨𝐬!
En conmemoración del Día del Maestro, tuvimos el honor de entregar certificados de reconocimiento a los dedicados … Ver más"
MARLENE FERNANDEZ MEJIAS,https://www.facebook.com/profile.php?id=61570246115119,sí,2024-12-10,58,0,2025-06-06,post,https://www.facebook.com/share/p/1Z5uyx4FUj/,1,0,0,0,0,0,0,0,0,0,"¡𝐅𝐞𝐥𝐢𝐳 𝐃𝐢́𝐚 𝐝𝐞𝐥 𝐌𝐚𝐞𝐬𝐭𝐫𝐨 𝐁𝐨𝐥𝐢𝐯𝐢𝐚𝐧𝐨!
Hoy celebramos y honramos a quienes, con vocación y compromiso, iluminan el camino de miles de bolivianos: ¡nuestros queridos maestro… Ver más"
