nombre perfil,url perfil,candidato identificado,creación del perfil,seguidores,seguidos,fecha post,tipo de post,url post,comparticiones,comentarios,reacciones en total,me gusta,me encanta,me divierte,me entristece,me sorprende,me enoja,me importa,contenido
AZUCENA ALEJANDRA FUERTES MAMANI,https://www.facebook.com/AzucenaFuertesPotosi,sí,2016-08-16,9700,0,2025-06-01,post,https://www.facebook.com/share/v/15RX53dyra/,3,6,26,20,3,0,0,0,1,2,"¡Gracias mayo!. Empezando junio con la fe intacta. Sé que mi mamá me acompaña desde el cielo, y por ella, ¡seguimos adelante con el corazón lleno! "
AZUCENA ALEJANDRA FUERTES MAMANI,https://www.facebook.com/AzucenaFuertesPotosi,sí,2016-08-16,9700,0,2025-06-04,post,https://www.facebook.com/share/v/1C7mUbEAC5/,13,5,52,42,4,2,4,0,0,0,"Bolivia con bloqueos que están costando vidas humanas. 
No solo es la crisis generada por el masismo es su inhumanidad ante los muertos que provocan."
AZUCENA ALEJANDRA FUERTES MAMANI,https://www.facebook.com/AzucenaFuertesPotosi,sí,2016-08-16,9700,0,2025-06-05,post,https://www.facebook.com/share/p/1Cdw83HF6f/,1,7,14,8,4,2,0,0,0,0,Asistencia a Sesiones Legislativas: Un Llamado a la Rendición de Cuentas… Ver más
AZUCENA ALEJANDRA FUERTES MAMANI,https://www.facebook.com/AzucenaFuertesPotosi,sí,2016-08-16,9700,0,2025-06-06,post,https://www.facebook.com/share/p/16QNPf1F4b/,0,0,7,7,0,0,0,0,0,0,"¡Feliz Día del Maestro! 
Con inmenso agradecimiento hoy miro a mis maestros y maestras, quienes con su dedicación y sabiduría, me ayudaron a convertirme en la persona … Ver más"
AZUCENA ALEJANDRA FUERTES MAMANI,https://www.facebook.com/AzucenaFuertesPotosi,sí,2016-08-16,9700,0,2025-06-09,post,https://www.facebook.com/share/p/1ECdEDBmbJ/,0,0,1,1,0,0,0,0,0,0,
AZUCENA ALEJANDRA FUERTES MAMANI,https://www.facebook.com/AzucenaFuertesPotosi,sí,2016-08-16,9700,0,2025-06-09,post,https://www.facebook.com/share/p/19VFkKNM3y/,0,0,3,3,0,0,0,0,0,0,"Basta de que el capricho de un político (Evo) termine con las vidas de bolivianos y bolivianas, frente al dejar hacer y dejar pasar de quienes gobiernan (Arce y Andróni… Ver más"
