nombre perfil,url perfil,snapshot_date,creación del perfil,candidato identificado,seguidores,seguidos,fecha post,tipo de post,url post,comparticiones,comentarios,reacciones en total,me gusta,me encanta,me divierte,me entristece,me sorprende,me enoja,me importa,contenido
LECCY OLVEA SALINAS,https://www.facebook.com/profile.php?id=61578376469637,2025-07-22,2025-07-15,no,22,0,2025-07-15,post,https://www.facebook.com/share/p/16yNrGcUMQ/,12,0,11,10,1,0,0,0,0,0,
LECCY OLVEA SALINAS,https://www.facebook.com/profile.php?id=61578376469637,2025-07-22,2025-07-15,no,22,0,2025-07-15,post,https://www.facebook.com/share/18MPL1wwQ5/,9,0,6,6,0,0,0,0,0,0,
LECCY OLVEA SALINAS,https://www.facebook.com/profile.php?id=61578376469637,2025-07-22,2025-07-15,no,22,0,2025-07-18,post,https://www.facebook.com/share/p/16FDEJrUJp/,0,0,4,3,1,0,0,0,0,0," Este martes compartimos una grata jornada con el equipo San Juan de Integración, orgullo deportivo de Riberalta en la primera división.
Conversamos, escuchamos y sum… Ver más"
LECCY OLVEA SALINAS,https://www.facebook.com/profile.php?id=61578376469637,2025-07-22,2025-07-15,no,22,0,2025-07-22,post,https://www.facebook.com/share/p/16oVYXRsQ6/,5,1,3,3,0,0,0,0,0,0,"¡Con entusiasmo y unidad, el pasado sábado abrimos oficialmente nuestra casa de campaña!
Desde el partido ADN – Libertad y Progreso, damos un paso firme rumbo al 2025, … Ver más"
LECCY OLVEA SALINAS,https://www.facebook.com/profile.php?id=61578376469637,2025-07-29,2025-07-15,no,22,0,2025-07-22,post,https://www.facebook.com/share/p/19NZ7Qw4Fg/,9,1,9,9,0,0,0,0,0,0,"¡Con entusiasmo y unidad, el pasado sábado abrimos oficialmente nuestra casa de campaña!
Desde el partido ADN – Libertad y Progreso, damos un paso firme rumbo al 2025, … Ver más"
LECCY OLVEA SALINAS,https://www.facebook.com/profile.php?id=61578376469637,2025-07-29,2025-07-15,no,22,0,2025-07-25,post,https://www.facebook.com/share/v/1B2r4J6dvh/,13,0,9,8,1,0,0,0,0,0, El día de ayer visitamos en el Hospital de Riberalta a un adulto mayor quien necesita de nuestro apoyo para compartir un momento de cariño y esperanza.… Ver más
LECCY OLVEA SALINAS,https://www.facebook.com/profile.php?id=61578376469637,2025-08-06,2025-07-15,no,22,0,2025-08-04,post,https://www.facebook.com/share/v/19PE1PxXGV/,19,0,11,10,1,0,0,0,0,0,"La candidata a senadora Leccy Olvea visitó el Distrito 5 junto a la Junta Vecinal 6 de Agosto, donde compartió su propuesta de trabajo y escuchó las inquietudes de los … Ver más"
