nombre perfil,url perfil,candidato identificado,creación del perfil,seguidores,seguidos,fecha post,tipo de post,url post,comparticiones,comentarios,reacciones en total,me gusta,me encanta,me divierte,me entristece,me sorprende,me enoja,me importa,contenido
CECILIA ISABEL REQUENA ZARATE,https://www.facebook.com/CeciliaRequenaZarate,sí,,4500,158,2025-08-01,post,https://www.facebook.com/share/p/19NQBrBagG/,2,0,11,5,0,0,6,0,0,0,"Ahora en RTP Informa | En entrevista en vivo, abordamos  la pausa ambiental ante la crisis por incendios forestales. Analizamos el rol de las llamadas leyes incendiaria… Ver más"
CECILIA ISABEL REQUENA ZARATE,https://www.facebook.com/CeciliaRequenaZarate,sí,,4500,158,2025-08-01,post,https://www.facebook.com/share/v/1CCPw2ecGj/,13,4,38,11,0,0,19,1,6,1,"Tarija registra su primer gran incendio forestal en la Cuesta de Sama, área protegida nacional.
Con alerta de vientos, no debieron autorizarse quemas.… Ver más"
CECILIA ISABEL REQUENA ZARATE,https://www.facebook.com/CeciliaRequenaZarate,sí,,4500,158,2025-08-01,post,https://www.facebook.com/share/p/16Z7PtuKEH/,0,0,13,0,0,0,0,0,0,0,"En Contacto Bolivia con Priscila Quiroga | Estoy abordando la grave crisis por los incendios en Tarija, el alarmante aumento de focos de calor y el impacto de las llama… Ver más"
CECILIA ISABEL REQUENA ZARATE,https://www.facebook.com/CeciliaRequenaZarate,sí,,4500,158,2025-08-01,post,https://www.facebook.com/share/r/1ArdQ2CTAN/,84,11,171,0,0,0,0,0,0,0,El miércoles denuncié y alerté sobre el riesgo inminente de incendios. Advertí que era urgente y que el contexto exigía actuar inmediatamente. … Ver más
CECILIA ISABEL REQUENA ZARATE,https://www.facebook.com/CeciliaRequenaZarate,sí,,4500,158,2025-08-03,post,https://www.facebook.com/share/p/1ApvV5wxY3/,11,2,31,26,3,0,0,0,1,1,"Es un agro sostenible el que resolvería los incendios originados en la práctica del chaqueo con quema. No podemos persistir en sistemas caducos, cada vez más peligrosos… Ver más"
CECILIA ISABEL REQUENA ZARATE,https://www.facebook.com/CeciliaRequenaZarate,sí,,4500,158,2025-08-03,post,https://www.facebook.com/share/p/18hiTseKcc/,0,0,3,3,0,0,0,0,0,0,
CECILIA ISABEL REQUENA ZARATE,https://www.facebook.com/CeciliaRequenaZarate,sí,,4500,158,2025-08-03,post,https://www.facebook.com/share/p/1CfxNkqRAH/,5,1,12,0,0,0,5,2,5,0,
CECILIA ISABEL REQUENA ZARATE,https://www.facebook.com/CeciliaRequenaZarate,sí,,4500,158,2025-08-06,post,https://www.facebook.com/share/v/17HphGCcHq/,2,1,10,10,0,0,0,0,0,0,"Nacimos luchando por la libertad y seguimos soñando con una Bolivia mejor. El Bicentenario no es solo celebración, es el compromiso de seguir construyendo juntos un fut… Ver más"
