nombre perfil,url perfil,candidato identificado,creación del perfil,seguidores,seguidos,fecha post,tipo de post,url post,comparticiones,comentarios,reacciones en total,me gusta,me encanta,me divierte,me entristece,me sorprende,me enoja,me importa,contenido
XIMENA ARISPE BERNABE,https://www.facebook.com/ximena.daniela.arispe/,no,2024-12-31,664,202,2025-07-21,post,https://www.facebook.com/ximena.daniela.arispe/posts/pfbid0PMiAo5GPjXpkUijvpuQqFVVLZnReQpBvnoHCNfaW5XeTFKH2dVQnHGZJsyzkSEEwl,3,0,15,12,3,0,0,0,0,0,
XIMENA ARISPE BERNABE,https://www.facebook.com/ximena.daniela.arispe/,no,2024-12-31,664,202,2025-07-22,post,https://www.facebook.com/share/v/1F8cxzPi8z/,7,1,41,40,1,0,0,0,0,0,Con tu apoyo lo lograremos la unica candidata mujer de la C-29  Ximena Arispe Diputada C - 29 Oruro
XIMENA ARISPE BERNABE,https://www.facebook.com/ximena.daniela.arispe/,no,2024-12-31,664,202,2025-07-23,post,https://www.facebook.com/share/r/173rxyvhrd/,13,0,34,33,1,0,0,0,0,0,Ximena Arispe Diputada C - 29 Oruro
XIMENA ARISPE BERNABE,https://www.facebook.com/ximena.daniela.arispe/,no,2024-12-31,664,202,2025-07-25,post,https://www.facebook.com/share/p/1JRXC6fH6j/,1,2,12,12,0,0,0,0,0,0,Valoro mucho la amistad Oscar Elias Choque  eres un gran amigo un gran lider y sobre todo un gran Ejecutivo de la Federacion de Gremiales Wiñay Pacha dios te guie siemp… Ver más
XIMENA ARISPE BERNABE,https://www.facebook.com/ximena.daniela.arispe/,no,2024-12-31,664,202,2025-07-25,post,https://www.facebook.com/share/r/19RoPgnxoc/,7,2,41,36,5,0,0,0,0,0,Este 17 de agosto marca la casilla 10 la estrella ganadora Ximena Arispe Diputada C - 29 Oruro
XIMENA ARISPE BERNABE,https://www.facebook.com/ximena.daniela.arispe/,no,2024-12-31,664,202,2025-07-25,post,https://www.facebook.com/share/r/1C5A15KyAB/,29,7,50,44,6,0,0,0,0,0,"La mejor desicion es solo tuya el binomio
Rodrigo Paz  Cap.LARA… Ver más"
XIMENA ARISPE BERNABE,https://www.facebook.com/ximena.daniela.arispe/,no,2024-12-31,664,202,2025-07-29,post,https://www.facebook.com/share/p/1WMDpgK23q/,0,0,3,3,0,0,0,0,0,0,
