nombre perfil,url perfil,candidato identificado,creación del perfil,seguidores,seguidos,fecha post,tipo de post,url post,comparticiones,comentarios,reacciones en total,me gusta,me encanta,me divierte,me entristece,me sorprende,me enoja,me importa,contenido
Por la vida de las mujeres,https://www.facebook.com/Porlavidadelasmujeres.Bolivia,no,2013-12-19,16000,0,2025-06-23,post,https://www.facebook.com/share/p/1Lh49R2cRD/,23,0,66,37,23,0,0,0,0,6,"AB0RTAM0S sus peleas por poder, sus peleas sobre lxs cuerpxs de las mujeres, de las niñas, sus peleas incendiarias por despojarnos de nuestra humanidad.… Ver más"
Por la vida de las mujeres,https://www.facebook.com/Porlavidadelasmujeres.Bolivia,no,2013-12-19,16000,0,2025-06-23,post,https://www.facebook.com/share/p/17zJ4zZy4Z/,3,0,28,4,0,0,19,0,5,0,"NO SOMOS BOTÍN DE GUERRA!
NO SOMOS ESCOMBROS!… Ver más"
Por la vida de las mujeres,https://www.facebook.com/Porlavidadelasmujeres.Bolivia,no,2013-12-19,16000,0,2025-06-30,post,https://www.facebook.com/share/p/15YTKus9JM/,4,0,11,6,0,0,5,0,0,0,"La Paz y Santa Cruz son son las regiones del país donde los delitos fueron cometidos con mayor crueldad, mientras hay estudios que muestran que la violencia sexual es u… Ver más"
Por la vida de las mujeres,https://www.facebook.com/Porlavidadelasmujeres.Bolivia,no,2013-12-19,16000,0,2025-06-30,post,https://www.facebook.com/share/p/18xgVwfXBt/,2,0,3,0,3,0,0,0,0,0,h… Ver más
