nombre perfil,url perfil,candidato identificado,creación del perfil,seguidores,seguidos,fecha post,tipo de post,url post,comparticiones,comentarios,reacciones en total,me gusta,me encanta,me divierte,me entristece,me sorprende,me enoja,me importa,contenido
MARINA ISABEL CACHAMBI ALVAREZ,https://www.facebook.com/profile.php?id=100063933884078,sí,2021-01-08,565,13,2025-06-17,post,https://www.facebook.com/share/p/1PphEaddUB/,57,67,128,106,22,0,0,0,0,0,
MARINA ISABEL CACHAMBI ALVAREZ,https://www.facebook.com/profile.php?id=100063933884078,sí,2021-01-08,565,13,2025-06-19,post,https://www.facebook.com/share/v/1AanC18cZJ/,116,77,150,129,20,1,0,0,0,0,"Doña Inocencia y Don Romerito son dos tarijeños que reman contra la crisis. 
Su angustia es la misma que nos asfixia a todos en estos tiempos difíciles. Solo juntos vam… Ver más"
MARINA ISABEL CACHAMBI ALVAREZ,https://www.facebook.com/profile.php?id=100063933884078,sí,2021-01-08,565,13,2025-06-19,post,https://www.facebook.com/share/p/1XBaXaFd3b/,69,64,137,107,27,1,0,0,0,2,"Seguimos caminando los Barrios y escuchando a los vecinos, hoy recorrimos el barrio San Pedro.… Ver más"
MARINA ISABEL CACHAMBI ALVAREZ,https://www.facebook.com/profile.php?id=100063933884078,sí,2021-01-08,565,13,2025-06-19,post,https://www.facebook.com/share/p/19eTVewDZ8/,63,54,137,105,31,0,0,0,0,1,"Nuestras raíces, nuestra gente ,nuestra esperanza.
#Corpuschristi"
MARINA ISABEL CACHAMBI ALVAREZ,https://www.facebook.com/profile.php?id=100063933884078,sí,2021-01-08,565,13,2025-06-20,post,https://www.facebook.com/share/p/1A5srB5Q2n/,69,53,112,89,22,0,0,0,0,1,"Hoy visité San Bernardo, Salamanca y 6 de agosto la gente recibe con mucho cariño nuestras #soluciones para #Bolivia
#… Ver más"
MARINA ISABEL CACHAMBI ALVAREZ,https://www.facebook.com/profile.php?id=100063933884078,sí,2021-01-08,565,13,2025-06-21,post,https://www.facebook.com/share/p/19P23BfKSe/,67,50,114,97,14,1,0,0,0,2,"Mis caseritas de las plantas, ellas también quieren #soluciones ante la crisis. … Ver más"
