nombre perfil,url perfil,snapshot_date,creación del perfil,candidato identificado,seguidores,seguidos,fecha post,tipo de post,url post,comparticiones,comentarios,reacciones en total,me gusta,me encanta,me divierte,me entristece,me sorprende,me enoja,me importa,contenido
FELIPA YALILY MONTENEGRO MONTAÑO,https://www.facebook.com/profile.php?id=100075078369212,2025-07-22,,sí,0,0,2025-07-15,post,https://www.facebook.com/permalink.php?story_fbid=pfbid02y5Dpuhto8XUi1x3KKMrJTMdnLv9thAfztt3P6p8XtKSQJsygoZW42ndfxqAP9Xvrl&id=61577661964992,7,0,9,6,3,0,0,0,0,0," Estuvimos presentes en la Rueda de Negocios 2025 del Algodón en Bolivia 
Participamos con orgullo en la Rueda de Negocios del Proyecto de Fortalecimiento a la Produc… Ver más"
FELIPA YALILY MONTENEGRO MONTAÑO,https://www.facebook.com/profile.php?id=100075078369212,2025-07-22,,sí,0,0,2025-07-16,post,https://www.facebook.com/share/v/16ytStRKc3/,2,0,11,6,5,0,0,0,0,0,"👩🏽‍🧼
 Cuando las mujeres se unen, el cambio comienza.
Así vivimos nuestros talleres de jabón, donde no solo aprendemos una nueva habilidad, también fortalecemos nuestra… Ver más"
FELIPA YALILY MONTENEGRO MONTAÑO,https://www.facebook.com/profile.php?id=100075078369212,2025-07-22,,sí,0,0,2025-07-18,post,https://www.facebook.com/share/p/1CEBZNZznY/,13,1,23,19,4,0,0,0,0,0,"¡Mairana ya palpita el cambio! 
Abrimos las puertas de nuestra Casa de Campaña con fuerza, compromiso y esperanza, junto a nuestra candidata a diputada por la circunsc… Ver más"
FELIPA YALILY MONTENEGRO MONTAÑO,https://www.facebook.com/profile.php?id=100075078369212,2025-07-22,,sí,0,0,2025-07-18,post,https://www.facebook.com/61577661964992/videos/1298230511902480/,5,1,12,10,2,0,0,0,0,0,"¡Mairana se une al proyecto del pueblo! 
Con alegría y mucha participación abrimos nuestra Casa de Campaña. 
Es… Ver más"
FELIPA YALILY MONTENEGRO MONTAÑO,https://www.facebook.com/profile.php?id=100075078369212,2025-07-22,,sí,0,0,2025-07-22,post,https://www.facebook.com/share/v/14ExAtXui64/,1,0,3,3,0,0,0,0,0,0," ""No se ama lo que no se defiende…""
Desde las montañas hasta el Chaco, Bolivia avanza en reafirmar su soberanía territorial.… Ver más"
FELIPA YALILY MONTENEGRO MONTAÑO,https://www.facebook.com/profile.php?id=100075078369212,2025-07-22,,sí,0,0,2025-07-22,post,https://www.facebook.com/share/v/1AoijH6qSN/,1,0,5,3,2,0,0,0,0,0,"¡Ya basta de divisiones!
Es hora de unirnos y defender lo nuestro.… Ver más"
