nombre perfil,url perfil,candidato identificado,creación del perfil,seguidores,seguidos,fecha post,tipo de post,url post,comparticiones,comentarios,reacciones en total,me gusta,me encanta,me divierte,me entristece,me sorprende,me enoja,me importa,contenido
Warmi Pachakuti ,https://www.facebook.com/warmi.pachakuti,no,,332,0,2025-02-14,post,https://www.facebook.com/share/v/165HAyFJXt/,2,3,28,0,0,0,0,0,0,0,"TARDE VALLUNA 
… Ver más"
Warmi Pachakuti ,https://www.facebook.com/warmi.pachakuti,no,,332,0,2025-02-24,post,https://www.facebook.com/share/p/1EhFpfY3ae/,0,0,3,0,0,0,0,0,0,0,"Caiganle comares ""SED Y DIOSAS"" hemos de tocar  Warmi Pachakuti"
Warmi Pachakuti ,https://www.facebook.com/warmi.pachakuti,no,,332,0,2025-03-06,post,https://www.facebook.com/share/p/16ZRXP74dM/,19,1,56,0,0,0,0,0,0,0,"RUMBO AL #8M
Convocamos a todas nuestras hermanas sicureras para acompañar la Marcha del 8M.
Al ritmo de nuestros sicus y tarkas renovemos los vientos rebeldes de nuestras luchas compañeras.… Ver más"
Warmi Pachakuti ,https://www.facebook.com/warmi.pachakuti,no,,332,0,2025-05-07,post,https://www.facebook.com/share/p/16m9Fkj1Bp/,4,0,15,0,0,0,0,0,0,0,
Warmi Pachakuti ,https://www.facebook.com/warmi.pachakuti,no,,332,0,2025-05-10,post,2025-05-10,1,0,12,0,0,0,0,0,0,0,"Nos vemos hoy en la Fiesta de la Sandía 
 10 de mayo
 Desde las 16:00 hrs
 Espacio Cultural Uj Kuti (J. Arauco Prado #244, entre Sucre y Heroínas, dos cuadras al este de la Plaza Sucre)
htt… Ver más"
