nombre perfil,url perfil,snapshot_date,creación del perfil,candidato identificado,seguidores,seguidos,fecha post,tipo de post,url post,comparticiones,comentarios,reacciones en total,me gusta,me encanta,me divierte,me entristece,me sorprende,me enoja,me importa,contenido
KELLY ANDREA VELARDE ARANCIBIA,https://www.facebook.com/KellyVelardeBO,2025-07-22,2025-06-12,no,1200,7,2025-07-14,post,https://www.facebook.com/share/v/1CKbwwpdyC/,292,163,511,388,122,0,0,0,0,1,¡Casa de la Unidad Montero!… Ver más
KELLY ANDREA VELARDE ARANCIBIA,https://www.facebook.com/KellyVelardeBO,2025-07-22,2025-06-12,no,1200,7,2025-07-15,post,https://www.facebook.com/share/p/1ApetTi7Nh/,239,142,464,342,122,0,0,0,0,0,¡La Casa de la Unidad ya fue inaugurada!… Ver más
KELLY ANDREA VELARDE ARANCIBIA,https://www.facebook.com/KellyVelardeBO,2025-07-22,2025-06-12,no,1200,7,2025-07-16,post,https://www.facebook.com/share/p/1CW898sw7g/,161,98,324,242,81,0,0,0,0,1,"Estuve con los vecinos del barrio Virgen de Cotoca, en el distrito N°2 de Montero. Me recibieron con abrazos y sonrisas sinceras, de esas que transmiten esperanza y el … Ver más"
KELLY ANDREA VELARDE ARANCIBIA,https://www.facebook.com/KellyVelardeBO,2025-07-22,2025-06-12,no,1200,7,2025-07-16,post,https://www.facebook.com/share/p/163irUfAzN/,129,80,307,230,75,1,0,0,0,1,"Crisis económica: diálogo urgente. Foro con candidatos a la vicepresidencia de Bolivia 2025
A… Ver más"
KELLY ANDREA VELARDE ARANCIBIA,https://www.facebook.com/KellyVelardeBO,2025-07-22,2025-06-12,no,1200,7,2025-07-17,post,https://www.facebook.com/share/p/1LUfWcSmim/,127,55,254,189,64,0,0,0,0,1,Recorrimos San Carlos con el corazón en alto y las manos llenas de esperanza.… Ver más
KELLY ANDREA VELARDE ARANCIBIA,https://www.facebook.com/KellyVelardeBO,2025-07-22,2025-06-12,no,1200,7,2025-07-17,post,https://www.facebook.com/share/p/15swqkLZTc/,158,51,287,214,71,0,0,0,0,2,"Gracias barrio Don Bosco por abrirme las puertas y el corazón. Sentimos lo mismo: las ganas de que las cosas mejoren, de vivir con dignidad y esperanza.
Estoy aquí para… Ver más"
KELLY ANDREA VELARDE ARANCIBIA,https://www.facebook.com/KellyVelardeBO,2025-07-22,2025-06-12,no,1200,7,2025-07-17,post,https://www.facebook.com/KellyVelardeBO/posts/pfbid0WroKY9jVxh12X8wB99sST4E3VoWJ2Vx6rVVXcRSicdW9k4kr2vVKLZBd2Cqiom5kl,98,55,244,186,57,0,0,0,0,1,Ustedes son el alma valiente de esta nueva Bolivia que queremos construir.… Ver más
KELLY ANDREA VELARDE ARANCIBIA,https://www.facebook.com/KellyVelardeBO,2025-07-22,2025-06-12,no,1200,7,2025-07-18,post,https://www.facebook.com/share/p/19DAnR5GZA/,102,46,253,186,67,0,0,0,0,0,"Llegamos a Villa Fátima con atención médica para nuestros adultos mayores, pero también con buenas noticias.… Ver más"
KELLY ANDREA VELARDE ARANCIBIA,https://www.facebook.com/KellyVelardeBO,2025-07-22,2025-06-12,no,1200,7,2025-07-18,post,https://www.facebook.com/share/p/19bRh7EPFb/,137,71,292,213,79,0,0,0,0,0,"Villa Copacabana ya tomó la ruta del cambio
Me senté a conversar con nuestras mamás del Club Las Orquídeas y con nuestros adultos mayores. Sus palabras duelen… todo est… Ver más"
KELLY ANDREA VELARDE ARANCIBIA,https://www.facebook.com/KellyVelardeBO,2025-07-22,2025-06-12,no,1200,7,2025-07-19,post,https://www.facebook.com/share/p/1YvwQdfkdm/,150,70,311,221,89,0,0,0,0,1,"Caminé las calles del barrio Portugal, casa por casa, llevando una buena noticia.… Ver más"
KELLY ANDREA VELARDE ARANCIBIA,https://www.facebook.com/KellyVelardeBO,2025-07-22,2025-06-12,no,1200,7,2025-07-19,post,https://www.facebook.com/KellyVelardeBO/posts/pfbid02QpTDU1HSAEhRmFJ1HFh6kZ2Tt4UB65kLbWcnLsQijZZKh7Rjyp9KptUDeKfYNC1Xl,131,69,283,213,68,0,0,0,0,2,El barrio 25 de Enero sabe que falta poco.… Ver más
KELLY ANDREA VELARDE ARANCIBIA,https://www.facebook.com/KellyVelardeBO,2025-07-22,2025-06-12,no,1200,7,2025-07-19,post,https://www.facebook.com/share/p/19NAU9ZSpy/,97,39,229,165,64,0,0,0,0,0,"¡Feliz fin de semana, mi gente querida! 
Disfrutando de un rico anticuchito preparado por la caserita, ellas se ganan la vida con trabajo honesto y una sonrisa siempre… Ver más"
KELLY ANDREA VELARDE ARANCIBIA,https://www.facebook.com/KellyVelardeBO,2025-07-22,2025-06-12,no,1200,7,2025-07-20,post,https://www.facebook.com/share/p/1Ad55XrnFe/,83,32,205,150,53,1,0,0,0,1,"Doña Miguelina nos recibió en su casa, escuchamos sus historias y hablamos de lo que nos agobia: que la plata ya no alcanza, que todo sube y nadie da respuestas.… Ver más"
KELLY ANDREA VELARDE ARANCIBIA,https://www.facebook.com/KellyVelardeBO,2025-07-22,2025-06-12,no,1200,7,2025-07-20,post,https://www.facebook.com/share/p/15FWcaUuRm/,67,41,183,135,46,0,0,0,0,2,Compartimos una patasca con los vecinos del barrio 30 de Noviembre.… Ver más
KELLY ANDREA VELARDE ARANCIBIA,https://www.facebook.com/KellyVelardeBO,2025-07-22,2025-06-12,no,1200,7,2025-07-20,post,https://www.facebook.com/share/p/16GBTYSAVk/,79,35,211,153,57,0,0,0,0,1,"El deporte necesita un Estado que lo impulse, no que lo ignore.… Ver más"
KELLY ANDREA VELARDE ARANCIBIA,https://www.facebook.com/KellyVelardeBO,2025-07-22,2025-06-12,no,1200,7,2025-07-20,post,https://www.facebook.com/share/p/16wk9UpS5d/,130,74,272,197,74,0,0,0,0,1,"Me reuní con “profesionales en acción” y sentí algo que cada vez se hace más fuerte: las ganas de cambiar las cosas, pero hacerlo bien.… Ver más"
KELLY ANDREA VELARDE ARANCIBIA,https://www.facebook.com/KellyVelardeBO,2025-07-22,2025-06-12,no,1200,7,2025-07-22,post,https://www.facebook.com/share/p/1AZ4ugqUXN/,49,18,72,50,22,0,0,0,0,0,"Me reuní con los profesionales de Guabirá, en el Distrito 1, y hablamos con sinceridad sobre lo que está fallando en Bolivia.… Ver más"
KELLY ANDREA VELARDE ARANCIBIA,https://www.facebook.com/KellyVelardeBO,2025-07-30,2025-06-12,no,1200,7,2025-07-22,post,https://www.facebook.com/share/p/1C6RD5pRsv/,144,58,283,218,64,0,0,0,0,1,"Me reuní con los profesionales de Guabirá, en el Distrito 1, y hablamos con sinceridad sobre lo que está fallando en Bolivia.… Ver más"
KELLY ANDREA VELARDE ARANCIBIA,https://www.facebook.com/KellyVelardeBO,2025-07-22,2025-06-12,no,1200,7,2025-07-22,post,https://www.facebook.com/share/p/1C2EZUk3cs/,109,56,230,188,42,0,0,0,0,0,"Escuchamos a los productores de #AGANORTE, y una vez más quedó claro que el campo no está pidiendo favores, está exigiendo condiciones para trabajar y producir.… Ver más"
KELLY ANDREA VELARDE ARANCIBIA,https://www.facebook.com/KellyVelardeBO,2025-07-30,2025-06-12,no,1200,7,2025-07-22,post,https://www.facebook.com/share/p/1BVmxxmYRV/,144,70,292,236,56,0,0,0,0,0,"Escuchamos a los productores de #AGANORTE, y una vez más quedó claro que el campo no está pidiendo favores, está exigiendo condiciones para trabajar y producir.… Ver más"
KELLY ANDREA VELARDE ARANCIBIA,https://www.facebook.com/KellyVelardeBO,2025-07-30,2025-06-12,no,1200,7,2025-07-23,post,https://www.facebook.com/share/p/19VgWChjAa/,152,73,318,0,0,0,0,0,0,0,"Estuve en la cancha del barrio Portugal
Las familias están cansadas de sobrevivir, de ver cómo todo sube y nadie da soluciones.… Ver más"
KELLY ANDREA VELARDE ARANCIBIA,https://www.facebook.com/KellyVelardeBO,2025-07-30,2025-06-12,no,1200,7,2025-07-25,post,https://www.facebook.com/share/p/19N97wTEwS/,120,55,258,0,0,0,0,0,0,0,"Estuve en casa de doña Julieta, en el barrio El Cidral.… Ver más"
KELLY ANDREA VELARDE ARANCIBIA,https://www.facebook.com/KellyVelardeBO,2025-07-30,2025-06-12,no,1200,7,2025-07-26,post,https://www.facebook.com/share/p/176ExzWiTP/,142,65,273,212,60,0,0,0,0,1,"Portachuelo quiere un cambio y cree en Samuel
… Ver más"
KELLY ANDREA VELARDE ARANCIBIA,https://www.facebook.com/KellyVelardeBO,2025-07-30,2025-06-12,no,1200,7,2025-07-26,post,https://www.facebook.com/share/p/1Bo8crqVeF/,169,75,295,227,67,0,0,0,0,1,"La señora Pura Araúz nos recibió con los brazos abiertos en su casa, en el barrio La Esperanza.
Nos reunimos con vecinos que, como en cada rincón al que llegamos, compa… Ver más"
KELLY ANDREA VELARDE ARANCIBIA,https://www.facebook.com/KellyVelardeBO,2025-07-30,2025-06-12,no,1200,7,2025-07-27,post,https://www.facebook.com/share/p/19Pwktnnug/,150,85,280,0,0,0,0,0,0,0,La esperanza se siente en cada paso.… Ver más
KELLY ANDREA VELARDE ARANCIBIA,https://www.facebook.com/KellyVelardeBO,2025-07-30,2025-06-12,no,1200,7,2025-07-27,post,https://www.facebook.com/share/p/1E3asK7EuT/,86,37,192,146,43,0,0,0,0,3,"Portachuelo firme con Samuel 
… Ver más"
KELLY ANDREA VELARDE ARANCIBIA,https://www.facebook.com/KellyVelardeBO,2025-07-30,2025-06-12,no,1200,7,2025-07-27,post,https://www.facebook.com/share/p/19Do7WdHnw/,19,7,89,72,17,0,0,0,0,0,
KELLY ANDREA VELARDE ARANCIBIA,https://www.facebook.com/KellyVelardeBO,2025-07-30,2025-06-12,no,1200,7,2025-07-27,post,https://www.facebook.com/share/p/1GBHfCvvnE/,101,41,223,0,0,0,0,0,0,0,"Los jóvenes universitarios no quieren discursos, quieren oportunidades reales.… Ver más"
KELLY ANDREA VELARDE ARANCIBIA,https://www.facebook.com/KellyVelardeBO,2025-07-30,2025-06-12,no,1200,7,2025-07-29,post,https://www.facebook.com/share/p/1Ax44n9hBQ/,48,13,126,96,30,0,0,0,0,0,Me senté con quienes lo dan todo por el deporte en Montero.… Ver más
KELLY ANDREA VELARDE ARANCIBIA,https://www.facebook.com/KellyVelardeBO,2025-08-06,2025-06-12,no,1200,7,2025-07-29,post,https://www.facebook.com/share/p/1D8JaXEXZ8/,96,31,231,0,0,0,0,0,0,0,Me senté con quienes lo dan todo por el deporte en Montero.… Ver más
KELLY ANDREA VELARDE ARANCIBIA,https://www.facebook.com/KellyVelardeBO,2025-08-06,2025-06-12,no,1200,7,2025-07-30,post,https://www.facebook.com/share/p/1CcQdknTsr/,138,60,287,0,0,0,0,0,0,0,"Hoy caminé por las calles de Villa Busch y Villa Fátima, y en cada mirada vi lo mismo: ganas de salir adelante.… Ver más"
KELLY ANDREA VELARDE ARANCIBIA,https://www.facebook.com/KellyVelardeBO,2025-08-06,2025-06-12,no,1200,7,2025-07-31,post,https://www.facebook.com/share/p/16efaiKkzy/,137,51,276,213,62,0,0,0,0,1,Portachuelo se suma a la imparable ola del cambio.… Ver más
KELLY ANDREA VELARDE ARANCIBIA,https://www.facebook.com/KellyVelardeBO,2025-08-06,2025-06-12,no,1200,7,2025-07-31,post,https://www.facebook.com/share/p/16Liq5JqQA/,135,68,259,0,0,0,0,0,0,0,"Recorrí la zona del Mercado Germán Moreno, y escuché lo que todos sentimos: la plata ya no alcanza.… Ver más"
KELLY ANDREA VELARDE ARANCIBIA,https://www.facebook.com/KellyVelardeBO,2025-08-06,2025-06-12,no,1200,7,2025-08-01,post,https://www.facebook.com/share/p/16xE3vao4B/,128,50,278,0,0,0,0,0,0,0,"La juventud no solo quiere cambio, está dispuesta a construirlo.… Ver más"
KELLY ANDREA VELARDE ARANCIBIA,https://www.facebook.com/KellyVelardeBO,2025-08-06,2025-06-12,no,1200,7,2025-08-01,post,https://www.facebook.com/share/p/19qVLUUD4F/,42,25,119,0,0,0,0,0,0,0,"Así de claro. Así de simple.
Samuel dijo en el #DebatePresidencial, lo que millones de bolivianos sentimos: si la economía funciona, el pueblo progresa.… Ver más"
KELLY ANDREA VELARDE ARANCIBIA,https://www.facebook.com/KellyVelardeBO,2025-08-06,2025-06-12,no,1200,7,2025-08-04,post,https://www.facebook.com/share/p/14JjQoJZcYL/,83,36,184,0,0,0,0,0,0,0,Las mujeres sienten la crisis en carne propia.… Ver más
KELLY ANDREA VELARDE ARANCIBIA,https://www.facebook.com/KellyVelardeBO,2025-08-06,2025-06-12,no,1200,7,2025-08-04,post,https://www.facebook.com/share/p/1CFRiQdJv9/,131,64,243,179,63,0,0,0,0,1,No vamos a esperar ganar para empezar a trabajar por nuestra gente.… Ver más
KELLY ANDREA VELARDE ARANCIBIA,https://www.facebook.com/KellyVelardeBO,2025-08-06,2025-06-12,no,1200,7,2025-08-05,post,https://www.facebook.com/share/v/14FgpadmgJe/,113,57,238,174,63,0,0,0,0,1,"¡Feliz Bicentenario, Bolivia! 
C… Ver más"
