nombre perfil,url perfil,candidato identificado,creación del perfil,seguidores,seguidos,fecha post,tipo de post,url post,comparticiones,comentarios,reacciones en total,me gusta,me encanta,me divierte,me entristece,me sorprende,me enoja,me importa,contenido
LEINA SUELY LAVADENZ ROCA,https://www.facebook.com/leinasuely.lavadenzroca,no,,0,0,2025-06-21,post,https://www.facebook.com/share/p/18vaV3dPBy/,0,0,0,0,0,0,0,0,0,0,Gracias a Dios todas las noches. No le he fallado una desde que nació. Contra viento y marea mamá cuida y vela sus sueños. 
LEINA SUELY LAVADENZ ROCA,https://www.facebook.com/leinasuely.lavadenzroca,no,,0,0,2025-06-21,post,https://www.facebook.com/leinasuely.lavadenzroca/posts/pfbid0MnidUCWPwdZu3dskUDCjYyxur6n99Gg44xi9bSKUEtnLNHLxUGJhbPQCKD1C2kCfl,0,0,0,0,0,0,0,0,0,0,
LEINA SUELY LAVADENZ ROCA,https://www.facebook.com/leinasuely.lavadenzroca,no,,0,0,2025-06-21,post,https://www.facebook.com/share/p/1Az2A1STMV/,0,0,0,0,0,0,0,0,0,0,
LEINA SUELY LAVADENZ ROCA,https://www.facebook.com/leinasuely.lavadenzroca,no,,0,0,2025-06-22,post,https://www.facebook.com/share/p/16qW4y6DWj/,0,0,1,1,0,0,0,0,0,0,
