name,posts publicados,seguidores,siguiendo,comentarios obtenidos,posts compartidos,me gusta,me encanta,me divierte,me entristece,me enoja,me sorprende,me importa,reacciones en total,candidato identificado,url del perfil,creación de perfil
ROSA TATIANA AÑEZ CARRASCO,76,4100,0,61,377,1120,151,2,4,0,0,6,1299,sí,https://www.facebook.com/tatiana.anez.92,2025-05-28
PAOLA LORENA BARRIGA MACHICAO,75,8600,0,283,1195,2311,644,41,117,178,87,118,3537,sí,https://www.facebook.com/paola.barriga.104,2025-05-28
PATRICIA MAGIN ARANCIBIA IBAÑEZ,70,2500,512,118,142,469,46,15,0,2,0,1,571,sí,https://www.facebook.com/patriciamagin.arancibiaibanez,2025-05-28
AZUCENA ALEJANDRA FUERTES MAMANI,61,9700,0,573,136,1600,272,167,27,39,12,236,2356,sí,https://www.facebook.com/AzucenaFuertesPotosi,2025-05-29
VALENTINA VERONICA LLANOS BARRON,59,1100,467,4,14,22,0,0,0,1,0,0,23,sí,https://www.facebook.com/valentinaveronica.llanosbarron.3/,2025-05-28
PAULA PAXI SUXO,59,168,0,9,8,82,5,4,0,0,2,0,73,sí,https://www.facebook.com/profile.php?id=100076489905888,2025-05-30
CARMEN SOLEDAD CHAPETON TANCARA,59,6000,467,147,246,722,114,11,19,8,10,13,903,sí,https://www.facebook.com/soledad.chapetontancara,2025-05-29
LUCIANA MICHELLE CAMPERO CHAVEZ,56,10000,0,1437,3029,6738,1296,107,68,753,214,101,9030,sí,https://www.facebook.com/lu.camperochavez,2025-06-02
EVA LUZ HUMEREZ ALVEZ,56,6000,3400,96,40,630,294,48,9,13,2,13,1012,sí,https://www.facebook.com/eva.luz.humerez/,2025-05-28
DIANA PATRICIA PAPUTSAKIS BURGOS,55,5900,0,78,56,531,112,2,14,0,0,6,816,sí,https://www.facebook.com/patricia.paputsakisburgos,2025-06-02
MAGDALENA MOGRO LACUNZA,53,1000,2200,37,10,90,22,0,1,0,0,0,113,sí,https://www.facebook.com/magda.mogrolacunza,2025-05-30
DANIELA CABRERA GUILLEN,50,7000,102,2691,5421,16610,150,145,61,27,46,19,17058,sí,https://www.facebook.com/DanielaCabreraConcejal,2025-05-27
MARIA ESTHER GONGORA MIRANDA,48,1400,0,40,38,225,34,0,9,3,0,2,263,sí,https://www.facebook.com/mariaestherasambleista,2025-05-27
MARIA BERTHA GUTIERREZ MENDOZA,45,0,0,57,43,428,74,22,39,9,4,59,651,sí,https://www.facebook.com/mariabertha.gutierrezmendoza,2025-06-02
ANDREA BRUNA BARRIENTOS SAHONERO,43,20000,82,554,486,1788,195,651,80,175,38,15,2941,sí,https://www.facebook.com/AndreaBarrientosCC,2025-06-01
MARIA KHALINE MORENO CARDENAS,42,20000,188,225,330,1313,387,72,6,15,0,29,1772,sí,https://www.facebook.com/profile.php?id=100048470096823,2025-06-02
SILVANA MUCARZEL DEMETRY,40,9000,93,676,957,4013,871,30,7,152,93,46,5212,sí,https://www.facebook.com/silvanamucarzelconcejal/,2025-06-01
SILVIA MOLLER CHOQUE,40,0,0,11,5,53,3,2,0,0,0,3,61,sí,https://www.facebook.com/silvia.mollerchoque,2025-05-27
ROSS MARY BRAVO SALAZAR,40,0,0,23,29,310,19,4,0,3,1,1,307,sí,https://www.facebook.com/RBSVGR/,2025-05-28
CAROLINA ALIZON CHINO NICOLAS,39,6600,0,12,6,52,29,6,0,0,1,3,91,sí,https://www.facebook.com/carolinaalizon.chinonicolas/,2025-05-27
LORENA ANAIZ PEREZ DAVALOS,36,7000,0,8,19,110,44,8,1,1,1,0,162,sí,https://www.facebook.com/lorena.a.davalos,2025-05-27
ERICKA CHAVEZ AGUILERA,34,489,231,151,200,471,128,0,0,0,0,19,656,sí,https://www.facebook.com/erickachavezc45,2025-05-28
CECILIA ISABEL REQUENA ZARATE,32,4500,161,56,815,829,47,1,20,126,14,27,1064,sí,https://www.facebook.com/CeciliaRequenaZarate,2025-05-30
Rosario Callejas,31,9000,82,248,580,2434,171,111,21,24,8,25,458,no,https://www.facebook.com/RosarioCallejasConcejalGremial,2025-05-15
FABIOLA SIRPA LLUSCO,30,3000,0,4,5,17,0,13,0,0,0,0,30,sí,https://www.facebook.com/fabiola.sirpallusco,2025-05-28
YESENIA YARHUI ALBINO,30,10000,234,13473,58815,50125,1801,2062,182,1655,492,112,49945,sí,https://www.facebook.com/yarhuiyesenia,2025-05-28
MARILU EUGENIA RAMOS MAMANI,28,0,0,0,0,1,0,0,0,0,0,0,1,sí,https://www.facebook.com/maria.eugenia.ramos.mamani.2025,2025-05-27
Mamás Sororas de Bolivia ,27,13000,0,95,122,200,28,14,68,26,6,6,233,no,https://www.facebook.com/MamasSororasBolivia,2025-05-19
MARLENE FERNANDEZ MEJIAS,25,59,0,4,30,32,10,0,1,0,0,0,43,sí,https://www.facebook.com/profile.php?id=61570246115119,2025-05-27
Roxana Pérez,25,19000,274,157,118,317,34,6,7,9,4,19,196,no,https://www.facebook.com/RoxanaPerezDelCastillo,2025-05-19
Coordinadora de la Mujer - Observatorio de Género BO,23,21000,0,46,166,219,18,4,0,0,1,5,49,no,https://www.facebook.com/CoordinadoraBO,2025-05-19
Maria Galindo,22,237000,0,880,673,6204,1128,749,9,18,90,79,8258,no,https://www.facebook.com/profile.php?id=100008591051800,2025-05-28
Capiguara Libertaria,22,15025,0,211,149,542,36,226,3,109,27,4,947,no,https://www.facebook.com/luisita.balbian,2025-06-02
Mauro Landivar ,22,31000,181,2485,7029,6115,927,581,75,837,265,26,8823,no,https://www.facebook.com/profile.php?id=61552708002190,2025-05-28
Lilibeth Coimbra ,22,63000,0,1005,507,2634,120,1118,72,178,163,17,4302,no,https://www.facebook.com/LilibethCoimbra1,2025-05-27
YHISSEL MARISOL DAVALO LANCEA,21,1471,0,85,8,237,99,4,79,0,0,6,391,sí,https://www.facebook.com/nenita.savedra.7,2025-06-02
Rolando Schrupp,21,6374,0,134,75,730,25,124,5,7,4,2,894,no,https://www.facebook.com/RolandoSchrupp,2025-06-02
Miguel Calderon,20,285,0,20,10,44,0,27,0,1,0,0,72,no,https://www.facebook.com/miguel.calderongalindo,2025-06-03
Sayuri Loza,20,56000,0,224,487,1655,107,1947,609,11,189,21,4534,no,https://www.facebook.com/sayuri.loza,2025-05-30
ELIANA RINA ACOSTA QUISPE,20,0,0,76,30,230,51,9,0,0,1,2,293,sí,https://www.facebook.com/eliana.acosta.3150,2025-05-27
Mueres Creando,19,63000,67,44,143,541,47,10,7,2,3,13,0,no,https://www.facebook.com/MUJERESCREANDO1,2025-05-19
YENNY NADYA CLADERA SAENZ,18,0,0,163,288,565,94,6,2,3,10,13,693,sí,https://www.facebook.com/yenny.claderasaenz/,2025-05-27
Silvana Mucarzel,16,8800,93,337,436,258,39,1,1,3,16,8,0,no,https://www.facebook.com/silvanamucarzelconcejal,2025-05-19
Andrea Cabrera Zambrana ,16,11000,1500,46,65,235,32,6,6,17,3,1,300,no,https://www.facebook.com/andrea.cabrera.1023611,2025-06-01
María Patricia Arce,15,32000,17,95,63,355,15,27,75,15,17,0,107,no,https://www.facebook.com/PatriciaArceSitioOficial,2025-05-15
Paola Aguirre ,14,56000,19,1460,516,1453,419,4,1,0,0,25,1486,no,https://www.facebook.com/paolaaguirremelgar,2025-05-19
TOMASA YARHUI JACOME,13,2100,65,4,4,83,10,2,0,0,0,1,96,sí,https://www.facebook.com/TomasaYarhuiJ,2025-05-30
Jimena Antelo,13,352000,127,1392,148,1472,69,1126,6,339,40,15,3060,no,https://www.facebook.com/JimenaAnteloOficial,2025-05-27
LUCILA MENDIETA PEREZ,12,387,0,0,5,6,0,0,2,0,0,2,10,sí,https://www.facebook.com/lucila.mendietaperez,2025-05-28
Melania Torrico,12,20000,2800,104,5,50,3,211,1,11,0,0,280,no,https://www.facebook.com/melania.pericon,2025-05-27
KARINA PATRICIA LIEBERS CACERES,12,205,0,110,19,376,180,2,0,0,0,14,495,sí,https://www.facebook.com/karinalc3,2025-05-27
Nadia Montaño,12,13000,1900,18,12,190,35,4,0,0,1,2,231,no,https://www.facebook.com/nadiamontanortiz,2025-05-29
DIANA ROCIO ROSALES MAMANI,11,711,0,0,0,5,6,2,0,0,0,0,13,sí,https://www.facebook.com/diana.mamani.967,2025-05-28
CLAUDIA MALLON VARGAS,11,5000,58,8,6,16,4,1,0,0,0,0,19,sí,https://www.facebook.com/ClauMallon/,2025-06-02
NATTY ELIZABETH FLORES VERASTEGUI,11,5100,0,53,2,511,150,0,11,0,1,23,696,sí,https://www.facebook.com/natty.floresverastegi,2025-05-27
JESSICA ANNE JORDAN BURTON,11,0,0,152,12,214,127,7,2,0,0,67,417,sí,https://www.facebook.com/jessicajordanb,2025-06-01
Angirü Bolivia ,10,4900,0,0,3,45,0,0,0,0,0,1,0,no,https://www.facebook.com/ColectivoAngiru,2025-05-19
Roxana Duchên,10,60000,0,411,555,1800,69,2495,38,2,16,17,4426,no,https://www.facebook.com/RoxanaDuchenn,2025-05-27
Laura Luisa Nayar,10,38000,107,152,156,416,115,9,0,0,0,10,550,no,https://www.facebook.com/luisanayars,2025-05-15
Wikimedistas de Bolivia,9,4300,0,0,0,5,0,0,0,0,0,0,0,no,https://www.facebook.com/wikimedistasdebolivia,2025-05-19
Batalla Cultural.Bo,9,7000,0,358,1026,2216,53,32,0,6,10,3,2320,no,https://www.facebook.com/profile.php?id=61574943372897,2025-05-29
Por la vida de las mujeres,9,16000,0,1,12,0,0,0,0,0,0,0,0,no,https://www.facebook.com/Porlavidadelasmujeres.Bolivia,2025-05-19
MARINA ISABEL CACHAMBI ALVAREZ,9,636,15,346,397,1351,205,25,0,0,0,10,1591,sí,https://www.facebook.com/profile.php?id=100063933884078,2025-05-27
Ciberwarmis - Mujeres ayudando a mujeres,8,11000,0,10,42,59,54,0,0,0,0,14,0,no,https://www.facebook.com/Ciberwarmis.bo,2025-05-23
Carla Sandy Claure ,8,10000,0,108,24,66,2,58,1,16,11,2,0,no,https://www.facebook.com/carla.sandy.007,2025-05-28
El Confesionario UCB ,8,29000,0,18,11,27,0,12,1,1,37,1,0,no,https://www.facebook.com/profile.php?id=100063830662612,2025-05-19
Dimelza Rodriguez Quinsamolle,8,2300,0,38,46,106,5,4,3,5,0,3,126,no,https://www.facebook.com/profile.php?id=61570121371268,2025-05-27
Sara Andrea,7,144000,5,865,1202,9103,1526,1193,463,8,58,86,12491,no,https://www.facebook.com/sarahandreabolivia,2025-05-28
Quya Reyna ,7,8800,0,221,181,519,352,35,1,0,2,56,0,no,https://www.facebook.com/quya.reyna,2025-05-28
Juventudes Liberales Bolivia ,7,2400,145,11,7,55,5,6,1,0,1,0,68,no,https://www.facebook.com/juventudliberalbolivia,2025-05-28
Maria Rene Alvarez ,7,22000,270,38,311,119,0,2,3,49,13,1,0,no,https://www.facebook.com/MReneAlvarezScz,2025-05-15
Nadia Beller,7,22000,0,79,98,540,57,415,3,3,32,6,1056,no,https://www.facebook.com/nadia.beller.5,2025-05-30
Susana Bejarano,6,7900,0,139,109,0,0,0,0,0,0,0,0,no,https://www.facebook.com/profile.php?id=772515640,2025-05-29
Natalia Aparicio,6,6600,0,74,89,303,31,56,0,5,7,5,407,no,https://www.facebook.com/la.aparicioooo,2025-05-28
Andres Ortega,6,6300,0,5,4,130,11,3,0,0,1,0,145,no,https://www.facebook.com/pensardiferente,2025-05-28
Feminismo Comunitario Antipatriarcal,6,34000,0,8,54,144,0,0,2,0,2,0,7,no,https://www.facebook.com/feminismo.comunitario.Antipatriarcal,2025-05-19
TORIBIA LERO QUISPE,6,191,0,36,58,73,4,0,23,5,2,4,111,sí,https://www.facebook.com/toribia.leroquispe,2025-05-27
Andrea Barrientos,5,20000,82,78,36,177,29,120,3,13,0,1,0,no,https://www.facebook.com/AndreaBarrientosCC,2025-05-15
FELIPA RAMOS MAMANI,5,0,0,26,0,10,0,0,1,0,2,0,13,sí,https://www.facebook.com/felipa.ramosmamani.9,2025-05-28
Carola Antezana,5,586,0,12,0,22,14,0,0,0,0,3,0,no,https://www.facebook.com/carola.a.pantoja,2025-05-29
Nelly Flores,4,0,0,0,0,0,0,0,0,0,0,0,0,no,https://www.facebook.com/profile.php?id=100049763891374,2025-06-02
Yessica Villarroel Caraballo,4,1827,0,0,2,6,0,2,0,0,0,0,8,no,https://www.facebook.com/yessica.villaroelcaraballo,2025-06-02
Omarth Luna,4,4700,0,3,5,14,3,26,0,0,0,0,0,no,https://www.facebook.com/OmarthLuna/,2025-05-27
MARY ISABEL DEL LLANO ARCHONDO,4,0,0,17,1,68,59,0,0,0,0,5,132,sí,https://www.facebook.com/mary.delllano,2025-06-01
La Pesada Subversiva ,4,5200,0,0,22,42,30,0,0,0,0,7,0,no,https://www.facebook.com/LaPesadaSubversiva,2025-05-19
Cinthia Guidi,4,3475,0,9,384,355,10,10,1,6,5,0,0,no,https://www.facebook.com/profile.php?id=100089615726605,2025-06-02
CLAUDIA ALIDA SALAS TAMBARE,4,49,0,17,11,163,59,0,0,0,0,2,224,sí,https://www.facebook.com/claudiaalida.salastambare,2025-05-28
Ana Lucía Velasco,4,2000,0,64,12,67,19,0,15,1,13,0,0,no,https://www.facebook.com/anavelascou,2025-05-29
Jaime Dunn - Santa Cruz,3,1000,0,7,85,33,8,0,0,0,0,0,41,no,https://www.facebook.com/ActivismoLibertario,2025-05-27
YOLANDA YHARSINA RENGIFO MUR,3,604,56,0,0,5,4,0,0,0,0,0,9,sí,https://www.facebook.com/people/Yharsina-Rengifo-Diputada-por-Chuquisaca/100064235523785/,2025-05-28
Joshua Bellot,3,6800,1700,11,1,37,4,6,0,0,0,1,19,no,https://www.facebook.com/joshua.bellott,2025-05-28
Erika J. Rivera,3,5300,335,0,1,5,2,0,0,0,0,0,7,no,https://www.facebook.com/erikajimena.riveravargas,2025-05-28
Red LB Bol ,3,3900,0,1,0,17,9,0,0,0,0,2,0,no,https://www.facebook.com/red.lbbol,2025-05-19
Luciana Campero,3,10000,0,107,60,343,78,2,2,28,27,4,484,no,https://www.facebook.com/lu.camperochavez,2025-05-15
Pan y Rosas Bolivia,2,10000,279,2,12,0,0,0,0,0,0,0,0,no,https://www.facebook.com/panyrosasdebolivia,2025-05-19
SHIRLEY MALDONADO ALVAREZ,2,0,0,2,1,44,10,0,0,0,0,0,54,sí,https://www.facebook.com/profile.php?id=61576562194155,2025-05-28
Víctimas de Feminicidio e Infanticidio Bolivia ,2,15000,63,1,51,14,0,0,105,80,2,0,0,no,https://www.facebook.com/profile.php?id=100064532303161,2025-05-19
Revuelta Malcriada,1,6900,0,0,0,11,0,2,0,1,0,0,0,no,https://www.facebook.com/ninasmalcriadasbolivia,2025-05-19
Clau Pami'sh Rzy ,1,4100,0,10,4,25,3,0,0,0,0,1,29,no,https://www.facebook.com/pamizapatachu/,2025-05-27
Jhanisse V. Daza,1,9330,0,0,0,0,0,0,0,0,0,0,0,no,https://www.facebook.com/jhanisse,2025-06-02
Jorge Copa,1,3800,263,0,0,0,0,0,0,0,0,0,0,no,https://www.facebook.com/jorge.copa.716,2025-05-27
Jeanine Añez,1,380000,39,209,21,887,327,19,8,1,0,37,1200,no,https://www.facebook.com/jeanineanezc,2025-05-30
Sofi Rocha,1,8000,2000,0,0,0,0,0,0,0,0,0,0,no,https://www.facebook.com/sofi.rocha.12,2025-05-27
