nombre perfil,url perfil,snapshot_date,creación del perfil,candidato identificado,seguidores,seguidos,fecha post,tipo de post,url post,comparticiones,comentarios,reacciones en total,me gusta,me encanta,me divierte,me entristece,me sorprende,me enoja,me importa,contenido
Sara Andrea,https://www.facebook.com/sarahandreabolivia,2025-06-03,2021-11-09,no,144000,5,2025-05-27,post,https://www.facebook.com/share/p/1Gdumqsd3U/,17,164,2400,1600,742,21,0,13,0,26,Mami estoy entre los 100 periodistas más influyentes de América Latina en Tik Tok
Sara Andrea,https://www.facebook.com/sarahandreabolivia,2025-06-03,2021-11-09,no,144000,5,2025-05-27,post,https://www.facebook.com/share/v/16k7fi11bL/,52,298,3500,2900,514,62,0,10,2,26,Muchas Gracias #Bolivia
Sara Andrea,https://www.facebook.com/sarahandreabolivia,2025-06-03,2021-11-09,no,144000,5,2025-05-28,post,https://www.facebook.com/share/v/1HYsSLHw7E/,665,174,3300,2500,58,182,437,21,1,10,Así estamos en Bolivia #humor #comedia #chistes #bolivia
Sara Andrea,https://www.facebook.com/sarahandreabolivia,2025-06-03,2021-11-09,no,144000,5,2025-05-30,post,https://www.facebook.com/share/v/15hAfnHHQH/,221,171,1700,1100,23,537,6,13,4,2,El candidato a vicepresidente más inteligente #humor #comedia #chistes #bolivia
Sara Andrea,https://www.facebook.com/sarahandreabolivia,2025-06-03,2021-11-09,no,144000,5,2025-05-30,post,https://www.facebook.com/share/p/12Ktqp9WQYY/,15,13,291,46,7,237,0,0,1,0,Mientras tanto algún candidato a la Vicepresidencia 
Sara Andrea,https://www.facebook.com/sarahandreabolivia,2025-06-10,2021-11-09,no,144000,5,2025-06-02,post,https://www.facebook.com/share/p/1AZ7ZCKrKp/,11,21,221,0,0,0,0,0,0,0,Empezó Junio 
Sara Andrea,https://www.facebook.com/sarahandreabolivia,2025-06-10,2021-11-09,no,144000,5,2025-06-02,post,https://www.facebook.com/sarahandreabolivia/videos/1019034646986038/,311,39,1500,0,0,0,0,0,0,0,Centro de acogida para niños con discapacidad en Bolivia #bolivia #niños #cochabamba
Sara Andrea,https://www.facebook.com/sarahandreabolivia,2025-06-03,2021-11-09,no,144000,5,2025-06-02,post,https://www.facebook.com/share/v/19jFu77HcG/,222,27,1100,920,174,0,20,1,0,21,Centro de acogida para niños con discapacidad en Bolivia #bolivia #niños #cochabamba
Sara Andrea,https://www.facebook.com/sarahandreabolivia,2025-06-03,2021-11-09,no,144000,5,2025-06-02,post,https://www.facebook.com/share/p/19RuK2E7Lz/,10,18,200,37,8,154,0,0,0,1,Empezó Junio 
Sara Andrea,https://www.facebook.com/sarahandreabolivia,2025-06-10,2021-11-09,no,144000,5,2025-06-04,post,https://www.facebook.com/share/v/1Fy8z5spZ7/,19,116,548,0,0,0,0,0,0,0,"Paso de cebra con Bandera LGBT 
 O Bandera Cruceña 
 #news #noticias #bolivia"
Sara Andrea,https://www.facebook.com/sarahandreabolivia,2025-06-10,2021-11-09,no,144000,5,2025-06-04,post,https://www.facebook.com/sarahandreabolivia/videos/1923192291750387/,223,118,1000,0,0,0,0,0,0,0,No puden renunciar los Vocales del Tribunal Supremo electoral #news #noticias #bolivia
Sara Andrea,https://www.facebook.com/sarahandreabolivia,2025-06-10,2021-11-09,no,144000,5,2025-06-05,post,https://www.facebook.com/sarahandreabolivia/videos/1261145145631460/,9,17,253,0,0,0,0,0,0,0,Ganas de unas vacaciones #humor #comedia #chistes #bolivia
Sara Andrea,https://www.facebook.com/sarahandreabolivia,2025-06-10,2021-11-09,no,144000,5,2025-06-05,post,https://www.facebook.com/sarahandreabolivia/videos/2214374785687872/,4,11,198,0,0,0,0,0,0,0,La inteligencia artificial es asombrosa HONOR Bolivia   #humor #comedia #chistes #bolivia #HONOR400Lite #UnclickIA #UnclickyYa #BorradorIA
Sara Andrea,https://www.facebook.com/sarahandreabolivia,2025-06-10,2021-11-09,no,144000,5,2025-06-06,post,https://www.facebook.com/sarahandreabolivia/posts/pfbid036ajCc1bUJ5yQrQcYUGg3ncunvwEJ8efdaTtViLNboCaVK9yXkx7esty3JfK2aiV8l,63,74,452,0,0,0,0,0,0,0,Una duda.. Cual somos nosotros? 
Sara Andrea,https://www.facebook.com/sarahandreabolivia,2025-06-10,2021-11-09,no,144000,5,2025-06-09,post,https://www.facebook.com/share/v/158xSrXfTJ/,310,178,1300,0,0,0,0,0,0,0,Chóferes denuncian que no les dejan comprar comida #bolivia
