nombre perfil,url perfil,candidato identificado,creación del perfil,seguidores,seguidos,fecha post,tipo de post,url post,comparticiones,comentarios,reacciones en total,me gusta,me encanta,me divierte,me entristece,me sorprende,me enoja,me importa,contenido
CAROLINA ALIZON CHINO NICOLAS,https://www.facebook.com/carolinaalizon.chinonicolas/,sí,2011-06-10,6600,0,2025-06-02,post,2025-06-02,0,0,0,0,0,0,0,0,0,0,
CAROLINA ALIZON CHINO NICOLAS,https://www.facebook.com/carolinaalizon.chinonicolas/,sí,2011-06-10,6600,0,2025-06-03,post,https://www.facebook.com/share/p/16weMoaz6F/,0,0,0,0,0,0,0,0,0,0,
CAROLINA ALIZON CHINO NICOLAS,https://www.facebook.com/carolinaalizon.chinonicolas/,sí,2011-06-10,6600,0,2025-06-03,post,https://www.facebook.com/share/p/16VQjdqibS/,0,0,0,0,0,0,0,0,0,0,
CAROLINA ALIZON CHINO NICOLAS,https://www.facebook.com/carolinaalizon.chinonicolas/,sí,2011-06-10,6600,0,2025-06-03,post,https://www.facebook.com/share/p/19Pa1zMG9w/,0,0,7,0,0,0,0,0,0,0,
CAROLINA ALIZON CHINO NICOLAS,https://www.facebook.com/carolinaalizon.chinonicolas/,sí,2011-06-10,6600,0,2025-06-04,post,https://www.facebook.com/share/p/19GNr1F1od/,0,0,0,0,0,0,0,0,0,0,
CAROLINA ALIZON CHINO NICOLAS,https://www.facebook.com/carolinaalizon.chinonicolas/,sí,2011-06-10,6600,0,2025-06-04,post,https://www.facebook.com/share/p/1CJM4UidCy/,0,0,1,0,0,0,0,0,0,0,"Todos los días van y ni saben nada Yo un día al examen y apruebo, hay niveles bebes jajaja"
CAROLINA ALIZON CHINO NICOLAS,https://www.facebook.com/carolinaalizon.chinonicolas/,sí,2011-06-10,6600,0,2025-06-06,post,https://www.facebook.com/share/p/1Aomehmt3N/,1,0,2,0,0,0,0,0,0,0,
