nombre perfil,url perfil,snapshot_date,creación del perfil,candidato identificado,seguidores,seguidos,fecha post,tipo de post,url post,comparticiones,comentarios,reacciones en total,me gusta,me encanta,me divierte,me entristece,me sorprende,me enoja,me importa,contenido
TORIBIA LERO QUISPE,https://www.facebook.com/toribia.leroquispe,2025-06-05,,sí,191,0,2025-04-16,post,https://www.facebook.com/share/14FmiHYuKU3/,0,0,0,0,0,0,0,0,0,0,Kaymanta ñaypajman allin jamusqa Kachun qampaj.
TORIBIA LERO QUISPE,https://www.facebook.com/toribia.leroquispe,2025-06-05,,sí,191,0,2025-05-05,post,https://www.facebook.com/share/p/1AvzBqE8ts/,58,31,101,65,4,0,23,2,3,4,"Tata Felix Becerra, él fué un verdadero lider que defendió a nuestra organizacion CONAMAQ, en represalia el regimen MASISTA lo encarceló por 2 años, sin debido proceso, ni una misera defensa, no tenia ni un abogado que lo defienda porque todos tenian miedo, pero el acusado de pedofilia del Chapare tiene 200 abogados que trabajan en su defensa, esa es la diferencia de gozar de poder y el ser un perseguido politico. 
#Pueblosindigenas
#derechosindigenas 
#Democracia"
TORIBIA LERO QUISPE,https://www.facebook.com/toribia.leroquispe,2025-06-05,,sí,191,0,2025-05-05,post,https://www.facebook.com/share/p/1E1xmpmiHX/,0,1,8,8,0,0,0,0,0,0,
TORIBIA LERO QUISPE,https://www.facebook.com/toribia.leroquispe,2025-06-03,,sí,190,0,2025-05-30,post,https://www.facebook.com/share/p/1Z8sUbcEbA/,0,2,1,0,0,0,0,0,1,0,
TORIBIA LERO QUISPE,https://www.facebook.com/toribia.leroquispe,2025-06-05,,sí,191,0,2025-05-30,post,https://www.facebook.com/share/p/16Tmv7m3MN/,0,2,1,0,0,0,0,0,1,0,
TORIBIA LERO QUISPE,https://www.facebook.com/toribia.leroquispe,2025-06-09,,sí,190,0,2025-06-08,post,https://www.facebook.com/toribia.leroquispe/posts/pfbid0CXcda1ZsGapAb1kNnGWpWGAoWmHA6GigDKsyErrKoLqk5xF33jHwf3LpvxYUU8gHl,0,0,0,0,0,0,0,0,0,0,
TORIBIA LERO QUISPE,https://www.facebook.com/toribia.leroquispe,2025-06-05,,sí,191,0,2025-12-31,reel,/reel/940014931527534/?s=single_unit&__cft__[0]=AZVdI663tVm9Y3LGiBBc5B9FgrU9In7NtAxaHtWVd29w4f5eq8230TZSejfJmZlz6NooIOIM2QHDL1rWvV0Ml24NpRPVsmRAhj0KdDDouhhLpBgSpGjq-ycHJIvczCYoHw1NXMaXeworCrH8wCKXUWKdgj0qu6lbzNWVxRIfDoCJLudtN2e9rkBrHV9oi_IuRQs&__tn__=H-R,0,0,0,0,0,0,0,0,0,0,🇧🇴🇧🇴
