nombre perfil,url perfil,candidato identificado,creación del perfil,seguidores,seguidos,fecha post,tipo de post,url post,comparticiones,comentarios,reacciones en total,me gusta,me encanta,me divierte,me entristece,me sorprende,me enoja,me importa,contenido
Rosario Callejas,https://www.facebook.com/RosarioCallejasConcejalGremial,no,2021-01-11,8400,83,2025-06-17,post,https://www.facebook.com/share/p/19371kSmeP/,2,0,30,29,1,0,0,0,0,0,"Sesión ordinaria N° 19 aprobación de informes
Sesión ordinaria N° 20… Ver más"
Rosario Callejas,https://www.facebook.com/RosarioCallejasConcejalGremial,no,2021-01-11,8400,83,2025-06-18,post,https://www.facebook.com/share/p/18uToobSzt/,6,2,43,41,2,0,0,0,0,0,"Hoy el Concejo Municipal de Santa Cruz de la Sierra sesiona desde el corazón del Plan Tres Mil, reafirmando nuestro compromiso con la participación ciudadana y la cerca… Ver más"
Rosario Callejas,https://www.facebook.com/RosarioCallejasConcejalGremial,no,2021-01-11,8400,83,2025-06-18,post,https://www.facebook.com/share/v/19HX5Fdj9c/,8,9,46,39,0,0,0,5,1,1,Reprochamos con absoluta firmeza la agresión perpetrada por un grupo de personas contra concejales durante la sesión del Concejo Municipal realizada en el Plan Tres Mil… Ver más
Rosario Callejas,https://www.facebook.com/RosarioCallejasConcejalGremial,no,2021-01-11,8400,83,2025-06-21,post,https://www.facebook.com/share/p/16SHkepkTP/,1,0,18,15,3,0,0,0,0,0,"Nuevo Año Amazónico, Andino y del Chaco… Ver más"
Rosario Callejas,https://www.facebook.com/RosarioCallejasConcejalGremial,no,2021-01-11,8400,83,2025-06-23,post,https://www.facebook.com/share/v/16j2dwudU8/,54,8,114,107,3,2,1,0,0,1,"Reafirmamos nuestro compromiso con una democracia inclusiva, donde ninguna sigla sea silenciada por intereses ajenos a la voluntad del pueblo boliviano.… Ver más"
