name,posts publicados,seguidores,siguiendo,comentarios obtenidos,posts compartidos,me gusta,me encanta,me divierte,me entristece,me enoja,me sorprende,me importa,reacciones en total,candidato identificado,url del perfil,creación de perfil
Maria Galindo,506,239000,0,16635,19389,72367,12664,5763,1048,2108,1952,822,146208,no,https://www.facebook.com/profile.php?id=100008591051800,2025-05-28
Nadia Beller,436,22000,0,4146,30690,30571,5045,10004,2203,2896,1704,748,87286,no,https://www.facebook.com/nadia.beller.5,2025-05-30
Sayuri Loza,414,56000,0,3867,11207,41858,9537,22224,9679,5554,2700,1229,117605,no,https://www.facebook.com/sayuri.loza,2025-05-30
Andrea Cabrera Zambrana ,409,12000,1500,655,946,3965,670,1053,100,137,104,75,6315,no,https://www.facebook.com/andrea.cabrera.1023611,2025-06-01
Lilibeth Coimbra ,337,63000,0,16033,13638,55187,6424,14575,4298,2407,2302,500,102640,no,https://www.facebook.com/LilibethCoimbra1,2025-05-27
Mamás Sororas de Bolivia ,319,13000,0,1019,7122,4760,848,497,503,418,98,118,9268,no,https://www.facebook.com/MamasSororasBolivia,2025-05-19
Cinthia Guidi,300,8100,0,319,23838,39673,1599,1700,404,956,756,149,46624,no,https://www.facebook.com/profile.php?id=100089615726605,2025-06-02
Capiguara Libertaria,284,19000,0,2216,4491,13009,1828,1703,263,503,203,163,21905,no,https://www.facebook.com/luisita.balbian,2025-06-02
Coordinadora de la Mujer - Observatorio de Género BO,277,22000,191,550,2288,5509,859,35,5,4,8,75,7488,no,https://www.facebook.com/CoordinadoraBO,2025-05-19
Sara Andrea,232,148000,6,18842,27029,83126,6471,17265,1718,1012,1454,461,206522,no,https://www.facebook.com/sarahandreabolivia,2025-05-28
Roxana Duchên,220,63000,0,50990,140532,136346,18366,287462,1166,654,2084,1677,746256,no,https://www.facebook.com/RoxanaDuchenn,2025-05-27
Erika J. Rivera,220,5300,340,104,234,504,92,3,6,12,5,4,1110,no,https://www.facebook.com/erikajimena.riveravargas,2025-05-28
Melania Torrico,211,20000,2800,1897,434,1801,241,1759,159,267,107,26,5891,no,https://www.facebook.com/melania.pericon,2025-05-27
Jimena Antelo,204,354000,125,12357,2227,11382,1228,6859,176,1392,369,95,31981,no,https://www.facebook.com/JimenaAnteloOficial,2025-05-27
ROSA TATIANA AÑEZ CARRASCO,196,3500,158,220,1196,3249,452,24,8,14,10,36,4037,sí,https://www.facebook.com/tatiana.anez.92,2025-05-28
Melisa Ibarra,196,58017,0,2649,1033,4142,220,1136,53,111,136,17,7773,no,https://www.facebook.com/melisa.ibarrarosario.5,2025-06-11
Rolando Schrupp,191,10000,1900,1304,2137,6673,233,2264,128,141,74,32,11777,no,https://www.facebook.com/RolandoSchrupp,2025-06-02
Nelly Flores,178,0,0,91,20,143,13,3,0,0,1,1,184,no,https://www.facebook.com/profile.php?id=100049763891374,2025-06-02
Rubi Garcia,173,16000,0,1989,6165,7761,446,407,97,308,260,46,10756,no,https://www.facebook.com/rubi.garcia.360686/,2025-05-27
Susana Bejarano,165,8000,0,4754,2279,7662,934,996,630,316,421,272,19358,no,https://www.facebook.com/profile.php?id=772515640,2025-05-29
Quya Reyna ,148,9300,0,6856,9854,12075,3037,2870,296,393,253,392,38559,no,https://www.facebook.com/quya.reyna,2025-05-28
Natalia Aparicio,144,7600,0,713,739,4146,791,152,41,34,32,67,7606,no,https://www.facebook.com/la.aparicioooo,2025-05-28
Miguel Calderon,142,919,2200,53,66,290,20,38,7,3,2,0,416,no,https://www.facebook.com/miguel.calderongalindo,2025-06-03
PATRICIA MAGIN ARANCIBIA IBAÑEZ,142,3200,506,751,1431,4230,635,157,0,12,1,59,5248,sí,https://www.facebook.com/patriciamagin.arancibiaibanez,2025-05-28
SILVIA MOLLER CHOQUE,140,0,0,28,35,233,8,3,0,0,0,6,265,sí,https://www.facebook.com/silvia.mollerchoque,2025-05-27
EVA LUZ HUMEREZ ALVEZ,140,6000,3400,186,86,1147,535,106,38,15,4,29,2012,sí,https://www.facebook.com/eva.luz.humerez/,2025-05-28
Sofi Rocha,126,8000,2000,1801,3635,4813,1047,388,87,245,73,79,8717,no,https://www.facebook.com/sofi.rocha.12,2025-05-27
Jaime Dunn - Santa Cruz,120,3800,171,806,2821,9760,911,54,14,16,11,67,11220,no,https://www.facebook.com/ActivismoLibertario,2025-05-27
AZUCENA ALEJANDRA FUERTES MAMANI,114,9800,0,887,268,2708,427,207,90,47,16,275,3773,sí,https://www.facebook.com/AzucenaFuertesPotosi,2025-05-29
Ana Lucía Velasco,110,2000,0,813,300,892,255,167,90,31,55,23,3223,no,https://www.facebook.com/anavelascou,2025-05-29
Dimelza Rodriguez Quinsamolle,109,3100,19,832,1367,3060,130,166,11,37,8,16,3880,no,https://www.facebook.com/profile.php?id=61570121371268,2025-05-27
SILVANA MUCARZEL DEMETRY,109,10000,108,985,1334,6087,1256,74,13,170,119,65,8119,sí,https://www.facebook.com/silvanamucarzelconcejal/,2025-06-01
PAULA PAXI SUXO,108,2400,268,11,41,239,14,21,0,6,2,0,262,sí,https://www.facebook.com/profile.php?id=100076489905888,2025-05-30
MARILU EUGENIA RAMOS MAMANI,108,0,0,0,0,2,1,5,0,0,0,0,8,sí,https://www.facebook.com/maria.eugenia.ramos.mamani.2025,2025-05-27
VALENTINA VERONICA LLANOS BARRON,107,1100,461,8,18,50,11,0,0,1,1,0,63,sí,https://www.facebook.com/valentinaveronica.llanosbarron.3/,2025-05-28
MARIA ESTHER GONGORA MIRANDA,106,1500,0,85,61,511,80,6,9,4,0,5,640,sí,https://www.facebook.com/mariaestherasambleista,2025-05-27
Jhanisse V. Daza,105,11000,0,306,752,2493,725,6,57,10,15,56,5089,no,https://www.facebook.com/jhanisse,2025-06-02
MARIA BERTHA GUTIERREZ MENDOZA,105,0,0,193,201,1603,242,38,42,18,12,82,2070,sí,https://www.facebook.com/mariabertha.gutierrezmendoza,2025-06-02
PAOLA LORENA BARRIGA MACHICAO,104,10000,0,424,1352,2761,762,41,275,207,139,156,4458,sí,https://www.facebook.com/paola.barriga.104,2025-05-28
Roxana Pérez,101,19000,270,950,940,1679,231,124,110,117,41,49,2721,no,https://www.facebook.com/RoxanaPerezDelCastillo,2025-05-19
Jeanine Añez,99,380000,39,30249,10798,34919,4459,5019,4270,1936,398,844,103580,no,https://www.facebook.com/jeanineanezc,2025-05-30
Por la vida de las mujeres,96,16000,124,71,329,874,252,46,140,96,12,37,1729,no,https://www.facebook.com/Porlavidadelasmujeres.Bolivia,2025-05-19
CARMEN SOLEDAD CHAPETON TANCARA,95,6100,476,358,393,1438,237,31,25,10,11,18,2017,sí,https://www.facebook.com/soledad.chapetontancara,2025-05-29
ERICKA CHAVEZ AGUILERA,94,662,60,479,699,1633,348,1,0,0,1,73,2413,sí,https://www.facebook.com/erickachavezc45,2025-05-28
ANDREA BRUNA BARRIENTOS SAHONERO,93,20000,82,1376,936,3694,373,1158,360,188,47,27,6179,sí,https://www.facebook.com/AndreaBarrientosCC,2025-06-01
Batalla Cultural.Bo,90,14000,0,4482,20025,37784,577,161,61,217,91,56,38878,no,https://www.facebook.com/profile.php?id=61574943372897,2025-05-29
Ciberwarmis - Mujeres ayudando a mujeres,90,12000,350,62,450,423,191,1,2,0,0,23,1457,no,https://www.facebook.com/Ciberwarmis.bo,2025-05-23
Nadia Montaño,89,14000,1900,402,239,902,185,6,0,0,2,14,3471,no,https://www.facebook.com/nadiamontanortiz,2025-05-29
MAGDALENA MOGRO LACUNZA,87,1000,2200,49,12,108,25,0,3,1,0,0,138,sí,https://www.facebook.com/magda.mogrolacunza,2025-05-30
LORENA ANAIZ PEREZ DAVALOS,86,6900,0,40,104,283,87,16,9,6,4,2,404,sí,https://www.facebook.com/lorena.a.davalos,2025-05-27
Mauro Landivar ,85,32000,182,9454,20751,16940,2018,7006,348,1778,1048,116,35559,no,https://www.facebook.com/profile.php?id=61552708002190,2025-05-28
LUCIANA MICHELLE CAMPERO CHAVEZ,78,11000,0,2385,4426,11409,2230,130,121,878,246,152,14919,sí,https://www.facebook.com/lu.camperochavez,2025-06-02
Carola Antezana,78,582,0,280,69,669,287,22,13,28,13,39,1451,no,https://www.facebook.com/carola.a.pantoja,2025-05-29
CAROLINA ALIZON CHINO NICOLAS,77,6600,0,48,568,1093,48,12,2,0,3,5,1173,sí,https://www.facebook.com/carolinaalizon.chinonicolas/,2025-05-27
Víctimas de Feminicidio e Infanticidio Bolivia ,77,15000,61,727,2915,1114,44,10,1750,1554,177,9,7557,no,https://www.facebook.com/profile.php?id=100064532303161,2025-05-19
Feminismo Comunitario Antipatriarcal,76,35000,124,41,2318,1963,1155,6,63,7,5,220,3718,no,https://www.facebook.com/feminismo.comunitario.Antipatriarcal,2025-05-19
Andres Ortega,76,6300,0,128,216,1078,60,66,5,6,10,5,1233,no,https://www.facebook.com/pensardiferente,2025-05-28
MARIA KHALINE MORENO CARDENAS,74,20000,184,403,554,2754,571,150,6,24,1,47,3700,sí,https://www.facebook.com/profile.php?id=100048470096823,2025-06-02
Silvana Mucarzel,66,10000,104,608,768,2108,319,41,6,20,41,25,2305,no,https://www.facebook.com/silvanamucarzelconcejal,2025-05-19
CECILIA ISABEL REQUENA ZARATE,64,4500,163,86,1014,1382,85,2,61,128,17,55,1842,sí,https://www.facebook.com/CeciliaRequenaZarate,2025-05-30
Juventudes Liberales Bolivia ,63,2400,180,21,38,163,10,27,10,3,1,0,235,no,https://www.facebook.com/juventudliberalbolivia,2025-05-28
Justicia Por Las Niñas ,61,7100,3300,1281,6859,3565,402,32,2053,3009,392,138,9969,no,https://www.facebook.com/justicia.ninos,2025-05-19
DIANA PATRICIA PAPUTSAKIS BURGOS,60,6000,0,81,63,663,120,2,14,0,0,7,957,sí,https://www.facebook.com/patricia.paputsakisburgos,2025-06-02
Mueres Creando,57,63000,67,76,255,750,131,11,7,3,4,20,768,no,https://www.facebook.com/MUJERESCREANDO1,2025-05-19
El Confesionario UCB ,57,29000,76,402,96,766,52,370,33,33,268,5,2177,no,https://www.facebook.com/profile.php?id=100063830662612,2025-05-19
NIRVATH MARITZA VILLENA CARDOZO,57,2500,507,395,487,1699,735,4,0,0,2,38,2472,no,https://www.facebook.com/nirvathmaritza.villenacardozodelopez,2025-05-28
Rosario Callejas,57,9600,82,448,1068,3022,213,130,26,30,15,30,1978,no,https://www.facebook.com/RosarioCallejasConcejalGremial,2025-05-15
YENNY NADYA CLADERA SAENZ,55,3700,598,334,445,1030,166,17,8,15,20,24,1568,sí,https://www.facebook.com/yenny.claderasaenz/,2025-05-27
DANIELA CABRERA GUILLEN,55,7000,100,2691,5421,16619,151,146,61,27,46,19,17082,sí,https://www.facebook.com/DanielaCabreraConcejal,2025-05-27
Carla Sandy Claure ,54,11000,0,483,189,733,142,119,45,29,19,18,1444,no,https://www.facebook.com/carla.sandy.007,2025-05-28
La Pesada Subversiva ,53,5400,6,647,708,851,512,81,4,9,3,73,3368,no,https://www.facebook.com/LaPesadaSubversiva,2025-05-19
Maria Rene Alvarez ,48,22000,267,235,1017,1878,285,7,18,267,78,19,2639,no,https://www.facebook.com/MReneAlvarezScz,2025-05-15
ROSS MARY BRAVO SALAZAR,47,5200,1500,23,29,326,21,4,0,3,1,1,325,sí,https://www.facebook.com/RBSVGR/,2025-05-28
Andrea Vaca Barbery ,44,39000,51,597,1123,5114,806,11,3,0,0,32,6398,no,https://www.facebook.com/andreavacabarbery,2025-05-27
Andrea Barrientos,41,20000,82,703,391,1613,144,425,282,22,7,12,2526,no,https://www.facebook.com/AndreaBarrientosCC,2025-05-15
YHISSEL MARISOL DAVALO LANCEA,41,2900,633,329,267,1244,339,31,79,3,1,18,1691,sí,https://www.facebook.com/nenita.savedra.7,2025-06-02
YESENIA YARHUI ALBINO,40,12000,233,15135,66161,52916,1917,2300,186,1694,505,120,58017,sí,https://www.facebook.com/yarhuiyesenia,2025-05-28
NORMA GUTIERREZ AGUILAR,40,1500,0,771,915,2385,213,16,0,1,0,2,2682,no,https://www.facebook.com/norma.aguilar.42052/friends,2025-05-27
Angirü Bolivia ,37,4900,0,4,19,45,0,0,0,0,0,1,152,no,https://www.facebook.com/ColectivoAngiru,2025-05-19
Paola Aguirre ,34,57000,21,3072,3210,8966,2260,36,30,45,90,192,14035,no,https://www.facebook.com/paolaaguirremelgar,2025-05-19
Laura Luisa Nayar,33,39000,107,2077,5345,15150,1586,214,31,154,105,92,18080,no,https://www.facebook.com/luisanayars,2025-05-15
MARLENE FERNANDEZ MEJIAS,32,25,0,4,39,34,10,0,1,0,0,0,46,sí,https://www.facebook.com/profile.php?id=61570246115119,2025-05-27
MARINA ISABEL CACHAMBI ALVAREZ,31,892,14,2119,2637,3843,736,35,0,0,0,26,4789,sí,https://www.facebook.com/profile.php?id=100063933884078,2025-05-27
PALMENIA YESINA VILLEGAS FLORES,31,0,0,1,6,23,0,1,0,0,0,0,24,no,https://www.facebook.com/palmenia.villegasflores,2025-07-22
FABIOLA SIRPA LLUSCO,30,3000,0,4,5,17,0,13,0,0,0,0,30,sí,https://www.facebook.com/fabiola.sirpallusco,2025-05-28
ELIANA RINA ACOSTA QUISPE,29,0,0,81,38,285,58,11,0,0,1,3,374,sí,https://www.facebook.com/eliana.acosta.3150,2025-05-27
Walaichas WASAS ,29,1700,18,450,1963,847,683,120,226,29,2,28,3639,no,https://www.facebook.com/profile.php?id=100082900523964,2025-05-19
DIANA ROCIO ROSALES MAMANI,28,1500,59,57,388,524,42,28,0,1,1,17,613,sí,https://www.facebook.com/diana.mamani.967,2025-05-28
Pan y Rosas Bolivia,28,10000,257,86,383,102,55,1,0,0,0,17,847,no,https://www.facebook.com/panyrosasdebolivia,2025-05-19
FLAVIA BARBERY RAMOS,28,26000,19,85,663,642,236,4,0,0,0,5,898,no,https://www.facebook.com/flavia.barberyramos,2025-05-30
María Patricia Arce,27,31000,16,145,110,559,51,45,75,16,18,3,501,no,https://www.facebook.com/PatriciaArceSitioOficial,2025-05-15
SHIRLEY MALDONADO ALVAREZ,25,276,4,160,139,777,126,21,0,1,1,2,1221,sí,https://www.facebook.com/profile.php?id=61576562194155,2025-05-28
MARGOTH CERVANTES ALVAREZ,24,88,1,16,91,126,35,0,0,0,0,8,169,no,https://www.facebook.com/profile.php?id=61577777165669,2025-07-22
Wikimedistas de Bolivia,24,4300,0,1,47,5,0,0,0,0,0,0,96,no,https://www.facebook.com/wikimedistasdebolivia,2025-05-19
BLANCA TUEROS SUAREZ,23,165,124,4,262,110,8,0,0,0,0,1,132,no,https://www.facebook.com/BlancaTuerosDiputadac49,2025-07-23
NATHALY TOVIAS CLAURE,23,5600,0,497,811,6837,774,185,3,10,7,36,7933,no,https://www.facebook.com/nathaly.toviasclaure,2025-06-01
YOLA SUXO MAMANI,23,62,0,13,294,475,26,0,0,0,0,11,512,no,https://www.facebook.com/profile.php?id=61578456866344,2025-07-23
Salvaginas ,23,9500,431,0,29,26,1,0,0,0,0,1,56,no,https://www.facebook.com/ecofeministasBolivia,2025-05-19
Articulación Feminista Wañuchun Machocracia ,22,5500,29,7,84,0,0,0,0,0,0,0,190,no,https://www.facebook.com/articulacionfeministacochabamba,2025-05-19
LUCILA MENDIETA PEREZ,22,2400,111,1,13,24,0,0,2,0,0,2,28,sí,https://www.facebook.com/lucila.mendietaperez,2025-05-28
LEINA SUELY LAVADENZ ROCA,22,0,0,1,2,7,1,0,0,0,1,0,9,no,https://www.facebook.com/leinasuely.lavadenzroca,2025-05-29
YAMILA NUR REYES ORTEGA,21,171,9,46,28,223,107,1,0,0,0,4,342,no,https://www.facebook.com/profile.php?id=61572021665143,2025-05-29
TORIBIA LERO QUISPE,21,6600,812,227,266,305,45,24,39,8,2,5,1039,sí,https://www.facebook.com/toribia.leroquispe,2025-05-27
KARINA PATRICIA LIEBERS CACERES,20,333,0,484,158,1320,620,6,0,0,0,51,1920,sí,https://www.facebook.com/karinalc3,2025-05-27
Luciana Campero,20,11000,0,925,1481,3190,621,14,49,213,61,32,5484,no,https://www.facebook.com/lu.camperochavez,2025-05-15
MARIANA LOPEZ SAAVEDRA,19,2200,2000,6,2,5,3,15,0,0,0,0,25,no,https://www.facebook.com/mariana.lopezsaavedra.5,2025-05-27
Clau Pami'sh Rzy ,19,4100,0,384,399,501,81,64,2,50,8,17,941,no,https://www.facebook.com/pamizapatachu/,2025-05-27
CATHERINE PINTO VENEROS,19,609,13,3,74,152,17,0,0,0,0,5,195,no,https://www.facebook.com/CatherinePintoV,2025-07-22
TOMASA YARHUI JACOME,19,2100,65,14,7,126,10,2,0,0,0,1,158,sí,https://www.facebook.com/TomasaYarhuiJ,2025-05-30
Yessica Villarroel Caraballo,19,3700,0,0,4,12,0,3,0,0,0,0,55,no,https://www.facebook.com/yessica.villaroelcaraballo,2025-06-02
KELLY ANDREA VELARDE ARANCIBIA,18,1200,7,1195,2338,3662,1253,2,0,0,0,15,4932,no,https://www.facebook.com/KellyVelardeBO,2025-07-22
NATTY ELIZABETH FLORES VERASTEGUI,17,5100,0,56,2,533,157,0,12,0,12,23,809,sí,https://www.facebook.com/natty.floresverastegi,2025-05-27
MILKA ROJAS GRAGEDA,17,359,11,0,0,30,2,0,0,0,0,0,32,no,https://www.facebook.com/MilkaRojasGrageda,2025-07-22
WANDA XIMENA MEDRANO HERVAS,16,350,0,76,147,278,78,1,0,0,0,12,390,no,https://www.facebook.com/wanda.medranohervas,2025-05-29
Cunumis Feministas ,16,1800,0,8,16,22,10,0,0,0,0,0,65,no,https://www.facebook.com/profile.php?id=100064855967374#,2025-05-19
DALVA LORGIA CESAR REYES,16,6900,0,22,138,183,7,0,0,0,0,5,195,no,https://www.facebook.com/dalva.cesar.reyes,2025-07-22
Joshua Bellot,16,6800,1700,99,57,399,20,9,1,11,4,3,474,no,https://www.facebook.com/joshua.bellott,2025-05-28
ROCIO RIVERA CALLE,15,3400,2200,61,13,292,306,47,0,2,0,1,648,no,https://www.facebook.com/rocio.riveracalle,2025-05-27
SUSANA MONTAÑO,15,248,0,6,165,250,33,1,0,0,1,28,334,no,https://www.facebook.com/profile.php?id=61577615530574,2025-07-22
JACQUELINE CINTIA POVEDA FUENTES,15,0,0,0,1,5,1,0,0,0,0,0,6,no,https://www.facebook.com/cintia.poveda,2025-05-28
GABRIELA MIROSLAVA GONZALES MACHICADO,15,7000,0,50,50,248,8,1,3,27,5,4,307,no,https://www.facebook.com/ggonzalesmachicado,2025-05-29
LIDIA JANETH PIZARRO CHUQUICHAMBI,15,1200,16,20,297,405,17,13,0,1,2,3,441,no,https://www.facebook.com/JanethPizarroChuquichambi,2025-07-23
BETTSY SHIRLEY SAUCEDO AGUADA,13,0,0,8,14,59,15,8,0,0,0,1,109,no,https://www.facebook.com/betsy.saucedo.18,2025-07-22
MINERVA WARA RUEDA LOPEZ,13,123,1,14,91,190,10,15,0,0,0,1,258,no,https://www.facebook.com/WaraRuedaDiputadaC32,2025-07-22
Mochas Copleras,13,5200,95,2,45,0,0,0,0,0,0,0,163,no,https://www.facebook.com/mochas.copleras,2025-05-19
ROSMERY SUSI GABRIEL QUENTA,13,64,1,2,37,126,12,2,0,0,0,0,151,no,https://www.facebook.com/rosmerysusi.gabrielquenta.1,2025-06-23
CLAUDIA MALLON VARGAS,12,5000,58,9,7,16,4,1,0,0,0,0,25,sí,https://www.facebook.com/ClauMallon/,2025-06-02
CLAUDIA ALIDA SALAS TAMBARE,12,0,0,71,110,336,68,0,0,0,0,2,500,sí,https://www.facebook.com/claudiaalida.salastambare,2025-05-28
JAEL VELASQUEZ HUANCA,12,0,0,5,37,88,11,37,0,1,0,2,139,no,https://www.facebook.com/jael.velasquez.16,2025-07-23
JESSICA ANNE JORDAN BURTON,12,0,0,155,12,214,127,7,19,0,0,67,434,sí,https://www.facebook.com/jessicajordanb,2025-06-01
Red LB Bol ,11,3900,92,3,12,50,30,0,0,0,0,4,112,no,https://www.facebook.com/red.lbbol,2025-05-19
Omarth Luna,11,4700,0,23,20,124,24,33,0,0,2,0,144,no,https://www.facebook.com/OmarthLuna/,2025-05-27
ESTHER SALVATIERRA LANDIVAR,10,228,7,10,66,116,15,1,0,0,0,0,132,no,https://www.facebook.com/esther.salvatierralandivar,2025-05-28
Warmi Pachakuti ,10,4400,87,8,59,88,41,0,0,1,0,5,249,no,https://www.facebook.com/warmi.pachakuti,2025-05-27
Lourdes Chambilla,10,3200,612,22,7,60,1,9,0,0,3,0,98,no,https://www.facebook.com/LuliChambilla,2025-05-19
TIRZA SUAREZ HINOJOSA,10,32000,38,7,11,34,1,0,0,0,0,0,35,no,https://www.facebook.com/people/Nacional-Seguros-Agente-V%C3%ADctor-Hugo-Garc%C3%ADa/61563091755163/,2025-07-22
FATHME NANEYDA RONCAL MICHEL,10,391,15,7,42,166,33,0,0,0,0,0,199,no,https://www.facebook.com/profile.php?id=61578010611181,2025-07-23
INDIRA YAMBAR YAJAHIRA DESTRE ANTELO,9,1100,36,45,138,297,101,0,0,0,8,13,589,no,https://www.facebook.com/profile.php?id=61576638942004,2025-07-22
PAMELA CAYAYA SALDIVAR,9,283,0,17,42,120,19,0,0,0,0,4,143,no,https://www.facebook.com/profile.php?id=61577218509056,2025-07-22
JENNY GABRIELA ORELLANA PICCOLOMINI,9,699,34,9,21,124,21,0,0,0,1,0,146,no,https://www.facebook.com/profile.php?id=100063858108926,2025-07-23
GLADYS HIDALGO GALINDO,9,6200,516,15,5,225,80,0,0,0,0,18,323,no,https://www.facebook.com/gladyshidalgo.galindo,2025-05-27
YOVANA TERRAZAS POLANCO,8,0,0,80,64,161,36,1,0,0,1,2,201,no,https://www.facebook.com/yovana.terrazaspolanco,2025-07-22
Adriana Salvatierra,8,242000,4,3645,816,1013,246,258,37,10,5,67,14885,no,https://www.facebook.com/Adriana1989sa,2025-05-27
LITZIE NADIR ORELLANA ARCIENEGA,8,353,7,16,152,205,89,1,1,0,0,2,319,no,https://www.facebook.com/profile.php?id=100086632991153,2025-07-23
CINTIA MONICA PUERTA CAMPOS,8,0,0,13,22,37,12,0,9,0,0,1,83,no,https://www.facebook.com/cintiamonica.puertacampos,2025-07-23
ELIANE MORENO RAMOS,7,5500,619,48,221,724,56,2,0,0,0,2,784,no,https://www.facebook.com/eliane.moreno.9843,2025-07-23
MARIBEL AVALOS PADILLA,7,0,0,5,1,17,1,10,0,0,0,1,29,no,https://www.facebook.com/maribel.avalos.370,2025-07-23
PAOLA ANDREA FERNANDEZ REA,7,115000,0,41,33,213,40,19,0,1,0,1,323,no,https://www.facebook.com/profile.php?id=100095305101750,2025-07-23
KATHIUSKA GUZMAN ORELLANA,7,1200,152,7,19,191,12,0,0,0,1,0,204,no,https://www.facebook.com/walter.a.sanchez.50,2025-05-29
DANDY BAUER DORADO,7,117,1,1,65,31,6,1,0,0,0,0,38,no,https://www.facebook.com/profile.php?id=61578261328878,2025-07-22
GRISELDA FABIANA GUTIERREZ OSORIO,7,178,0,1,12,92,16,0,3,0,0,3,128,no,https://www.facebook.com/profile.php?id=61576875537258,2025-07-22
YOLANDA YHARSINA RENGIFO MUR,7,603,55,0,0,5,4,0,0,0,0,0,9,sí,https://www.facebook.com/people/Yharsina-Rengifo-Diputada-por-Chuquisaca/100064235523785/,2025-05-28
YAMILKA SOFIA SADUD BANZER,6,154,6,6,11,54,20,1,0,0,0,0,75,no,https://www.facebook.com/yamilka.sadudbanzer,2025-05-28
FELIPA RAMOS MAMANI,6,0,0,26,0,10,0,0,1,0,2,0,13,sí,https://www.facebook.com/felipa.ramosmamani.9,2025-05-28
FELIPA YALILY MONTENEGRO MONTAÑO,6,1000,0,2,29,47,16,0,0,0,0,0,63,sí,https://www.facebook.com/profile.php?id=100075078369212,2025-05-29
SONIA AGUILAR URAPIÑA,6,0,0,2,7,31,16,0,0,0,0,0,47,no,https://www.facebook.com/profile.php?id=61578179799533,2025-07-23
CYNTHIA CARLA HUACANI PAJARITO,6,0,0,8,39,24,5,0,0,0,0,4,33,no,https://www.facebook.com/cynthia.huacanipajarito,2025-05-27
CARMEN ROSA SANDOVAL CASTRO,6,1700,0,0,0,0,1,0,0,0,0,0,1,no,https://www.facebook.com/carmenrosa.sandovalcastro,2025-06-24
MARY ISABEL DEL LLANO ARCHONDO,6,0,0,21,1,111,77,0,0,0,0,7,203,sí,https://www.facebook.com/mary.delllano,2025-06-01
Quya Reyna,6,9300,0,193,89,744,296,297,1,4,37,9,1383,no,https://www.facebook.com/quya.reyna,2025-07-22
AMALIA APAZA MAMANI,5,0,0,2,9,18,0,0,0,0,0,0,18,no,https://www.facebook.com/amalia.apazamamani,2025-05-28
Frente LIBRE ,5,1300,84,0,3,6,0,0,0,0,0,0,6,no,https://www.facebook.com/FrenteLiberalRepublicano,2025-06-02
Revuelta Malcriada,5,6900,42,5,31,78,1,2,0,1,1,1,89,no,https://www.facebook.com/ninasmalcriadasbolivia,2025-05-19
GABRIELA MAEVA DURAN POZO,5,1400,22,4,9,18,19,0,0,0,0,0,37,no,https://www.facebook.com/maeshezidduran,2025-07-22
ROSARIO RANET RODRIGUEZ PERALES,5,0,0,17,8,43,0,0,0,0,0,0,43,no,https://www.facebook.com/rosario.rodriguezperales,2025-06-23
Daniela Cabrera,5,7000,100,0,0,9,1,1,0,0,0,0,24,no,https://www.facebook.com/DanielaCabreraConcejal,2025-05-15
YESSICA PRISILA DANTES ESCALANTE,5,5500,1700,35,5,236,95,0,6,0,0,1,443,no,https://www.facebook.com/prisila.dantesescalante,2025-05-27
LECCY OLVEA SALINAS,4,22,0,1,26,22,2,0,0,0,0,0,24,no,https://www.facebook.com/profile.php?id=61578376469637,2025-07-22
Fernando Untoja,4,0,0,33,14,67,2,5,0,0,0,0,85,no,https://www.facebook.com/fuchitonano,2025-05-28
LUCERO CELESTE JUSTINIANO OROPEZA,4,6400,1100,10,20,64,26,0,0,0,0,2,92,no,https://www.facebook.com/lucero.justiniano.1,2025-07-23
Jorge Copa,4,3800,291,0,0,1,0,0,0,0,0,0,1,no,https://www.facebook.com/jorge.copa.716,2025-05-27
NAYRA VASQUEZ LOBO,3,883,450,13,5,47,57,0,0,0,2,7,113,no,https://www.facebook.com/Nay.Vasquez.Lobo,2025-07-23
BETTY NANCY GARCIA MARTINEZ,3,249,365,0,1,11,0,0,0,0,0,0,11,no,https://www.facebook.com/bettynancy.garciamartinez/,2025-05-29
YAMELLY ROSMERY CALLE CONDORI,3,0,0,0,0,0,0,0,0,0,0,0,0,no,https://www.facebook.com/yameli.callecondori,2025-05-28
Sonia Montaño,3,0,0,36,1,104,65,0,0,0,0,18,187,no,https://www.facebook.com/sonia.montano.2016,2025-05-27
NASSIA JHOSELIN SALVADOR PALACIOS,3,3900,6800,0,8,36,18,0,0,0,0,0,54,no,https://www.facebook.com/nassiasalvado,2025-06-24
ASUNTA FLORES SUAREZ,3,3000,254,4,4,34,9,0,0,0,0,0,43,no,https://www.facebook.com/asunta.floressuarez.5,2025-05-28
MONICA EVA COPA MURGA,3,163000,0,46,20,153,20,139,1,19,1,1,334,no,https://www.facebook.com/EvaCopaBO,2025-07-23
FRANCIS ELIDA PRIMINTELA MERINO,2,34,0,2,1,25,0,1,0,0,0,0,26,no,https://www.facebook.com/profile.php?id=61578113848785,2025-07-23
Sofi Rojas,2,0,0,0,0,0,0,0,0,0,0,0,0,no,https://www.facebook.com/sofi.rojas99,2025-06-02
MARCELA ORELLANA BEJARANO,2,0,0,0,1,0,0,0,0,0,0,0,0,no,https://www.facebook.com/marcela.orellanabejarano,2025-05-29
Avanza Libertad Bolivia ,2,375,5,0,20,31,7,0,0,0,1,0,39,no,https://www.facebook.com/profile.php?id=61554129437310,2025-06-02
NAIR STIVEN SANCHEZ OROZCO,2,192,0,0,1,2,1,0,0,0,0,0,3,no,https://www.facebook.com/nair.stiven.sanchez.orozco,2025-05-28
ELBA ACEITUNO ZARATE,2,2500,394,0,1,0,0,0,0,0,0,0,0,no,https://www.facebook.com/elba.aceitunozarate,2025-07-22
NOELIA QUECAÑO OQUENDO,2,2000,283,1,0,19,20,0,0,0,0,0,39,no,https://www.facebook.com/noelia.oquendo.96,2025-05-28
VERONICA LAFUENTE VASQUEZ,2,641,0,10,17,44,3,0,0,0,0,0,47,no,https://www.facebook.com/veronica.lafuentevasquez,2025-07-22
MARISELVA POLANCO VENTURA,1,2000,226,0,1,12,3,0,0,0,0,0,15,no,https://www.facebook.com/mariselva.polancoventura.1,2025-07-23
ANAHI NAYELY ROCHA RODAS,1,1500,0,0,1,0,0,0,0,0,0,0,0,no,https://www.facebook.com/nayeli.rocha.902,2025-07-23
LUZ MARY ZELAYA VIDAURRE,1,168,3,2,0,0,0,0,0,0,0,0,0,no,https://www.facebook.com/luzmary.zelaya,2025-05-28
FABIOLA ALBA SUAREZ,1,4100,0,2,0,4,0,0,0,0,0,0,4,no,https://www.facebook.com/fabiola.alba.suarez.2025,2025-05-28
AVIGAIL MOLINA MARISCAL,1,0,0,0,0,0,0,0,0,0,0,0,3,no,https://www.facebook.com/avigail.mariscalmolina,2025-05-27
CYNTHIA MARIA BURGOS SEGOVIA,1,110,2,0,0,0,0,0,0,0,0,0,2,no,https://www.facebook.com/profile.php?id=61577598027651,2025-07-22
CLAUDIA SALGUERO GONZALES,1,6400,0,2,0,3,0,0,0,0,0,0,3,no,https://www.facebook.com/claudia.salguerogonzales.9,2025-06-24
Allele,1,941,19,0,5,0,0,0,0,0,0,0,24,no,https://www.facebook.com/AleleenBolivia,2025-05-27
KATERINE JULIANA BARROBE ORDOÑEZ,1,62,11,0,1,1,1,0,0,0,0,0,2,no,https://www.facebook.com/profile.php?id=61577903163817,2025-07-23
MAGALY MARGOT ICHAZO CHOQUE,1,0,0,42,0,50,19,0,0,0,0,4,73,no,https://www.facebook.com/magalymargot.ichazochoque.98,2025-05-27
HJOVANNA MAGALY ALARCON DURAN,1,0,0,53,2,159,40,1,0,0,2,6,208,sí,https://www.facebook.com/hjovanna.alarconduran,2025-05-27
MILDRET YAÑEZ INOFUENTES,1,1700,0,0,0,0,0,0,0,0,0,0,0,no,https://www.facebook.com/mildret.inofuentes,2025-05-28
MARIA DANIELA ARISPE POZO,1,1800,11,3,11,22,3,0,0,0,0,1,26,sí,https://www.facebook.com/maria.bozo.7393,2025-05-27
EMPERATRIZ JHOSELIN GUTIERREZ ESPINOZA,1,3000,34,15,0,84,34,0,0,0,1,11,130,no,https://www.facebook.com/emperatriz.gutierrez.espinoza,2025-05-27
SALMA TOBIAS PAZ,1,4200,628,0,0,0,0,0,0,0,0,0,0,no,https://www.facebook.com/salma.tobias,2025-06-01
