nombre perfil,url perfil,candidato identificado,creación del perfil,seguidores,seguidos,fecha post,tipo de post,url post,comparticiones,comentarios,reacciones en total,me gusta,me encanta,me divierte,me entristece,me sorprende,me enoja,me importa,contenido
Laura Luisa Nayar,https://www.facebook.com/luisanayars,no,2019-07-29,37000,109,2025-06-30,post,https://www.facebook.com/share/v/1FPMQv4x41/,267,71,774,700,27,10,1,14,19,3, Censura electoral en marcha. El #TSE busca inhabilitar arbitrariamente a @LucamperoBol pese a que cumplió con todos los requisitos para ser candidata. Me consta que … Ver más
Laura Luisa Nayar,https://www.facebook.com/luisanayars,no,2019-07-29,37000,109,2025-07-03,post,https://www.facebook.com/share/v/12M5XgRpELk/,1300,175,1600,1400,78,7,7,21,36,7,¡El litio NO se regala! ¡No a los contratos sombríos que embargan los recursos naturales de los bolivianos! 
Laura Luisa Nayar,https://www.facebook.com/luisanayars,no,2019-07-29,37000,109,2025-07-04,post,https://www.facebook.com/share/v/1FiWgemdQ5/,1600,159,2000,1800,111,6,1,35,26,7,¡El litio NO se toca! 
Laura Luisa Nayar,https://www.facebook.com/luisanayars,no,2019-07-29,37000,109,2025-07-04,post,https://www.facebook.com/share/p/1AjEg4kwCP/,2,0,53,45,8,0,0,0,0,0,"¡Felicidades a la chura Tarija! 
 Hoy celebramos con orgullo y emoción a una tierra noble, valiente y generosa. Una tierra que nos regala paisajes que enamoran, vino… Ver más"
Laura Luisa Nayar,https://www.facebook.com/luisanayars,no,2019-07-29,37000,109,2025-07-07,post,https://www.facebook.com/share/p/1Y23v8mpKB/,20,4,153,125,25,0,0,0,0,3,En la Comisión de Autonomías de la Cámara de Diputados aprobamos los proyectos de ley de delimitación de límites intradepartamentales de los departamentos de #Cochabamb… Ver más
