nombre perfil,url perfil,candidato identificado,creación del perfil,seguidores,seguidos,fecha post,url post,comparticiones,comentarios,reacciones en total,me gusta,me encanta,me divierte,me entristece,me sorprende,me enoja,me importa,contenido
YHISSEL MARISOL DAVALO LANCEA,https://www.facebook.com/nenita.savedra.7,sí,,1470,0,2025-01-05,https://www.facebook.com/share/p/1FNR1hKxww/,0,0,7,6,0,1,0,0,0,0,
YHISSEL MARISOL DAVALO LANCEA,https://www.facebook.com/nenita.savedra.7,sí,,1470,0,2025-01-15,https://www.facebook.com/share/p/1ExbZmJBFh/,1,0,1,1,0,0,0,0,0,0,
YHISSEL MARISOL DAVALO LANCEA,https://www.facebook.com/nenita.savedra.7,sí,,1470,0,2025-03-19,2025-03-19,0,0,0,0,0,0,0,0,0,0,
YHISSEL MARISOL DAVALO LANCEA,https://www.facebook.com/nenita.savedra.7,sí,,1470,0,2025-03-30,https://www.facebook.com/share/p/1Bt9j1Cmu2/,1,5,18,14,1,3,0,0,0,0,
YHISSEL MARISOL DAVALO LANCEA,https://www.facebook.com/nenita.savedra.7,sí,,1470,0,2025-04-01,https://www.facebook.com/share/p/16PGHjYmEU/,0,13,109,68,39,0,0,0,0,2,
YHISSEL MARISOL DAVALO LANCEA,https://www.facebook.com/nenita.savedra.7,sí,,1470,0,2025-04-29,https://www.facebook.com/share/p/1Bqi686tXi/,1,0,4,3,1,0,0,0,0,0,
YHISSEL MARISOL DAVALO LANCEA,https://www.facebook.com/nenita.savedra.7,sí,,1470,0,2025-04-30,https://www.facebook.com/share/p/15kVLAK2tu/,0,22,148,98,47,0,0,0,0,3,"Gracias por tu enseñanza Por cada palabra, cada gesto, cada sacrificio. Gracias por mostrarme el camino y darme la fuerza para seguir tus pasos. Eres mi ejemplo y mi inspiración "
YHISSEL MARISOL DAVALO LANCEA,https://www.facebook.com/nenita.savedra.7,sí,,1470,0,2025-05-17,https://www.facebook.com/share/p/16aJJJtHPu/,0,0,10,8,2,0,0,0,0,0,
YHISSEL MARISOL DAVALO LANCEA,https://www.facebook.com/nenita.savedra.7,sí,,1470,0,2025-05-20,/reel/1211029474004322/?s=single_unit&__cft__[0]=AZU_pSPpUXh5wJgWFw0URJoBRpV6mVHMFONxCciVEobRNXQHs3dSRYKStSD9xBowYtZ7aUU-obHw3Kghco6iTIVZicMsu3Po0DKuimIdpUxHMuj4LKMyj3eq7nFE-bapOAI92TjmOW7uqwFjSurlLkd3GzdVnKqe3uedcKS5QnnzswL9wf0-MUzVDF3VmCw2O8I&__tn__=H-R,0,0,0,0,0,0,0,0,0,0,¡Iniciamos nuestra campaña electoral rumbo a la presidencia con más de 15 mil personas que confian en la renovación y en la Patria!
YHISSEL MARISOL DAVALO LANCEA,https://www.facebook.com/nenita.savedra.7,sí,,1470,0,2025-05-20,/reel/1095847119235925/?s=single_unit&__cft__[0]=AZWnpFwrgC6VPF-cbQgC99fCLVQ7FiK5UpuJNuRhqwDiqZP93-uurrjUx7GZydRZjv0CFmjBK6z1gNQMo8veXNA-_LCqJT7aYpW7zTOXWWXb2iKKtWbPgFsLhuQATbuLsbejQ14AlB8lgWJ4El-wu_sw_x_ZlxkU6YGRhQf96n7yXSq2jFS7GAWqJoIVjtLbzO8&__tn__=H-R,0,0,0,0,0,0,0,0,0,0,🤍💙💙🤍💙💙🤍
YHISSEL MARISOL DAVALO LANCEA,https://www.facebook.com/nenita.savedra.7,sí,,1470,0,2025-05-20,https://www.facebook.com/share/p/1C7Zxqdgtx/,2,2,7,6,1,0,0,0,0,0,
YHISSEL MARISOL DAVALO LANCEA,https://www.facebook.com/nenita.savedra.7,sí,,1470,0,2025-05-20,https://www.facebook.com/share/p/18yWAPZsHP/,1,3,11,6,4,0,0,0,0,1,
YHISSEL MARISOL DAVALO LANCEA,https://www.facebook.com/nenita.savedra.7,sí,,1470,0,2025-05-22,https://www.facebook.com/share/p/1C59dC5BAX/,0,0,3,2,1,0,0,0,0,0,
YHISSEL MARISOL DAVALO LANCEA,https://www.facebook.com/nenita.savedra.7,sí,,1470,0,2025-05-27,https://www.facebook.com/share/p/16F2wRAoQA/,0,8,37,6,0,0,31,0,0,0,
YHISSEL MARISOL DAVALO LANCEA,https://www.facebook.com/nenita.savedra.7,sí,,1470,0,2025-05-27,https://www.facebook.com/share/p/16YjgDjfH2/,0,12,30,5,1,0,24,0,0,0,
YHISSEL MARISOL DAVALO LANCEA,https://www.facebook.com/nenita.savedra.7,sí,,1470,0,2025-05-27,https://www.facebook.com/share/p/1EzYzcMJo3/,1,0,4,4,0,0,0,0,0,0,
YHISSEL MARISOL DAVALO LANCEA,https://www.facebook.com/nenita.savedra.7,sí,,1470,0,2025-06-04,/reel/697530973042452/?s=single_unit&__cft__[0]=AZXo_09saX0OmKJqNOoz7SGnvSiQQs-gq_NMIFIhWw0LrD_UButicK5AMR8a483m3H3OJXJvK29tBYSXmz94HvChtPoGmixocvGZRBbV1qlm_PD66_88NGy4FBaDm5lVVkQ6OxcndoZdp-NIzPOXl4jIpuE94bu3kDndqvK9-tX_Nrzi2Az1nljBraAAKqtmuxE&__tn__=H-R,0,0,0,0,0,0,0,0,0,0,A todas las familias bolivianas...
YHISSEL MARISOL DAVALO LANCEA,https://www.facebook.com/nenita.savedra.7,sí,,1470,0,2025-06-05,https://www.facebook.com/share/p/15fRZUbXwJ/,0,0,2,1,1,0,0,0,0,0,"Mi hermoso portachuelo,"
