name,posts publicados,seguidores,siguiendo,comentarios obtenidos,posts compartidos,me gusta,me encanta,me divierte,me entristece,me enoja,me sorprende,me importa,reacciones en total,candidato identificado,url del perfil,creación de perfil
Maria Galindo,248,238000,0,6816,8388,38406,7796,3468,186,1907,1634,527,58293,no,https://www.facebook.com/profile.php?id=100008591051800,2025-05-28
Lilibeth Coimbra ,192,63000,0,9397,8841,36758,5313,9879,3080,1246,1255,369,61967,no,https://www.facebook.com/LilibethCoimbra1,2025-05-27
Sayuri Loza,192,56000,0,1895,6751,25740,7595,9219,6276,4135,1693,890,59473,no,https://www.facebook.com/sayuri.loza,2025-05-30
Andrea Cabrera Zambrana ,185,11000,1500,294,317,1971,425,310,72,57,50,43,2954,no,https://www.facebook.com/andrea.cabrera.1023611,2025-06-01
Capiguara Libertaria,182,15157,0,1394,3086,9707,1443,1235,229,379,145,128,13304,no,https://www.facebook.com/luisita.balbian,2025-06-02
Nadia Beller,180,22000,0,1714,13960,18193,2745,5791,2123,2570,1348,604,34567,no,https://www.facebook.com/nadia.beller.5,2025-05-30
Mamás Sororas de Bolivia ,180,0,0,614,2367,3281,646,445,252,254,51,66,5330,no,https://www.facebook.com/MamasSororasBolivia,2025-05-19
Melania Torrico,152,20000,2800,1358,358,1478,206,1170,129,234,101,24,4353,no,https://www.facebook.com/melania.pericon,2025-05-27
Coordinadora de la Mujer - Observatorio de Género BO,141,22000,190,207,1310,3553,531,29,3,1,6,42,4418,no,https://www.facebook.com/CoordinadoraBO,2025-05-19
Roxana Duchên,132,61000,0,29813,77963,104225,15334,147175,1019,525,1556,1261,358227,no,https://www.facebook.com/RoxanaDuchenn,2025-05-27
Nelly Flores,122,0,0,73,17,138,13,3,0,0,1,1,161,no,https://www.facebook.com/profile.php?id=100049763891374,2025-06-02
Sara Andrea,121,148000,5,7068,10166,52136,4412,14193,1195,964,1294,341,78075,no,https://www.facebook.com/sarahandreabolivia,2025-05-28
Jimena Antelo,111,354000,125,7202,1486,9910,1159,5733,170,1053,329,80,19416,no,https://www.facebook.com/JimenaAnteloOficial,2025-05-27
Erika J. Rivera,107,5300,331,45,115,413,74,1,4,2,1,2,509,no,https://www.facebook.com/erikajimena.riveravargas,2025-05-28
Susana Bejarano,70,7900,0,1872,1043,5882,678,732,510,237,387,148,8495,no,https://www.facebook.com/profile.php?id=772515640,2025-05-29
Por la vida de las mujeres,65,16000,122,70,237,757,189,46,88,86,12,25,1392,no,https://www.facebook.com/Porlavidadelasmujeres.Bolivia,2025-05-19
Jhanisse V. Daza,63,9321,0,213,555,1989,585,6,57,10,15,47,3308,no,https://www.facebook.com/jhanisse,2025-06-02
Natalia Aparicio,55,7200,0,240,168,1151,281,54,35,27,17,29,1938,no,https://www.facebook.com/la.aparicioooo,2025-05-28
Dimelza Rodriguez Quinsamolle,55,2700,13,249,608,451,63,105,6,13,3,5,873,no,https://www.facebook.com/profile.php?id=61570121371268,2025-05-27
Jeanine Añez,53,380000,39,15759,5830,32932,4116,4801,4249,1878,386,804,54938,no,https://www.facebook.com/jeanineanezc,2025-05-30
Cinthia Guidi,53,4599,0,68,6813,9343,303,348,221,117,134,41,10746,no,https://www.facebook.com/profile.php?id=100089615726605,2025-06-02
Ana Lucía Velasco,49,2000,0,295,132,670,219,132,66,28,41,21,1399,no,https://www.facebook.com/anavelascou,2025-05-29
Víctimas de Feminicidio e Infanticidio Bolivia ,42,15000,61,415,1777,1085,43,9,1618,1457,172,9,4409,no,https://www.facebook.com/profile.php?id=100064532303161,2025-05-19
Carola Antezana,40,577,0,178,28,452,220,15,10,27,12,35,791,no,https://www.facebook.com/carola.a.pantoja,2025-05-29
El Confesionario UCB ,31,29000,76,249,60,739,52,358,32,32,231,4,1472,no,https://www.facebook.com/profile.php?id=100063830662612,2025-05-19
La Pesada Subversiva ,26,5400,6,287,319,809,482,81,4,9,3,66,1455,no,https://www.facebook.com/LaPesadaSubversiva,2025-05-19
Andrea Vaca Barbery ,25,38000,48,110,353,1175,310,3,3,0,0,20,1511,no,https://www.facebook.com/andreavacabarbery,2025-05-27
Rubi Garcia,18,15000,0,77,185,305,18,18,29,0,7,2,447,no,https://www.facebook.com/rubi.garcia.360686/,2025-05-27
Walaichas WASAS ,11,1700,18,208,970,750,587,120,209,12,2,24,1704,no,https://www.facebook.com/profile.php?id=100082900523964,2025-05-19
Clau Pami'sh Rzy ,8,4100,0,239,260,372,53,55,2,50,8,11,551,no,https://www.facebook.com/pamizapatachu/,2025-05-27
Cunumis Feministas ,8,1800,0,4,5,22,10,0,0,0,0,0,32,no,https://www.facebook.com/profile.php?id=100064855967374#,2025-05-19
Warmi Pachakuti ,5,341,0,4,33,88,41,0,0,1,0,5,135,no,https://www.facebook.com/warmi.pachakuti,2025-05-27
Red LB Bol ,4,3900,93,1,6,33,21,0,0,0,0,2,56,no,https://www.facebook.com/red.lbbol,2025-05-19
Sonia Montaño,3,0,0,36,1,104,65,0,0,0,0,18,187,no,https://www.facebook.com/sonia.montano.2016,2025-05-27
Sofi Rojas,1,0,0,0,0,0,0,0,0,0,0,0,0,no,https://www.facebook.com/sofi.rojas99,2025-06-02
