name,posts publicados,seguidores,siguiendo,comentarios obtenidos,posts compartidos,me gusta,me encanta,me divierte,me entristece,me enoja,me sorprende,me importa,reacciones en total,candidato identificado,url del perfil,creación de perfil
Maria Galindo,408,238000,0,13995,14170,45906,9489,4556,196,1964,1735,622,112441,no,https://www.facebook.com/profile.php?id=100008591051800,2025-05-28
Nadia Beller,364,22000,0,3453,25424,18733,2802,6206,2126,2573,1380,610,68349,no,https://www.facebook.com/nadia.beller.5,2025-05-30
Sayuri Loza,281,56000,0,2826,8413,27395,7702,11166,6885,4146,1882,911,84733,no,https://www.facebook.com/sayuri.loza,2025-05-30
Mamás Sororas de Bolivia ,271,0,0,913,6865,3874,697,464,392,372,78,84,7983,no,https://www.facebook.com/MamasSororasBolivia,2025-05-19
Capiguara Libertaria,243,15157,0,2057,4405,12227,1742,1655,234,494,192,148,20922,no,https://www.facebook.com/luisita.balbian,2025-06-02
Lilibeth Coimbra ,236,63000,0,12111,10511,39392,5433,10997,3152,1424,1418,386,79034,no,https://www.facebook.com/LilibethCoimbra1,2025-05-27
Andrea Cabrera Zambrana ,231,11000,1500,375,432,2241,460,335,80,92,53,46,3515,no,https://www.facebook.com/andrea.cabrera.1023611,2025-06-01
Jimena Antelo,204,354000,125,12357,2227,11382,1228,6859,176,1392,369,95,31981,no,https://www.facebook.com/JimenaAnteloOficial,2025-05-27
Coordinadora de la Mujer - Observatorio de Género BO,201,22000,190,298,1610,3772,549,33,3,1,7,47,5364,no,https://www.facebook.com/CoordinadoraBO,2025-05-19
Sara Andrea,191,148000,5,16534,22680,61239,5938,15386,1658,972,1352,427,180162,no,https://www.facebook.com/sarahandreabolivia,2025-05-28
Erika J. Rivera,191,5300,331,86,216,433,79,1,4,10,4,2,1015,no,https://www.facebook.com/erikajimena.riveravargas,2025-05-28
Melania Torrico,177,20000,2800,1544,404,1528,209,1381,130,245,101,24,4905,no,https://www.facebook.com/melania.pericon,2025-05-27
Roxana Duchên,174,61000,0,40801,109068,106025,15403,149670,1057,527,1572,1278,529997,no,https://www.facebook.com/RoxanaDuchenn,2025-05-27
Nelly Flores,154,0,0,86,18,138,13,3,0,0,1,1,179,no,https://www.facebook.com/profile.php?id=100049763891374,2025-06-02
Susana Bejarano,150,7900,0,4096,2144,6268,683,793,514,268,403,149,16915,no,https://www.facebook.com/profile.php?id=772515640,2025-05-29
Quya Reyna ,134,8800,0,6034,9379,9909,2561,1898,225,384,217,322,34658,no,https://www.facebook.com/quya.reyna,2025-05-28
Sofi Rocha,109,8000,2000,1684,3566,4220,935,317,86,229,71,67,7910,no,https://www.facebook.com/sofi.rocha.12,2025-05-27
Ana Lucía Velasco,103,2000,0,713,292,737,238,132,81,29,54,21,3002,no,https://www.facebook.com/anavelascou,2025-05-29
Natalia Aparicio,100,7200,0,548,426,1454,312,110,35,32,24,34,4002,no,https://www.facebook.com/la.aparicioooo,2025-05-28
Jeanine Añez,99,380000,39,30249,10798,34919,4459,5019,4270,1936,398,844,103580,no,https://www.facebook.com/jeanineanezc,2025-05-30
ROSA TATIANA AÑEZ CARRASCO,98,4100,0,71,423,1120,151,2,4,0,0,6,1527,sí,https://www.facebook.com/tatiana.anez.92,2025-05-28
Cinthia Guidi,90,4599,0,85,7718,10603,358,401,239,153,146,48,11969,no,https://www.facebook.com/profile.php?id=100089615726605,2025-06-02
Jhanisse V. Daza,89,9321,0,295,648,1989,585,6,57,10,15,47,4436,no,https://www.facebook.com/jhanisse,2025-06-02
Por la vida de las mujeres,81,16000,122,71,256,757,189,46,88,86,12,25,1475,no,https://www.facebook.com/Porlavidadelasmujeres.Bolivia,2025-05-19
PAOLA LORENA BARRIGA MACHICAO,80,8600,0,305,1227,2413,674,41,119,179,96,129,3692,sí,https://www.facebook.com/paola.barriga.104,2025-05-28
VALENTINA VERONICA LLANOS BARRON,74,1100,458,4,15,23,0,0,0,1,0,0,24,sí,https://www.facebook.com/valentinaveronica.llanosbarron.3/,2025-05-28
Dimelza Rodriguez Quinsamolle,73,2700,13,329,716,557,68,109,9,18,3,8,1225,no,https://www.facebook.com/profile.php?id=61570121371268,2025-05-27
PATRICIA MAGIN ARANCIBIA IBAÑEZ,71,2500,501,125,146,488,50,16,0,2,0,3,597,sí,https://www.facebook.com/patriciamagin.arancibiaibanez,2025-05-28
Víctimas de Feminicidio e Infanticidio Bolivia ,71,15000,61,725,2905,1099,43,9,1723,1537,174,9,7493,no,https://www.facebook.com/profile.php?id=100064532303161,2025-05-19
CARMEN SOLEDAD CHAPETON TANCARA,68,6000,468,153,253,762,119,11,23,10,11,13,955,sí,https://www.facebook.com/soledad.chapetontancara,2025-05-29
Carola Antezana,68,577,0,233,45,474,234,15,10,27,12,38,1170,no,https://www.facebook.com/carola.a.pantoja,2025-05-29
AZUCENA ALEJANDRA FUERTES MAMANI,67,9700,0,591,153,1681,283,171,31,40,12,238,2459,sí,https://www.facebook.com/AzucenaFuertesPotosi,2025-05-29
LUCIANA MICHELLE CAMPERO CHAVEZ,62,11000,0,1647,3199,7636,1537,115,74,809,216,118,10258,sí,https://www.facebook.com/lu.camperochavez,2025-06-02
Justicia Por Las Niñas ,61,7100,3300,1281,6859,3565,402,32,2053,3009,392,138,9969,no,https://www.facebook.com/justicia.ninos,2025-05-19
PAULA PAXI SUXO,59,168,0,9,8,82,5,4,0,0,2,0,73,sí,https://www.facebook.com/profile.php?id=100076489905888,2025-05-30
El Confesionario UCB ,57,29000,76,402,96,766,52,370,33,33,268,5,2177,no,https://www.facebook.com/profile.php?id=100063830662612,2025-05-19
DIANA PATRICIA PAPUTSAKIS BURGOS,56,5900,0,78,56,531,112,2,14,0,0,6,816,sí,https://www.facebook.com/patricia.paputsakisburgos,2025-06-02
EVA LUZ HUMEREZ ALVEZ,56,6000,3400,96,40,630,294,48,9,13,2,13,1012,sí,https://www.facebook.com/eva.luz.humerez/,2025-05-28
SILVIA MOLLER CHOQUE,54,0,0,12,5,53,3,2,0,0,0,3,75,sí,https://www.facebook.com/silvia.mollerchoque,2025-05-27
Nadia Montaño,53,13000,1900,346,189,190,35,4,0,0,1,2,2594,no,https://www.facebook.com/nadiamontanortiz,2025-05-29
MARIA ESTHER GONGORA MIRANDA,53,1400,0,44,39,225,34,0,9,3,0,2,298,sí,https://www.facebook.com/mariaestherasambleista,2025-05-27
MAGDALENA MOGRO LACUNZA,53,1000,2200,37,10,90,22,0,1,0,0,0,113,sí,https://www.facebook.com/magda.mogrolacunza,2025-05-30
La Pesada Subversiva ,53,5400,6,647,708,851,512,81,4,9,3,73,3368,no,https://www.facebook.com/LaPesadaSubversiva,2025-05-19
DANIELA CABRERA GUILLEN,51,7000,100,2691,5421,16610,150,145,61,27,46,19,17071,sí,https://www.facebook.com/DanielaCabreraConcejal,2025-05-27
Ciberwarmis - Mujeres ayudando a mujeres,50,11000,347,50,352,59,54,0,0,0,0,14,944,no,https://www.facebook.com/Ciberwarmis.bo,2025-05-23
MARIA BERTHA GUTIERREZ MENDOZA,50,0,0,62,51,470,85,23,42,14,5,59,714,sí,https://www.facebook.com/mariabertha.gutierrezmendoza,2025-06-02
CAROLINA ALIZON CHINO NICOLAS,46,6600,0,12,7,52,29,6,0,0,1,3,101,sí,https://www.facebook.com/carolinaalizon.chinonicolas/,2025-05-27
ANDREA BRUNA BARRIENTOS SAHONERO,45,20000,82,606,496,1788,195,651,80,175,38,15,3274,sí,https://www.facebook.com/AndreaBarrientosCC,2025-06-01
MARIA KHALINE MORENO CARDENAS,45,20000,182,239,364,1313,387,72,6,15,0,29,1957,sí,https://www.facebook.com/profile.php?id=100048470096823,2025-06-02
Mauro Landivar ,44,31000,181,3795,10383,6115,927,581,75,837,265,26,15250,no,https://www.facebook.com/profile.php?id=61552708002190,2025-05-28
Feminismo Comunitario Antipatriarcal,43,34000,123,24,153,144,0,0,2,0,2,0,331,no,https://www.facebook.com/feminismo.comunitario.Antipatriarcal,2025-05-19
ERICKA CHAVEZ AGUILERA,43,508,232,177,445,471,128,0,0,0,0,19,886,sí,https://www.facebook.com/erickachavezc45,2025-05-28
SILVANA MUCARZEL DEMETRY,42,9100,93,696,967,4098,880,32,8,152,95,48,5313,sí,https://www.facebook.com/silvanamucarzelconcejal/,2025-06-01
MARILU EUGENIA RAMOS MAMANI,42,0,0,0,0,1,0,0,0,0,0,0,1,sí,https://www.facebook.com/maria.eugenia.ramos.mamani.2025,2025-05-27
Rosario Callejas,42,9200,82,346,771,2434,171,111,21,24,8,25,821,no,https://www.facebook.com/RosarioCallejasConcejalGremial,2025-05-15
ROSS MARY BRAVO SALAZAR,40,0,0,23,29,310,19,4,0,3,1,1,307,sí,https://www.facebook.com/RBSVGR/,2025-05-28
Roxana Pérez,40,19000,265,328,332,317,34,6,7,9,4,19,670,no,https://www.facebook.com/RoxanaPerezDelCastillo,2025-05-19
Rolando Schrupp,40,6439,0,252,191,730,25,124,5,7,4,2,2471,no,https://www.facebook.com/RolandoSchrupp,2025-06-02
Mueres Creando,39,63000,67,57,165,541,47,10,7,2,3,13,400,no,https://www.facebook.com/MUJERESCREANDO1,2025-05-19
Miguel Calderon,39,292,0,27,13,44,0,27,0,1,0,0,108,no,https://www.facebook.com/miguel.calderongalindo,2025-06-03
CECILIA ISABEL REQUENA ZARATE,38,4500,160,58,831,829,47,1,20,126,14,27,1166,sí,https://www.facebook.com/CeciliaRequenaZarate,2025-05-30
Angirü Bolivia ,37,4900,0,4,19,45,0,0,0,0,0,1,152,no,https://www.facebook.com/ColectivoAngiru,2025-05-19
LORENA ANAIZ PEREZ DAVALOS,36,7000,0,8,19,110,44,8,1,1,1,0,162,sí,https://www.facebook.com/lorena.a.davalos,2025-05-27
YESENIA YARHUI ALBINO,33,11000,231,14392,63430,50125,1801,2062,182,1655,492,112,54805,sí,https://www.facebook.com/yarhuiyesenia,2025-05-28
FABIOLA SIRPA LLUSCO,30,3000,0,4,5,17,0,13,0,0,0,0,30,sí,https://www.facebook.com/fabiola.sirpallusco,2025-05-28
Rubi Garcia,29,15000,0,249,1102,305,18,18,29,0,7,2,1249,no,https://www.facebook.com/rubi.garcia.360686/,2025-05-27
Melisa Ibarra,29,58316,0,394,144,0,0,0,0,0,0,0,1926,no,https://www.facebook.com/melisa.ibarrarosario.5,2025-06-11
Andrea Vaca Barbery ,28,38000,48,131,403,1175,310,3,3,0,0,20,1943,no,https://www.facebook.com/andreavacabarbery,2025-05-27
MARLENE FERNANDEZ MEJIAS,28,59,0,4,34,32,10,0,1,0,0,0,44,sí,https://www.facebook.com/profile.php?id=61570246115119,2025-05-27
YHISSEL MARISOL DAVALO LANCEA,25,2600,657,85,8,237,99,4,79,0,0,6,401,sí,https://www.facebook.com/nenita.savedra.7,2025-06-02
Wikimedistas de Bolivia,24,4300,0,1,47,5,0,0,0,0,0,0,96,no,https://www.facebook.com/wikimedistasdebolivia,2025-05-19
YENNY NADYA CLADERA SAENZ,24,0,0,233,321,565,94,6,2,3,10,13,980,sí,https://www.facebook.com/yenny.claderasaenz/,2025-05-27
Salvaginas ,23,9600,431,0,29,26,1,0,0,0,0,1,56,no,https://www.facebook.com/ecofeministasBolivia,2025-05-19
Carla Sandy Claure ,23,10000,0,253,125,66,2,58,1,16,11,2,495,no,https://www.facebook.com/carla.sandy.007,2025-05-28
Walaichas WASAS ,22,1700,18,416,1942,750,587,120,209,12,2,24,3408,no,https://www.facebook.com/profile.php?id=100082900523964,2025-05-19
Articulación Feminista Wañuchun Machocracia ,22,5600,29,7,84,0,0,0,0,0,0,0,190,no,https://www.facebook.com/articulacionfeministacochabamba,2025-05-19
ELIANA RINA ACOSTA QUISPE,21,0,0,76,32,230,51,9,0,0,1,2,309,sí,https://www.facebook.com/eliana.acosta.3150,2025-05-27
Pan y Rosas Bolivia,20,10000,256,80,309,0,0,0,0,0,0,0,672,no,https://www.facebook.com/panyrosasdebolivia,2025-05-19
Paola Aguirre ,19,56000,19,1770,747,1453,419,4,1,0,0,25,3397,no,https://www.facebook.com/paolaaguirremelgar,2025-05-19
Silvana Mucarzel,18,9100,93,357,446,343,48,3,2,3,18,10,101,no,https://www.facebook.com/silvanamucarzelconcejal,2025-05-19
María Patricia Arce,18,32000,16,115,81,355,15,27,75,15,17,0,239,no,https://www.facebook.com/PatriciaArceSitioOficial,2025-05-15
Juventudes Liberales Bolivia ,17,2400,150,15,8,55,5,6,1,0,1,0,89,no,https://www.facebook.com/juventudliberalbolivia,2025-05-28
Jaime Dunn - Santa Cruz,17,1100,0,16,125,33,8,0,0,0,0,0,188,no,https://www.facebook.com/ActivismoLibertario,2025-05-27
Cunumis Feministas ,16,1800,0,8,16,22,10,0,0,0,0,0,65,no,https://www.facebook.com/profile.php?id=100064855967374#,2025-05-19
Clau Pami'sh Rzy ,15,4100,0,317,368,397,56,55,2,50,8,12,798,no,https://www.facebook.com/pamizapatachu/,2025-05-27
TOMASA YARHUI JACOME,14,2100,65,7,4,83,10,2,0,0,0,1,115,sí,https://www.facebook.com/TomasaYarhuiJ,2025-05-30
Andres Ortega,14,6300,0,23,38,233,15,10,0,1,5,1,265,no,https://www.facebook.com/pensardiferente,2025-05-28
Laura Luisa Nayar,14,38000,106,251,237,416,115,9,0,0,0,10,1145,no,https://www.facebook.com/luisanayars,2025-05-15
KARINA PATRICIA LIEBERS CACERES,13,208,0,111,21,386,181,2,0,0,0,14,506,sí,https://www.facebook.com/karinalc3,2025-05-27
Mochas Copleras,13,5200,96,2,45,0,0,0,0,0,0,0,163,no,https://www.facebook.com/mochas.copleras,2025-05-19
DIANA ROCIO ROSALES MAMANI,12,711,0,0,0,5,6,2,0,0,0,0,13,sí,https://www.facebook.com/diana.mamani.967,2025-05-28
NATTY ELIZABETH FLORES VERASTEGUI,12,5100,0,53,2,511,150,0,11,0,1,23,768,sí,https://www.facebook.com/natty.floresverastegi,2025-05-27
CLAUDIA MALLON VARGAS,12,5000,58,9,7,16,4,1,0,0,0,0,25,sí,https://www.facebook.com/ClauMallon/,2025-06-02
LUCILA MENDIETA PEREZ,12,389,0,0,5,6,0,0,2,0,0,2,10,sí,https://www.facebook.com/lucila.mendietaperez,2025-05-28
Maria Rene Alvarez ,12,22000,266,52,345,119,0,2,3,49,13,1,274,no,https://www.facebook.com/MReneAlvarezScz,2025-05-15
Red LB Bol ,11,3900,93,3,12,50,30,0,0,0,0,4,112,no,https://www.facebook.com/red.lbbol,2025-05-19
Yessica Villarroel Caraballo,11,1832,0,0,4,6,0,2,0,0,0,0,48,no,https://www.facebook.com/yessica.villaroelcaraballo,2025-06-02
JESSICA ANNE JORDAN BURTON,11,0,0,152,12,214,127,7,2,0,0,67,417,sí,https://www.facebook.com/jessicajordanb,2025-06-01
Warmi Pachakuti ,10,341,0,8,59,88,41,0,0,1,0,5,249,no,https://www.facebook.com/warmi.pachakuti,2025-05-27
MARINA ISABEL CACHAMBI ALVAREZ,9,636,15,346,397,1351,205,25,0,0,0,10,1591,sí,https://www.facebook.com/profile.php?id=100063933884078,2025-05-27
Batalla Cultural.Bo,9,7000,0,358,1026,2216,53,32,0,6,10,3,2320,no,https://www.facebook.com/profile.php?id=61574943372897,2025-05-29
Andrea Barrientos,7,20000,82,130,46,177,29,120,3,13,0,1,332,no,https://www.facebook.com/AndreaBarrientosCC,2025-05-15
TORIBIA LERO QUISPE,7,192,0,36,58,73,4,0,23,5,2,4,111,sí,https://www.facebook.com/toribia.leroquispe,2025-05-27
Luciana Campero,7,11000,0,296,155,343,78,2,2,28,27,4,1462,no,https://www.facebook.com/lu.camperochavez,2025-05-15
Adriana Salvatierra,7,243000,4,3594,809,912,242,204,1,9,3,67,14687,no,https://www.facebook.com/Adriana1989sa,2025-05-27
Joshua Bellot,5,6800,1700,24,4,126,16,6,0,0,0,1,120,no,https://www.facebook.com/joshua.bellott,2025-05-28
CLAUDIA ALIDA SALAS TAMBARE,5,48,0,53,13,163,59,0,0,0,0,2,318,sí,https://www.facebook.com/claudiaalida.salastambare,2025-05-28
FELIPA RAMOS MAMANI,5,0,0,26,0,10,0,0,1,0,2,0,13,sí,https://www.facebook.com/felipa.ramosmamani.9,2025-05-28
Omarth Luna,4,4700,0,3,5,14,3,26,0,0,0,0,0,no,https://www.facebook.com/OmarthLuna/,2025-05-27
MARY ISABEL DEL LLANO ARCHONDO,4,0,0,17,1,68,59,0,0,0,0,5,132,sí,https://www.facebook.com/mary.delllano,2025-06-01
Sonia Montaño,3,0,0,36,1,104,65,0,0,0,0,18,187,no,https://www.facebook.com/sonia.montano.2016,2025-05-27
Revuelta Malcriada,3,6900,41,0,6,11,0,2,0,1,0,0,19,no,https://www.facebook.com/ninasmalcriadasbolivia,2025-05-19
YOLANDA YHARSINA RENGIFO MUR,3,604,55,0,0,5,4,0,0,0,0,0,9,sí,https://www.facebook.com/people/Yharsina-Rengifo-Diputada-por-Chuquisaca/100064235523785/,2025-05-28
SHIRLEY MALDONADO ALVAREZ,2,0,0,2,1,44,10,0,0,0,0,0,54,sí,https://www.facebook.com/profile.php?id=61576562194155,2025-05-28
Sofi Rojas,1,0,0,0,0,0,0,0,0,0,0,0,0,no,https://www.facebook.com/sofi.rojas99,2025-06-02
Allele,1,931,19,0,5,0,0,0,0,0,0,0,24,no,https://www.facebook.com/AleleenBolivia,2025-05-27
Daniela Cabrera,1,7000,100,0,0,0,0,0,0,0,0,0,13,no,https://www.facebook.com/DanielaCabreraConcejal,2025-05-15
Jorge Copa,1,3800,263,0,0,0,0,0,0,0,0,0,0,no,https://www.facebook.com/jorge.copa.716,2025-05-27
Frente LIBRE ,1,1300,84,0,1,2,0,0,0,0,0,0,2,no,https://www.facebook.com/FrenteLiberalRepublicano,2025-06-02
Lourdes Chambilla,1,3200,611,3,1,0,0,0,0,0,0,0,25,no,https://www.facebook.com/LuliChambilla,2025-05-19
