nombre perfil,url perfil,snapshot_date,creación del perfil,candidato identificado,seguidores,seguidos,fecha post,tipo de post,url post,comparticiones,comentarios,reacciones en total,me gusta,me encanta,me divierte,me entristece,me sorprende,me enoja,me importa,contenido
Articulación Feminista Wañuchun Machocracia ,https://www.facebook.com/articulacionfeministacochabamba,2025-06-11,2019-10-31,no,5600,0,2025-03-11,post,https://www.facebook.com/share/p/16iHCGzRrS/,2,0,2,0,0,0,0,0,0,0,
Articulación Feminista Wañuchun Machocracia ,https://www.facebook.com/articulacionfeministacochabamba,2025-06-11,2019-10-31,no,5600,0,2025-03-13,post,https://www.facebook.com/share/p/1ENfCBZadb/,57,2,12,0,0,0,0,0,0,0,Hermanas ayudemos a que Rumi vuelva a casa… Ver más
Articulación Feminista Wañuchun Machocracia ,https://www.facebook.com/articulacionfeministacochabamba,2025-06-11,2019-10-31,no,5600,0,2025-03-13,post,https://www.facebook.com/share/p/15uzXses5X/,3,0,9,0,0,0,0,0,0,0,"Atención hermanas 
… Ver más"
Articulación Feminista Wañuchun Machocracia ,https://www.facebook.com/articulacionfeministacochabamba,2025-06-11,2019-10-31,no,5600,0,2025-03-18,post,https://www.facebook.com/share/p/151fcJVwPcx/,0,0,5,0,0,0,0,0,0,0,
Articulación Feminista Wañuchun Machocracia ,https://www.facebook.com/articulacionfeministacochabamba,2025-06-11,2019-10-31,no,5600,0,2025-03-21,post,https://www.facebook.com/share/p/1YafHiWa2p/,2,0,11,0,0,0,0,0,0,0,"HOY!!!!
PLANTÓN DE PROTESTA!!!
Co… Ver más"
Articulación Feminista Wañuchun Machocracia ,https://www.facebook.com/articulacionfeministacochabamba,2025-06-11,2019-10-31,no,5600,0,2025-04-01,post,https://www.facebook.com/share/p/1AdEvSK9iC/,0,0,3,0,0,0,0,0,0,0," SOLIDARIDAD CON NUESTRAS COMPAÑERAS 
… Ver más"
Articulación Feminista Wañuchun Machocracia ,https://www.facebook.com/articulacionfeministacochabamba,2025-06-11,2019-10-31,no,5600,0,2025-04-02,post,https://www.facebook.com/share/p/1A9LQhUNoP/,1,0,6,0,0,0,0,0,0,0,"#NoHuboDaño #FuimosTodas 
#AnulaciónDeLalmputación… Ver más"
Articulación Feminista Wañuchun Machocracia ,https://www.facebook.com/articulacionfeministacochabamba,2025-06-11,2019-10-31,no,5600,0,2025-04-02,post,,1,2,26,0,0,0,0,0,0,0,
Articulación Feminista Wañuchun Machocracia ,https://www.facebook.com/articulacionfeministacochabamba,2025-06-11,2019-10-31,no,5600,0,2025-04-02,post,https://www.facebook.com/share/p/1AtJk7SU8a/,0,0,0,0,0,0,0,0,0,0,"#NoHuboDaño #FuimosTodas 
#AnulaciónDeLalmputación… Ver más"
Articulación Feminista Wañuchun Machocracia ,https://www.facebook.com/articulacionfeministacochabamba,2025-06-11,2019-10-31,no,5600,0,2025-04-02,post,https://www.facebook.com/share/p/1BR8VLHzQb/,0,0,5,0,0,0,0,0,0,0,"#NoHuboDaño #FuimosTodas 
#AnulaciónDeLalmputación… Ver más"
Articulación Feminista Wañuchun Machocracia ,https://www.facebook.com/articulacionfeministacochabamba,2025-06-11,2019-10-31,no,5600,0,2025-04-02,post,https://www.facebook.com/share/p/15SNqYHTDy/,0,0,7,0,0,0,0,0,0,0,"#NoHuboDaño #FuimosTodas 
#AnulaciónDeLalmputación… Ver más"
Articulación Feminista Wañuchun Machocracia ,https://www.facebook.com/articulacionfeministacochabamba,2025-06-11,2019-10-31,no,5600,0,2025-04-04,post,https://www.facebook.com/share/p/1Fyg7S8T27/,1,0,7,0,0,0,0,0,0,0,
Articulación Feminista Wañuchun Machocracia ,https://www.facebook.com/articulacionfeministacochabamba,2025-06-11,2019-10-31,no,5600,0,2025-04-07,post,https://www.facebook.com/share/p/15PnQfMvEf/,2,2,10,0,0,0,0,0,0,0,
Articulación Feminista Wañuchun Machocracia ,https://www.facebook.com/articulacionfeministacochabamba,2025-06-11,2019-10-31,no,5600,0,2025-04-07,post,https://www.facebook.com/share/p/1AvgnW8LcG/,0,1,10,0,0,0,0,0,0,0,
Articulación Feminista Wañuchun Machocracia ,https://www.facebook.com/articulacionfeministacochabamba,2025-06-11,2019-10-31,no,5600,0,2025-04-09,post,https://www.facebook.com/share/p/1S2r3KttBv/,0,0,8,0,0,0,0,0,0,0,"Compañeras apoyo para que sea ley!
Los derechos de nuestras wawas no se negocian
… Ver más"
Articulación Feminista Wañuchun Machocracia ,https://www.facebook.com/articulacionfeministacochabamba,2025-06-11,2019-10-31,no,5600,0,2025-04-10,post,https://www.facebook.com/articulacionfeministacochabamba/posts/pfbid0qmTubssy9rsRKwi8JorBA8U3GbhtZRynJZcGEb4JkBBXkUCF3zxwixYNdHw7vs6Xl,0,0,0,0,0,0,0,0,0,0,
Articulación Feminista Wañuchun Machocracia ,https://www.facebook.com/articulacionfeministacochabamba,2025-06-11,2019-10-31,no,5600,0,2025-04-11,post,https://www.facebook.com/share/p/1AoDSNRbiB/,0,0,2,0,0,0,0,0,0,0,
Articulación Feminista Wañuchun Machocracia ,https://www.facebook.com/articulacionfeministacochabamba,2025-06-11,2019-10-31,no,5600,0,2025-04-14,post,https://www.facebook.com/articulacionfeministacochabamba/posts/pfbid03akzAqjv6uwSK4yLMJmB41Giyzu1zrfjB9eqQWwyDK4YMexiLkQSBpriLnM135Hal,0,0,6,0,0,0,0,0,0,0,"Memoria Verdad y Justicia
#Guerradelagua"
Articulación Feminista Wañuchun Machocracia ,https://www.facebook.com/articulacionfeministacochabamba,2025-06-11,2019-10-31,no,5600,0,2025-04-15,post,https://www.facebook.com/share/p/1EqLSE1mqm/,0,0,2,0,0,0,0,0,0,0,#Memoriaverdadyjusticia #Guerradelagua
Articulación Feminista Wañuchun Machocracia ,https://www.facebook.com/articulacionfeministacochabamba,2025-06-11,2019-10-31,no,5600,0,2025-04-20,post,https://www.facebook.com/share/p/1CVgVoxQaR/,4,0,7,0,0,0,0,0,0,0,
Articulación Feminista Wañuchun Machocracia ,https://www.facebook.com/articulacionfeministacochabamba,2025-06-11,2019-10-31,no,5600,0,2025-04-25,post,https://www.facebook.com/share/p/195MYEvRFV/,2,0,5,0,0,0,0,0,0,0,"HOY!!!!!!
Llamado desde Gaza a los pueblos del mundo… Ver más"
Articulación Feminista Wañuchun Machocracia ,https://www.facebook.com/articulacionfeministacochabamba,2025-06-11,2019-10-31,no,5600,0,2025-05-01,post,https://www.facebook.com/share/p/16RmPyArhV/,9,0,47,0,0,0,0,0,0,0,
