nombre perfil,url perfil,snapshot_date,creación del perfil,candidato identificado,seguidores,seguidos,fecha post,tipo de post,url post,comparticiones,comentarios,reacciones en total,me gusta,me encanta,me divierte,me entristece,me sorprende,me enoja,me importa,contenido
Maria Rene Alvarez ,https://www.facebook.com/MReneAlvarezScz,2025-05-22,2019-08-04,no,22000,270,2025-05-15,post,https://www.facebook.com/share/v/1CC9bfwCFc/,29,12,,0,0,0,0,0,0,0,Vamos a legislar y fiscalizar a este movimiento criminal que ha llevado al Estado a un momento de crisis que duele como país.… Ver más
Maria Rene Alvarez ,https://www.facebook.com/MReneAlvarezScz,2025-05-22,2019-08-04,no,22000,270,2025-05-21,post,https://www.facebook.com/share/p/1AegKJp4Sf/,10,3,,37,0,0,0,1,0,0,"Hay diputados que durante toda la gestión legislativa pactaron con el masismo y cedieron a aprobar todo tipo de leyes, sobre todo de créditos, a cambio de promesas vací… Ver más"
Maria Rene Alvarez ,https://www.facebook.com/MReneAlvarezScz,2025-05-23,2019-08-04,no,22000,270,2025-05-21,post,https://www.facebook.com/share/p/1Htpzeh3XE/,10,3,,37,0,0,0,1,0,0,"Hay diputados que durante toda la gestión legislativa pactaron con el masismo y cedieron a aprobar todo tipo de leyes, sobre todo de créditos, a cambio de promesas vací… Ver más"
Maria Rene Alvarez ,https://www.facebook.com/MReneAlvarezScz,2025-05-23,2019-08-04,no,22000,270,2025-05-21,post,https://www.facebook.com/share/v/16KZzuB8W1/,56,4,,11,0,2,2,8,37,0,En Pando se está comenzando a aplicar un sistema de restricción al más puro estilo del comunismo. … Ver más
Maria Rene Alvarez ,https://www.facebook.com/MReneAlvarezScz,2025-06-02,2019-08-04,no,22000,270,2025-05-26,post,https://www.facebook.com/share/v/1FJgqwe3eo/,148,6,,34,0,0,1,3,12,1,Tremenda confesión de los interculturales: fueron ellos los que pidieron un decreto supremo al Gobierno para beneficio de sus ilegales asentamientos dentro de las reser… Ver más
Maria Rene Alvarez ,https://www.facebook.com/MReneAlvarezScz,2025-06-02,2019-08-04,no,22000,270,2025-05-26,post,https://www.facebook.com/share/p/1AcA7HX8Xn/,52,3,,0,0,0,0,0,0,0,"Se ha marcado un importante hito y jurisprudencia para la defensa de los territorios indígenas, con la sentencia 0935/2024-S3 del TCP que devuelve sus derechos al puebl… Ver más"
Maria Rene Alvarez ,https://www.facebook.com/MReneAlvarezScz,2025-06-02,2019-08-04,no,22000,270,2025-06-01,post,https://www.facebook.com/MReneAlvarezScz/posts/pfbid02cRAApvEVWNMBrzaRzDCx5G3wErCLXKbV1VmaNnMBaWRKxJDYxuMFfRfFvGb2mv1xl,6,7,,0,0,0,0,0,0,0,"El análisis de la coyuntura electoral en Bolivia también debe pasar por una renovación de criterios. Por eso, hoy hay que destacar a Fernando Hurtado en el set de la red Unitel, pues salió del análisis que quiere dividir al país entre masistas y no masistas.
Como mencionó, el votante debe buscar a aquel político que le dé soluciones sin caer en etiquetas, como la raza, que tanto daño nos ha hecho como país. Un paciente enfermo busca … Ver más"
Maria Rene Alvarez ,https://www.facebook.com/MReneAlvarezScz,2025-06-10,2019-08-04,no,22000,270,2025-06-03,post,https://www.facebook.com/share/p/16fQHkRAmH/,4,3,16,0,0,0,0,0,0,0,Bolivia no debe caer en el engaño  estos socialistas y terroristas que pretenden ganar tiempo y suspender las elecciones porque se debe entender que ese es su fin.… Ver más
Maria Rene Alvarez ,https://www.facebook.com/MReneAlvarezScz,2025-06-10,2019-08-04,no,22000,270,2025-06-04,post,https://www.facebook.com/share/p/16SkG4vRYs/,12,1,63,0,0,0,0,0,0,0,"CARTA PÚBLICA A
LUIS ARCE CATACORA
Señor Luis Arce Catacora, presidente del Estado Plurinacional:… Ver más"
Maria Rene Alvarez ,https://www.facebook.com/MReneAlvarezScz,2025-06-10,2019-08-04,no,22000,270,2025-06-06,post,https://www.facebook.com/share/p/16b8LVEYsP/,13,8,80,0,0,0,0,0,0,0,"La presentación nuestro libro ""La Guerra del Fuego: incendios forestales y segunda reforma agraria"" fue un éxito, gracias a la participación de destacadas personalidade… Ver más"
Maria Rene Alvarez ,https://www.facebook.com/MReneAlvarezScz,2025-06-10,2019-08-04,no,22000,270,2025-06-08,post,https://www.facebook.com/share/p/19aU3SM4pE/,4,2,60,0,0,0,0,0,0,0,"Estamos presentes en la Feria Internacional del Libro de Santa Cruz, apoyando a nuestros escritores cruceños y su aporte a las letras de Bolivia.… Ver más"
Maria Rene Alvarez ,https://www.facebook.com/MReneAlvarezScz,2025-06-10,2019-08-04,no,22000,270,2025-06-10,post,https://www.facebook.com/share/p/1AXh9LkRXv/,1,0,55,0,0,0,0,0,0,0,"Felicito al virtual binomio ganador de las elecciones en la UAGRM, que tendrá el reto de llevar a la principal casa de estudios superiores de Santa Cruz a un nuevo tiem… Ver más"
Maria Rene Alvarez ,https://www.facebook.com/MReneAlvarezScz,2025-06-23,2019-08-04,no,22000,270,2025-06-16,post,https://www.facebook.com/share/p/1CFjbHPpUX/,9,1,30,26,0,0,0,2,2,0,"El audio que involucra al exministro de Justicia con un consorcio judicial que opera desde el Ejecutivo, vulnerando la independencia entre los órganos del Estado, confi… Ver más"
Maria Rene Alvarez ,https://www.facebook.com/MReneAlvarezScz,2025-06-23,2019-08-04,no,22000,270,2025-06-16,post,https://www.facebook.com/share/v/16PKfLx7Dn/,2,5,14,10,4,0,0,0,0,0,"### **
 #LaBoliviaDelFuturo con #AlianzaLibre**  
 **Tuto Quiroga (Presidente) + JP Velasco (Vicepresidente)**  
 … Ver más"
Maria Rene Alvarez ,https://www.facebook.com/MReneAlvarezScz,2025-06-23,2019-08-04,no,22000,270,2025-06-17,post,https://www.facebook.com/share/p/18eWHXzu3n/,6,0,35,35,0,0,0,0,0,0,"El masismo ha llevado sus pugnas y su angurria de poder al Órgano Judicial, porque sabe que le queda poco tiempo en el poder y ya comenzó a perder su influencia en la administración de justicia.
Los magistrados electos por voto, a diferencia de los usurpadores autoprorrogados, en su mayoría ya no responden al ""instrumento"" y por eso buscarán cualquier excusa para tratar de destituirlos uno a uno, para reemplazarlos con sus consorcios… Ver más"
Maria Rene Alvarez ,https://www.facebook.com/MReneAlvarezScz,2025-06-23,2019-08-04,no,22000,270,2025-06-18,post,https://www.facebook.com/share/p/1CGoMyR2eT/,6,4,49,45,3,1,0,0,0,0,La era de oscuridad del masismo va quedando atrás y ese partido que tanto daño le ha hecho al país tiene los meses contados.… Ver más
Maria Rene Alvarez ,https://www.facebook.com/MReneAlvarezScz,2025-06-23,2019-08-04,no,22000,270,2025-06-19,post,https://www.facebook.com/share/p/1CFw3bGMNy/,9,48,386,271,103,0,0,0,0,12,Si me subestimas.... Te mostraré de que estoy hecha!!!… Ver más
Maria Rene Alvarez ,https://www.facebook.com/MReneAlvarezScz,2025-06-23,2019-08-04,no,22000,270,2025-06-23,post,https://www.facebook.com/share/p/1AVuE1H9ko/,48,1,71,47,8,0,0,2,14,0,"¡Alto a la intromisión de Irán en Bolivia!
E… Ver más"
Maria Rene Alvarez ,https://www.facebook.com/MReneAlvarezScz,2025-06-23,2019-08-04,no,22000,270,2025-06-23,post,https://www.facebook.com/share/v/16QbVTiKWD/,2,0,8,6,2,0,0,0,0,0,Nuestro pueblo es trabajador y su pujanza no tiene barreras. La Feria Exposición de San Ignacio de Velasco - FEXPOSIV 2025 se desarrollará del 23 al 24 de julio bajo el… Ver más
Maria Rene Alvarez ,https://www.facebook.com/MReneAlvarezScz,2025-07-01,2019-08-04,no,22000,270,2025-06-24,post,https://www.facebook.com/share/v/16oti36geY/,65,5,101,75,6,0,0,17,2,1,¡ATENCIÓN! … Ver más
Maria Rene Alvarez ,https://www.facebook.com/MReneAlvarezScz,2025-07-01,2019-08-04,no,22000,270,2025-06-25,post,https://www.facebook.com/share/p/1DeLBAtRDD/,24,19,143,116,25,0,0,0,0,2,"Estuvimos presentes en el Foro Agropecuario organizado por la Cámara Agropecuaria del Oriente (CAO), que invitó a los candidatos presidenciales para escuchar sus propue… Ver más"
Maria Rene Alvarez ,https://www.facebook.com/MReneAlvarezScz,2025-07-01,2019-08-04,no,22000,270,2025-06-26,post,https://www.facebook.com/share/p/19JJJ9Pe9R/,8,5,107,82,24,0,0,0,1,0," ¡La #NuevaBolivia está en marcha! 
  
Ho… Ver más"
Maria Rene Alvarez ,https://www.facebook.com/MReneAlvarezScz,2025-07-01,2019-08-04,no,22000,270,2025-06-27,post,https://www.facebook.com/share/p/1AgdNSK5eJ/,7,3,39,36,3,0,0,0,0,0, ¿CRÉDITO PARA EL INRA: SEGURIDAD JURÍDICA O MÁS AVASALLAMIENTOS?… Ver más
Maria Rene Alvarez ,https://www.facebook.com/MReneAlvarezScz,2025-07-01,2019-08-04,no,22000,270,2025-06-28,post,https://www.facebook.com/share/v/16kBaKf9e8/,44,4,50,34,0,0,7,2,7,0,Pretenden volver a quemar nuestros bosques. Agosto es un mes crucial para ellos y coincide con las elecciones.… Ver más
Maria Rene Alvarez ,https://www.facebook.com/MReneAlvarezScz,2025-07-01,2019-08-04,no,22000,270,2025-06-30,post,https://www.facebook.com/share/p/19P4tvFARN/,12,1,22,16,0,0,0,2,4,0,"Deberían vigilar de cerca a los verdaderos responsables: los criminales que año tras año incendian nuestros bosques. Son ellos los que arrasan con la naturaleza, destru… Ver más"
Maria Rene Alvarez ,https://www.facebook.com/MReneAlvarezScz,2025-07-01,2019-08-04,no,22000,270,2025-07-01,post,https://www.facebook.com/share/p/16DGhU5EoG/,0,0,15,12,3,0,0,0,0,0, ¡Una tarde de emprendimiento y tradición! … Ver más
