nombre perfil,url perfil,snapshot_date,creación del perfil,candidato identificado,seguidores,seguidos,fecha post,tipo de post,url post,comparticiones,comentarios,reacciones en total,me gusta,me encanta,me divierte,me entristece,me sorprende,me enoja,me importa,contenido
CARMEN ROSA SANDOVAL CASTRO,https://www.facebook.com/carmenrosa.sandovalcastro,2025-06-24,,no,1700,0,2025-06-19,post,https://www.facebook.com/carmenrosa.sandovalcastro/posts/pfbid02JX264wdhw2nXw1RGqPWaiDLumH4bGywA3cwYMHmup1tFruRQCiqzigGuSwbQAB5rl,0,0,0,0,0,0,0,0,0,0,
CARMEN ROSA SANDOVAL CASTRO,https://www.facebook.com/carmenrosa.sandovalcastro,2025-06-24,,no,1700,0,2025-06-21,post,https://www.facebook.com/share/p/1EgUvsZwvr/,0,0,0,0,0,0,0,0,0,0,
CARMEN ROSA SANDOVAL CASTRO,https://www.facebook.com/carmenrosa.sandovalcastro,2025-06-24,,no,1700,0,2025-06-23,post,https://www.facebook.com/carmenrosa.sandovalcastro/posts/pfbid02Xf63HAB46aZvYYzgHjGWfigzanXEgVfwTUJNCLAzoizzMTFvR2psAX3FZrwobswdl,0,0,1,0,1,0,0,0,0,0,Mary Sandoval Castro
CARMEN ROSA SANDOVAL CASTRO,https://www.facebook.com/carmenrosa.sandovalcastro,2025-07-02,,no,1700,0,2025-06-30,post,https://www.facebook.com/share/p/19NDjWcxw1/,0,0,0,0,0,0,0,0,0,0,
CARMEN ROSA SANDOVAL CASTRO,https://www.facebook.com/carmenrosa.sandovalcastro,2025-07-08,,no,1700,0,2025-06-30,post,https://www.facebook.com/share/p/1AdKZ7jxso/,0,0,0,0,0,0,0,0,0,0,
CARMEN ROSA SANDOVAL CASTRO,https://www.facebook.com/carmenrosa.sandovalcastro,2025-07-15,,no,1700,0,2025-07-12,post,https://www.facebook.com/share/p/15LRKVSKn2/,0,0,0,0,0,0,0,0,0,0,
