nombre perfil,url perfil,creación del perfil,seguidores,seguidos,fecha post,url post,comparticiones,reacciones en total,me gusta,me encanta,me divierte,me entristece,me sorprende,me enoja,me importa,contenido
Mueres Creando,https://www.facebook.com/MUJERESCREANDO1,2010-07-25,63000,67,2025-05-16,not-found-post-url--495305,0,0,0,0,0,0,0,0,0,
Mueres Creando,https://www.facebook.com/MUJERESCREANDO1,2010-07-25,63000,67,2025-05-19,https://www.facebook.com/share/p/16U26PCJsA/,18,0,0,0,0,0,0,0,0,
Mueres Creando,https://www.facebook.com/MUJERESCREANDO1,2010-07-25,63000,67,2025-05-19,https://www.facebook.com/share/p/1GN1UBnj1Q/,5,90,80,3,1,2,1,1,2,
Mueres Creando,https://www.facebook.com/MUJERESCREANDO1,2010-07-25,63000,67,2025-05-21,not-found-post-url-321286,0,0,0,0,0,0,0,0,0,28 de mayo/18hrs PARANINFO UMSA
Mueres Creando,https://www.facebook.com/MUJERESCREANDO1,2010-07-25,63000,67,2025-05-21,https://www.facebook.com/share/p/1YbNg7W7tG/,8,141,135,5,0,0,0,0,1,
Mueres Creando,https://www.facebook.com/MUJERESCREANDO1,2010-07-25,63000,67,2025-05-23,not-found-post-url--433160,0,0,0,0,0,0,0,0,0,
