nombre perfil,url perfil,creación del perfil,seguidores,seguidos,fecha post,url post,comparticiones,reacciones en total,me gusta,me encanta,me divierte,me entristece,me sorprende,me enoja,me importa,contenido
Mueres Creando,https://www.facebook.com/MUJERESCREANDO1,2010-07-25,63000,67,2025-05-26,https://www.facebook.com/share/p/1BwC19EU9P/,17,,56,8,6,0,1,0,0,
Mueres Creando,https://www.facebook.com/MUJERESCREANDO1,2010-07-25,63000,67,2025-05-26,https://www.facebook.com/share/p/16k8fUahPZ/,0,,0,0,0,0,0,0,0,
Mueres Creando,https://www.facebook.com/MUJERESCREANDO1,2010-07-25,63000,67,2025-05-29,https://www.facebook.com/share/p/1Y3wcpeEgM/,1,,0,0,0,0,0,0,0,"𝐑𝐄𝐂𝐎𝐍𝐒𝐓𝐑𝐔𝐂𝐂𝐈𝐎́𝐍 𝐑𝐀𝐃𝐈𝐀𝐋 𝐅𝐈𝐄𝐋 𝐄𝐍 𝐁𝐀𝐒𝐄 𝐀 𝐋𝐀𝐒 𝐀𝐂𝐓𝐀𝐒 𝐃𝐄 𝐋𝐎 𝐐𝐔𝐄 𝐅𝐔𝐄 𝐋𝐀 𝐃𝐄𝐂𝐋𝐀𝐑𝐀𝐂𝐈𝐎́𝐍 𝐃𝐄 𝐌𝐀𝐑𝐈𝐀𝐍𝐀 𝐏𝐑𝐀𝐃𝐎 𝐀 𝐅𝐀𝐕𝐎𝐑 𝐃𝐄𝐋 𝐅𝐄𝐌𝐈𝐍𝐈𝐂𝐈𝐃𝐀 𝐖𝐈𝐋𝐋𝐈𝐀𝐌 𝐊𝐔𝐒𝐇𝐍𝐄𝐑. (𝟐𝟎𝟏𝟖)
𝐋𝐚 𝐪𝐮𝐞 𝐟𝐮𝐞 𝐦𝐢𝐧𝐢𝐬𝐭𝐫𝐚 𝐞𝐧 𝐞𝐬… Ver más"
Mueres Creando,https://www.facebook.com/MUJERESCREANDO1,2010-07-25,63000,67,2025-05-29,https://www.facebook.com/share/p/12GaVUfaRvG/,1,,0,0,0,0,0,0,0,
Mueres Creando,https://www.facebook.com/MUJERESCREANDO1,2010-07-25,63000,67,2025-05-30,https://www.facebook.com/share/p/16ScFoZjoR/,4,,0,0,0,0,0,0,0,
Mueres Creando,https://www.facebook.com/MUJERESCREANDO1,2010-07-25,63000,67,2025-05-31,https://www.facebook.com/share/p/1Ao7eztsb6/,0,,0,0,0,0,0,0,0,
Mueres Creando,https://www.facebook.com/MUJERESCREANDO1,2010-07-25,63000,67,2025-05-31,https://www.facebook.com/share/p/1PU2jPPVDf/,4,,22,4,0,3,0,0,0,Descolonizando nuestros estomagos:… Ver más
Mueres Creando,https://www.facebook.com/MUJERESCREANDO1,2010-07-25,63000,67,2025-06-02,https://www.facebook.com/share/p/15ULcsrf47/,56,,48,22,2,0,0,0,7,"DESPUÉS DE 10 ANOS DE LUCHA!!! 
SENTENCIA EJECUTORIADA CONTRA KUSHNER… Ver más"
