nombre perfil,url perfil,candidato identificado,creación del perfil,seguidores,seguidos,fecha post,tipo de post,url post,comparticiones,comentarios,reacciones en total,me gusta,me encanta,me divierte,me entristece,me sorprende,me enoja,me importa,contenido
BLANCA TUEROS SUAREZ,https://www.facebook.com/BlancaTuerosDiputadac49,no,2021-08-27,165,124,2025-07-29,post,https://www.facebook.com/share/v/16zLBPms1z/,32,0,7,6,1,0,0,0,0,0,"Haciendo conocer las propuestas de la candidata puerta a puerta en la circunscripción 49
#blancatueros #ManfredPresidente #juancarlosmedranoconcejal #VotaMorado #ElFuturoEsAhora"
BLANCA TUEROS SUAREZ,https://www.facebook.com/BlancaTuerosDiputadac49,no,2021-08-27,165,124,2025-07-29,post,https://www.facebook.com/share/p/1AzookztLw/,12,0,8,5,3,0,0,0,0,0,"Salud para todos, Hospital Ontológico, atención Digna.
#blancatueros #ManfredPresidente #juancarlosmedranoconcejal #VotaMorado #ElFuturoEsAhora"
BLANCA TUEROS SUAREZ,https://www.facebook.com/BlancaTuerosDiputadac49,no,2021-08-27,165,124,2025-07-29,post,https://www.facebook.com/share/v/1AyKVDNscX/,65,0,15,10,4,1,0,0,0,0,"llegamos a los barrios de la circunscripcion 49 haciendo conocer las propuestas.
@llokallayimilla2… Ver más"
BLANCA TUEROS SUAREZ,https://www.facebook.com/BlancaTuerosDiputadac49,no,2021-08-27,165,124,2025-07-29,post,https://www.facebook.com/share/p/16gW1Jzn25/,11,0,9,6,3,0,0,0,0,0,"Súmate este 17 de agosto, por un futuro mejor, el Cambio es ahora.
#blancatueros #ManfredPresidente #juancarlosmedranoconcejal #ElFuturoEsAhora #VotaMorado"
BLANCA TUEROS SUAREZ,https://www.facebook.com/BlancaTuerosDiputadac49,no,2021-08-27,165,124,2025-07-29,post,https://www.facebook.com/share/v/1DJAPskiv3/,37,0,5,4,1,0,0,0,0,0,"Confraternización y presentación de propuestas del distrito 12, 13 y 14
#blancatueros #juancarlosmedranoconcejal #ManfredPresidente #VotaMorado #ElFuturoEsAhora"
BLANCA TUEROS SUAREZ,https://www.facebook.com/BlancaTuerosDiputadac49,no,2021-08-27,165,124,2025-07-29,post,https://www.facebook.com/share/p/171KoEGuXB/,3,0,5,4,1,0,0,0,0,0,"solo faltan 19 dias para el cambio,ven sumate este 17 de Agosto
#blancatueros #ManfredPresidente #juancarlosmedranoconcejal #VotaMorado #ElFuturoEsAhora"
BLANCA TUEROS SUAREZ,https://www.facebook.com/BlancaTuerosDiputadac49,no,2021-08-27,165,124,2025-07-30,post,https://www.facebook.com/share/p/19GRiELKep/,3,0,8,8,0,0,0,0,0,0,"Hospital Geriátrico, salud para personas de la tercera edad.
#blancatueros #ManfredPresidente #juancarlosmedranoconcejal #VotaMorado #ElFuturoEsAhora"
BLANCA TUEROS SUAREZ,https://www.facebook.com/BlancaTuerosDiputadac49,no,2021-08-27,165,124,2025-07-30,post,https://www.facebook.com/share/v/177rBgR849/,16,0,9,7,2,0,0,0,0,0,"Visitando casa a casa en el distrito 12, haciendo conocer las propuestas.
#blancatueros #ManfredPresidente #juancarlosmedranoconcejal #VotaMorado #ElFuturoEsAhora"
BLANCA TUEROS SUAREZ,https://www.facebook.com/BlancaTuerosDiputadac49,no,2021-08-27,165,124,2025-07-31,post,https://www.facebook.com/share/p/1Ek8muMr3H/,1,0,9,7,2,0,0,0,0,0,"Solo falta 17 Días para el gran día, el futuro es ahora.
#blancatueros #ManfredPresidente #juancarlosmedranoconcejal #VotaMorado #ElFuturoEsAhora"
BLANCA TUEROS SUAREZ,https://www.facebook.com/BlancaTuerosDiputadac49,no,2021-08-27,165,124,2025-08-01,post,https://www.facebook.com/share/p/1AqdXCCYe1/,1,0,6,6,0,0,0,0,0,0,Transmisión en vivo: Primer Debate Presidencial 2025 desde Santa Cruz – viernes 1 de agosto de 2025 #blancatueros #ManfredPresidente
BLANCA TUEROS SUAREZ,https://www.facebook.com/BlancaTuerosDiputadac49,no,2021-08-27,165,124,2025-08-01,post,https://www.facebook.com/share/p/1B4FgFAw3y/,29,0,7,6,1,0,0,0,0,0,"Con propuestas claras, vamos a transformar Santa Cruz. #ManfredPresidente #BlancaDiputada #SantaCruz"
BLANCA TUEROS SUAREZ,https://www.facebook.com/BlancaTuerosDiputadac49,no,2021-08-27,165,124,2025-08-01,post,https://www.facebook.com/share/v/19DrB87KBr/,34,0,8,5,3,0,0,0,0,0,"Visitamos barrio el Guapurú, haciendo conocer nuestras propuestas.
#blancatueros #ManfredPresidente #juancarlosmedranoconcejal #VotaMorado #ElFuturoEsAhora"
BLANCA TUEROS SUAREZ,https://www.facebook.com/BlancaTuerosDiputadac49,no,2021-08-27,165,124,2025-08-01,post,https://www.facebook.com/share/p/16yojE3U96/,11,0,7,7,0,0,0,0,0,0,"recuperemos Bolivia ven y sumate este 17 de Agosto 
#blancatueros #ManfredPresidente #juancarlosmedranoconcejal #VotaMorado #ElFuturoEsAhora"
BLANCA TUEROS SUAREZ,https://www.facebook.com/BlancaTuerosDiputadac49,no,2021-08-27,165,124,2025-08-02,post,https://www.facebook.com/share/v/1B3d4K9cKF/,79,0,6,5,1,0,0,0,0,0,"Doble de renta dignidad para personas de la tercera edad.
#blancatueros #ManfredPresidente #juancarlosmedranoconcejal #VotaMorado #ElFuturoEsAhora"
BLANCA TUEROS SUAREZ,https://www.facebook.com/BlancaTuerosDiputadac49,no,2021-08-27,165,124,2025-08-02,post,https://www.facebook.com/share/v/19e128RyuX/,59,1,9,7,2,0,0,0,0,0,"C-49 presente y apoyando a nuestro candidato a presidente Manfred Reyes Villa en el primer Debate presidencial 2025.
#blancatueros #ManfredPresidente #juancarlosmedrano… Ver más"
BLANCA TUEROS SUAREZ,https://www.facebook.com/BlancaTuerosDiputadac49,no,2021-08-27,165,124,2025-08-02,post,https://www.facebook.com/share/p/1Bk8suHphF/,11,0,9,7,2,0,0,0,0,0,"Sola faltan 15 días para el desarrollo de nuestra Bolivia, vota por cambiar, el futuro es ahora.
#blancatueros #ManfredPresidente #juancarlosmedranoconcejal #VotaMorado #ElFuturoEsAhora"
BLANCA TUEROS SUAREZ,https://www.facebook.com/BlancaTuerosDiputadac49,no,2021-08-27,165,124,2025-08-03,post,https://www.facebook.com/share/p/1Cyy1myNge/,10,0,4,4,0,0,0,0,0,0,"El 17 de Agosto es el gran día para sacar de la crisis a Bolivia, Súmate vota por el morado.
#blancatueros #ManfredPresidente #juancarlosmedranoconcejal #VotaMorado #ElFuturoEsAhora"
BLANCA TUEROS SUAREZ,https://www.facebook.com/BlancaTuerosDiputadac49,no,2021-08-27,165,124,2025-08-03,post,2025-08-03,0,1,11,0,0,0,0,0,0,0,BLANCA TUEROS DIPUTADA UNINOMINAL C-49
BLANCA TUEROS SUAREZ,https://www.facebook.com/BlancaTuerosDiputadac49,no,2021-08-27,165,124,2025-08-03,post,https://www.facebook.com/share/p/19sDQaD3XJ/,21,0,7,6,1,0,0,0,0,0,"Sola faltan 14 días para el cambio.
Tu futuro es ahora.… Ver más"
BLANCA TUEROS SUAREZ,https://www.facebook.com/BlancaTuerosDiputadac49,no,2021-08-27,165,124,2025-08-03,post,https://www.facebook.com/share/v/16R4kDsmSo/,0,0,7,0,0,0,0,0,0,0,"Hoy en Barrio Betania entregamos trofeo y poleras al campamento del Barrio.
#blancatueros #ManfredPresidente #juancarlosmedranoconcejal #VotaMorado #ElFuturoEsAhora"
BLANCA TUEROS SUAREZ,https://www.facebook.com/BlancaTuerosDiputadac49,no,2021-08-27,165,124,2025-08-03,post,https://www.facebook.com/share/v/1AeTixZKsG/,50,0,2,2,0,0,0,0,0,0,"Ley corta para derecho propietario, y un Hospital Geriátrico para el circunscripción 49
#blancatueros #ManfredPresidente #juancarlosmedranoconcejal #ElFuturoEsAhora #VotaMorado"
BLANCA TUEROS SUAREZ,https://www.facebook.com/BlancaTuerosDiputadac49,no,2021-08-27,165,124,2025-08-04,post,https://www.facebook.com/share/v/16tsnyjKXT/,20,0,3,3,0,0,0,0,0,0,Visitando los Barrios.… Ver más
BLANCA TUEROS SUAREZ,https://www.facebook.com/BlancaTuerosDiputadac49,no,2021-08-27,165,124,2025-08-04,post,https://www.facebook.com/share/v/1AdZagLHQN/,29,0,3,2,1,0,0,0,0,0,"""¡Un gesto de amor y solidaridad!… Ver más"
BLANCA TUEROS SUAREZ,https://www.facebook.com/BlancaTuerosDiputadac49,no,2021-08-27,165,124,2025-08-04,post,https://www.facebook.com/share/p/179zLNbw7Z/,2,0,4,3,1,0,0,0,0,0,"Bolivia es ahora, este 17 de Agosto 
#blancatueros #blancadiputada #SantaCruz #Bolivia"
BLANCA TUEROS SUAREZ,https://www.facebook.com/BlancaTuerosDiputadac49,no,2021-08-27,165,124,2025-08-04,post,https://www.facebook.com/share/p/1A5WbaTo2W/,21,0,3,2,1,0,0,0,0,0,Contamos con las mejores propuestas para mejorar Santa Cruz. #blancatueros #ManfredPresidente #BlancaDiputada #SantaCruz #Bolivia
BLANCA TUEROS SUAREZ,https://www.facebook.com/BlancaTuerosDiputadac49,no,2021-08-27,165,124,2025-08-05,post,https://www.facebook.com/share/v/1ZoQdygEwa/,39,0,2,2,0,0,0,0,0,0,"En solo 12 días podemos comenzar a transformar nuestra historia, una Bolivia mejor, el futuro es ahora. #blancadiputada #VotaMorado #SantaCruz #Bolivia 
#ManfredPresidente #VotaMorado"
BLANCA TUEROS SUAREZ,https://www.facebook.com/BlancaTuerosDiputadac49,no,2021-08-27,165,124,2025-08-05,post,https://www.facebook.com/share/p/1HjrA2opZp/,10,0,3,2,1,0,0,0,0,0,"El pago de la renta dignidad a más de 1 millón de personas está en peligro. Pero Manfred duplicará el pago garantizando el bienestar de nuestros adultos mayores. 
… Ver más"
BLANCA TUEROS SUAREZ,https://www.facebook.com/BlancaTuerosDiputadac49,no,2021-08-27,165,124,2025-08-05,post,https://www.facebook.com/share/p/174nFNxgwr/,10,0,3,3,0,0,0,0,0,0,"Este 17 de Agosto vota morado, vota por el cambio, por una Bolivia mejor.
#blancadiputada #ManfredPresidente #VotaMorado #ElCambioEsAhora #SantaCruz #Bolivia"
BLANCA TUEROS SUAREZ,https://www.facebook.com/BlancaTuerosDiputadac49,no,2021-08-27,165,124,2025-08-05,post,https://www.facebook.com/share/p/17KT7aUsSQ/,10,0,1,1,0,0,0,0,0,0,"Propuesta para los jóvenes, Becas Universitarias, Instituto Tecnológico.
Para un futuro mejor.… Ver más"
BLANCA TUEROS SUAREZ,https://www.facebook.com/BlancaTuerosDiputadac49,no,2021-08-27,165,124,2025-08-05,post,https://www.facebook.com/share/p/14F4yiDDcfz/,0,0,3,3,0,0,0,0,0,0,"El futuro es ahora con Manfred Presidente y Blanca Diputada.
#blancadiputada #ManfredPresidente #VotaMorado #ElCambioEsAhora #SantaCruz #Bolivia"
BLANCA TUEROS SUAREZ,https://www.facebook.com/BlancaTuerosDiputadac49,no,2021-08-27,165,124,2025-08-06,post,https://www.facebook.com/share/v/16uU5Fak6W/,0,0,1,1,0,0,0,0,0,0,"Solo faltan 11 días para que Bolivia tenga un futuro mejor, el cambio es ahora.
#blancatueros #ManfredPresidente #VotaMorado #SantaCruz #Bolivia"
BLANCA TUEROS SUAREZ,https://www.facebook.com/BlancaTuerosDiputadac49,no,2021-08-27,165,124,2025-08-06,post,https://www.facebook.com/share/v/167K87haTW/,0,0,1,1,0,0,0,0,0,0,"Visitamos casa a casa en la circunscripción 49.
#blancadiputada #ManfredPresidente #VotaMorado #SantaCruz #Bolivia"
BLANCA TUEROS SUAREZ,https://www.facebook.com/BlancaTuerosDiputadac49,no,2021-08-27,165,124,2025-08-06,post,https://www.facebook.com/share/v/172gwkAJed/,0,0,0,0,0,0,0,0,0,0,"¡Feliz Bicentenario, querida Bolivia!… Ver más"
