nombre perfil,url perfil,candidato identificado,creación del perfil,seguidores,seguidos,fecha post,tipo de post,url post,comparticiones,comentarios,reacciones en total,me gusta,me encanta,me divierte,me entristece,me sorprende,me enoja,me importa,contenido
MARIA BERTHA GUTIERREZ MENDOZA,https://www.facebook.com/mariabertha.gutierrezmendoza,sí,,0,0,2025-06-25,reel,/reel/1785190309083972/?s=single_unit&__cft__[0]=AZVlgatS7dGSGeiovfaVGfOhSzli9z5eu-5aktQO0IBwZuk1mHpIlUrfXMGy4Ky22Zh_ShaW9YaW7jW5eOtxzjHb467ZPteCfQEgHv2VOxgYFqd2i_GCNTDBHqdQa08F5ZYE6aBqQfLFmBLjOcSh_uHB3bgl756HoAPbGN0lt8U2rj7zf82wvWPUvd0DfyBqoI0&__tn__=H-R,0,0,0,0,0,0,0,0,0,0,
MARIA BERTHA GUTIERREZ MENDOZA,https://www.facebook.com/mariabertha.gutierrezmendoza,sí,,0,0,2025-06-27,reel,/reel/1894427091291899/?s=single_unit&__cft__[0]=AZVAKTlSZdZUU7D1Rb8Az6QVhJBkYDvsIKxTztLjVc27WxFGsGWKLQiAHgV65Tjwx3UYo8fUQjg0RBg9tvMax1qoewK3M1Ics9qqF75kO2hFmRGBDH_S1FjR6VCs_AMtLK06HmFR5mpD8NrKMNLPGqJIfijqnPbPLGA9xycDyzvqUxFQuFGj236eHzdmCSilzzU&__tn__=H-R,0,0,0,0,0,0,0,0,0,0,
MARIA BERTHA GUTIERREZ MENDOZA,https://www.facebook.com/mariabertha.gutierrezmendoza,sí,,0,0,2025-06-30,reel,/reel/1229878491855541/?s=single_unit&__cft__[0]=AZUqJ_KWYI3xzIFXKO-Vt8pf49tIx5Dbnjo7UpqUOe4eI2Dz7N47xlPve8C58k8fSjZmOeCWyG0pLA6WATgFN2MPScXUZFHvIauRVxv-Kskth8dRjUUdfWxUXuS9ZD6wsKLqexjXReLs8qh8gfrIM-ty096CyXAfKcOasFwAlSKF0tCqrnUZ9PBgKnKGTu6cHK4&__tn__=H-R,0,0,0,0,0,0,0,0,0,0,
MARIA BERTHA GUTIERREZ MENDOZA,https://www.facebook.com/mariabertha.gutierrezmendoza,sí,,0,0,2025-07-01,post,https://www.facebook.com/share/1Fwei5qYmG/,2,16,138,118,17,0,0,0,0,3,
MARIA BERTHA GUTIERREZ MENDOZA,https://www.facebook.com/mariabertha.gutierrezmendoza,sí,,0,0,2025-07-01,post,https://www.facebook.com/share/p/15553asxFK/,0,0,10,10,0,0,0,0,0,0,"Una persona como don Guillermo Lopez Elias  quien siempre nos abrió los micrófonos, agradecida con gente como él"
