nombre perfil,url perfil,candidato identificado,creación del perfil,seguidores,seguidos,fecha post,tipo de post,url post,comparticiones,comentarios,reacciones en total,me gusta,me encanta,me divierte,me entristece,me sorprende,me enoja,me importa,contenido
Maria Galindo,https://www.facebook.com/profile.php?id=100008591051800,no,,237000,0,2025-05-22,post,https://www.facebook.com/share/p/16Sjz28mQT/,57,20,712,0,0,0,0,0,0,0,
Maria Galindo,https://www.facebook.com/profile.php?id=100008591051800,no,,237000,0,2025-05-22,post,https://www.facebook.com/share/p/1AbEr61QTY/,30,9,90,0,0,0,0,0,0,0,
Maria Galindo,https://www.facebook.com/profile.php?id=100008591051800,no,,237000,0,2025-05-23,post,https://www.facebook.com/share/p/1EWb6M4p86/,5,0,69,0,0,0,0,0,0,0,
Maria Galindo,https://www.facebook.com/profile.php?id=100008591051800,no,,237000,0,2025-05-23,post,https://www.facebook.com/share/p/1J2jS2uzxy/,41,37,890,0,0,0,0,0,0,0,
Maria Galindo,https://www.facebook.com/profile.php?id=100008591051800,no,,237000,0,2025-05-23,post,https://www.facebook.com/share/p/18vBjDjHKz/,40,62,524,0,0,0,0,0,0,0,"El martes 27 realizaré RADIO DOCUMENTAL en agencia espacial AMACHUMA, necesito apoyo técnico especializado.comunícate conmigo al 72049538 si tienes los conocimientos"
Maria Galindo,https://www.facebook.com/profile.php?id=100008591051800,no,,237000,0,2025-05-23,post,https://www.facebook.com/share/p/1AdWMrXzVp/,65,49,592,0,0,0,0,0,0,0,
Maria Galindo,https://www.facebook.com/profile.php?id=100008591051800,no,,237000,0,2025-05-24,post,https://www.facebook.com/100008591051800/videos/2102174540257689/,36,27,238,0,0,0,0,0,0,0,
Maria Galindo,https://www.facebook.com/profile.php?id=100008591051800,no,,237000,0,2025-05-24,post,https://www.facebook.com/share/p/1Ewi5nLvRW/,38,566,1700,0,0,0,0,0,0,0,"Toribia Lero, Eva Copa y Sayuri Loza rompiendo el monopolio masculino en Harvard. Bien por las tres imillas, antiseñoritas, plebeyas y de sangre roja y no azul."
Maria Galindo,https://www.facebook.com/profile.php?id=100008591051800,no,,237000,0,2025-05-24,post,https://www.facebook.com/share/p/1CX24NQGMF/,14,23,268,0,0,0,0,0,0,0,
Maria Galindo,https://www.facebook.com/profile.php?id=100008591051800,no,,237000,0,2025-05-24,post,https://www.facebook.com/share/p/1AcgWJjyEt/,587,409,3000,0,0,0,0,0,0,0,
Maria Galindo,https://www.facebook.com/profile.php?id=100008591051800,no,,237000,0,2025-05-25,post,https://www.facebook.com/share/p/1ApEdeMWHf/,185,177,1200,0,0,0,0,0,0,0,"Ni libros escritos, ni investigaciones realizadas, ni conocimiento de economía. Q quede claro lo están fumando al andronico con este personaje"
Maria Galindo,https://www.facebook.com/profile.php?id=100008591051800,no,,237000,0,2025-05-25,post,https://www.facebook.com/share/p/1BUkurjsre/,18,32,379,0,0,0,0,0,0,0,
Maria Galindo,https://www.facebook.com/profile.php?id=100008591051800,no,,237000,0,2025-05-25,post,https://www.facebook.com/permalink.php?story_fbid=pfbid0cTTbRgwLBqGhppyx9iSNDoidvo2xaMwCPykNuvm1vfYNFQXrWhHJT6P6LZBfkbFZl&id=100008591051800,68,85,738,0,0,0,0,0,0,0,En temporada de turismo desde Europa a Bolivia BOA incrementa los Pasages en un 40% convirtiendo a Bolivia en un destino caro e inviable por el costo de pasage más caro de la región. Indigna tanta estupid4z
Maria Galindo,https://www.facebook.com/profile.php?id=100008591051800,no,,237000,0,2025-05-25,post,https://www.facebook.com/share/p/16dpJ3Wqzk/,0,0,16,0,0,0,0,0,0,0,
Maria Galindo,https://www.facebook.com/profile.php?id=100008591051800,no,,237000,0,2025-05-25,post,https://www.facebook.com/share/p/1BgnCNpe2b/,15,22,209,0,0,0,0,0,0,0,A propósito de la horto/grafia
Maria Galindo,https://www.facebook.com/profile.php?id=100008591051800,no,,237000,0,2025-05-26,post,https://www.facebook.com/share/p/15bVsKxTqP/,17,0,99,0,0,0,0,0,0,0,
Maria Galindo,https://www.facebook.com/profile.php?id=100008591051800,no,,237000,0,2025-05-26,post,https://www.facebook.com/share/p/19MR2cdKdf/,7,1,57,0,0,0,0,0,0,0,
Maria Galindo,https://www.facebook.com/profile.php?id=100008591051800,no,,237000,0,2025-05-26,post,https://www.facebook.com/share/p/1CQuPiQfbc/,4,4,52,0,0,0,0,0,0,0,
Maria Galindo,https://www.facebook.com/profile.php?id=100008591051800,no,,237000,0,2025-05-26,post,https://www.facebook.com/permalink.php?story_fbid=pfbid0ZydSqYK3gnRSmtUFsR2Xi7XRCSxXkQwVZrv84qgTf7obk3H7qKr5wtq33nfW2cRbl&id=100008591051800,185,4,763,0,0,0,0,0,0,0,
Maria Galindo,https://www.facebook.com/profile.php?id=100008591051800,no,,237000,0,2025-05-26,post,https://www.facebook.com/share/v/1BxqQN1Ca8/,31,63,613,0,0,0,0,0,0,0,
Maria Galindo,https://www.facebook.com/profile.php?id=100008591051800,no,,237000,0,2025-05-26,post,https://www.facebook.com/share/v/19DUQnpTcr/,33,114,429,0,0,0,0,0,0,0,
Maria Galindo,https://www.facebook.com/profile.php?id=100008591051800,no,,237000,0,2025-05-27,post,https://www.facebook.com/share/p/1FQyBXr1Mj/,62,51,445,0,0,0,0,0,0,0,
Maria Galindo,https://www.facebook.com/profile.php?id=100008591051800,no,,237000,0,2025-05-27,post,https://www.facebook.com/share/p/16JBESaxUn/,149,24,563,0,0,0,0,0,0,0,
Maria Galindo,https://www.facebook.com/profile.php?id=100008591051800,no,,237000,0,2025-05-27,post,https://www.facebook.com/share/p/1HWR77qPju/,12,1,117,0,0,0,0,0,0,0,
Maria Galindo,https://www.facebook.com/profile.php?id=100008591051800,no,,237000,0,2025-05-27,post,https://www.facebook.com/share/p/1Buv3sSsBY/,70,109,2400,0,0,0,0,0,0,0,
Maria Galindo,https://www.facebook.com/profile.php?id=100008591051800,no,,237000,0,2025-05-27,post,https://www.facebook.com/share/p/1FQhZEzbgF/,24,10,262,0,0,0,0,0,0,0,
Maria Galindo,https://www.facebook.com/profile.php?id=100008591051800,no,,237000,0,2025-05-27,post,https://www.facebook.com/permalink.php?story_fbid=pfbid02u94Rc6zN7Gyw4UcyfHpQHbvQpg4M28jLvRyAzFnGBgq4potMxxniqMwwKbDbfm85l&id=100008591051800,47,90,637,0,0,0,0,0,0,0,"MARIANA PRADO MINTIENDO EN NO MENTIRAS !!
Fue testigo de kushner haciendo abuso de poder"
Maria Galindo,https://www.facebook.com/profile.php?id=100008591051800,no,,237000,0,2025-05-27,post,https://www.facebook.com/share/p/15iAeTu5m1/,17,5,111,0,0,0,0,0,0,0,
Maria Galindo,https://www.facebook.com/profile.php?id=100008591051800,no,,237000,0,2025-05-27,post,https://www.facebook.com/share/v/18jh3Ni4TN/,54,46,361,0,0,0,0,0,0,0,
Maria Galindo,https://www.facebook.com/profile.php?id=100008591051800,no,,237000,0,2025-05-28,post,https://www.facebook.com/share/p/1F7bvqkG3z/,30,32,719,0,0,0,0,0,0,0,
Maria Galindo,https://www.facebook.com/profile.php?id=100008591051800,no,,237000,0,2025-05-28,post,https://www.facebook.com/share/v/16rxpbHVNh/,123,93,1300,0,0,0,0,0,0,0,
Maria Galindo,https://www.facebook.com/profile.php?id=100008591051800,no,,237000,0,2025-05-28,post,https://www.facebook.com/share/v/1CQp1T5LJJ/,45,45,447,0,0,0,0,0,0,0,
Maria Galindo,https://www.facebook.com/profile.php?id=100008591051800,no,,237000,0,2025-05-28,post,https://www.facebook.com/permalink.php?story_fbid=pfbid035y1yJD5NPwtSTUXa5RFvnjv86gifHRvKjQt7K43DQijUQoQqLoVGfS8Q9cie2VZxl&id=100008591051800,27,25,443,0,0,0,0,0,0,0,
Maria Galindo,https://www.facebook.com/profile.php?id=100008591051800,no,,237000,0,2025-05-28,post,https://www.facebook.com/share/p/195UX8vHUq/,24,12,362,0,0,0,0,0,0,0,
Maria Galindo,https://www.facebook.com/profile.php?id=100008591051800,no,,237000,0,2025-05-29,post,https://www.facebook.com/share/p/1An7hNYR7F/,23,8,134,0,0,0,0,0,0,0,
Maria Galindo,https://www.facebook.com/profile.php?id=100008591051800,no,,237000,0,2025-05-29,post,https://www.facebook.com/share/v/19Ux5bVRKZ/,47,35,661,0,0,0,0,0,0,0,
Maria Galindo,https://www.facebook.com/profile.php?id=100008591051800,no,,237000,0,2025-05-29,post,https://www.facebook.com/share/p/18wh1i8KhA/,26,17,194,0,0,0,0,0,0,0,
Maria Galindo,https://www.facebook.com/profile.php?id=100008591051800,no,,237000,0,2025-05-29,post,https://www.facebook.com/share/p/16SkQoakXM/,21,23,358,0,0,0,0,0,0,0,
Maria Galindo,https://www.facebook.com/profile.php?id=100008591051800,no,,237000,0,2025-05-30,post,https://www.facebook.com/permalink.php?story_fbid=pfbid023S8YtqrfAsEiofEy6F2iuSZcc4JX8ChEkY2AvzTVtaqhqnKt5wkePUuh1GwLjDvdl&id=100008591051800,31,39,453,0,0,0,0,0,0,0,
Maria Galindo,https://www.facebook.com/profile.php?id=100008591051800,no,,237000,0,2025-05-30,post,https://www.facebook.com/share/p/1AjUuepLGy/,19,2,160,0,0,0,0,0,0,0,
Maria Galindo,https://www.facebook.com/profile.php?id=100008591051800,no,,237000,0,2025-05-30,post,https://www.facebook.com/share/v/16fWpNPkwR/,65,51,448,0,0,0,0,0,0,0,
Maria Galindo,https://www.facebook.com/profile.php?id=100008591051800,no,,237000,0,2025-05-30,post,2025-05-30,31,17,469,0,0,0,0,0,0,0,
Maria Galindo,https://www.facebook.com/profile.php?id=100008591051800,no,,237000,0,2025-05-30,post,https://www.facebook.com/share/p/1AfggJj8tY/,2,0,2,0,0,0,0,0,0,0,
Maria Galindo,https://www.facebook.com/profile.php?id=100008591051800,no,,237000,0,2025-05-30,post,https://www.facebook.com/share/p/1PJyBY7wcE/,0,0,6,0,0,0,0,0,0,0,
Maria Galindo,https://www.facebook.com/profile.php?id=100008591051800,no,,237000,0,2025-05-30,post,https://www.facebook.com/share/v/1BV2edSZdi/,9,8,170,0,0,0,0,0,0,0,
Maria Galindo,https://www.facebook.com/profile.php?id=100008591051800,no,,237000,0,2025-05-30,post,https://www.facebook.com/share/p/1AjVdZCRZJ/,0,0,38,0,0,0,0,0,0,0,
Maria Galindo,https://www.facebook.com/profile.php?id=100008591051800,no,,237000,0,2025-05-30,post,https://www.facebook.com/share/p/16T29heZFV/,19,0,129,0,0,0,0,0,0,0,https://www.facebook.com/share/v/1Yz8H41519/?mibextid=wwXIfr
Maria Galindo,https://www.facebook.com/profile.php?id=100008591051800,no,,237000,0,2025-05-31,post,https://www.facebook.com/share/p/18hfKG2uwG/,77,36,664,0,0,0,0,0,0,0,
Maria Galindo,https://www.facebook.com/profile.php?id=100008591051800,no,,237000,0,2025-05-31,post,https://www.facebook.com/share/v/1Amfy681NL/,26,16,526,0,0,0,0,0,0,0,
Maria Galindo,https://www.facebook.com/profile.php?id=100008591051800,no,,237000,0,2025-05-31,post,https://www.facebook.com/permalink.php?story_fbid=pfbid022n1wjM6R1auEeqQ1LEcXGHMeG514qexNFcu1Y3imfHLuyE8vmvzVXfmYSyTxsWbWl&id=100008591051800,71,274,2200,0,0,0,0,0,0,0,
Maria Galindo,https://www.facebook.com/profile.php?id=100008591051800,no,,237000,0,2025-06-01,post,https://www.facebook.com/permalink.php?story_fbid=pfbid02zjXHvEJnJDbL7zDPKXmz8LN5nk7gbJPa3sb4624fTLgb9bDDSDyV9EarPKTxxNXal&id=100008591051800,207,387,1400,0,0,0,0,0,0,0,
Maria Galindo,https://www.facebook.com/profile.php?id=100008591051800,no,,237000,0,2025-06-01,post,https://www.facebook.com/share/p/19iJxK8xBW/,0,1,33,0,0,0,0,0,0,0,
Maria Galindo,https://www.facebook.com/profile.php?id=100008591051800,no,,237000,0,2025-06-01,post,https://www.facebook.com/share/p/19TUUVm5oy/,20,12,86,0,0,0,0,0,0,0,
Maria Galindo,https://www.facebook.com/profile.php?id=100008591051800,no,,237000,0,2025-06-02,post,https://www.facebook.com/permalink.php?story_fbid=pfbid02gVPMvagRKmbJTAa4bCEsoCeBwhfLAQY1ck5YSs16NGRvGgnNWASz5kr984fXJ5wZl&id=100008591051800,12,11,188,0,0,0,0,0,0,0,
Maria Galindo,https://www.facebook.com/profile.php?id=100008591051800,no,,237000,0,2025-06-02,post,https://www.facebook.com/share/p/1FHC8hPzcY/,4,2,59,0,0,0,0,0,0,0,
Maria Galindo,https://www.facebook.com/profile.php?id=100008591051800,no,,237000,0,2025-06-03,post,https://www.facebook.com/permalink.php?story_fbid=pfbid02yAfDzNjC47EfzSzZjbii8Cbym9Zm7Rg7NvMa35Mn6TxUPGPpv1TDL42xDZTSK4CQl&id=100008591051800,18,19,315,0,0,0,0,0,0,0,"VOY CAMINO A ESTE FESTIVAL DE TEATRO Y ARTE CONTEPORANEO EN PORTUGAL, DE CAMINO HARÉ PARADA EN LA FERIA DEL LIBRO EN SANTA CRUZ .… Ver más"
Maria Galindo,https://www.facebook.com/profile.php?id=100008591051800,no,,237000,0,2025-06-03,post,https://www.facebook.com/100008591051800/videos/1427672061697025/,27,8,189,0,0,0,0,0,0,0,
Maria Galindo,https://www.facebook.com/profile.php?id=100008591051800,no,,237000,0,2025-06-04,post,https://www.facebook.com/permalink.php?story_fbid=pfbid02k74yUU8bxDvLDiD2N5EzDooASgthXvMYmjNQCk83D9HPS5M2CNPghtpb18aXGrwkl&id=100008591051800,1,0,92,0,0,0,0,0,0,0,
Maria Galindo,https://www.facebook.com/profile.php?id=100008591051800,no,,237000,0,2025-06-04,post,https://www.facebook.com/share/p/19Dab79zFp/,0,1,46,0,0,0,0,0,0,0,
Maria Galindo,https://www.facebook.com/profile.php?id=100008591051800,no,,237000,0,2025-06-04,post,https://www.facebook.com/share/p/1Ekm8KVa5S/,24,11,363,0,0,0,0,0,0,0,
Maria Galindo,https://www.facebook.com/profile.php?id=100008591051800,no,,237000,0,2025-06-04,post,https://www.facebook.com/share/p/1Ar2aCs375/,1,1,52,0,0,0,0,0,0,0,
Maria Galindo,https://www.facebook.com/profile.php?id=100008591051800,no,,237000,0,2025-06-04,post,https://www.facebook.com/share/p/1CsmzyrvJi/,16,36,257,0,0,0,0,0,0,0,FERIA DEL LIBRO SANTA CRUZ; gracias por tanto cariño
Maria Galindo,https://www.facebook.com/profile.php?id=100008591051800,no,,237000,0,2025-06-04,post,https://www.facebook.com/permalink.php?story_fbid=pfbid0kAEkUoZL9ZyPdUqacVX2yDWqL1fJojXbq1o5gUYQpzU3ioMgR9oD5Wgu7sLF71M1l&id=100008591051800,14,5,68,0,0,0,0,0,0,0,
Maria Galindo,https://www.facebook.com/profile.php?id=100008591051800,no,,237000,0,2025-06-04,post,https://www.facebook.com/share/v/1F1vy9byUQ/,14,3,254,0,0,0,0,0,0,0,
Maria Galindo,https://www.facebook.com/profile.php?id=100008591051800,no,,237000,0,2025-06-05,post,https://www.facebook.com/stasiek.czaplickicabezas/posts/pfbid025wVMQbQgq9PcTxA4cgTM2puTt8g6rJhTnZXptotUFr6T9wHmvc3wBYgfCLuVDtzwl,65,8,203,0,0,0,0,0,0,0,"""Crónicas del Edén depredado""
En esta poderosa radionovela de Maria Galindo que ya se escucha como un rugido en la selva mediática. Gracias por este inmenso regalo.… Ver más"
Maria Galindo,https://www.facebook.com/profile.php?id=100008591051800,no,,237000,0,2025-06-05,post,https://www.facebook.com/share/p/1Abdx5Htb7/,89,55,763,0,0,0,0,0,0,0,
Maria Galindo,https://www.facebook.com/profile.php?id=100008591051800,no,,237000,0,2025-06-05,post,https://www.facebook.com/share/p/1FEgWs5KUh/,12,108,649,0,0,0,0,0,0,0,A mucha honra LESBIAN4 Y muy agradecida con la pesada subversiva q este año me ha brindado un muro para ser parte de su espacio de desobediencia
Maria Galindo,https://www.facebook.com/profile.php?id=100008591051800,no,,237000,0,2025-06-05,post,https://www.facebook.com/share/p/12Lsd9PY7o4/,6,59,213,0,0,0,0,0,0,0,
Maria Galindo,https://www.facebook.com/profile.php?id=100008591051800,no,,237000,0,2025-06-05,post,https://www.facebook.com/share/p/19GCvGwPKG/,425,111,1200,0,0,0,0,0,0,0,
Maria Galindo,https://www.facebook.com/profile.php?id=100008591051800,no,,237000,0,2025-06-05,post,https://www.facebook.com/permalink.php?story_fbid=pfbid025Fr4tG5bfy9cFTBWqMztLq4r3jpqo5sJu4r47k2LgNL52oF5vixTUR8fxk5UkR9xl&id=100008591051800,33,6,324,0,0,0,0,0,0,0,
Maria Galindo,https://www.facebook.com/profile.php?id=100008591051800,no,,237000,0,2025-06-05,post,https://www.facebook.com/permalink.php?story_fbid=pfbid031pD6DKtKLiQYNFRdzVHn51bkoX7Cj7nCtLSSF3YcLv8UY69DNfmgvLvGtFSoFbm3l&id=100008591051800,3,3,46,0,0,0,0,0,0,0,
Maria Galindo,https://www.facebook.com/profile.php?id=100008591051800,no,,237000,0,2025-06-05,post,https://www.facebook.com/share/p/15Xsw2KfnB/,6,19,121,0,0,0,0,0,0,0,
Maria Galindo,https://www.facebook.com/profile.php?id=100008591051800,no,,237000,0,2025-06-05,post,https://www.facebook.com/share/p/14vjLGhNDL/,1,0,29,0,0,0,0,0,0,0,
Maria Galindo,https://www.facebook.com/profile.php?id=100008591051800,no,,237000,0,2025-06-06,post,https://www.facebook.com/100008591051800/videos/592218497204217/,16,12,78,0,0,0,0,0,0,0,
Maria Galindo,https://www.facebook.com/profile.php?id=100008591051800,no,,237000,0,2025-06-06,post,https://www.facebook.com/100008591051800/videos/2176622202788264/,1,6,45,0,0,0,0,0,0,0,
Maria Galindo,https://www.facebook.com/profile.php?id=100008591051800,no,,237000,0,2025-06-06,post,https://www.facebook.com/share/p/1CCRNEMVrj/,11,43,149,0,0,0,0,0,0,0,
Maria Galindo,https://www.facebook.com/profile.php?id=100008591051800,no,,237000,0,2025-06-06,post,https://www.facebook.com/100008591051800/videos/1373432663878954/,5,64,103,0,0,0,0,0,0,0,FERIA DEL LIBRO DE SANTA CRUZ
Maria Galindo,https://www.facebook.com/profile.php?id=100008591051800,no,,237000,0,2025-06-06,post,https://www.facebook.com/share/p/1HmScQivNp/,0,0,0,0,0,0,0,0,0,0,
Maria Galindo,https://www.facebook.com/profile.php?id=100008591051800,no,,237000,0,2025-06-06,post,2025-06-06,135,219,1600,0,0,0,0,0,0,0,
Maria Galindo,https://www.facebook.com/profile.php?id=100008591051800,no,,237000,0,2025-06-06,post,https://www.facebook.com/share/p/1ATzBTKThN/,0,0,7,0,0,0,0,0,0,0,INTERCULTURALES AMENAZAN CON BLOQUEO EN YUCUMO DESPUÉS DE Perder JUICIO POR AVASALLADORES A TERRITORIO CHIMAN TSINAME TAMBIÉN PIDEN SACAR A FUNDACIÓN TIERRA CLARAMENTE … Ver más
Maria Galindo,https://www.facebook.com/profile.php?id=100008591051800,no,,237000,0,2025-06-06,post,https://www.facebook.com/share/v/1CPC4sNDP1/,93,19,592,0,0,0,0,0,0,0,
Maria Galindo,https://www.facebook.com/profile.php?id=100008591051800,no,,237000,0,2025-06-06,post,https://www.facebook.com/share/p/15UmBCEBuM/,1,0,36,0,0,0,0,0,0,0,
Maria Galindo,https://www.facebook.com/profile.php?id=100008591051800,no,,237000,0,2025-06-06,post,https://www.facebook.com/permalink.php?story_fbid=pfbid0pep6R8iVQ2PKqtNi5dTwE7x9NVY2YxxevzQMU4rxdaeNELDTjhhH1zvh98uhKQRXl&id=100008591051800,31,27,572,0,0,0,0,0,0,0,
Maria Galindo,https://www.facebook.com/profile.php?id=100008591051800,no,,237000,0,2025-06-06,post,https://www.facebook.com/share/p/16PDFqLK4E/,2,2,120,0,0,0,0,0,0,0,
Maria Galindo,https://www.facebook.com/profile.php?id=100008591051800,no,,237000,0,2025-06-06,post,https://www.facebook.com/share/p/1FzgCPXRXB/,1,4,53,0,0,0,0,0,0,0,
Maria Galindo,https://www.facebook.com/profile.php?id=100008591051800,no,,237000,0,2025-06-06,post,https://www.facebook.com/share/v/1AaT7C4cys/,264,57,562,0,0,0,0,0,0,0,
Maria Galindo,https://www.facebook.com/profile.php?id=100008591051800,no,,237000,0,2025-06-06,post,https://www.facebook.com/share/v/19WL8Qmh65/,568,56,1200,0,0,0,0,0,0,0,
Maria Galindo,https://www.facebook.com/profile.php?id=100008591051800,no,,237000,0,2025-06-06,post,https://www.facebook.com/share/p/18MSGJ5nWK/,6,45,336,0,0,0,0,0,0,0,
Maria Galindo,https://www.facebook.com/profile.php?id=100008591051800,no,,237000,0,2025-06-07,post,https://www.facebook.com/share/p/1AT7LG3YiG/,3,30,227,0,0,0,0,0,0,0,
Maria Galindo,https://www.facebook.com/profile.php?id=100008591051800,no,,237000,0,2025-06-07,post,https://www.facebook.com/permalink.php?story_fbid=pfbid031oE7CjjSpnn3oVBtpkHvqfX2qmsPWCPGtJtDXoXdhJaFviRVvY3ZFsMDGNpjNA8Fl&id=100008591051800,5,88,384,0,0,0,0,0,0,0,
Maria Galindo,https://www.facebook.com/profile.php?id=100008591051800,no,,237000,0,2025-06-07,post,https://www.facebook.com/100008591051800/videos/685664307796961/,4,28,96,0,0,0,0,0,0,0,
Maria Galindo,https://www.facebook.com/profile.php?id=100008591051800,no,,237000,0,2025-06-07,post,https://www.facebook.com/permalink.php?story_fbid=pfbid02QfNAdijocFos5kUA5ALE6qiGTCNcHnmtPr5XtGJdjMfnkMGFXNKcuyyKzXCsPYVFl&id=100008591051800,0,24,21,0,0,0,0,0,0,0,
Maria Galindo,https://www.facebook.com/profile.php?id=100008591051800,no,,237000,0,2025-06-07,post,https://www.facebook.com/share/19J2dVG11A/,1,54,136,0,0,0,0,0,0,0,
Maria Galindo,https://www.facebook.com/profile.php?id=100008591051800,no,,237000,0,2025-06-07,post,https://www.facebook.com/permalink.php?story_fbid=pfbid02yW6jZgiB9BiBGjjQKbEZmLgdR54Vcj9EoqF9WHMkd9Tjp1HHJx4MAo3ztcRcRUCcl&id=100008591051800,54,516,1000,0,0,0,0,0,0,0,"Viva SANTA CRUZ , capital maric4 de Bolivia"
Maria Galindo,https://www.facebook.com/profile.php?id=100008591051800,no,,237000,0,2025-06-07,post,https://www.facebook.com/share/p/1NNkZNR6dX/,7,225,176,0,0,0,0,0,0,0,
Maria Galindo,https://www.facebook.com/profile.php?id=100008591051800,no,,237000,0,2025-06-08,post,https://www.facebook.com/share/p/1BUTzSEckr/,4,0,30,0,0,0,0,0,0,0,
Maria Galindo,https://www.facebook.com/profile.php?id=100008591051800,no,,237000,0,2025-06-08,post,https://www.facebook.com/share/v/1AHJBEor3o/,2,4,66,0,0,0,0,0,0,0,
Maria Galindo,https://www.facebook.com/profile.php?id=100008591051800,no,,237000,0,2025-06-08,post,https://www.facebook.com/share/v/1BqYRYDUj1/,16,29,109,0,0,0,0,0,0,0,
Maria Galindo,https://www.facebook.com/profile.php?id=100008591051800,no,,237000,0,2025-06-08,post,2025-06-08,14,24,141,0,0,0,0,0,0,0,
Maria Galindo,https://www.facebook.com/profile.php?id=100008591051800,no,,237000,0,2025-06-09,post,https://www.facebook.com/share/p/15j5ntF1yn/,10,0,49,0,0,0,0,0,0,0,
Maria Galindo,https://www.facebook.com/profile.php?id=100008591051800,no,,237000,0,2025-06-09,post,https://www.facebook.com/permalink.php?story_fbid=pfbid02Cv7Y8iLnHAuGGeEQZdcacC5DNTa2ChX6pFhFgUZ3buu7YC82iJjhqarxa7PpDbYKl&id=100008591051800,16,0,63,0,0,0,0,0,0,0,
Maria Galindo,https://www.facebook.com/profile.php?id=100008591051800,no,,237000,0,2025-06-09,post,https://www.facebook.com/share/p/1Dtf2ymo9A/,5,0,48,0,0,0,0,0,0,0,
Maria Galindo,https://www.facebook.com/profile.php?id=100008591051800,no,,237000,0,2025-06-09,post,https://www.facebook.com/share/v/1PRV26VVoo/,19,67,295,0,0,0,0,0,0,0,
Maria Galindo,https://www.facebook.com/profile.php?id=100008591051800,no,,237000,0,2025-06-10,post,https://www.facebook.com/share/p/19VP1Aaw3N/,7,8,106,0,0,0,0,0,0,0,La traducción al portugués!!!
Maria Galindo,https://www.facebook.com/profile.php?id=100008591051800,no,,237000,0,2025-06-10,post,https://www.facebook.com/share/p/1BjiqwCzRV/,2,4,60,0,0,0,0,0,0,0,
Maria Galindo,https://www.facebook.com/profile.php?id=100008591051800,no,,237000,0,2025-06-10,post,https://www.facebook.com/share/p/1CD51Kbne6/,4,0,10,0,0,0,0,0,0,0,
Maria Galindo,https://www.facebook.com/profile.php?id=100008591051800,no,,237000,0,2025-06-11,post,https://www.facebook.com/share/p/12L9qgN2TbZ/,12,8,61,0,0,0,0,0,0,0,
Maria Galindo,https://www.facebook.com/profile.php?id=100008591051800,no,,237000,0,2025-06-11,post,https://www.facebook.com/share/p/16QrPWTtoo/,1,2,139,0,0,0,0,0,0,0,
Maria Galindo,https://www.facebook.com/profile.php?id=100008591051800,no,,237000,0,2025-06-11,post,https://www.facebook.com/share/p/1AedboVPzp/,11,6,45,0,0,0,0,0,0,0,
Maria Galindo,https://www.facebook.com/profile.php?id=100008591051800,no,,237000,0,2025-06-11,post,https://www.facebook.com/share/p/16qNehUdiJ/,14,9,160,0,0,0,0,0,0,0,
Maria Galindo,https://www.facebook.com/profile.php?id=100008591051800,no,,237000,0,2025-06-12,post,https://www.facebook.com/share/p/18AAkSsj7m/,1,2,37,0,0,0,0,0,0,0,
Maria Galindo,https://www.facebook.com/profile.php?id=100008591051800,no,,237000,0,2025-06-12,post,https://www.facebook.com/share/p/19HwaHkpAi/,2,1,82,0,0,0,0,0,0,0,
Maria Galindo,https://www.facebook.com/profile.php?id=100008591051800,no,,237000,0,2025-06-12,post,https://www.facebook.com/share/p/1Ai1Ns8tX3/,3,1,28,0,0,0,0,0,0,0,
Maria Galindo,https://www.facebook.com/profile.php?id=100008591051800,no,,237000,0,2025-06-12,post,https://www.facebook.com/share/v/1UuWprz7Wj/,1,1,101,0,0,0,0,0,0,0,
Maria Galindo,https://www.facebook.com/profile.php?id=100008591051800,no,,237000,0,2025-06-12,post,https://www.facebook.com/share/p/18vh9b7R4L/,3,47,130,0,0,0,0,0,0,0,
Maria Galindo,https://www.facebook.com/profile.php?id=100008591051800,no,,237000,0,2025-06-12,post,https://www.facebook.com/share/p/16iiXoUZiu/,0,0,5,0,0,0,0,0,0,0,
