nombre perfil,url perfil,candidato identificado,creación del perfil,seguidores,seguidos,fecha post,tipo de post,url post,comparticiones,comentarios,reacciones en total,me gusta,me encanta,me divierte,me entristece,me sorprende,me enoja,me importa,contenido
Jhanisse V. Daza,https://www.facebook.com/jhanisse,no,,9330,0,2025-07-23,post,https://www.facebook.com/share/p/16h6chYTKV/,1,0,17,15,2,0,0,0,0,0,
Jhanisse V. Daza,https://www.facebook.com/jhanisse,no,,9330,0,2025-07-23,post,https://www.facebook.com/share/p/1AUC7yAZo1/,3,0,6,4,2,0,0,0,0,0,
Jhanisse V. Daza,https://www.facebook.com/jhanisse,no,,9330,0,2025-07-23,post,https://www.facebook.com/share/p/19Zdm28d7j/,3,0,6,4,2,0,0,0,0,0,
Jhanisse V. Daza,https://www.facebook.com/jhanisse,no,,9330,0,2025-07-23,post,https://www.facebook.com/share/p/1AkrZC7Vbn/,1,0,17,15,2,0,0,0,0,0,
