nombre perfil,url perfil,snapshot_date,creación del perfil,candidato identificado,seguidores,seguidos,fecha post,tipo de post,url post,comparticiones,comentarios,reacciones en total,me gusta,me encanta,me divierte,me entristece,me sorprende,me enoja,me importa,contenido
Salvaginas ,https://www.facebook.com/ecofeministasBolivia,2025-06-11,2016-10-31,no,9600,0,2025-02-04,post,https://www.facebook.com/share/p/1ZPKsoMckY/,1,0,3,0,0,0,0,0,0,0,"Hace un tiempo perdimos el acceso casi total de nuestro instagram, por eso creamos una nueva cuenta. Seguimos intentando recuperar esta cuenta, pero empezamos a usar la… Ver más"
Salvaginas ,https://www.facebook.com/ecofeministasBolivia,2025-06-11,2016-10-31,no,9600,0,2025-04-02,post,https://www.facebook.com/share/p/1F4bj2uWKK/,1,0,5,0,0,0,0,0,0,0,"El acoso cibernetico, difamación y hostigamiento es el pan de cada día de mujeres que por el solo hecho de ocupar un lugar en un trabajo ya es motivo para que varones m… Ver más"
Salvaginas ,https://www.facebook.com/ecofeministasBolivia,2025-06-11,2016-10-31,no,9600,0,2025-05-15,post,https://www.facebook.com/share/p/1ZUVyXiEz8/,9,0,2,0,0,0,0,0,0,0,¡Sumate a la donación para ayudar a 20 comunidades ribereñas!
Salvaginas ,https://www.facebook.com/ecofeministasBolivia,2025-06-10,2016-10-31,no,9600,0,2025-06-04,post,https://www.facebook.com/share/p/164W3NR9T8/,1,0,0,0,0,0,0,0,0,0,"""Una universitaria de la Universidad Mayor de San Simón descubrió que había sido dopada y violada cuando otra joven le mostró sus fotos inconsciente y desnuda. Las mism… Ver más"
Salvaginas ,https://www.facebook.com/ecofeministasBolivia,2025-06-11,2016-10-31,no,9600,0,2025-06-04,post,https://www.facebook.com/share/p/16Kwy7PkMP/,1,0,0,0,0,0,0,0,0,0,"""Una universitaria de la Universidad Mayor de San Simón descubrió que había sido dopada y violada cuando otra joven le mostró sus fotos inconsciente y desnuda. Las mism… Ver más"
Salvaginas ,https://www.facebook.com/ecofeministasBolivia,2025-06-10,2016-10-31,no,9600,0,2025-06-07,post,https://www.facebook.com/share/p/1FXkfj8QpG/,1,0,4,0,0,0,0,0,0,0,
Salvaginas ,https://www.facebook.com/ecofeministasBolivia,2025-06-11,2016-10-31,no,9600,0,2025-06-07,post,https://www.facebook.com/share/p/1M1MjRMc3R/,1,0,4,0,0,0,0,0,0,0,
Salvaginas ,https://www.facebook.com/ecofeministasBolivia,2025-06-10,2016-10-31,no,9600,0,2025-06-07,post,2025-06-07,0,0,0,0,0,0,0,0,0,0,
Salvaginas ,https://www.facebook.com/ecofeministasBolivia,2025-06-11,2016-10-31,no,9600,0,2025-06-09,post,https://www.facebook.com/ecofeministasBolivia/posts/pfbid0ZkrKcbNKE6a3oDi5qTFUWHgo6NSTRBXFhybKzuYCGUsw11mNiZcSXpfSUdULpvGQl,0,0,1,0,0,0,0,0,0,0,https://anabolivia.org/resistencias-indigenas-y.../
Salvaginas ,https://www.facebook.com/ecofeministasBolivia,2025-06-10,2016-10-31,no,9600,0,2025-06-09,post,https://www.facebook.com/share/p/1CFn2b4VLf/,0,0,1,0,0,0,0,0,0,0,https://anabolivia.org/resistencias-indigenas-y.../
Salvaginas ,https://www.facebook.com/ecofeministasBolivia,2025-06-10,2016-10-31,no,9600,0,2025-06-10,post,https://www.facebook.com/share/p/1EvJy79Fyw/,0,0,3,0,0,0,0,0,0,0,
Salvaginas ,https://www.facebook.com/ecofeministasBolivia,2025-06-11,2016-10-31,no,9600,0,2025-06-10,post,https://www.facebook.com/share/p/16fiEmpnXL/,0,0,5,0,0,0,0,0,0,0,
