nombre perfil,url perfil,candidato identificado,creación del perfil,seguidores,seguidos,fecha post,tipo de post,url post,comparticiones,comentarios,reacciones en total,me gusta,me encanta,me divierte,me entristece,me sorprende,me enoja,me importa,contenido
MARIA BERTHA GUTIERREZ MENDOZA,https://www.facebook.com/mariabertha.gutierrezmendoza,sí,,0,0,2025-07-14,post,https://www.facebook.com/share/p/1DBwDCDQut/,0,1,9,8,0,0,0,1,0,0,"Feliz cumpleaños Christian Mendez, jefe Departamental de Libre Potosí, gracias por el bonito almuerzo que Dios te cuide."
MARIA BERTHA GUTIERREZ MENDOZA,https://www.facebook.com/mariabertha.gutierrezmendoza,sí,,0,0,2025-07-15,post,https://www.facebook.com/share/p/1Gubkd9G67/,1,0,11,11,0,0,0,0,0,0,#BoliviaDespierta #potosibolivia #tuto
MARIA BERTHA GUTIERREZ MENDOZA,https://www.facebook.com/mariabertha.gutierrezmendoza,sí,,0,0,2025-07-15,post,https://www.facebook.com/share/p/1BvrgfEg4s/,4,2,40,35,5,0,0,0,0,0,
MARIA BERTHA GUTIERREZ MENDOZA,https://www.facebook.com/mariabertha.gutierrezmendoza,sí,,0,0,2025-07-16,post,https://www.facebook.com/share/p/16kh1orAhr/,0,0,12,0,0,0,0,0,0,0,Excelente!!!!!
MARIA BERTHA GUTIERREZ MENDOZA,https://www.facebook.com/mariabertha.gutierrezmendoza,sí,,0,0,2025-07-16,post,https://www.facebook.com/share/p/18MnQSWFk3/,3,4,92,71,16,0,0,1,0,4,
MARIA BERTHA GUTIERREZ MENDOZA,https://www.facebook.com/mariabertha.gutierrezmendoza,sí,,0,0,2025-07-16,post,https://www.facebook.com/share/v/1Dn8ceu6mg/,6,0,45,39,4,0,0,1,0,1,Encuentro de Mujeres Candidatas 2025!!!
MARIA BERTHA GUTIERREZ MENDOZA,https://www.facebook.com/mariabertha.gutierrezmendoza,sí,,0,0,2025-07-16,reel,/reel/1005824938292102/?s=single_unit&__cft__[0]=AZWf6-0v2Lpd5e10IvnaKBG3TCmZ0-FAT28V46IzCBFvNjc5k3m4RJA-ZbCVYp1xzeWDI2R0n01gE5P8Sh77gEZh8fQM_Xy94AFi-KLGZlPmBrQEtl2wRBwaEE9A4ukSGtEdXfvRsyEXDCM-QBAZ-oCOY2fyxzC6fOHL4TkIk3RL1bI-E2QZFrNBAxunuP4TdqU&__tn__=H-R,0,0,0,0,0,0,0,0,0,0,CN TUTO CAMBIO RADICAL VAMOS BIEN BOLIVIA ..............LA UNIDAD SE CONCENTRA
MARIA BERTHA GUTIERREZ MENDOZA,https://www.facebook.com/mariabertha.gutierrezmendoza,sí,,0,0,2025-07-17,reel,/reel/1244830960622936/?s=single_unit&__cft__[0]=AZVUSrayCfcTPjFapQHsgRnak_xzAsZFLSzvQ_RZkYDF_okgIny3bOHn3yrcbjAaSTAe7dkF_Vr6TmmVNz5ynWF7gW4FxN0_oH-EY0qkYgU1HXQs6RnKnT1dJYUcs1HH_fxM_Lbk4PzvxZT7eBV-BdHvbOh3qFCpxsqK9jOBFlmCfGZVt3GQL6jLgECxhxvCPwU&__tn__=H-R,0,0,0,0,0,0,0,0,0,0,
MARIA BERTHA GUTIERREZ MENDOZA,https://www.facebook.com/mariabertha.gutierrezmendoza,sí,,0,0,2025-07-17,reel,/reel/1023154259653549/?s=single_unit&__cft__[0]=AZXIw_qzumNhlkYQqL-kbKZopZwNGUQtvLtWL1Gu8xwmPs8UA9U0Q6L4TzzLI1oGX1_MTylag2wwGhc_CQ7xYzSMRuNe2Ahycln32GRRnEI_BMR8fYCYWMBvb7Jb6VKyahfvAmNjifNbQZL6hK5wE1_V-CPsK5RvVk7d0S3LZbMMqEd4zACFqU4LFagWAmzavD8&__tn__=H-R,0,0,0,0,0,0,0,0,0,0,
MARIA BERTHA GUTIERREZ MENDOZA,https://www.facebook.com/mariabertha.gutierrezmendoza,sí,,0,0,2025-07-17,post,https://www.facebook.com/share/p/15udWC9FDF/,12,3,24,21,3,0,0,0,0,0,"Quedan cordialmente invitadas a este encuentro, ref.whatsap 76920380"
MARIA BERTHA GUTIERREZ MENDOZA,https://www.facebook.com/mariabertha.gutierrezmendoza,sí,,0,0,2025-07-18,post,https://www.facebook.com/share/p/15iuJgc83k/,3,0,14,11,3,0,0,0,0,0,Les esperemos mañana
MARIA BERTHA GUTIERREZ MENDOZA,https://www.facebook.com/mariabertha.gutierrezmendoza,sí,,0,0,2025-07-19,post,https://www.facebook.com/share/p/1A6MBucL4e/,1,0,29,17,5,6,0,0,0,1,A un mes de vida y Gael( el último sobrinito)  sabe lo que Bolivia necesita TUTO PRESIDENTE 
MARIA BERTHA GUTIERREZ MENDOZA,https://www.facebook.com/mariabertha.gutierrezmendoza,sí,,0,0,2025-07-19,post,https://www.facebook.com/share/p/1B4R3C4tkR/,5,0,15,14,1,0,0,0,0,0,"Estamos en la Plaza 25 de mayo #35. Anotate, premios en efectivo, porque es con TUTO PRESIDENTE "
MARIA BERTHA GUTIERREZ MENDOZA,https://www.facebook.com/mariabertha.gutierrezmendoza,sí,,0,0,2025-07-20,reel,/reel/726844456636374/?s=single_unit&__cft__[0]=AZXCpG_50-NWbvqmxBqXRPe8lSCIjp05A9lDa6dB2NeCo9zXR8-RSNReIDUWcHyuahr_04kaglAwR_QjmFBGR-JpFK2_AftS4Inq3XtxUHlF7_NGe8hRK71GRooDmySn9_rMA8Q7mqHbBhmaEEMoUhiYLvea7UZufi1apbD5ZZwqjwK4sbMhZUMzc_I5DXuXtW0&__tn__=H-R,0,0,0,0,0,0,0,0,0,0,
MARIA BERTHA GUTIERREZ MENDOZA,https://www.facebook.com/mariabertha.gutierrezmendoza,sí,,0,0,2025-07-20,post,https://www.facebook.com/share/v/1WTpE59erV/,7,6,34,29,5,0,0,0,0,0,ENCUENTRO DE MUJERES LIBRE POTOSÍ ORGANIZADO POR LA JEFATURA DEPARTAMENTAL Y LA C-33 ÉXITO ROTUNDO!!!! GRACIAS MUJERES LIBRES!!!!!! TUTO PRESIDENTE!!!!
MARIA BERTHA GUTIERREZ MENDOZA,https://www.facebook.com/mariabertha.gutierrezmendoza,sí,,0,0,2025-07-20,post,https://www.facebook.com/share/p/1CBh92yG65/,2,3,56,50,3,0,0,0,1,2,Amigas!!!!!
MARIA BERTHA GUTIERREZ MENDOZA,https://www.facebook.com/mariabertha.gutierrezmendoza,sí,,0,0,2025-07-21,post,https://www.facebook.com/share/v/1C1cqnEyYK/,10,2,37,35,2,0,0,0,0,0,Un placer contar con el apoyo de tantas mujeres líderezas potosinas.
