nombre perfil,url perfil,candidato identificado,creación del perfil,seguidores,seguidos,fecha post,tipo de post,url post,comparticiones,comentarios,reacciones en total,me gusta,me encanta,me divierte,me entristece,me sorprende,me enoja,me importa,contenido
YESENIA YARHUI ALBINO,https://www.facebook.com/yarhuiyesenia,sí,2017-09-23,10000,233,2025-06-06,post,https://www.facebook.com/share/v/1CQSdgZtVA/,3900,758,4200,0,0,0,0,0,0,0,"SIGAN BLOQUEANDO... 
#BOLIVIA #noalrelevodelmasismo #andrónicoeselnuevoevo #nitíteresnidictadores #BoliviaNoSeArrodilla #Elecciones2025 #bolivianosenespaña #ElMasNuncaM… Ver más"
YESENIA YARHUI ALBINO,https://www.facebook.com/yarhuiyesenia,sí,2017-09-23,10000,233,2025-06-08,post,https://www.facebook.com/share/v/16fG7hUjdB/,649,72,481,0,0,0,0,0,0,0,"¡ESTO ES EL SOCIALISMO!
#noalrelevodelmasismo #nitíteresnidictadores #andrónicoeselnuevoevo #BoliviaNoSeArrodilla #elecciones2025 #bolivianosenespaña #ElMasNuncaMas #bo… Ver más"
YESENIA YARHUI ALBINO,https://www.facebook.com/yarhuiyesenia,sí,2017-09-23,10000,233,2025-06-09,post,https://www.facebook.com/share/v/15qpr4K7dJ/,66,89,179,0,0,0,0,0,0,0,"¡ESTO ES EL SOCIALISMO SEÑORES!
#noalrelevodelmasismo #andrónicoeselnuevoevo #nitíteresnidictadores #ElMasNuncaMas #PoliciaNacionalDeBolivia #Elecciones2025 #BoliviaNoS… Ver más"
