nombre perfil,url perfil,candidato identificado,creación del perfil,seguidores,seguidos,fecha post,tipo de post,url post,comparticiones,comentarios,reacciones en total,me gusta,me encanta,me divierte,me entristece,me sorprende,me enoja,me importa,contenido
Sofi Rocha,https://www.facebook.com/sofi.rocha.12,no,2011-06-06,8000,2000,2025-07-02,post,https://www.facebook.com/share/p/1Z7niQ2BBv/,0,6,72,48,9,13,0,0,0,2,
Sofi Rocha,https://www.facebook.com/sofi.rocha.12,no,2011-06-06,8000,2000,2025-07-02,post,https://www.facebook.com/share/v/1A8e95EBBF/,29,7,26,10,0,0,1,0,15,0,"Observen las imágenes: matones encapuchados, actuando como vulgares delincuentes, arrancan y destruyen la propaganda de Jorge Tuto Quiroga Ramirez. ¿La excusa? Que solo… Ver más"
Sofi Rocha,https://www.facebook.com/sofi.rocha.12,no,2011-06-06,8000,2000,2025-07-04,post,https://www.facebook.com/share/p/15iJahRsTX/,1,1,14,13,0,0,0,1,0,0,
Sofi Rocha,https://www.facebook.com/sofi.rocha.12,no,2011-06-06,8000,2000,2025-07-05,post,https://www.facebook.com/share/p/16n5ZKwxyi/,13,12,75,61,12,0,0,0,0,2," COCHABAMBA Con TUTO - Apertura de 6 Casas de Campaña. En Simultaneo. 
 
Vamoos Bolivia!! #JuntosSaldremosAdelante"
Sofi Rocha,https://www.facebook.com/sofi.rocha.12,no,2011-06-06,8000,2000,2025-07-06,post,https://www.facebook.com/share/p/1C7Vs6Ls3U/,1,11,93,66,10,17,0,0,0,0,
Sofi Rocha,https://www.facebook.com/sofi.rocha.12,no,2011-06-06,8000,2000,2025-07-07,post,https://www.facebook.com/share/p/17fB3LfAet/,0,6,67,50,5,10,0,0,0,2,
