nombre perfil,url perfil,snapshot_date,creación del perfil,candidato identificado,seguidores,seguidos,fecha post,tipo de post,url post,comparticiones,comentarios,reacciones en total,me gusta,me encanta,me divierte,me entristece,me sorprende,me enoja,me importa,contenido
Dimelza Rodriguez Quinsamolle,https://www.facebook.com/profile.php?id=61570121371268,2025-06-03,2024-12-06,no,2200,0,2025-05-27,post,https://www.facebook.com/share/p/158vnuS5Yrm/,2,8,13,11,1,0,0,0,0,1,
Dimelza Rodriguez Quinsamolle,https://www.facebook.com/profile.php?id=61570121371268,2025-06-03,2024-12-06,no,2200,0,2025-05-28,post,https://www.facebook.com/share/p/12Lx6tfpUxm/,5,4,15,11,3,1,0,0,0,0,Hasta que Arce renuncie
Dimelza Rodriguez Quinsamolle,https://www.facebook.com/profile.php?id=61570121371268,2025-06-03,2024-12-06,no,2200,0,2025-05-28,post,https://www.facebook.com/share/p/1C66JY3KLr/,3,6,13,9,0,1,1,0,2,0,
Dimelza Rodriguez Quinsamolle,https://www.facebook.com/profile.php?id=61570121371268,2025-06-03,2024-12-06,no,2200,0,2025-05-29,post,https://www.facebook.com/share/p/16TC7JsPvB/,5,0,11,8,1,0,2,0,0,0," *URGENTE* 
Compañeros y compañeras, el gobierno fascista de Arce ha instruido el cerco policial a la Dirección Nacional del Instrumento Político en la calle Jemio, Miraflores.
Nos autoconvocamos urgente a resguardar nuestra casa del verdadero pueblo y a nuestra dirigencia."
Dimelza Rodriguez Quinsamolle,https://www.facebook.com/profile.php?id=61570121371268,2025-06-03,2024-12-06,no,2200,0,2025-05-30,post,https://www.facebook.com/share/p/15Rr489n7p/,19,6,41,38,0,1,0,0,1,1,"ÚLTIMO!
COCHABAMBA PIDE LA RENUNCIA DE ARCE."
Dimelza Rodriguez Quinsamolle,https://www.facebook.com/profile.php?id=61570121371268,2025-06-03,2024-12-06,no,2200,0,2025-06-01,post,https://www.facebook.com/share/p/1AiRvqBXCN/,1,9,2,0,0,0,0,0,2,0,
Dimelza Rodriguez Quinsamolle,https://www.facebook.com/profile.php?id=61570121371268,2025-06-03,2024-12-06,no,2200,0,2025-06-01,post,https://www.facebook.com/share/p/1JtM1SqiRu/,9,5,24,22,0,1,0,0,0,1,Hasta sacar a Arce 
Dimelza Rodriguez Quinsamolle,https://www.facebook.com/profile.php?id=61570121371268,2025-06-10,2024-12-06,no,2200,0,2025-06-02,post,https://www.facebook.com/share/p/1Bypj93NNd/,2,0,12,0,0,0,0,0,0,0,
Dimelza Rodriguez Quinsamolle,https://www.facebook.com/profile.php?id=61570121371268,2025-06-03,2024-12-06,no,2200,0,2025-06-02,post,https://www.facebook.com/share/p/1CEWtFGdsH/,2,0,7,7,0,0,0,0,0,0,
Dimelza Rodriguez Quinsamolle,https://www.facebook.com/profile.php?id=61570121371268,2025-06-11,2024-12-06,no,2200,0,2025-06-02,post,https://www.facebook.com/share/p/19S2M9ZxfS/,2,0,12,0,0,0,0,0,0,0,
Dimelza Rodriguez Quinsamolle,https://www.facebook.com/profile.php?id=61570121371268,2025-06-10,2024-12-06,no,2200,0,2025-06-04,post,https://www.facebook.com/share/p/1Eno2UEaHC/,3,6,23,0,0,0,0,0,0,0,
Dimelza Rodriguez Quinsamolle,https://www.facebook.com/profile.php?id=61570121371268,2025-06-11,2024-12-06,no,2200,0,2025-06-04,post,https://www.facebook.com/share/p/16PvJpG3iS/,3,6,23,0,0,0,0,0,0,0,
Dimelza Rodriguez Quinsamolle,https://www.facebook.com/profile.php?id=61570121371268,2025-06-11,2024-12-06,no,2200,0,2025-06-04,post,https://www.facebook.com/share/p/1HDRN5QijF/,16,3,38,0,0,0,0,0,0,0," Cochabamba
Más sectores sociales se unen día tras día pidiendo la renuncia de ARCE."
Dimelza Rodriguez Quinsamolle,https://www.facebook.com/profile.php?id=61570121371268,2025-06-10,2024-12-06,no,2200,0,2025-06-04,post,https://www.facebook.com/share/p/19Xru6ghPN/,16,2,37,0,0,0,0,0,0,0," Cochabamba
Más sectores sociales se unen día tras día pidiendo la renuncia de ARCE."
Dimelza Rodriguez Quinsamolle,https://www.facebook.com/profile.php?id=61570121371268,2025-06-10,2024-12-06,no,2200,0,2025-06-07,post,https://www.facebook.com/permalink.php?story_fbid=pfbid0Pd5gVN754UAnDLkNBH63BUwEPmkEmH6vtDLA9qhtp3qAGQUotCFgVqnnQcMTWzJDl&id=61570121371268,7,3,18,0,0,0,0,0,0,0,Hasta que renuncie Arce. 
Dimelza Rodriguez Quinsamolle,https://www.facebook.com/profile.php?id=61570121371268,2025-06-11,2024-12-06,no,2200,0,2025-06-07,post,https://www.facebook.com/share/p/19CN5xJXYs/,3,9,22,0,0,0,0,0,0,0,
Dimelza Rodriguez Quinsamolle,https://www.facebook.com/profile.php?id=61570121371268,2025-06-10,2024-12-06,no,2200,0,2025-06-07,post,https://www.facebook.com/permalink.php?story_fbid=pfbid02TiHT36rJD6D65UZ7BsfSEm42BEvEZa3z5UiK5HvXYYqq3SmUDZWeYaepM1PsKqvdl&id=61570121371268,3,8,20,0,0,0,0,0,0,0,
Dimelza Rodriguez Quinsamolle,https://www.facebook.com/profile.php?id=61570121371268,2025-06-11,2024-12-06,no,2200,0,2025-06-07,post,https://www.facebook.com/share/p/1AukUCFMCF/,7,5,21,0,0,0,0,0,0,0,Hasta que renuncie Arce. 
