nombre perfil,url perfil,snapshot_date,creación del perfil,candidato identificado,seguidores,seguidos,fecha post,tipo de post,url post,comparticiones,comentarios,reacciones en total,me gusta,me encanta,me divierte,me entristece,me sorprende,me enoja,me importa,contenido
MARCELA ORELLANA BEJARANO,https://www.facebook.com/marcela.orellanabejarano,2025-06-24,,no,0,0,2025-06-19,post,https://www.facebook.com/marcela.orellanabejarano/posts/pfbid0MFbQog3jCL5cFurtC2PSpvpJSAaXCsTKpMGnGqWsLBEL9N3M2asQxDYqLwKdwwX3l,1,0,0,0,0,0,0,0,0,0,"Así es esto no piensa en 
Dios.. piensa en plata.
Más bien accidente con suerte.."
MARCELA ORELLANA BEJARANO,https://www.facebook.com/marcela.orellanabejarano,2025-07-08,,no,0,0,2025-07-03,post,https://www.facebook.com/share/p/1DnBf1vJdA/,0,0,0,0,0,0,0,0,0,0,
