nombre perfil,url perfil,creación del perfil,seguidores,seguidos,fecha post,url post,comparticiones,reacciones en total,me gusta,me encanta,me divierte,me entristece,me sorprende,me enoja,me importa,contenido
Dimelza Rodriguez Quinsamolle,https://www.facebook.com/profile.php?id=61570121371268,2024-12-06,2200,0,2025-05-27,https://www.facebook.com/share/p/158vnuS5Yrm/,2,13,11,1,0,0,0,0,1,
Dimelza Rodriguez Quinsamolle,https://www.facebook.com/profile.php?id=61570121371268,2024-12-06,2200,0,2025-05-28,https://www.facebook.com/share/p/1C66JY3KLr/,3,13,9,0,1,1,0,2,0,
Dimelza Rodriguez Quinsamolle,https://www.facebook.com/profile.php?id=61570121371268,2024-12-06,2200,0,2025-05-28,https://www.facebook.com/share/p/12Lx6tfpUxm/,5,15,11,3,1,0,0,0,0,Hasta que Arce renuncie
Dimelza Rodriguez Quinsamolle,https://www.facebook.com/profile.php?id=61570121371268,2024-12-06,2200,0,2025-05-29,https://www.facebook.com/share/p/16TC7JsPvB/,5,11,8,1,0,2,0,0,0," *URGENTE* 
Compañeros y compañeras, el gobierno fascista de Arce ha instruido el cerco policial a la Dirección Nacional del Instrumento Político en la calle Jemio, Miraflores.
Nos autoconvocamos urgente a resguardar nuestra casa del verdadero pueblo y a nuestra dirigencia."
Dimelza Rodriguez Quinsamolle,https://www.facebook.com/profile.php?id=61570121371268,2024-12-06,2200,0,2025-05-30,https://www.facebook.com/share/p/15Rr489n7p/,19,41,38,0,1,0,0,1,1,"ÚLTIMO!
COCHABAMBA PIDE LA RENUNCIA DE ARCE."
Dimelza Rodriguez Quinsamolle,https://www.facebook.com/profile.php?id=61570121371268,2024-12-06,2200,0,2025-06-01,https://www.facebook.com/share/p/1AiRvqBXCN/,1,2,0,0,0,0,0,2,0,
Dimelza Rodriguez Quinsamolle,https://www.facebook.com/profile.php?id=61570121371268,2024-12-06,2200,0,2025-06-01,https://www.facebook.com/share/p/1JtM1SqiRu/,9,24,22,0,1,0,0,0,1,Hasta sacar a Arce 
Dimelza Rodriguez Quinsamolle,https://www.facebook.com/profile.php?id=61570121371268,2024-12-06,2200,0,2025-06-02,https://www.facebook.com/share/p/1CEWtFGdsH/,2,7,7,0,0,0,0,0,0,
