nombre perfil,url perfil,candidato identificado,creación del perfil,seguidores,seguidos,fecha post,tipo de post,url post,comparticiones,comentarios,reacciones en total,me gusta,me encanta,me divierte,me entristece,me sorprende,me enoja,me importa,contenido
María Patricia Arce,https://www.facebook.com/PatriciaArceSitioOficial,no,2020-03-24,32000,17,2025-06-23,post,https://www.facebook.com/share/v/1YHZsTYHH5/,1,1,7,7,0,0,0,0,0,0,"En esta Noche de San Juan, la más fría del año, abrazo con el corazón a cada familia boliviana que resiste el invierno con unidad, esperanza y solidaridad.Que esta noch… Ver más"
María Patricia Arce,https://www.facebook.com/PatriciaArceSitioOficial,no,2020-03-24,32000,17,2025-06-27,post,https://www.facebook.com/share/p/1Hdk3RTsAJ/,0,3,19,11,0,7,0,0,1,0,"Un político, cuando hace declaraciones ante los medios de comunicación, debe ser responsable y hablar con fundamentos y con la realidad. Y no mellar la imagen y dignida… Ver más"
María Patricia Arce,https://www.facebook.com/PatriciaArceSitioOficial,no,2020-03-24,32000,17,2025-06-29,post,https://www.facebook.com/share/v/1AhohdcazK/,1,3,17,14,2,0,0,0,0,1,"En este 264 aniversario de nuestro querido municipio de Sacaba, quiero saludar con mucho respeto y cariño a todas sus autoridades y a su pueblo trabajador y luchador, h… Ver más"
María Patricia Arce,https://www.facebook.com/PatriciaArceSitioOficial,no,2020-03-24,32000,17,2025-06-29,post,https://www.facebook.com/share/v/16oy76rJVW/,0,3,79,56,21,0,0,0,0,2,"Querido hijo, siempre fuiste un niño valiente. Recuerdo siempre tu sonrisa y el amor que demostrabas con todos, poco a poco dejaste de ser ese pequeño niño y te convert… Ver más"
