nombre perfil,url perfil,candidato identificado,creación del perfil,seguidores,seguidos,fecha post,tipo de post,url post,comparticiones,comentarios,reacciones en total,me gusta,me encanta,me divierte,me entristece,me sorprende,me enoja,me importa,contenido
SILVIA MOLLER CHOQUE,https://www.facebook.com/silvia.mollerchoque,sí,,0,0,2025-07-17,reel,/reel/1236674514808716/?s=single_unit&__cft__[0]=AZUXE_yIsyvtJHsJKnMUK051OrL9FHWAbr5xG4cCqoUc-qh-RkJ12RJ9MTSMK0Kmy4kolJYio68iVKe0lgAkNbhDSQoMI2Bn6WD7rGKXUrbt6tSu35DqnxY9r0xoAp_zwDNVD5I3T--Lz5qgF10_sF_m4c-1ovFCrW7-4xedVrsCOzjieQjW9cqoM_getYzVHQI&__tn__=H-R,0,0,0,0,0,0,0,0,0,0,"Oruro tiene todo para despegar, ¿Va a seguir postergada?, claro que no, con @tuto tenemos un plan para explorar el potencial económico de la capital f… Ver más"
SILVIA MOLLER CHOQUE,https://www.facebook.com/silvia.mollerchoque,sí,,0,0,2025-07-20,post,https://www.facebook.com/share/p/1AqsiwcsnJ/,0,1,2,2,0,0,0,0,0,0,
SILVIA MOLLER CHOQUE,https://www.facebook.com/silvia.mollerchoque,sí,,0,0,2025-07-20,post,https://www.facebook.com/share/p/1S6UL28uCk/,3,1,7,7,0,0,0,0,0,0,
SILVIA MOLLER CHOQUE,https://www.facebook.com/silvia.mollerchoque,sí,,0,0,2025-07-20,post,https://www.facebook.com/share/p/157CuQSam3L/,0,0,0,0,0,0,0,0,0,0,
SILVIA MOLLER CHOQUE,https://www.facebook.com/silvia.mollerchoque,sí,,0,0,2025-07-20,post,https://www.facebook.com/share/p/16sReXvb52/,0,0,0,0,0,0,0,0,0,0,
SILVIA MOLLER CHOQUE,https://www.facebook.com/silvia.mollerchoque,sí,,0,0,2025-07-20,post,https://www.facebook.com/share/p/1BPHUtBXUc/,0,0,0,0,0,0,0,0,0,0,
SILVIA MOLLER CHOQUE,https://www.facebook.com/silvia.mollerchoque,sí,,0,0,2025-07-20,post,https://www.facebook.com/share/p/1Au4tVp6p7/,1,0,0,0,0,0,0,0,0,0,
SILVIA MOLLER CHOQUE,https://www.facebook.com/silvia.mollerchoque,sí,,0,0,2025-07-20,post,https://www.facebook.com/share/p/1BA6VHgijb/,0,0,0,0,0,0,0,0,0,0,
SILVIA MOLLER CHOQUE,https://www.facebook.com/silvia.mollerchoque,sí,,0,0,2025-07-20,post,https://www.facebook.com/share/p/19VF5zfMw3/,0,0,4,4,0,0,0,0,0,0,
SILVIA MOLLER CHOQUE,https://www.facebook.com/silvia.mollerchoque,sí,,0,0,2025-07-20,post,https://www.facebook.com/share/p/19QfGpeLhR/,0,0,0,0,0,0,0,0,0,0,
SILVIA MOLLER CHOQUE,https://www.facebook.com/silvia.mollerchoque,sí,,0,0,2025-07-20,post,https://www.facebook.com/share/p/1FzV29cmz1/,1,0,0,0,0,0,0,0,0,0,
SILVIA MOLLER CHOQUE,https://www.facebook.com/silvia.mollerchoque,sí,,0,0,2025-07-20,post,https://www.facebook.com/share/p/19pA8YEVZV/,0,0,0,0,0,0,0,0,0,0,
SILVIA MOLLER CHOQUE,https://www.facebook.com/silvia.mollerchoque,sí,,0,0,2025-07-20,post,https://www.facebook.com/share/p/174wWohLjM/,0,0,0,0,0,0,0,0,0,0,
SILVIA MOLLER CHOQUE,https://www.facebook.com/silvia.mollerchoque,sí,,0,0,2025-07-20,post,https://www.facebook.com/share/p/1K42K3bUYi/,0,0,0,0,0,0,0,0,0,0,
SILVIA MOLLER CHOQUE,https://www.facebook.com/silvia.mollerchoque,sí,,0,0,2025-07-20,post,https://www.facebook.com/share/p/1CQpSRhbBJ/,0,0,0,0,0,0,0,0,0,0,
SILVIA MOLLER CHOQUE,https://www.facebook.com/silvia.mollerchoque,sí,,0,0,2025-07-20,post,https://www.facebook.com/share/p/19UfTf6VdY/,0,0,1,1,0,0,0,0,0,0,
SILVIA MOLLER CHOQUE,https://www.facebook.com/silvia.mollerchoque,sí,,0,0,2025-07-20,post,https://www.facebook.com/share/p/1C5wdQANqo/,0,0,3,3,0,0,0,0,0,0,
SILVIA MOLLER CHOQUE,https://www.facebook.com/silvia.mollerchoque,sí,,0,0,2025-07-20,post,https://www.facebook.com/share/p/19KRSF3nEU/,0,1,2,2,0,0,0,0,0,0,
SILVIA MOLLER CHOQUE,https://www.facebook.com/silvia.mollerchoque,sí,,0,0,2025-07-20,post,https://www.facebook.com/share/p/19UvsKjUJ9/,0,0,0,0,0,0,0,0,0,0,
SILVIA MOLLER CHOQUE,https://www.facebook.com/silvia.mollerchoque,sí,,0,0,2025-07-22,post,https://www.facebook.com/share/p/16mYCyeh9s/,2,0,1,1,0,0,0,0,0,0,
SILVIA MOLLER CHOQUE,https://www.facebook.com/silvia.mollerchoque,sí,,0,0,2025-07-22,post,https://www.facebook.com/share/p/166V7VbMSC/,2,0,1,1,0,0,0,0,0,0,
SILVIA MOLLER CHOQUE,https://www.facebook.com/silvia.mollerchoque,sí,,0,0,2025-07-22,post,https://www.facebook.com/share/p/1C8Z6uVeWq/,0,0,0,0,0,0,0,0,0,0,
SILVIA MOLLER CHOQUE,https://www.facebook.com/silvia.mollerchoque,sí,,0,0,2025-07-22,post,https://www.facebook.com/share/p/1AvNVbW9cf/,5,2,18,18,0,0,0,0,0,0,
SILVIA MOLLER CHOQUE,https://www.facebook.com/silvia.mollerchoque,sí,,0,0,2025-07-23,post,https://www.facebook.com/share/p/1CdT2ckV1Y/,0,0,0,0,0,0,0,0,0,0,"#c30oruro
#juventudorurocontutopresidente
#tutoyjpconsilviadiputadoc-30
#EsConTuto
#tutoyjpvelascoysilvia… Ver más"
SILVIA MOLLER CHOQUE,https://www.facebook.com/silvia.mollerchoque,sí,,0,0,2025-07-23,post,https://www.facebook.com/silvia.mollerchoque/posts/pfbid02FMtd5EtaoMR6jqLJdNTC7jWn13Y6V7cKi9fEHQNwszbAnoSVvCG6pW119VQAuXh5l,0,0,0,0,0,0,0,0,0,0,
SILVIA MOLLER CHOQUE,https://www.facebook.com/silvia.mollerchoque,sí,,0,0,2025-07-23,post,https://www.facebook.com/share/p/1Fxu4ep53g/,0,0,0,0,0,0,0,0,0,0,
SILVIA MOLLER CHOQUE,https://www.facebook.com/silvia.mollerchoque,sí,,0,0,2025-07-23,post,https://www.facebook.com/share/p/1C6o9fAs8i/,0,0,0,0,0,0,0,0,0,0,
SILVIA MOLLER CHOQUE,https://www.facebook.com/silvia.mollerchoque,sí,,0,0,2025-07-23,post,https://www.facebook.com/share/p/16qo8vkYWD/,0,0,1,1,0,0,0,0,0,0,"#c30oruro
#juventudorurocontutopresidente
#tutoyjpconsilviadiputadoc-30
#tutoconoruro
#tutoyjpvelascoysilvia… Ver más"
