nombre perfil,url perfil,candidato identificado,creación del perfil,seguidores,seguidos,fecha post,tipo de post,url post,comparticiones,comentarios,reacciones en total,me gusta,me encanta,me divierte,me entristece,me sorprende,me enoja,me importa,contenido
ERICKA CHAVEZ AGUILERA,https://www.facebook.com/erickachavezc45,sí,,484,230,2025-06-02,post,https://www.facebook.com/share/p/1Ed8JNfRq8/,110,3,32,0,0,0,0,0,0,0,¡Rumbo a la Victoria!… Ver más
ERICKA CHAVEZ AGUILERA,https://www.facebook.com/erickachavezc45,sí,,484,230,2025-06-04,post,https://www.facebook.com/share/16fxjFqEyh/,1,1,18,0,0,0,0,0,0,0,
ERICKA CHAVEZ AGUILERA,https://www.facebook.com/erickachavezc45,sí,,484,230,2025-06-05,post,https://www.facebook.com/share/p/15UY3QMU9j/,109,6,33,0,0,0,0,0,0,0,"𝑭𝑬𝑳𝑰𝒁 𝑫𝑰𝑨 𝑫𝑬 𝑳𝑨𝑺 𝑴𝑨𝑫𝑹𝑬𝑺
La diputada Ericka … Ver más"
ERICKA CHAVEZ AGUILERA,https://www.facebook.com/erickachavezc45,sí,,484,230,2025-06-05,post,https://www.facebook.com/share/1MA6YM16o3/,0,0,23,0,0,0,0,0,0,0,
ERICKA CHAVEZ AGUILERA,https://www.facebook.com/erickachavezc45,sí,,484,230,2025-06-06,post,https://www.facebook.com/share/p/18hqjJi3FY/,0,0,7,0,0,0,0,0,0,0,"#YaFaltaPoco 
#100diascarajo … Ver más"
ERICKA CHAVEZ AGUILERA,https://www.facebook.com/erickachavezc45,sí,,484,230,2025-06-07,post,https://www.facebook.com/share/p/18F9XgxUnG/,7,4,38,0,0,0,0,0,0,0, Feria Barrio Lindo – 4… Ver más
ERICKA CHAVEZ AGUILERA,https://www.facebook.com/erickachavezc45,sí,,484,230,2025-06-07,post,https://www.facebook.com/share/v/1Bhm6yW6Nw/,8,1,27,0,0,0,0,0,0,0,"#FestejosDiadelaMadre 
#YaFaltaPoco … Ver más"
ERICKA CHAVEZ AGUILERA,https://www.facebook.com/erickachavezc45,sí,,484,230,2025-06-08,post,https://www.facebook.com/share/p/14y5jSDkc1/,6,2,21,0,0,0,0,0,0,0,"Únete a la ""Gran Caminata por el cambio"" en el Distrito #3 junto a nuestro candidato a la Presidencia Samuel Doria Medina… Ver más"
ERICKA CHAVEZ AGUILERA,https://www.facebook.com/erickachavezc45,sí,,484,230,2025-06-10,post,https://www.facebook.com/share/p/1BsdmFUvDt/,4,9,31,0,0,0,0,0,0,0,SAMUEL PRESIDENTE! … Ver más
