nombre perfil,url perfil,candidato identificado,creación del perfil,seguidores,seguidos,fecha post,tipo de post,url post,comparticiones,comentarios,reacciones en total,me gusta,me encanta,me divierte,me entristece,me sorprende,me enoja,me importa,contenido
Feminismo Comunitario Antipatriarcal,https://www.facebook.com/feminismo.comunitario.Antipatriarcal,no,2014-05-16,34000,0,2025-07-01,post,https://www.facebook.com/share/p/1AkUm7ZzEh/,2,0,15,14,1,0,0,0,0,0,#JusticiaParaElPuebloLenca
Feminismo Comunitario Antipatriarcal,https://www.facebook.com/feminismo.comunitario.Antipatriarcal,no,2014-05-16,34000,0,2025-07-01,post,https://www.facebook.com/share/p/1FEesQ2ReS/,1500,6,2400,1300,871,1,37,1,0,132,"@danielasamaniegor
#DanielaSamaniego"
Feminismo Comunitario Antipatriarcal,https://www.facebook.com/feminismo.comunitario.Antipatriarcal,no,2014-05-16,34000,0,2025-07-02,post,https://www.facebook.com/share/p/171J2w2KUG/,1,0,4,3,1,0,0,0,0,0,"Estamos alerta!!!
El litio no está en venta!!!… Ver más"
Feminismo Comunitario Antipatriarcal,https://www.facebook.com/feminismo.comunitario.Antipatriarcal,no,2014-05-16,34000,0,2025-07-04,post,https://www.facebook.com/share/p/1G7QqE6MoB/,0,0,11,7,4,0,0,0,0,0,
Feminismo Comunitario Antipatriarcal,https://www.facebook.com/feminismo.comunitario.Antipatriarcal,no,2014-05-16,34000,0,2025-07-05,post,https://www.facebook.com/share/p/1CW42uahdL/,0,0,3,1,0,0,0,0,0,2,"#LibertadaParaOcalan
#LaRevolucionDelPuebloKurdoSigue"
