nombre perfil,url perfil,candidato identificado,creación del perfil,seguidores,seguidos,fecha post,tipo de post,url post,comparticiones,comentarios,reacciones en total,me gusta,me encanta,me divierte,me entristece,me sorprende,me enoja,me importa,contenido
Ciberwarmis - Mujeres ayudando a mujeres,https://www.facebook.com/Ciberwarmis.bo,no,2020-04-21,11000,0,2025-06-16,post,https://www.facebook.com/share/p/1EBLD8dvZm/,5,0,34,20,13,0,0,0,0,1,"#Hadas  #Feministas 
Recuerda que no existe una sola forma de ser #Feminista o una expresión única del #Feminismo 
A… Ver más"
Ciberwarmis - Mujeres ayudando a mujeres,https://www.facebook.com/Ciberwarmis.bo,no,2020-04-21,11000,0,2025-06-16,post,https://www.facebook.com/share/p/15vLSrLpDV/,3,0,20,15,5,0,0,0,0,0,"""el mundo necesita más mujeres jóvenes enfadadas. No por capricho, sino por justicia. Porque mientras el planeta arde, las violencias se intensifican y los derechos se … Ver más"
Ciberwarmis - Mujeres ayudando a mujeres,https://www.facebook.com/Ciberwarmis.bo,no,2020-04-21,11000,0,2025-06-17,post,https://www.facebook.com/share/p/16c5G56pT1/,6,3,22,18,4,0,0,0,0,0," RECOMENDACIONES PARA INICIAR EN EL CIBERFEMINISMO
Tu voz y presencia es importante en #Internet 
… Ver más"
Ciberwarmis - Mujeres ayudando a mujeres,https://www.facebook.com/Ciberwarmis.bo,no,2020-04-21,11000,0,2025-06-19,post,https://www.facebook.com/share/p/16hLB3ZwM6/,9,1,27,21,5,0,0,0,0,1, IMPORTANCIA DE HACER CIBERFEMINISMO … Ver más
Ciberwarmis - Mujeres ayudando a mujeres,https://www.facebook.com/Ciberwarmis.bo,no,2020-04-21,11000,0,2025-06-22,post,https://www.facebook.com/share/p/18w1jMcuEN/,4,1,23,18,5,0,0,0,0,0," IMPORTANCIA DE HACER CIBERFEMINISMO Y DARNOS AMORCITO FEMINISTA ENTRE NOSOTRAS 
Sabemos que hacer contenido #Feminista en internet es dificil, pero recuerda que tu v… Ver más"
Ciberwarmis - Mujeres ayudando a mujeres,https://www.facebook.com/Ciberwarmis.bo,no,2020-04-21,11000,0,2025-06-22,post,2025-06-22,0,0,0,0,0,0,0,0,0,0,
Ciberwarmis - Mujeres ayudando a mujeres,https://www.facebook.com/Ciberwarmis.bo,no,2020-04-21,11000,0,2025-06-23,post,https://www.facebook.com/share/p/1CHL2SuMdK/,0,2,8,7,1,0,0,0,0,0,#AñoNuevoAymara #2025 … Ver más
Ciberwarmis - Mujeres ayudando a mujeres,https://www.facebook.com/Ciberwarmis.bo,no,2020-04-21,11000,0,2025-06-23,post,https://www.facebook.com/share/p/1LHjorUchi/,12,2,26,20,5,0,0,0,0,1,"#EnfoqueFeminista  
Hablemos del morbo y la complicidad que existe en la #ViolenciaDigital. No solo se trata de la difusión de un video, se trata de violencia, insegur… Ver más"
