nombre perfil,url perfil,candidato identificado,creación del perfil,seguidores,seguidos,fecha post,tipo de post,url post,comparticiones,comentarios,reacciones en total,me gusta,me encanta,me divierte,me entristece,me sorprende,me enoja,me importa,contenido
AMALIA APAZA MAMANI,https://www.facebook.com/amalia.apazamamani,no,,0,0,2025-07-02,reel,/reel/1438388820836514/?s=single_unit&__cft__[0]=AZWZcDxNzBaEqZjMvRd2dn9WfiSxEr8K9xV29Cp2Jk9315Khtqrgq4HO4eoMhDh_hvP4m4W81XeRT3JNbrkoTgHmKfW0nc9WxMpABGsI9sxmEcYqSq_iXov8-6O4z6MSdRqLxiMvZAgXxDlMwrClg_Iyp6p4DVB0HUV6EEGdm1NtFg&__tn__=H-R,9,1,13,13,0,0,0,0,0,0,💜💜💜
AMALIA APAZA MAMANI,https://www.facebook.com/amalia.apazamamani,no,,0,0,2025-07-03,reel,/reel/1184149493468370/?s=single_unit&__cft__[0]=AZXdk7tpeuNozLyIRsGmND9-z0wFVhC65_SeElHsXX2yqUIrRXOHSQnW_USPwb7TPKfL_xkfIIIGPsTvpBHer-U3BQCmelVK8GMmOgev5WYqzNOUXBvzixSqZmOXg7O9mgZi60eSpevq_BSVZzJUBepN2iQPBYEJTA7tYqneR0zFqtwsZ-d6Jh9Qv0lT2Lnu6i8&__tn__=H-R,0,0,0,0,0,0,0,0,0,0,FELICIDADES AL MUNICIPIO DE SHINAHOTA EN SU 16 ANIVERSARIO JUNTÓ A MANFRED PRESIDENTE 🇧🇴. LA TRANSFORMACIÓN ES AHORA.
AMALIA APAZA MAMANI,https://www.facebook.com/amalia.apazamamani,no,,0,0,2025-07-03,reel,/reel/1184149493468370/?s=single_unit&__cft__[0]=AZXvoTUlh5TevCWkhtCD0OnXSY0Hb2OQJC8Ok3uwRe4gtC2bGdmAMf8e67whf2V2xpY2wqmrvj6J0uuypF911o7WjilXxJ-85X_Fqt0esd4PWV6wIT-OI5pEmKh6I9uHdnnZm8d6pXPyeH7YpE_HjZAnoQwchPdqJBVXvkRiYV8Mm6D_ORjmOLLW2JKkabg9Y4s&__tn__=H-R,0,0,0,0,0,0,0,0,0,0,FELICIDADES AL MUNICIPIO DE SHINAHOTA EN SU 16 ANIVERSARIO JUNTÓ A MANFRED PRESIDENTE 🇧🇴. LA TRANSFORMACIÓN ES AHORA.
AMALIA APAZA MAMANI,https://www.facebook.com/amalia.apazamamani,no,,0,0,2025-07-05,reel,/reel/719010660952308/?s=single_unit&__cft__[0]=AZXKlB9cyrio4JEljtHe-DuuyPHBvlDi-2joSBZRW9BVpciff_jmCKlnKiBp2Q0qe2Mq1PJ8cCBjiIhGu1NwzkHNbNbQZ1cd8fG6Mx8IzKeaym-8fvALzBq4_icDg_w-zthN0RRSpfmSPLtHAN60N9o4PeWM5O_o9AMtc5h9CDMwzA&__tn__=H-R,0,1,5,5,0,0,0,0,0,0,#ManfredPresidente #MedranoVicepresidente #AmaliaDiputadaDelTropico #TropicoDeCochabamba
AMALIA APAZA MAMANI,https://www.facebook.com/amalia.apazamamani,no,,0,0,2025-07-06,reel,/reel/517592434774906/?s=single_unit&__cft__[0]=AZVHrKNnzQmb-dG2oWE5n3pSIUMiMb48wjn_fzrjWbH0jT3MJ5xll3OuaD_65vOF8bqvqirXJ2vzLTG4SpEllU7gbQCqBlgtUaAqik6ms3Q1IY171BM9YH0S6DKekW8gxQh88_udcNHOGVWnXLOGkq8FOHY3oyU6geVycKwxysT3yVK1VOBav0p20XlTcD8W5n8&__tn__=H-R,0,0,0,0,0,0,0,0,0,0,
