nombre perfil,url perfil,creación del perfil,seguidores,seguidos,fecha post,url post,comparticiones,reacciones en total,me gusta,me encanta,me divierte,me entristece,me sorprende,me enoja,me importa,contenido
Lilibeth Coimbra ,https://www.facebook.com/LilibethCoimbra1,2023-04-16,63000,0,2025-05-27,https://www.facebook.com/share/p/1AkGsNZDtc/,8,139,132,4,0,0,0,1,2,Pocos o ningún medio ha replicado sobre la manipulación de pruebas y mentiras que se difundieron en  mi contra. Gracias Mauricio Porras por hacer eco de lo que los medios callan.
Lilibeth Coimbra ,https://www.facebook.com/LilibethCoimbra1,2023-04-16,63000,0,2025-05-27,https://www.facebook.com/share/p/1Zgi5A3VQf/,12,103,97,2,0,2,1,1,0,"Sobre los chats que usaron para acusarme falsamente de ""biocidio"", han manipulado chats y claramente no son de mi celular distorsionando,aumentando y quitando frases y … Ver más"
Lilibeth Coimbra ,https://www.facebook.com/LilibethCoimbra1,2023-04-16,63000,0,2025-05-27,"0F011D47624FB98F
",1,378,291,82,0,0,2,0,3,"Publico muy poco de mi y mi vida personal, 98% de mis publicaciones son temas de interés social, rara vez sobre mi, pero esta vez creo que lo amerita, ya que muchas muj… Ver más"
Lilibeth Coimbra ,https://www.facebook.com/LilibethCoimbra1,2023-04-16,63000,0,2025-05-28,https://www.facebook.com/share/p/18tU97ajBZ/,50,437,212,0,106,2,96,20,1,"Ay no. 
 Por favor busquemos gente preparada, y que no sea sólo tener título, que tenga logros profesionales o al menos demuestre saber trabajar. Porque hay vividor… Ver más"
Lilibeth Coimbra ,https://www.facebook.com/LilibethCoimbra1,2023-04-16,63000,0,2025-05-28,https://www.facebook.com/share/p/1EV4PHq3PT/,43,101,25,0,0,13,5,58,0,
Lilibeth Coimbra ,https://www.facebook.com/LilibethCoimbra1,2023-04-16,63000,0,2025-05-28,https://www.facebook.com/share/p/16d21G1h37/,0,158,52,0,99,0,7,0,0,De qué me perdí?
Lilibeth Coimbra ,https://www.facebook.com/LilibethCoimbra1,2023-04-16,63000,0,2025-05-30,https://www.facebook.com/share/p/1E3k1p584X/,75,381,342,3,1,24,1,8,2,
Lilibeth Coimbra ,https://www.facebook.com/LilibethCoimbra1,2023-04-16,63000,0,2025-05-31,https://www.facebook.com/share/p/1C7UbkeiTY/,41,363,276,2,34,0,36,12,3,"Ahora no van a salir los juzgadores del pueblo a decir que ""solo los traidores se reúnen con tal y tal"" o su estupidez de que ""aquí está la prueba irrefutable de que es… Ver más"
Lilibeth Coimbra ,https://www.facebook.com/LilibethCoimbra1,2023-04-16,63000,0,2025-05-31,https://www.facebook.com/share/p/1AqftcGDyW/,2,5,4,1,0,0,0,0,0,
Lilibeth Coimbra ,https://www.facebook.com/LilibethCoimbra1,2023-04-16,63000,0,2025-06-01,https://www.facebook.com/share/p/1Gw7q5rxcf/,16,420,326,8,82,0,2,2,0,"Yo creo y siempre he dicho que me parece un error descalificar las encuestas, más allá de que sea de nuestro agrado o no, que sean referencia para encontrar una manera … Ver más"
Lilibeth Coimbra ,https://www.facebook.com/LilibethCoimbra1,2023-04-16,63000,0,2025-06-01,https://www.facebook.com/share/p/1DiHXxfc1v/,72,215,140,0,6,0,2,67,0,
Lilibeth Coimbra ,https://www.facebook.com/LilibethCoimbra1,2023-04-16,63000,0,2025-06-01,https://www.facebook.com/share/p/1CrgpifyQj/,7,23,18,3,0,0,0,0,2," CAMPAÑA SOLIDARIA DE INVIERNO :Abrigando sueños
 … Ver más"
Lilibeth Coimbra ,https://www.facebook.com/LilibethCoimbra1,2023-04-16,63000,0,2025-06-01,https://www.facebook.com/share/p/1AYodU4ZSF/,5,30,18,0,0,6,1,5,0,"Son muchas las personas pidiendo un poco de justicia, es increíble que amedrentar a alguien sea más importante en este país, que a uno por criticar al gobierno, pero si… Ver más"
Lilibeth Coimbra ,https://www.facebook.com/LilibethCoimbra1,2023-04-16,63000,0,2025-06-01,https://www.facebook.com/share/p/1HEv2yJMHP/,24,48,31,1,0,14,0,0,2,"El bebé Agner necesita de nuestra ayuda.
Amigos, el bebé Agner ya fué dado de alta gracias a la ayuda de muchos de ustedes, pero ahora hay un pequeño problema, para que… Ver más"
Lilibeth Coimbra ,https://www.facebook.com/LilibethCoimbra1,2023-04-16,63000,0,2025-06-01,https://www.facebook.com/share/p/1AchcaKutV/,7,17,12,0,0,5,0,0,0,
Lilibeth Coimbra ,https://www.facebook.com/LilibethCoimbra1,2023-04-16,63000,0,2025-06-01,https://www.facebook.com/share/p/15cRU8koaL/,53,418,31,1,386,0,0,0,0," 
 
 
 "
Lilibeth Coimbra ,https://www.facebook.com/LilibethCoimbra1,2023-04-16,63000,0,2025-06-01,https://www.facebook.com/share/p/16btQADgJj/,11,148,16,2,128,0,1,1,0," 
 
 
 "
Lilibeth Coimbra ,https://www.facebook.com/LilibethCoimbra1,2023-04-16,63000,0,2025-06-02,https://www.facebook.com/share/p/1AFVD7B7Y2/,8,226,174,2,44,5,1,0,0,"Me recuerda a alguien. 
 "
Lilibeth Coimbra ,https://www.facebook.com/LilibethCoimbra1,2023-04-16,63000,0,2025-06-02,https://www.facebook.com/share/p/16hNxanSgt/,5,68,60,0,7,0,0,1,0,
Lilibeth Coimbra ,https://www.facebook.com/LilibethCoimbra1,2023-04-16,63000,0,2025-06-02,https://www.facebook.com/share/p/16LktVU3ad/,10,229,7,0,218,0,4,0,0,¿Cómo que no puedo viajar en BOA? 
Lilibeth Coimbra ,https://www.facebook.com/LilibethCoimbra1,2023-04-16,63000,0,2025-06-02,https://www.facebook.com/share/p/16MnjxkuZ7/,18,50,43,2,0,1,4,0,0,
Lilibeth Coimbra ,https://www.facebook.com/LilibethCoimbra1,2023-04-16,63000,0,2025-06-02,https://www.facebook.com/share/p/16Nc3h8xc5/,39,345,327,7,7,0,0,2,2,"Sólo recordarles que las encuestas del 2020 aunque hubo un margen de error grandísimo, si nos advertian sobre lo que iba a ocurrir, no quisimos aceptarlo y las respuest… Ver más"
