nombre perfil,url perfil,snapshot_date,creación del perfil,candidato identificado,seguidores,seguidos,fecha post,tipo de post,url post,comparticiones,comentarios,reacciones en total,me gusta,me encanta,me divierte,me entristece,me sorprende,me enoja,me importa,contenido
Wikimedistas de Bolivia,https://www.facebook.com/wikimedistasdebolivia,2025-05-23,2011-05-04,no,4300,0,2025-05-20,post,not-found-post-url--31270,0,0,,0,0,0,0,0,0,0,En abril desarrollamos diversas actividades en Tarija para que tarijeños y tarijeñas compartan con el mundo características de su cultura desde su propia realidad. Uno… Ver más
Wikimedistas de Bolivia,https://www.facebook.com/wikimedistasdebolivia,2025-06-11,2011-05-04,no,4300,0,2025-05-20,post,https://www.facebook.com/share/p/1C8y2oczYS/,2,0,3,0,0,0,0,0,0,0,En abril desarrollamos diversas actividades en Tarija para que tarijeños y tarijeñas compartan con el mundo características de su cultura desde su propia realidad. Uno… Ver más
Wikimedistas de Bolivia,https://www.facebook.com/wikimedistasdebolivia,2025-05-22,2011-05-04,no,4300,0,2025-05-20,post,not-found-post-url--465842,0,0,,0,0,0,0,0,0,0," Editar, cuidar y resistir en los territorios digitales
Este marzo nos encontramos para hackear el tiempo y ponerlo al servicio de la memoria feminista.… Ver más"
Wikimedistas de Bolivia,https://www.facebook.com/wikimedistasdebolivia,2025-06-11,2011-05-04,no,4300,0,2025-05-22,post,https://www.facebook.com/share/p/1Ajh61dab8/,21,0,12,0,0,0,0,0,0,0,"Hace 27 años la tierra tembló en Cochabamba. El terremoto de 6.6 en la escala de Richter y que sucedió en la madrugada del 22 de mayo, afectó a los municipios de Aiquil… Ver más"
Wikimedistas de Bolivia,https://www.facebook.com/wikimedistasdebolivia,2025-06-11,2011-05-04,no,4300,0,2025-05-22,post,https://www.facebook.com/share/p/1EhznRHNwo/,0,0,11,0,0,0,0,0,0,0,¿Cómo avanza el taller de fotografía para jóvenes en El Alto?  Las y los 20 jóvenes que son parte del taller continúan con aprendizajes teóricos y actividades práctica… Ver más
Wikimedistas de Bolivia,https://www.facebook.com/wikimedistasdebolivia,2025-05-23,2011-05-04,no,4300,0,2025-05-22,post,not-found-post-url--127103,0,0,,0,0,0,0,0,0,0,¿Cómo avanza el taller de fotografía para jóvenes en El Alto?  Las y los 20 jóvenes que son parte del taller continúan con aprendizajes teóricos y actividades práctica… Ver más
Wikimedistas de Bolivia,https://www.facebook.com/wikimedistasdebolivia,2025-05-22,2011-05-04,no,4300,0,2025-05-22,post,not-found-post-url--172368,0,0,,4,0,0,0,0,0,0,¿Cómo avanza el taller de fotografía para jóvenes en El Alto?  Las y los 20 jóvenes que son parte del taller continúan con aprendizajes teóricos y actividades práctica… Ver más
Wikimedistas de Bolivia,https://www.facebook.com/wikimedistasdebolivia,2025-06-11,2011-05-04,no,4300,0,2025-05-23,post,https://www.facebook.com/share/p/16Xmjz2sew/,1,0,10,0,0,0,0,0,0,0,¡Llega un nuevo Wikihabilidades! El lunes 26 de mayo tenemos una sesión presencial para aprender tips y herramientas para viajes fotográficos a áreas rurales. … Ver más
Wikimedistas de Bolivia,https://www.facebook.com/wikimedistasdebolivia,2025-05-23,2011-05-04,no,4300,0,2025-05-23,post,not-found-post-url--190196,0,0,,0,0,0,0,0,0,0,¡Llega un nuevo Wikihabilidades! El lunes 26 de mayo tenemos una sesión presencial para aprender tips y herramientas para viajes fotográficos a áreas rurales. … Ver más
Wikimedistas de Bolivia,https://www.facebook.com/wikimedistasdebolivia,2025-06-02,2011-05-04,no,4300,0,2025-05-26,post,https://www.facebook.com/share/p/1KryHN5aCF/,0,0,,0,0,0,0,0,0,0,"Una nueva semana, un día dedicado a aprender una nueva habilidad.… Ver más"
Wikimedistas de Bolivia,https://www.facebook.com/wikimedistasdebolivia,2025-06-02,2011-05-04,no,4300,0,2025-05-27,post,https://www.facebook.com/share/p/15eJx9fSzw/,0,0,,0,0,0,0,0,0,0," Tenemos que confesarte que sí, realizamos este taller para sacar mejores fotografías de gatitos y claro, mejorar la representación visual sobre la cultura viva de … Ver más"
Wikimedistas de Bolivia,https://www.facebook.com/wikimedistasdebolivia,2025-06-11,2011-05-04,no,4300,0,2025-05-30,post,https://www.facebook.com/share/p/16kjnsxHjA/,0,0,5,0,0,0,0,0,0,0,"¡Hoy empezó la Eduwiki conference! 
Nu… Ver más"
Wikimedistas de Bolivia,https://www.facebook.com/wikimedistasdebolivia,2025-06-02,2011-05-04,no,4300,0,2025-05-30,post,https://www.facebook.com/share/p/16c1BqFaCt/,0,0,,0,0,0,0,0,0,0,"¡Hoy empezó la Eduwiki conference! 
Nu… Ver más"
Wikimedistas de Bolivia,https://www.facebook.com/wikimedistasdebolivia,2025-06-11,2011-05-04,no,4300,0,2025-05-30,post,https://www.facebook.com/share/p/19FPs2tdRQ/,9,0,5,0,0,0,0,0,0,0,Este año se cumplen 25 años de la Guerra del agua en Cochabamba. … Ver más
Wikimedistas de Bolivia,https://www.facebook.com/wikimedistasdebolivia,2025-06-02,2011-05-04,no,4300,0,2025-06-02,post,https://www.facebook.com/share/p/16XwYkThVg/,0,0,,1,0,0,0,0,0,0,¿Recuerdas que te contamos sobre este evento? Ahora puedes conocer de primera mano qué se conversó en este conversatorio.… Ver más
Wikimedistas de Bolivia,https://www.facebook.com/wikimedistasdebolivia,2025-06-10,2011-05-04,no,4300,0,2025-06-04,post,https://www.facebook.com/share/15bbMZdcFC/,0,0,3,0,0,0,0,0,0,0,
Wikimedistas de Bolivia,https://www.facebook.com/wikimedistasdebolivia,2025-06-11,2011-05-04,no,4300,0,2025-06-04,post,https://www.facebook.com/share/1RQLTPzFQF/,0,0,4,0,0,0,0,0,0,0,
Wikimedistas de Bolivia,https://www.facebook.com/wikimedistasdebolivia,2025-06-11,2011-05-04,no,4300,0,2025-06-05,post,https://www.facebook.com/share/p/1MZxRxXqme/,0,0,7,0,0,0,0,0,0,0,¡Hoy es día del medio ambiente! Y queremos compartirte esta infografía tan guapa que hicimos sobre un trabajo de reforestación que realizó el grupo scout Alemán en el … Ver más
Wikimedistas de Bolivia,https://www.facebook.com/wikimedistasdebolivia,2025-06-10,2011-05-04,no,4300,0,2025-06-05,post,https://www.facebook.com/share/p/16a5xkyKoc/,0,0,7,0,0,0,0,0,0,0,¡Hoy es día del medio ambiente! Y queremos compartirte esta infografía tan guapa que hicimos sobre un trabajo de reforestación que realizó el grupo scout Alemán en el … Ver más
Wikimedistas de Bolivia,https://www.facebook.com/wikimedistasdebolivia,2025-06-10,2011-05-04,no,4300,0,2025-06-06,post,https://www.facebook.com/share/p/16n4pADcvC/,6,0,5,0,0,0,0,0,0,0,"¡Wiki Loves Pride! Por ello organizamos esta jornada para subir fotografías con las amigas de la Casa trans Cochabamba, la Coordinadora LGBTIQ+ en Cochabamba y el Movi… Ver más"
Wikimedistas de Bolivia,https://www.facebook.com/wikimedistasdebolivia,2025-06-10,2011-05-04,no,4300,0,2025-06-09,post,https://www.facebook.com/share/p/195vWj7fEx/,6,1,10,0,0,0,0,0,0,0,"Como parte de las actividades de Wiki Loves Pride en Bolivia, nos sumamos a Diversa, Festival Cultural Cuir y el Centro Cultural de España en La Paz para mejorar el co… Ver más"
Wikimedistas de Bolivia,https://www.facebook.com/wikimedistasdebolivia,2025-06-11,2011-05-04,no,4300,0,2025-06-10,post,https://www.facebook.com/share/p/1LjCsBbaGg/,1,0,7,0,0,0,0,0,0,0,¡La comunidad de Wikimedistas en Bolivia crece de manera constante!… Ver más
Wikimedistas de Bolivia,https://www.facebook.com/wikimedistasdebolivia,2025-06-10,2011-05-04,no,4300,0,2025-06-10,post,https://www.facebook.com/share/p/19SgC4GymM/,1,0,6,0,0,0,0,0,0,0,¡La comunidad de Wikimedistas en Bolivia crece de manera constante!… Ver más
Wikimedistas de Bolivia,https://www.facebook.com/wikimedistasdebolivia,2025-06-11,2011-05-04,no,4300,0,2025-06-10,post,https://www.facebook.com/share/p/16jg8LLJvh/,0,0,1,0,0,0,0,0,0,0,¡Tenemos todo listo para celebrar el 28 de junio con conocimiento libre!
