nombre perfil,url perfil,candidato identificado,creación del perfil,seguidores,seguidos,fecha post,tipo de post,url post,comparticiones,comentarios,reacciones en total,me gusta,me encanta,me divierte,me entristece,me sorprende,me enoja,me importa,contenido
Pan y Rosas Bolivia,https://www.facebook.com/panyrosasdebolivia,no,2016-03-12,10000,279,2025-06-30,post,https://www.facebook.com/share/p/175vwVbUYm/,30,1,31,20,8,0,0,0,0,3,"CONVERSATORIO: 
DIVERSIDADES Y DISIDENCIAS FRENTE A LA COYUNTURA INTERNACIONAL Y LA CRISIS ECONÓMICA Y REPRESIÓN EN BOLIVIA … Ver más"
Pan y Rosas Bolivia,https://www.facebook.com/panyrosasdebolivia,no,2016-03-12,10000,279,2025-07-02,post,https://www.facebook.com/share/p/1EoSwfpBav/,0,0,2,1,1,0,0,0,0,0,"CONVERSATORIO: 
DIVERSIDADES Y DISIDENCIAS FRENTE A LA COYUNTURA INTERNACIONAL Y LA CRISIS ECONÓMICA Y REPRESIÓN EN BOLIVIA 
 PARTICIPAN:
Cesar Antezana
In… Ver más"
