nombre perfil,url perfil,snapshot_date,creación del perfil,candidato identificado,seguidores,seguidos,fecha post,tipo de post,url post,comparticiones,comentarios,reacciones en total,me gusta,me encanta,me divierte,me entristece,me sorprende,me enoja,me importa,contenido
PALMENIA YESINA VILLEGAS FLORES,https://www.facebook.com/palmenia.villegasflores,2025-07-22,,no,0,0,2025-07-14,post,https://www.facebook.com/palmenia.villegasflores/posts/pfbid02r2EJJiQpPMVfX4omKJwX13qf7q5x7uLDBAJevUBavZfvRXGPrZNBMh1cf3VTZmGul,0,0,0,0,0,0,0,0,0,0,
PALMENIA YESINA VILLEGAS FLORES,https://www.facebook.com/palmenia.villegasflores,2025-07-22,,no,0,0,2025-07-14,post,https://www.facebook.com/palmenia.villegasflores/posts/pfbid024pK9w4ja68ciafZuFrcmo8K2GQdgi8pqDCEHUAkkPadveWktJtrYDmeGrhwqHfUDl,1,0,1,1,0,0,0,0,0,0,
PALMENIA YESINA VILLEGAS FLORES,https://www.facebook.com/palmenia.villegasflores,2025-07-22,,no,0,0,2025-07-15,post,https://www.facebook.com/share/p/162vvDoy6W/,0,0,0,0,0,0,0,0,0,0,
PALMENIA YESINA VILLEGAS FLORES,https://www.facebook.com/palmenia.villegasflores,2025-07-22,,no,0,0,2025-07-15,post,https://www.facebook.com/share/p/18CRTDEEQd/,2,0,8,8,0,0,0,0,0,0,
PALMENIA YESINA VILLEGAS FLORES,https://www.facebook.com/palmenia.villegasflores,2025-07-22,,no,0,0,2025-07-15,post,https://www.facebook.com/share/p/16ybJdYj67/,0,0,0,0,0,0,0,0,0,0,
PALMENIA YESINA VILLEGAS FLORES,https://www.facebook.com/palmenia.villegasflores,2025-07-22,,no,0,0,2025-07-17,reel,/reel/659442943805235/?s=single_unit&__cft__[0]=AZUBjes7FojUofrAur4ewu-mtZEPiR4gnLGL_XSl7OkX4x47qypaJdcavBMWOKWx48uERQKOx3DR6CHatjuTLPKVx1h6vyWrdlFbCET0Bvnactxw8E7uVetgrpIu6SIMZN2cjpiBHiEOZ3KTf0PqceIxZ76CHHMUh4GXS3Uo0vZ9k4WEd5P8fqFxp4I6PAXm8nQ&__tn__=H-R,0,0,0,0,0,0,0,0,0,0,"Hoy hemos venido a la provincia Arce, en Tarija, para dar inicio a la producción de gas en el campo Churumas. Esta es una clara evidencia de que nuest… Ver más"
PALMENIA YESINA VILLEGAS FLORES,https://www.facebook.com/palmenia.villegasflores,2025-07-22,,no,0,0,2025-07-17,post,https://www.facebook.com/share/p/16iDzhQiki/,0,0,0,0,0,0,0,0,0,0,
PALMENIA YESINA VILLEGAS FLORES,https://www.facebook.com/palmenia.villegasflores,2025-07-22,,no,0,0,2025-07-18,post,https://www.facebook.com/share/p/1EKMVov2iX/,0,0,1,1,0,0,0,0,0,0,
PALMENIA YESINA VILLEGAS FLORES,https://www.facebook.com/palmenia.villegasflores,2025-07-22,,no,0,0,2025-07-18,post,https://www.facebook.com/share/p/1AtxFbmPjX/,0,0,0,0,0,0,0,0,0,0,
PALMENIA YESINA VILLEGAS FLORES,https://www.facebook.com/palmenia.villegasflores,2025-07-22,,no,0,0,2025-07-18,post,https://www.facebook.com/palmenia.villegasflores/posts/pfbid0vViMtEvPnToho1CfiLL9QjTnbsrHhJDpcJD894rDAw8vNgsLB3qw18R9KnUbSD4Yl,0,0,0,0,0,0,0,0,0,0,
PALMENIA YESINA VILLEGAS FLORES,https://www.facebook.com/palmenia.villegasflores,2025-07-22,,no,0,0,2025-07-18,post,https://www.facebook.com/share/p/1DkEM6zNbW/,0,0,0,0,0,0,0,0,0,0,
PALMENIA YESINA VILLEGAS FLORES,https://www.facebook.com/palmenia.villegasflores,2025-07-22,,no,0,0,2025-07-19,post,https://www.facebook.com/share/p/1Bpj4RKtB7/,0,0,1,1,0,0,0,0,0,0,
PALMENIA YESINA VILLEGAS FLORES,https://www.facebook.com/palmenia.villegasflores,2025-07-22,,no,0,0,2025-07-19,post,https://www.facebook.com/share/p/16oXtLRe6s/,0,0,0,0,0,0,0,0,0,0,
PALMENIA YESINA VILLEGAS FLORES,https://www.facebook.com/palmenia.villegasflores,2025-07-22,,no,0,0,2025-07-20,post,https://www.facebook.com/share/p/1YWZwAY6bg/,0,0,0,0,0,0,0,0,0,0,
PALMENIA YESINA VILLEGAS FLORES,https://www.facebook.com/palmenia.villegasflores,2025-07-22,,no,0,0,2025-07-20,post,https://www.facebook.com/share/p/1CZVC5n55P/,1,0,3,2,0,1,0,0,0,0,
PALMENIA YESINA VILLEGAS FLORES,https://www.facebook.com/palmenia.villegasflores,2025-07-22,,no,0,0,2025-07-20,post,https://www.facebook.com/palmenia.villegasflores/posts/pfbid02vBhBgp8X1gJ2eH9vcY7nrgoeecYiZPtjC99YdyzDGod2BHLV7vRfX5SeyaNpmDvql,1,0,2,2,0,0,0,0,0,0,
PALMENIA YESINA VILLEGAS FLORES,https://www.facebook.com/palmenia.villegasflores,2025-07-22,,no,0,0,2025-07-20,post,https://www.facebook.com/share/p/16w4kuA2ef/,0,0,1,1,0,0,0,0,0,0,
PALMENIA YESINA VILLEGAS FLORES,https://www.facebook.com/palmenia.villegasflores,2025-07-22,,no,0,0,2025-07-20,post,https://www.facebook.com/share/p/18h2waFX35/,0,0,0,0,0,0,0,0,0,0,
PALMENIA YESINA VILLEGAS FLORES,https://www.facebook.com/palmenia.villegasflores,2025-07-22,,no,0,0,2025-07-20,reel,/reel/639854679163482/?s=single_unit&__cft__[0]=AZWm3195EYBmWtMQ9ddMe06mtHryUzT8hrYD3gzMmvYYzWvLhzCEcTzNZDU2T9-dhlWypABD-nrISrNPlnBkkt2C1RNwHYHFa4z4yluJOyCsgnTPc-sNsYxHUoDKu9rdjDzxxHkYl3mxzGXHgeJ5RyXWG4x5Uh74nZagW6TmPx1iANWxeVsftjIWyo82xtnwRLQ&__tn__=H-R,0,0,0,0,0,0,0,0,0,0,
PALMENIA YESINA VILLEGAS FLORES,https://www.facebook.com/palmenia.villegasflores,2025-07-22,,no,0,0,2025-07-20,post,https://www.facebook.com/share/p/14GraZ9Tzyi/,0,0,0,0,0,0,0,0,0,0,
PALMENIA YESINA VILLEGAS FLORES,https://www.facebook.com/palmenia.villegasflores,2025-07-22,,no,0,0,2025-07-20,reel,/reel/1743933682895383/?s=single_unit&__cft__[0]=AZX6atE2_bJrVrUpx4HerAq-ul1NWjFL61v6wKbnaZ1NG6jvAQlvBq-N4JFtU9-msrRlzylVpQzg6kydu-9HNAt0fjwRwPIBSkq4yS2wjuDQQzxAOzyC5BxPOAfrnbmIcz-TNdUDS8IoGtO799-Gdz-P7aZUezX6MtZpFO8OShxtOVM3rbXCgTOWTuJaC5O1--c&__tn__=H-R,0,0,0,0,0,0,0,0,0,0,"Entregamos en Caranavi seis importantes obras, como las unidades educativas ""Simón Bolívar de El Palmar y Mejillones II"" y ""Nueva Llusta"", así como un… Ver más"
PALMENIA YESINA VILLEGAS FLORES,https://www.facebook.com/palmenia.villegasflores,2025-07-22,,no,0,0,2025-07-20,post,https://www.facebook.com/share/p/1Aww217jF6/,1,0,2,2,0,0,0,0,0,0,
PALMENIA YESINA VILLEGAS FLORES,https://www.facebook.com/palmenia.villegasflores,2025-07-22,,no,0,0,2025-07-20,post,https://www.facebook.com/share/p/176nDMGJw1/,0,0,0,0,0,0,0,0,0,0,
PALMENIA YESINA VILLEGAS FLORES,https://www.facebook.com/palmenia.villegasflores,2025-07-22,,no,0,0,2025-07-20,reel,/reel/1417250036189366/?s=single_unit&__cft__[0]=AZWlpdhtGfsB9H7txo_kpjI-rKxIVPqOMx8pUSIxmMxMW2sv55SlDUFUR2hhXusB99V3_6KJoahoQ1g4lVZkccEkepmTQjfs9hCNfaQCUBRjnw_PueUrWrptg1zhWAAhKbwt9z_E8LN7c--OvhFNwK6UsekGI-4uQGLj4gFKvRmSS6h7A0yNOnyO0wA9YhbD0uw&__tn__=H-R,0,0,0,0,0,0,0,0,0,0,
PALMENIA YESINA VILLEGAS FLORES,https://www.facebook.com/palmenia.villegasflores,2025-07-22,,no,0,0,2025-07-21,post,https://www.facebook.com/palmenia.villegasflores/posts/pfbid0rjx21MctTQieDVa9CRb7cmzALqSFCqA8EBPoVpo35azzXfssee1vadCekLv3MtaDl,0,0,0,0,0,0,0,0,0,0,
PALMENIA YESINA VILLEGAS FLORES,https://www.facebook.com/palmenia.villegasflores,2025-07-22,,no,0,0,2025-07-21,reel,/reel/1458835085271950/?s=single_unit&__cft__[0]=AZV7OK4bkdWbVmPGcwk5osTKyW98hbDWdfFmLtYSSREEUIxesdayw3tK4gU3yHHk5dAgK3N-KetW7lCSsLKhxTx0hMIgjP2gXTGSj-kbc6w85W0oOFLj7BZBfDUKlv26eurZsPll0uSdAttWM_LReXjfFbAMgpz9EOY5TiwI4tGD5u2tmBlAIg1yRUp1BhBYtHs&__tn__=H-R,0,0,0,0,0,0,0,0,0,0,"En Irupana entregamos ocho importantes obras, como la construcción de dos sistemas de riego, la Unidad Educativa Victorio Lanza, un puente vehicular, … Ver más"
PALMENIA YESINA VILLEGAS FLORES,https://www.facebook.com/palmenia.villegasflores,2025-07-22,,no,0,0,2025-07-21,post,https://www.facebook.com/palmenia.villegasflores/posts/pfbid0DVmp8axmJkJW6eN5iF2MCkxKP8zoJyewCzGSbscwFbf45SmasYbdwQYJEiioCUsnl,0,0,0,0,0,0,0,0,0,0,
PALMENIA YESINA VILLEGAS FLORES,https://www.facebook.com/palmenia.villegasflores,2025-07-29,,no,0,0,2025-07-21,post,https://www.facebook.com/share/p/179mDMATTu/,0,0,1,1,0,0,0,0,0,0,
PALMENIA YESINA VILLEGAS FLORES,https://www.facebook.com/palmenia.villegasflores,2025-07-22,,no,0,0,2025-07-21,post,https://www.facebook.com/palmenia.villegasflores/posts/pfbid02ooUHymaXqfChvuyJg8sEGnspyBmVfbfN5V3EoLnif631Nnox9pqJecQcbks6JnDJl,0,0,0,0,0,0,0,0,0,0,
PALMENIA YESINA VILLEGAS FLORES,https://www.facebook.com/palmenia.villegasflores,2025-07-22,,no,0,0,2025-07-21,post,https://www.facebook.com/share/p/19tX1vRHeo/,0,0,0,0,0,0,0,0,0,0,
PALMENIA YESINA VILLEGAS FLORES,https://www.facebook.com/palmenia.villegasflores,2025-07-22,,no,0,0,2025-07-21,post,https://www.facebook.com/palmenia.villegasflores/posts/pfbid02GTtRxmXQz34NY2B7psXwz8DR6rrD4EmF8ff6ryMW483X4bYkrqhDGdcrT5qvRJB7l,0,1,4,4,0,0,0,0,0,0,
PALMENIA YESINA VILLEGAS FLORES,https://www.facebook.com/palmenia.villegasflores,2025-07-22,,no,0,0,2025-07-21,post,https://www.facebook.com/palmenia.villegasflores/posts/pfbid02nPTKVZmndmbGAzu8tzDLGHfcm8e3YemvnmJLukHcXcsFJ2JFchbStnxPidijeDsDl,0,0,1,1,0,0,0,0,0,0,
PALMENIA YESINA VILLEGAS FLORES,https://www.facebook.com/palmenia.villegasflores,2025-07-29,,no,0,0,2025-07-22,reel,/reel/786503787148726/?s=single_unit&__cft__[0]=AZWOWra3Tkqzc8DnxW6-3j6qAnqxO5Ry5jC08KcIC6qVLrho1NbJwiI1-AVcLhROPR7gz1b-ceiHAPuI1ctxreApQo97g3Fg6Bo28bBPGlwo7YPgWwMwHYZFLA-5doBKCIyEsrXVmkYfRoz-UtDGOsDi_UwwLXbffz0Pwf_0cmTEofWCBDYranj3CGwuxrnGuWQ&__tn__=H-R,0,0,0,0,0,0,0,0,0,0,"#Quillacollo
#EduardoDelCastillo 
#BoliviaPrimero … Ver más"
PALMENIA YESINA VILLEGAS FLORES,https://www.facebook.com/palmenia.villegasflores,2025-07-29,,no,0,0,2025-07-24,post,https://www.facebook.com/share/p/1B46ZWirGW/,0,0,0,0,0,0,0,0,0,0,
PALMENIA YESINA VILLEGAS FLORES,https://www.facebook.com/palmenia.villegasflores,2025-07-29,,no,0,0,2025-07-24,reel,/reel/743352491748124/?s=single_unit&__cft__[0]=AZUIOxtkIv0rwess8RWGCfhlNsPqA-7g6karidn1MoQfVMnkGNbgbFFKKeM1WBOkv-gDrJTfK617yafHA17IPqWkUJ1IvG_zmMLetGIWJhuZ5VVjx9vf9VwKZYu998ixvrUkmqiqpiOPEHBHVSR4aL6taQ6PYl_JePhQE3kzz61numvmTK_D-G5jRdtgMWa4f5Y&__tn__=H-R,0,0,0,0,0,0,0,0,0,0,"📍🗞️🎥 I El Ministerio de Culturas, Descolonización y Despatriarcalización, en coordinación con el Gobierno Autónomo Municipal de Quillacollo y la Asoci… Ver más"
PALMENIA YESINA VILLEGAS FLORES,https://www.facebook.com/palmenia.villegasflores,2025-07-29,,no,0,0,2025-07-25,post,https://www.facebook.com/share/p/1Amu6UkNAU/,0,0,0,0,0,0,0,0,0,0,
PALMENIA YESINA VILLEGAS FLORES,https://www.facebook.com/palmenia.villegasflores,2025-07-29,,no,0,0,2025-07-25,reel,/reel/1042067361243534/?s=single_unit&__cft__[0]=AZXxXLrpvRxvV1MWmc4fIxTbCQWr6saCi_4RT04MdzGk36d6ZhhjP6qLiEkfKacUJwIkeEqZ7xt-2f-UJrQYKD1t4hlE9fl1iJeYKC247LFGCY9p96JZNVQIkP_s-HQwaMRJ8cxwx-YUbRWzd4NQOuuPm1a1KNXc9ZoABr6Y8T9HyGwA5FQAJ2vG31gv1t9TA0o&__tn__=H-R,0,0,0,0,0,0,0,0,0,0,🙌 Muchos hablan… pero pocos trabajan por su población.
PALMENIA YESINA VILLEGAS FLORES,https://www.facebook.com/palmenia.villegasflores,2025-07-29,,no,0,0,2025-07-26,post,https://www.facebook.com/share/p/1B4bznXuBC/,1,0,7,7,0,0,0,0,0,0,
PALMENIA YESINA VILLEGAS FLORES,https://www.facebook.com/palmenia.villegasflores,2025-07-29,,no,0,0,2025-07-26,post,https://www.facebook.com/share/p/16TgXuR9ke/,0,0,0,0,0,0,0,0,0,0,
PALMENIA YESINA VILLEGAS FLORES,https://www.facebook.com/palmenia.villegasflores,2025-07-29,,no,0,0,2025-07-26,post,https://www.facebook.com/share/p/19fwSxjmVG/,1,1,2,1,0,1,0,0,0,0,
PALMENIA YESINA VILLEGAS FLORES,https://www.facebook.com/palmenia.villegasflores,2025-07-29,,no,0,0,2025-07-26,post,https://www.facebook.com/share/p/1B7C6Dc6b2/,0,0,0,0,0,0,0,0,0,0,
PALMENIA YESINA VILLEGAS FLORES,https://www.facebook.com/palmenia.villegasflores,2025-07-29,,no,0,0,2025-07-26,post,https://www.facebook.com/share/p/19TZnTFHF7/,0,0,5,5,0,0,0,0,0,0,
PALMENIA YESINA VILLEGAS FLORES,https://www.facebook.com/palmenia.villegasflores,2025-07-29,,no,0,0,2025-07-26,post,https://www.facebook.com/share/p/1CJjVJ7vMG/,0,0,0,0,0,0,0,0,0,0,
PALMENIA YESINA VILLEGAS FLORES,https://www.facebook.com/palmenia.villegasflores,2025-07-29,,no,0,0,2025-07-26,post,https://www.facebook.com/share/p/17GQj9ATEH/,0,0,8,7,0,1,0,0,0,0,
PALMENIA YESINA VILLEGAS FLORES,https://www.facebook.com/palmenia.villegasflores,2025-07-29,,no,0,0,2025-07-26,post,https://www.facebook.com/share/p/1PrBLRrDTb/,2,3,8,4,2,2,0,0,0,0,
PALMENIA YESINA VILLEGAS FLORES,https://www.facebook.com/palmenia.villegasflores,2025-07-29,,no,0,0,2025-07-26,reel,/reel/1491897928643133/?s=single_unit&__cft__[0]=AZXaEwCsi0DGePky-ngxVQHWdsB0MeZCSvOc7yLCVxA2gr0I2SWhqexqVTh28FgzFuM_OoN3wE8_6Xd8N_hQLmHAsYRGPEsVmqoWjvlHQ8yYg7jS1hn1iXRQlul7KmerWIK0QvW-xHEdtruAEdqOvqaCWEPlc80LyLZega59dvByESzxw239dT9nuMCl_EXxbm0&__tn__=H-R,0,0,0,0,0,0,0,0,0,0,"Estamos seguros que el nuevo edificio de la Facultad de Ciencias Económicas y Financieras de la UMSA que vamos a construir, servirá para formar con ex… Ver más"
PALMENIA YESINA VILLEGAS FLORES,https://www.facebook.com/palmenia.villegasflores,2025-07-29,,no,0,0,2025-07-26,post,https://www.facebook.com/share/p/1AwXgo7Xmh/,0,0,0,0,0,0,0,0,0,0,
PALMENIA YESINA VILLEGAS FLORES,https://www.facebook.com/palmenia.villegasflores,2025-07-29,,no,0,0,2025-07-26,post,https://www.facebook.com/share/p/16mRU4ETif/,0,0,0,0,0,0,0,0,0,0,
PALMENIA YESINA VILLEGAS FLORES,https://www.facebook.com/palmenia.villegasflores,2025-07-29,,no,0,0,2025-07-26,post,https://www.facebook.com/share/p/1AxcVsS7hn/,0,0,0,0,0,0,0,0,0,0,
PALMENIA YESINA VILLEGAS FLORES,https://www.facebook.com/palmenia.villegasflores,2025-07-29,,no,0,0,2025-07-26,reel,/reel/1341981870624499/?s=single_unit&__cft__[0]=AZVuOF7dR79d_xzWDHqQ42eIM7k-riz22UmMuDZdvF1qh1wjYOBp__SVUpRMSuIiKPx7YGliI3MP7oxBlwYEmaaBIbghIPXGLt6MqI_k2gGknJZc9gAAQy5v0YLUsDJ4aH1C1L2Nr90Yxd_OLidFUHFN0PJDLswc-pztbqCPOZvwmNWy3Qb_jrlqWBOGQt4mReo&__tn__=H-R,0,0,0,0,0,0,0,0,0,0,"Saludamos al Gobierno y al valiente pueblo de #Cuba🇨🇺en el Día de la Rebeldía Nacional. Hoy recordamos aquel 26 de julio de 1953, fecha que marcó el i… Ver más"
PALMENIA YESINA VILLEGAS FLORES,https://www.facebook.com/palmenia.villegasflores,2025-07-29,,no,0,0,2025-07-26,post,https://www.facebook.com/share/p/1TxAvCRieP/,0,0,0,0,0,0,0,0,0,0,
PALMENIA YESINA VILLEGAS FLORES,https://www.facebook.com/palmenia.villegasflores,2025-07-29,,no,0,0,2025-07-26,post,https://www.facebook.com/share/p/1W2aQq9WVY/,0,0,1,1,0,0,0,0,0,0,
PALMENIA YESINA VILLEGAS FLORES,https://www.facebook.com/palmenia.villegasflores,2025-07-29,,no,0,0,2025-07-26,reel,/reel/712361845034278/?s=single_unit&__cft__[0]=AZXudOCdSolw-wv8vl_P3VUm7_efjuFAAAXwHWsrhMoL3M08IHCWF6tHpuwS85obuANjkXwty8eQrXBEze1XRcCUNIRW4W1oq0bCuMc9cCLAiaNyrRJ_CxWtAVD8yoEcn5O8cw_F2WhFG-p8c1xAYlMZztjcOha8L144OpnVnGWc-JdDt9VCGGzZFSgKr7uZyF4&__tn__=H-R,0,0,0,0,0,0,0,0,0,0,"✅ Proteger lo que hemos conquistado, corregir lo que no está bien y avanzar con ideas nuevas.💪 Nuestro gobierno de renovación nace del compromiso de e… Ver más"
PALMENIA YESINA VILLEGAS FLORES,https://www.facebook.com/palmenia.villegasflores,2025-07-29,,no,0,0,2025-07-27,post,https://www.facebook.com/share/p/19WrJpmUK2/,0,0,0,0,0,0,0,0,0,0,
PALMENIA YESINA VILLEGAS FLORES,https://www.facebook.com/palmenia.villegasflores,2025-07-29,,no,0,0,2025-07-27,post,https://www.facebook.com/share/p/1F5KXsck7X/,0,0,0,0,0,0,0,0,0,0,
PALMENIA YESINA VILLEGAS FLORES,https://www.facebook.com/palmenia.villegasflores,2025-07-29,,no,0,0,2025-07-28,post,https://www.facebook.com/share/p/1AuiHNcZKf/,1,0,7,7,0,0,0,0,0,0,
PALMENIA YESINA VILLEGAS FLORES,https://www.facebook.com/palmenia.villegasflores,2025-07-29,,no,0,0,2025-07-28,post,https://www.facebook.com/share/p/1CCgQJV7i7/,0,0,0,0,0,0,0,0,0,0,
PALMENIA YESINA VILLEGAS FLORES,https://www.facebook.com/palmenia.villegasflores,2025-07-29,,no,0,0,2025-07-28,post,https://www.facebook.com/share/p/1A9KRx8dzH/,1,0,3,3,0,0,0,0,0,0,
PALMENIA YESINA VILLEGAS FLORES,https://www.facebook.com/palmenia.villegasflores,2025-07-29,,no,0,0,2025-07-28,post,https://www.facebook.com/share/p/1JQUUWRCwu/,0,0,0,0,0,0,0,0,0,0,
PALMENIA YESINA VILLEGAS FLORES,https://www.facebook.com/palmenia.villegasflores,2025-07-29,,no,0,0,2025-07-28,post,https://www.facebook.com/share/p/1bKqA7RzAd/,0,0,0,0,0,0,0,0,0,0,
PALMENIA YESINA VILLEGAS FLORES,https://www.facebook.com/palmenia.villegasflores,2025-07-29,,no,0,0,2025-07-28,post,https://www.facebook.com/share/p/19jwytmqds/,0,0,0,0,0,0,0,0,0,0,
PALMENIA YESINA VILLEGAS FLORES,https://www.facebook.com/palmenia.villegasflores,2025-07-29,,no,0,0,2025-07-28,reel,/reel/1120111319997007/?s=single_unit&__cft__[0]=AZW_WE1jvxigO-g1oI3UhTTdURWd87-VaGUFGC0nd0KdRlnB6QpIwDtPjvGESlN3u8lP_OT_ShBqIzoxtdkvsV7uqtfRWMceFiZ35Y9RvYeU2WeFjHAoz72MUqTLuoNLRvsmKAvpv7JLtfMEM9m-k4CNwd2RU5n6nZY1AjlAqNe5V9fTpruooynQdkYyEzJKgRM&__tn__=H-R,0,0,0,0,0,0,0,0,0,0,"Yo no vengo con medias tintas, como Andrónico Rodríguez, el 2019 hubo un golpe de Estado y mataron a nuestros compatriotas. Murió Devi Posto, un joven… Ver más"
PALMENIA YESINA VILLEGAS FLORES,https://www.facebook.com/palmenia.villegasflores,2025-07-29,,no,0,0,2025-07-29,post,https://www.facebook.com/share/p/1A7vPNaE3z/,1,0,1,1,0,0,0,0,0,0,
PALMENIA YESINA VILLEGAS FLORES,https://www.facebook.com/palmenia.villegasflores,2025-08-06,,no,0,0,2025-07-29,reel,/reel/1320136959474543/?s=single_unit&__cft__[0]=AZWw2iY-syng4dQxW61G_I8P_Ci8FdLDe4MPcAUkOtS1tDjliynWkKHNumELJzfoqlFxvtTsfX7u-uFCAhDspjQwbtM9sASZKUfq9oHAfCwpY9HUoug-g0VLIEUFbEygBqRyDe4MrQ-fIWA4iSIC5HRfCZTfE9T4sMm-M1peEH3VUNL4hQozsAzX-xlHd3WLWYQ&__tn__=H-R,0,0,0,0,0,0,0,0,0,0,"🍏La salud es vida, y Felicia María Ramallo lo sabe.
Porque cuidar a las familias es cuidar el corazón del pueblo."
PALMENIA YESINA VILLEGAS FLORES,https://www.facebook.com/palmenia.villegasflores,2025-08-06,,no,0,0,2025-07-29,reel,/reel/1986197352161032/?s=single_unit&__cft__[0]=AZXKsAdaQrdjNcpKEKqkfzwj0Xt3fdsaUFOdpds_czppzKUls_rJ74BTFwoEqnrn2sCBI0FXZ3lOphQqaO8HPZCreQffsq1kuWAGO8XgxSGhmAvg4TBhHs1t4fjP1kGEzytwZ23vBB7aQId0xz2dzVgKFVX3DAUEq849tCoRpaVUsDIutiEaHkFxxxMukBiL1EA&__tn__=H-R,0,0,0,0,0,0,0,0,0,0,"Hoy inauguramos la Casa Azul la Juventud en #Cochabamba, un espacio dedicado a nuestras hermanas y compañeras, para escucharlas, apoyarlas y fortalece… Ver más"
PALMENIA YESINA VILLEGAS FLORES,https://www.facebook.com/palmenia.villegasflores,2025-07-29,,no,0,0,2025-07-29,post,https://www.facebook.com/share/p/19CKSyU29e/,0,0,0,0,0,0,0,0,0,0,
PALMENIA YESINA VILLEGAS FLORES,https://www.facebook.com/palmenia.villegasflores,2025-07-29,,no,0,0,2025-07-29,post,https://www.facebook.com/share/p/1JgE7iLy3d/,1,0,1,1,0,0,0,0,0,0,
PALMENIA YESINA VILLEGAS FLORES,https://www.facebook.com/palmenia.villegasflores,2025-08-06,,no,0,0,2025-07-30,post,https://www.facebook.com/share/p/19LHCXN6fq/,0,0,1,1,0,0,0,0,0,0,
PALMENIA YESINA VILLEGAS FLORES,https://www.facebook.com/palmenia.villegasflores,2025-08-06,,no,0,0,2025-07-30,post,https://www.facebook.com/share/p/16kta8VmPa/,0,0,1,1,0,0,0,0,0,0,
PALMENIA YESINA VILLEGAS FLORES,https://www.facebook.com/palmenia.villegasflores,2025-08-06,,no,0,0,2025-07-30,post,https://www.facebook.com/share/p/1b2UYzT9iE/,0,0,0,0,0,0,0,0,0,0,
PALMENIA YESINA VILLEGAS FLORES,https://www.facebook.com/palmenia.villegasflores,2025-08-06,,no,0,0,2025-07-30,post,https://www.facebook.com/share/p/1FQg7qYFZr/,0,1,3,3,0,0,0,0,0,0,
PALMENIA YESINA VILLEGAS FLORES,https://www.facebook.com/palmenia.villegasflores,2025-08-06,,no,0,0,2025-07-30,post,https://www.facebook.com/share/p/19WrKADZry/,0,0,1,1,0,0,0,0,0,0,
PALMENIA YESINA VILLEGAS FLORES,https://www.facebook.com/palmenia.villegasflores,2025-08-06,,no,0,0,2025-07-30,post,https://www.facebook.com/share/p/16y8QgCmqw/,1,0,4,4,0,0,0,0,0,0,
PALMENIA YESINA VILLEGAS FLORES,https://www.facebook.com/palmenia.villegasflores,2025-08-06,,no,0,0,2025-07-30,post,https://www.facebook.com/share/p/1BN9U7mUnf/,0,0,1,1,0,0,0,0,0,0,
PALMENIA YESINA VILLEGAS FLORES,https://www.facebook.com/palmenia.villegasflores,2025-08-06,,no,0,0,2025-07-30,post,https://www.facebook.com/share/p/16gHn1eVcN/,0,0,2,2,0,0,0,0,0,0,
PALMENIA YESINA VILLEGAS FLORES,https://www.facebook.com/palmenia.villegasflores,2025-08-06,,no,0,0,2025-07-30,post,https://www.facebook.com/share/p/1JbqpT3xkw/,0,0,0,0,0,0,0,0,0,0,
PALMENIA YESINA VILLEGAS FLORES,https://www.facebook.com/palmenia.villegasflores,2025-08-06,,no,0,0,2025-07-30,post,https://www.facebook.com/share/p/1BQW2MeRiS/,0,0,1,1,0,0,0,0,0,0,
PALMENIA YESINA VILLEGAS FLORES,https://www.facebook.com/palmenia.villegasflores,2025-08-06,,no,0,0,2025-07-31,post,https://www.facebook.com/share/p/174oQNRz8f/,0,0,0,0,0,0,0,0,0,0,
PALMENIA YESINA VILLEGAS FLORES,https://www.facebook.com/palmenia.villegasflores,2025-08-06,,no,0,0,2025-07-31,reel,/reel/2274046829679988/?s=single_unit&__cft__[0]=AZXLvRFnBl7s4I_XyEXvtCrh4M7wnMWoFaPGgu3rVQIlU32q5dbspu-Td6QYmLCSRVH8HO7IWHOQunijDdDpNOyWpMoauihwAZfQ8BlaLW2AmtMZTsbWOf0fbISZE9xWS7fdKBoD9PoR-oTHXtMPMZUwTeQGt8sedZmS9Agn3xmkDOp4H2f4ZlWuN5oQdqc8XBQ&__tn__=H-R,0,0,0,0,0,0,0,0,0,0,"𝗚𝗥𝗔𝗡 #CARAVANA   🚗🚐🚌 // 𝗖𝗢𝗡 𝗟𝗔 𝗣𝗥𝗘𝗦𝗘𝗡𝗖𝗜𝗔 𝗗𝗘 𝗘𝗗𝗨𝗔𝗥𝗗𝗢 𝗬 𝗠𝗜𝗟𝗔𝗡
Con la presencia de nuestros candidatos Edu y Lilan, partiremos de el Puente del Rio Huayc… Ver más"
PALMENIA YESINA VILLEGAS FLORES,https://www.facebook.com/palmenia.villegasflores,2025-08-06,,no,0,0,2025-07-31,reel,/reel/2274046829679988/?s=single_unit&__cft__[0]=AZV669o1KKiB-R_suKoz-Rp74sS6ZxwKFcJJh-UxDA6vRdTT4aQxDJDItqvHTZtqcl_MsjRqTrsz-8sBb5sr4l-O21wSN-W77WYJVhigm66LKuYIHscPNug1pt3stOMBNFZ_RVU59iYbiW0070E9XWiAv8_vWdONVDhAGHjqi2-mZFOTzwJSNj81Y9LlVOhK8KM&__tn__=H-R,0,0,0,0,0,0,0,0,0,0,"𝗚𝗥𝗔𝗡 #CARAVANA   🚗🚐🚌 // 𝗖𝗢𝗡 𝗟𝗔 𝗣𝗥𝗘𝗦𝗘𝗡𝗖𝗜𝗔 𝗗𝗘 𝗘𝗗𝗨𝗔𝗥𝗗𝗢 𝗬 𝗠𝗜𝗟𝗔𝗡
Con la presencia de nuestros candidatos Edu y Lilan, partiremos de el Puente del Rio Huayc… Ver más"
PALMENIA YESINA VILLEGAS FLORES,https://www.facebook.com/palmenia.villegasflores,2025-08-06,,no,0,0,2025-07-31,reel,/reel/2274046829679988/?s=single_unit&__cft__[0]=AZULd5Z4JzA6GIflWuHahynlL_O--HHdUdBxb5KqOIuonLajxh8FVpSUAQCHnlhaEq8DztWNkeBz3zddJ7mMFOGatsemzO-opGdcy8s1eDtH1uzeg8aelI7nxsPjaw6n1wlKWYOHWT4EY1f_eD1h9MFK-NKe_TjfIsHHkj6je4g_0uocsmYkzoGliZi16RMAazc&__tn__=H-R,0,0,0,0,0,0,0,0,0,0,"𝗚𝗥𝗔𝗡 #CARAVANA   🚗🚐🚌 // 𝗖𝗢𝗡 𝗟𝗔 𝗣𝗥𝗘𝗦𝗘𝗡𝗖𝗜𝗔 𝗗𝗘 𝗘𝗗𝗨𝗔𝗥𝗗𝗢 𝗬 𝗠𝗜𝗟𝗔𝗡
Con la presencia de nuestros candidatos Edu y Lilan, partiremos de el Puente del Rio Huayc… Ver más"
PALMENIA YESINA VILLEGAS FLORES,https://www.facebook.com/palmenia.villegasflores,2025-08-06,,no,0,0,2025-08-01,post,https://www.facebook.com/share/p/16H8WkSu5v/,0,1,2,2,0,0,0,0,0,0,
PALMENIA YESINA VILLEGAS FLORES,https://www.facebook.com/palmenia.villegasflores,2025-08-06,,no,0,0,2025-08-01,post,https://www.facebook.com/share/p/16xb8zKvY7/,0,0,0,0,0,0,0,0,0,0,
PALMENIA YESINA VILLEGAS FLORES,https://www.facebook.com/palmenia.villegasflores,2025-08-06,,no,0,0,2025-08-01,post,https://www.facebook.com/share/p/16pwY8i3by/,0,0,0,0,0,0,0,0,0,0,
PALMENIA YESINA VILLEGAS FLORES,https://www.facebook.com/palmenia.villegasflores,2025-08-06,,no,0,0,2025-08-01,post,https://www.facebook.com/share/p/15sR7YQjiA/,0,0,0,0,0,0,0,0,0,0,
PALMENIA YESINA VILLEGAS FLORES,https://www.facebook.com/palmenia.villegasflores,2025-08-06,,no,0,0,2025-08-01,post,https://www.facebook.com/share/p/15M8iYSEYz/,2,1,4,4,0,0,0,0,0,0,
PALMENIA YESINA VILLEGAS FLORES,https://www.facebook.com/palmenia.villegasflores,2025-08-06,,no,0,0,2025-08-01,post,https://www.facebook.com/share/p/19UWAd26ig/,0,0,0,0,0,0,0,0,0,0,
PALMENIA YESINA VILLEGAS FLORES,https://www.facebook.com/palmenia.villegasflores,2025-08-06,,no,0,0,2025-08-01,post,https://www.facebook.com/share/p/1Avb5BwqFq/,0,0,0,0,0,0,0,0,0,0,
PALMENIA YESINA VILLEGAS FLORES,https://www.facebook.com/palmenia.villegasflores,2025-08-06,,no,0,0,2025-08-01,reel,/reel/1549910829321984/?s=single_unit&__cft__[0]=AZVtgD9m1_7J-3Pcl4fPj8AJY_iQklpXsZSnVI_zvAncgEBqfmoKxMLl_vpcCbpDvpv0F7EJ85tJaz3cwkZWWfmr_PIuDZlwB_jOn3wfzyE060k2m8RTJNbvONuuLGDLwMvLIbfcxEroWEuOufuVXtRtaT5XcUooxrJIQ7RguBPQi8AdFgXvgNQ1yATyZaFpjvY&__tn__=H-R,0,0,0,0,0,0,0,0,0,0,"Este Bicentenario nos encuentra con un pasado glorioso, también con un presente y un futuro desafiante, pero que está al alcance de nuestras manos. Vi… Ver más"
PALMENIA YESINA VILLEGAS FLORES,https://www.facebook.com/palmenia.villegasflores,2025-08-06,,no,0,0,2025-08-01,post,https://www.facebook.com/share/p/16ivbcM1Pq/,0,0,0,0,0,0,0,0,0,0,
PALMENIA YESINA VILLEGAS FLORES,https://www.facebook.com/palmenia.villegasflores,2025-08-06,,no,0,0,2025-08-01,post,https://www.facebook.com/share/p/1C5gYVfh4A/,0,0,0,0,0,0,0,0,0,0,
PALMENIA YESINA VILLEGAS FLORES,https://www.facebook.com/palmenia.villegasflores,2025-08-06,,no,0,0,2025-08-01,post,https://www.facebook.com/share/p/1MBdAi9mez/,0,0,0,0,0,0,0,0,0,0,
PALMENIA YESINA VILLEGAS FLORES,https://www.facebook.com/palmenia.villegasflores,2025-08-06,,no,0,0,2025-08-01,post,https://www.facebook.com/share/p/16jBK1yVmU/,0,0,0,0,0,0,0,0,0,0,
PALMENIA YESINA VILLEGAS FLORES,https://www.facebook.com/palmenia.villegasflores,2025-08-06,,no,0,0,2025-08-01,post,https://www.facebook.com/share/p/194fKUCK85/,0,0,0,0,0,0,0,0,0,0,
PALMENIA YESINA VILLEGAS FLORES,https://www.facebook.com/palmenia.villegasflores,2025-08-06,,no,0,0,2025-08-01,post,https://www.facebook.com/share/p/1FLPSUT2WN/,0,0,0,0,0,0,0,0,0,0,
PALMENIA YESINA VILLEGAS FLORES,https://www.facebook.com/palmenia.villegasflores,2025-08-06,,no,0,0,2025-08-01,post,https://www.facebook.com/share/p/16ztLkVL58/,0,0,0,0,0,0,0,0,0,0,
PALMENIA YESINA VILLEGAS FLORES,https://www.facebook.com/palmenia.villegasflores,2025-08-06,,no,0,0,2025-08-01,post,https://www.facebook.com/share/p/1LjrPbpzb6/,0,0,0,0,0,0,0,0,0,0,
PALMENIA YESINA VILLEGAS FLORES,https://www.facebook.com/palmenia.villegasflores,2025-08-06,,no,0,0,2025-08-02,post,https://www.facebook.com/share/p/1CVuoK1Avw/,0,0,0,0,0,0,0,0,0,0,
PALMENIA YESINA VILLEGAS FLORES,https://www.facebook.com/palmenia.villegasflores,2025-08-06,,no,0,0,2025-08-03,reel,/reel/1503425690794009/?s=single_unit&__cft__[0]=AZVY1k74bMWWIDA2DMFCT3U44SOfmopGdqA-bmZRJY-twLYs4vYLpPoZoAUQUqpEc76VwxvIH1sizvvVmqHwGMzNfm1-7iCDXHGNn0VZg9qShQwUPz5DIh0aeOhzGBHfhUCgYPT4TZEM9Y8U-eGAsPVx8zJXnIl77qvHhzDxqESWZVCrDuGaPZU9kIj0vjfpRX0&__tn__=H-R,0,0,0,0,0,0,0,0,0,0,En la ciudad de Sucre 2 mil niños y niñas de unidades educativas públicas formaron el Gran Coro y unieron sus voces a la Orquesta Sinfónica Nacional e… Ver más
PALMENIA YESINA VILLEGAS FLORES,https://www.facebook.com/palmenia.villegasflores,2025-08-06,,no,0,0,2025-08-04,reel,/reel/1108053831264603/?s=single_unit&__cft__[0]=AZVyTCbPx1N3SLTbza6mefADt8lfMd4JED1zGfUAn2q86x7HnPGfX53LZpZqIPKWBuOhwoReEOIIqCR2EKA3UIKfXDC8m1VDLJ0zFU4iEE-yEXZsoN-H4Ch_1b0CKmQpzjJgD3LFqUnjWGJYeuw8Eb4esxNBv_V7MYEIebEL_F5Noz9xGEQQc9uln34nTphGy20&__tn__=H-R,0,0,0,0,0,0,0,0,0,0,"En cada rincón se escucha un grito. ¡Bolivia primero!🟦 Este 17 de agosto, VOTA POR #EduardoPresidente | Marca MAS-IPSP  #jhonnyvillarroelsenador"
PALMENIA YESINA VILLEGAS FLORES,https://www.facebook.com/palmenia.villegasflores,2025-08-06,,no,0,0,2025-08-04,reel,/reel/1063971679193365/?s=single_unit&__cft__[0]=AZUw7oFsAiqj-61UsiZV1_u56IJgWYRupPWRHJVYIGznxHCWl4PY-H4miCLIfnGkIT8ent2ANTz6mYcB4UvPKzQ4wtXv7Vi7xumsuaOMTW_xxxLnE5g1DKHsQ2I3NAtlzvB9N134VAyLVBqSCU-BiTvH2ciBFstuxud4cW9nx2N7MQPqbkFZv1XJbqXOojq11ag&__tn__=H-R,0,0,0,0,0,0,0,0,0,0,"Esta es la nueva moneda del Bicentenario
moneda conmemorativa del #bicentenario que celebra 200 años de independencia y orgullo nacional, cuenta con u… Ver más"
PALMENIA YESINA VILLEGAS FLORES,https://www.facebook.com/palmenia.villegasflores,2025-08-06,,no,0,0,2025-08-05,post,https://www.facebook.com/share/p/14GuLrJeSFR/,0,0,0,0,0,0,0,0,0,0,
PALMENIA YESINA VILLEGAS FLORES,https://www.facebook.com/palmenia.villegasflores,2025-08-06,,no,0,0,2025-08-05,post,https://www.facebook.com/share/p/1CHaGcYsVi/,0,0,0,0,0,0,0,0,0,0,
PALMENIA YESINA VILLEGAS FLORES,https://www.facebook.com/palmenia.villegasflores,2025-08-06,,no,0,0,2025-08-05,post,https://www.facebook.com/share/p/1F1pr8idqn/,0,0,0,0,0,0,0,0,0,0,
PALMENIA YESINA VILLEGAS FLORES,https://www.facebook.com/palmenia.villegasflores,2025-08-06,,no,0,0,2025-08-05,post,https://www.facebook.com/share/p/1B3jmWQr9V/,0,0,0,0,0,0,0,0,0,0,
PALMENIA YESINA VILLEGAS FLORES,https://www.facebook.com/palmenia.villegasflores,2025-08-06,,no,0,0,2025-08-05,post,https://www.facebook.com/share/p/19Zsdp1dks/,0,0,0,0,0,0,0,0,0,0,
PALMENIA YESINA VILLEGAS FLORES,https://www.facebook.com/palmenia.villegasflores,2025-08-06,,no,0,0,2025-08-05,post,https://www.facebook.com/share/p/19bLCEyhpg/,0,0,0,0,0,0,0,0,0,0,
PALMENIA YESINA VILLEGAS FLORES,https://www.facebook.com/palmenia.villegasflores,2025-08-06,,no,0,0,2025-08-05,post,https://www.facebook.com/share/p/1ZJe62Y8CL/,0,0,0,0,0,0,0,0,0,0,
PALMENIA YESINA VILLEGAS FLORES,https://www.facebook.com/palmenia.villegasflores,2025-08-06,,no,0,0,2025-08-05,post,https://www.facebook.com/share/p/16uK6hevaf/,0,0,0,0,0,0,0,0,0,0,
PALMENIA YESINA VILLEGAS FLORES,https://www.facebook.com/palmenia.villegasflores,2025-08-06,,no,0,0,2025-08-05,post,https://www.facebook.com/share/p/17LxrTPz3d/,0,0,0,0,0,0,0,0,0,0,
PALMENIA YESINA VILLEGAS FLORES,https://www.facebook.com/palmenia.villegasflores,2025-08-06,,no,0,0,2025-08-05,post,https://www.facebook.com/share/p/1AmLMm4TGe/,0,0,0,0,0,0,0,0,0,0,
PALMENIA YESINA VILLEGAS FLORES,https://www.facebook.com/palmenia.villegasflores,2025-08-06,,no,0,0,2025-08-05,post,https://www.facebook.com/share/p/1AuTPBurmw/,0,0,0,0,0,0,0,0,0,0,
PALMENIA YESINA VILLEGAS FLORES,https://www.facebook.com/palmenia.villegasflores,2025-08-06,,no,0,0,2025-08-05,post,https://www.facebook.com/share/p/1ArBjWKz5n/,0,0,0,0,0,0,0,0,0,0,
PALMENIA YESINA VILLEGAS FLORES,https://www.facebook.com/palmenia.villegasflores,2025-08-06,,no,0,0,2025-08-06,post,https://www.facebook.com/share/p/1BGU5mVhrx/,0,0,0,0,0,0,0,0,0,0,
PALMENIA YESINA VILLEGAS FLORES,https://www.facebook.com/palmenia.villegasflores,2025-08-06,,no,0,0,2025-08-06,post,https://www.facebook.com/share/p/176Xm9CUuh/,0,0,0,0,0,0,0,0,0,0,
PALMENIA YESINA VILLEGAS FLORES,https://www.facebook.com/palmenia.villegasflores,2025-08-06,,no,0,0,2025-08-06,post,https://www.facebook.com/palmenia.villegasflores/posts/pfbid02CVgTiFLWmh6Q4dRag4Ei2fHNps9aTfmk8T1cLnCZ9JmeVpT49Vwpeb6h2Sstae5pl,0,0,0,0,0,0,0,0,0,0,
